{"type":"FeatureCollection","features":[{"type":"Feature","geometry":{"type":"Polygon","coordinates":[[[24.87431,41.849244],[24.877254,41.84813],[24.877844,41.847858],[24.87805,41.847742],[24.877914,41.847355],[24.87765,41.847146],[24.877743,41.846841],[24.878081,41.846611],[24.878075,41.84652],[24.877725,41.846116],[24.877563,41.846114],[24.877429,41.845999],[24.877204,41.845852],[24.877056,41.845728],[24.87705,41.845679],[24.877066,41.845653],[24.877043,41.845607],[24.87671,41.845128],[24.876585,41.845079],[24.876592,41.845042],[24.876077,41.844891],[24.875809,41.844889],[24.87574,41.844867],[24.875402,41.844412],[24.875198,41.844214],[24.875066,41.84406],[24.874889,41.843961],[24.874486,41.843912],[24.874118,41.843699],[24.874017,41.843692],[24.873938,41.843715],[24.87389,41.843513],[24.873503,41.843539],[24.873261,41.843724],[24.873156,41.844185],[24.872716,41.844454],[24.872679,41.844459],[24.872539,41.844563],[24.872193,41.844774],[24.871927,41.845166],[24.872077,41.846081],[24.871532,41.846541],[24.870984,41.846589],[24.87093,41.846903],[24.870308,41.846882],[24.870108,41.846925],[24.870019,41.847018],[24.870066,41.847181],[24.870152,41.847232],[24.870538,41.847341],[24.870798,41.847477],[24.870879,41.847431],[24.870965,41.847613],[24.871057,41.847666],[24.871121,41.847772],[24.87147,41.848127],[24.871551,41.848358],[24.871784,41.848792],[24.871342,41.848947],[24.870979,41.849036],[24.870874,41.849108],[24.872348,41.84989],[24.872452,41.849837],[24.872605,41.849973],[24.872629,41.850021],[24.872712,41.849999],[24.872807,41.849997],[24.872956,41.850092],[24.873022,41.850109],[24.873111,41.850109],[24.873217,41.85007],[24.873737,41.849683],[24.873846,41.849639],[24.87386,41.849511],[24.87436,41.849382],[24.87431,41.849244]]]},"properties":{"cadreg":888}},{"type":"Feature","geometry":{"type":"Polygon","coordinates":[[[24.905628,41.851605],[24.905653,41.85184],[24.905722,41.851952],[24.905854,41.852105],[24.905895,41.852217],[24.905906,41.852532],[24.905882,41.852653],[24.905916,41.853038],[24.90595,41.853194],[24.905889,41.853159],[24.905773,41.853172],[24.905646,41.853399],[24.905574,41.853492],[24.905473,41.853564],[24.905465,41.853621],[24.905552,41.85366],[24.905567,41.853717],[24.905436,41.853803],[24.905521,41.85385],[24.905611,41.853861],[24.90564,41.853879],[24.905573,41.854026],[24.905571,41.854195],[24.905667,41.854536],[24.905695,41.854755],[24.905767,41.85479],[24.905892,41.854772],[24.906228,41.854687],[24.906275,41.854586],[24.906302,41.854477],[24.90628,41.854392],[24.906197,41.854344],[24.906232,41.854335],[24.906264,41.854287],[24.906258,41.854192],[24.906138,41.853982],[24.906147,41.853911],[24.906185,41.853828],[24.906159,41.853734],[24.906197,41.853615],[24.906268,41.853675],[24.90648,41.853745],[24.906374,41.853859],[24.906343,41.853975],[24.906591,41.854394],[24.9067,41.854521],[24.906782,41.854572],[24.906777,41.854592],[24.90669,41.854635],[24.906598,41.854661],[24.906548,41.854723],[24.906616,41.854814],[24.90672,41.85489],[24.906761,41.85496],[24.906829,41.855131],[24.906863,41.855295],[24.906856,41.855316],[24.906778,41.855335],[24.906563,41.85533],[24.906612,41.855416],[24.906499,41.855646],[24.906604,41.855663],[24.906755,41.855616],[24.906878,41.855612],[24.90707,41.855692],[24.907329,41.855749],[24.907582,41.855573],[24.907808,41.855373],[24.907979,41.855314],[24.9082,41.855309],[24.908268,41.855293],[24.908287,41.855317],[24.908399,41.855341],[24.908558,41.85534],[24.908679,41.855361],[24.90874,41.855323],[24.908741,41.855222],[24.908707,41.855044],[24.908783,41.855136],[24.90892,41.855389],[24.908992,41.855581],[24.908955,41.855562],[24.908719,41.855566],[24.908713,41.855789],[24.908756,41.855885],[24.908844,41.855957],[24.909098,41.85596],[24.909156,41.856125],[24.909207,41.856204],[24.909739,41.856684],[24.909705,41.856893],[24.909759,41.857057],[24.909866,41.857166],[24.910006,41.857228],[24.910159,41.857222],[24.910238,41.857172],[24.910408,41.857434],[24.910243,41.857442],[24.910107,41.857508],[24.910043,41.857795],[24.910039,41.857947],[24.9101,41.858221],[24.910284,41.858438],[24.910301,41.858516],[24.91014,41.858692],[24.910115,41.858786],[24.910155,41.858891],[24.910519,41.859223],[24.910805,41.859608],[24.910918,41.859682],[24.911035,41.859665],[24.911042,41.859617],[24.911154,41.859705],[24.911721,41.860059],[24.912131,41.860337],[24.912507,41.860517],[24.912751,41.860597],[24.913144,41.860685],[24.914027,41.860671],[24.914938,41.860584],[24.915826,41.860422],[24.916383,41.86028],[24.916674,41.860247],[24.917005,41.860246],[24.917598,41.860295],[24.918368,41.860391],[24.918509,41.86042],[24.918791,41.860515],[24.918921,41.860585],[24.919236,41.86081],[24.919487,41.861081],[24.919798,41.861343],[24.920125,41.861577],[24.920122,41.861598],[24.920205,41.86161],[24.920192,41.861477],[24.9201,41.861088],[24.92002,41.860876],[24.919954,41.860771],[24.919763,41.860575],[24.919522,41.860387],[24.919136,41.860138],[24.918857,41.859882],[24.918727,41.859809],[24.918144,41.859597],[24.917876,41.859472],[24.917715,41.85942],[24.9166,41.859169],[24.916315,41.859076],[24.915698,41.858911],[24.915561,41.858859],[24.915204,41.858667],[24.915054,41.858561],[24.914244,41.857757],[24.914079,41.857555],[24.913958,41.857346],[24.913738,41.857057],[24.913682,41.856951],[24.913597,41.856756],[24.913529,41.856446],[24.913183,41.855865],[24.912969,41.855341],[24.912935,41.855121],[24.912941,41.855016],[24.913016,41.854736],[24.913028,41.854549],[24.912975,41.854162],[24.912798,41.853669],[24.912783,41.853176],[24.912797,41.852808],[24.91266,41.852341],[24.912546,41.852061],[24.912503,41.851998],[24.912046,41.851467],[24.911507,41.851068],[24.911046,41.850615],[24.910817,41.850454],[24.910147,41.850115],[24.909674,41.849827],[24.909571,41.849751],[24.908457,41.848762],[24.907973,41.848455],[24.907401,41.848183],[24.907069,41.847997],[24.907118,41.848068],[24.90714,41.84814],[24.907138,41.848207],[24.907086,41.848272],[24.906684,41.848359],[24.906563,41.84836],[24.90652,41.848395],[24.906509,41.848456],[24.906476,41.848441],[24.90653,41.848109],[24.906649,41.847732],[24.906642,41.847473],[24.906593,41.847405],[24.906498,41.84742],[24.906269,41.84776],[24.906161,41.84801],[24.906336,41.847984],[24.90649,41.847989],[24.906507,41.848013],[24.906497,41.848089],[24.906408,41.848352],[24.906326,41.848387],[24.906088,41.848434],[24.90595,41.8485],[24.905916,41.8485],[24.90585,41.848405],[24.905676,41.848513],[24.905159,41.848668],[24.905069,41.848716],[24.904741,41.848946],[24.904325,41.849301],[24.904174,41.849458],[24.903914,41.849658],[24.903763,41.849795],[24.903666,41.849855],[24.90384,41.849908],[24.903881,41.849941],[24.903884,41.849983],[24.904421,41.85015],[24.904814,41.850201],[24.904969,41.85025],[24.905054,41.850303],[24.905462,41.850968],[24.905565,41.851261],[24.905603,41.851475],[24.905649,41.851581],[24.905652,41.851606],[24.905628,41.851605]]]},"properties":{"cadreg":33}},{"type":"Feature","geometry":{"type":"MultiPolygon","coordinates":[[[[24.913389,41.848793],[24.913436,41.848879],[24.913542,41.848925],[24.913662,41.848907],[24.913787,41.848831],[24.913842,41.848731],[24.91383,41.848655],[24.913739,41.84859],[24.913612,41.84859],[24.913489,41.848567],[24.913385,41.848514],[24.913329,41.84851],[24.913387,41.848704],[24.913389,41.848793]]],[[[24.914533,41.848737],[24.91479,41.849066],[24.914807,41.849002],[24.914786,41.848901],[24.914797,41.848792],[24.914885,41.848631],[24.914845,41.848503],[24.914738,41.848444],[24.914585,41.848709],[24.914533,41.848737]]],[[[24.913944,41.849229],[24.913727,41.849312],[24.913721,41.849336],[24.913837,41.849405],[24.913902,41.84955],[24.913971,41.849587],[24.914081,41.84956],[24.91429,41.849423],[24.914332,41.849341],[24.91433,41.849245],[24.91426,41.849152],[24.913944,41.849229]]],[[[24.913979,41.849986],[24.913659,41.849731],[24.91358,41.849694],[24.91351,41.849713],[24.913436,41.849789],[24.913414,41.84984],[24.91321,41.849672],[24.913169,41.849737],[24.913309,41.849883],[24.91318,41.84988],[24.913075,41.849953],[24.912873,41.850296],[24.912862,41.85045],[24.912903,41.850549],[24.913013,41.850584],[24.913247,41.850603],[24.913113,41.850728],[24.913084,41.850924],[24.913004,41.850978],[24.912744,41.851063],[24.912664,41.851128],[24.912682,41.851219],[24.912765,41.85127],[24.913072,41.851182],[24.913155,41.851217],[24.913157,41.851534],[24.913243,41.851606],[24.913388,41.851654],[24.913542,41.851659],[24.91372,41.851618],[24.91384,41.851544],[24.913816,41.851419],[24.91412,41.851533],[24.914225,41.851527],[24.914323,41.851279],[24.91446,41.851495],[24.914463,41.851479],[24.914495,41.851514],[24.914726,41.851878],[24.914802,41.851958],[24.914874,41.851934],[24.914887,41.851841],[24.915041,41.851706],[24.915148,41.851706],[24.915177,41.851693],[24.915182,41.851668],[24.915284,41.851648],[24.915402,41.851578],[24.91548,41.851502],[24.915497,41.851426],[24.915518,41.851501],[24.915609,41.851614],[24.915759,41.851717],[24.9161,41.851875],[24.916336,41.851952],[24.916664,41.852106],[24.916814,41.852068],[24.916928,41.851973],[24.916948,41.851874],[24.916743,41.85154],[24.9167,41.851284],[24.916695,41.850984],[24.916651,41.850823],[24.916576,41.850726],[24.916602,41.850506],[24.916497,41.850435],[24.916334,41.850467],[24.916052,41.85068],[24.915877,41.850725],[24.915804,41.85076],[24.915758,41.851045],[24.915665,41.851195],[24.915473,41.85133],[24.915375,41.851209],[24.915246,41.851162],[24.915068,41.851165],[24.91477,41.850826],[24.914615,41.850598],[24.914511,41.850502],[24.91443,41.850398],[24.914304,41.850311],[24.913813,41.850077],[24.913903,41.85009],[24.913982,41.850053],[24.913979,41.849986]]],[[[24.920123,41.852983],[24.91983,41.853078],[24.919753,41.853148],[24.919771,41.853231],[24.919937,41.853341],[24.920121,41.8535],[24.920168,41.85362],[24.920217,41.854073],[24.920249,41.854222],[24.920239,41.854416],[24.920705,41.854387],[24.920697,41.854334],[24.920728,41.854274],[24.92073,41.854224],[24.920705,41.854165],[24.920607,41.854065],[24.920505,41.853845],[24.920482,41.853719],[24.920468,41.853372],[24.92045,41.853341],[24.920454,41.853166],[24.920399,41.85307],[24.920274,41.852999],[24.920123,41.852983]]],[[[24.915946,41.853253],[24.915783,41.853242],[24.915698,41.853255],[24.915506,41.85339],[24.915506,41.853442],[24.915546,41.853504],[24.915617,41.85356],[24.915803,41.8536],[24.915846,41.853696],[24.915974,41.853776],[24.91611,41.853797],[24.916198,41.853787],[24.916281,41.853741],[24.916301,41.853684],[24.916343,41.853642],[24.916491,41.853596],[24.916532,41.853552],[24.916538,41.853443],[24.916486,41.853378],[24.916385,41.853303],[24.916256,41.853239],[24.915946,41.853253]]],[[[24.918087,41.853679],[24.918268,41.853955],[24.918092,41.854041],[24.918065,41.854107],[24.918081,41.854191],[24.918165,41.854252],[24.918295,41.854315],[24.918427,41.854338],[24.918534,41.854329],[24.91863,41.854287],[24.918727,41.854087],[24.918833,41.854023],[24.91907,41.853796],[24.91914,41.853684],[24.919172,41.853578],[24.91914,41.853478],[24.919023,41.853423],[24.918897,41.853418],[24.918801,41.853385],[24.918772,41.853304],[24.918765,41.853206],[24.91871,41.853168],[24.918587,41.8532],[24.91846,41.853275],[24.918331,41.853376],[24.918134,41.853594],[24.918087,41.853679]]],[[[24.915145,41.854161],[24.915106,41.854272],[24.915056,41.85454],[24.915007,41.854666],[24.914943,41.85477],[24.914809,41.854833],[24.914796,41.854882],[24.914952,41.854921],[24.915113,41.855005],[24.915218,41.855119],[24.915353,41.855379],[24.915596,41.855643],[24.915696,41.855844],[24.9158,41.855968],[24.915942,41.855993],[24.916503,41.855795],[24.916623,41.855736],[24.916618,41.855581],[24.916517,41.855376],[24.916448,41.855291],[24.916349,41.855336],[24.916269,41.855222],[24.9172,41.855403],[24.917342,41.85546],[24.917427,41.855539],[24.917495,41.855568],[24.917592,41.855501],[24.917759,41.855322],[24.917767,41.855223],[24.917659,41.855136],[24.917525,41.855055],[24.917306,41.854996],[24.917419,41.854892],[24.917438,41.854817],[24.917412,41.8547],[24.917326,41.854612],[24.917226,41.854553],[24.917205,41.854513],[24.917246,41.854384],[24.917206,41.854327],[24.916661,41.85402],[24.916471,41.853982],[24.91632,41.854004],[24.916188,41.854087],[24.916022,41.854134],[24.915826,41.854159],[24.91562,41.854093],[24.915483,41.854021],[24.915345,41.85399],[24.915186,41.854017],[24.915135,41.854068],[24.915145,41.854161]]]]},"properties":{"cadreg":34}},{"type":"Feature","geometry":{"type":"MultiPolygon","coordinates":[[[[24.908963,41.843437],[24.908976,41.843531],[24.908404,41.843489],[24.908356,41.843513],[24.908304,41.843642],[24.908233,41.843744],[24.908003,41.843875],[24.907794,41.844036],[24.907808,41.844102],[24.908192,41.844164],[24.908395,41.844233],[24.908468,41.844276],[24.90837,41.844374],[24.908301,41.844475],[24.90839,41.844577],[24.908599,41.844587],[24.908828,41.844548],[24.909032,41.844481],[24.909306,41.844278],[24.909424,41.844118],[24.909479,41.844148],[24.909831,41.844016],[24.910022,41.843973],[24.910135,41.843984],[24.91023,41.844012],[24.910351,41.844017],[24.910397,41.843938],[24.910307,41.843834],[24.910158,41.843745],[24.909763,41.84357],[24.909124,41.843328],[24.909078,41.84334],[24.909011,41.843386],[24.908963,41.843437]]],[[[24.910545,41.843726],[24.910655,41.843838],[24.910514,41.844009],[24.910826,41.843987],[24.911003,41.84403],[24.911144,41.844094],[24.911303,41.844102],[24.911385,41.844033],[24.911369,41.843933],[24.911175,41.84361],[24.911052,41.843556],[24.91089,41.843557],[24.910719,41.843595],[24.910573,41.843648],[24.910545,41.843726]]],[[[24.911826,41.845337],[24.911589,41.845321],[24.911275,41.845329],[24.911235,41.845366],[24.911259,41.845646],[24.911267,41.845687],[24.911324,41.845734],[24.911542,41.845772],[24.911682,41.845829],[24.911725,41.845867],[24.911791,41.845876],[24.911922,41.845848],[24.912003,41.845801],[24.912047,41.84571],[24.912039,41.845661],[24.912005,41.845597],[24.911859,41.845493],[24.911826,41.845337]]],[[[24.914687,41.840326],[24.91473,41.840586],[24.914665,41.840716],[24.91469,41.840805],[24.914781,41.840875],[24.914947,41.840868],[24.915098,41.840811],[24.915267,41.840656],[24.915369,41.840601],[24.915582,41.840606],[24.915683,41.84063],[24.915867,41.840617],[24.915833,41.841154],[24.92121,41.841306],[24.921262,41.840735],[24.921216,41.84072],[24.920775,41.840725],[24.91965,41.840679],[24.919396,41.840645],[24.919294,41.84061],[24.918904,41.84054],[24.918506,41.840363],[24.918268,41.840307],[24.918055,41.840228],[24.917531,41.840083],[24.91728,41.839961],[24.917075,41.839771],[24.916995,41.839673],[24.916967,41.839572],[24.916955,41.838944],[24.917043,41.8386],[24.917077,41.83837],[24.916881,41.838421],[24.916815,41.838466],[24.91674,41.838564],[24.916611,41.838655],[24.916429,41.838679],[24.916319,41.838669],[24.916365,41.838541],[24.916362,41.838487],[24.916331,41.838477],[24.916289,41.838479],[24.91622,41.838507],[24.916007,41.838669],[24.915952,41.838678],[24.915864,41.838627],[24.915738,41.838708],[24.915652,41.838656],[24.915596,41.838668],[24.915565,41.838713],[24.915566,41.838809],[24.915476,41.838926],[24.915411,41.838954],[24.915204,41.83898],[24.914941,41.839071],[24.914957,41.839186],[24.915113,41.839619],[24.915105,41.839666],[24.914845,41.839668],[24.914839,41.839739],[24.914903,41.839751],[24.914907,41.839921],[24.914948,41.840001],[24.914748,41.839968],[24.914696,41.839978],[24.914705,41.840058],[24.914736,41.840085],[24.914697,41.840095],[24.914625,41.840087],[24.914608,41.840134],[24.914687,41.840326]]],[[[24.914165,41.843573],[24.913687,41.843677],[24.913597,41.843663],[24.913157,41.843468],[24.913102,41.843507],[24.913018,41.843617],[24.912794,41.843991],[24.912921,41.84416],[24.913015,41.844228],[24.913057,41.844344],[24.91306,41.844466],[24.913108,41.844566],[24.913232,41.844584],[24.913547,41.844476],[24.913655,41.844391],[24.913613,41.844291],[24.9135,41.844179],[24.913474,41.844109],[24.913476,41.844074],[24.913603,41.843988],[24.913684,41.843973],[24.913701,41.843944],[24.913859,41.843903],[24.914044,41.843904],[24.914212,41.843945],[24.914358,41.843962],[24.914459,41.843941],[24.914478,41.843843],[24.914546,41.843765],[24.91461,41.843579],[24.914801,41.843441],[24.914837,41.843363],[24.914775,41.843297],[24.914644,41.843205],[24.914513,41.843129],[24.914399,41.843102],[24.914346,41.843191],[24.914338,41.843329],[24.91428,41.843432],[24.914165,41.843573]]],[[[24.91493,41.843578],[24.91479,41.843754],[24.914817,41.843864],[24.914529,41.844192],[24.914718,41.844288],[24.91519,41.844366],[24.915289,41.844451],[24.91523,41.844598],[24.915465,41.844668],[24.915669,41.844655],[24.915889,41.84422],[24.915879,41.844074],[24.915465,41.844062],[24.915429,41.843904],[24.91493,41.843578]]],[[[24.912591,41.844375],[24.912726,41.844053],[24.912504,41.844043],[24.912366,41.844514],[24.91243,41.844906],[24.912491,41.845082],[24.912641,41.845051],[24.912531,41.84463],[24.912591,41.844375]]],[[[24.912133,41.845796],[24.912225,41.845892],[24.912341,41.845965],[24.91246,41.845965],[24.912547,41.845933],[24.912607,41.845839],[24.912633,41.845327],[24.912619,41.845265],[24.912499,41.845158],[24.912446,41.845024],[24.912385,41.844737],[24.912328,41.844751],[24.912034,41.844889],[24.911926,41.844957],[24.911951,41.845214],[24.912048,41.84541],[24.912044,41.845547],[24.912068,41.845682],[24.912133,41.845796]]],[[[24.912401,41.846361],[24.91248,41.8464],[24.912687,41.846407],[24.912369,41.846275],[24.91236,41.846311],[24.912401,41.846361]]],[[[24.913921,41.846576],[24.913914,41.846489],[24.913869,41.84641],[24.913783,41.846337],[24.913653,41.846318],[24.913565,41.846269],[24.913471,41.846253],[24.913202,41.846327],[24.913067,41.846335],[24.912882,41.846275],[24.912679,41.846232],[24.912603,41.846296],[24.912369,41.846254],[24.912687,41.846407],[24.912677,41.846434],[24.912729,41.846559],[24.912799,41.846658],[24.91287,41.846746],[24.912968,41.846775],[24.913076,41.846707],[24.913328,41.846493],[24.913446,41.846491],[24.913614,41.846606],[24.913832,41.846612],[24.913921,41.846576]]],[[[24.91477,41.846817],[24.914904,41.846821],[24.91502,41.846896],[24.915086,41.847006],[24.915214,41.847117],[24.915313,41.847097],[24.915422,41.846984],[24.915541,41.846896],[24.915799,41.846773],[24.915802,41.846707],[24.91549,41.846426],[24.915341,41.846314],[24.914815,41.846224],[24.914658,41.846278],[24.91453,41.846388],[24.914502,41.846507],[24.914646,41.84675],[24.91477,41.846817]]]]},"properties":{"cadreg":35}},{"type":"Feature","geometry":{"type":"Polygon","coordinates":[[[24.922772,41.855436],[24.922706,41.855179],[24.922537,41.854867],[24.922252,41.85448],[24.922141,41.85436],[24.922095,41.854274],[24.921933,41.854116],[24.921864,41.853989],[24.920651,41.854121],[24.920705,41.854165],[24.92073,41.854224],[24.920728,41.854274],[24.920697,41.854334],[24.920747,41.854603],[24.920682,41.854735],[24.920726,41.854829],[24.920844,41.854979],[24.920851,41.855092],[24.920817,41.855134],[24.920814,41.855217],[24.920914,41.855317],[24.920934,41.855387],[24.920937,41.855422],[24.920895,41.855477],[24.920845,41.855506],[24.920828,41.855568],[24.920837,41.855637],[24.920888,41.85572],[24.921223,41.855721],[24.921266,41.85577],[24.921271,41.855816],[24.921254,41.855928],[24.921012,41.856081],[24.920961,41.856143],[24.920941,41.856289],[24.9209,41.856329],[24.920848,41.85635],[24.920777,41.856354],[24.920813,41.856413],[24.921006,41.856596],[24.921482,41.856971],[24.922084,41.857301],[24.923235,41.856517],[24.923125,41.856258],[24.923081,41.855977],[24.922905,41.855674],[24.922847,41.855606],[24.922829,41.855523],[24.922772,41.855436]]]},"properties":{"cadreg":36}},{"type":"Feature","geometry":{"type":"Polygon","coordinates":[[[24.902276,41.854607],[24.90212,41.855475],[24.900886,41.855504],[24.900897,41.856616],[24.901656,41.856599],[24.901739,41.857948],[24.902702,41.857925],[24.902662,41.857],[24.902536,41.856436],[24.902498,41.856045],[24.902635,41.85552],[24.902674,41.855218],[24.902764,41.854952],[24.902814,41.854714],[24.902776,41.854696],[24.902276,41.854607]]]},"properties":{"cadreg":37}},{"type":"Feature","geometry":{"type":"Polygon","coordinates":[[[24.887839,41.846927],[24.887268,41.846455],[24.887037,41.84649],[24.886913,41.846543],[24.886741,41.84665],[24.88663,41.846694],[24.886276,41.846893],[24.886048,41.846944],[24.885507,41.846942],[24.885112,41.847003],[24.884802,41.847081],[24.884825,41.847215],[24.884816,41.847336],[24.884706,41.847644],[24.884705,41.847796],[24.884679,41.847831],[24.884783,41.847843],[24.884911,41.847889],[24.885021,41.847906],[24.885058,41.847956],[24.885006,41.84802],[24.885031,41.848091],[24.885097,41.848169],[24.885109,41.848224],[24.885043,41.848312],[24.884986,41.84834],[24.88517,41.848737],[24.885253,41.848979],[24.885385,41.849275],[24.885563,41.849554],[24.885633,41.849626],[24.886828,41.849184],[24.886923,41.849371],[24.887032,41.849717],[24.88706,41.849883],[24.887075,41.850198],[24.887144,41.850483],[24.887385,41.850506],[24.887624,41.850485],[24.88771,41.850465],[24.88765,41.84976],[24.888368,41.849726],[24.888447,41.849504],[24.888542,41.849496],[24.888607,41.849456],[24.888874,41.849354],[24.888975,41.849265],[24.889136,41.84922],[24.889251,41.849236],[24.88929,41.849264],[24.889435,41.84901],[24.889546,41.848982],[24.889379,41.848559],[24.888901,41.847948],[24.888868,41.847861],[24.888882,41.847852],[24.888586,41.847545],[24.888134,41.847145],[24.887839,41.846927]]]},"properties":{"cadreg":38}},{"type":"Feature","geometry":{"type":"Polygon","coordinates":[[[24.873708,41.853854],[24.873548,41.854596],[24.87348,41.854717],[24.873408,41.854768],[24.87355,41.854803],[24.873624,41.854881],[24.873639,41.855043],[24.873627,41.855064],[24.873562,41.855067],[24.873457,41.855006],[24.873363,41.854981],[24.873487,41.855305],[24.873656,41.855534],[24.873897,41.855742],[24.87417,41.855918],[24.874811,41.85573],[24.874692,41.855447],[24.874641,41.855218],[24.874588,41.855103],[24.874542,41.854799],[24.874352,41.854436],[24.874313,41.854407],[24.874297,41.854344],[24.874181,41.854272],[24.874081,41.854162],[24.874059,41.854132],[24.874048,41.854025],[24.873937,41.853977],[24.873927,41.853922],[24.873875,41.853868],[24.873708,41.853854]]]},"properties":{"cadreg":39}},{"type":"Feature","geometry":{"type":"Polygon","coordinates":[[[24.86981,41.835799],[24.86871,41.835675],[24.868264,41.835648],[24.86804,41.835611],[24.867716,41.835599],[24.86768,41.835582],[24.867591,41.835438],[24.867492,41.835335],[24.86744,41.835228],[24.867188,41.834874],[24.866963,41.834447],[24.866861,41.834327],[24.866741,41.834116],[24.866636,41.834002],[24.866557,41.833881],[24.866379,41.833505],[24.866347,41.83359],[24.866059,41.833939],[24.865702,41.834246],[24.865429,41.834396],[24.865217,41.834484],[24.865152,41.834496],[24.864986,41.83459],[24.86469,41.834697],[24.864549,41.834724],[24.864035,41.8349],[24.863949,41.834902],[24.863966,41.834932],[24.863961,41.834989],[24.863891,41.835058],[24.863664,41.835178],[24.863461,41.835248],[24.863465,41.835428],[24.863403,41.835485],[24.862975,41.835686],[24.862884,41.835659],[24.862802,41.83559],[24.862718,41.835449],[24.862664,41.835425],[24.862589,41.83564],[24.862527,41.835715],[24.862406,41.835768],[24.862071,41.835899],[24.861892,41.835952],[24.861639,41.83599],[24.861553,41.835986],[24.861427,41.836032],[24.861242,41.836039],[24.861131,41.836096],[24.861059,41.836205],[24.86106,41.836354],[24.861027,41.836427],[24.860953,41.836507],[24.860942,41.83656],[24.86087,41.836647],[24.860794,41.836795],[24.860762,41.836815],[24.860709,41.836922],[24.860614,41.837031],[24.860558,41.83708],[24.860499,41.837088],[24.860309,41.837247],[24.860074,41.837391],[24.859965,41.837528],[24.859798,41.837615],[24.859664,41.837724],[24.859519,41.837796],[24.859501,41.837823],[24.859428,41.837833],[24.85896,41.838167],[24.859016,41.838264],[24.859015,41.838506],[24.858999,41.838625],[24.858948,41.838749],[24.858882,41.838851],[24.858706,41.838752],[24.858458,41.838558],[24.858362,41.838611],[24.858407,41.838673],[24.858537,41.83876],[24.858977,41.838958],[24.858997,41.83902],[24.858778,41.839096],[24.858646,41.839176],[24.858422,41.839358],[24.858254,41.839424],[24.858138,41.839396],[24.858024,41.839277],[24.857725,41.839245],[24.857603,41.839205],[24.857557,41.839171],[24.857508,41.8392],[24.857538,41.839228],[24.857563,41.839298],[24.857451,41.839364],[24.857135,41.839502],[24.856928,41.839565],[24.856477,41.839659],[24.856346,41.839721],[24.856295,41.839801],[24.856176,41.839885],[24.856021,41.839909],[24.855856,41.839962],[24.855585,41.840083],[24.855482,41.840189],[24.855507,41.84022],[24.855464,41.840259],[24.855361,41.840306],[24.855209,41.840347],[24.855093,41.840338],[24.855079,41.840285],[24.854501,41.84047],[24.85428,41.840566],[24.854335,41.840678],[24.854355,41.840795],[24.854345,41.840839],[24.854476,41.840836],[24.854516,41.840887],[24.854766,41.840872],[24.854846,41.840927],[24.854973,41.840954],[24.855378,41.840936],[24.85547,41.84095],[24.855572,41.84101],[24.855681,41.841003],[24.85582,41.840949],[24.855944,41.840958],[24.856031,41.84098],[24.856166,41.841065],[24.856111,41.841178],[24.855563,41.841073],[24.855433,41.841073],[24.855277,41.841047],[24.85508,41.84104],[24.854904,41.841007],[24.85479,41.841005],[24.854707,41.840982],[24.854285,41.840986],[24.854185,41.840964],[24.853513,41.84071],[24.853544,41.840742],[24.85357,41.84082],[24.85357,41.840889],[24.853516,41.840941],[24.853573,41.840979],[24.853601,41.841021],[24.853798,41.841139],[24.854093,41.841258],[24.854548,41.841363],[24.854678,41.841408],[24.854947,41.841422],[24.855145,41.841501],[24.855464,41.841735],[24.855672,41.841949],[24.855864,41.842074],[24.856247,41.842244],[24.856359,41.842281],[24.856505,41.842306],[24.856529,41.842352],[24.856501,41.842432],[24.856057,41.842362],[24.855679,41.842268],[24.855588,41.842177],[24.85545,41.841945],[24.855314,41.841807],[24.855209,41.841733],[24.854942,41.841635],[24.854574,41.841607],[24.854379,41.841572],[24.854271,41.84153],[24.853914,41.841485],[24.853819,41.841459],[24.853122,41.841055],[24.852963,41.841028],[24.85274,41.841044],[24.852425,41.841103],[24.852296,41.84116],[24.852141,41.841193],[24.851943,41.841312],[24.851632,41.841599],[24.851309,41.841999],[24.851199,41.842184],[24.85097,41.842473],[24.850865,41.842643],[24.850473,41.842923],[24.850318,41.842987],[24.850183,41.843107],[24.849648,41.843363],[24.849057,41.843515],[24.848494,41.843553],[24.848333,41.843591],[24.848201,41.843682],[24.848101,41.843816],[24.848034,41.843861],[24.847949,41.843888],[24.847845,41.843882],[24.847761,41.843851],[24.847744,41.843828],[24.847538,41.843909],[24.847974,41.843961],[24.848124,41.843954],[24.847561,41.84442],[24.847343,41.844295],[24.847347,41.84425],[24.847403,41.844134],[24.847416,41.843952],[24.847236,41.844029],[24.84722,41.8441],[24.847046,41.844302],[24.846957,41.844506],[24.84684,41.844649],[24.846665,41.84477],[24.846524,41.84482],[24.846361,41.84491],[24.846034,41.845177],[24.845936,41.845232],[24.845775,41.845265],[24.845684,41.845261],[24.845543,41.845236],[24.845256,41.845142],[24.845129,41.845158],[24.845059,41.845203],[24.844918,41.845338],[24.844732,41.845614],[24.844626,41.845892],[24.844558,41.84613],[24.844562,41.846222],[24.844607,41.846272],[24.844699,41.846326],[24.844695,41.846372],[24.844414,41.846484],[24.844561,41.846591],[24.84477,41.846792],[24.844841,41.846958],[24.844858,41.847041],[24.844856,41.847284],[24.84491,41.847268],[24.844969,41.84728],[24.84506,41.847344],[24.8451,41.847494],[24.845084,41.847567],[24.845007,41.847638],[24.844912,41.847685],[24.844971,41.847852],[24.845072,41.847773],[24.84516,41.847757],[24.845247,41.847781],[24.845291,41.847844],[24.845265,41.847923],[24.845195,41.847996],[24.845133,41.848098],[24.845236,41.848209],[24.845227,41.848293],[24.845401,41.84851],[24.845639,41.848269],[24.845668,41.848155],[24.845719,41.848059],[24.845821,41.848024],[24.84593,41.848068],[24.846073,41.84816],[24.846197,41.84822],[24.846228,41.848155],[24.846064,41.847967],[24.846003,41.847862],[24.845967,41.847723],[24.846011,41.847584],[24.846083,41.847487],[24.846191,41.847416],[24.846331,41.847422],[24.846524,41.847494],[24.846652,41.847568],[24.846787,41.847655],[24.846876,41.847749],[24.847078,41.848309],[24.847138,41.848418],[24.847232,41.848514],[24.847359,41.848564],[24.84772,41.848604],[24.847946,41.84873],[24.848214,41.848822],[24.848449,41.848977],[24.849131,41.849215],[24.849244,41.849278],[24.84927,41.849315],[24.849659,41.84945],[24.849433,41.849502],[24.849193,41.84951],[24.848644,41.849576],[24.848159,41.849669],[24.848059,41.849714],[24.847776,41.849891],[24.847523,41.850112],[24.847449,41.850205],[24.847544,41.850211],[24.847762,41.850143],[24.84822,41.849898],[24.84832,41.84986],[24.848539,41.849814],[24.848633,41.849811],[24.848727,41.849819],[24.848977,41.849913],[24.849189,41.850098],[24.849241,41.850168],[24.849283,41.850272],[24.849556,41.850256],[24.849638,41.85023],[24.849956,41.849995],[24.85018,41.849876],[24.850539,41.849781],[24.850917,41.849742],[24.851163,41.849761],[24.851265,41.849798],[24.851656,41.850023],[24.852117,41.850137],[24.852588,41.85028],[24.852704,41.850299],[24.852834,41.850302],[24.853209,41.850271],[24.85389,41.850172],[24.853977,41.850187],[24.854047,41.850217],[24.854288,41.850388],[24.85456,41.850536],[24.854702,41.850699],[24.854867,41.850957],[24.854846,41.851052],[24.855029,41.851225],[24.855166,41.851314],[24.855372,41.85136],[24.855913,41.851369],[24.856097,41.851415],[24.856253,41.851495],[24.856312,41.851546],[24.856452,41.851768],[24.856605,41.851866],[24.857304,41.851808],[24.85776,41.851804],[24.857955,41.851826],[24.858129,41.851912],[24.858359,41.852086],[24.858444,41.852345],[24.858435,41.852488],[24.858351,41.8527],[24.85833,41.852857],[24.858477,41.853492],[24.858669,41.853971],[24.858687,41.854371],[24.858712,41.854524],[24.858764,41.854677],[24.858856,41.854795],[24.858919,41.85483],[24.859434,41.854995],[24.8595,41.855028],[24.859532,41.855066],[24.859548,41.855114],[24.85954,41.855333],[24.85946,41.855745],[24.859458,41.855971],[24.859481,41.856024],[24.859577,41.856108],[24.859727,41.856155],[24.859989,41.856198],[24.860098,41.856231],[24.860879,41.85653],[24.860967,41.856577],[24.861172,41.856699],[24.861348,41.856828],[24.861586,41.857116],[24.861951,41.857465],[24.862053,41.857593],[24.862091,41.85767],[24.862114,41.857842],[24.862029,41.858259],[24.862035,41.858739],[24.862081,41.858877],[24.862263,41.859133],[24.862366,41.859209],[24.862864,41.859259],[24.862948,41.859256],[24.863339,41.859137],[24.863695,41.859118],[24.864022,41.859179],[24.864359,41.859267],[24.864544,41.859333],[24.864678,41.859414],[24.864832,41.859686],[24.865084,41.859992],[24.865224,41.860252],[24.865321,41.860337],[24.865544,41.860476],[24.866174,41.860741],[24.866468,41.860904],[24.866423,41.860828],[24.866444,41.860707],[24.866452,41.860417],[24.866485,41.860382],[24.866585,41.860356],[24.866721,41.860354],[24.866817,41.860385],[24.866909,41.86048],[24.867212,41.86097],[24.867155,41.86107],[24.867014,41.861115],[24.866878,41.8611],[24.866743,41.861016],[24.866529,41.860938],[24.867005,41.861217],[24.86733,41.861462],[24.867447,41.8615],[24.867682,41.861669],[24.867782,41.861714],[24.867811,41.861797],[24.867795,41.861813],[24.867869,41.861868],[24.867923,41.861771],[24.867987,41.861773],[24.868041,41.861843],[24.868058,41.862169],[24.868077,41.862191],[24.868284,41.86212],[24.868424,41.862096],[24.868494,41.862105],[24.868766,41.861909],[24.869218,41.861508],[24.869548,41.861179],[24.869801,41.860825],[24.86999,41.860661],[24.870342,41.860452],[24.870591,41.860348],[24.870809,41.860289],[24.871044,41.860257],[24.871197,41.860218],[24.87126,41.860184],[24.871504,41.860199],[24.871598,41.860229],[24.872183,41.860499],[24.872518,41.860599],[24.872746,41.860645],[24.873003,41.860689],[24.873484,41.860733],[24.874244,41.860723],[24.87459,41.860756],[24.874612,41.860736],[24.874813,41.860775],[24.875253,41.860916],[24.875754,41.860994],[24.875884,41.860998],[24.876916,41.860867],[24.877722,41.860579],[24.877964,41.860527],[24.878445,41.86047],[24.878537,41.860471],[24.878705,41.860514],[24.87876,41.860434],[24.878889,41.860351],[24.87944,41.860095],[24.879762,41.859926],[24.879922,41.85978],[24.880118,41.859561],[24.880293,41.859411],[24.881508,41.858443],[24.881789,41.858165],[24.881853,41.858058],[24.8819,41.858084],[24.881968,41.858096],[24.882011,41.858057],[24.882024,41.857916],[24.882068,41.857828],[24.882568,41.857527],[24.884172,41.856698],[24.88456,41.856423],[24.884755,41.856596],[24.884848,41.856752],[24.885046,41.857166],[24.885153,41.857331],[24.885342,41.857566],[24.885529,41.858051],[24.885633,41.858198],[24.885972,41.858473],[24.88617,41.858595],[24.886602,41.858797],[24.887195,41.859029],[24.887406,41.85908],[24.88746,41.859321],[24.887653,41.859874],[24.887727,41.86036],[24.887802,41.860688],[24.887829,41.861016],[24.887819,41.86109],[24.887737,41.861232],[24.887615,41.861379],[24.887542,41.861447],[24.886925,41.861868],[24.886993,41.862044],[24.887177,41.862246],[24.887534,41.862514],[24.887742,41.86255],[24.888109,41.862664],[24.889134,41.863083],[24.891109,41.86363],[24.892452,41.863832],[24.892467,41.863805],[24.892526,41.863527],[24.892529,41.86315],[24.892494,41.862993],[24.89243,41.86283],[24.892181,41.862344],[24.892153,41.862195],[24.892178,41.862119],[24.892352,41.861822],[24.892826,41.860801],[24.892901,41.860596],[24.892902,41.860471],[24.892865,41.860331],[24.892691,41.859888],[24.892671,41.859502],[24.892697,41.859265],[24.89285,41.858794],[24.893095,41.858342],[24.893308,41.858034],[24.893449,41.857666],[24.893512,41.857448],[24.893488,41.857378],[24.893468,41.857066],[24.893538,41.857014],[24.893629,41.856977],[24.893827,41.856965],[24.893903,41.856912],[24.893857,41.856874],[24.893839,41.856821],[24.893772,41.856931],[24.8932,41.856933],[24.893154,41.856892],[24.893119,41.856654],[24.892934,41.85625],[24.892947,41.856043],[24.892926,41.855883],[24.892746,41.855915],[24.892307,41.856027],[24.891707,41.85626],[24.891458,41.856321],[24.890912,41.856421],[24.890669,41.856416],[24.890397,41.856438],[24.890039,41.85652],[24.889915,41.85656],[24.889546,41.85679],[24.88921,41.856962],[24.888829,41.857041],[24.888084,41.857126],[24.888102,41.85678],[24.888191,41.856469],[24.888236,41.856051],[24.888226,41.855963],[24.888141,41.855804],[24.888168,41.855586],[24.888107,41.85541],[24.88806,41.855339],[24.888061,41.855261],[24.888146,41.855181],[24.888217,41.855154],[24.888214,41.854992],[24.888135,41.854939],[24.888107,41.854827],[24.887888,41.854488],[24.887829,41.854336],[24.887998,41.854103],[24.888058,41.853973],[24.88809,41.853941],[24.888031,41.853935],[24.888023,41.85392],[24.887619,41.854076],[24.887508,41.854053],[24.887274,41.853879],[24.887251,41.853799],[24.887362,41.853696],[24.887479,41.85364],[24.887646,41.853589],[24.887626,41.853564],[24.887629,41.853494],[24.88713,41.853185],[24.886863,41.852995],[24.886379,41.852489],[24.886193,41.85236],[24.885918,41.852131],[24.885624,41.851734],[24.885176,41.851343],[24.885048,41.851206],[24.884817,41.850911],[24.884383,41.850286],[24.88431,41.850224],[24.884119,41.850114],[24.8839,41.850027],[24.883784,41.849994],[24.88304,41.849863],[24.882811,41.849859],[24.88194,41.849921],[24.881509,41.849935],[24.881445,41.849999],[24.881427,41.850078],[24.881489,41.850111],[24.881589,41.850052],[24.881664,41.850057],[24.881792,41.850192],[24.881862,41.850201],[24.881922,41.85013],[24.881995,41.850098],[24.882143,41.850118],[24.882208,41.850169],[24.882213,41.850252],[24.882146,41.850375],[24.882455,41.850533],[24.88273,41.850726],[24.882854,41.850794],[24.882923,41.850895],[24.882927,41.850962],[24.882843,41.851004],[24.882496,41.851075],[24.88233,41.851085],[24.882178,41.851063],[24.881883,41.851206],[24.881979,41.851317],[24.881965,41.851405],[24.881918,41.851478],[24.881816,41.85154],[24.881693,41.851551],[24.881565,41.851522],[24.881498,41.851462],[24.881677,41.851326],[24.881705,41.851264],[24.882094,41.85108],[24.881895,41.850864],[24.88153,41.850587],[24.880999,41.850232],[24.880895,41.850142],[24.880828,41.850045],[24.880814,41.850146],[24.880765,41.850234],[24.880707,41.850265],[24.88038,41.85018],[24.880426,41.85054],[24.880428,41.850879],[24.880245,41.851462],[24.880173,41.851569],[24.880133,41.851688],[24.880039,41.851862],[24.880015,41.851965],[24.88001,41.852226],[24.880039,41.852524],[24.880062,41.85252],[24.880182,41.852592],[24.880318,41.852722],[24.880628,41.852925],[24.880504,41.853152],[24.880476,41.853175],[24.880488,41.853183],[24.88043,41.853238],[24.880094,41.853363],[24.880203,41.853393],[24.880329,41.853454],[24.880424,41.85375],[24.880473,41.854292],[24.880095,41.854311],[24.880017,41.854342],[24.879999,41.854434],[24.880053,41.854503],[24.88025,41.854614],[24.880515,41.85486],[24.880613,41.854994],[24.880606,41.855089],[24.880502,41.855113],[24.880428,41.855096],[24.880406,41.855429],[24.880534,41.855357],[24.880594,41.855353],[24.880688,41.85541],[24.880737,41.855478],[24.880582,41.8556],[24.880541,41.855663],[24.880558,41.85574],[24.880586,41.855772],[24.880698,41.855751],[24.880816,41.855766],[24.88096,41.85581],[24.881075,41.855809],[24.881263,41.85568],[24.881371,41.855703],[24.881489,41.855753],[24.881741,41.855897],[24.881893,41.855952],[24.882068,41.855988],[24.882446,41.855985],[24.88263,41.856019],[24.882819,41.856174],[24.882822,41.856264],[24.882756,41.85636],[24.882468,41.856502],[24.88234,41.856522],[24.882212,41.856453],[24.882118,41.856366],[24.881894,41.856219],[24.881837,41.85616],[24.881509,41.855964],[24.881405,41.855948],[24.881318,41.856016],[24.881212,41.856055],[24.881084,41.856051],[24.880821,41.855968],[24.880634,41.855929],[24.880522,41.855987],[24.880344,41.856033],[24.880208,41.856058],[24.879951,41.856065],[24.879876,41.856034],[24.879776,41.855808],[24.879828,41.855696],[24.879394,41.855715],[24.879225,41.855671],[24.879012,41.855566],[24.878856,41.855677],[24.878708,41.855742],[24.878534,41.855789],[24.878361,41.855794],[24.878227,41.855778],[24.878204,41.855714],[24.878331,41.855659],[24.878511,41.855622],[24.878595,41.855554],[24.878723,41.855523],[24.878794,41.855443],[24.878841,41.855422],[24.87871,41.85524],[24.878315,41.855185],[24.878138,41.855142],[24.878031,41.855086],[24.878047,41.854998],[24.878174,41.854947],[24.878347,41.85498],[24.878544,41.854993],[24.878615,41.854983],[24.878644,41.854794],[24.878696,41.854689],[24.878762,41.854614],[24.878878,41.854383],[24.879,41.854236],[24.879057,41.854104],[24.879083,41.853926],[24.879026,41.853911],[24.878912,41.853822],[24.878787,41.853752],[24.878658,41.853769],[24.878535,41.853823],[24.878407,41.853852],[24.878341,41.853787],[24.878555,41.853583],[24.878681,41.853301],[24.878737,41.853257],[24.878684,41.853116],[24.878689,41.853079],[24.878876,41.852883],[24.878929,41.852813],[24.878961,41.852729],[24.878968,41.852586],[24.878817,41.852468],[24.878802,41.852154],[24.87874,41.852142],[24.878645,41.852087],[24.878653,41.851967],[24.878632,41.851889],[24.878468,41.851727],[24.878391,41.851695],[24.878153,41.851701],[24.878099,41.851669],[24.878008,41.851551],[24.877866,41.851464],[24.877749,41.851511],[24.877673,41.851511],[24.877587,41.851486],[24.877302,41.85146],[24.877219,41.851419],[24.87716,41.851409],[24.877014,41.851411],[24.876861,41.851391],[24.876524,41.85146],[24.876387,41.851437],[24.876217,41.851381],[24.876021,41.851385],[24.876033,41.851505],[24.87592,41.85149],[24.875605,41.85138],[24.875463,41.851349],[24.87545,41.851371],[24.875473,41.85145],[24.875453,41.851518],[24.875757,41.851629],[24.875976,41.851683],[24.876113,41.851757],[24.876154,41.851795],[24.876325,41.851866],[24.876517,41.852001],[24.876533,41.852044],[24.876522,41.852095],[24.876492,41.852114],[24.876593,41.852136],[24.876646,41.852193],[24.876743,41.852221],[24.876795,41.852257],[24.877162,41.852238],[24.877272,41.852264],[24.877377,41.852335],[24.877467,41.852489],[24.87759,41.852576],[24.877453,41.852617],[24.877245,41.852603],[24.87697,41.852657],[24.876816,41.852604],[24.87676,41.852502],[24.876597,41.852506],[24.876479,41.852528],[24.87635,41.852583],[24.876236,41.85267],[24.875982,41.852813],[24.875772,41.853054],[24.875619,41.853101],[24.875456,41.85311],[24.875387,41.853128],[24.875194,41.853236],[24.875151,41.853294],[24.875045,41.853361],[24.874808,41.853669],[24.87469,41.853924],[24.874699,41.854142],[24.874749,41.854346],[24.87473,41.854423],[24.874806,41.854657],[24.874791,41.854673],[24.87473,41.854682],[24.874491,41.854689],[24.874558,41.85485],[24.874588,41.855103],[24.874641,41.855218],[24.874692,41.855447],[24.874811,41.85573],[24.87417,41.855918],[24.873897,41.855742],[24.873656,41.855534],[24.873487,41.855305],[24.873363,41.854981],[24.873282,41.854979],[24.873262,41.854952],[24.873216,41.854957],[24.873181,41.854984],[24.873,41.855217],[24.872764,41.855441],[24.872491,41.855632],[24.872217,41.855783],[24.872187,41.855819],[24.872176,41.855894],[24.872352,41.856037],[24.872351,41.85594],[24.872391,41.855908],[24.87259,41.855903],[24.872768,41.855878],[24.872761,41.856001],[24.872964,41.856028],[24.872994,41.856046],[24.873025,41.8561],[24.873163,41.856181],[24.873153,41.856272],[24.872911,41.856487],[24.872793,41.856558],[24.872677,41.856676],[24.872701,41.856801],[24.872668,41.856969],[24.872687,41.857115],[24.872669,41.857271],[24.872782,41.857275],[24.872921,41.857252],[24.873265,41.857127],[24.873338,41.8572],[24.873377,41.857278],[24.873467,41.857281],[24.873534,41.85732],[24.873457,41.857403],[24.873461,41.857477],[24.873741,41.857529],[24.873779,41.857405],[24.873889,41.857242],[24.874127,41.857247],[24.874157,41.857306],[24.874059,41.85744],[24.874084,41.857548],[24.874076,41.85759],[24.873853,41.857661],[24.873802,41.857707],[24.873689,41.857759],[24.873652,41.857821],[24.873692,41.857848],[24.873683,41.857889],[24.873637,41.857962],[24.873435,41.857976],[24.873097,41.858199],[24.872968,41.858219],[24.872861,41.858258],[24.872782,41.858253],[24.872655,41.858207],[24.872585,41.858213],[24.872601,41.858239],[24.87253,41.858271],[24.872471,41.858331],[24.872395,41.858342],[24.872295,41.858326],[24.872226,41.858387],[24.872175,41.858473],[24.8721,41.858496],[24.8718,41.858476],[24.871775,41.858642],[24.871724,41.858681],[24.871596,41.858661],[24.871488,41.858615],[24.871455,41.858544],[24.871515,41.858487],[24.871664,41.858397],[24.871717,41.858306],[24.87165,41.858233],[24.871624,41.858221],[24.871329,41.858328],[24.871215,41.858304],[24.871128,41.858223],[24.871095,41.858133],[24.871151,41.858071],[24.871277,41.858061],[24.871387,41.858025],[24.871361,41.857977],[24.871245,41.857941],[24.871161,41.857897],[24.871172,41.85781],[24.871217,41.857745],[24.871236,41.857659],[24.87127,41.857641],[24.871119,41.857592],[24.870899,41.857633],[24.870743,41.857754],[24.870753,41.857813],[24.870713,41.857905],[24.870724,41.858002],[24.870759,41.858088],[24.870849,41.858096],[24.870893,41.858151],[24.870954,41.858319],[24.870952,41.858406],[24.870684,41.858489],[24.870337,41.858638],[24.870122,41.858758],[24.870103,41.858805],[24.870698,41.858946],[24.870744,41.859003],[24.870625,41.859006],[24.870487,41.85898],[24.870373,41.85901],[24.870382,41.859054],[24.870441,41.859105],[24.870596,41.859159],[24.870713,41.859185],[24.870819,41.859173],[24.870965,41.859124],[24.871084,41.859139],[24.871204,41.859208],[24.871322,41.8593],[24.871426,41.859321],[24.871591,41.85931],[24.871695,41.85933],[24.8718,41.859419],[24.87183,41.859519],[24.871799,41.859596],[24.871692,41.859618],[24.871512,41.859593],[24.871228,41.859475],[24.871043,41.859421],[24.870857,41.85943],[24.870692,41.859461],[24.870543,41.859462],[24.870425,41.859366],[24.870397,41.859241],[24.870332,41.859167],[24.870216,41.859166],[24.869903,41.859253],[24.869766,41.859266],[24.869896,41.859742],[24.869959,41.859844],[24.869919,41.859915],[24.869783,41.859916],[24.869526,41.859884],[24.869415,41.859821],[24.869288,41.859276],[24.869292,41.85922],[24.869221,41.859114],[24.869221,41.859024],[24.869306,41.858957],[24.869468,41.858916],[24.869583,41.858842],[24.869602,41.858764],[24.869398,41.858524],[24.869354,41.858534],[24.869252,41.858604],[24.869149,41.858761],[24.869062,41.858798],[24.868961,41.858902],[24.868925,41.858926],[24.868758,41.858977],[24.868691,41.859028],[24.868662,41.859078],[24.868684,41.859208],[24.868649,41.859233],[24.868433,41.859236],[24.86829,41.859262],[24.868182,41.859244],[24.867957,41.859074],[24.867696,41.858947],[24.867659,41.858888],[24.867677,41.858831],[24.867749,41.858745],[24.86774,41.858687],[24.867545,41.858464],[24.867319,41.858566],[24.867281,41.858618],[24.867269,41.858693],[24.867127,41.858757],[24.867109,41.85881],[24.867025,41.858863],[24.867016,41.85889],[24.866982,41.858895],[24.866979,41.858763],[24.867027,41.858586],[24.867162,41.858346],[24.867291,41.858263],[24.867413,41.858227],[24.867593,41.8582],[24.868148,41.85819],[24.868222,41.858144],[24.86832,41.858111],[24.868532,41.858074],[24.868668,41.858011],[24.868735,41.857936],[24.868791,41.857916],[24.868844,41.857865],[24.86909,41.857799],[24.869217,41.857683],[24.869241,41.857604],[24.869273,41.857564],[24.869408,41.857475],[24.869019,41.85747],[24.868845,41.857508],[24.868651,41.857704],[24.868331,41.857809],[24.868192,41.857876],[24.868096,41.857818],[24.867983,41.857703],[24.867863,41.85761],[24.867714,41.857571],[24.867554,41.857493],[24.867355,41.857294],[24.867265,41.857241],[24.866746,41.857223],[24.866708,41.857148],[24.866728,41.857069],[24.866891,41.857004],[24.867122,41.856972],[24.867362,41.85697],[24.867563,41.857],[24.867805,41.857063],[24.867839,41.85687],[24.867968,41.856824],[24.868183,41.856802],[24.868639,41.856717],[24.868384,41.856479],[24.868229,41.856224],[24.867689,41.85584],[24.867649,41.855766],[24.86764,41.855658],[24.867578,41.855553],[24.86743,41.855453],[24.866963,41.855272],[24.866611,41.855018],[24.866467,41.854965],[24.866392,41.854908],[24.866389,41.854802],[24.866417,41.854696],[24.866391,41.854579],[24.866418,41.854544],[24.866423,41.854417],[24.866393,41.85437],[24.866339,41.854347],[24.866318,41.854316],[24.866303,41.854262],[24.866313,41.854194],[24.866327,41.854173],[24.866398,41.854168],[24.866469,41.854198],[24.866645,41.854188],[24.866676,41.854091],[24.866662,41.854037],[24.866624,41.854028],[24.86632,41.854037],[24.866271,41.854012],[24.866259,41.853979],[24.866349,41.853918],[24.866518,41.853858],[24.866723,41.853684],[24.866786,41.853649],[24.866859,41.853563],[24.86689,41.853507],[24.866884,41.853472],[24.866744,41.853462],[24.866689,41.853486],[24.86655,41.853586],[24.866392,41.853735],[24.866339,41.853741],[24.86631,41.853677],[24.866344,41.853607],[24.866409,41.853501],[24.866486,41.85347],[24.866518,41.853407],[24.866209,41.853449],[24.865599,41.85348],[24.865526,41.853588],[24.865527,41.853616],[24.865546,41.853684],[24.865654,41.853823],[24.865672,41.853949],[24.865618,41.854057],[24.865567,41.854048],[24.86543,41.853938],[24.86533,41.853883],[24.865305,41.853853],[24.865314,41.853807],[24.865269,41.853772],[24.865161,41.853813],[24.865161,41.853866],[24.865081,41.853872],[24.865024,41.853858],[24.864959,41.85375],[24.864862,41.853721],[24.864827,41.853621],[24.864825,41.85355],[24.864667,41.85346],[24.864561,41.853362],[24.864525,41.85326],[24.864561,41.853148],[24.864762,41.852978],[24.864774,41.852947],[24.864744,41.852858],[24.864701,41.852816],[24.864624,41.852817],[24.864488,41.852857],[24.864421,41.852857],[24.864318,41.852975],[24.864241,41.853012],[24.86414,41.853025],[24.864139,41.853073],[24.864091,41.853109],[24.863975,41.853091],[24.86395,41.853079],[24.863937,41.853034],[24.863987,41.852984],[24.864109,41.852943],[24.864115,41.852885],[24.864024,41.852882],[24.863884,41.852945],[24.863737,41.8529],[24.863689,41.852935],[24.863712,41.853051],[24.863669,41.853094],[24.863251,41.853164],[24.863194,41.85316],[24.86315,41.8531],[24.863084,41.85293],[24.863041,41.852878],[24.863015,41.852873],[24.863013,41.853177],[24.863067,41.853611],[24.86296,41.853534],[24.862768,41.853448],[24.862753,41.853481],[24.862687,41.853497],[24.862533,41.853499],[24.86248,41.853514],[24.862497,41.853586],[24.862576,41.853633],[24.862578,41.853658],[24.862682,41.853699],[24.862806,41.853773],[24.86296,41.853829],[24.863117,41.853938],[24.862998,41.853992],[24.862948,41.854059],[24.862978,41.854103],[24.863118,41.854075],[24.86326,41.854072],[24.863299,41.854106],[24.863287,41.85413],[24.863225,41.854147],[24.863063,41.854153],[24.862996,41.854174],[24.863015,41.854211],[24.863238,41.854241],[24.863225,41.854347],[24.863114,41.854467],[24.86311,41.854496],[24.86318,41.854525],[24.863279,41.854534],[24.863304,41.854548],[24.863308,41.854581],[24.863272,41.854614],[24.863285,41.854665],[24.863336,41.85468],[24.863443,41.854674],[24.863706,41.854602],[24.863779,41.854496],[24.863912,41.854405],[24.864263,41.854286],[24.864452,41.854345],[24.864559,41.854471],[24.864622,41.854614],[24.864605,41.854728],[24.864479,41.85478],[24.864465,41.854971],[24.864415,41.855075],[24.864147,41.855173],[24.863976,41.85527],[24.863875,41.85535],[24.863895,41.855433],[24.864077,41.855499],[24.864243,41.855525],[24.864268,41.855638],[24.86425,41.855878],[24.864429,41.855937],[24.864758,41.855962],[24.86485,41.856029],[24.864983,41.856242],[24.865034,41.856389],[24.865164,41.856414],[24.865247,41.85649],[24.865292,41.856568],[24.865294,41.856752],[24.865427,41.85694],[24.865462,41.857157],[24.865515,41.857243],[24.865523,41.857305],[24.865586,41.857297],[24.865642,41.857202],[24.865685,41.857062],[24.865804,41.857083],[24.865848,41.857172],[24.86589,41.857405],[24.865941,41.857491],[24.86597,41.857527],[24.866113,41.85754],[24.866226,41.857589],[24.86626,41.857679],[24.86627,41.857977],[24.866256,41.8581],[24.866148,41.858161],[24.865948,41.858192],[24.865917,41.858261],[24.865911,41.858668],[24.865843,41.858814],[24.865758,41.858876],[24.865633,41.858888],[24.865574,41.858826],[24.865559,41.858717],[24.865515,41.858655],[24.865144,41.858715],[24.86471,41.858736],[24.864032,41.858682],[24.863957,41.858649],[24.863914,41.858563],[24.864142,41.858377],[24.864142,41.858272],[24.864215,41.858155],[24.864339,41.858048],[24.864731,41.857775],[24.864706,41.857701],[24.864641,41.857596],[24.864531,41.857488],[24.864479,41.857388],[24.864618,41.857255],[24.864464,41.857119],[24.864324,41.85705],[24.86422,41.857083],[24.863994,41.857307],[24.863895,41.857344],[24.86381,41.857196],[24.863531,41.857171],[24.863398,41.85708],[24.863235,41.856864],[24.863281,41.856779],[24.863399,41.856722],[24.863507,41.856622],[24.86352,41.856559],[24.863099,41.856801],[24.862965,41.856852],[24.862831,41.856821],[24.862763,41.856696],[24.862768,41.856509],[24.862831,41.856352],[24.862819,41.856205],[24.862891,41.856158],[24.863148,41.856207],[24.863261,41.856197],[24.86348,41.856073],[24.863574,41.856074],[24.863736,41.856171],[24.863849,41.856166],[24.863958,41.856123],[24.86404,41.85606],[24.864043,41.855992],[24.863966,41.855903],[24.863751,41.855723],[24.863613,41.85564],[24.863496,41.855496],[24.863403,41.855582],[24.863279,41.855638],[24.863131,41.85567],[24.862981,41.855668],[24.862887,41.855583],[24.86285,41.85547],[24.862912,41.855386],[24.86318,41.855403],[24.863265,41.855373],[24.86346,41.855223],[24.863552,41.855123],[24.863593,41.855024],[24.863582,41.854982],[24.863523,41.854959],[24.863369,41.854962],[24.863314,41.855028],[24.863197,41.855047],[24.863112,41.855027],[24.863061,41.854998],[24.862965,41.85488],[24.862926,41.854784],[24.862931,41.854644],[24.862859,41.85461],[24.862768,41.854639],[24.862644,41.854733],[24.862473,41.854717],[24.862465,41.854694],[24.862253,41.854688],[24.862363,41.85481],[24.862604,41.854883],[24.862649,41.854917],[24.862657,41.854948],[24.862646,41.85501],[24.862591,41.855022],[24.86245,41.855022],[24.862397,41.855004],[24.8622,41.855005],[24.862202,41.855075],[24.862223,41.855101],[24.862428,41.855201],[24.86248,41.855254],[24.86246,41.855302],[24.862414,41.855319],[24.862149,41.855294],[24.862105,41.855263],[24.861522,41.855266],[24.861237,41.855178],[24.861148,41.855088],[24.860944,41.855012],[24.860762,41.855007],[24.860738,41.855029],[24.860636,41.85503],[24.860598,41.855076],[24.860478,41.855142],[24.86042,41.855202],[24.860275,41.855287],[24.86022,41.855349],[24.860181,41.855363],[24.860142,41.855299],[24.86015,41.855233],[24.860384,41.855117],[24.860453,41.855065],[24.860539,41.854971],[24.86059,41.854885],[24.860419,41.85489],[24.860193,41.854972],[24.860111,41.85503],[24.860046,41.855103],[24.859931,41.855151],[24.859819,41.855159],[24.859742,41.85509],[24.859735,41.854954],[24.859638,41.854906],[24.859302,41.854791],[24.85918,41.854774],[24.859182,41.854706],[24.859348,41.854532],[24.85943,41.854351],[24.85929,41.854311],[24.859233,41.854263],[24.859255,41.854199],[24.859474,41.85409],[24.859406,41.854035],[24.859339,41.854004],[24.859124,41.853951],[24.859138,41.853908],[24.859191,41.85387],[24.859193,41.853825],[24.859141,41.853797],[24.858982,41.853759],[24.85891,41.853707],[24.85891,41.853645],[24.859158,41.853481],[24.859274,41.853373],[24.859351,41.853336],[24.859433,41.853317],[24.859596,41.853338],[24.859608,41.853172],[24.85959,41.853099],[24.859534,41.853036],[24.859413,41.853028],[24.859205,41.85309],[24.85908,41.853108],[24.858987,41.853111],[24.858914,41.853063],[24.858994,41.852738],[24.859045,41.852667],[24.859155,41.852673],[24.859671,41.85292],[24.860101,41.853159],[24.860326,41.853318],[24.860364,41.853362],[24.860445,41.853329],[24.86101,41.853385],[24.861364,41.853394],[24.862034,41.853472],[24.862156,41.853468],[24.862146,41.853425],[24.862065,41.853374],[24.861707,41.853406],[24.861591,41.853378],[24.861489,41.853331],[24.861377,41.853254],[24.861243,41.853204],[24.861146,41.853185],[24.860895,41.853181],[24.860788,41.853154],[24.86071,41.853094],[24.860748,41.853011],[24.86082,41.852991],[24.86097,41.852991],[24.861604,41.853189],[24.861683,41.853177],[24.861736,41.853144],[24.861763,41.85309],[24.861745,41.852941],[24.861585,41.852884],[24.861472,41.852861],[24.861359,41.852811],[24.861286,41.852761],[24.861245,41.852677],[24.861187,41.852639],[24.861021,41.852617],[24.860952,41.852529],[24.860872,41.852553],[24.860698,41.85266],[24.860629,41.852679],[24.860569,41.852638],[24.860229,41.852267],[24.860119,41.852205],[24.859868,41.851996],[24.859743,41.851978],[24.859626,41.852027],[24.859503,41.852229],[24.859346,41.852392],[24.859149,41.852432],[24.858448,41.852198],[24.858413,41.852172],[24.858458,41.851936],[24.858464,41.851591],[24.858492,41.851428],[24.858396,41.851376],[24.858335,41.851373],[24.858257,41.851391],[24.858168,41.851383],[24.85796,41.851295],[24.857753,41.85125],[24.857734,41.851214],[24.857988,41.851099],[24.85811,41.851013],[24.858094,41.850977],[24.858046,41.850956],[24.857898,41.85094],[24.857888,41.850968],[24.857839,41.851001],[24.857667,41.851057],[24.857577,41.851081],[24.857494,41.851086],[24.857454,41.85107],[24.857411,41.851002],[24.857416,41.850702],[24.857444,41.850449],[24.857441,41.850373],[24.857417,41.850315],[24.857288,41.850233],[24.857257,41.850233],[24.857212,41.850355],[24.857129,41.8504],[24.856557,41.8504],[24.856471,41.850382],[24.856536,41.84999],[24.856569,41.8499],[24.856618,41.849811],[24.856688,41.849769],[24.856779,41.849765],[24.85691,41.849358],[24.856971,41.84929],[24.857042,41.849251],[24.857114,41.849277],[24.857321,41.849461],[24.857343,41.849519],[24.857517,41.84973],[24.857614,41.849904],[24.857702,41.849888],[24.857661,41.84977],[24.857595,41.849691],[24.85714,41.849249],[24.856815,41.84906],[24.85673,41.848995],[24.856711,41.848934],[24.856727,41.848858],[24.856948,41.848635],[24.857065,41.848673],[24.857205,41.848754],[24.857717,41.849127],[24.857784,41.849147],[24.857958,41.849188],[24.858127,41.84919],[24.858228,41.849165],[24.858292,41.849101],[24.85848,41.849055],[24.858783,41.849053],[24.858903,41.849084],[24.859076,41.849198],[24.859175,41.849203],[24.859321,41.849248],[24.859475,41.849354],[24.859531,41.849369],[24.859628,41.849442],[24.859702,41.849439],[24.85979,41.849482],[24.859891,41.849478],[24.859933,41.849455],[24.859939,41.849383],[24.859919,41.84938],[24.859683,41.8491],[24.85966,41.849011],[24.859669,41.848921],[24.859773,41.848823],[24.859826,41.848796],[24.860017,41.848792],[24.860226,41.848942],[24.860275,41.848987],[24.860316,41.84906],[24.860532,41.849215],[24.86055,41.849331],[24.860641,41.849346],[24.860678,41.849411],[24.860778,41.849494],[24.860797,41.849547],[24.860743,41.849625],[24.860711,41.849816],[24.860846,41.849769],[24.861041,41.849737],[24.861097,41.849714],[24.86114,41.849576],[24.861252,41.849397],[24.861296,41.84917],[24.861339,41.84907],[24.861526,41.848916],[24.861609,41.848879],[24.861737,41.848853],[24.861766,41.849042],[24.861768,41.849235],[24.861825,41.84937],[24.861839,41.849535],[24.86188,41.849588],[24.861955,41.849761],[24.862002,41.849787],[24.862013,41.849852],[24.862122,41.849982],[24.862134,41.850029],[24.862215,41.850151],[24.862278,41.850222],[24.862446,41.850315],[24.862899,41.850519],[24.863081,41.8507],[24.863391,41.850836],[24.863478,41.850891],[24.863667,41.851194],[24.863721,41.851304],[24.863752,41.851422],[24.863825,41.851509],[24.863968,41.851546],[24.864157,41.851628],[24.864367,41.851689],[24.864541,41.851668],[24.86485,41.851516],[24.865037,41.851452],[24.865141,41.851481],[24.865229,41.851562],[24.865303,41.851665],[24.865336,41.851743],[24.865316,41.851793],[24.865159,41.851961],[24.865104,41.852049],[24.864948,41.852094],[24.864888,41.852069],[24.864531,41.851769],[24.864378,41.851773],[24.864238,41.85182],[24.864177,41.851855],[24.864153,41.851898],[24.864132,41.852082],[24.86418,41.852157],[24.864236,41.852182],[24.864511,41.852197],[24.864668,41.852255],[24.865043,41.852248],[24.86548,41.852045],[24.865594,41.852034],[24.865645,41.852074],[24.865488,41.852243],[24.865508,41.852326],[24.865575,41.852362],[24.865661,41.852307],[24.865721,41.852238],[24.865844,41.85202],[24.86594,41.851796],[24.866038,41.851776],[24.866103,41.851799],[24.866172,41.851896],[24.86605,41.852068],[24.866008,41.852177],[24.866038,41.852236],[24.866262,41.8522],[24.866338,41.852232],[24.866405,41.852304],[24.866435,41.852394],[24.866397,41.852462],[24.866437,41.852576],[24.866617,41.852719],[24.866381,41.85275],[24.865849,41.852774],[24.865692,41.852733],[24.865609,41.852657],[24.86536,41.852538],[24.865344,41.852603],[24.865229,41.85266],[24.865109,41.852661],[24.864913,41.852592],[24.864884,41.852568],[24.864806,41.852583],[24.864797,41.852621],[24.864822,41.85268],[24.865048,41.852756],[24.865179,41.852759],[24.865169,41.852819],[24.864944,41.852829],[24.864923,41.852848],[24.864954,41.852959],[24.865242,41.853034],[24.865298,41.853111],[24.865389,41.853167],[24.865563,41.853198],[24.865763,41.853199],[24.86641,41.853132],[24.866576,41.85313],[24.866625,41.85317],[24.866566,41.853204],[24.866452,41.85323],[24.866464,41.853264],[24.866517,41.853282],[24.866738,41.853308],[24.866877,41.853346],[24.867021,41.853407],[24.867093,41.853394],[24.867174,41.853328],[24.867276,41.853304],[24.867605,41.853377],[24.867799,41.853401],[24.867927,41.853399],[24.867929,41.853222],[24.867761,41.853106],[24.867621,41.853031],[24.867581,41.852976],[24.867594,41.852892],[24.867691,41.85289],[24.867808,41.852855],[24.868024,41.852756],[24.868227,41.852744],[24.868498,41.852677],[24.868655,41.852614],[24.868909,41.85254],[24.869061,41.852409],[24.869183,41.852387],[24.869245,41.852386],[24.86938,41.852424],[24.869514,41.852487],[24.869853,41.852573],[24.870039,41.852566],[24.870118,41.852508],[24.870095,41.852444],[24.869969,41.852375],[24.869907,41.852311],[24.869934,41.852225],[24.869924,41.851838],[24.869942,41.851793],[24.86985,41.851739],[24.869745,41.851635],[24.869728,41.851506],[24.869473,41.850936],[24.869378,41.850613],[24.869299,41.850453],[24.869259,41.850414],[24.869267,41.850276],[24.869304,41.850211],[24.869408,41.850201],[24.869454,41.850113],[24.869455,41.850031],[24.869399,41.849957],[24.869389,41.849901],[24.869435,41.849801],[24.86952,41.849709],[24.869601,41.849699],[24.869615,41.84968],[24.869733,41.849678],[24.86974,41.84957],[24.869612,41.849536],[24.869693,41.849322],[24.869774,41.849306],[24.869979,41.849395],[24.870121,41.849383],[24.86995,41.849321],[24.869885,41.84932],[24.869776,41.849241],[24.869877,41.849181],[24.869909,41.84912],[24.86991,41.849063],[24.869749,41.848786],[24.869724,41.848697],[24.869729,41.84864],[24.869819,41.848571],[24.870186,41.848425],[24.870248,41.848383],[24.870511,41.848307],[24.870785,41.848272],[24.870944,41.84829],[24.87122,41.848369],[24.871385,41.848365],[24.871449,41.848352],[24.871484,41.848328],[24.871495,41.848264],[24.871518,41.848262],[24.8715,41.848211],[24.87131,41.848243],[24.870898,41.848156],[24.870778,41.848147],[24.870633,41.848163],[24.870423,41.848202],[24.869574,41.848546],[24.869511,41.848657],[24.869533,41.848744],[24.869715,41.849012],[24.86976,41.849123],[24.869747,41.849188],[24.869605,41.849231],[24.869288,41.849283],[24.868664,41.849299],[24.868452,41.849287],[24.868007,41.849173],[24.867783,41.849173],[24.86773,41.849199],[24.867712,41.84926],[24.867599,41.849226],[24.86747,41.84913],[24.867409,41.849006],[24.867383,41.848802],[24.867298,41.848769],[24.867264,41.84873],[24.867233,41.848567],[24.867196,41.848499],[24.8672,41.848428],[24.867224,41.84837],[24.867288,41.848337],[24.867309,41.848281],[24.867427,41.848164],[24.867463,41.84809],[24.867422,41.847676],[24.867468,41.847527],[24.867567,41.847424],[24.86776,41.847271],[24.867819,41.847193],[24.867927,41.847136],[24.867888,41.847073],[24.867728,41.846951],[24.867387,41.846907],[24.866929,41.846813],[24.86678,41.846811],[24.866776,41.846785],[24.866995,41.846804],[24.867393,41.84689],[24.867739,41.846934],[24.867907,41.847062],[24.867946,41.847119],[24.867979,41.847086],[24.867992,41.847024],[24.867954,41.846681],[24.867901,41.846563],[24.86787,41.846426],[24.867724,41.846278],[24.867649,41.846038],[24.867408,41.846064],[24.867299,41.846032],[24.867222,41.845961],[24.867138,41.8458],[24.866948,41.84564],[24.866721,41.845504],[24.866436,41.845391],[24.866231,41.845289],[24.866153,41.845227],[24.866053,41.845206],[24.865917,41.845097],[24.86582,41.844972],[24.865794,41.844925],[24.865805,41.844807],[24.865946,41.84479],[24.866112,41.844818],[24.866332,41.844813],[24.86618,41.844715],[24.866179,41.844635],[24.866116,41.844606],[24.866108,41.84457],[24.866389,41.844338],[24.866427,41.844295],[24.866435,41.844246],[24.866395,41.844222],[24.866215,41.844191],[24.866007,41.844072],[24.865987,41.843937],[24.866006,41.843843],[24.866078,41.843719],[24.866162,41.843649],[24.866206,41.843633],[24.866262,41.843629],[24.866311,41.843661],[24.86638,41.843674],[24.866655,41.843789],[24.866595,41.843521],[24.866502,41.843275],[24.866507,41.843189],[24.866607,41.84312],[24.866673,41.843037],[24.866652,41.842976],[24.866526,41.842998],[24.866417,41.843042],[24.866292,41.84302],[24.866254,41.842936],[24.866262,41.842828],[24.866302,41.842728],[24.866266,41.842659],[24.866172,41.842592],[24.865943,41.842629],[24.865771,41.842628],[24.865624,41.842588],[24.865612,41.842497],[24.86565,41.842447],[24.865724,41.842401],[24.865953,41.842303],[24.86609,41.842209],[24.866388,41.842059],[24.866568,41.842029],[24.86668,41.842037],[24.866719,41.842065],[24.867025,41.84207],[24.867129,41.842128],[24.867432,41.842403],[24.868198,41.842888],[24.868348,41.84295],[24.868421,41.84301],[24.86846,41.843088],[24.868473,41.843168],[24.868504,41.843099],[24.868515,41.842963],[24.868514,41.842919],[24.868481,41.842895],[24.868496,41.842871],[24.868912,41.842974],[24.869032,41.843033],[24.869429,41.843167],[24.869505,41.843244],[24.869794,41.843331],[24.870204,41.843335],[24.870657,41.843292],[24.870775,41.843304],[24.870859,41.843338],[24.87086,41.843362],[24.87088,41.843347],[24.870887,41.843289],[24.870862,41.843236],[24.870308,41.843242],[24.870052,41.843222],[24.869927,41.843196],[24.869746,41.843114],[24.869339,41.842802],[24.869099,41.842705],[24.868821,41.842516],[24.868868,41.842439],[24.86897,41.84242],[24.869354,41.842437],[24.869262,41.842299],[24.869255,41.842177],[24.869385,41.842095],[24.869368,41.842029],[24.869262,41.842036],[24.869163,41.842066],[24.869177,41.842114],[24.868923,41.842152],[24.868623,41.842174],[24.868524,41.842096],[24.868361,41.841879],[24.868333,41.841772],[24.868154,41.841634],[24.868014,41.841558],[24.867867,41.84152],[24.86761,41.841281],[24.867602,41.841434],[24.867578,41.8415],[24.867478,41.841514],[24.867186,41.841447],[24.867117,41.841491],[24.866998,41.841919],[24.867025,41.841923],[24.867008,41.841949],[24.866731,41.84191],[24.866469,41.841905],[24.866064,41.841977],[24.865772,41.842127],[24.865448,41.842248],[24.865379,41.842298],[24.865198,41.842386],[24.865109,41.842495],[24.865043,41.842652],[24.865018,41.842776],[24.865013,41.843013],[24.865041,41.843167],[24.864974,41.843157],[24.864864,41.843178],[24.864075,41.843466],[24.863811,41.8435],[24.862995,41.843523],[24.862956,41.843505],[24.862949,41.843422],[24.862982,41.843237],[24.86298,41.843118],[24.862966,41.843039],[24.862933,41.843006],[24.863067,41.843072],[24.863097,41.843105],[24.863138,41.84318],[24.863175,41.843341],[24.863221,41.84336],[24.86328,41.843354],[24.863397,41.843308],[24.863529,41.843175],[24.863568,41.843095],[24.863635,41.843058],[24.863746,41.842906],[24.863899,41.84253],[24.863987,41.84241],[24.86419,41.842271],[24.864085,41.842198],[24.864036,41.842217],[24.863875,41.842203],[24.863714,41.842216],[24.863562,41.842251],[24.863399,41.842315],[24.863204,41.842443],[24.863148,41.842401],[24.863111,41.842313],[24.86304,41.842217],[24.862806,41.842201],[24.862653,41.842159],[24.862559,41.842091],[24.862475,41.841984],[24.862409,41.841803],[24.862413,41.84176],[24.86237,41.841717],[24.862305,41.841685],[24.861903,41.841679],[24.861384,41.8417],[24.861411,41.841663],[24.861597,41.841596],[24.861932,41.841563],[24.86201,41.841551],[24.862036,41.841532],[24.86199,41.841479],[24.861976,41.841421],[24.861934,41.841386],[24.86173,41.841377],[24.861681,41.841351],[24.861703,41.841306],[24.861804,41.841249],[24.861815,41.841227],[24.861797,41.841189],[24.861642,41.841095],[24.861625,41.841062],[24.861634,41.84101],[24.861691,41.840996],[24.861704,41.840977],[24.861876,41.841025],[24.862019,41.841097],[24.862089,41.841159],[24.862125,41.841219],[24.862239,41.841302],[24.862329,41.841329],[24.862815,41.84132],[24.863014,41.841344],[24.863054,41.841383],[24.863164,41.841301],[24.863343,41.841207],[24.863991,41.841021],[24.864206,41.841003],[24.864601,41.841006],[24.864712,41.840911],[24.86481,41.840882],[24.865281,41.840885],[24.865366,41.840898],[24.865422,41.840822],[24.865502,41.840793],[24.865748,41.840767],[24.865873,41.840739],[24.865875,41.840674],[24.86578,41.840635],[24.865643,41.840601],[24.865381,41.840572],[24.86535,41.840504],[24.865462,41.840446],[24.865789,41.840385],[24.865949,41.840382],[24.866075,41.840414],[24.866119,41.840473],[24.866186,41.840518],[24.866282,41.840479],[24.866472,41.840451],[24.866629,41.840468],[24.866687,41.840529],[24.866782,41.840523],[24.866807,41.840482],[24.866644,41.840341],[24.866631,41.840245],[24.866727,41.840167],[24.866853,41.840098],[24.867035,41.840061],[24.86756,41.840047],[24.867802,41.840011],[24.868053,41.839871],[24.868221,41.839828],[24.868409,41.839824],[24.868615,41.83984],[24.868866,41.839891],[24.869141,41.839974],[24.86941,41.839868],[24.86999,41.839592],[24.87027,41.83978],[24.870301,41.839861],[24.870282,41.839991],[24.870171,41.840212],[24.87013,41.84026],[24.870068,41.840459],[24.86996,41.840683],[24.869954,41.840876],[24.869984,41.840953],[24.870032,41.840987],[24.870298,41.841087],[24.870659,41.841187],[24.870794,41.841243],[24.871557,41.841488],[24.871803,41.841599],[24.871961,41.841717],[24.872176,41.842008],[24.872223,41.842222],[24.872354,41.842434],[24.872433,41.842524],[24.872518,41.842593],[24.872801,41.842758],[24.873128,41.842882],[24.87327,41.843006],[24.87335,41.843108],[24.873413,41.843068],[24.873455,41.843],[24.873434,41.842898],[24.873397,41.842866],[24.873146,41.842777],[24.873011,41.842676],[24.872969,41.842623],[24.872906,41.842599],[24.872839,41.842542],[24.872835,41.842517],[24.872929,41.842431],[24.873263,41.842412],[24.873427,41.842373],[24.873586,41.842387],[24.873994,41.842527],[24.874017,41.842498],[24.874153,41.84242],[24.874508,41.842256],[24.874688,41.84224],[24.874797,41.842303],[24.87483,41.842383],[24.874836,41.842469],[24.875204,41.842505],[24.875177,41.842428],[24.875073,41.842315],[24.874938,41.842208],[24.874776,41.842123],[24.874445,41.842102],[24.874271,41.842039],[24.873847,41.841976],[24.87364,41.841906],[24.873529,41.841786],[24.873453,41.841637],[24.873316,41.841497],[24.873181,41.84141],[24.873054,41.841438],[24.872934,41.841514],[24.872795,41.841564],[24.87271,41.841548],[24.872623,41.841492],[24.872178,41.840994],[24.872106,41.840856],[24.872115,41.840829],[24.872094,41.840784],[24.871992,41.840773],[24.871604,41.840777],[24.871499,41.84072],[24.871516,41.840633],[24.871578,41.840558],[24.871704,41.840545],[24.871795,41.840503],[24.87186,41.840452],[24.871972,41.84031],[24.871958,41.840065],[24.871884,41.839956],[24.87176,41.839841],[24.871662,41.839721],[24.871629,41.839644],[24.871638,41.83948],[24.871673,41.839438],[24.871734,41.839257],[24.871844,41.83918],[24.871924,41.839189],[24.872035,41.839283],[24.872064,41.839355],[24.872113,41.839422],[24.872161,41.839456],[24.872412,41.839426],[24.872501,41.839428],[24.872514,41.83944],[24.872494,41.839505],[24.872409,41.839583],[24.872395,41.839626],[24.872343,41.839649],[24.872338,41.839713],[24.872345,41.839998],[24.872401,41.840072],[24.872476,41.840127],[24.872557,41.84015],[24.872598,41.840179],[24.872917,41.840183],[24.873061,41.840236],[24.873184,41.840309],[24.873292,41.84041],[24.873333,41.840417],[24.873429,41.840478],[24.873456,41.840525],[24.873874,41.840715],[24.874051,41.840733],[24.874275,41.840721],[24.874625,41.840795],[24.874797,41.840789],[24.87503,41.84087],[24.875032,41.840966],[24.875125,41.841122],[24.875222,41.841181],[24.8754,41.841197],[24.875423,41.84111],[24.875587,41.840963],[24.875623,41.84088],[24.875848,41.840819],[24.87591,41.840818],[24.876004,41.84085],[24.876134,41.840854],[24.876139,41.840794],[24.876278,41.840679],[24.876412,41.84067],[24.876431,41.840649],[24.876483,41.840638],[24.8765,41.840581],[24.876608,41.840455],[24.876662,41.840429],[24.876679,41.840399],[24.87667,41.840329],[24.87659,41.840254],[24.876465,41.840207],[24.876347,41.840198],[24.876302,41.840204],[24.876231,41.84024],[24.876209,41.840298],[24.876139,41.840352],[24.875708,41.84043],[24.87571,41.839663],[24.875745,41.839502],[24.875837,41.839352],[24.876015,41.839422],[24.876118,41.839435],[24.876329,41.839408],[24.876562,41.839413],[24.87659,41.839379],[24.876665,41.839338],[24.876769,41.839229],[24.876813,41.839137],[24.876835,41.838985],[24.87688,41.838862],[24.877041,41.838616],[24.877154,41.838379],[24.87723,41.838345],[24.877384,41.838367],[24.877528,41.838406],[24.877603,41.8385],[24.877612,41.838599],[24.877396,41.838911],[24.877371,41.839031],[24.877356,41.839292],[24.877161,41.839439],[24.87715,41.839496],[24.87721,41.839576],[24.877221,41.839636],[24.877138,41.839835],[24.87716,41.839968],[24.876931,41.839972],[24.876913,41.840077],[24.876937,41.840203],[24.877132,41.840357],[24.877205,41.840675],[24.877271,41.840841],[24.877309,41.84087],[24.877375,41.840783],[24.877452,41.84063],[24.877602,41.840576],[24.877659,41.840496],[24.877636,41.840379],[24.877495,41.840229],[24.87752,41.840074],[24.877469,41.840102],[24.877405,41.840111],[24.87734,41.84003],[24.877322,41.83994],[24.877328,41.83985],[24.877279,41.839681],[24.877296,41.839592],[24.877451,41.839299],[24.877547,41.839273],[24.877667,41.839275],[24.87781,41.839302],[24.877952,41.839351],[24.878353,41.839597],[24.878405,41.839645],[24.878316,41.839814],[24.878265,41.839992],[24.878178,41.840027],[24.877969,41.839991],[24.87796,41.840045],[24.877899,41.840096],[24.878005,41.840197],[24.878034,41.840261],[24.878198,41.840385],[24.87817,41.840454],[24.878028,41.840609],[24.878044,41.84067],[24.878107,41.840673],[24.878236,41.840644],[24.878365,41.840641],[24.878897,41.840942],[24.878959,41.841008],[24.879036,41.841154],[24.879054,41.841263],[24.879021,41.841663],[24.879098,41.84176],[24.879226,41.841772],[24.879246,41.841848],[24.879123,41.8421],[24.878972,41.842323],[24.878908,41.842374],[24.878935,41.842393],[24.879035,41.842312],[24.879362,41.842213],[24.879452,41.84256],[24.879422,41.842579],[24.879306,41.842597],[24.879256,41.842626],[24.879077,41.842656],[24.879194,41.842772],[24.879281,41.84279],[24.879436,41.842787],[24.879451,41.842764],[24.879869,41.84277],[24.880192,41.842757],[24.880352,41.842778],[24.880377,41.84281],[24.880337,41.842876],[24.880129,41.842992],[24.879857,41.843108],[24.879804,41.843118],[24.879672,41.843186],[24.8796,41.843247],[24.879516,41.843374],[24.879259,41.843645],[24.879391,41.843747],[24.87963,41.84385],[24.879886,41.843858],[24.880066,41.843852],[24.880175,41.843812],[24.88038,41.843585],[24.880445,41.843538],[24.880606,41.843472],[24.880891,41.843435],[24.881092,41.843387],[24.881143,41.843393],[24.881378,41.843365],[24.881633,41.843363],[24.881753,41.84333],[24.88175,41.843154],[24.881694,41.843059],[24.881705,41.842936],[24.881211,41.842665],[24.881137,41.842595],[24.881212,41.842536],[24.881456,41.842416],[24.881452,41.842169],[24.88154,41.842106],[24.881669,41.84207],[24.881843,41.842066],[24.882122,41.842087],[24.88214,41.84204],[24.882134,41.842019],[24.881878,41.841946],[24.881572,41.841835],[24.88142,41.84171],[24.881319,41.841655],[24.881317,41.841583],[24.881415,41.841527],[24.88156,41.84148],[24.881926,41.841259],[24.881963,41.841255],[24.881931,41.841199],[24.881712,41.841096],[24.881631,41.841076],[24.881612,41.84104],[24.881559,41.841006],[24.881515,41.840952],[24.881473,41.84086],[24.881476,41.84079],[24.881537,41.840682],[24.881664,41.840527],[24.881752,41.840349],[24.881724,41.840112],[24.881675,41.839978],[24.881709,41.839939],[24.882156,41.839934],[24.882262,41.839963],[24.882324,41.840041],[24.882396,41.840365],[24.882499,41.840432],[24.882651,41.840468],[24.883061,41.840449],[24.883178,41.840464],[24.883302,41.840533],[24.883396,41.840559],[24.883584,41.840582],[24.884168,41.840584],[24.884204,41.840179],[24.884133,41.840134],[24.883997,41.840118],[24.884176,41.839968],[24.884437,41.839805],[24.884456,41.83965],[24.884514,41.839542],[24.884584,41.839477],[24.88464,41.839431],[24.884733,41.839454],[24.88477,41.839632],[24.884838,41.839705],[24.884957,41.839773],[24.885333,41.839927],[24.885427,41.839991],[24.885426,41.84003],[24.885224,41.840169],[24.885078,41.840226],[24.884956,41.840291],[24.884924,41.840325],[24.884967,41.840452],[24.885025,41.840548],[24.885106,41.840625],[24.885339,41.840716],[24.885362,41.840768],[24.884923,41.841038],[24.884759,41.841107],[24.884722,41.841163],[24.88488,41.841164],[24.884888,41.841253],[24.884802,41.841362],[24.88481,41.841387],[24.885011,41.841404],[24.885448,41.841313],[24.885494,41.84134],[24.885652,41.841359],[24.885749,41.841346],[24.885791,41.841182],[24.885932,41.841059],[24.886048,41.840989],[24.886146,41.840953],[24.886338,41.840804],[24.886368,41.840759],[24.886568,41.840667],[24.886684,41.840635],[24.886756,41.840585],[24.88689,41.840446],[24.886992,41.840374],[24.887114,41.840304],[24.887625,41.840235],[24.887657,41.840193],[24.887649,41.840031],[24.887669,41.839948],[24.887755,41.839878],[24.887851,41.839826],[24.888007,41.839776],[24.888046,41.839644],[24.888129,41.839604],[24.888212,41.839614],[24.888529,41.839724],[24.888623,41.839849],[24.888666,41.839861],[24.888888,41.839852],[24.888987,41.839761],[24.889127,41.839685],[24.889385,41.839388],[24.889427,41.83929],[24.889422,41.839103],[24.889384,41.839068],[24.889364,41.839072],[24.889017,41.839248],[24.888916,41.839253],[24.88885,41.839226],[24.888874,41.839153],[24.888978,41.839092],[24.889214,41.839009],[24.889538,41.838826],[24.889599,41.838783],[24.889701,41.838672],[24.889797,41.838606],[24.889868,41.838601],[24.889918,41.838701],[24.889961,41.838922],[24.890004,41.838983],[24.890056,41.838913],[24.890154,41.838418],[24.890219,41.838309],[24.890279,41.838246],[24.890508,41.838235],[24.891004,41.838302],[24.891028,41.838284],[24.891085,41.838283],[24.891124,41.838303],[24.891197,41.838309],[24.891234,41.838267],[24.891225,41.838167],[24.891164,41.837949],[24.891191,41.837913],[24.89133,41.837936],[24.891488,41.838096],[24.891874,41.838266],[24.891967,41.838356],[24.892205,41.838495],[24.892303,41.838566],[24.892314,41.838644],[24.892142,41.838722],[24.892103,41.838785],[24.892047,41.838822],[24.891955,41.838809],[24.891784,41.838713],[24.891671,41.838862],[24.891535,41.838962],[24.891551,41.839203],[24.891476,41.839346],[24.89149,41.839405],[24.891737,41.839643],[24.891789,41.839662],[24.891809,41.83966],[24.891801,41.839635],[24.892434,41.839617],[24.892492,41.839885],[24.892464,41.839937],[24.891924,41.840074],[24.89172,41.840055],[24.891704,41.840126],[24.891598,41.840316],[24.891539,41.840481],[24.891267,41.840762],[24.890786,41.841157],[24.890707,41.841238],[24.890648,41.841537],[24.891077,41.841405],[24.891145,41.841516],[24.891187,41.841666],[24.891246,41.842175],[24.891297,41.84231],[24.891319,41.842452],[24.891322,41.842584],[24.891391,41.842605],[24.891609,41.842578],[24.891659,41.842714],[24.89169,41.842937],[24.891769,41.843084],[24.892063,41.843377],[24.892231,41.843494],[24.892431,41.843544],[24.892585,41.843553],[24.892641,41.843522],[24.892665,41.843396],[24.892663,41.843273],[24.892603,41.843164],[24.892459,41.843011],[24.892766,41.842991],[24.892961,41.8429],[24.893092,41.842901],[24.893229,41.842943],[24.893284,41.842996],[24.893298,41.843121],[24.893283,41.84322],[24.893202,41.843256],[24.892933,41.843253],[24.892888,41.843298],[24.892869,41.843532],[24.892891,41.843592],[24.892993,41.84364],[24.893041,41.843712],[24.893008,41.843769],[24.892855,41.843775],[24.892708,41.843741],[24.892634,41.843765],[24.89266,41.843826],[24.892595,41.843932],[24.892349,41.844165],[24.892257,41.844278],[24.89218,41.844385],[24.892106,41.84457],[24.892058,41.844613],[24.891935,41.844669],[24.891831,41.844776],[24.891814,41.844834],[24.891785,41.844856],[24.891718,41.844868],[24.891556,41.844715],[24.891436,41.844557],[24.891386,41.844518],[24.89135,41.844456],[24.891148,41.844466],[24.890997,41.844421],[24.890541,41.844217],[24.890397,41.844168],[24.890344,41.844165],[24.890279,41.8442],[24.890218,41.844195],[24.890006,41.844221],[24.889932,41.844256],[24.889974,41.844325],[24.890035,41.844328],[24.890103,41.844375],[24.890157,41.844468],[24.890378,41.844559],[24.890469,41.844612],[24.890616,41.844729],[24.890651,41.844777],[24.890664,41.844825],[24.890649,41.844857],[24.890502,41.844769],[24.890256,41.8447],[24.890075,41.844703],[24.889684,41.844765],[24.889036,41.844911],[24.88892,41.844892],[24.888875,41.844869],[24.888756,41.844734],[24.888732,41.844659],[24.888665,41.844687],[24.888502,41.844838],[24.888345,41.844926],[24.888222,41.845014],[24.888182,41.845062],[24.887939,41.84519],[24.887891,41.845417],[24.887691,41.8458],[24.887612,41.845895],[24.887687,41.845951],[24.887793,41.845989],[24.88803,41.846014],[24.888538,41.846014],[24.888834,41.846078],[24.888935,41.846131],[24.889018,41.846137],[24.889076,41.846137],[24.889321,41.846084],[24.88941,41.84604],[24.88948,41.845978],[24.889543,41.845983],[24.88966,41.846039],[24.889651,41.846077],[24.889516,41.846258],[24.889514,41.846442],[24.889565,41.846544],[24.889662,41.846658],[24.889791,41.846749],[24.890135,41.846853],[24.890256,41.846912],[24.890359,41.846989],[24.890855,41.847527],[24.890905,41.847495],[24.890944,41.847498],[24.891016,41.847532],[24.891091,41.847591],[24.891202,41.847774],[24.891351,41.84794],[24.891378,41.84807],[24.891528,41.848247],[24.891915,41.848574],[24.892038,41.848697],[24.891941,41.848676],[24.891783,41.848612],[24.891635,41.848543],[24.891446,41.848422],[24.89146,41.848487],[24.891581,41.848568],[24.891636,41.848696],[24.891727,41.848786],[24.892105,41.849063],[24.893035,41.849585],[24.893352,41.849707],[24.893468,41.849734],[24.893473,41.849754],[24.893727,41.849684],[24.894125,41.84948],[24.894307,41.849431],[24.894442,41.849423],[24.894432,41.84938],[24.89446,41.849295],[24.894499,41.849274],[24.894692,41.849271],[24.894785,41.849293],[24.894888,41.849348],[24.895013,41.849388],[24.895307,41.849436],[24.895379,41.849497],[24.895384,41.849542],[24.89547,41.849551],[24.895682,41.849555],[24.895971,41.849518],[24.896084,41.849477],[24.896201,41.849413],[24.896346,41.849452],[24.896988,41.84911],[24.897484,41.848897],[24.897746,41.84868],[24.898367,41.848665],[24.898632,41.848639],[24.898805,41.848642],[24.899292,41.848771],[24.899456,41.848856],[24.899746,41.849073],[24.899881,41.849117],[24.900085,41.84921],[24.900347,41.84926],[24.900718,41.849478],[24.900782,41.849501],[24.900809,41.849315],[24.900897,41.849247],[24.901111,41.849277],[24.90139,41.849394],[24.901716,41.849498],[24.901726,41.849515],[24.901907,41.849518],[24.901968,41.849447],[24.90209,41.849418],[24.9022,41.849361],[24.902331,41.849343],[24.902428,41.849392],[24.902477,41.849475],[24.902455,41.849559],[24.902687,41.84959],[24.902908,41.849659],[24.903206,41.849777],[24.903464,41.849905],[24.904022,41.850037],[24.904415,41.850167],[24.904692,41.850196],[24.904956,41.850265],[24.905035,41.850315],[24.905439,41.850975],[24.905541,41.851264],[24.90558,41.851479],[24.905628,41.851605],[24.905652,41.851606],[24.905603,41.851475],[24.905565,41.851261],[24.905462,41.850968],[24.905054,41.850303],[24.904969,41.85025],[24.904814,41.850201],[24.904421,41.85015],[24.903884,41.849983],[24.903881,41.849941],[24.90384,41.849908],[24.903666,41.849855],[24.903763,41.849795],[24.903914,41.849658],[24.904174,41.849458],[24.904325,41.849301],[24.904741,41.848946],[24.905069,41.848716],[24.905159,41.848668],[24.905676,41.848513],[24.90585,41.848405],[24.905779,41.848276],[24.90585,41.848202],[24.906009,41.848079],[24.906115,41.848019],[24.906161,41.84801],[24.906269,41.84776],[24.906498,41.84742],[24.906593,41.847405],[24.906642,41.847473],[24.906654,41.847681],[24.906503,41.848232],[24.906476,41.848441],[24.906509,41.848456],[24.90652,41.848395],[24.906563,41.84836],[24.9066,41.848284],[24.906636,41.848049],[24.906756,41.847661],[24.906756,41.847597],[24.906605,41.847373],[24.907187,41.847375],[24.907399,41.847398],[24.907618,41.847519],[24.90767,41.847571],[24.907785,41.84764],[24.908023,41.847742],[24.908236,41.847719],[24.908666,41.847568],[24.909187,41.847419],[24.909346,41.847393],[24.909568,41.847382],[24.909583,41.847405],[24.909482,41.847491],[24.909183,41.847613],[24.908781,41.847861],[24.908661,41.8479],[24.908437,41.84805],[24.908301,41.848057],[24.908182,41.848014],[24.907891,41.847855],[24.907765,41.848015],[24.907652,41.84803],[24.907482,41.847971],[24.907285,41.847988],[24.907198,41.847962],[24.90711,41.847901],[24.907087,41.847863],[24.90706,41.847908],[24.907064,41.84799],[24.907308,41.848136],[24.907973,41.848455],[24.908375,41.848702],[24.909674,41.849827],[24.910147,41.850115],[24.910817,41.850454],[24.910935,41.850531],[24.911234,41.850789],[24.911601,41.851148],[24.912046,41.851467],[24.912503,41.851998],[24.912546,41.852061],[24.91266,41.852341],[24.912797,41.852808],[24.912783,41.853176],[24.912798,41.853669],[24.912975,41.854162],[24.913021,41.85445],[24.913029,41.854645],[24.912941,41.855016],[24.912935,41.855121],[24.913003,41.855445],[24.913239,41.855972],[24.913529,41.856446],[24.913597,41.856756],[24.913738,41.857057],[24.913958,41.857346],[24.914079,41.857555],[24.914244,41.857757],[24.914523,41.858024],[24.914752,41.858271],[24.915121,41.858613],[24.915561,41.858859],[24.915698,41.858911],[24.916315,41.859076],[24.9166,41.859169],[24.917715,41.85942],[24.917876,41.859472],[24.918144,41.859597],[24.918727,41.859809],[24.918857,41.859882],[24.919136,41.860138],[24.919522,41.860387],[24.919763,41.860575],[24.919954,41.860771],[24.920066,41.860984],[24.920173,41.861389],[24.920205,41.86161],[24.920162,41.861643],[24.920705,41.861641],[24.921385,41.8614],[24.9217,41.861328],[24.922074,41.861275],[24.922789,41.861025],[24.92298,41.860918],[24.923099,41.860821],[24.923263,41.86059],[24.923389,41.860344],[24.923429,41.860313],[24.923728,41.860311],[24.924107,41.860418],[24.924367,41.860415],[24.924594,41.860374],[24.925397,41.860029],[24.92552,41.860014],[24.925753,41.860035],[24.926044,41.860153],[24.926076,41.860135],[24.926168,41.860013],[24.926314,41.859752],[24.926439,41.859585],[24.926503,41.859523],[24.92669,41.859472],[24.926742,41.85931],[24.92673,41.859095],[24.926632,41.859004],[24.926609,41.858952],[24.926482,41.858787],[24.926338,41.858664],[24.926272,41.858556],[24.926122,41.858477],[24.925971,41.858438],[24.925666,41.858403],[24.9254,41.858297],[24.925082,41.858045],[24.925003,41.857921],[24.924991,41.857857],[24.924929,41.857756],[24.924764,41.857622],[24.924481,41.857486],[24.924373,41.857385],[24.924223,41.857335],[24.924208,41.857262],[24.924012,41.856984],[24.923816,41.856853],[24.923687,41.856805],[24.923437,41.856681],[24.923235,41.856517],[24.922084,41.857301],[24.921482,41.856971],[24.921006,41.856596],[24.920813,41.856413],[24.920777,41.856354],[24.920848,41.85635],[24.9209,41.856329],[24.920941,41.856289],[24.920961,41.856143],[24.921012,41.856081],[24.921254,41.855928],[24.921266,41.85577],[24.921223,41.855721],[24.920888,41.85572],[24.920854,41.85568],[24.920828,41.855568],[24.920845,41.855506],[24.920895,41.855477],[24.920937,41.855422],[24.920934,41.855387],[24.920914,41.855317],[24.920814,41.855217],[24.920817,41.855134],[24.920851,41.855092],[24.920844,41.854979],[24.920726,41.854829],[24.920682,41.854735],[24.920744,41.854631],[24.920725,41.85443],[24.920705,41.854387],[24.920239,41.854416],[24.920249,41.854222],[24.920217,41.854073],[24.920168,41.85362],[24.920121,41.8535],[24.919937,41.853341],[24.919771,41.853231],[24.919753,41.853148],[24.91983,41.853078],[24.920123,41.852983],[24.920274,41.852999],[24.920399,41.85307],[24.920454,41.853166],[24.92045,41.853341],[24.920468,41.853372],[24.920482,41.853719],[24.920505,41.853845],[24.920607,41.854065],[24.920651,41.854121],[24.921864,41.853989],[24.921842,41.853933],[24.921757,41.853194],[24.921691,41.852921],[24.921673,41.852701],[24.921681,41.852567],[24.92159,41.852423],[24.921541,41.852305],[24.921551,41.85216],[24.921607,41.852044],[24.921632,41.851869],[24.921694,41.851665],[24.921688,41.85158],[24.921676,41.851515],[24.921611,41.851395],[24.921573,41.851221],[24.921527,41.851105],[24.921482,41.850768],[24.921424,41.85068],[24.921398,41.850464],[24.921346,41.850342],[24.921184,41.850066],[24.920972,41.849865],[24.920912,41.849752],[24.920573,41.849414],[24.92055,41.849354],[24.920453,41.84925],[24.920341,41.849057],[24.920239,41.848922],[24.920222,41.848836],[24.920237,41.848733],[24.920352,41.84853],[24.920364,41.848427],[24.920424,41.848361],[24.920433,41.848268],[24.920398,41.848038],[24.920355,41.847945],[24.920297,41.847658],[24.920096,41.84718],[24.920056,41.847141],[24.919766,41.846635],[24.919616,41.846472],[24.919535,41.846411],[24.919497,41.846351],[24.919407,41.8463],[24.919342,41.846141],[24.919353,41.845942],[24.919394,41.845823],[24.919402,41.845709],[24.91947,41.845499],[24.919502,41.845206],[24.919547,41.845153],[24.919749,41.84474],[24.919919,41.844516],[24.92002,41.844327],[24.920117,41.844197],[24.920149,41.844116],[24.920292,41.843952],[24.920598,41.843275],[24.920699,41.842994],[24.920753,41.842902],[24.920936,41.842374],[24.921024,41.841967],[24.921059,41.841908],[24.92116,41.841594],[24.92121,41.841306],[24.915833,41.841154],[24.915867,41.840617],[24.915683,41.84063],[24.915582,41.840606],[24.915369,41.840601],[24.915267,41.840656],[24.915098,41.840811],[24.914947,41.840868],[24.914781,41.840875],[24.91469,41.840805],[24.914665,41.840716],[24.91473,41.840586],[24.914687,41.840326],[24.914608,41.840134],[24.914625,41.840087],[24.914386,41.840084],[24.914022,41.840052],[24.913656,41.839995],[24.913328,41.839965],[24.913093,41.839902],[24.91273,41.839873],[24.912547,41.83984],[24.912333,41.839831],[24.911921,41.839775],[24.911566,41.839767],[24.91114,41.83969],[24.910956,41.839691],[24.910619,41.83963],[24.910348,41.839562],[24.909444,41.839446],[24.908907,41.839339],[24.908765,41.839287],[24.908225,41.839162],[24.907487,41.839065],[24.907316,41.839027],[24.907163,41.839016],[24.906782,41.838922],[24.906519,41.839064],[24.906403,41.839204],[24.906397,41.839235],[24.906501,41.840208],[24.906516,41.840834],[24.90657,41.841255],[24.906579,41.841575],[24.906325,41.841868],[24.905922,41.842191],[24.905778,41.842269],[24.905355,41.842363],[24.905097,41.842393],[24.905193,41.842578],[24.905321,41.842687],[24.905308,41.842751],[24.905206,41.842844],[24.905096,41.842894],[24.904859,41.842913],[24.904764,41.842902],[24.904717,41.842848],[24.904548,41.842868],[24.904513,41.842922],[24.904477,41.842926],[24.904377,41.843006],[24.904359,41.843059],[24.904388,41.843175],[24.904527,41.843451],[24.904641,41.843627],[24.90462,41.843667],[24.904536,41.843738],[24.904415,41.843821],[24.904346,41.843844],[24.904263,41.843835],[24.904213,41.843791],[24.904081,41.84349],[24.90401,41.843484],[24.903904,41.843444],[24.903762,41.843428],[24.903572,41.843434],[24.903474,41.843387],[24.903164,41.843112],[24.903008,41.843005],[24.902808,41.842796],[24.902601,41.842522],[24.90248,41.842399],[24.9024,41.842633],[24.902393,41.842804],[24.902432,41.842934],[24.902577,41.843165],[24.902645,41.843219],[24.902687,41.843293],[24.90267,41.843365],[24.902598,41.843384],[24.902519,41.84334],[24.902405,41.843171],[24.902255,41.843057],[24.902198,41.843099],[24.90216,41.843162],[24.902163,41.843243],[24.902217,41.84332],[24.902206,41.843346],[24.902088,41.843392],[24.901975,41.843462],[24.901891,41.843467],[24.901836,41.843419],[24.901825,41.843328],[24.901851,41.843228],[24.90201,41.843116],[24.901987,41.84295],[24.902059,41.842528],[24.902063,41.842409],[24.902028,41.842207],[24.902088,41.842133],[24.902171,41.842068],[24.902083,41.841997],[24.901863,41.841716],[24.901473,41.841055],[24.901349,41.840902],[24.901312,41.84083],[24.901245,41.840799],[24.900696,41.840758],[24.900395,41.840756],[24.899846,41.840726],[24.899691,41.840765],[24.899548,41.840833],[24.899384,41.840943],[24.899315,41.840967],[24.89927,41.84091],[24.899149,41.84092],[24.899071,41.840888],[24.89915,41.841114],[24.899198,41.841353],[24.899051,41.841433],[24.89918,41.841591],[24.899219,41.841678],[24.899233,41.841767],[24.899169,41.841844],[24.899035,41.841863],[24.89869,41.841805],[24.898649,41.841804],[24.89856,41.841839],[24.898719,41.841853],[24.898921,41.842018],[24.89902,41.842179],[24.899074,41.842359],[24.899192,41.84237],[24.899213,41.842425],[24.899109,41.842629],[24.899148,41.8427],[24.899254,41.842634],[24.899341,41.84254],[24.899408,41.842433],[24.899465,41.842393],[24.899567,41.842458],[24.899835,41.842725],[24.899972,41.842966],[24.899967,41.843033],[24.900037,41.843196],[24.900042,41.843315],[24.90009,41.843454],[24.900257,41.843685],[24.900266,41.843783],[24.900158,41.844008],[24.900222,41.844115],[24.900254,41.844225],[24.900258,41.844496],[24.900186,41.844567],[24.90006,41.844619],[24.899978,41.844675],[24.899847,41.844803],[24.899727,41.844859],[24.899583,41.844953],[24.899519,41.845048],[24.899465,41.84518],[24.899659,41.845321],[24.900018,41.845093],[24.900142,41.845035],[24.900384,41.844996],[24.900514,41.845022],[24.900609,41.84514],[24.900639,41.845391],[24.900588,41.845475],[24.900619,41.845571],[24.900833,41.845637],[24.901106,41.845669],[24.901239,41.845742],[24.901436,41.845988],[24.901642,41.846354],[24.90181,41.846422],[24.901919,41.846444],[24.902167,41.846576],[24.902269,41.846637],[24.902313,41.846715],[24.902308,41.846822],[24.902226,41.847047],[24.902074,41.847259],[24.901925,41.847287],[24.901849,41.847323],[24.901775,41.847396],[24.901801,41.84749],[24.901791,41.847561],[24.901729,41.847617],[24.901591,41.847697],[24.901368,41.847808],[24.901272,41.847787],[24.901195,41.847708],[24.901056,41.847516],[24.900943,41.847279],[24.90093,41.847196],[24.900952,41.847064],[24.90102,41.846977],[24.901006,41.84661],[24.900885,41.846374],[24.90082,41.846313],[24.900702,41.846229],[24.900529,41.846178],[24.900145,41.846196],[24.899923,41.846248],[24.89964,41.846349],[24.899362,41.846399],[24.898437,41.846475],[24.897968,41.846549],[24.897697,41.846671],[24.897406,41.846886],[24.897294,41.846951],[24.897163,41.846988],[24.896987,41.847014],[24.896747,41.847027],[24.896524,41.847089],[24.896349,41.846881],[24.896093,41.846745],[24.896012,41.846658],[24.896029,41.846558],[24.896067,41.846501],[24.895986,41.84656],[24.895886,41.846739],[24.895899,41.846794],[24.895859,41.846835],[24.895748,41.846807],[24.89558,41.846812],[24.895489,41.846795],[24.895348,41.846722],[24.895326,41.846739],[24.895184,41.846775],[24.895143,41.846737],[24.895094,41.84653],[24.895121,41.846499],[24.895076,41.846443],[24.895097,41.846394],[24.895152,41.846383],[24.895266,41.846419],[24.895222,41.846276],[24.895251,41.846213],[24.895318,41.84619],[24.895333,41.846117],[24.895369,41.846109],[24.895485,41.846235],[24.895512,41.846325],[24.895606,41.846472],[24.895608,41.846503],[24.895565,41.846504],[24.895573,41.846531],[24.895848,41.846714],[24.895944,41.84654],[24.896071,41.846454],[24.895923,41.846178],[24.895936,41.846081],[24.896089,41.84593],[24.896093,41.845843],[24.895996,41.845625],[24.895964,41.845475],[24.895983,41.845419],[24.896109,41.845256],[24.896126,41.84514],[24.896097,41.845025],[24.896081,41.844759],[24.89609,41.844415],[24.896114,41.844294],[24.896238,41.844019],[24.896321,41.843883],[24.896429,41.843781],[24.896564,41.843713],[24.89671,41.843708],[24.896828,41.843745],[24.896888,41.843823],[24.896927,41.844117],[24.897092,41.843983],[24.897338,41.843933],[24.897496,41.843875],[24.897618,41.843731],[24.897622,41.84365],[24.897588,41.843575],[24.897589,41.843502],[24.897727,41.843367],[24.897724,41.843174],[24.897747,41.84306],[24.897778,41.843015],[24.897844,41.842966],[24.897971,41.842908],[24.897982,41.842798],[24.898051,41.842743],[24.898141,41.84272],[24.898304,41.842552],[24.898256,41.842482],[24.898212,41.842259],[24.898055,41.842018],[24.89801,41.841986],[24.89797,41.841861],[24.897802,41.841694],[24.89771,41.841565],[24.897486,41.841445],[24.897469,41.841368],[24.897537,41.841097],[24.897536,41.84099],[24.897466,41.840988],[24.897371,41.841009],[24.897323,41.840965],[24.897333,41.840298],[24.897386,41.840179],[24.897461,41.840069],[24.897628,41.839912],[24.897684,41.839817],[24.897684,41.839758],[24.89627,41.839795],[24.896221,41.839578],[24.896038,41.83932],[24.895913,41.839189],[24.895685,41.839002],[24.895642,41.838928],[24.8955,41.838874],[24.895348,41.838794],[24.895307,41.838749],[24.895213,41.83872],[24.894975,41.838682],[24.894912,41.838654],[24.89478,41.838549],[24.894734,41.838572],[24.894711,41.838633],[24.894727,41.838679],[24.894788,41.838753],[24.894882,41.838815],[24.894947,41.838921],[24.894934,41.838954],[24.894746,41.83895],[24.894551,41.838856],[24.894228,41.838636],[24.894136,41.838535],[24.89423,41.838481],[24.894392,41.83842],[24.894444,41.838336],[24.894408,41.838259],[24.894354,41.838216],[24.894311,41.838138],[24.894216,41.838044],[24.894073,41.838009],[24.893912,41.83801],[24.893828,41.837972],[24.893815,41.837936],[24.893752,41.837893],[24.893502,41.837783],[24.893457,41.837728],[24.893413,41.83745],[24.893247,41.837364],[24.893089,41.837327],[24.893003,41.837324],[24.892879,41.837268],[24.892825,41.837204],[24.892743,41.837057],[24.892753,41.837003],[24.892854,41.836868],[24.893074,41.836776],[24.893206,41.836687],[24.893233,41.836616],[24.893215,41.836545],[24.893018,41.836501],[24.892729,41.836486],[24.892631,41.836417],[24.892615,41.836377],[24.892867,41.836284],[24.892851,41.836236],[24.892803,41.836171],[24.892601,41.836135],[24.892543,41.836093],[24.892352,41.83603],[24.892307,41.835987],[24.892419,41.835816],[24.8924,41.83561],[24.892354,41.835519],[24.892191,41.835406],[24.892115,41.835389],[24.892045,41.83539],[24.891954,41.835413],[24.89176,41.835575],[24.891487,41.83561],[24.891349,41.835685],[24.891336,41.835748],[24.891261,41.83578],[24.891023,41.835829],[24.890632,41.835839],[24.890503,41.835801],[24.890353,41.835724],[24.889922,41.83546],[24.889805,41.835521],[24.889725,41.835487],[24.889639,41.835423],[24.889482,41.83535],[24.8894,41.835272],[24.889361,41.835202],[24.88897,41.834965],[24.888644,41.834919],[24.888486,41.834968],[24.888351,41.835062],[24.888259,41.835156],[24.888109,41.835236],[24.887982,41.835208],[24.887841,41.835147],[24.887726,41.835212],[24.88749,41.835245],[24.887431,41.835164],[24.88742,41.835063],[24.887354,41.834998],[24.887224,41.834958],[24.887176,41.83495],[24.887139,41.835001],[24.887051,41.835067],[24.88697,41.83508],[24.886748,41.83502],[24.886609,41.835022],[24.88653,41.834985],[24.886528,41.834847],[24.885746,41.834827],[24.885593,41.834851],[24.88557,41.834825],[24.88582,41.834764],[24.885861,41.834705],[24.885932,41.834668],[24.886014,41.83465],[24.886217,41.834656],[24.88639,41.834706],[24.886484,41.834697],[24.886647,41.834626],[24.886778,41.834591],[24.887159,41.834516],[24.887561,41.834339],[24.887693,41.834213],[24.888057,41.834042],[24.888147,41.834018],[24.888306,41.834015],[24.888449,41.833991],[24.888561,41.833947],[24.88877,41.833898],[24.889087,41.833728],[24.889051,41.833719],[24.888907,41.833625],[24.888525,41.833736],[24.888308,41.833778],[24.888206,41.833813],[24.88775,41.834055],[24.887278,41.834194],[24.887216,41.834241],[24.887124,41.834258],[24.886981,41.83434],[24.886838,41.834372],[24.886758,41.834364],[24.886757,41.834264],[24.886826,41.834181],[24.88689,41.834139],[24.886885,41.834015],[24.886967,41.833965],[24.886988,41.833924],[24.886976,41.833848],[24.886993,41.833752],[24.886975,41.833718],[24.886452,41.833544],[24.886381,41.833495],[24.886316,41.833415],[24.885918,41.833413],[24.885408,41.833468],[24.885271,41.833469],[24.88514,41.833442],[24.884955,41.833314],[24.884843,41.833263],[24.884462,41.833137],[24.884364,41.833086],[24.884133,41.833001],[24.884053,41.832943],[24.883863,41.8329],[24.883789,41.83294],[24.883776,41.833011],[24.883781,41.833296],[24.883768,41.833354],[24.883682,41.833497],[24.883542,41.833606],[24.883431,41.833662],[24.88326,41.833695],[24.883255,41.833836],[24.883184,41.833892],[24.883115,41.833915],[24.882972,41.833918],[24.882921,41.833956],[24.882959,41.83401],[24.882818,41.834067],[24.882812,41.834186],[24.882655,41.834297],[24.882555,41.83433],[24.882486,41.834385],[24.882376,41.834438],[24.882384,41.834465],[24.882549,41.834591],[24.882811,41.83484],[24.883208,41.83515],[24.883457,41.83542],[24.883872,41.836047],[24.883968,41.836243],[24.88408,41.836384],[24.884232,41.836536],[24.884322,41.836676],[24.884409,41.836928],[24.884512,41.837102],[24.884611,41.837334],[24.884657,41.837483],[24.88468,41.837656],[24.884709,41.837696],[24.884828,41.837717],[24.88494,41.837715],[24.885178,41.83778],[24.885328,41.837889],[24.885328,41.837985],[24.885313,41.83801],[24.885247,41.83805],[24.885133,41.838065],[24.885075,41.838168],[24.885181,41.838187],[24.885276,41.838261],[24.885285,41.838502],[24.885313,41.838674],[24.885398,41.838752],[24.885402,41.838796],[24.885463,41.8389],[24.885472,41.838998],[24.885442,41.839071],[24.885363,41.839197],[24.885246,41.839254],[24.885105,41.83925],[24.885033,41.839211],[24.884861,41.839052],[24.884817,41.838963],[24.88455,41.838898],[24.884369,41.838824],[24.883758,41.838657],[24.883586,41.838598],[24.883296,41.83847],[24.88304,41.838327],[24.88277,41.838145],[24.882392,41.837818],[24.882262,41.837756],[24.88214,41.837668],[24.881804,41.837513],[24.88123,41.837281],[24.881052,41.837239],[24.880634,41.837101],[24.880061,41.836963],[24.879611,41.836807],[24.879003,41.836659],[24.877796,41.836324],[24.877063,41.836164],[24.876653,41.836059],[24.875933,41.836024],[24.874787,41.836015],[24.87373,41.836026],[24.873397,41.835995],[24.871419,41.836022],[24.870997,41.835996],[24.870621,41.835922],[24.870151,41.835869],[24.86981,41.835799]],[[24.852016,41.846629],[24.851993,41.846413],[24.851863,41.846357],[24.851647,41.846184],[24.851388,41.846034],[24.851387,41.845961],[24.851421,41.845892],[24.851692,41.845773],[24.851764,41.845729],[24.852078,41.845662],[24.852278,41.845659],[24.85233,41.845679],[24.852556,41.845679],[24.852596,41.84574],[24.852495,41.846095],[24.85255,41.84622],[24.852603,41.846279],[24.852668,41.846442],[24.852687,41.846532],[24.852665,41.846598],[24.852622,41.846657],[24.852557,41.846695],[24.852041,41.846699],[24.852016,41.846629]],[[24.856412,41.847182],[24.856504,41.847216],[24.856566,41.847277],[24.856604,41.847523],[24.85658,41.84759],[24.85641,41.847656],[24.85668,41.848565],[24.85676,41.848772],[24.856741,41.848803],[24.856589,41.848876],[24.856484,41.848896],[24.856241,41.848865],[24.856198,41.848831],[24.856191,41.848789],[24.856218,41.848753],[24.856105,41.848674],[24.856099,41.848633],[24.856238,41.848587],[24.856253,41.848549],[24.85619,41.848483],[24.856154,41.848534],[24.856073,41.848563],[24.855684,41.848597],[24.855512,41.848579],[24.855143,41.848499],[24.855059,41.848447],[24.855029,41.848379],[24.855074,41.848258],[24.85508,41.848137],[24.85513,41.848099],[24.855197,41.848078],[24.855555,41.848053],[24.855915,41.847923],[24.85598,41.847857],[24.856011,41.847738],[24.855986,41.847319],[24.856037,41.847262],[24.856149,41.847216],[24.856412,41.847182]],[[24.857558,41.845918],[24.857597,41.845613],[24.857663,41.845547],[24.858145,41.845537],[24.858558,41.845503],[24.858624,41.845589],[24.858656,41.845691],[24.858668,41.845952],[24.858507,41.846281],[24.858498,41.846359],[24.858448,41.846438],[24.858406,41.846453],[24.858349,41.846438],[24.8583,41.846385],[24.858172,41.846306],[24.858031,41.8464],[24.857985,41.846399],[24.857941,41.846346],[24.857974,41.846098],[24.857689,41.84606],[24.857596,41.846021],[24.857558,41.845918]],[[24.85586,41.845125],[24.855767,41.845287],[24.85568,41.845362],[24.855354,41.845274],[24.854699,41.845158],[24.85459,41.845098],[24.854522,41.845037],[24.854556,41.844989],[24.854674,41.844952],[24.854801,41.844933],[24.85523,41.845012],[24.855441,41.84503],[24.8558,41.844985],[24.855873,41.845002],[24.85586,41.845125]],[[24.859928,41.846005],[24.859392,41.846039],[24.859024,41.84603],[24.858924,41.84599],[24.858903,41.845945],[24.858905,41.845807],[24.85896,41.845719],[24.859102,41.845678],[24.859533,41.845654],[24.859682,41.845685],[24.860005,41.84592],[24.859977,41.845984],[24.859928,41.846005]],[[24.860601,41.84495],[24.860303,41.845028],[24.860143,41.845027],[24.860059,41.844976],[24.86009,41.844918],[24.860342,41.844829],[24.860474,41.844622],[24.86056,41.844557],[24.860696,41.844547],[24.860828,41.844568],[24.860859,41.844637],[24.860852,41.844708],[24.86079,41.844791],[24.860707,41.844885],[24.860601,41.84495]],[[24.866047,41.859915],[24.866041,41.85986],[24.866003,41.859809],[24.865707,41.859828],[24.865466,41.859824],[24.865414,41.859794],[24.865425,41.859754],[24.865467,41.859691],[24.86557,41.859595],[24.865555,41.85952],[24.865353,41.85944],[24.865233,41.859341],[24.865122,41.859282],[24.864976,41.859304],[24.864824,41.859294],[24.864713,41.859228],[24.864921,41.859138],[24.865032,41.859129],[24.86514,41.859154],[24.865169,41.859107],[24.865133,41.859038],[24.865088,41.859017],[24.865022,41.859011],[24.864872,41.859057],[24.864695,41.859078],[24.864501,41.859081],[24.864404,41.859036],[24.864297,41.858949],[24.864265,41.858897],[24.864288,41.858871],[24.864341,41.85885],[24.864419,41.858847],[24.864725,41.858871],[24.865121,41.858863],[24.86542,41.858912],[24.865613,41.859006],[24.865833,41.859188],[24.866404,41.859437],[24.866566,41.859421],[24.8667,41.859387],[24.86693,41.859299],[24.866746,41.859492],[24.866676,41.859587],[24.866657,41.859643],[24.866597,41.859657],[24.866526,41.859731],[24.866269,41.859841],[24.866151,41.859925],[24.866008,41.860095],[24.865992,41.860138],[24.865982,41.860052],[24.866047,41.859915]],[[24.85372,41.846506],[24.853799,41.846568],[24.853843,41.84666],[24.85393,41.846709],[24.854225,41.846756],[24.854555,41.846733],[24.854676,41.846734],[24.85481,41.846759],[24.854847,41.846828],[24.854837,41.846997],[24.854807,41.847055],[24.854802,41.847111],[24.854804,41.847274],[24.854836,41.847461],[24.855138,41.847808],[24.855162,41.847853],[24.854922,41.848374],[24.854789,41.84861],[24.854647,41.848804],[24.854648,41.848882],[24.854622,41.848977],[24.854358,41.849066],[24.85424,41.849045],[24.854127,41.849006],[24.853994,41.848926],[24.853937,41.848864],[24.853945,41.848797],[24.853995,41.848742],[24.854226,41.848653],[24.854047,41.84858],[24.85377,41.848404],[24.853547,41.848212],[24.853491,41.848113],[24.853471,41.848017],[24.8535,41.847935],[24.853609,41.847796],[24.853639,41.847723],[24.853641,41.847649],[24.853691,41.847603],[24.853824,41.84758],[24.853886,41.847544],[24.853888,41.847486],[24.853869,41.847454],[24.853616,41.84744],[24.853418,41.847343],[24.853378,41.84729],[24.853401,41.847031],[24.853142,41.846498],[24.853121,41.846408],[24.853167,41.846344],[24.853235,41.846299],[24.853352,41.846296],[24.853457,41.846341],[24.853522,41.846402],[24.85372,41.846506]],[[24.862489,41.855707],[24.862957,41.855842],[24.862799,41.855992],[24.86273,41.856149],[24.862716,41.856461],[24.862684,41.85654],[24.862305,41.856404],[24.861874,41.856304],[24.861444,41.856182],[24.861417,41.856115],[24.861464,41.856049],[24.86146,41.855977],[24.86142,41.855884],[24.861457,41.855796],[24.861584,41.855796],[24.861817,41.855887],[24.862009,41.85566],[24.862112,41.855587],[24.86227,41.855618],[24.862489,41.855707]],[[24.864274,41.853621],[24.864317,41.853747],[24.864392,41.85386],[24.86437,41.8539],[24.864009,41.85385],[24.863787,41.853839],[24.863539,41.8535],[24.863519,41.853401],[24.863607,41.85336],[24.863951,41.85333],[24.864099,41.853286],[24.864234,41.853288],[24.864274,41.853621]],[[24.889082,41.838985],[24.888813,41.839086],[24.88872,41.839135],[24.888664,41.839096],[24.888525,41.838844],[24.888543,41.838808],[24.889034,41.838549],[24.889125,41.838452],[24.889142,41.838315],[24.889201,41.838256],[24.889227,41.838188],[24.889447,41.83804],[24.889541,41.838026],[24.889626,41.838055],[24.889655,41.838112],[24.889644,41.838235],[24.889561,41.838401],[24.889608,41.838537],[24.889599,41.838567],[24.889448,41.83874],[24.889218,41.838906],[24.889082,41.838985]],[[24.892711,41.840074],[24.892714,41.839732],[24.893173,41.839748],[24.893129,41.840015],[24.892711,41.840074]],[[24.889709,41.838335],[24.889738,41.838077],[24.889732,41.837972],[24.889683,41.837907],[24.889468,41.837927],[24.889442,41.837871],[24.889482,41.837678],[24.889449,41.837598],[24.889453,41.837519],[24.889544,41.83746],[24.889586,41.837382],[24.889475,41.837259],[24.889558,41.837226],[24.889731,41.837257],[24.889805,41.837345],[24.890012,41.837773],[24.890039,41.837873],[24.890034,41.837978],[24.890009,41.838023],[24.889754,41.838338],[24.889709,41.838335]],[[24.87982,41.840712],[24.879762,41.840762],[24.879699,41.840734],[24.879581,41.840409],[24.879565,41.840281],[24.879492,41.840194],[24.879388,41.840116],[24.879195,41.839838],[24.879003,41.839642],[24.878815,41.839571],[24.878598,41.839516],[24.878238,41.83947],[24.878206,41.839382],[24.878206,41.839066],[24.878142,41.839018],[24.878018,41.839013],[24.877883,41.838983],[24.877815,41.83873],[24.877805,41.838449],[24.877767,41.838333],[24.877649,41.838168],[24.877609,41.838062],[24.877619,41.837672],[24.877688,41.837616],[24.87783,41.837581],[24.877959,41.837524],[24.878086,41.837501],[24.878401,41.837505],[24.878594,41.837535],[24.87874,41.837588],[24.878767,41.837684],[24.878737,41.837939],[24.878753,41.838066],[24.878869,41.838296],[24.878952,41.838518],[24.879023,41.83861],[24.879115,41.838682],[24.879343,41.83869],[24.879474,41.83873],[24.879507,41.838803],[24.879517,41.838918],[24.879668,41.839262],[24.879982,41.839485],[24.880049,41.839577],[24.880037,41.839796],[24.879913,41.840019],[24.879904,41.840111],[24.879962,41.840219],[24.879958,41.840328],[24.879888,41.840605],[24.87982,41.840712]],[[24.879521,41.841294],[24.879503,41.84163],[24.879462,41.841645],[24.87938,41.841641],[24.879369,41.841545],[24.879414,41.841301],[24.879387,41.840988],[24.879348,41.840853],[24.879258,41.840726],[24.879265,41.840558],[24.879212,41.840359],[24.879254,41.840296],[24.879336,41.84032],[24.879406,41.840428],[24.879595,41.840769],[24.879604,41.840813],[24.879656,41.840875],[24.879712,41.841056],[24.879562,41.841209],[24.879521,41.841294]],[[24.880539,41.842672],[24.880427,41.84269],[24.880343,41.842651],[24.880268,41.842559],[24.880161,41.84247],[24.880087,41.84237],[24.880088,41.842332],[24.880126,41.842313],[24.880249,41.842308],[24.880666,41.84237],[24.880685,41.842427],[24.880666,41.842489],[24.880618,41.842587],[24.880539,41.842672]],[[24.88111,41.842233],[24.881018,41.842274],[24.880912,41.842281],[24.880669,41.842193],[24.880639,41.842175],[24.880638,41.842124],[24.880669,41.84207],[24.880751,41.842044],[24.881015,41.842084],[24.881124,41.842111],[24.881153,41.842175],[24.88111,41.842233]],[[24.879741,41.84213],[24.879632,41.841981],[24.879679,41.841855],[24.879638,41.841669],[24.879647,41.841585],[24.879538,41.841611],[24.879556,41.841301],[24.879595,41.841221],[24.87969,41.841117],[24.879827,41.841006],[24.879999,41.840907],[24.880087,41.840814],[24.880176,41.84107],[24.880267,41.841195],[24.880334,41.841332],[24.880407,41.841564],[24.88048,41.841957],[24.880467,41.842062],[24.880358,41.842117],[24.880019,41.84213],[24.879832,41.842154],[24.879741,41.84213]],[[24.908404,41.843489],[24.908976,41.843531],[24.908963,41.843437],[24.909078,41.84334],[24.909124,41.843328],[24.909763,41.84357],[24.910158,41.843745],[24.910307,41.843834],[24.910397,41.843938],[24.910351,41.844017],[24.91023,41.844012],[24.910135,41.843984],[24.910022,41.843973],[24.909831,41.844016],[24.909479,41.844148],[24.909424,41.844118],[24.909306,41.844278],[24.909032,41.844481],[24.908828,41.844548],[24.908599,41.844587],[24.90839,41.844577],[24.908301,41.844475],[24.90837,41.844374],[24.908468,41.844276],[24.908395,41.844233],[24.908192,41.844164],[24.907808,41.844102],[24.907794,41.844036],[24.908003,41.843875],[24.908233,41.843744],[24.908304,41.843642],[24.908356,41.843513],[24.908404,41.843489]],[[24.910655,41.843838],[24.910545,41.843726],[24.910573,41.843648],[24.910719,41.843595],[24.91089,41.843557],[24.911052,41.843556],[24.911175,41.84361],[24.911369,41.843933],[24.911385,41.844033],[24.911303,41.844102],[24.911144,41.844094],[24.911003,41.84403],[24.910826,41.843987],[24.910514,41.844009],[24.910655,41.843838]],[[24.915889,41.84422],[24.915669,41.844655],[24.915465,41.844668],[24.91523,41.844598],[24.915289,41.844451],[24.91519,41.844366],[24.914718,41.844288],[24.914529,41.844192],[24.914817,41.843864],[24.91479,41.843754],[24.91493,41.843578],[24.915429,41.843904],[24.915465,41.844062],[24.915879,41.844074],[24.915889,41.84422]],[[24.913102,41.843507],[24.913157,41.843468],[24.913597,41.843663],[24.913687,41.843677],[24.914165,41.843573],[24.91428,41.843432],[24.914338,41.843329],[24.914346,41.843191],[24.914399,41.843102],[24.914513,41.843129],[24.914644,41.843205],[24.914775,41.843297],[24.914837,41.843363],[24.914801,41.843441],[24.91461,41.843579],[24.914546,41.843765],[24.914478,41.843843],[24.914459,41.843941],[24.914358,41.843962],[24.914212,41.843945],[24.914044,41.843904],[24.913859,41.843903],[24.913701,41.843944],[24.913684,41.843973],[24.913603,41.843988],[24.913476,41.844074],[24.9135,41.844179],[24.913613,41.844291],[24.913655,41.844391],[24.913547,41.844476],[24.913232,41.844584],[24.913108,41.844566],[24.91306,41.844466],[24.913057,41.844344],[24.913015,41.844228],[24.912921,41.84416],[24.912794,41.843991],[24.913018,41.843617],[24.913102,41.843507]],[[24.912531,41.84463],[24.912641,41.845051],[24.912491,41.845082],[24.91243,41.844906],[24.912366,41.844514],[24.912504,41.844043],[24.912726,41.844053],[24.912591,41.844375],[24.912531,41.84463]],[[24.915353,41.855379],[24.915218,41.855119],[24.915113,41.855005],[24.914952,41.854921],[24.914796,41.854882],[24.914809,41.854833],[24.914943,41.85477],[24.915007,41.854666],[24.915056,41.85454],[24.915106,41.854272],[24.915145,41.854161],[24.915135,41.854068],[24.915186,41.854017],[24.915345,41.85399],[24.915483,41.854021],[24.91562,41.854093],[24.915826,41.854159],[24.916022,41.854134],[24.916188,41.854087],[24.91632,41.854004],[24.916471,41.853982],[24.916661,41.85402],[24.917206,41.854327],[24.917246,41.854384],[24.917205,41.854513],[24.917226,41.854553],[24.917326,41.854612],[24.917412,41.8547],[24.917438,41.854817],[24.917419,41.854892],[24.917306,41.854996],[24.917525,41.855055],[24.917767,41.855223],[24.917759,41.855322],[24.917592,41.855501],[24.917495,41.855568],[24.917427,41.855539],[24.917342,41.85546],[24.9172,41.855403],[24.916269,41.855222],[24.916349,41.855336],[24.916448,41.855291],[24.916517,41.855376],[24.916618,41.855581],[24.916623,41.855736],[24.916503,41.855795],[24.915942,41.855993],[24.9158,41.855968],[24.915696,41.855844],[24.915596,41.855643],[24.915353,41.855379]],[[24.915506,41.85339],[24.915698,41.853255],[24.915783,41.853242],[24.915946,41.853253],[24.916256,41.853239],[24.916385,41.853303],[24.916486,41.853378],[24.916538,41.853443],[24.916532,41.853552],[24.916491,41.853596],[24.916343,41.853642],[24.916301,41.853684],[24.916281,41.853741],[24.916198,41.853787],[24.916041,41.853792],[24.915974,41.853776],[24.915846,41.853696],[24.915803,41.8536],[24.915617,41.85356],[24.915546,41.853504],[24.915506,41.853442],[24.915506,41.85339]],[[24.914726,41.851878],[24.914323,41.851279],[24.914225,41.851527],[24.91412,41.851533],[24.913816,41.851419],[24.91384,41.851544],[24.91372,41.851618],[24.913542,41.851659],[24.913388,41.851654],[24.913243,41.851606],[24.913157,41.851534],[24.913155,41.851217],[24.913072,41.851182],[24.912765,41.85127],[24.912682,41.851219],[24.912664,41.851128],[24.912744,41.851063],[24.913004,41.850978],[24.913084,41.850924],[24.913113,41.850728],[24.913247,41.850603],[24.913013,41.850584],[24.912903,41.850549],[24.912862,41.85045],[24.912873,41.850296],[24.913075,41.849953],[24.91318,41.84988],[24.913309,41.849883],[24.913169,41.849737],[24.91321,41.849672],[24.913414,41.84984],[24.913436,41.849789],[24.91351,41.849713],[24.91358,41.849694],[24.913659,41.849731],[24.913979,41.849986],[24.913982,41.850053],[24.913903,41.85009],[24.913813,41.850077],[24.914304,41.850311],[24.91443,41.850398],[24.914511,41.850502],[24.914615,41.850598],[24.91477,41.850826],[24.915068,41.851165],[24.915246,41.851162],[24.915375,41.851209],[24.915473,41.85133],[24.915665,41.851195],[24.915758,41.851045],[24.915804,41.85076],[24.915877,41.850725],[24.916052,41.85068],[24.916334,41.850467],[24.916497,41.850435],[24.916602,41.850506],[24.916576,41.850726],[24.916651,41.850823],[24.916695,41.850984],[24.9167,41.851284],[24.916743,41.85154],[24.916948,41.851874],[24.916928,41.851973],[24.916814,41.852068],[24.916664,41.852106],[24.916336,41.851952],[24.9161,41.851875],[24.915759,41.851717],[24.915609,41.851614],[24.915518,41.851501],[24.915497,41.851426],[24.91548,41.851502],[24.915402,41.851578],[24.915284,41.851648],[24.915182,41.851668],[24.915177,41.851693],[24.915148,41.851706],[24.915041,41.851706],[24.914961,41.851769],[24.914887,41.851841],[24.914874,41.851934],[24.914802,41.851958],[24.914726,41.851878]],[[24.912687,41.846407],[24.91248,41.8464],[24.91239,41.846356],[24.91236,41.846311],[24.912369,41.846275],[24.912687,41.846407]],[[24.912369,41.846254],[24.912603,41.846296],[24.912679,41.846232],[24.912882,41.846275],[24.913067,41.846335],[24.913202,41.846327],[24.913471,41.846253],[24.913565,41.846269],[24.913653,41.846318],[24.913783,41.846337],[24.913869,41.84641],[24.913914,41.846489],[24.913921,41.846576],[24.913832,41.846612],[24.913614,41.846606],[24.913446,41.846491],[24.913328,41.846493],[24.913076,41.846707],[24.912968,41.846775],[24.91287,41.846746],[24.912799,41.846658],[24.912729,41.846559],[24.912677,41.846434],[24.912687,41.846407],[24.912369,41.846254]],[[24.912044,41.845547],[24.912048,41.84541],[24.911951,41.845214],[24.911926,41.844957],[24.912034,41.844889],[24.912328,41.844751],[24.912385,41.844737],[24.912446,41.845024],[24.912499,41.845158],[24.912619,41.845265],[24.912633,41.845327],[24.912607,41.845839],[24.912547,41.845933],[24.91246,41.845965],[24.912341,41.845965],[24.912225,41.845892],[24.912133,41.845796],[24.912068,41.845682],[24.912044,41.845547]],[[24.909414,41.847126],[24.909513,41.847056],[24.909755,41.846789],[24.909834,41.846821],[24.909853,41.846922],[24.909699,41.847281],[24.909457,41.847285],[24.909171,41.847352],[24.909173,41.847267],[24.909215,41.847213],[24.909414,41.847126]],[[24.89512,41.845082],[24.895217,41.8451],[24.895578,41.845475],[24.895627,41.845608],[24.895621,41.845685],[24.895542,41.845741],[24.895416,41.845745],[24.895304,41.845711],[24.895191,41.845618],[24.895128,41.845479],[24.895206,41.845389],[24.89505,41.845319],[24.89502,41.845289],[24.89501,41.845229],[24.895052,41.845143],[24.89512,41.845082]],[[24.911922,41.845848],[24.911791,41.845876],[24.911725,41.845867],[24.911682,41.845829],[24.911542,41.845772],[24.911324,41.845734],[24.911267,41.845687],[24.911259,41.845646],[24.911235,41.845366],[24.911275,41.845329],[24.911589,41.845321],[24.911826,41.845337],[24.911859,41.845493],[24.912005,41.845597],[24.912039,41.845661],[24.912047,41.84571],[24.912003,41.845801],[24.911922,41.845848]],[[24.901979,41.846062],[24.901767,41.845915],[24.901723,41.845848],[24.901732,41.84578],[24.901808,41.845744],[24.902095,41.845693],[24.902212,41.845656],[24.902335,41.845649],[24.902427,41.845693],[24.902482,41.845771],[24.902509,41.845879],[24.902529,41.84611],[24.902517,41.846211],[24.902407,41.846254],[24.902329,41.846319],[24.90224,41.846326],[24.902139,41.846267],[24.902058,41.846185],[24.901979,41.846062]],[[24.910795,41.848386],[24.91031,41.848523],[24.910208,41.848495],[24.910111,41.848447],[24.910094,41.848376],[24.910201,41.848341],[24.9103,41.848284],[24.910368,41.848198],[24.910298,41.847779],[24.910398,41.847761],[24.910507,41.8478],[24.910771,41.847819],[24.910922,41.847805],[24.911031,41.847864],[24.911132,41.847951],[24.911157,41.848044],[24.911148,41.848137],[24.911064,41.848227],[24.910954,41.848304],[24.910795,41.848386]],[[24.908444,41.846735],[24.908655,41.846677],[24.908791,41.846622],[24.909203,41.846414],[24.909228,41.846415],[24.909158,41.846524],[24.908986,41.846646],[24.908897,41.846686],[24.908876,41.846733],[24.908825,41.846774],[24.908747,41.846753],[24.908628,41.846695],[24.908573,41.846711],[24.908569,41.846763],[24.908598,41.846873],[24.90859,41.846943],[24.908503,41.846961],[24.908392,41.846936],[24.908332,41.846835],[24.908267,41.84683],[24.90804,41.846867],[24.908005,41.846958],[24.90856,41.8473],[24.908124,41.847647],[24.907961,41.847629],[24.907601,41.847376],[24.907495,41.84734],[24.907371,41.847323],[24.907213,41.847326],[24.907091,41.847357],[24.906595,41.847349],[24.906895,41.847111],[24.907069,41.847025],[24.907231,41.846978],[24.907356,41.846968],[24.908113,41.84679],[24.908444,41.846735]],[[24.906553,41.847342],[24.906211,41.847333],[24.90604,41.847375],[24.905848,41.847445],[24.905662,41.847458],[24.905721,41.847398],[24.905738,41.847327],[24.905736,41.847248],[24.90569,41.84717],[24.905692,41.847093],[24.905841,41.846907],[24.905934,41.846855],[24.906003,41.846892],[24.906174,41.84709],[24.90695,41.846651],[24.907009,41.846648],[24.907106,41.846617],[24.90746,41.846604],[24.907588,41.846619],[24.907965,41.846566],[24.908032,41.846526],[24.908054,41.846481],[24.90813,41.846433],[24.908321,41.84643],[24.908479,41.846444],[24.908615,41.846464],[24.90877,41.846521],[24.908848,41.846522],[24.909003,41.846422],[24.909166,41.846414],[24.908942,41.846535],[24.908645,41.846661],[24.908436,41.846718],[24.908107,41.846772],[24.907351,41.84695],[24.907225,41.846961],[24.907058,41.847009],[24.906875,41.847095],[24.906553,41.847342]],[[24.898739,41.847314],[24.898418,41.847361],[24.898174,41.847429],[24.897901,41.847435],[24.897759,41.847483],[24.897628,41.847503],[24.897525,41.847455],[24.89746,41.847353],[24.897383,41.847424],[24.897267,41.847494],[24.89715,41.847522],[24.897006,41.84751],[24.896886,41.847468],[24.8968,41.847402],[24.896686,41.847286],[24.896666,41.847228],[24.896589,41.84713],[24.897109,41.84708],[24.897333,41.847028],[24.897537,41.846938],[24.897559,41.846873],[24.897702,41.846771],[24.898198,41.846581],[24.898642,41.846534],[24.898971,41.846532],[24.899461,41.846491],[24.899665,41.846454],[24.899804,41.846378],[24.900011,41.846331],[24.899964,41.846552],[24.899878,41.846615],[24.899589,41.846739],[24.899422,41.846871],[24.899101,41.847254],[24.898986,41.847358],[24.898739,41.847314]],[[24.918331,41.853376],[24.918587,41.8532],[24.91871,41.853168],[24.918765,41.853206],[24.918772,41.853304],[24.918801,41.853385],[24.918897,41.853418],[24.919023,41.853423],[24.91914,41.853478],[24.919172,41.853578],[24.91914,41.853684],[24.91907,41.853796],[24.918833,41.854023],[24.918727,41.854087],[24.91863,41.854287],[24.918534,41.854329],[24.918427,41.854338],[24.918295,41.854315],[24.918165,41.854252],[24.918081,41.854191],[24.918065,41.854107],[24.918092,41.854041],[24.918268,41.853955],[24.918087,41.853679],[24.918134,41.853594],[24.918331,41.853376]],[[24.915496,41.84693],[24.915313,41.847097],[24.915214,41.847117],[24.915086,41.847006],[24.91502,41.846896],[24.914904,41.846821],[24.91477,41.846817],[24.914646,41.84675],[24.914502,41.846507],[24.91453,41.846388],[24.914658,41.846278],[24.914815,41.846224],[24.91497,41.846244],[24.915341,41.846314],[24.915438,41.846384],[24.915802,41.846707],[24.915799,41.846773],[24.915496,41.84693]],[[24.914695,41.8485],[24.914738,41.848444],[24.914804,41.84847],[24.914845,41.848503],[24.914883,41.848591],[24.914864,41.848688],[24.914818,41.848738],[24.914797,41.848792],[24.914786,41.848901],[24.914807,41.849002],[24.91479,41.849066],[24.914651,41.848868],[24.914533,41.848737],[24.914585,41.848709],[24.914684,41.848551],[24.914695,41.8485]],[[24.913902,41.84955],[24.913837,41.849405],[24.913721,41.849336],[24.913727,41.849312],[24.913944,41.849229],[24.91426,41.849152],[24.91433,41.849245],[24.914332,41.849341],[24.91429,41.849423],[24.914081,41.84956],[24.913971,41.849587],[24.913902,41.84955]],[[24.91383,41.848655],[24.913842,41.848731],[24.913787,41.848831],[24.913662,41.848907],[24.913542,41.848925],[24.913436,41.848879],[24.913389,41.848793],[24.913387,41.848704],[24.913329,41.84851],[24.913385,41.848514],[24.913489,41.848567],[24.913612,41.84859],[24.913739,41.84859],[24.91383,41.848655]]]},"properties":{"cadreg":40}},{"type":"Feature","geometry":{"type":"Polygon","coordinates":[[[24.900454,41.868848],[24.900661,41.868769],[24.900934,41.868736],[24.901004,41.868716],[24.901703,41.868681],[24.901766,41.868644],[24.901847,41.868623],[24.901956,41.868564],[24.902001,41.868503],[24.902018,41.868269],[24.902176,41.868101],[24.90227,41.867972],[24.902455,41.867857],[24.90262,41.86783],[24.902651,41.867842],[24.902741,41.86796],[24.902842,41.868156],[24.902889,41.868294],[24.902967,41.868298],[24.903072,41.868451],[24.903206,41.868578],[24.903377,41.868639],[24.903604,41.868631],[24.904117,41.868513],[24.90421,41.868509],[24.904451,41.868406],[24.904634,41.868308],[24.904937,41.868221],[24.905265,41.868217],[24.905312,41.868234],[24.905413,41.86831],[24.905512,41.868332],[24.90557,41.868317],[24.905672,41.868253],[24.905857,41.86807],[24.906099,41.867942],[24.906226,41.867909],[24.906447,41.867906],[24.906723,41.867958],[24.90689,41.868013],[24.907214,41.868175],[24.907459,41.868259],[24.907835,41.86831],[24.908077,41.868296],[24.908277,41.868256],[24.908398,41.868199],[24.908476,41.868121],[24.908588,41.867905],[24.908634,41.86763],[24.908826,41.867154],[24.908901,41.867063],[24.908997,41.867],[24.909136,41.866966],[24.909365,41.866957],[24.909494,41.866968],[24.909589,41.866995],[24.909777,41.86707],[24.910022,41.867251],[24.910231,41.867347],[24.910456,41.867354],[24.910582,41.867311],[24.910675,41.867257],[24.910717,41.867162],[24.910764,41.866932],[24.9108,41.86638],[24.910901,41.866063],[24.910919,41.865796],[24.911012,41.86565],[24.911193,41.865642],[24.91127,41.865673],[24.911361,41.865748],[24.911553,41.865855],[24.91166,41.86589],[24.911852,41.865919],[24.91154,41.865679],[24.911573,41.86565],[24.911536,41.86562],[24.911498,41.865527],[24.911392,41.865369],[24.911315,41.865282],[24.910985,41.865018],[24.910727,41.864866],[24.910437,41.864744],[24.910276,41.864694],[24.90993,41.864648],[24.909582,41.864637],[24.908454,41.864723],[24.907835,41.864667],[24.907382,41.864592],[24.906775,41.864429],[24.906286,41.864325],[24.906031,41.864253],[24.905968,41.864229],[24.905981,41.864172],[24.905781,41.864022],[24.905548,41.863886],[24.905377,41.863807],[24.905127,41.863711],[24.904769,41.863601],[24.904254,41.863486],[24.903835,41.86342],[24.903212,41.863369],[24.902912,41.863372],[24.902657,41.863357],[24.901012,41.863223],[24.901003,41.863269],[24.900926,41.863205],[24.900721,41.863118],[24.900255,41.862989],[24.899759,41.862826],[24.898538,41.86238],[24.898334,41.862327],[24.897874,41.862149],[24.895858,41.861651],[24.894478,41.861222],[24.894125,41.861073],[24.893754,41.860859],[24.892904,41.860492],[24.892901,41.860596],[24.892826,41.860801],[24.892315,41.8619],[24.892178,41.862119],[24.892153,41.862195],[24.892181,41.862344],[24.89243,41.86283],[24.892494,41.862993],[24.892529,41.86315],[24.892526,41.863527],[24.892503,41.863678],[24.892452,41.863832],[24.891109,41.86363],[24.889134,41.863083],[24.888109,41.862664],[24.887742,41.86255],[24.887534,41.862514],[24.887177,41.862246],[24.886993,41.862044],[24.886925,41.861868],[24.887542,41.861447],[24.887615,41.861379],[24.887737,41.861232],[24.887819,41.86109],[24.887829,41.861016],[24.887802,41.860688],[24.887727,41.86036],[24.887653,41.859874],[24.88746,41.859321],[24.887406,41.85908],[24.887195,41.859029],[24.886602,41.858797],[24.88617,41.858595],[24.885972,41.858473],[24.885633,41.858198],[24.885529,41.858051],[24.885342,41.857566],[24.885153,41.857331],[24.885046,41.857166],[24.884848,41.856752],[24.884755,41.856596],[24.88456,41.856423],[24.884172,41.856698],[24.882568,41.857527],[24.882068,41.857828],[24.882024,41.857916],[24.882011,41.858057],[24.881968,41.858096],[24.8819,41.858084],[24.881853,41.858058],[24.881789,41.858165],[24.881508,41.858443],[24.880293,41.859411],[24.880118,41.859561],[24.879922,41.85978],[24.879762,41.859926],[24.87944,41.860095],[24.878889,41.860351],[24.87876,41.860434],[24.878705,41.860514],[24.878537,41.860471],[24.878445,41.86047],[24.877964,41.860527],[24.877722,41.860579],[24.876916,41.860867],[24.875884,41.860998],[24.875754,41.860994],[24.875253,41.860916],[24.874813,41.860775],[24.874612,41.860736],[24.87459,41.860756],[24.874244,41.860723],[24.873484,41.860733],[24.873003,41.860689],[24.872746,41.860645],[24.872518,41.860599],[24.872183,41.860499],[24.871598,41.860229],[24.871504,41.860199],[24.87126,41.860184],[24.871197,41.860218],[24.871044,41.860257],[24.870809,41.860289],[24.870591,41.860348],[24.870342,41.860452],[24.86999,41.860661],[24.869801,41.860825],[24.869548,41.861179],[24.869218,41.861508],[24.868766,41.861909],[24.868494,41.862105],[24.868518,41.862108],[24.868502,41.86218],[24.868419,41.862245],[24.868315,41.862296],[24.868179,41.86232],[24.868038,41.862366],[24.867935,41.862424],[24.867827,41.862604],[24.867574,41.86265],[24.867424,41.862706],[24.867099,41.862884],[24.866955,41.86289],[24.866445,41.863147],[24.866075,41.863296],[24.86494,41.863679],[24.863999,41.863447],[24.863745,41.863405],[24.863505,41.863345],[24.863258,41.863309],[24.862032,41.862955],[24.861498,41.862871],[24.860822,41.862839],[24.860724,41.862822],[24.859124,41.862422],[24.858101,41.862289],[24.857593,41.8622],[24.857101,41.86217],[24.857124,41.862248],[24.857066,41.862311],[24.856904,41.86236],[24.856374,41.862446],[24.855975,41.862456],[24.85583,41.862492],[24.855592,41.862576],[24.855333,41.862617],[24.855059,41.86274],[24.85466,41.863038],[24.854541,41.863098],[24.854146,41.863108],[24.854002,41.863079],[24.854159,41.862904],[24.854225,41.862854],[24.854083,41.862896],[24.853626,41.86308],[24.853293,41.863294],[24.852251,41.863845],[24.851845,41.863992],[24.851552,41.864079],[24.851115,41.864258],[24.850953,41.86437],[24.850731,41.864571],[24.850118,41.86529],[24.849818,41.865676],[24.849749,41.865742],[24.849614,41.86583],[24.849373,41.866064],[24.84935,41.866225],[24.849309,41.866353],[24.84893,41.867116],[24.848911,41.867558],[24.848815,41.867684],[24.848756,41.867744],[24.848561,41.867875],[24.847914,41.868168],[24.84769,41.868291],[24.847244,41.868672],[24.846574,41.869124],[24.845769,41.869714],[24.845872,41.869757],[24.8462,41.869761],[24.846302,41.869799],[24.846355,41.869827],[24.846375,41.869864],[24.846427,41.869876],[24.846539,41.869971],[24.846562,41.87008],[24.846475,41.870105],[24.846053,41.870025],[24.845822,41.870063],[24.845794,41.870083],[24.84573,41.870095],[24.845613,41.870099],[24.845547,41.870076],[24.845476,41.870011],[24.845393,41.870108],[24.845213,41.870375],[24.845073,41.870516],[24.845128,41.870544],[24.845142,41.870605],[24.845084,41.870683],[24.845076,41.870746],[24.845131,41.870768],[24.845322,41.870772],[24.845333,41.870923],[24.84536,41.870998],[24.845309,41.871014],[24.844944,41.870978],[24.844903,41.87096],[24.844888,41.870867],[24.844933,41.870649],[24.844676,41.870877],[24.844547,41.870938],[24.84432,41.870993],[24.843525,41.871119],[24.842437,41.871147],[24.84233,41.871137],[24.842107,41.871082],[24.841887,41.871062],[24.841516,41.871088],[24.841139,41.871154],[24.840745,41.871164],[24.839566,41.870965],[24.839266,41.87094],[24.838835,41.870972],[24.838624,41.871042],[24.838074,41.871292],[24.837401,41.871443],[24.837158,41.871474],[24.836898,41.87148],[24.83669,41.871431],[24.836695,41.871476],[24.836664,41.871561],[24.83655,41.871593],[24.836103,41.87157],[24.835669,41.871599],[24.835583,41.871536],[24.835398,41.87167],[24.834686,41.872122],[24.833978,41.872529],[24.83368,41.872736],[24.833232,41.87297],[24.83311,41.873049],[24.832809,41.873291],[24.832463,41.873619],[24.832368,41.873671],[24.83226,41.873706],[24.831929,41.873806],[24.831804,41.873826],[24.83126,41.873795],[24.830551,41.873706],[24.830003,41.873702],[24.829332,41.873597],[24.829069,41.873577],[24.828645,41.873496],[24.828505,41.873482],[24.828082,41.87346],[24.827061,41.873467],[24.826038,41.873384],[24.825636,41.873305],[24.825145,41.873234],[24.825019,41.873228],[24.824637,41.873301],[24.824194,41.873341],[24.823295,41.873287],[24.823155,41.873289],[24.823008,41.873312],[24.822109,41.873592],[24.822023,41.873658],[24.821967,41.873729],[24.821893,41.873914],[24.821845,41.874379],[24.821816,41.874473],[24.821629,41.87492],[24.821553,41.875191],[24.821388,41.875545],[24.821676,41.875653],[24.821668,41.875676],[24.821471,41.875831],[24.821317,41.875822],[24.821184,41.875711],[24.821149,41.875735],[24.821218,41.875857],[24.821254,41.875877],[24.821335,41.875883],[24.821478,41.875866],[24.821588,41.875824],[24.821647,41.875772],[24.821692,41.875722],[24.821814,41.875471],[24.821945,41.875338],[24.822089,41.875255],[24.822273,41.875183],[24.82265,41.875089],[24.8228,41.875061],[24.822988,41.875055],[24.823079,41.875084],[24.823129,41.87514],[24.823146,41.875241],[24.823109,41.875436],[24.823023,41.875613],[24.822954,41.875836],[24.822949,41.87621],[24.823004,41.876344],[24.823062,41.876429],[24.823178,41.876508],[24.823352,41.876549],[24.823481,41.87655],[24.823649,41.876494],[24.824045,41.876316],[24.824707,41.875975],[24.824824,41.875967],[24.824946,41.875992],[24.825011,41.876033],[24.825077,41.876134],[24.825089,41.876236],[24.824871,41.876649],[24.824872,41.876722],[24.824899,41.876753],[24.824968,41.876799],[24.825221,41.87684],[24.826136,41.876861],[24.826395,41.876919],[24.826464,41.876972],[24.826509,41.877061],[24.826517,41.877141],[24.82644,41.87732],[24.826465,41.877387],[24.82662,41.8775],[24.826956,41.877595],[24.827043,41.877636],[24.827173,41.877738],[24.827198,41.877796],[24.827184,41.87815],[24.827242,41.878266],[24.827374,41.878391],[24.827979,41.878719],[24.828074,41.878791],[24.828135,41.87893],[24.828139,41.879007],[24.828117,41.879098],[24.827865,41.879633],[24.827855,41.879715],[24.82791,41.879791],[24.827974,41.879826],[24.828018,41.879827],[24.828142,41.8798],[24.828355,41.879725],[24.828457,41.879714],[24.828656,41.879718],[24.828764,41.879752],[24.828911,41.879831],[24.8292,41.880075],[24.829499,41.880372],[24.829696,41.88062],[24.829752,41.880673],[24.829837,41.880714],[24.829887,41.880727],[24.829958,41.88072],[24.830062,41.880647],[24.830143,41.880413],[24.830234,41.879951],[24.830238,41.879756],[24.830137,41.879568],[24.829916,41.879305],[24.829903,41.879248],[24.829917,41.879124],[24.830051,41.879044],[24.830628,41.878863],[24.830919,41.878791],[24.831061,41.878791],[24.831259,41.878881],[24.831318,41.878925],[24.831362,41.878992],[24.83137,41.879145],[24.831357,41.879248],[24.831315,41.879358],[24.831244,41.879435],[24.831033,41.879582],[24.830993,41.87963],[24.831001,41.879678],[24.831117,41.879824],[24.831184,41.879882],[24.831303,41.879936],[24.831399,41.879954],[24.831569,41.879911],[24.831802,41.879743],[24.832024,41.879507],[24.832114,41.879473],[24.83234,41.879484],[24.832706,41.879632],[24.832808,41.879655],[24.833103,41.879683],[24.833321,41.879681],[24.833476,41.879635],[24.833642,41.879534],[24.833695,41.87952],[24.833794,41.879525],[24.83387,41.879578],[24.83394,41.879701],[24.833972,41.879829],[24.833982,41.879933],[24.833959,41.880299],[24.833878,41.880611],[24.833689,41.880892],[24.833712,41.880975],[24.833805,41.881065],[24.833939,41.88116],[24.834053,41.881207],[24.834106,41.881218],[24.834304,41.881209],[24.834374,41.881168],[24.834438,41.881097],[24.834562,41.880873],[24.834574,41.88074],[24.834684,41.880303],[24.834721,41.880236],[24.834749,41.880068],[24.834844,41.879763],[24.834947,41.87967],[24.835105,41.879627],[24.835182,41.879632],[24.835384,41.879711],[24.835461,41.879767],[24.835747,41.880051],[24.835839,41.880121],[24.83593,41.880234],[24.836035,41.880521],[24.836088,41.880547],[24.836258,41.880522],[24.836404,41.880459],[24.836578,41.880263],[24.836731,41.880171],[24.836954,41.880122],[24.837375,41.880062],[24.837847,41.880056],[24.837955,41.880075],[24.838039,41.880148],[24.838058,41.880254],[24.838008,41.880338],[24.837803,41.880546],[24.837769,41.880607],[24.837778,41.880665],[24.837815,41.880714],[24.837876,41.880754],[24.838839,41.880988],[24.839017,41.881019],[24.839463,41.881169],[24.839744,41.881264],[24.840099,41.881409],[24.840756,41.881723],[24.840914,41.88175],[24.841217,41.881754],[24.841528,41.881777],[24.841793,41.881772],[24.841889,41.881761],[24.842039,41.881716],[24.842139,41.881665],[24.842172,41.881626],[24.842227,41.881511],[24.842252,41.881261],[24.842224,41.881064],[24.842231,41.880977],[24.842276,41.880854],[24.842523,41.880768],[24.842649,41.880745],[24.843416,41.880731],[24.843696,41.880711],[24.843941,41.880674],[24.844277,41.880561],[24.844569,41.880523],[24.844707,41.880488],[24.844975,41.880478],[24.846228,41.880215],[24.846888,41.880031],[24.847142,41.880059],[24.847316,41.880099],[24.847472,41.880175],[24.847549,41.880227],[24.847596,41.880282],[24.847794,41.880401],[24.84795,41.880389],[24.848041,41.880309],[24.848102,41.880202],[24.848239,41.879696],[24.848275,41.879347],[24.848284,41.878969],[24.84832,41.878768],[24.848418,41.878491],[24.848491,41.878344],[24.848639,41.878167],[24.848725,41.878102],[24.84892,41.878055],[24.848998,41.878059],[24.849135,41.878094],[24.849373,41.878248],[24.849998,41.878583],[24.850405,41.878746],[24.850607,41.878777],[24.850793,41.878836],[24.851322,41.878848],[24.852015,41.878789],[24.852162,41.878755],[24.85227,41.87872],[24.852379,41.87863],[24.852399,41.878488],[24.852351,41.878432],[24.852219,41.878381],[24.852089,41.87836],[24.851568,41.878358],[24.851396,41.878277],[24.851209,41.878038],[24.851166,41.877953],[24.851131,41.877733],[24.85115,41.877534],[24.851334,41.877334],[24.851472,41.877222],[24.851561,41.877172],[24.851933,41.877044],[24.85207,41.877031],[24.852278,41.877042],[24.85245,41.877096],[24.852512,41.877141],[24.852597,41.877268],[24.852648,41.877296],[24.852647,41.877328],[24.852767,41.877423],[24.853055,41.877546],[24.853369,41.877603],[24.853591,41.877626],[24.853761,41.877615],[24.853917,41.877571],[24.854122,41.877482],[24.854368,41.877343],[24.854473,41.87726],[24.854642,41.87704],[24.854777,41.876713],[24.854833,41.876652],[24.854857,41.876555],[24.855126,41.876303],[24.855321,41.876174],[24.855698,41.87609],[24.856074,41.876052],[24.856482,41.875986],[24.8568,41.875866],[24.857637,41.875777],[24.857927,41.875722],[24.858315,41.875525],[24.858666,41.875265],[24.858749,41.875178],[24.858926,41.875038],[24.859263,41.874905],[24.859378,41.874883],[24.859518,41.874883],[24.85968,41.874936],[24.859849,41.875065],[24.860144,41.875399],[24.860226,41.875449],[24.860299,41.875449],[24.860353,41.875481],[24.860522,41.875497],[24.860802,41.875468],[24.861056,41.875336],[24.861195,41.875284],[24.861548,41.875087],[24.861745,41.875012],[24.861942,41.875014],[24.862077,41.875049],[24.862206,41.875044],[24.862297,41.874968],[24.862315,41.874902],[24.862293,41.874701],[24.862247,41.874643],[24.862235,41.874557],[24.862252,41.874466],[24.862326,41.874371],[24.862388,41.874328],[24.862544,41.874266],[24.862855,41.874182],[24.862976,41.874177],[24.863256,41.874126],[24.863512,41.874032],[24.86362,41.873954],[24.863705,41.873861],[24.863755,41.873783],[24.863795,41.873647],[24.863844,41.873558],[24.863953,41.873446],[24.864279,41.873353],[24.865058,41.873213],[24.865295,41.873184],[24.865664,41.873173],[24.865796,41.873217],[24.865869,41.873273],[24.865933,41.873362],[24.865963,41.873558],[24.865953,41.873609],[24.865874,41.87373],[24.865726,41.87387],[24.865689,41.874016],[24.86571,41.874074],[24.86585,41.874142],[24.866196,41.874096],[24.866561,41.874149],[24.866884,41.874142],[24.867297,41.873964],[24.867807,41.873819],[24.868196,41.873803],[24.868424,41.873834],[24.868631,41.873978],[24.868791,41.874212],[24.868905,41.874448],[24.869113,41.874657],[24.869289,41.874638],[24.869409,41.874554],[24.869679,41.874141],[24.869789,41.874144],[24.870027,41.874384],[24.870391,41.874565],[24.870526,41.87467],[24.87072,41.874874],[24.87083,41.874954],[24.870939,41.874974],[24.87102,41.874963],[24.871104,41.87493],[24.871172,41.874874],[24.871205,41.874783],[24.871337,41.874099],[24.871411,41.873851],[24.871516,41.87371],[24.871666,41.873598],[24.872159,41.873403],[24.872582,41.873286],[24.872983,41.873229],[24.873169,41.873227],[24.873364,41.873253],[24.873413,41.873272],[24.87342,41.873337],[24.873258,41.873593],[24.873255,41.873677],[24.873215,41.873755],[24.873223,41.873916],[24.873243,41.874047],[24.873316,41.874183],[24.873369,41.87427],[24.87356,41.874487],[24.873726,41.874605],[24.873807,41.874642],[24.873894,41.874657],[24.874177,41.874655],[24.874439,41.874619],[24.874678,41.874476],[24.87488,41.874264],[24.874925,41.874042],[24.874944,41.873802],[24.874934,41.873145],[24.874892,41.872894],[24.874892,41.872743],[24.874959,41.872635],[24.875079,41.872556],[24.875257,41.872514],[24.875618,41.872518],[24.875956,41.872613],[24.876158,41.872704],[24.876169,41.872749],[24.876241,41.872784],[24.876411,41.872988],[24.87644,41.873066],[24.876455,41.873242],[24.876405,41.873503],[24.876416,41.873577],[24.876517,41.873755],[24.876679,41.873961],[24.876853,41.874096],[24.876941,41.874141],[24.877053,41.874172],[24.877235,41.874162],[24.877403,41.874032],[24.877429,41.873906],[24.8774,41.873588],[24.87734,41.873418],[24.877295,41.873182],[24.877305,41.873105],[24.877349,41.873064],[24.877397,41.873047],[24.87803,41.872982],[24.878252,41.872945],[24.878428,41.872882],[24.878589,41.87281],[24.878921,41.872613],[24.879075,41.872487],[24.879395,41.872273],[24.879691,41.872111],[24.879929,41.872004],[24.87993,41.871985],[24.880033,41.871945],[24.880351,41.87177],[24.88061,41.871673],[24.881,41.871658],[24.881117,41.871691],[24.881281,41.871777],[24.881488,41.872011],[24.881543,41.872107],[24.88158,41.872224],[24.881758,41.872364],[24.881794,41.872375],[24.88197,41.872581],[24.882062,41.872645],[24.882212,41.872667],[24.882331,41.872653],[24.882407,41.872612],[24.882566,41.872498],[24.882582,41.872468],[24.882835,41.872239],[24.883105,41.872077],[24.883182,41.87205],[24.883393,41.872002],[24.883481,41.871999],[24.883723,41.872018],[24.883994,41.872015],[24.884216,41.872057],[24.884352,41.872102],[24.88446,41.872161],[24.884578,41.872248],[24.884744,41.872415],[24.884817,41.872535],[24.884803,41.872625],[24.884688,41.872859],[24.884709,41.872953],[24.884822,41.873027],[24.885014,41.873071],[24.885253,41.873073],[24.885494,41.873],[24.885749,41.87278],[24.885931,41.872551],[24.886096,41.872426],[24.886375,41.872325],[24.886576,41.872293],[24.886682,41.872296],[24.886753,41.872321],[24.886845,41.872407],[24.886868,41.872532],[24.886908,41.872614],[24.886946,41.872988],[24.886992,41.873107],[24.887069,41.873223],[24.887162,41.873293],[24.887288,41.873353],[24.88735,41.873367],[24.887532,41.873365],[24.887636,41.873336],[24.887667,41.873304],[24.887736,41.873289],[24.887912,41.873134],[24.888086,41.872914],[24.888194,41.872611],[24.888277,41.872519],[24.888489,41.872388],[24.888722,41.872275],[24.888898,41.872231],[24.88902,41.872227],[24.889065,41.872228],[24.889105,41.872263],[24.889139,41.872367],[24.889155,41.872978],[24.889196,41.87304],[24.889371,41.873113],[24.889481,41.87311],[24.889672,41.873063],[24.890121,41.872869],[24.89051,41.872818],[24.890777,41.872739],[24.890829,41.872713],[24.890977,41.872582],[24.891005,41.87258],[24.89105,41.872527],[24.891341,41.872354],[24.891559,41.872285],[24.891692,41.872285],[24.89178,41.872292],[24.891837,41.872315],[24.891986,41.872455],[24.892,41.87256],[24.892031,41.872579],[24.892044,41.872613],[24.892072,41.872818],[24.892171,41.873024],[24.892223,41.873089],[24.892271,41.873131],[24.892402,41.873199],[24.892645,41.873194],[24.892778,41.873163],[24.892912,41.873101],[24.893045,41.872963],[24.893108,41.872781],[24.893152,41.872524],[24.893297,41.872197],[24.893472,41.871984],[24.893743,41.871715],[24.893926,41.871649],[24.894067,41.87164],[24.894169,41.871661],[24.894375,41.871766],[24.894551,41.871815],[24.894641,41.871825],[24.894802,41.871893],[24.894935,41.871922],[24.895067,41.87192],[24.895131,41.871859],[24.895174,41.871727],[24.895227,41.871383],[24.895226,41.871219],[24.895282,41.871097],[24.895351,41.871031],[24.895483,41.871003],[24.895701,41.871018],[24.895817,41.871121],[24.896015,41.87141],[24.89611,41.871488],[24.896276,41.871583],[24.896398,41.871617],[24.896548,41.871604],[24.896649,41.871574],[24.896815,41.871481],[24.896883,41.871419],[24.897017,41.871194],[24.897152,41.871013],[24.897445,41.870775],[24.897555,41.870655],[24.89764,41.870603],[24.897876,41.870361],[24.897952,41.870243],[24.897975,41.870232],[24.897999,41.870161],[24.898002,41.869959],[24.898037,41.869673],[24.898101,41.869597],[24.898297,41.869478],[24.898428,41.869461],[24.898512,41.869485],[24.89865,41.869568],[24.898764,41.869733],[24.898794,41.870136],[24.898857,41.870322],[24.8989,41.870366],[24.899016,41.870427],[24.899132,41.870443],[24.899203,41.870433],[24.899332,41.87023],[24.89934,41.870194],[24.899367,41.870184],[24.899454,41.870089],[24.899559,41.870038],[24.899957,41.869927],[24.900181,41.869802],[24.900265,41.869675],[24.900308,41.86955],[24.900306,41.869295],[24.900258,41.869144],[24.900262,41.869009],[24.900351,41.868905],[24.900454,41.868848]]]},"properties":{"cadreg":41}},{"type":"Feature","geometry":{"type":"Polygon","coordinates":[[[24.847449,41.850205],[24.847776,41.849891],[24.848059,41.849714],[24.848159,41.849669],[24.848644,41.849576],[24.849193,41.84951],[24.849433,41.849502],[24.849659,41.84945],[24.84927,41.849315],[24.849297,41.849352],[24.849302,41.849412],[24.849187,41.849462],[24.848562,41.849494],[24.848394,41.849516],[24.84833,41.849549],[24.847684,41.849577],[24.847542,41.849716],[24.847446,41.849723],[24.847393,41.849776],[24.847381,41.849841],[24.847479,41.850029],[24.847469,41.850124],[24.84741,41.850182],[24.847449,41.850205]]]},"properties":{"cadreg":126}},{"type":"Feature","geometry":{"type":"Polygon","coordinates":[[[24.844416,41.846483],[24.844695,41.846372],[24.844699,41.846326],[24.844607,41.846272],[24.844562,41.846222],[24.844558,41.84613],[24.844663,41.845774],[24.844732,41.845614],[24.844918,41.845338],[24.844998,41.845251],[24.845129,41.845158],[24.845256,41.845142],[24.845543,41.845236],[24.845684,41.845261],[24.845846,41.845256],[24.846008,41.845196],[24.846361,41.84491],[24.846524,41.84482],[24.846665,41.84477],[24.84684,41.844649],[24.846957,41.844506],[24.847046,41.844302],[24.84722,41.8441],[24.847236,41.844029],[24.847146,41.844083],[24.847081,41.844181],[24.846986,41.844254],[24.846875,41.844474],[24.846678,41.844683],[24.846619,41.844725],[24.846483,41.844775],[24.846315,41.844868],[24.845934,41.845168],[24.845826,41.845204],[24.845698,41.845208],[24.845571,41.845185],[24.845306,41.845092],[24.845162,41.845094],[24.845091,41.845119],[24.844956,41.845225],[24.844686,41.845485],[24.844582,41.845625],[24.844345,41.84613],[24.844299,41.846309],[24.844078,41.846539],[24.843541,41.846916],[24.842829,41.847176],[24.842604,41.847289],[24.842211,41.847522],[24.841977,41.84782],[24.841938,41.847971],[24.841958,41.848091],[24.842099,41.848364],[24.842569,41.848907],[24.842627,41.849036],[24.842655,41.849166],[24.842657,41.849312],[24.842629,41.849439],[24.842539,41.849598],[24.842427,41.849743],[24.841698,41.850261],[24.841424,41.850433],[24.84114,41.850561],[24.840689,41.850714],[24.840451,41.850763],[24.840119,41.850801],[24.839993,41.850848],[24.839789,41.85089],[24.839161,41.851096],[24.839012,41.851123],[24.838789,41.851188],[24.838369,41.851331],[24.838037,41.851495],[24.837988,41.851504],[24.837917,41.851555],[24.837563,41.851726],[24.837507,41.851776],[24.83738,41.851819],[24.836968,41.852007],[24.836655,41.852195],[24.836442,41.8523],[24.836016,41.852586],[24.835735,41.852851],[24.835675,41.852917],[24.835494,41.853197],[24.83541,41.853394],[24.835355,41.853461],[24.835242,41.853731],[24.835141,41.853907],[24.835083,41.854044],[24.835059,41.85416],[24.83508,41.854354],[24.835015,41.854568],[24.834891,41.854843],[24.834807,41.854936],[24.834792,41.854978],[24.834528,41.854854],[24.834443,41.854828],[24.8344,41.85486],[24.834109,41.854961],[24.834014,41.854975],[24.833966,41.854965],[24.833926,41.854989],[24.833934,41.855057],[24.83396,41.855111],[24.834006,41.855153],[24.834495,41.855426],[24.834281,41.855554],[24.834295,41.855644],[24.834424,41.855828],[24.834434,41.855929],[24.834585,41.856312],[24.834595,41.856424],[24.83426,41.856675],[24.833953,41.856762],[24.833608,41.856827],[24.83357,41.856809],[24.833338,41.856823],[24.833014,41.856722],[24.832847,41.85671],[24.832692,41.856661],[24.832412,41.856659],[24.832136,41.856559],[24.832032,41.85655],[24.831595,41.856321],[24.831302,41.856242],[24.831234,41.856206],[24.830836,41.856168],[24.830533,41.856117],[24.83045,41.856182],[24.830444,41.856204],[24.830536,41.85635],[24.830333,41.85658],[24.830333,41.856707],[24.83023,41.856778],[24.830088,41.856809],[24.829907,41.856887],[24.829801,41.857012],[24.829711,41.857068],[24.829511,41.857116],[24.829275,41.857116],[24.829019,41.857236],[24.828883,41.857315],[24.828833,41.857407],[24.828613,41.857517],[24.828501,41.857654],[24.828442,41.858014],[24.828472,41.858118],[24.82842,41.858266],[24.828445,41.85831],[24.828452,41.858486],[24.828585,41.858825],[24.828661,41.858961],[24.828365,41.859017],[24.828374,41.859056],[24.828356,41.85912],[24.828281,41.859133],[24.828235,41.859098],[24.82814,41.858851],[24.827991,41.858623],[24.827888,41.858506],[24.827495,41.858222],[24.827435,41.858226],[24.827393,41.858251],[24.82735,41.858182],[24.827169,41.858133],[24.827094,41.858431],[24.826894,41.858463],[24.826827,41.858534],[24.826668,41.858471],[24.826508,41.858465],[24.826439,41.858466],[24.826165,41.858541],[24.826056,41.858589],[24.825941,41.858675],[24.825865,41.85875],[24.825781,41.858871],[24.825688,41.858888],[24.825587,41.85898],[24.825561,41.859082],[24.825561,41.859243],[24.825538,41.859335],[24.825504,41.859382],[24.825481,41.859517],[24.825617,41.859693],[24.825639,41.859795],[24.825712,41.859915],[24.825765,41.860409],[24.825939,41.86078],[24.826014,41.861089],[24.826057,41.86117],[24.826079,41.861335],[24.826108,41.861403],[24.826064,41.861513],[24.825973,41.861641],[24.825923,41.861659],[24.825827,41.861662],[24.825437,41.861565],[24.82509,41.861509],[24.824852,41.861498],[24.824783,41.861509],[24.824646,41.86155],[24.82446,41.861643],[24.824122,41.861857],[24.824021,41.861945],[24.823913,41.86201],[24.82355,41.862537],[24.823337,41.862914],[24.823158,41.863111],[24.822928,41.863475],[24.82291,41.863633],[24.822919,41.86428],[24.822898,41.864376],[24.822776,41.864626],[24.822536,41.864883],[24.822114,41.865159],[24.821936,41.865247],[24.821784,41.865379],[24.821761,41.865444],[24.821756,41.865558],[24.821779,41.865677],[24.821859,41.865916],[24.821958,41.866097],[24.822076,41.866222],[24.822251,41.866318],[24.822461,41.86631],[24.822767,41.866335],[24.823101,41.866338],[24.823328,41.866381],[24.823444,41.866452],[24.823502,41.866521],[24.823513,41.866566],[24.823566,41.866642],[24.823583,41.86675],[24.823539,41.866881],[24.823524,41.866905],[24.823404,41.866979],[24.823133,41.867053],[24.822714,41.86723],[24.822534,41.867342],[24.822331,41.867507],[24.821557,41.868055],[24.820982,41.868598],[24.820848,41.868768],[24.820831,41.868868],[24.820791,41.868945],[24.820787,41.868981],[24.820828,41.869057],[24.820871,41.8691],[24.820984,41.869162],[24.82127,41.869251],[24.821673,41.869331],[24.82186,41.869389],[24.822956,41.869832],[24.823352,41.870036],[24.823516,41.87017],[24.823588,41.870253],[24.82366,41.870415],[24.823631,41.870555],[24.823564,41.870628],[24.823296,41.870817],[24.823103,41.870916],[24.822861,41.871006],[24.822618,41.871078],[24.820718,41.871439],[24.820299,41.871591],[24.819966,41.871678],[24.819753,41.87176],[24.819628,41.871843],[24.819554,41.871918],[24.819439,41.8721],[24.819435,41.872268],[24.81952,41.872486],[24.819626,41.87265],[24.819644,41.872877],[24.819598,41.872999],[24.819097,41.873653],[24.819006,41.873846],[24.819024,41.873899],[24.819051,41.873948],[24.819141,41.874022],[24.81931,41.874084],[24.820008,41.874276],[24.820371,41.874405],[24.82073,41.874569],[24.820965,41.874709],[24.821104,41.874843],[24.821158,41.874987],[24.821192,41.87525],[24.821188,41.875333],[24.821151,41.875407],[24.82106,41.875486],[24.820983,41.875519],[24.821149,41.875735],[24.821184,41.875711],[24.821317,41.875822],[24.821471,41.875831],[24.821558,41.875776],[24.821676,41.875653],[24.821388,41.875545],[24.821553,41.875191],[24.821629,41.87492],[24.821816,41.874473],[24.821845,41.874379],[24.821893,41.873914],[24.821967,41.873729],[24.822023,41.873658],[24.822109,41.873592],[24.823008,41.873312],[24.823155,41.873289],[24.823295,41.873287],[24.824194,41.873341],[24.824637,41.873301],[24.825019,41.873228],[24.825145,41.873234],[24.825636,41.873305],[24.826038,41.873384],[24.827061,41.873467],[24.828082,41.87346],[24.828505,41.873482],[24.828645,41.873496],[24.829069,41.873577],[24.829332,41.873597],[24.830003,41.873702],[24.830551,41.873706],[24.83126,41.873795],[24.831804,41.873826],[24.831929,41.873806],[24.83226,41.873706],[24.832368,41.873671],[24.832463,41.873619],[24.832809,41.873291],[24.83311,41.873049],[24.833232,41.87297],[24.83368,41.872736],[24.833978,41.872529],[24.834686,41.872122],[24.835398,41.87167],[24.835583,41.871536],[24.835669,41.871599],[24.836103,41.87157],[24.83655,41.871593],[24.836664,41.871561],[24.836695,41.871476],[24.83669,41.871431],[24.836898,41.87148],[24.837158,41.871474],[24.837401,41.871443],[24.838074,41.871292],[24.838624,41.871042],[24.838835,41.870972],[24.839266,41.87094],[24.839566,41.870965],[24.840745,41.871164],[24.841139,41.871154],[24.841516,41.871088],[24.841887,41.871062],[24.842107,41.871082],[24.84233,41.871137],[24.842437,41.871147],[24.843525,41.871119],[24.84432,41.870993],[24.844547,41.870938],[24.844676,41.870877],[24.844933,41.870649],[24.844888,41.870867],[24.844903,41.87096],[24.844944,41.870978],[24.845309,41.871014],[24.84536,41.870998],[24.845333,41.870923],[24.845322,41.870772],[24.845131,41.870768],[24.845076,41.870746],[24.845084,41.870683],[24.845142,41.870605],[24.845128,41.870544],[24.845073,41.870516],[24.845213,41.870375],[24.845393,41.870108],[24.845476,41.870011],[24.845547,41.870076],[24.845613,41.870099],[24.84573,41.870095],[24.845794,41.870083],[24.845822,41.870063],[24.846053,41.870025],[24.846475,41.870105],[24.846562,41.87008],[24.846539,41.869971],[24.846427,41.869876],[24.846375,41.869864],[24.846355,41.869827],[24.846302,41.869799],[24.8462,41.869761],[24.845872,41.869757],[24.845769,41.869714],[24.846574,41.869124],[24.847244,41.868672],[24.84769,41.868291],[24.847914,41.868168],[24.848561,41.867875],[24.848756,41.867744],[24.848815,41.867684],[24.848911,41.867558],[24.84893,41.867116],[24.849309,41.866353],[24.84935,41.866225],[24.849373,41.866064],[24.849614,41.86583],[24.849749,41.865742],[24.849818,41.865676],[24.850118,41.86529],[24.850731,41.864571],[24.850953,41.86437],[24.851115,41.864258],[24.851552,41.864079],[24.851845,41.863992],[24.852251,41.863845],[24.853293,41.863294],[24.853626,41.86308],[24.853968,41.862935],[24.854209,41.862858],[24.854225,41.862854],[24.854159,41.862904],[24.854002,41.863079],[24.854146,41.863108],[24.854541,41.863098],[24.85466,41.863038],[24.855059,41.86274],[24.855333,41.862617],[24.855592,41.862576],[24.85583,41.862492],[24.855975,41.862456],[24.856374,41.862446],[24.856904,41.86236],[24.857066,41.862311],[24.857124,41.862248],[24.857101,41.86217],[24.857593,41.8622],[24.858101,41.862289],[24.859124,41.862422],[24.860724,41.862822],[24.860822,41.862839],[24.861498,41.862871],[24.862032,41.862955],[24.863258,41.863309],[24.863505,41.863345],[24.863745,41.863405],[24.863999,41.863447],[24.86494,41.863679],[24.866075,41.863296],[24.866445,41.863147],[24.866955,41.86289],[24.867099,41.862884],[24.867424,41.862706],[24.867574,41.86265],[24.867827,41.862604],[24.867935,41.862424],[24.868038,41.862366],[24.868179,41.86232],[24.868315,41.862296],[24.868419,41.862245],[24.868518,41.862161],[24.868518,41.862108],[24.868424,41.862096],[24.868284,41.86212],[24.868077,41.862191],[24.868058,41.862169],[24.868041,41.861843],[24.867987,41.861773],[24.867923,41.861771],[24.867869,41.861868],[24.867795,41.861813],[24.867811,41.861797],[24.867782,41.861714],[24.867682,41.861669],[24.867447,41.8615],[24.86733,41.861462],[24.867005,41.861217],[24.866529,41.860938],[24.866743,41.861016],[24.866878,41.8611],[24.867014,41.861115],[24.867155,41.86107],[24.867212,41.86097],[24.866909,41.86048],[24.866817,41.860385],[24.866721,41.860354],[24.866585,41.860356],[24.866485,41.860382],[24.866452,41.860417],[24.866444,41.860707],[24.866423,41.860828],[24.866468,41.860904],[24.866174,41.860741],[24.865544,41.860476],[24.865321,41.860337],[24.865224,41.860252],[24.865084,41.859992],[24.864832,41.859686],[24.864678,41.859414],[24.864544,41.859333],[24.864359,41.859267],[24.864022,41.859179],[24.863695,41.859118],[24.863339,41.859137],[24.862948,41.859256],[24.862444,41.859223],[24.862366,41.859209],[24.862308,41.859177],[24.862221,41.859081],[24.862081,41.858877],[24.862035,41.858739],[24.862029,41.858259],[24.862114,41.857842],[24.862091,41.85767],[24.862053,41.857593],[24.861951,41.857465],[24.861586,41.857116],[24.861348,41.856828],[24.861172,41.856699],[24.860967,41.856577],[24.860879,41.85653],[24.860098,41.856231],[24.859989,41.856198],[24.859727,41.856155],[24.859577,41.856108],[24.859481,41.856024],[24.859458,41.855971],[24.85946,41.855745],[24.85954,41.855333],[24.859548,41.855114],[24.859532,41.855066],[24.8595,41.855028],[24.859434,41.854995],[24.858987,41.854856],[24.858856,41.854795],[24.858804,41.854741],[24.858733,41.854605],[24.858687,41.854371],[24.858669,41.853971],[24.858477,41.853492],[24.85833,41.852857],[24.858351,41.8527],[24.858413,41.852557],[24.858448,41.852415],[24.858444,41.852345],[24.858359,41.852086],[24.858075,41.851881],[24.857955,41.851826],[24.857863,41.851811],[24.857304,41.851808],[24.856605,41.851866],[24.856452,41.851768],[24.856312,41.851546],[24.856177,41.851449],[24.856009,41.851386],[24.855913,41.851369],[24.855372,41.85136],[24.855259,41.851343],[24.855093,41.851275],[24.854846,41.851052],[24.854718,41.85121],[24.854769,41.851272],[24.854972,41.851331],[24.855298,41.851454],[24.855427,41.851517],[24.85563,41.851663],[24.855716,41.851684],[24.855866,41.851645],[24.855942,41.851651],[24.855963,41.851766],[24.85601,41.851782],[24.856078,41.851781],[24.85623,41.851998],[24.856248,41.852084],[24.856248,41.8524],[24.856279,41.85249],[24.85635,41.85253],[24.856418,41.852671],[24.856461,41.852642],[24.856596,41.852594],[24.85675,41.852615],[24.856849,41.852663],[24.857023,41.852802],[24.856984,41.852857],[24.856881,41.852901],[24.856321,41.852912],[24.855957,41.852967],[24.855862,41.853064],[24.855875,41.853179],[24.855987,41.85324],[24.856133,41.853232],[24.856261,41.853272],[24.856306,41.853383],[24.856282,41.853502],[24.856185,41.853524],[24.85607,41.853507],[24.855991,41.853567],[24.855921,41.853687],[24.855809,41.853752],[24.855744,41.853846],[24.855728,41.854235],[24.855798,41.854309],[24.855769,41.854379],[24.855339,41.854361],[24.855292,41.854475],[24.855326,41.85457],[24.855322,41.854653],[24.855356,41.854728],[24.855468,41.854805],[24.855558,41.854902],[24.85566,41.855031],[24.8557,41.855143],[24.855633,41.855186],[24.855442,41.855043],[24.855356,41.855087],[24.855359,41.855176],[24.855409,41.855291],[24.855606,41.855651],[24.855598,41.855773],[24.855615,41.855863],[24.855734,41.855868],[24.855933,41.855926],[24.856142,41.856059],[24.856138,41.856129],[24.856163,41.856185],[24.856267,41.856196],[24.856348,41.856136],[24.856221,41.85594],[24.856158,41.855719],[24.856263,41.855646],[24.856393,41.855642],[24.856546,41.855664],[24.856663,41.855619],[24.856919,41.855473],[24.857025,41.855361],[24.857212,41.854996],[24.857174,41.854897],[24.856957,41.854672],[24.856849,41.85461],[24.856558,41.854555],[24.856487,41.854463],[24.856525,41.854259],[24.856513,41.854147],[24.856599,41.853975],[24.85658,41.853767],[24.856611,41.853661],[24.856703,41.853631],[24.856924,41.853682],[24.857045,41.853679],[24.85716,41.853613],[24.857261,41.853598],[24.857346,41.853607],[24.857405,41.853544],[24.857426,41.853495],[24.857428,41.853294],[24.85741,41.853171],[24.857449,41.853076],[24.857527,41.852988],[24.857576,41.852894],[24.857572,41.852802],[24.857464,41.852588],[24.857441,41.852481],[24.857515,41.852407],[24.857767,41.85236],[24.85786,41.85231],[24.857869,41.852225],[24.857843,41.852136],[24.857877,41.852041],[24.857962,41.85198],[24.85807,41.851989],[24.85826,41.852037],[24.858299,41.85207],[24.858255,41.852103],[24.858176,41.852129],[24.858144,41.852185],[24.858206,41.852288],[24.858201,41.852353],[24.858145,41.852405],[24.858041,41.85243],[24.857784,41.852458],[24.857683,41.852482],[24.857645,41.852515],[24.857906,41.85262],[24.857918,41.85278],[24.857894,41.852901],[24.857831,41.853135],[24.857782,41.853244],[24.857799,41.853336],[24.85784,41.85338],[24.857891,41.853549],[24.857819,41.853732],[24.857867,41.853807],[24.858025,41.853968],[24.858041,41.85404],[24.857845,41.854105],[24.857778,41.854171],[24.857785,41.854227],[24.857829,41.854312],[24.857811,41.854376],[24.857762,41.854431],[24.857805,41.8545],[24.857815,41.854582],[24.85769,41.854678],[24.857577,41.854879],[24.857553,41.854988],[24.857615,41.855227],[24.857591,41.855312],[24.85753,41.855357],[24.857441,41.855375],[24.85733,41.855497],[24.85725,41.855534],[24.857214,41.855624],[24.85729,41.855772],[24.857362,41.856019],[24.857539,41.856135],[24.857454,41.856178],[24.857333,41.856181],[24.857243,41.856234],[24.85724,41.856323],[24.857343,41.856481],[24.857345,41.856561],[24.857306,41.856644],[24.857326,41.856775],[24.857375,41.856848],[24.857462,41.856812],[24.857554,41.856739],[24.857754,41.856633],[24.857831,41.856572],[24.857958,41.856433],[24.857973,41.856246],[24.858082,41.85615],[24.858136,41.856062],[24.858052,41.855909],[24.858074,41.855812],[24.858067,41.855743],[24.858154,41.855693],[24.858508,41.855628],[24.85877,41.85555],[24.85884,41.855595],[24.858791,41.855684],[24.858815,41.855741],[24.858875,41.855758],[24.858995,41.855977],[24.858985,41.85619],[24.858908,41.85642],[24.858946,41.856565],[24.858923,41.856628],[24.858819,41.856685],[24.858733,41.856833],[24.858633,41.856893],[24.858526,41.856989],[24.858449,41.857015],[24.858313,41.856877],[24.858105,41.856751],[24.858033,41.856796],[24.858004,41.856875],[24.858049,41.856971],[24.858123,41.857053],[24.858122,41.857097],[24.858,41.857112],[24.857881,41.857147],[24.857788,41.857217],[24.857726,41.857297],[24.857632,41.857349],[24.857512,41.857313],[24.857258,41.857108],[24.857034,41.856881],[24.856847,41.856618],[24.856535,41.856292],[24.856455,41.856368],[24.856466,41.856467],[24.856424,41.856527],[24.856093,41.856485],[24.855963,41.856546],[24.855865,41.856612],[24.855772,41.856714],[24.855743,41.856804],[24.855728,41.856898],[24.856006,41.857398],[24.856088,41.857406],[24.856173,41.857378],[24.856252,41.857406],[24.856283,41.857482],[24.856243,41.857523],[24.855718,41.857518],[24.855568,41.857495],[24.855437,41.857444],[24.855382,41.857348],[24.855386,41.857246],[24.855428,41.857139],[24.85545,41.857003],[24.855408,41.856912],[24.854941,41.85642],[24.854876,41.856316],[24.854871,41.856233],[24.855016,41.855982],[24.854969,41.855936],[24.854777,41.855979],[24.85471,41.855978],[24.854675,41.855898],[24.854721,41.855829],[24.854803,41.855764],[24.854858,41.855678],[24.854858,41.855581],[24.854795,41.855566],[24.854703,41.855649],[24.854615,41.855699],[24.85456,41.855676],[24.854564,41.855435],[24.854497,41.855187],[24.854418,41.855068],[24.854309,41.854956],[24.854251,41.854845],[24.854226,41.854739],[24.854234,41.854648],[24.854309,41.854567],[24.854416,41.854553],[24.854673,41.854551],[24.854752,41.854504],[24.854819,41.854413],[24.854809,41.85432],[24.854738,41.854223],[24.854502,41.854027],[24.854377,41.853979],[24.854231,41.853964],[24.854119,41.853928],[24.854017,41.853825],[24.853953,41.853679],[24.853857,41.853343],[24.853904,41.853244],[24.85406,41.853128],[24.853747,41.85286],[24.853217,41.852489],[24.853065,41.852508],[24.852956,41.852438],[24.85272,41.852202],[24.852527,41.852055],[24.852329,41.851939],[24.852178,41.851805],[24.852005,41.851575],[24.851509,41.851287],[24.851129,41.851109],[24.850925,41.851065],[24.850721,41.851041],[24.850587,41.850974],[24.850253,41.850653],[24.8503,41.850636],[24.850108,41.850581],[24.849675,41.850395],[24.849286,41.850282],[24.849241,41.850168],[24.849122,41.850029],[24.848977,41.849913],[24.848887,41.849871],[24.848727,41.849819],[24.848539,41.849814],[24.84832,41.84986],[24.84822,41.849898],[24.847848,41.850108],[24.847609,41.850196],[24.847484,41.850215],[24.84741,41.850182],[24.847469,41.850124],[24.847479,41.850029],[24.847381,41.849841],[24.847393,41.849776],[24.847446,41.849723],[24.847542,41.849716],[24.847684,41.849577],[24.84833,41.849549],[24.848394,41.849516],[24.848562,41.849494],[24.849187,41.849462],[24.849302,41.849412],[24.849297,41.849352],[24.849244,41.849278],[24.849131,41.849215],[24.848449,41.848977],[24.848214,41.848822],[24.847946,41.84873],[24.84772,41.848604],[24.847359,41.848564],[24.847232,41.848514],[24.847138,41.848418],[24.847078,41.848309],[24.846876,41.847749],[24.846787,41.847655],[24.846652,41.847568],[24.846524,41.847494],[24.846331,41.847422],[24.846191,41.847416],[24.846083,41.847487],[24.846011,41.847584],[24.845967,41.847723],[24.846003,41.847862],[24.846064,41.847967],[24.846228,41.848155],[24.846197,41.84822],[24.846073,41.84816],[24.84593,41.848068],[24.845821,41.848024],[24.845719,41.848059],[24.845668,41.848155],[24.845639,41.848269],[24.845401,41.84851],[24.845227,41.848293],[24.845236,41.848209],[24.845133,41.848098],[24.845195,41.847996],[24.845265,41.847923],[24.845291,41.847844],[24.845247,41.847781],[24.84516,41.847757],[24.845072,41.847773],[24.844971,41.847852],[24.844912,41.847685],[24.845007,41.847638],[24.845084,41.847567],[24.8451,41.847494],[24.84506,41.847344],[24.844969,41.84728],[24.84491,41.847268],[24.844856,41.847284],[24.844858,41.847041],[24.844841,41.846958],[24.84477,41.846792],[24.844561,41.846591],[24.844416,41.846483]]]},"properties":{"cadreg":10}},{"type":"Feature","geometry":{"type":"MultiPolygon","coordinates":[[[[24.863345,41.855321],[24.863265,41.855373],[24.86318,41.855403],[24.862912,41.855386],[24.86285,41.85547],[24.862887,41.855583],[24.862981,41.855668],[24.863131,41.85567],[24.863279,41.855638],[24.863403,41.855582],[24.863496,41.855496],[24.863613,41.85564],[24.863751,41.855723],[24.863966,41.855903],[24.864043,41.855992],[24.86404,41.85606],[24.863958,41.856123],[24.863849,41.856166],[24.863736,41.856171],[24.863574,41.856074],[24.86348,41.856073],[24.863261,41.856197],[24.863148,41.856207],[24.862891,41.856158],[24.862819,41.856205],[24.862831,41.856352],[24.862768,41.856509],[24.862754,41.856624],[24.862772,41.856733],[24.862831,41.856821],[24.862965,41.856852],[24.863099,41.856801],[24.86352,41.856559],[24.863507,41.856622],[24.863399,41.856722],[24.863281,41.856779],[24.863235,41.856864],[24.863398,41.85708],[24.863531,41.857171],[24.86381,41.857196],[24.863895,41.857344],[24.863994,41.857307],[24.86422,41.857083],[24.864324,41.85705],[24.864464,41.857119],[24.864618,41.857255],[24.864479,41.857388],[24.864531,41.857488],[24.864641,41.857596],[24.864706,41.857701],[24.864731,41.857775],[24.864339,41.858048],[24.864215,41.858155],[24.864142,41.858272],[24.864142,41.858377],[24.863914,41.858563],[24.863934,41.858617],[24.863957,41.858649],[24.864032,41.858682],[24.86471,41.858736],[24.865144,41.858715],[24.865515,41.858655],[24.865559,41.858717],[24.865574,41.858826],[24.865633,41.858888],[24.865758,41.858876],[24.865843,41.858814],[24.865911,41.858668],[24.865917,41.858261],[24.865948,41.858192],[24.866148,41.858161],[24.866256,41.8581],[24.866269,41.857799],[24.86626,41.857679],[24.866226,41.857589],[24.866113,41.85754],[24.86597,41.857527],[24.86589,41.857405],[24.865848,41.857172],[24.865804,41.857083],[24.865685,41.857062],[24.865642,41.857202],[24.865586,41.857297],[24.865523,41.857305],[24.865515,41.857243],[24.865462,41.857157],[24.865427,41.85694],[24.865294,41.856752],[24.865292,41.856568],[24.865247,41.85649],[24.865164,41.856414],[24.865034,41.856389],[24.864983,41.856242],[24.86485,41.856029],[24.864758,41.855962],[24.864429,41.855937],[24.86425,41.855878],[24.864268,41.855638],[24.864243,41.855525],[24.864077,41.855499],[24.863895,41.855433],[24.863875,41.85535],[24.863976,41.85527],[24.864147,41.855173],[24.864415,41.855075],[24.864465,41.854971],[24.864479,41.85478],[24.864605,41.854728],[24.864622,41.854614],[24.864559,41.854471],[24.864452,41.854345],[24.864263,41.854286],[24.863912,41.854405],[24.863779,41.854496],[24.863681,41.854638],[24.863561,41.854907],[24.863593,41.855024],[24.863552,41.855123],[24.863345,41.855321]]],[[[24.861817,41.855887],[24.861584,41.855796],[24.861457,41.855796],[24.86142,41.855884],[24.86146,41.855977],[24.861464,41.856049],[24.861417,41.856115],[24.861444,41.856182],[24.861874,41.856304],[24.862305,41.856404],[24.862684,41.85654],[24.862716,41.856461],[24.86273,41.856149],[24.862799,41.855992],[24.862957,41.855842],[24.862597,41.855747],[24.86227,41.855618],[24.862112,41.855587],[24.862009,41.85566],[24.861817,41.855887]]],[[[24.868515,41.858988],[24.86848,41.858928],[24.868295,41.85876],[24.868235,41.858618],[24.868155,41.85853],[24.868039,41.858469],[24.867641,41.858325],[24.867498,41.858229],[24.867304,41.858279],[24.867182,41.858356],[24.86705,41.858591],[24.867003,41.858791],[24.867016,41.85889],[24.867025,41.858863],[24.867109,41.85881],[24.867127,41.858757],[24.867269,41.858693],[24.867281,41.858618],[24.867319,41.858566],[24.867545,41.858464],[24.86774,41.858687],[24.867749,41.858745],[24.867677,41.858831],[24.867659,41.858888],[24.867674,41.858923],[24.867746,41.858981],[24.867957,41.859074],[24.868182,41.859244],[24.86829,41.859262],[24.868496,41.859235],[24.868529,41.859094],[24.868515,41.858988]]],[[[24.864404,41.859036],[24.864501,41.859081],[24.864615,41.859083],[24.864872,41.859057],[24.865022,41.859011],[24.865088,41.859017],[24.865133,41.859038],[24.865169,41.859107],[24.86514,41.859154],[24.865032,41.859129],[24.864921,41.859138],[24.864713,41.859228],[24.864824,41.859294],[24.864976,41.859304],[24.865122,41.859282],[24.865233,41.859341],[24.865353,41.85944],[24.865555,41.85952],[24.86557,41.859595],[24.865467,41.859691],[24.865425,41.859754],[24.865414,41.859794],[24.865466,41.859824],[24.865707,41.859828],[24.866003,41.859809],[24.866041,41.85986],[24.866047,41.859915],[24.865982,41.860052],[24.865992,41.860138],[24.866008,41.860095],[24.866151,41.859925],[24.866269,41.859841],[24.866526,41.859731],[24.866597,41.859657],[24.866657,41.859643],[24.866676,41.859587],[24.866746,41.859492],[24.86693,41.859299],[24.8667,41.859387],[24.866566,41.859421],[24.866404,41.859437],[24.865833,41.859188],[24.865613,41.859006],[24.865461,41.858931],[24.86522,41.858873],[24.865121,41.858863],[24.864725,41.858871],[24.864568,41.858852],[24.864341,41.85885],[24.864288,41.858871],[24.864265,41.858897],[24.864297,41.858949],[24.864404,41.859036]]]]},"properties":{"cadreg":11}},{"type":"Feature","geometry":{"type":"MultiPolygon","coordinates":[[[[24.854556,41.844989],[24.854522,41.845037],[24.85459,41.845098],[24.854699,41.845158],[24.855354,41.845274],[24.85568,41.845362],[24.855767,41.845287],[24.85586,41.845125],[24.855879,41.845054],[24.855873,41.845002],[24.8558,41.844985],[24.855441,41.84503],[24.85523,41.845012],[24.854801,41.844933],[24.854674,41.844952],[24.854556,41.844989]]],[[[24.851421,41.845892],[24.851387,41.845961],[24.851388,41.846034],[24.851647,41.846184],[24.851863,41.846357],[24.851993,41.846413],[24.851997,41.846529],[24.852041,41.846699],[24.852557,41.846695],[24.852622,41.846657],[24.852687,41.846532],[24.852668,41.846442],[24.852603,41.846279],[24.85255,41.84622],[24.852495,41.846095],[24.852596,41.84574],[24.852556,41.845679],[24.85233,41.845679],[24.852278,41.845659],[24.852078,41.845662],[24.851764,41.845729],[24.851692,41.845773],[24.851421,41.845892]]],[[[24.853886,41.847544],[24.853824,41.84758],[24.853691,41.847603],[24.853641,41.847649],[24.853639,41.847723],[24.853609,41.847796],[24.8535,41.847935],[24.853471,41.848017],[24.853491,41.848113],[24.853547,41.848212],[24.85377,41.848404],[24.854047,41.84858],[24.854226,41.848653],[24.853995,41.848742],[24.853945,41.848797],[24.853937,41.848864],[24.853994,41.848926],[24.854127,41.849006],[24.85424,41.849045],[24.854358,41.849066],[24.854622,41.848977],[24.854648,41.848882],[24.854647,41.848804],[24.854789,41.84861],[24.854922,41.848374],[24.855088,41.847986],[24.855154,41.847896],[24.855162,41.847853],[24.855138,41.847808],[24.854836,41.847461],[24.854804,41.847274],[24.854802,41.847111],[24.854807,41.847055],[24.854837,41.846997],[24.854847,41.846828],[24.85481,41.846759],[24.854676,41.846734],[24.854225,41.846756],[24.85393,41.846709],[24.853843,41.84666],[24.853799,41.846568],[24.85372,41.846506],[24.853522,41.846402],[24.853457,41.846341],[24.853352,41.846296],[24.853235,41.846299],[24.853167,41.846344],[24.853121,41.846408],[24.853142,41.846498],[24.853401,41.847031],[24.853378,41.84729],[24.853418,41.847343],[24.853616,41.84744],[24.853869,41.847454],[24.853888,41.847486],[24.853886,41.847544]]],[[[24.855986,41.847319],[24.856011,41.847738],[24.85598,41.847857],[24.855915,41.847923],[24.855555,41.848053],[24.855197,41.848078],[24.85513,41.848099],[24.85508,41.848137],[24.855074,41.848258],[24.855029,41.848379],[24.855059,41.848447],[24.855143,41.848499],[24.855512,41.848579],[24.855684,41.848597],[24.856073,41.848563],[24.856154,41.848534],[24.85619,41.848483],[24.856253,41.848549],[24.856238,41.848587],[24.856099,41.848633],[24.856105,41.848674],[24.856218,41.848753],[24.856191,41.848789],[24.856198,41.848831],[24.856241,41.848865],[24.856484,41.848896],[24.856589,41.848876],[24.856741,41.848803],[24.85676,41.848772],[24.85668,41.848565],[24.85641,41.847656],[24.85658,41.84759],[24.856604,41.847523],[24.856566,41.847277],[24.856504,41.847216],[24.856412,41.847182],[24.856289,41.847192],[24.856149,41.847216],[24.856037,41.847262],[24.855986,41.847319]]],[[[24.850721,41.851041],[24.850925,41.851065],[24.851129,41.851109],[24.851509,41.851287],[24.852005,41.851575],[24.852178,41.851805],[24.852329,41.851939],[24.852527,41.852055],[24.85272,41.852202],[24.852956,41.852438],[24.853065,41.852508],[24.853217,41.852489],[24.853747,41.85286],[24.85406,41.853128],[24.853904,41.853244],[24.853857,41.853343],[24.853953,41.853679],[24.854017,41.853825],[24.854119,41.853928],[24.854231,41.853964],[24.854377,41.853979],[24.854502,41.854027],[24.854738,41.854223],[24.854809,41.85432],[24.854819,41.854413],[24.854752,41.854504],[24.854673,41.854551],[24.854416,41.854553],[24.854309,41.854567],[24.854234,41.854648],[24.854226,41.854739],[24.854251,41.854845],[24.854309,41.854956],[24.854418,41.855068],[24.854497,41.855187],[24.854564,41.855435],[24.85456,41.855676],[24.854615,41.855699],[24.854703,41.855649],[24.854795,41.855566],[24.854858,41.855581],[24.854858,41.855678],[24.854803,41.855764],[24.854721,41.855829],[24.854675,41.855898],[24.85471,41.855978],[24.854777,41.855979],[24.854969,41.855936],[24.855016,41.855982],[24.854871,41.856233],[24.854876,41.856316],[24.854941,41.85642],[24.855408,41.856912],[24.85545,41.857003],[24.855428,41.857139],[24.855386,41.857246],[24.855382,41.857348],[24.855437,41.857444],[24.855568,41.857495],[24.855718,41.857518],[24.856243,41.857523],[24.856283,41.857482],[24.856252,41.857406],[24.856173,41.857378],[24.856088,41.857406],[24.856006,41.857398],[24.855728,41.856898],[24.855743,41.856804],[24.855772,41.856714],[24.855865,41.856612],[24.855963,41.856546],[24.856093,41.856485],[24.856424,41.856527],[24.856466,41.856467],[24.856455,41.856368],[24.856535,41.856292],[24.856847,41.856618],[24.857034,41.856881],[24.857258,41.857108],[24.857512,41.857313],[24.857632,41.857349],[24.857726,41.857297],[24.857788,41.857217],[24.857881,41.857147],[24.858,41.857112],[24.858122,41.857097],[24.858123,41.857053],[24.858049,41.856971],[24.858004,41.856875],[24.858033,41.856796],[24.858105,41.856751],[24.858313,41.856877],[24.858449,41.857015],[24.858526,41.856989],[24.858633,41.856893],[24.858733,41.856833],[24.858819,41.856685],[24.858923,41.856628],[24.858946,41.856565],[24.858908,41.85642],[24.858985,41.85619],[24.858995,41.855977],[24.858875,41.855758],[24.858815,41.855741],[24.858791,41.855684],[24.85884,41.855595],[24.85877,41.85555],[24.858508,41.855628],[24.858154,41.855693],[24.858067,41.855743],[24.858074,41.855812],[24.858052,41.855909],[24.858136,41.856062],[24.858082,41.85615],[24.857973,41.856246],[24.857958,41.856433],[24.857831,41.856572],[24.857754,41.856633],[24.857554,41.856739],[24.857462,41.856812],[24.857375,41.856848],[24.857326,41.856775],[24.857306,41.856644],[24.857345,41.856561],[24.857343,41.856481],[24.85724,41.856323],[24.857243,41.856234],[24.857333,41.856181],[24.857454,41.856178],[24.857539,41.856135],[24.857362,41.856019],[24.85729,41.855772],[24.857214,41.855624],[24.85725,41.855534],[24.85733,41.855497],[24.857441,41.855375],[24.85753,41.855357],[24.857591,41.855312],[24.857615,41.855227],[24.857553,41.854988],[24.857577,41.854879],[24.85769,41.854678],[24.857815,41.854582],[24.857805,41.8545],[24.857762,41.854431],[24.857811,41.854376],[24.857829,41.854312],[24.857785,41.854227],[24.857778,41.854171],[24.857845,41.854105],[24.858041,41.85404],[24.858025,41.853968],[24.857867,41.853807],[24.857819,41.853732],[24.857891,41.853549],[24.85784,41.85338],[24.857799,41.853336],[24.857782,41.853244],[24.857831,41.853135],[24.857894,41.852901],[24.857918,41.85278],[24.857906,41.85262],[24.857645,41.852515],[24.857683,41.852482],[24.857784,41.852458],[24.858041,41.85243],[24.858145,41.852405],[24.858201,41.852353],[24.858206,41.852288],[24.858144,41.852185],[24.858176,41.852129],[24.858255,41.852103],[24.858299,41.85207],[24.85826,41.852037],[24.85807,41.851989],[24.857962,41.85198],[24.857877,41.852041],[24.857843,41.852136],[24.857869,41.852225],[24.85786,41.85231],[24.857767,41.85236],[24.857515,41.852407],[24.857441,41.852481],[24.857464,41.852588],[24.857572,41.852802],[24.857576,41.852894],[24.857527,41.852988],[24.857449,41.853076],[24.85741,41.853171],[24.857428,41.853294],[24.857426,41.853495],[24.857405,41.853544],[24.857346,41.853607],[24.857261,41.853598],[24.85716,41.853613],[24.857045,41.853679],[24.856924,41.853682],[24.856703,41.853631],[24.856611,41.853661],[24.85658,41.853767],[24.856599,41.853975],[24.856513,41.854147],[24.856525,41.854259],[24.856487,41.854463],[24.856558,41.854555],[24.856849,41.85461],[24.856957,41.854672],[24.857174,41.854897],[24.857212,41.854996],[24.857025,41.855361],[24.856919,41.855473],[24.856663,41.855619],[24.856546,41.855664],[24.856393,41.855642],[24.856263,41.855646],[24.856158,41.855719],[24.856221,41.85594],[24.856348,41.856136],[24.856267,41.856196],[24.856163,41.856185],[24.856138,41.856129],[24.856142,41.856059],[24.855933,41.855926],[24.855734,41.855868],[24.855615,41.855863],[24.855598,41.855773],[24.855606,41.855651],[24.855409,41.855291],[24.855359,41.855176],[24.855356,41.855087],[24.855442,41.855043],[24.855633,41.855186],[24.8557,41.855143],[24.85566,41.855031],[24.855558,41.854902],[24.855468,41.854805],[24.855356,41.854728],[24.855322,41.854653],[24.855326,41.85457],[24.855292,41.854475],[24.855339,41.854361],[24.855769,41.854379],[24.855798,41.854309],[24.855728,41.854235],[24.855744,41.853846],[24.855809,41.853752],[24.855921,41.853687],[24.855991,41.853567],[24.85607,41.853507],[24.856185,41.853524],[24.856282,41.853502],[24.856306,41.853383],[24.856261,41.853272],[24.856133,41.853232],[24.855987,41.85324],[24.855875,41.853179],[24.855862,41.853064],[24.855957,41.852967],[24.856321,41.852912],[24.856881,41.852901],[24.856984,41.852857],[24.857023,41.852802],[24.856849,41.852663],[24.85675,41.852615],[24.856596,41.852594],[24.856461,41.852642],[24.856418,41.852671],[24.85635,41.85253],[24.856279,41.85249],[24.856248,41.8524],[24.856248,41.852084],[24.85623,41.851998],[24.856078,41.851781],[24.85601,41.851782],[24.855963,41.851766],[24.855942,41.851651],[24.855866,41.851645],[24.855716,41.851684],[24.85563,41.851663],[24.855427,41.851517],[24.855298,41.851454],[24.854972,41.851331],[24.854769,41.851272],[24.854718,41.85121],[24.854849,41.85105],[24.854867,41.850957],[24.854702,41.850699],[24.85456,41.850536],[24.854288,41.850388],[24.854113,41.850257],[24.853977,41.850187],[24.85389,41.850172],[24.853788,41.850178],[24.853209,41.850271],[24.852834,41.850302],[24.852704,41.850299],[24.852588,41.85028],[24.852117,41.850137],[24.851656,41.850023],[24.851265,41.849798],[24.851163,41.849761],[24.850917,41.849742],[24.850539,41.849781],[24.85029,41.849839],[24.85018,41.849876],[24.849956,41.849995],[24.849638,41.85023],[24.849556,41.850256],[24.849283,41.850272],[24.849675,41.850395],[24.850108,41.850581],[24.8503,41.850636],[24.850253,41.850653],[24.850478,41.850874],[24.850587,41.850974],[24.850721,41.851041]]],[[[24.857597,41.845613],[24.85756,41.845806],[24.857558,41.845918],[24.857596,41.846021],[24.857689,41.84606],[24.857974,41.846098],[24.857941,41.846346],[24.857985,41.846399],[24.858031,41.8464],[24.858172,41.846306],[24.8583,41.846385],[24.858349,41.846438],[24.858406,41.846453],[24.858448,41.846438],[24.858498,41.846359],[24.858507,41.846281],[24.858668,41.845952],[24.858656,41.845691],[24.858624,41.845589],[24.858558,41.845503],[24.858145,41.845537],[24.857663,41.845547],[24.857597,41.845613]]],[[[24.858903,41.845945],[24.858924,41.84599],[24.859024,41.84603],[24.859392,41.846039],[24.859928,41.846005],[24.859977,41.845984],[24.860005,41.84592],[24.859682,41.845685],[24.859533,41.845654],[24.85932,41.845658],[24.859102,41.845678],[24.85896,41.845719],[24.858905,41.845807],[24.858903,41.845945]]],[[[24.856742,41.849005],[24.85714,41.849249],[24.857595,41.849691],[24.857661,41.84977],[24.857702,41.849888],[24.857614,41.849904],[24.857517,41.84973],[24.857343,41.849519],[24.857321,41.849461],[24.857114,41.849277],[24.857042,41.849251],[24.856971,41.84929],[24.85691,41.849358],[24.856779,41.849765],[24.856688,41.849769],[24.856618,41.849811],[24.856569,41.8499],[24.856536,41.84999],[24.856471,41.850382],[24.856557,41.8504],[24.857129,41.8504],[24.857212,41.850355],[24.857257,41.850233],[24.857288,41.850233],[24.857417,41.850315],[24.857441,41.850373],[24.857444,41.850449],[24.857416,41.850702],[24.857411,41.851002],[24.857454,41.85107],[24.857494,41.851086],[24.857577,41.851081],[24.857667,41.851057],[24.857839,41.851001],[24.857888,41.850968],[24.857898,41.85094],[24.858046,41.850956],[24.858094,41.850977],[24.85811,41.851013],[24.857988,41.851099],[24.857734,41.851214],[24.857753,41.85125],[24.85796,41.851295],[24.858168,41.851383],[24.858257,41.851391],[24.858335,41.851373],[24.858396,41.851376],[24.858492,41.851428],[24.858464,41.851591],[24.858458,41.851936],[24.858413,41.852172],[24.858448,41.852198],[24.858659,41.852273],[24.858922,41.852348],[24.859149,41.852432],[24.859346,41.852392],[24.859503,41.852229],[24.859626,41.852027],[24.859743,41.851978],[24.859868,41.851996],[24.860119,41.852205],[24.860229,41.852267],[24.860569,41.852638],[24.860629,41.852679],[24.860698,41.85266],[24.860872,41.852553],[24.860952,41.852529],[24.861021,41.852617],[24.861187,41.852639],[24.861245,41.852677],[24.861286,41.852761],[24.861359,41.852811],[24.861472,41.852861],[24.861585,41.852884],[24.861745,41.852941],[24.861763,41.85309],[24.861736,41.853144],[24.861683,41.853177],[24.861604,41.853189],[24.86097,41.852991],[24.86082,41.852991],[24.860748,41.853011],[24.86071,41.853094],[24.860788,41.853154],[24.860895,41.853181],[24.861146,41.853185],[24.861243,41.853204],[24.861377,41.853254],[24.861489,41.853331],[24.861591,41.853378],[24.861707,41.853406],[24.862065,41.853374],[24.862146,41.853425],[24.862156,41.853468],[24.862034,41.853472],[24.861364,41.853394],[24.86101,41.853385],[24.860445,41.853329],[24.860364,41.853362],[24.860326,41.853318],[24.860101,41.853159],[24.859671,41.85292],[24.859155,41.852673],[24.859045,41.852667],[24.858994,41.852738],[24.858914,41.853063],[24.858987,41.853111],[24.85908,41.853108],[24.859205,41.85309],[24.859413,41.853028],[24.859534,41.853036],[24.85959,41.853099],[24.859608,41.853172],[24.859596,41.853338],[24.859433,41.853317],[24.859351,41.853336],[24.859274,41.853373],[24.859158,41.853481],[24.85891,41.853645],[24.85891,41.853707],[24.858982,41.853759],[24.859141,41.853797],[24.859193,41.853825],[24.859191,41.85387],[24.859138,41.853908],[24.859124,41.853951],[24.859339,41.854004],[24.859406,41.854035],[24.859474,41.85409],[24.859255,41.854199],[24.859233,41.854263],[24.85929,41.854311],[24.85943,41.854351],[24.859348,41.854532],[24.859182,41.854706],[24.85918,41.854774],[24.859302,41.854791],[24.859638,41.854906],[24.859735,41.854954],[24.859742,41.85509],[24.859819,41.855159],[24.859931,41.855151],[24.860046,41.855103],[24.860111,41.85503],[24.860193,41.854972],[24.860419,41.85489],[24.86059,41.854885],[24.860539,41.854971],[24.860453,41.855065],[24.860384,41.855117],[24.86015,41.855233],[24.860142,41.855299],[24.860181,41.855363],[24.86022,41.855349],[24.860275,41.855287],[24.86042,41.855202],[24.860478,41.855142],[24.860598,41.855076],[24.860636,41.85503],[24.860738,41.855029],[24.860762,41.855007],[24.860944,41.855012],[24.861148,41.855088],[24.861237,41.855178],[24.861522,41.855266],[24.862105,41.855263],[24.862149,41.855294],[24.862414,41.855319],[24.86246,41.855302],[24.86248,41.855254],[24.862428,41.855201],[24.862223,41.855101],[24.862202,41.855075],[24.8622,41.855005],[24.862397,41.855004],[24.86245,41.855022],[24.862591,41.855022],[24.862646,41.85501],[24.862657,41.854948],[24.862649,41.854917],[24.862604,41.854883],[24.862363,41.85481],[24.862253,41.854688],[24.862465,41.854694],[24.862473,41.854717],[24.862644,41.854733],[24.862768,41.854639],[24.862859,41.85461],[24.862931,41.854644],[24.862926,41.854784],[24.862965,41.85488],[24.863061,41.854998],[24.863112,41.855027],[24.863197,41.855047],[24.863314,41.855028],[24.863369,41.854962],[24.863523,41.854959],[24.863582,41.854982],[24.863561,41.854907],[24.863706,41.854602],[24.863443,41.854674],[24.863336,41.85468],[24.863285,41.854665],[24.863272,41.854614],[24.863308,41.854581],[24.863304,41.854548],[24.863279,41.854534],[24.86318,41.854525],[24.86311,41.854496],[24.863114,41.854467],[24.863225,41.854347],[24.863238,41.854241],[24.863015,41.854211],[24.862996,41.854174],[24.863063,41.854153],[24.863225,41.854147],[24.863287,41.85413],[24.863299,41.854106],[24.86326,41.854072],[24.863118,41.854075],[24.862978,41.854103],[24.862948,41.854059],[24.862998,41.853992],[24.863117,41.853938],[24.86296,41.853829],[24.862806,41.853773],[24.862682,41.853699],[24.862578,41.853658],[24.862576,41.853633],[24.862497,41.853586],[24.86248,41.853514],[24.862533,41.853499],[24.862687,41.853497],[24.862753,41.853481],[24.862768,41.853448],[24.86296,41.853534],[24.863067,41.853611],[24.863013,41.853177],[24.863015,41.852873],[24.863041,41.852878],[24.863084,41.85293],[24.86315,41.8531],[24.863194,41.85316],[24.863251,41.853164],[24.863669,41.853094],[24.863712,41.853051],[24.863689,41.852935],[24.863737,41.8529],[24.863884,41.852945],[24.864024,41.852882],[24.864115,41.852885],[24.864109,41.852943],[24.863987,41.852984],[24.863937,41.853034],[24.86395,41.853079],[24.863975,41.853091],[24.864091,41.853109],[24.864139,41.853073],[24.86414,41.853025],[24.864241,41.853012],[24.864318,41.852975],[24.864421,41.852857],[24.864488,41.852857],[24.864624,41.852817],[24.864701,41.852816],[24.864744,41.852858],[24.864774,41.852947],[24.864762,41.852978],[24.864561,41.853148],[24.864525,41.85326],[24.864561,41.853362],[24.864667,41.85346],[24.864825,41.85355],[24.864827,41.853621],[24.864862,41.853721],[24.864959,41.85375],[24.865024,41.853858],[24.865081,41.853872],[24.865161,41.853866],[24.865161,41.853813],[24.865269,41.853772],[24.865314,41.853807],[24.865305,41.853853],[24.86533,41.853883],[24.86543,41.853938],[24.865567,41.854048],[24.865618,41.854057],[24.865664,41.853981],[24.865674,41.853883],[24.865628,41.853776],[24.865546,41.853684],[24.865526,41.853588],[24.865599,41.85348],[24.866418,41.853428],[24.866559,41.853398],[24.86663,41.853352],[24.866582,41.853304],[24.866464,41.853264],[24.866452,41.85323],[24.866566,41.853204],[24.866625,41.85317],[24.866576,41.85313],[24.86641,41.853132],[24.865763,41.853199],[24.865563,41.853198],[24.865389,41.853167],[24.865298,41.853111],[24.865242,41.853034],[24.864954,41.852959],[24.864923,41.852848],[24.864944,41.852829],[24.865169,41.852819],[24.865179,41.852759],[24.865048,41.852756],[24.864822,41.85268],[24.864797,41.852621],[24.864806,41.852583],[24.864835,41.852569],[24.864884,41.852568],[24.864913,41.852592],[24.865109,41.852661],[24.865229,41.85266],[24.865344,41.852603],[24.86536,41.852538],[24.865609,41.852657],[24.865692,41.852733],[24.865849,41.852774],[24.866381,41.85275],[24.866617,41.852719],[24.866437,41.852576],[24.866397,41.852462],[24.866435,41.852394],[24.866405,41.852304],[24.866338,41.852232],[24.866262,41.8522],[24.866038,41.852236],[24.866008,41.852177],[24.86605,41.852068],[24.866172,41.851896],[24.866103,41.851799],[24.866038,41.851776],[24.86594,41.851796],[24.865844,41.85202],[24.865721,41.852238],[24.865661,41.852307],[24.865575,41.852362],[24.865508,41.852326],[24.865488,41.852243],[24.865645,41.852074],[24.865594,41.852034],[24.86548,41.852045],[24.865043,41.852248],[24.864668,41.852255],[24.864511,41.852197],[24.864236,41.852182],[24.86418,41.852157],[24.864132,41.852082],[24.864153,41.851898],[24.864177,41.851855],[24.864238,41.85182],[24.864378,41.851773],[24.864531,41.851769],[24.864888,41.852069],[24.864948,41.852094],[24.865104,41.852049],[24.865159,41.851961],[24.865316,41.851793],[24.865336,41.851743],[24.865303,41.851665],[24.865229,41.851562],[24.865141,41.851481],[24.865037,41.851452],[24.86485,41.851516],[24.864541,41.851668],[24.864367,41.851689],[24.864157,41.851628],[24.863968,41.851546],[24.863825,41.851509],[24.863752,41.851422],[24.863721,41.851304],[24.863667,41.851194],[24.863478,41.850891],[24.863391,41.850836],[24.863081,41.8507],[24.862899,41.850519],[24.862446,41.850315],[24.862278,41.850222],[24.862215,41.850151],[24.862134,41.850029],[24.862122,41.849982],[24.862013,41.849852],[24.862002,41.849787],[24.861955,41.849761],[24.86188,41.849588],[24.861839,41.849535],[24.861825,41.84937],[24.861768,41.849235],[24.861766,41.849042],[24.861737,41.848853],[24.861609,41.848879],[24.861526,41.848916],[24.861339,41.84907],[24.861296,41.84917],[24.861252,41.849397],[24.86114,41.849576],[24.861097,41.849714],[24.861041,41.849737],[24.860846,41.849769],[24.860711,41.849816],[24.860743,41.849625],[24.860797,41.849547],[24.860778,41.849494],[24.860678,41.849411],[24.860641,41.849346],[24.86055,41.849331],[24.860532,41.849215],[24.860316,41.84906],[24.860275,41.848987],[24.860226,41.848942],[24.860017,41.848792],[24.859826,41.848796],[24.859714,41.848872],[24.859669,41.848921],[24.859662,41.848955],[24.859683,41.8491],[24.859919,41.84938],[24.859939,41.849383],[24.859945,41.849434],[24.859891,41.849478],[24.85979,41.849482],[24.859702,41.849439],[24.859628,41.849442],[24.859531,41.849369],[24.859475,41.849354],[24.859321,41.849248],[24.859175,41.849203],[24.859076,41.849198],[24.858903,41.849084],[24.858783,41.849053],[24.85848,41.849055],[24.858292,41.849101],[24.858228,41.849165],[24.858127,41.84919],[24.857958,41.849188],[24.857784,41.849147],[24.857717,41.849127],[24.857205,41.848754],[24.857065,41.848673],[24.856948,41.848635],[24.856727,41.848858],[24.856711,41.848934],[24.856742,41.849005]]],[[[24.860342,41.844829],[24.86009,41.844918],[24.860059,41.844976],[24.860143,41.845027],[24.860303,41.845028],[24.860601,41.84495],[24.860707,41.844885],[24.860852,41.844708],[24.860859,41.844637],[24.860828,41.844568],[24.860696,41.844547],[24.86056,41.844557],[24.860474,41.844622],[24.860342,41.844829]]],[[[24.863539,41.8535],[24.863787,41.853839],[24.864009,41.85385],[24.86437,41.8539],[24.864392,41.85386],[24.864317,41.853747],[24.864274,41.853621],[24.864234,41.853288],[24.864099,41.853286],[24.863951,41.85333],[24.863607,41.85336],[24.863519,41.853401],[24.863539,41.8535]]]]},"properties":{"cadreg":12}},{"type":"Feature","geometry":{"type":"Polygon","coordinates":[[[24.866611,41.855018],[24.866963,41.855272],[24.86743,41.855453],[24.867578,41.855553],[24.86764,41.855658],[24.867649,41.855766],[24.867689,41.85584],[24.868229,41.856224],[24.868384,41.856479],[24.868639,41.856717],[24.868183,41.856802],[24.867968,41.856824],[24.867839,41.85687],[24.867805,41.857063],[24.867563,41.857],[24.867362,41.85697],[24.867122,41.856972],[24.866891,41.857004],[24.866728,41.857069],[24.866708,41.857148],[24.866746,41.857223],[24.867265,41.857241],[24.867355,41.857294],[24.867554,41.857493],[24.867714,41.857571],[24.867863,41.85761],[24.867983,41.857703],[24.868096,41.857818],[24.868192,41.857876],[24.868331,41.857809],[24.868651,41.857704],[24.868845,41.857508],[24.869019,41.85747],[24.869408,41.857475],[24.869273,41.857564],[24.869241,41.857604],[24.869217,41.857683],[24.86909,41.857799],[24.868844,41.857865],[24.868791,41.857916],[24.868735,41.857936],[24.868668,41.858011],[24.868532,41.858074],[24.86832,41.858111],[24.868222,41.858144],[24.868148,41.85819],[24.867593,41.8582],[24.867413,41.858227],[24.867291,41.858263],[24.867162,41.858346],[24.867027,41.858586],[24.866979,41.858763],[24.866982,41.858895],[24.867016,41.85889],[24.867003,41.858791],[24.86705,41.858591],[24.867182,41.858356],[24.867304,41.858279],[24.867498,41.858229],[24.867641,41.858325],[24.868039,41.858469],[24.868155,41.85853],[24.868235,41.858618],[24.868295,41.85876],[24.868506,41.858961],[24.868529,41.859094],[24.868496,41.859235],[24.868649,41.859233],[24.868684,41.859208],[24.868662,41.859078],[24.868691,41.859028],[24.868758,41.858977],[24.868925,41.858926],[24.868961,41.858902],[24.869062,41.858798],[24.869149,41.858761],[24.869252,41.858604],[24.869354,41.858534],[24.869398,41.858524],[24.869602,41.858764],[24.869583,41.858842],[24.869468,41.858916],[24.869306,41.858957],[24.869244,41.858997],[24.869221,41.859024],[24.869221,41.859114],[24.869292,41.85922],[24.869288,41.859276],[24.869415,41.859821],[24.869526,41.859884],[24.869783,41.859916],[24.869919,41.859915],[24.869959,41.859844],[24.869896,41.859742],[24.869766,41.859266],[24.869903,41.859253],[24.870216,41.859166],[24.870332,41.859167],[24.870397,41.859241],[24.870425,41.859366],[24.870543,41.859462],[24.870692,41.859461],[24.870857,41.85943],[24.871043,41.859421],[24.871228,41.859475],[24.871512,41.859593],[24.871692,41.859618],[24.871799,41.859596],[24.87183,41.859519],[24.8718,41.859419],[24.871695,41.85933],[24.871591,41.85931],[24.871426,41.859321],[24.871322,41.8593],[24.871204,41.859208],[24.871084,41.859139],[24.870965,41.859124],[24.870819,41.859173],[24.870713,41.859185],[24.870596,41.859159],[24.870441,41.859105],[24.870382,41.859054],[24.870373,41.85901],[24.870487,41.85898],[24.870625,41.859006],[24.870744,41.859003],[24.870698,41.858946],[24.870103,41.858805],[24.870122,41.858758],[24.870337,41.858638],[24.870684,41.858489],[24.870952,41.858406],[24.870954,41.858319],[24.870893,41.858151],[24.870849,41.858096],[24.870759,41.858088],[24.870724,41.858002],[24.870713,41.857905],[24.870753,41.857813],[24.870743,41.857754],[24.870899,41.857633],[24.871119,41.857592],[24.87127,41.857641],[24.871236,41.857659],[24.871217,41.857745],[24.871172,41.85781],[24.871161,41.857897],[24.871245,41.857941],[24.871361,41.857977],[24.871387,41.858025],[24.871277,41.858061],[24.871151,41.858071],[24.871095,41.858133],[24.871128,41.858223],[24.871215,41.858304],[24.871329,41.858328],[24.871624,41.858221],[24.87165,41.858233],[24.871717,41.858306],[24.871664,41.858397],[24.871515,41.858487],[24.871455,41.858544],[24.871488,41.858615],[24.871596,41.858661],[24.871724,41.858681],[24.871775,41.858642],[24.8718,41.858476],[24.8721,41.858496],[24.872175,41.858473],[24.872226,41.858387],[24.872295,41.858326],[24.872395,41.858342],[24.872471,41.858331],[24.87253,41.858271],[24.872601,41.858239],[24.872585,41.858213],[24.872655,41.858207],[24.872782,41.858253],[24.872861,41.858258],[24.872968,41.858219],[24.873097,41.858199],[24.873435,41.857976],[24.873637,41.857962],[24.873683,41.857889],[24.873692,41.857848],[24.873652,41.857821],[24.873689,41.857759],[24.873802,41.857707],[24.873853,41.857661],[24.874076,41.85759],[24.874084,41.857548],[24.874059,41.85744],[24.874157,41.857306],[24.874127,41.857247],[24.873889,41.857242],[24.873779,41.857405],[24.873741,41.857529],[24.873461,41.857477],[24.873457,41.857403],[24.873534,41.85732],[24.873467,41.857281],[24.873377,41.857278],[24.873338,41.8572],[24.873265,41.857127],[24.872921,41.857252],[24.872782,41.857275],[24.872669,41.857271],[24.872687,41.857115],[24.872668,41.856969],[24.872701,41.856801],[24.872677,41.856676],[24.872793,41.856558],[24.872911,41.856487],[24.873153,41.856272],[24.873163,41.856181],[24.873025,41.8561],[24.872994,41.856046],[24.872964,41.856028],[24.872761,41.856001],[24.872768,41.855878],[24.87259,41.855903],[24.872391,41.855908],[24.872351,41.85594],[24.872352,41.856037],[24.872176,41.855894],[24.872187,41.855819],[24.872217,41.855783],[24.872491,41.855632],[24.87283,41.855385],[24.873,41.855217],[24.873216,41.854957],[24.873262,41.854952],[24.873282,41.854979],[24.873387,41.854982],[24.873562,41.855067],[24.873627,41.855064],[24.873624,41.854881],[24.87355,41.854803],[24.873474,41.854777],[24.873408,41.854768],[24.873256,41.854852],[24.872953,41.854894],[24.872762,41.855071],[24.872637,41.855242],[24.872518,41.855454],[24.872407,41.855578],[24.872256,41.85565],[24.872007,41.855661],[24.871889,41.855697],[24.871822,41.855746],[24.871627,41.856011],[24.871559,41.856052],[24.871437,41.85604],[24.871362,41.855974],[24.871282,41.855951],[24.870843,41.855855],[24.870534,41.855845],[24.870114,41.855858],[24.869879,41.85587],[24.869567,41.855912],[24.869538,41.855929],[24.869536,41.855967],[24.86957,41.856058],[24.869642,41.856172],[24.869701,41.856228],[24.869858,41.85651],[24.86963,41.856392],[24.869252,41.856144],[24.868619,41.85592],[24.868436,41.855808],[24.868125,41.85554],[24.867931,41.855445],[24.867745,41.855427],[24.867513,41.855244],[24.866962,41.854686],[24.866799,41.854586],[24.866625,41.85456],[24.866505,41.854614],[24.866417,41.854696],[24.866389,41.854802],[24.866392,41.854908],[24.866467,41.854965],[24.866611,41.855018]]]},"properties":{"cadreg":13}},{"type":"Feature","geometry":{"type":"Polygon","coordinates":[[[24.870593,41.848289],[24.870248,41.848383],[24.870186,41.848425],[24.87002,41.848482],[24.869819,41.848571],[24.869729,41.84864],[24.869724,41.848697],[24.869749,41.848786],[24.86991,41.849063],[24.869909,41.84912],[24.869877,41.849181],[24.869776,41.849241],[24.869885,41.84932],[24.86995,41.849321],[24.870121,41.849383],[24.869979,41.849395],[24.869774,41.849306],[24.869693,41.849322],[24.869612,41.849536],[24.86974,41.84957],[24.869733,41.849678],[24.869615,41.84968],[24.869601,41.849699],[24.86952,41.849709],[24.869475,41.849743],[24.869389,41.849901],[24.869399,41.849957],[24.869455,41.850031],[24.869454,41.850113],[24.869408,41.850201],[24.869304,41.850211],[24.869267,41.850276],[24.869255,41.850343],[24.869259,41.850414],[24.869299,41.850453],[24.869378,41.850613],[24.869473,41.850936],[24.869728,41.851506],[24.869745,41.851635],[24.86985,41.851739],[24.869942,41.851793],[24.869924,41.851838],[24.869934,41.852225],[24.869907,41.852311],[24.869969,41.852375],[24.870095,41.852444],[24.870118,41.852508],[24.870039,41.852566],[24.869853,41.852573],[24.869514,41.852487],[24.86938,41.852424],[24.869245,41.852386],[24.869183,41.852387],[24.869061,41.852409],[24.868909,41.85254],[24.868655,41.852614],[24.868498,41.852677],[24.868227,41.852744],[24.868024,41.852756],[24.867808,41.852855],[24.867691,41.85289],[24.867594,41.852892],[24.867581,41.852976],[24.867621,41.853031],[24.867761,41.853106],[24.867929,41.853222],[24.867927,41.853399],[24.867799,41.853401],[24.867605,41.853377],[24.867276,41.853304],[24.867174,41.853328],[24.867093,41.853394],[24.867021,41.853407],[24.866877,41.853346],[24.866738,41.853308],[24.866517,41.853282],[24.866582,41.853304],[24.86663,41.853352],[24.866559,41.853398],[24.866518,41.853407],[24.866486,41.85347],[24.866409,41.853501],[24.86631,41.853677],[24.866339,41.853741],[24.866392,41.853735],[24.866588,41.853556],[24.866744,41.853462],[24.866884,41.853472],[24.86689,41.853507],[24.86683,41.853608],[24.866585,41.853811],[24.866518,41.853858],[24.866349,41.853918],[24.866259,41.853979],[24.866271,41.854012],[24.86632,41.854037],[24.866624,41.854028],[24.866662,41.854037],[24.866676,41.854091],[24.866645,41.854188],[24.866469,41.854198],[24.866398,41.854168],[24.866327,41.854173],[24.866313,41.854194],[24.866303,41.854262],[24.866318,41.854316],[24.866339,41.854347],[24.866393,41.85437],[24.866423,41.854417],[24.866418,41.854544],[24.866391,41.854579],[24.866417,41.854696],[24.866505,41.854614],[24.866625,41.85456],[24.866799,41.854586],[24.866962,41.854686],[24.867513,41.855244],[24.867745,41.855427],[24.867931,41.855445],[24.868125,41.85554],[24.868436,41.855808],[24.868619,41.85592],[24.869252,41.856144],[24.86963,41.856392],[24.869858,41.85651],[24.869701,41.856228],[24.869642,41.856172],[24.86957,41.856058],[24.869536,41.855967],[24.869538,41.855929],[24.869567,41.855912],[24.869879,41.85587],[24.870114,41.855858],[24.870534,41.855845],[24.870843,41.855855],[24.871282,41.855951],[24.871362,41.855974],[24.871437,41.85604],[24.871559,41.856052],[24.871627,41.856011],[24.871822,41.855746],[24.871889,41.855697],[24.872007,41.855661],[24.872256,41.85565],[24.872407,41.855578],[24.872518,41.855454],[24.872637,41.855242],[24.872762,41.855071],[24.872953,41.854894],[24.873256,41.854852],[24.87338,41.854793],[24.873331,41.854704],[24.873268,41.854652],[24.873258,41.854583],[24.873235,41.854557],[24.873166,41.854527],[24.873103,41.854452],[24.873088,41.854186],[24.873071,41.854158],[24.872978,41.854067],[24.872778,41.853992],[24.872751,41.853958],[24.872765,41.853844],[24.872652,41.853787],[24.872583,41.853727],[24.872564,41.853689],[24.872537,41.853514],[24.872482,41.853492],[24.872527,41.853382],[24.872451,41.852813],[24.872392,41.852588],[24.872327,41.852501],[24.872313,41.852407],[24.872473,41.852334],[24.872658,41.85219],[24.873079,41.85202],[24.873316,41.851887],[24.873527,41.851805],[24.873751,41.851781],[24.873809,41.851732],[24.873812,41.851675],[24.873739,41.851633],[24.873648,41.851609],[24.873417,41.85162],[24.872888,41.851506],[24.872973,41.851452],[24.872921,41.851336],[24.872874,41.851311],[24.872759,41.851193],[24.872599,41.851001],[24.872623,41.850954],[24.872751,41.850907],[24.872832,41.850902],[24.872918,41.850922],[24.872826,41.850748],[24.872644,41.850292],[24.872601,41.850135],[24.872598,41.85005],[24.872618,41.85],[24.872605,41.849973],[24.872452,41.849837],[24.872348,41.84989],[24.870874,41.849108],[24.870979,41.849036],[24.871342,41.848947],[24.871784,41.848792],[24.871551,41.848358],[24.871518,41.848262],[24.871495,41.848264],[24.871484,41.848328],[24.871449,41.848352],[24.87127,41.848373],[24.870944,41.84829],[24.870785,41.848272],[24.870593,41.848289]]]},"properties":{"cadreg":14}},{"type":"Feature","geometry":{"type":"Polygon","coordinates":[[[24.867129,41.842128],[24.867025,41.84207],[24.866719,41.842065],[24.86668,41.842037],[24.866568,41.842029],[24.866388,41.842059],[24.86609,41.842209],[24.865953,41.842303],[24.865724,41.842401],[24.86565,41.842447],[24.865612,41.842497],[24.865624,41.842588],[24.865771,41.842628],[24.865943,41.842629],[24.866172,41.842592],[24.866266,41.842659],[24.866302,41.842728],[24.866262,41.842828],[24.866254,41.842936],[24.866292,41.84302],[24.866417,41.843042],[24.866526,41.842998],[24.866652,41.842976],[24.866673,41.843037],[24.866607,41.84312],[24.866507,41.843189],[24.866502,41.843275],[24.866595,41.843521],[24.866655,41.843789],[24.86638,41.843674],[24.866311,41.843661],[24.866262,41.843629],[24.866206,41.843633],[24.866162,41.843649],[24.866078,41.843719],[24.866006,41.843843],[24.865987,41.843937],[24.866007,41.844072],[24.866215,41.844191],[24.866395,41.844222],[24.866435,41.844246],[24.866427,41.844295],[24.866389,41.844338],[24.866108,41.84457],[24.866116,41.844606],[24.866179,41.844635],[24.86618,41.844715],[24.866332,41.844813],[24.866112,41.844818],[24.865946,41.84479],[24.865805,41.844807],[24.865794,41.844925],[24.865917,41.845097],[24.866053,41.845206],[24.866153,41.845227],[24.866231,41.845289],[24.866436,41.845391],[24.866721,41.845504],[24.866948,41.84564],[24.867138,41.8458],[24.867222,41.845961],[24.867299,41.846032],[24.867408,41.846064],[24.867649,41.846038],[24.867724,41.846278],[24.86787,41.846426],[24.867901,41.846563],[24.867954,41.846681],[24.867982,41.846907],[24.867992,41.847024],[24.867979,41.847086],[24.867946,41.847119],[24.867907,41.847062],[24.867739,41.846934],[24.867393,41.84689],[24.866995,41.846804],[24.866776,41.846785],[24.86678,41.846811],[24.866929,41.846813],[24.867387,41.846907],[24.867728,41.846951],[24.867888,41.847073],[24.867927,41.847136],[24.867819,41.847193],[24.86776,41.847271],[24.867567,41.847424],[24.867468,41.847527],[24.867422,41.847676],[24.867463,41.84809],[24.867427,41.848164],[24.867309,41.848281],[24.867288,41.848337],[24.867224,41.84837],[24.8672,41.848428],[24.867196,41.848499],[24.867233,41.848567],[24.867264,41.84873],[24.867298,41.848769],[24.867383,41.848802],[24.867409,41.849006],[24.86747,41.84913],[24.867599,41.849226],[24.867712,41.84926],[24.86773,41.849199],[24.867783,41.849173],[24.867929,41.849172],[24.868007,41.849173],[24.868167,41.849206],[24.868452,41.849287],[24.868664,41.849299],[24.86913,41.849294],[24.86949,41.849255],[24.869747,41.849188],[24.86976,41.849123],[24.869715,41.849012],[24.869533,41.848744],[24.869511,41.848657],[24.869574,41.848546],[24.870423,41.848202],[24.870633,41.848163],[24.870778,41.848147],[24.870898,41.848156],[24.87131,41.848243],[24.8715,41.848211],[24.87147,41.848127],[24.871121,41.847772],[24.871057,41.847666],[24.870965,41.847613],[24.870879,41.847431],[24.870798,41.847477],[24.870538,41.847341],[24.870152,41.847232],[24.870066,41.847181],[24.870019,41.847018],[24.870108,41.846925],[24.870308,41.846882],[24.87093,41.846903],[24.870984,41.846589],[24.871532,41.846541],[24.872077,41.846081],[24.87207,41.84604],[24.871991,41.845889],[24.871934,41.845849],[24.871856,41.845626],[24.871752,41.845531],[24.871582,41.845403],[24.871309,41.845289],[24.871091,41.845142],[24.870971,41.845119],[24.870679,41.845128],[24.870409,41.845192],[24.870138,41.845219],[24.869872,41.845221],[24.869684,41.84514],[24.869512,41.845026],[24.869412,41.844887],[24.869343,41.844747],[24.869248,41.844648],[24.868944,41.844543],[24.868603,41.844511],[24.868557,41.844483],[24.868465,41.8444],[24.868333,41.844213],[24.868288,41.84404],[24.868145,41.843822],[24.868127,41.843727],[24.868124,41.843597],[24.868152,41.843527],[24.868231,41.843451],[24.868435,41.843304],[24.868453,41.843274],[24.868473,41.843168],[24.86846,41.843088],[24.868421,41.84301],[24.868348,41.84295],[24.868198,41.842888],[24.867432,41.842403],[24.867129,41.842128]]]},"properties":{"cadreg":15}},{"type":"Feature","geometry":{"type":"Polygon","coordinates":[[[24.870775,41.843304],[24.870657,41.843292],[24.870204,41.843335],[24.869794,41.843331],[24.869505,41.843244],[24.869429,41.843167],[24.869032,41.843033],[24.868912,41.842974],[24.868496,41.842871],[24.868481,41.842895],[24.868514,41.842919],[24.868504,41.843099],[24.868459,41.843206],[24.868453,41.843274],[24.868435,41.843304],[24.868231,41.843451],[24.868152,41.843527],[24.868122,41.84366],[24.868145,41.843822],[24.868288,41.84404],[24.868333,41.844213],[24.8685,41.844436],[24.868603,41.844511],[24.868944,41.844543],[24.869248,41.844648],[24.869343,41.844747],[24.869412,41.844887],[24.869512,41.845026],[24.869684,41.84514],[24.869872,41.845221],[24.869978,41.845224],[24.870409,41.845192],[24.870679,41.845128],[24.870971,41.845119],[24.871091,41.845142],[24.871309,41.845289],[24.871582,41.845403],[24.871752,41.845531],[24.871856,41.845626],[24.871934,41.845849],[24.871991,41.845889],[24.87207,41.84604],[24.871927,41.845166],[24.872193,41.844774],[24.872539,41.844563],[24.872312,41.844563],[24.872112,41.8444],[24.871753,41.844251],[24.871413,41.844066],[24.871337,41.844003],[24.871211,41.843796],[24.870974,41.843552],[24.870894,41.843437],[24.870859,41.843338],[24.870775,41.843304]]]},"properties":{"cadreg":16}},{"type":"Feature","geometry":{"type":"Polygon","coordinates":[[[24.865789,41.840385],[24.865462,41.840446],[24.86535,41.840504],[24.865381,41.840572],[24.865643,41.840601],[24.865875,41.840674],[24.865873,41.840739],[24.865748,41.840767],[24.865502,41.840793],[24.865422,41.840822],[24.865366,41.840898],[24.865281,41.840885],[24.86481,41.840882],[24.864712,41.840911],[24.864601,41.841006],[24.864206,41.841003],[24.863991,41.841021],[24.863343,41.841207],[24.863164,41.841301],[24.863054,41.841383],[24.863014,41.841344],[24.862815,41.84132],[24.862329,41.841329],[24.862239,41.841302],[24.862125,41.841219],[24.862089,41.841159],[24.862019,41.841097],[24.861876,41.841025],[24.861704,41.840977],[24.861691,41.840996],[24.861634,41.84101],[24.861625,41.841062],[24.861642,41.841095],[24.861797,41.841189],[24.861815,41.841227],[24.861804,41.841249],[24.861703,41.841306],[24.861681,41.841351],[24.86173,41.841377],[24.861934,41.841386],[24.861976,41.841421],[24.86199,41.841479],[24.862036,41.841532],[24.86201,41.841551],[24.861932,41.841563],[24.861597,41.841596],[24.861411,41.841663],[24.861384,41.8417],[24.861903,41.841679],[24.862305,41.841685],[24.86237,41.841717],[24.862413,41.84176],[24.862409,41.841803],[24.862475,41.841984],[24.862559,41.842091],[24.862653,41.842159],[24.862806,41.842201],[24.86304,41.842217],[24.863111,41.842313],[24.863148,41.842401],[24.863204,41.842443],[24.863399,41.842315],[24.863562,41.842251],[24.863714,41.842216],[24.863875,41.842203],[24.864036,41.842217],[24.864085,41.842198],[24.86419,41.842271],[24.863987,41.84241],[24.863899,41.84253],[24.863746,41.842906],[24.863635,41.843058],[24.863568,41.843095],[24.863529,41.843175],[24.863397,41.843308],[24.86328,41.843354],[24.863221,41.84336],[24.863175,41.843341],[24.863138,41.84318],[24.863097,41.843105],[24.863067,41.843072],[24.862933,41.843006],[24.862966,41.843039],[24.86298,41.843118],[24.862982,41.843237],[24.862949,41.843422],[24.862958,41.843507],[24.863042,41.84353],[24.863811,41.8435],[24.864075,41.843466],[24.864864,41.843178],[24.864974,41.843157],[24.865041,41.843167],[24.865013,41.843013],[24.865018,41.842776],[24.865043,41.842652],[24.865109,41.842495],[24.865198,41.842386],[24.865379,41.842298],[24.865448,41.842248],[24.865772,41.842127],[24.866064,41.841977],[24.866469,41.841905],[24.866731,41.84191],[24.867008,41.841949],[24.867025,41.841923],[24.866998,41.841919],[24.867117,41.841491],[24.867186,41.841447],[24.867478,41.841514],[24.867578,41.8415],[24.867602,41.841434],[24.86761,41.841281],[24.867867,41.84152],[24.868014,41.841558],[24.868154,41.841634],[24.868333,41.841772],[24.868361,41.841879],[24.868524,41.842096],[24.868623,41.842174],[24.868923,41.842152],[24.869177,41.842114],[24.869163,41.842066],[24.869262,41.842036],[24.869368,41.842029],[24.869385,41.842095],[24.869255,41.842177],[24.869262,41.842299],[24.869354,41.842437],[24.86897,41.84242],[24.868868,41.842439],[24.868821,41.842516],[24.869099,41.842705],[24.869339,41.842802],[24.869746,41.843114],[24.869927,41.843196],[24.870052,41.843222],[24.870308,41.843242],[24.870862,41.843236],[24.870887,41.843289],[24.87088,41.843347],[24.87086,41.843362],[24.870894,41.843437],[24.870974,41.843552],[24.871211,41.843796],[24.871337,41.844003],[24.871495,41.84412],[24.871652,41.844201],[24.871938,41.844335],[24.872112,41.8444],[24.872312,41.844563],[24.872539,41.844563],[24.872679,41.844459],[24.872716,41.844454],[24.872826,41.844387],[24.872694,41.844244],[24.872678,41.844122],[24.872704,41.843999],[24.872926,41.843596],[24.873023,41.843477],[24.873058,41.843392],[24.873065,41.843312],[24.873182,41.843212],[24.873249,41.843184],[24.87335,41.843108],[24.87327,41.843006],[24.873128,41.842882],[24.872801,41.842758],[24.872518,41.842593],[24.872433,41.842524],[24.872354,41.842434],[24.872223,41.842222],[24.872176,41.842008],[24.871961,41.841717],[24.871803,41.841599],[24.871557,41.841488],[24.870794,41.841243],[24.870659,41.841187],[24.870298,41.841087],[24.870032,41.840987],[24.869984,41.840953],[24.869954,41.840876],[24.86996,41.840683],[24.870068,41.840459],[24.87013,41.84026],[24.870171,41.840212],[24.870282,41.839991],[24.870301,41.839861],[24.87027,41.83978],[24.870062,41.839632],[24.86999,41.839592],[24.86997,41.839598],[24.869773,41.839705],[24.869141,41.839974],[24.868866,41.839891],[24.868615,41.83984],[24.868409,41.839824],[24.868221,41.839828],[24.868053,41.839871],[24.867802,41.840011],[24.86756,41.840047],[24.867035,41.840061],[24.866853,41.840098],[24.866727,41.840167],[24.866631,41.840245],[24.866644,41.840341],[24.866807,41.840482],[24.866782,41.840523],[24.866687,41.840529],[24.866629,41.840468],[24.866472,41.840451],[24.866282,41.840479],[24.866186,41.840518],[24.866119,41.840473],[24.866075,41.840414],[24.865949,41.840382],[24.865789,41.840385]]]},"properties":{"cadreg":17}},{"type":"Feature","geometry":{"type":"Polygon","coordinates":[[[24.871604,41.840777],[24.872094,41.840784],[24.872115,41.840829],[24.872106,41.840856],[24.872178,41.840994],[24.872623,41.841492],[24.87271,41.841548],[24.872795,41.841564],[24.872934,41.841514],[24.873054,41.841438],[24.873181,41.84141],[24.873316,41.841497],[24.873453,41.841637],[24.873529,41.841786],[24.87364,41.841906],[24.873847,41.841976],[24.874271,41.842039],[24.874445,41.842102],[24.874776,41.842123],[24.874938,41.842208],[24.875073,41.842315],[24.875177,41.842428],[24.875204,41.842505],[24.874836,41.842469],[24.87483,41.842383],[24.874797,41.842303],[24.874688,41.84224],[24.874508,41.842256],[24.874153,41.84242],[24.874017,41.842498],[24.873994,41.842527],[24.873586,41.842387],[24.873427,41.842373],[24.873263,41.842412],[24.872929,41.842431],[24.872835,41.842517],[24.872839,41.842542],[24.872906,41.842599],[24.872969,41.842623],[24.873011,41.842676],[24.873146,41.842777],[24.873397,41.842866],[24.873434,41.842898],[24.873455,41.843],[24.873413,41.843068],[24.873249,41.843184],[24.873182,41.843212],[24.873065,41.843312],[24.873058,41.843392],[24.873023,41.843477],[24.872926,41.843596],[24.872704,41.843999],[24.872678,41.844122],[24.872694,41.844244],[24.872826,41.844387],[24.873156,41.844185],[24.873261,41.843724],[24.873503,41.843539],[24.87389,41.843513],[24.873938,41.843715],[24.874017,41.843692],[24.874118,41.843699],[24.874486,41.843912],[24.874889,41.843961],[24.875066,41.84406],[24.875198,41.844214],[24.875402,41.844412],[24.87574,41.844867],[24.875809,41.844889],[24.876077,41.844891],[24.876592,41.845042],[24.876585,41.845079],[24.87671,41.845128],[24.877043,41.845607],[24.877066,41.845653],[24.87705,41.845679],[24.877056,41.845728],[24.877089,41.845659],[24.877185,41.845596],[24.877542,41.845423],[24.877703,41.845392],[24.878084,41.84538],[24.878246,41.845341],[24.878304,41.845307],[24.878326,41.845246],[24.878322,41.844998],[24.878378,41.844776],[24.87838,41.844689],[24.878363,41.84465],[24.878138,41.844547],[24.877941,41.844416],[24.877776,41.844333],[24.877728,41.844262],[24.877727,41.844204],[24.877759,41.844151],[24.87783,41.844108],[24.878151,41.844014],[24.878464,41.844041],[24.87871,41.844078],[24.879023,41.84417],[24.879097,41.84425],[24.879239,41.844502],[24.879446,41.844653],[24.879663,41.844734],[24.879754,41.844731],[24.879966,41.844624],[24.880288,41.844532],[24.880415,41.844535],[24.880674,41.844573],[24.8808,41.844572],[24.880912,41.844535],[24.881065,41.844436],[24.881245,41.844415],[24.881242,41.844398],[24.881283,41.844395],[24.88138,41.844398],[24.881844,41.844516],[24.882236,41.84455],[24.882225,41.844393],[24.882114,41.844299],[24.882004,41.844049],[24.881736,41.843667],[24.881811,41.843645],[24.88184,41.843604],[24.881597,41.843557],[24.881458,41.843487],[24.881219,41.843401],[24.881092,41.843387],[24.880891,41.843435],[24.880606,41.843472],[24.880445,41.843538],[24.88038,41.843585],[24.880175,41.843812],[24.880066,41.843852],[24.879749,41.84386],[24.87963,41.84385],[24.879391,41.843747],[24.879173,41.843567],[24.879056,41.843516],[24.878891,41.843511],[24.878704,41.843551],[24.878473,41.843573],[24.878358,41.843542],[24.877916,41.843355],[24.878115,41.843032],[24.878111,41.842955],[24.877935,41.842779],[24.877871,41.842668],[24.877784,41.842398],[24.877742,41.842327],[24.877647,41.842269],[24.877529,41.842254],[24.877349,41.842282],[24.877263,41.842137],[24.877172,41.842047],[24.877024,41.841945],[24.877023,41.841918],[24.877708,41.841909],[24.877763,41.841927],[24.877804,41.841963],[24.877846,41.842062],[24.877917,41.842165],[24.87802,41.84226],[24.878187,41.842146],[24.878273,41.842052],[24.878287,41.841908],[24.878271,41.841635],[24.878139,41.841479],[24.878148,41.841369],[24.878133,41.84131],[24.87784,41.841153],[24.877491,41.840997],[24.877349,41.840915],[24.877373,41.840967],[24.877363,41.841005],[24.877262,41.840998],[24.876754,41.840905],[24.876004,41.84085],[24.87591,41.840818],[24.875848,41.840819],[24.875623,41.84088],[24.875587,41.840963],[24.875423,41.84111],[24.8754,41.841197],[24.875222,41.841181],[24.875125,41.841122],[24.875032,41.840966],[24.87503,41.84087],[24.874797,41.840789],[24.874625,41.840795],[24.874275,41.840721],[24.874051,41.840733],[24.873874,41.840715],[24.873456,41.840525],[24.873429,41.840478],[24.873333,41.840417],[24.873292,41.84041],[24.873184,41.840309],[24.873061,41.840236],[24.872917,41.840183],[24.872598,41.840179],[24.872557,41.84015],[24.872476,41.840127],[24.872401,41.840072],[24.872345,41.839998],[24.872338,41.839713],[24.872343,41.839649],[24.872395,41.839626],[24.872409,41.839583],[24.872494,41.839505],[24.872514,41.83944],[24.872501,41.839428],[24.872412,41.839426],[24.872161,41.839456],[24.872113,41.839422],[24.872035,41.839283],[24.871965,41.83921],[24.871924,41.839189],[24.871844,41.83918],[24.871734,41.839257],[24.871673,41.839438],[24.871638,41.83948],[24.871629,41.839644],[24.871662,41.839721],[24.87176,41.839841],[24.871884,41.839956],[24.871958,41.840065],[24.871972,41.84031],[24.87186,41.840452],[24.871795,41.840503],[24.871704,41.840545],[24.871578,41.840558],[24.871516,41.840633],[24.871499,41.84072],[24.871604,41.840777]]]},"properties":{"cadreg":18}},{"type":"Feature","geometry":{"type":"MultiPolygon","coordinates":[[[[24.877805,41.838449],[24.877841,41.838873],[24.877883,41.838983],[24.878018,41.839013],[24.878142,41.839018],[24.878206,41.839066],[24.878206,41.839382],[24.878238,41.83947],[24.878598,41.839516],[24.878815,41.839571],[24.879003,41.839642],[24.879195,41.839838],[24.879388,41.840116],[24.879492,41.840194],[24.879565,41.840281],[24.879581,41.840409],[24.879682,41.840692],[24.879699,41.840734],[24.879762,41.840762],[24.87982,41.840712],[24.879888,41.840605],[24.879924,41.840469],[24.879958,41.840328],[24.879962,41.840219],[24.879904,41.840111],[24.879913,41.840019],[24.880037,41.839796],[24.880049,41.839577],[24.879982,41.839485],[24.879668,41.839262],[24.879517,41.838918],[24.879507,41.838803],[24.879474,41.83873],[24.879343,41.83869],[24.879115,41.838682],[24.879023,41.83861],[24.878952,41.838518],[24.878869,41.838296],[24.878753,41.838066],[24.878737,41.837939],[24.878767,41.837684],[24.87874,41.837588],[24.878594,41.837535],[24.878401,41.837505],[24.878086,41.837501],[24.877959,41.837524],[24.87783,41.837581],[24.877688,41.837616],[24.877619,41.837672],[24.877609,41.838062],[24.877649,41.838168],[24.877767,41.838333],[24.877805,41.838449]]],[[[24.877612,41.838599],[24.877603,41.8385],[24.877528,41.838406],[24.877384,41.838367],[24.87723,41.838345],[24.877154,41.838379],[24.877041,41.838616],[24.87688,41.838862],[24.876835,41.838985],[24.876813,41.839137],[24.876754,41.839257],[24.876562,41.839413],[24.876329,41.839408],[24.876069,41.839435],[24.875837,41.839352],[24.875745,41.839502],[24.87571,41.839663],[24.875708,41.84043],[24.876139,41.840352],[24.876209,41.840298],[24.876231,41.84024],[24.876302,41.840204],[24.87641,41.840199],[24.876484,41.840213],[24.87659,41.840254],[24.876645,41.840296],[24.87667,41.840329],[24.876679,41.840399],[24.876662,41.840429],[24.876608,41.840455],[24.8765,41.840581],[24.876483,41.840638],[24.876431,41.840649],[24.876412,41.84067],[24.876278,41.840679],[24.876139,41.840794],[24.876134,41.840854],[24.876754,41.840905],[24.877262,41.840998],[24.877363,41.841005],[24.877373,41.840967],[24.877349,41.840915],[24.877491,41.840997],[24.87784,41.841153],[24.878133,41.84131],[24.878148,41.841369],[24.878139,41.841479],[24.878271,41.841635],[24.878287,41.841908],[24.878273,41.842052],[24.878187,41.842146],[24.87802,41.84226],[24.877917,41.842165],[24.877846,41.842062],[24.877804,41.841963],[24.877763,41.841927],[24.877708,41.841909],[24.877023,41.841918],[24.877024,41.841945],[24.877172,41.842047],[24.877263,41.842137],[24.877349,41.842282],[24.877529,41.842254],[24.877647,41.842269],[24.877742,41.842327],[24.877784,41.842398],[24.877871,41.842668],[24.877935,41.842779],[24.878111,41.842955],[24.878115,41.843032],[24.877916,41.843355],[24.878358,41.843542],[24.878473,41.843573],[24.878704,41.843551],[24.878891,41.843511],[24.879056,41.843516],[24.879173,41.843567],[24.879259,41.843645],[24.879516,41.843374],[24.8796,41.843247],[24.879672,41.843186],[24.879804,41.843118],[24.879857,41.843108],[24.880129,41.842992],[24.880337,41.842876],[24.880377,41.84281],[24.880352,41.842778],[24.880192,41.842757],[24.879869,41.84277],[24.879451,41.842764],[24.879436,41.842787],[24.879281,41.84279],[24.879194,41.842772],[24.879121,41.842713],[24.879077,41.842656],[24.879256,41.842626],[24.879306,41.842597],[24.879422,41.842579],[24.879452,41.84256],[24.879362,41.842213],[24.879035,41.842312],[24.878935,41.842393],[24.878908,41.842374],[24.878972,41.842323],[24.879123,41.8421],[24.879246,41.841848],[24.879226,41.841772],[24.879098,41.84176],[24.879021,41.841663],[24.879054,41.841263],[24.879036,41.841154],[24.878959,41.841008],[24.878897,41.840942],[24.878365,41.840641],[24.878236,41.840644],[24.878107,41.840673],[24.878044,41.84067],[24.878028,41.840609],[24.87817,41.840454],[24.878198,41.840385],[24.878034,41.840261],[24.878005,41.840197],[24.877899,41.840096],[24.87796,41.840045],[24.877969,41.839991],[24.878178,41.840027],[24.878265,41.839992],[24.878316,41.839814],[24.878405,41.839645],[24.878353,41.839597],[24.877952,41.839351],[24.87781,41.839302],[24.877667,41.839275],[24.877547,41.839273],[24.877451,41.839299],[24.877296,41.839592],[24.877279,41.839681],[24.877328,41.83985],[24.877322,41.83994],[24.87734,41.84003],[24.877405,41.840111],[24.877469,41.840102],[24.87752,41.840074],[24.877495,41.840229],[24.877636,41.840379],[24.877659,41.840496],[24.877602,41.840576],[24.877452,41.84063],[24.877375,41.840783],[24.877309,41.84087],[24.877271,41.840841],[24.877205,41.840675],[24.877132,41.840357],[24.876937,41.840203],[24.876913,41.840077],[24.876931,41.839972],[24.87716,41.839968],[24.877138,41.839835],[24.877221,41.839636],[24.87721,41.839576],[24.87715,41.839496],[24.877161,41.839439],[24.877356,41.839292],[24.877371,41.839031],[24.877396,41.838911],[24.877612,41.838599]]],[[[24.879656,41.840875],[24.879336,41.84032],[24.879254,41.840296],[24.879212,41.840359],[24.879265,41.840558],[24.879258,41.840726],[24.879348,41.840853],[24.879387,41.840988],[24.879414,41.841301],[24.879369,41.841545],[24.87938,41.841641],[24.879462,41.841645],[24.879503,41.84163],[24.879521,41.841294],[24.879562,41.841209],[24.879712,41.841056],[24.879656,41.840875]]],[[[24.880176,41.84107],[24.880087,41.840814],[24.879999,41.840907],[24.879827,41.841006],[24.87969,41.841117],[24.879595,41.841221],[24.879556,41.841301],[24.879538,41.841611],[24.879647,41.841585],[24.879638,41.841669],[24.879679,41.841855],[24.879635,41.841942],[24.879639,41.842007],[24.879741,41.84213],[24.879832,41.842154],[24.880019,41.84213],[24.880358,41.842117],[24.880467,41.842062],[24.88048,41.841957],[24.880407,41.841564],[24.880334,41.841332],[24.880267,41.841195],[24.880176,41.84107]]],[[[24.881018,41.842274],[24.88111,41.842233],[24.881153,41.842175],[24.881124,41.842111],[24.880751,41.842044],[24.880669,41.84207],[24.880638,41.842124],[24.880639,41.842175],[24.880669,41.842193],[24.880912,41.842281],[24.881018,41.842274]]],[[[24.880268,41.842559],[24.880343,41.842651],[24.880427,41.84269],[24.880539,41.842672],[24.880618,41.842587],[24.880666,41.842489],[24.880685,41.842427],[24.880666,41.84237],[24.880249,41.842308],[24.880126,41.842313],[24.880088,41.842332],[24.880087,41.84237],[24.880161,41.84247],[24.880268,41.842559]]]]},"properties":{"cadreg":19}},{"type":"Feature","geometry":{"type":"Polygon","coordinates":[[[24.883178,41.840464],[24.883061,41.840449],[24.882651,41.840468],[24.882499,41.840432],[24.882396,41.840365],[24.882324,41.840041],[24.882262,41.839963],[24.882156,41.839934],[24.881709,41.839939],[24.881675,41.839978],[24.881724,41.840112],[24.881752,41.840349],[24.881664,41.840527],[24.881537,41.840682],[24.881476,41.84079],[24.881473,41.84086],[24.881515,41.840952],[24.881559,41.841006],[24.881612,41.84104],[24.881631,41.841076],[24.881712,41.841096],[24.881931,41.841199],[24.881963,41.841255],[24.881926,41.841259],[24.88156,41.84148],[24.881415,41.841527],[24.881317,41.841583],[24.881319,41.841655],[24.88142,41.84171],[24.881572,41.841835],[24.881878,41.841946],[24.882134,41.842019],[24.88214,41.84204],[24.882122,41.842087],[24.881843,41.842066],[24.881669,41.84207],[24.88154,41.842106],[24.881452,41.842169],[24.881456,41.842416],[24.881212,41.842536],[24.881137,41.842595],[24.881211,41.842665],[24.881705,41.842936],[24.881694,41.843059],[24.88175,41.843154],[24.881753,41.84333],[24.881633,41.843363],[24.881378,41.843365],[24.881143,41.843393],[24.881219,41.843401],[24.881338,41.843442],[24.881597,41.843557],[24.88184,41.843604],[24.882013,41.843601],[24.882088,41.843569],[24.882147,41.843483],[24.88213,41.843138],[24.882141,41.84308],[24.882184,41.843024],[24.882247,41.84299],[24.882741,41.842839],[24.882984,41.84269],[24.883393,41.842517],[24.883709,41.842463],[24.8839,41.842404],[24.884056,41.842328],[24.884291,41.842134],[24.884195,41.841964],[24.884098,41.841851],[24.883933,41.84173],[24.883923,41.841646],[24.883985,41.841496],[24.884196,41.841438],[24.884245,41.841387],[24.884344,41.841064],[24.884342,41.840902],[24.884676,41.840834],[24.88485,41.840895],[24.884903,41.840936],[24.8849,41.840995],[24.884923,41.841038],[24.885362,41.840768],[24.885339,41.840716],[24.885106,41.840625],[24.885025,41.840548],[24.884967,41.840452],[24.884924,41.840325],[24.884956,41.840291],[24.885078,41.840226],[24.885224,41.840169],[24.885426,41.84003],[24.885427,41.839991],[24.885333,41.839927],[24.884957,41.839773],[24.884838,41.839705],[24.88477,41.839632],[24.884733,41.839454],[24.88464,41.839431],[24.884514,41.839542],[24.884456,41.83965],[24.884437,41.839805],[24.884176,41.839968],[24.883997,41.840118],[24.884133,41.840134],[24.884204,41.840179],[24.884168,41.840584],[24.883584,41.840582],[24.883396,41.840559],[24.883302,41.840533],[24.883178,41.840464]]]},"properties":{"cadreg":20}},{"type":"Feature","geometry":{"type":"Polygon","coordinates":[[[24.854703,41.839051],[24.854455,41.839046],[24.854196,41.838951],[24.85403,41.838957],[24.853939,41.839298],[24.853914,41.839315],[24.853813,41.839333],[24.853523,41.839303],[24.853278,41.839243],[24.852405,41.839254],[24.851971,41.839296],[24.851804,41.839333],[24.851454,41.83944],[24.850982,41.839717],[24.850905,41.839791],[24.850758,41.839887],[24.850614,41.839955],[24.850471,41.839988],[24.850309,41.839985],[24.850046,41.839938],[24.849612,41.839829],[24.849126,41.839648],[24.848679,41.839516],[24.84858,41.839499],[24.848514,41.839502],[24.848518,41.839922],[24.848541,41.840171],[24.848523,41.840448],[24.848374,41.840705],[24.848293,41.840763],[24.848221,41.840776],[24.848106,41.840759],[24.847768,41.840526],[24.847644,41.84048],[24.847253,41.840517],[24.847104,41.840466],[24.846979,41.840468],[24.846755,41.840501],[24.846681,41.840679],[24.846599,41.8408],[24.846541,41.840841],[24.846499,41.840848],[24.846338,41.840851],[24.84616,41.840807],[24.845878,41.840705],[24.845798,41.840695],[24.845704,41.840702],[24.845634,41.840776],[24.845585,41.84108],[24.845525,41.841258],[24.845449,41.84137],[24.845318,41.841485],[24.845073,41.841599],[24.844823,41.841663],[24.844209,41.841741],[24.84411,41.84177],[24.843951,41.841847],[24.843894,41.841912],[24.843894,41.841982],[24.843972,41.84206],[24.844218,41.842191],[24.845268,41.842571],[24.84554,41.842789],[24.845815,41.843071],[24.846137,41.843239],[24.846508,41.843365],[24.846635,41.843424],[24.84694,41.843683],[24.847169,41.843815],[24.847198,41.843892],[24.847124,41.844001],[24.847086,41.844017],[24.847041,41.843964],[24.846979,41.843966],[24.846544,41.844178],[24.84646,41.844257],[24.845409,41.844707],[24.845232,41.844776],[24.845128,41.844787],[24.845025,41.84482],[24.844888,41.844894],[24.845003,41.844954],[24.845137,41.845052],[24.845091,41.845119],[24.845162,41.845094],[24.845257,41.845088],[24.845306,41.845092],[24.845571,41.845185],[24.845698,41.845208],[24.845771,41.845211],[24.845905,41.845183],[24.845976,41.845144],[24.846315,41.844868],[24.846483,41.844775],[24.846619,41.844725],[24.846678,41.844683],[24.846875,41.844474],[24.846986,41.844254],[24.847081,41.844181],[24.847146,41.844083],[24.847236,41.844029],[24.847416,41.843952],[24.847403,41.844134],[24.847347,41.84425],[24.847343,41.844295],[24.847561,41.84442],[24.848124,41.843954],[24.847974,41.843961],[24.847538,41.843909],[24.847744,41.843828],[24.847761,41.843851],[24.847845,41.843882],[24.847949,41.843888],[24.848034,41.843861],[24.848101,41.843816],[24.848201,41.843682],[24.848333,41.843591],[24.848494,41.843553],[24.849057,41.843515],[24.849648,41.843363],[24.850183,41.843107],[24.850318,41.842987],[24.850473,41.842923],[24.850865,41.842643],[24.85097,41.842473],[24.851199,41.842184],[24.851309,41.841999],[24.851713,41.841512],[24.851943,41.841312],[24.852141,41.841193],[24.852296,41.84116],[24.852425,41.841103],[24.85274,41.841044],[24.852963,41.841028],[24.853122,41.841055],[24.853819,41.841459],[24.853914,41.841485],[24.854271,41.84153],[24.854379,41.841572],[24.854574,41.841607],[24.854942,41.841635],[24.855209,41.841733],[24.855314,41.841807],[24.85545,41.841945],[24.855588,41.842177],[24.855679,41.842268],[24.856057,41.842362],[24.856501,41.842432],[24.856529,41.842352],[24.856505,41.842306],[24.856359,41.842281],[24.856247,41.842244],[24.855864,41.842074],[24.855672,41.841949],[24.855464,41.841735],[24.855145,41.841501],[24.854947,41.841422],[24.854678,41.841408],[24.854548,41.841363],[24.854093,41.841258],[24.853798,41.841139],[24.853601,41.841021],[24.853573,41.840979],[24.853516,41.840941],[24.85357,41.840889],[24.85357,41.84082],[24.853544,41.840742],[24.853513,41.84071],[24.854185,41.840964],[24.854285,41.840986],[24.854707,41.840982],[24.85479,41.841005],[24.854904,41.841007],[24.85508,41.84104],[24.855277,41.841047],[24.855433,41.841073],[24.855563,41.841073],[24.856111,41.841178],[24.856166,41.841065],[24.856031,41.84098],[24.855944,41.840958],[24.85582,41.840949],[24.855681,41.841003],[24.855572,41.84101],[24.85547,41.84095],[24.855378,41.840936],[24.854973,41.840954],[24.854846,41.840927],[24.854766,41.840872],[24.854516,41.840887],[24.854476,41.840836],[24.854345,41.840839],[24.854355,41.840795],[24.854335,41.840678],[24.85428,41.840566],[24.854501,41.84047],[24.855079,41.840285],[24.855093,41.840338],[24.855209,41.840347],[24.855361,41.840306],[24.855464,41.840259],[24.855507,41.84022],[24.855482,41.840189],[24.855585,41.840083],[24.855856,41.839962],[24.856021,41.839909],[24.856176,41.839885],[24.856295,41.839801],[24.856346,41.839721],[24.856477,41.839659],[24.856928,41.839565],[24.857135,41.839502],[24.857451,41.839364],[24.857563,41.839298],[24.857538,41.839228],[24.857508,41.8392],[24.857557,41.839171],[24.857603,41.839205],[24.857725,41.839245],[24.858024,41.839277],[24.858138,41.839396],[24.85828,41.839423],[24.858422,41.839358],[24.858646,41.839176],[24.858778,41.839096],[24.858997,41.83902],[24.858977,41.838958],[24.858537,41.83876],[24.858407,41.838673],[24.858362,41.838611],[24.858458,41.838558],[24.858706,41.838752],[24.858882,41.838851],[24.858948,41.838749],[24.858999,41.838625],[24.859015,41.838506],[24.859016,41.838264],[24.85896,41.838167],[24.859428,41.837833],[24.859501,41.837823],[24.859519,41.837796],[24.859664,41.837724],[24.859798,41.837615],[24.859965,41.837528],[24.860074,41.837391],[24.860309,41.837247],[24.860499,41.837088],[24.860558,41.83708],[24.860614,41.837031],[24.860709,41.836922],[24.860762,41.836815],[24.860794,41.836795],[24.86087,41.836647],[24.860942,41.83656],[24.860953,41.836507],[24.861027,41.836427],[24.86106,41.836354],[24.861059,41.836205],[24.861131,41.836096],[24.861242,41.836039],[24.861427,41.836032],[24.861553,41.835986],[24.861639,41.83599],[24.861892,41.835952],[24.862071,41.835899],[24.862406,41.835768],[24.862527,41.835715],[24.862589,41.83564],[24.862664,41.835425],[24.862718,41.835449],[24.862802,41.83559],[24.862884,41.835659],[24.862975,41.835686],[24.863403,41.835485],[24.863465,41.835428],[24.863461,41.835248],[24.863664,41.835178],[24.863891,41.835058],[24.863961,41.834989],[24.863966,41.834932],[24.863949,41.834902],[24.864035,41.8349],[24.864549,41.834724],[24.86469,41.834697],[24.864986,41.83459],[24.865152,41.834496],[24.865217,41.834484],[24.865429,41.834396],[24.865702,41.834246],[24.866059,41.833939],[24.866207,41.833775],[24.866347,41.83359],[24.866379,41.833505],[24.866365,41.833478],[24.866277,41.833411],[24.865933,41.833353],[24.865775,41.833493],[24.865721,41.833589],[24.8657,41.83369],[24.865632,41.833802],[24.865517,41.833889],[24.865392,41.833937],[24.865201,41.833976],[24.864733,41.834022],[24.864371,41.834092],[24.864072,41.83423],[24.863547,41.834635],[24.863423,41.834668],[24.863358,41.834707],[24.863216,41.834738],[24.862797,41.834768],[24.862568,41.834849],[24.862281,41.835037],[24.862192,41.835112],[24.861823,41.835563],[24.861683,41.835641],[24.861543,41.835693],[24.861285,41.835769],[24.861059,41.835793],[24.86097,41.835826],[24.860814,41.835916],[24.860769,41.835977],[24.860678,41.836049],[24.860658,41.836111],[24.86061,41.836171],[24.860471,41.836623],[24.860363,41.836782],[24.86029,41.83676],[24.860073,41.836768],[24.859988,41.836791],[24.859711,41.836923],[24.859637,41.836941],[24.85956,41.836931],[24.859212,41.836788],[24.859044,41.836699],[24.858727,41.836608],[24.85852,41.836602],[24.858411,41.836629],[24.858343,41.836631],[24.85814,41.836526],[24.85804,41.836523],[24.857878,41.836536],[24.857722,41.836587],[24.857607,41.836665],[24.857464,41.836712],[24.857265,41.836805],[24.856852,41.836912],[24.856789,41.836917],[24.856735,41.836962],[24.856397,41.837013],[24.856001,41.837032],[24.855739,41.836983],[24.855393,41.836953],[24.855237,41.836918],[24.854936,41.836885],[24.854783,41.836883],[24.85467,41.836916],[24.854619,41.836947],[24.854582,41.837031],[24.854422,41.837269],[24.854345,41.837311],[24.854248,41.83733],[24.854096,41.837386],[24.854061,41.837416],[24.853988,41.837422],[24.853954,41.837465],[24.853996,41.837708],[24.854247,41.838191],[24.854502,41.838508],[24.854561,41.838604],[24.854671,41.83868],[24.854703,41.839051]]]},"properties":{"cadreg":21}},{"type":"Feature","geometry":{"type":"Polygon","coordinates":[[[24.881811,41.843645],[24.881736,41.843667],[24.882004,41.844049],[24.882114,41.844299],[24.882225,41.844393],[24.882236,41.84455],[24.881844,41.844516],[24.88138,41.844398],[24.881242,41.844398],[24.881152,41.844593],[24.881154,41.844649],[24.881243,41.844771],[24.881271,41.844843],[24.881261,41.844892],[24.881233,41.844953],[24.881038,41.845122],[24.88102,41.845235],[24.881073,41.84526],[24.881208,41.845273],[24.881634,41.84525],[24.882099,41.845245],[24.882182,41.845267],[24.882315,41.845376],[24.883456,41.845425],[24.883463,41.845551],[24.883683,41.845615],[24.883975,41.84567],[24.884166,41.845565],[24.884233,41.845437],[24.884312,41.845468],[24.884324,41.84551],[24.884408,41.845565],[24.884501,41.845544],[24.884537,41.84555],[24.884561,41.845619],[24.884615,41.845665],[24.884721,41.845666],[24.884761,41.845635],[24.884775,41.845435],[24.88482,41.845371],[24.884864,41.845346],[24.884952,41.845348],[24.885084,41.845369],[24.885165,41.845414],[24.885149,41.845372],[24.885232,41.845463],[24.885248,41.845693],[24.885416,41.845937],[24.885578,41.8461],[24.885794,41.846256],[24.885949,41.846354],[24.886029,41.846365],[24.886088,41.846364],[24.886161,41.846333],[24.886644,41.845988],[24.886813,41.845937],[24.886926,41.845931],[24.886956,41.845719],[24.886989,41.845669],[24.887238,41.845656],[24.887389,41.84568],[24.887505,41.845773],[24.887612,41.845895],[24.887691,41.8458],[24.887891,41.845417],[24.887939,41.84519],[24.888182,41.845062],[24.888222,41.845014],[24.888345,41.844926],[24.888502,41.844838],[24.888665,41.844687],[24.888732,41.844659],[24.888756,41.844734],[24.888875,41.844869],[24.88892,41.844892],[24.889036,41.844911],[24.889684,41.844765],[24.890075,41.844703],[24.890256,41.8447],[24.890502,41.844769],[24.890649,41.844857],[24.890664,41.844825],[24.890616,41.844729],[24.890469,41.844612],[24.890378,41.844559],[24.890157,41.844468],[24.890103,41.844375],[24.890035,41.844328],[24.889974,41.844325],[24.889932,41.844256],[24.890074,41.844207],[24.890279,41.8442],[24.890344,41.844165],[24.890081,41.844144],[24.889925,41.844167],[24.889655,41.844277],[24.889508,41.844305],[24.889386,41.844305],[24.889324,41.844243],[24.889358,41.844158],[24.88953,41.844004],[24.889617,41.843897],[24.889672,41.843873],[24.889575,41.843796],[24.889428,41.843616],[24.889348,41.843556],[24.889003,41.843512],[24.888688,41.843433],[24.8882,41.843196],[24.887997,41.843118],[24.887911,41.843087],[24.887585,41.84303],[24.887541,41.84301],[24.887454,41.842906],[24.887416,41.842822],[24.887351,41.842745],[24.887187,41.842636],[24.88699,41.84254],[24.886027,41.842165],[24.885596,41.842028],[24.885243,41.841961],[24.884691,41.84196],[24.884526,41.841988],[24.884361,41.842072],[24.884056,41.842328],[24.8839,41.842404],[24.883709,41.842463],[24.883393,41.842517],[24.882984,41.84269],[24.882741,41.842839],[24.882247,41.84299],[24.882184,41.843024],[24.882134,41.843102],[24.882147,41.843483],[24.882088,41.843569],[24.882013,41.843601],[24.88184,41.843604],[24.881811,41.843645]]]},"properties":{"cadreg":22}},{"type":"Feature","geometry":{"type":"MultiPolygon","coordinates":[[[[24.889757,41.834109],[24.889146,41.833741],[24.889087,41.833728],[24.88877,41.833898],[24.888561,41.833947],[24.888449,41.833991],[24.888306,41.834015],[24.888147,41.834018],[24.888057,41.834042],[24.887693,41.834213],[24.887561,41.834339],[24.887159,41.834516],[24.886778,41.834591],[24.886647,41.834626],[24.886484,41.834697],[24.88639,41.834706],[24.886217,41.834656],[24.886014,41.83465],[24.885932,41.834668],[24.885861,41.834705],[24.88582,41.834764],[24.88557,41.834825],[24.885593,41.834851],[24.885746,41.834827],[24.886528,41.834847],[24.88653,41.834985],[24.886609,41.835022],[24.886748,41.83502],[24.88697,41.83508],[24.887051,41.835067],[24.887139,41.835001],[24.887176,41.83495],[24.887224,41.834958],[24.887354,41.834998],[24.88742,41.835063],[24.887431,41.835164],[24.88749,41.835245],[24.887726,41.835212],[24.887841,41.835147],[24.887982,41.835208],[24.888109,41.835236],[24.888259,41.835156],[24.888351,41.835062],[24.888486,41.834968],[24.888644,41.834919],[24.88897,41.834965],[24.889361,41.835202],[24.8894,41.835272],[24.889482,41.83535],[24.889805,41.835521],[24.889922,41.83546],[24.889806,41.835408],[24.889754,41.835357],[24.889734,41.835298],[24.889662,41.835287],[24.889602,41.835256],[24.889565,41.835213],[24.889568,41.835157],[24.889805,41.835037],[24.889841,41.834968],[24.889724,41.834713],[24.889716,41.834656],[24.88972,41.834568],[24.889799,41.834385],[24.889811,41.834313],[24.889791,41.834175],[24.889757,41.834109]]],[[[24.888529,41.839724],[24.888129,41.839604],[24.888046,41.839644],[24.888007,41.839776],[24.887851,41.839826],[24.887755,41.839878],[24.887669,41.839948],[24.887649,41.840031],[24.887657,41.840193],[24.887625,41.840235],[24.887114,41.840304],[24.886992,41.840374],[24.88689,41.840446],[24.886756,41.840585],[24.886684,41.840635],[24.886568,41.840667],[24.886368,41.840759],[24.886338,41.840804],[24.886146,41.840953],[24.886048,41.840989],[24.885932,41.841059],[24.885791,41.841182],[24.885749,41.841346],[24.885652,41.841359],[24.885494,41.84134],[24.885448,41.841313],[24.885011,41.841404],[24.88481,41.841387],[24.884802,41.841362],[24.884888,41.841253],[24.88488,41.841164],[24.884722,41.841163],[24.884759,41.841107],[24.884923,41.841038],[24.8849,41.840995],[24.884903,41.840936],[24.88485,41.840895],[24.884676,41.840834],[24.884342,41.840902],[24.884344,41.841064],[24.884245,41.841387],[24.884196,41.841438],[24.883985,41.841496],[24.883923,41.841646],[24.883933,41.84173],[24.884098,41.841851],[24.884195,41.841964],[24.884291,41.842134],[24.884361,41.842072],[24.884526,41.841988],[24.884691,41.84196],[24.885243,41.841961],[24.885389,41.841997],[24.88546,41.841998],[24.885703,41.84206],[24.886132,41.842201],[24.886669,41.842423],[24.886838,41.842473],[24.887187,41.842636],[24.887351,41.842745],[24.887416,41.842822],[24.887454,41.842906],[24.887541,41.84301],[24.887585,41.84303],[24.887911,41.843087],[24.887997,41.843118],[24.8882,41.843196],[24.888688,41.843433],[24.889003,41.843512],[24.889348,41.843556],[24.889428,41.843616],[24.889575,41.843796],[24.889672,41.843873],[24.889617,41.843897],[24.88953,41.844004],[24.889358,41.844158],[24.889324,41.844243],[24.889386,41.844305],[24.889508,41.844305],[24.889655,41.844277],[24.889925,41.844167],[24.890081,41.844144],[24.890397,41.844168],[24.890541,41.844217],[24.890997,41.844421],[24.891148,41.844466],[24.89135,41.844456],[24.891386,41.844518],[24.891436,41.844557],[24.891556,41.844715],[24.891718,41.844868],[24.891785,41.844856],[24.891814,41.844834],[24.891831,41.844776],[24.891935,41.844669],[24.892058,41.844613],[24.892106,41.84457],[24.89218,41.844385],[24.892257,41.844278],[24.892349,41.844165],[24.892595,41.843932],[24.89266,41.843826],[24.892634,41.843765],[24.892708,41.843741],[24.892855,41.843775],[24.893008,41.843769],[24.893041,41.843712],[24.892993,41.84364],[24.892891,41.843592],[24.892869,41.843532],[24.892888,41.843298],[24.892933,41.843253],[24.893202,41.843256],[24.893283,41.84322],[24.893298,41.843121],[24.893284,41.842996],[24.893229,41.842943],[24.893092,41.842901],[24.892961,41.8429],[24.892766,41.842991],[24.892459,41.843011],[24.892603,41.843164],[24.892663,41.843273],[24.892665,41.843396],[24.892641,41.843522],[24.892585,41.843553],[24.892431,41.843544],[24.892231,41.843494],[24.892063,41.843377],[24.891769,41.843084],[24.89169,41.842937],[24.891659,41.842714],[24.891609,41.842578],[24.891391,41.842605],[24.891322,41.842584],[24.891319,41.842452],[24.891297,41.84231],[24.891246,41.842175],[24.891187,41.841666],[24.891145,41.841516],[24.891077,41.841405],[24.890648,41.841537],[24.890645,41.841512],[24.890707,41.841238],[24.890786,41.841157],[24.891267,41.840762],[24.891539,41.840481],[24.891598,41.840316],[24.891704,41.840126],[24.89172,41.840055],[24.891924,41.840074],[24.892464,41.839937],[24.892492,41.839885],[24.892434,41.839617],[24.891801,41.839635],[24.891809,41.83966],[24.891789,41.839662],[24.891737,41.839643],[24.89149,41.839405],[24.891476,41.839346],[24.891551,41.839203],[24.891535,41.838962],[24.891671,41.838862],[24.891784,41.838713],[24.891955,41.838809],[24.892047,41.838822],[24.892103,41.838785],[24.892142,41.838722],[24.892314,41.838644],[24.892303,41.838566],[24.891967,41.838356],[24.891874,41.838266],[24.891488,41.838096],[24.89133,41.837936],[24.891191,41.837913],[24.891164,41.837949],[24.891225,41.838167],[24.891234,41.838267],[24.891197,41.838309],[24.891124,41.838303],[24.891085,41.838283],[24.891028,41.838284],[24.891004,41.838302],[24.890508,41.838235],[24.890279,41.838246],[24.890219,41.838309],[24.890154,41.838418],[24.890056,41.838913],[24.890004,41.838983],[24.889961,41.838922],[24.889918,41.838701],[24.889868,41.838601],[24.889797,41.838606],[24.889701,41.838672],[24.889599,41.838783],[24.889538,41.838826],[24.889214,41.839009],[24.888978,41.839092],[24.888874,41.839153],[24.88885,41.839226],[24.888916,41.839253],[24.889017,41.839248],[24.889364,41.839072],[24.889384,41.839068],[24.889422,41.839103],[24.889427,41.83929],[24.889385,41.839388],[24.889127,41.839685],[24.888987,41.839761],[24.888888,41.839852],[24.888666,41.839861],[24.888623,41.839849],[24.888529,41.839724]]],[[[24.889475,41.837259],[24.889586,41.837382],[24.889544,41.83746],[24.889453,41.837519],[24.889449,41.837598],[24.889482,41.837678],[24.889442,41.837871],[24.889468,41.837927],[24.889683,41.837907],[24.889732,41.837972],[24.889738,41.838077],[24.889709,41.838335],[24.889754,41.838338],[24.890009,41.838023],[24.890034,41.837978],[24.890039,41.837873],[24.890012,41.837773],[24.889805,41.837345],[24.889731,41.837257],[24.889558,41.837226],[24.889475,41.837259]]],[[[24.889658,41.838192],[24.889655,41.838112],[24.889626,41.838055],[24.889541,41.838026],[24.889447,41.83804],[24.889227,41.838188],[24.889201,41.838256],[24.889142,41.838315],[24.889125,41.838452],[24.889034,41.838549],[24.888543,41.838808],[24.888525,41.838844],[24.888664,41.839096],[24.88872,41.839135],[24.888813,41.839086],[24.889082,41.838985],[24.889218,41.838906],[24.889448,41.83874],[24.889599,41.838567],[24.889608,41.838537],[24.889561,41.838401],[24.889658,41.838192]]],[[[24.893173,41.839748],[24.892714,41.839732],[24.892711,41.840074],[24.893129,41.840015],[24.893173,41.839748]]]]},"properties":{"cadreg":23}},{"type":"Feature","geometry":{"type":"Polygon","coordinates":[[[24.886956,41.845719],[24.886926,41.845931],[24.886958,41.845976],[24.886826,41.845981],[24.886676,41.846026],[24.886543,41.846112],[24.886537,41.846133],[24.886616,41.846201],[24.886732,41.846386],[24.886821,41.846478],[24.886877,41.846506],[24.887015,41.846447],[24.887226,41.846414],[24.887268,41.846455],[24.887316,41.84645],[24.887363,41.846475],[24.88774,41.846573],[24.887847,41.846625],[24.888028,41.846661],[24.888445,41.846799],[24.888667,41.84685],[24.889011,41.847028],[24.889364,41.847286],[24.889825,41.847497],[24.89002,41.847549],[24.890446,41.847724],[24.890752,41.847881],[24.890935,41.848003],[24.891003,41.848029],[24.891237,41.848199],[24.891378,41.848383],[24.891436,41.848369],[24.891446,41.848422],[24.891635,41.848543],[24.891941,41.848676],[24.892038,41.848697],[24.891915,41.848574],[24.891528,41.848247],[24.891378,41.84807],[24.891351,41.84794],[24.891202,41.847774],[24.891091,41.847591],[24.891016,41.847532],[24.890944,41.847498],[24.890905,41.847495],[24.890855,41.847527],[24.890359,41.846989],[24.890256,41.846912],[24.890135,41.846853],[24.889791,41.846749],[24.889662,41.846658],[24.889565,41.846544],[24.889508,41.846407],[24.889516,41.846258],[24.889651,41.846077],[24.88966,41.846039],[24.889619,41.846012],[24.889543,41.845983],[24.88948,41.845978],[24.88941,41.84604],[24.889321,41.846084],[24.889076,41.846137],[24.889018,41.846137],[24.888935,41.846131],[24.888834,41.846078],[24.888538,41.846014],[24.88803,41.846014],[24.887793,41.845989],[24.887744,41.845978],[24.88765,41.845926],[24.887557,41.845847],[24.887505,41.845773],[24.887389,41.84568],[24.887238,41.845656],[24.886989,41.845669],[24.886956,41.845719]]]},"properties":{"cadreg":24}},{"type":"Feature","geometry":{"type":"Polygon","coordinates":[[[24.887015,41.846447],[24.886877,41.846506],[24.886821,41.846478],[24.886732,41.846386],[24.886616,41.846201],[24.886537,41.846133],[24.886543,41.846112],[24.886676,41.846026],[24.886826,41.845981],[24.886958,41.845976],[24.886926,41.845931],[24.886813,41.845937],[24.886644,41.845988],[24.88622,41.846295],[24.886088,41.846364],[24.885949,41.846354],[24.885908,41.846334],[24.885578,41.8461],[24.885416,41.845937],[24.885248,41.845693],[24.885232,41.845463],[24.885149,41.845372],[24.885165,41.845414],[24.885084,41.845369],[24.884952,41.845348],[24.884864,41.845346],[24.88482,41.845371],[24.884775,41.845435],[24.884761,41.845635],[24.884721,41.845666],[24.884615,41.845665],[24.884561,41.845619],[24.884537,41.84555],[24.884501,41.845544],[24.884408,41.845565],[24.884324,41.84551],[24.884312,41.845468],[24.884233,41.845437],[24.884166,41.845565],[24.883975,41.84567],[24.883632,41.845603],[24.883483,41.845732],[24.883497,41.845777],[24.883549,41.845829],[24.883598,41.84585],[24.883674,41.845854],[24.883725,41.8459],[24.883751,41.845985],[24.883531,41.846065],[24.883306,41.846203],[24.883176,41.846382],[24.883148,41.846446],[24.883224,41.847117],[24.883272,41.847199],[24.883416,41.84728],[24.883478,41.847375],[24.883583,41.847454],[24.883386,41.847579],[24.882993,41.847954],[24.882881,41.848095],[24.882715,41.848211],[24.88239,41.848507],[24.882313,41.848634],[24.882144,41.848777],[24.881861,41.848985],[24.881731,41.849027],[24.881803,41.849053],[24.8817,41.849086],[24.88136,41.849139],[24.88096,41.849243],[24.880715,41.849328],[24.880684,41.849492],[24.880737,41.849662],[24.880771,41.84993],[24.880895,41.850142],[24.881173,41.85036],[24.88153,41.850587],[24.881858,41.850826],[24.882094,41.85108],[24.881705,41.851264],[24.881677,41.851326],[24.881498,41.851462],[24.881565,41.851522],[24.881693,41.851551],[24.881816,41.85154],[24.881918,41.851478],[24.881965,41.851405],[24.881979,41.851317],[24.881883,41.851206],[24.882178,41.851063],[24.88233,41.851085],[24.882496,41.851075],[24.882843,41.851004],[24.882927,41.850962],[24.882923,41.850895],[24.882854,41.850794],[24.88273,41.850726],[24.882455,41.850533],[24.882146,41.850375],[24.882213,41.850252],[24.882208,41.850169],[24.882143,41.850118],[24.881995,41.850098],[24.881922,41.85013],[24.881862,41.850201],[24.881792,41.850192],[24.881664,41.850057],[24.881589,41.850052],[24.881489,41.850111],[24.881427,41.850078],[24.881445,41.849999],[24.881509,41.849935],[24.88194,41.849921],[24.882811,41.849859],[24.88304,41.849863],[24.883784,41.849994],[24.8839,41.850027],[24.884119,41.850114],[24.88431,41.850224],[24.884383,41.850286],[24.884817,41.850911],[24.885048,41.851206],[24.885176,41.851343],[24.885624,41.851734],[24.885918,41.852131],[24.886193,41.85236],[24.886379,41.852489],[24.886863,41.852995],[24.88713,41.853185],[24.887629,41.853494],[24.887626,41.853564],[24.887646,41.853589],[24.887479,41.85364],[24.887362,41.853696],[24.887251,41.853799],[24.887274,41.853879],[24.887508,41.854053],[24.887619,41.854076],[24.888023,41.85392],[24.888031,41.853935],[24.88809,41.853941],[24.888058,41.853973],[24.887998,41.854103],[24.887829,41.854336],[24.887888,41.854488],[24.888107,41.854827],[24.888135,41.854939],[24.888214,41.854992],[24.888217,41.855154],[24.888146,41.855181],[24.888061,41.855261],[24.88806,41.855339],[24.888107,41.85541],[24.888168,41.855586],[24.888141,41.855804],[24.888226,41.855963],[24.888236,41.856051],[24.888191,41.856469],[24.888102,41.85678],[24.888084,41.857126],[24.888829,41.857041],[24.88921,41.856962],[24.889546,41.85679],[24.889915,41.85656],[24.890039,41.85652],[24.890397,41.856438],[24.890669,41.856416],[24.890912,41.856421],[24.891458,41.856321],[24.891707,41.85626],[24.892307,41.856027],[24.892746,41.855915],[24.892926,41.855883],[24.892947,41.856043],[24.892934,41.85625],[24.893119,41.856654],[24.893154,41.856892],[24.8932,41.856933],[24.893772,41.856931],[24.893839,41.856821],[24.893857,41.856874],[24.893903,41.856912],[24.893827,41.856965],[24.893629,41.856977],[24.893538,41.857014],[24.893468,41.857066],[24.893488,41.857378],[24.893512,41.857448],[24.893449,41.857666],[24.893308,41.858034],[24.893095,41.858342],[24.89285,41.858794],[24.892697,41.859265],[24.892671,41.859502],[24.892691,41.859888],[24.892842,41.860257],[24.892904,41.860492],[24.892936,41.86051],[24.893754,41.860859],[24.894125,41.861073],[24.894478,41.861222],[24.895858,41.861651],[24.897874,41.862149],[24.898334,41.862327],[24.898538,41.86238],[24.899759,41.862826],[24.900255,41.862989],[24.900721,41.863118],[24.900926,41.863205],[24.901003,41.863269],[24.901012,41.863223],[24.902657,41.863357],[24.902912,41.863372],[24.903212,41.863369],[24.903835,41.86342],[24.904254,41.863486],[24.904769,41.863601],[24.905127,41.863711],[24.905377,41.863807],[24.905548,41.863886],[24.905781,41.864022],[24.905981,41.864172],[24.905968,41.864229],[24.906031,41.864253],[24.906286,41.864325],[24.906775,41.864429],[24.907382,41.864592],[24.907835,41.864667],[24.908454,41.864723],[24.909582,41.864637],[24.90993,41.864648],[24.910276,41.864694],[24.910437,41.864744],[24.910727,41.864866],[24.910985,41.865018],[24.911315,41.865282],[24.911392,41.865369],[24.911498,41.865527],[24.911536,41.86562],[24.911573,41.86565],[24.911616,41.865606],[24.911687,41.865457],[24.911704,41.865284],[24.911613,41.86503],[24.911572,41.864843],[24.911533,41.864761],[24.911406,41.864608],[24.911171,41.864479],[24.910747,41.864301],[24.910489,41.86416],[24.909492,41.863393],[24.909183,41.863123],[24.908942,41.86296],[24.90872,41.862785],[24.90822,41.862489],[24.907875,41.862299],[24.907329,41.862324],[24.907236,41.862314],[24.907097,41.862253],[24.90689,41.862189],[24.906063,41.861985],[24.905835,41.861894],[24.90562,41.861782],[24.90532,41.861564],[24.905081,41.861428],[24.904713,41.861279],[24.904063,41.861111],[24.903708,41.860959],[24.902939,41.860679],[24.902624,41.860502],[24.902242,41.860261],[24.901803,41.860024],[24.901293,41.859677],[24.900853,41.859413],[24.900628,41.859235],[24.900641,41.859156],[24.90054,41.859164],[24.900295,41.859084],[24.900153,41.858993],[24.8999,41.858746],[24.899755,41.858685],[24.899635,41.858674],[24.899484,41.858572],[24.899371,41.858562],[24.899247,41.858451],[24.899083,41.858383],[24.89893,41.858362],[24.898812,41.858374],[24.898731,41.858307],[24.898637,41.858183],[24.898553,41.85803],[24.898482,41.857747],[24.898492,41.857634],[24.898655,41.857297],[24.898763,41.857222],[24.898815,41.857147],[24.89899,41.857053],[24.898494,41.856761],[24.898019,41.856529],[24.897407,41.856126],[24.897144,41.8559],[24.896808,41.855546],[24.896431,41.855217],[24.896225,41.854859],[24.896191,41.854728],[24.896184,41.854529],[24.896159,41.8544],[24.896071,41.854114],[24.895539,41.853425],[24.895382,41.853099],[24.895145,41.852746],[24.895079,41.852599],[24.894997,41.852337],[24.894855,41.852497],[24.894793,41.852877],[24.89489,41.852926],[24.894935,41.85297],[24.895287,41.853132],[24.895461,41.85349],[24.895649,41.854101],[24.895671,41.854265],[24.895662,41.854387],[24.8955,41.854476],[24.894965,41.854572],[24.894715,41.85472],[24.894343,41.854755],[24.894177,41.854788],[24.894179,41.854902],[24.89413,41.854969],[24.894066,41.85498],[24.893876,41.854962],[24.893772,41.855007],[24.893727,41.855054],[24.893705,41.855128],[24.893681,41.855114],[24.893543,41.854998],[24.893245,41.854702],[24.892983,41.85453],[24.893195,41.854131],[24.893251,41.85395],[24.893409,41.853613],[24.893459,41.853389],[24.89346,41.85286],[24.893518,41.852641],[24.893586,41.852483],[24.893701,41.852242],[24.893798,41.852092],[24.893816,41.852],[24.893803,41.85181],[24.893715,41.851656],[24.89363,41.851571],[24.893729,41.851598],[24.893849,41.851678],[24.893871,41.851804],[24.893937,41.851478],[24.893923,41.851085],[24.893872,41.850934],[24.893708,41.850635],[24.893603,41.850247],[24.893572,41.849964],[24.893464,41.849756],[24.893468,41.849734],[24.893352,41.849707],[24.893035,41.849585],[24.892022,41.849008],[24.891791,41.848841],[24.891673,41.848735],[24.891613,41.848658],[24.891581,41.848568],[24.89146,41.848487],[24.891436,41.848369],[24.891378,41.848383],[24.891237,41.848199],[24.891003,41.848029],[24.890935,41.848003],[24.890752,41.847881],[24.890446,41.847724],[24.89002,41.847549],[24.889825,41.847497],[24.889364,41.847286],[24.889011,41.847028],[24.888667,41.84685],[24.888445,41.846799],[24.888028,41.846661],[24.887847,41.846625],[24.88774,41.846573],[24.887363,41.846475],[24.887316,41.84645],[24.887268,41.846455],[24.887226,41.846414],[24.887015,41.846447]],[[24.887252,41.846456],[24.887839,41.846927],[24.888134,41.847145],[24.888586,41.847545],[24.888882,41.847852],[24.888868,41.847861],[24.888901,41.847948],[24.889379,41.848559],[24.889546,41.848982],[24.889435,41.84901],[24.88929,41.849264],[24.889251,41.849236],[24.889136,41.84922],[24.888975,41.849265],[24.888874,41.849354],[24.888607,41.849456],[24.888542,41.849496],[24.888447,41.849504],[24.888368,41.849726],[24.88765,41.84976],[24.88771,41.850465],[24.887624,41.850485],[24.887385,41.850506],[24.887144,41.850483],[24.887075,41.850198],[24.88706,41.849883],[24.887032,41.849717],[24.886923,41.849371],[24.886828,41.849184],[24.885633,41.849626],[24.885563,41.849554],[24.885385,41.849275],[24.885253,41.848979],[24.88517,41.848737],[24.884986,41.84834],[24.885043,41.848312],[24.885109,41.848224],[24.885097,41.848169],[24.885031,41.848091],[24.885006,41.84802],[24.885058,41.847956],[24.885021,41.847906],[24.884911,41.847889],[24.884783,41.847843],[24.884679,41.847831],[24.884705,41.847796],[24.884706,41.847644],[24.884816,41.847336],[24.884825,41.847215],[24.884802,41.847081],[24.885112,41.847003],[24.885507,41.846942],[24.886048,41.846944],[24.886276,41.846893],[24.88663,41.846694],[24.886741,41.84665],[24.886913,41.846543],[24.887037,41.84649],[24.887252,41.846456]]]},"properties":{"cadreg":25}},{"type":"Feature","geometry":{"type":"Polygon","coordinates":[[[24.878081,41.846611],[24.877743,41.846841],[24.87765,41.847146],[24.877914,41.847355],[24.87805,41.847742],[24.877844,41.847858],[24.877254,41.84813],[24.875516,41.84879],[24.875648,41.849001],[24.87613,41.849001],[24.876316,41.849071],[24.876468,41.849212],[24.876615,41.849285],[24.876798,41.849332],[24.876931,41.849331],[24.877011,41.849347],[24.877088,41.849366],[24.877181,41.849419],[24.877294,41.849442],[24.877246,41.849555],[24.877099,41.849623],[24.877195,41.849706],[24.87732,41.849727],[24.877367,41.84976],[24.877385,41.849846],[24.877339,41.849941],[24.877082,41.850182],[24.877043,41.850247],[24.877449,41.850264],[24.877412,41.850311],[24.877418,41.85037],[24.877461,41.850434],[24.877617,41.850421],[24.877624,41.850388],[24.877698,41.850369],[24.87762,41.850485],[24.877704,41.850546],[24.878409,41.850611],[24.878872,41.85061],[24.879189,41.850517],[24.879455,41.850312],[24.879626,41.850238],[24.8797,41.850214],[24.879756,41.850234],[24.879783,41.850187],[24.880042,41.850128],[24.88038,41.85018],[24.880707,41.850265],[24.880765,41.850234],[24.880814,41.850146],[24.880828,41.850045],[24.880771,41.84993],[24.880737,41.849662],[24.880684,41.849492],[24.880715,41.849328],[24.88096,41.849243],[24.88136,41.849139],[24.8817,41.849086],[24.881803,41.849053],[24.881731,41.849027],[24.881861,41.848985],[24.882144,41.848777],[24.882313,41.848634],[24.88239,41.848507],[24.882715,41.848211],[24.882881,41.848095],[24.882993,41.847954],[24.883386,41.847579],[24.883583,41.847454],[24.883478,41.847375],[24.883416,41.84728],[24.883272,41.847199],[24.883224,41.847117],[24.883148,41.846446],[24.883176,41.846382],[24.883306,41.846203],[24.883531,41.846065],[24.883751,41.845985],[24.883725,41.8459],[24.883674,41.845854],[24.883598,41.84585],[24.883549,41.845829],[24.883497,41.845777],[24.883483,41.845732],[24.883632,41.845603],[24.883463,41.845551],[24.883456,41.845425],[24.882315,41.845376],[24.882182,41.845267],[24.882099,41.845245],[24.881634,41.84525],[24.881208,41.845273],[24.881073,41.84526],[24.88102,41.845235],[24.881038,41.845122],[24.881233,41.844953],[24.881261,41.844892],[24.881271,41.844843],[24.881243,41.844771],[24.881154,41.844649],[24.881152,41.844593],[24.881177,41.844528],[24.881245,41.844415],[24.881065,41.844436],[24.880912,41.844535],[24.8808,41.844572],[24.880674,41.844573],[24.880415,41.844535],[24.880288,41.844532],[24.879966,41.844624],[24.879754,41.844731],[24.879663,41.844734],[24.879446,41.844653],[24.879239,41.844502],[24.879097,41.84425],[24.879023,41.84417],[24.87871,41.844078],[24.878464,41.844041],[24.878151,41.844014],[24.87783,41.844108],[24.877759,41.844151],[24.877727,41.844204],[24.877728,41.844262],[24.877776,41.844333],[24.877941,41.844416],[24.878138,41.844547],[24.878363,41.84465],[24.87838,41.844689],[24.878378,41.844776],[24.878322,41.844998],[24.878326,41.845246],[24.878304,41.845307],[24.878246,41.845341],[24.878084,41.84538],[24.877703,41.845392],[24.877542,41.845423],[24.877185,41.845596],[24.877089,41.845659],[24.877056,41.845728],[24.877204,41.845852],[24.877429,41.845999],[24.877563,41.846114],[24.877725,41.846116],[24.878075,41.84652],[24.878081,41.846611]]]},"properties":{"cadreg":26}},{"type":"Feature","geometry":{"type":"Polygon","coordinates":[[[24.87436,41.849382],[24.87386,41.849511],[24.873846,41.849639],[24.873737,41.849683],[24.873192,41.850085],[24.873111,41.850109],[24.872985,41.850101],[24.872807,41.849997],[24.872712,41.849999],[24.872629,41.850021],[24.872618,41.85],[24.872598,41.85005],[24.872601,41.850135],[24.872644,41.850292],[24.872826,41.850748],[24.872918,41.850922],[24.872832,41.850902],[24.872751,41.850907],[24.872623,41.850954],[24.872599,41.851001],[24.872759,41.851193],[24.872874,41.851311],[24.872921,41.851336],[24.872973,41.851452],[24.872888,41.851506],[24.873417,41.85162],[24.873648,41.851609],[24.873739,41.851633],[24.873812,41.851675],[24.873809,41.851732],[24.873751,41.851781],[24.873527,41.851805],[24.873316,41.851887],[24.873079,41.85202],[24.872658,41.85219],[24.872473,41.852334],[24.872313,41.852407],[24.872327,41.852501],[24.872392,41.852588],[24.872451,41.852813],[24.872527,41.853382],[24.872482,41.853492],[24.872537,41.853514],[24.872564,41.853689],[24.872583,41.853727],[24.872652,41.853787],[24.872765,41.853844],[24.872751,41.853958],[24.872778,41.853992],[24.872978,41.854067],[24.873071,41.854158],[24.873088,41.854186],[24.873103,41.854452],[24.873166,41.854527],[24.873235,41.854557],[24.873258,41.854583],[24.873268,41.854652],[24.873331,41.854704],[24.87338,41.854793],[24.87348,41.854717],[24.873548,41.854596],[24.873708,41.853854],[24.873875,41.853868],[24.873927,41.853922],[24.873937,41.853977],[24.874048,41.854025],[24.874059,41.854132],[24.874181,41.854272],[24.874297,41.854344],[24.874313,41.854407],[24.874352,41.854436],[24.874491,41.854689],[24.874791,41.854673],[24.874808,41.854638],[24.87473,41.854423],[24.874749,41.854346],[24.874699,41.854142],[24.87469,41.853924],[24.874808,41.853669],[24.874894,41.85355],[24.875045,41.853361],[24.875151,41.853294],[24.875194,41.853236],[24.875387,41.853128],[24.875456,41.85311],[24.875619,41.853101],[24.875772,41.853054],[24.875982,41.852813],[24.876236,41.85267],[24.87635,41.852583],[24.876479,41.852528],[24.876597,41.852506],[24.87676,41.852502],[24.876816,41.852604],[24.87697,41.852657],[24.877245,41.852603],[24.877453,41.852617],[24.87759,41.852576],[24.877467,41.852489],[24.877377,41.852335],[24.877272,41.852264],[24.877162,41.852238],[24.876795,41.852257],[24.876743,41.852221],[24.876646,41.852193],[24.876593,41.852136],[24.876492,41.852114],[24.876522,41.852095],[24.876533,41.852044],[24.876517,41.852001],[24.876325,41.851866],[24.876154,41.851795],[24.876113,41.851757],[24.875976,41.851683],[24.875757,41.851629],[24.875453,41.851518],[24.875473,41.85145],[24.87545,41.851371],[24.875463,41.851349],[24.875605,41.85138],[24.87592,41.85149],[24.876033,41.851505],[24.876021,41.851385],[24.876217,41.851381],[24.876387,41.851437],[24.876524,41.85146],[24.876861,41.851391],[24.877014,41.851411],[24.87716,41.851409],[24.877219,41.851419],[24.877302,41.85146],[24.877587,41.851486],[24.877673,41.851511],[24.877749,41.851511],[24.877866,41.851464],[24.878008,41.851551],[24.878099,41.851669],[24.878153,41.851701],[24.878391,41.851695],[24.878468,41.851727],[24.878632,41.851889],[24.878653,41.851967],[24.878645,41.852087],[24.87874,41.852142],[24.878802,41.852154],[24.878731,41.851698],[24.878703,41.851614],[24.878723,41.851379],[24.878784,41.85131],[24.879134,41.851084],[24.879262,41.850961],[24.879436,41.85075],[24.879756,41.850234],[24.8797,41.850214],[24.879626,41.850238],[24.879455,41.850312],[24.879189,41.850517],[24.878872,41.85061],[24.878409,41.850611],[24.877704,41.850546],[24.87762,41.850485],[24.877698,41.850369],[24.877624,41.850388],[24.877617,41.850421],[24.877461,41.850434],[24.877418,41.85037],[24.877412,41.850311],[24.877449,41.850264],[24.877043,41.850247],[24.877082,41.850182],[24.877339,41.849941],[24.877385,41.849846],[24.877367,41.84976],[24.87732,41.849727],[24.877195,41.849706],[24.877099,41.849623],[24.877246,41.849555],[24.877294,41.849442],[24.877181,41.849419],[24.877088,41.849366],[24.877011,41.849347],[24.876931,41.849331],[24.876798,41.849332],[24.876615,41.849285],[24.876468,41.849212],[24.876316,41.849071],[24.87613,41.849001],[24.875648,41.849001],[24.875516,41.84879],[24.87431,41.849244],[24.87436,41.849382]]]},"properties":{"cadreg":27}},{"type":"Feature","geometry":{"type":"Polygon","coordinates":[[[24.878794,41.852067],[24.878817,41.852468],[24.878968,41.852586],[24.878961,41.852729],[24.878929,41.852813],[24.878876,41.852883],[24.878689,41.853079],[24.878684,41.853116],[24.878737,41.853257],[24.878681,41.853301],[24.878555,41.853583],[24.878341,41.853787],[24.878407,41.853852],[24.878535,41.853823],[24.878658,41.853769],[24.878787,41.853752],[24.878912,41.853822],[24.879026,41.853911],[24.879083,41.853926],[24.879057,41.854104],[24.879,41.854236],[24.878878,41.854383],[24.878762,41.854614],[24.878696,41.854689],[24.878644,41.854794],[24.878615,41.854983],[24.878544,41.854993],[24.878347,41.85498],[24.878174,41.854947],[24.878047,41.854998],[24.878031,41.855086],[24.878138,41.855142],[24.878315,41.855185],[24.87871,41.85524],[24.878841,41.855422],[24.878794,41.855443],[24.878723,41.855523],[24.878595,41.855554],[24.878511,41.855622],[24.878331,41.855659],[24.878204,41.855714],[24.878227,41.855778],[24.878361,41.855794],[24.878534,41.855789],[24.878708,41.855742],[24.878856,41.855677],[24.879012,41.855566],[24.879225,41.855671],[24.879394,41.855715],[24.879828,41.855696],[24.879776,41.855808],[24.879876,41.856034],[24.879951,41.856065],[24.880208,41.856058],[24.880344,41.856033],[24.880522,41.855987],[24.880634,41.855929],[24.880821,41.855968],[24.881084,41.856051],[24.881212,41.856055],[24.881318,41.856016],[24.881405,41.855948],[24.881509,41.855964],[24.881837,41.85616],[24.881894,41.856219],[24.882118,41.856366],[24.882212,41.856453],[24.88234,41.856522],[24.882468,41.856502],[24.882756,41.85636],[24.882822,41.856264],[24.882819,41.856174],[24.88263,41.856019],[24.882446,41.855985],[24.882068,41.855988],[24.881893,41.855952],[24.881741,41.855897],[24.881489,41.855753],[24.881371,41.855703],[24.881263,41.85568],[24.881075,41.855809],[24.88096,41.85581],[24.880816,41.855766],[24.880698,41.855751],[24.880586,41.855772],[24.880558,41.85574],[24.880541,41.855663],[24.880582,41.8556],[24.880737,41.855478],[24.880688,41.85541],[24.880594,41.855353],[24.880534,41.855357],[24.880406,41.855429],[24.880428,41.855096],[24.880502,41.855113],[24.880606,41.855089],[24.880613,41.854994],[24.880515,41.85486],[24.88025,41.854614],[24.880053,41.854503],[24.879999,41.854434],[24.880017,41.854342],[24.880095,41.854311],[24.880473,41.854292],[24.880424,41.85375],[24.880329,41.853454],[24.880203,41.853393],[24.880094,41.853363],[24.88043,41.853238],[24.880488,41.853183],[24.880476,41.853175],[24.880504,41.853152],[24.880628,41.852925],[24.880318,41.852722],[24.880182,41.852592],[24.880062,41.85252],[24.880039,41.852524],[24.88003,41.852486],[24.880008,41.852122],[24.880039,41.851862],[24.880133,41.851688],[24.880173,41.851569],[24.880245,41.851462],[24.880428,41.850879],[24.880426,41.85054],[24.88038,41.85018],[24.880042,41.850128],[24.879783,41.850187],[24.879511,41.85064],[24.879262,41.850961],[24.879134,41.851084],[24.878784,41.85131],[24.878723,41.851379],[24.878703,41.851614],[24.878794,41.852067]]]},"properties":{"cadreg":28}},{"type":"Feature","geometry":{"type":"MultiPolygon","coordinates":[[[[24.897628,41.839912],[24.897461,41.840069],[24.897386,41.840179],[24.897333,41.840298],[24.897323,41.840965],[24.897371,41.841009],[24.897466,41.840988],[24.897536,41.84099],[24.897537,41.841097],[24.897469,41.841368],[24.897486,41.841445],[24.89771,41.841565],[24.897802,41.841694],[24.89797,41.841861],[24.89801,41.841986],[24.898055,41.842018],[24.898212,41.842259],[24.898256,41.842482],[24.898304,41.842552],[24.898141,41.84272],[24.898051,41.842743],[24.897982,41.842798],[24.897971,41.842908],[24.897844,41.842966],[24.897778,41.843015],[24.897747,41.84306],[24.897724,41.843174],[24.897727,41.843367],[24.897589,41.843502],[24.897588,41.843575],[24.897622,41.84365],[24.897618,41.843731],[24.897496,41.843875],[24.897338,41.843933],[24.897092,41.843983],[24.896927,41.844117],[24.896888,41.843823],[24.896828,41.843745],[24.89671,41.843708],[24.896564,41.843713],[24.896429,41.843781],[24.896321,41.843883],[24.896238,41.844019],[24.896114,41.844294],[24.89609,41.844415],[24.896081,41.844759],[24.896097,41.845025],[24.896126,41.84514],[24.896109,41.845256],[24.895983,41.845419],[24.895964,41.845475],[24.895996,41.845625],[24.896093,41.845843],[24.896089,41.84593],[24.895936,41.846081],[24.895923,41.846178],[24.896071,41.846454],[24.895944,41.84654],[24.895848,41.846714],[24.895573,41.846531],[24.895565,41.846504],[24.895608,41.846503],[24.895606,41.846472],[24.895512,41.846325],[24.895485,41.846235],[24.895369,41.846109],[24.895333,41.846117],[24.895318,41.84619],[24.895251,41.846213],[24.895222,41.846276],[24.895266,41.846419],[24.895152,41.846383],[24.895097,41.846394],[24.895076,41.846443],[24.895121,41.846499],[24.895094,41.84653],[24.895143,41.846737],[24.895184,41.846775],[24.895326,41.846739],[24.895348,41.846722],[24.895489,41.846795],[24.89558,41.846812],[24.895748,41.846807],[24.895859,41.846835],[24.895899,41.846794],[24.895886,41.846739],[24.895986,41.84656],[24.896067,41.846501],[24.896029,41.846558],[24.896012,41.846658],[24.896093,41.846745],[24.896349,41.846881],[24.896524,41.847089],[24.896747,41.847027],[24.896987,41.847014],[24.897163,41.846988],[24.897294,41.846951],[24.897406,41.846886],[24.897697,41.846671],[24.897968,41.846549],[24.898437,41.846475],[24.899362,41.846399],[24.89964,41.846349],[24.899923,41.846248],[24.900145,41.846196],[24.900529,41.846178],[24.900702,41.846229],[24.90082,41.846313],[24.900885,41.846374],[24.901006,41.84661],[24.90102,41.846977],[24.900952,41.847064],[24.90093,41.847196],[24.900943,41.847279],[24.901056,41.847516],[24.901195,41.847708],[24.901272,41.847787],[24.901368,41.847808],[24.901591,41.847697],[24.901729,41.847617],[24.901791,41.847561],[24.901801,41.84749],[24.901775,41.847396],[24.901849,41.847323],[24.901925,41.847287],[24.902074,41.847259],[24.902226,41.847047],[24.902308,41.846822],[24.902313,41.846715],[24.902269,41.846637],[24.902167,41.846576],[24.901919,41.846444],[24.90181,41.846422],[24.901642,41.846354],[24.901436,41.845988],[24.901239,41.845742],[24.901106,41.845669],[24.900833,41.845637],[24.900619,41.845571],[24.900588,41.845475],[24.900639,41.845391],[24.900609,41.84514],[24.900514,41.845022],[24.900384,41.844996],[24.900142,41.845035],[24.900018,41.845093],[24.899659,41.845321],[24.899465,41.84518],[24.899519,41.845048],[24.899583,41.844953],[24.899727,41.844859],[24.899847,41.844803],[24.899978,41.844675],[24.90006,41.844619],[24.900186,41.844567],[24.900258,41.844496],[24.900254,41.844225],[24.900222,41.844115],[24.900158,41.844008],[24.900266,41.843783],[24.900257,41.843685],[24.90009,41.843454],[24.900042,41.843315],[24.900037,41.843196],[24.899967,41.843033],[24.899972,41.842966],[24.899835,41.842725],[24.899567,41.842458],[24.899465,41.842393],[24.899408,41.842433],[24.899341,41.84254],[24.899254,41.842634],[24.899148,41.8427],[24.899109,41.842629],[24.899213,41.842425],[24.899192,41.84237],[24.899074,41.842359],[24.89902,41.842179],[24.898921,41.842018],[24.898719,41.841853],[24.89856,41.841839],[24.898649,41.841804],[24.89869,41.841805],[24.899035,41.841863],[24.899169,41.841844],[24.899233,41.841767],[24.899219,41.841678],[24.89918,41.841591],[24.899051,41.841433],[24.899198,41.841353],[24.89915,41.841114],[24.899071,41.840888],[24.898932,41.840595],[24.898807,41.839837],[24.898764,41.83982],[24.898518,41.839796],[24.897684,41.839758],[24.897684,41.839817],[24.897628,41.839912]]],[[[24.89501,41.845229],[24.89502,41.845289],[24.89505,41.845319],[24.895206,41.845389],[24.895128,41.845479],[24.895191,41.845618],[24.895304,41.845711],[24.895416,41.845745],[24.895542,41.845741],[24.895621,41.845685],[24.895627,41.845608],[24.895578,41.845475],[24.895217,41.8451],[24.89512,41.845082],[24.895052,41.845143],[24.89501,41.845229]]],[[[24.89715,41.847522],[24.897267,41.847494],[24.897383,41.847424],[24.89746,41.847353],[24.897525,41.847455],[24.897628,41.847503],[24.897759,41.847483],[24.897901,41.847435],[24.898174,41.847429],[24.898418,41.847361],[24.898739,41.847314],[24.898986,41.847358],[24.899101,41.847254],[24.899422,41.846871],[24.899589,41.846739],[24.899878,41.846615],[24.899964,41.846552],[24.900011,41.846331],[24.899804,41.846378],[24.899665,41.846454],[24.899461,41.846491],[24.898971,41.846532],[24.898642,41.846534],[24.898198,41.846581],[24.897702,41.846771],[24.897559,41.846873],[24.897537,41.846938],[24.897333,41.847028],[24.897109,41.84708],[24.896589,41.84713],[24.896666,41.847228],[24.896686,41.847286],[24.896886,41.847468],[24.897006,41.84751],[24.89715,41.847522]]],[[[24.902335,41.845649],[24.902212,41.845656],[24.902095,41.845693],[24.901808,41.845744],[24.901732,41.84578],[24.901723,41.845848],[24.901767,41.845915],[24.901979,41.846062],[24.902058,41.846185],[24.902139,41.846267],[24.90224,41.846326],[24.902329,41.846319],[24.902407,41.846254],[24.902517,41.846211],[24.902526,41.846002],[24.902482,41.845771],[24.902427,41.845693],[24.902335,41.845649]]]]},"properties":{"cadreg":29}},{"type":"Feature","geometry":{"type":"Polygon","coordinates":[[[24.902461,41.84216],[24.90223,41.842095],[24.902171,41.842068],[24.902088,41.842133],[24.902028,41.842207],[24.902063,41.842409],[24.902059,41.842528],[24.901987,41.84295],[24.90201,41.843116],[24.901851,41.843228],[24.901825,41.843328],[24.901836,41.843419],[24.901891,41.843467],[24.901975,41.843462],[24.902088,41.843392],[24.902206,41.843346],[24.902217,41.84332],[24.902163,41.843243],[24.90216,41.843162],[24.902198,41.843099],[24.902255,41.843057],[24.902405,41.843171],[24.902519,41.84334],[24.902598,41.843384],[24.90267,41.843365],[24.902687,41.843293],[24.902645,41.843219],[24.902577,41.843165],[24.902432,41.842934],[24.902393,41.842804],[24.9024,41.842633],[24.90248,41.842399],[24.902461,41.84216]]]},"properties":{"cadreg":30}},{"type":"Feature","geometry":{"type":"MultiPolygon","coordinates":[[[[24.90695,41.846651],[24.906174,41.84709],[24.906003,41.846892],[24.905934,41.846855],[24.905841,41.846907],[24.905692,41.847093],[24.90569,41.84717],[24.905736,41.847248],[24.905738,41.847327],[24.905721,41.847398],[24.905662,41.847458],[24.905848,41.847445],[24.90604,41.847375],[24.906211,41.847333],[24.906466,41.847327],[24.906553,41.847342],[24.906875,41.847095],[24.907058,41.847009],[24.907225,41.846961],[24.907351,41.84695],[24.908107,41.846772],[24.908436,41.846718],[24.908645,41.846661],[24.908942,41.846535],[24.909166,41.846414],[24.909003,41.846422],[24.908848,41.846522],[24.90877,41.846521],[24.908615,41.846464],[24.908479,41.846444],[24.908321,41.84643],[24.90813,41.846433],[24.908054,41.846481],[24.908032,41.846526],[24.907965,41.846566],[24.907588,41.846619],[24.90746,41.846604],[24.907106,41.846617],[24.907009,41.846648],[24.90695,41.846651]]],[[[24.907153,41.847335],[24.907371,41.847323],[24.907495,41.84734],[24.907601,41.847376],[24.907961,41.847629],[24.908124,41.847647],[24.90856,41.8473],[24.908005,41.846958],[24.90804,41.846867],[24.908267,41.84683],[24.908332,41.846835],[24.908392,41.846936],[24.908503,41.846961],[24.90859,41.846943],[24.908598,41.846873],[24.908569,41.846763],[24.908573,41.846711],[24.908628,41.846695],[24.908747,41.846753],[24.908825,41.846774],[24.908876,41.846733],[24.908897,41.846686],[24.908986,41.846646],[24.909158,41.846524],[24.909228,41.846415],[24.909203,41.846414],[24.908955,41.84655],[24.908655,41.846677],[24.908444,41.846735],[24.908113,41.84679],[24.907356,41.846968],[24.907231,41.846978],[24.907069,41.847025],[24.906895,41.847111],[24.906595,41.847349],[24.907091,41.847357],[24.907153,41.847335]]],[[[24.907324,41.847385],[24.906869,41.847368],[24.906605,41.847373],[24.906756,41.847597],[24.906756,41.847661],[24.906636,41.848049],[24.9066,41.848284],[24.906563,41.84836],[24.906684,41.848359],[24.907086,41.848272],[24.907138,41.848207],[24.90714,41.84814],[24.907118,41.848068],[24.907064,41.84799],[24.90706,41.847908],[24.907087,41.847863],[24.90711,41.847901],[24.907198,41.847962],[24.907285,41.847988],[24.907482,41.847971],[24.907652,41.84803],[24.907765,41.848015],[24.907891,41.847855],[24.908182,41.848014],[24.908301,41.848057],[24.908437,41.84805],[24.908661,41.8479],[24.908781,41.847861],[24.909183,41.847613],[24.909482,41.847491],[24.909583,41.847405],[24.909568,41.847382],[24.909516,41.847382],[24.909187,41.847419],[24.908666,41.847568],[24.908236,41.847719],[24.908023,41.847742],[24.907785,41.84764],[24.90767,41.847571],[24.907618,41.847519],[24.907399,41.847398],[24.907324,41.847385]]],[[[24.90637,41.848373],[24.906422,41.848332],[24.90643,41.848263],[24.906497,41.848089],[24.906507,41.848013],[24.906463,41.84798],[24.906336,41.847984],[24.906115,41.848019],[24.905932,41.848133],[24.905779,41.848276],[24.905868,41.848445],[24.905916,41.8485],[24.90595,41.8485],[24.906088,41.848434],[24.90637,41.848373]]],[[[24.909541,41.847277],[24.909699,41.847281],[24.90976,41.847159],[24.909853,41.846922],[24.909834,41.846821],[24.909755,41.846789],[24.909513,41.847056],[24.909414,41.847126],[24.909215,41.847213],[24.909173,41.847267],[24.909171,41.847352],[24.909541,41.847277]]],[[[24.910922,41.847805],[24.910771,41.847819],[24.910507,41.8478],[24.910398,41.847761],[24.910298,41.847779],[24.910368,41.848198],[24.9103,41.848284],[24.910201,41.848341],[24.910094,41.848376],[24.910111,41.848447],[24.910208,41.848495],[24.91031,41.848523],[24.910795,41.848386],[24.910954,41.848304],[24.911064,41.848227],[24.911148,41.848137],[24.911157,41.848044],[24.911132,41.847951],[24.911031,41.847864],[24.910922,41.847805]]]]},"properties":{"cadreg":31}},{"type":"Feature","geometry":{"type":"Polygon","coordinates":[[[24.895307,41.849436],[24.895013,41.849388],[24.894888,41.849348],[24.894785,41.849293],[24.894692,41.849271],[24.894499,41.849274],[24.89446,41.849295],[24.894432,41.84938],[24.894442,41.849423],[24.894307,41.849431],[24.894125,41.84948],[24.893727,41.849684],[24.893464,41.849756],[24.893572,41.849964],[24.893603,41.850247],[24.893708,41.850635],[24.893872,41.850934],[24.893923,41.851085],[24.893937,41.851478],[24.893871,41.851804],[24.893849,41.851678],[24.893729,41.851598],[24.89363,41.851571],[24.893715,41.851656],[24.893803,41.85181],[24.893816,41.852],[24.893798,41.852092],[24.893701,41.852242],[24.893586,41.852483],[24.893518,41.852641],[24.89346,41.85286],[24.893459,41.853389],[24.893409,41.853613],[24.893251,41.85395],[24.893195,41.854131],[24.892983,41.85453],[24.893245,41.854702],[24.893543,41.854998],[24.893705,41.855128],[24.893744,41.855033],[24.893836,41.854975],[24.893876,41.854962],[24.894066,41.85498],[24.89413,41.854969],[24.894179,41.854902],[24.894177,41.854788],[24.894343,41.854755],[24.894715,41.85472],[24.894965,41.854572],[24.8955,41.854476],[24.895662,41.854387],[24.895671,41.854265],[24.895649,41.854101],[24.895461,41.85349],[24.895287,41.853132],[24.894935,41.85297],[24.89489,41.852926],[24.894793,41.852877],[24.894855,41.852497],[24.894997,41.852337],[24.895079,41.852599],[24.895145,41.852746],[24.895382,41.853099],[24.895539,41.853425],[24.896071,41.854114],[24.896159,41.8544],[24.896184,41.854529],[24.896191,41.854728],[24.896225,41.854859],[24.896431,41.855217],[24.896808,41.855546],[24.897144,41.8559],[24.897407,41.856126],[24.898019,41.856529],[24.898494,41.856761],[24.89899,41.857053],[24.898815,41.857147],[24.898763,41.857222],[24.898655,41.857297],[24.898492,41.857634],[24.898482,41.857747],[24.898553,41.85803],[24.898637,41.858183],[24.898731,41.858307],[24.898812,41.858374],[24.89893,41.858362],[24.899083,41.858383],[24.899247,41.858451],[24.899371,41.858562],[24.899484,41.858572],[24.899635,41.858674],[24.899755,41.858685],[24.8999,41.858746],[24.900153,41.858993],[24.900295,41.859084],[24.90054,41.859164],[24.900641,41.859156],[24.900628,41.859235],[24.900853,41.859413],[24.901293,41.859677],[24.901803,41.860024],[24.902242,41.860261],[24.902624,41.860502],[24.902939,41.860679],[24.903708,41.860959],[24.904063,41.861111],[24.904713,41.861279],[24.905081,41.861428],[24.90532,41.861564],[24.90562,41.861782],[24.905835,41.861894],[24.906063,41.861985],[24.90689,41.862189],[24.907097,41.862253],[24.907236,41.862314],[24.907329,41.862324],[24.907875,41.862299],[24.90822,41.862489],[24.90872,41.862785],[24.908942,41.86296],[24.909183,41.863123],[24.909492,41.863393],[24.910489,41.86416],[24.910747,41.864301],[24.911171,41.864479],[24.911406,41.864608],[24.911533,41.864761],[24.911572,41.864843],[24.911613,41.86503],[24.911704,41.865284],[24.911687,41.865457],[24.911616,41.865606],[24.91154,41.865679],[24.911852,41.865919],[24.911945,41.865899],[24.912008,41.865845],[24.912077,41.865777],[24.912228,41.865557],[24.912451,41.865376],[24.912612,41.865206],[24.912759,41.865104],[24.91278,41.865042],[24.912877,41.864974],[24.912926,41.864908],[24.913098,41.864784],[24.91313,41.864728],[24.913318,41.864596],[24.913843,41.864304],[24.914173,41.864202],[24.91433,41.864175],[24.914519,41.864178],[24.914633,41.864236],[24.914724,41.864323],[24.914801,41.864371],[24.914885,41.8644],[24.914983,41.864411],[24.915119,41.864396],[24.915196,41.864313],[24.915241,41.864204],[24.915399,41.863952],[24.91557,41.863569],[24.915614,41.863522],[24.915719,41.863485],[24.915835,41.863473],[24.916001,41.863498],[24.916333,41.863729],[24.916601,41.863888],[24.916685,41.863921],[24.916894,41.863957],[24.916991,41.863946],[24.917084,41.863892],[24.91716,41.86382],[24.917221,41.863559],[24.917179,41.863447],[24.91691,41.863162],[24.916884,41.863108],[24.916886,41.86304],[24.916932,41.862965],[24.917072,41.862915],[24.91763,41.862901],[24.918183,41.862914],[24.918281,41.862907],[24.918381,41.862879],[24.918516,41.862789],[24.918589,41.862574],[24.918597,41.862436],[24.91863,41.862352],[24.918749,41.862256],[24.919129,41.862166],[24.919348,41.86207],[24.919516,41.861969],[24.919723,41.861755],[24.91987,41.861665],[24.920162,41.861643],[24.920205,41.86161],[24.920122,41.861598],[24.920125,41.861577],[24.919798,41.861343],[24.919487,41.861081],[24.919236,41.86081],[24.918921,41.860585],[24.918791,41.860515],[24.918509,41.86042],[24.918368,41.860391],[24.917598,41.860295],[24.917005,41.860246],[24.916674,41.860247],[24.916383,41.86028],[24.915826,41.860422],[24.914938,41.860584],[24.914027,41.860671],[24.913144,41.860685],[24.912751,41.860597],[24.912507,41.860517],[24.912131,41.860337],[24.911721,41.860059],[24.911154,41.859705],[24.911042,41.859617],[24.911035,41.859665],[24.910918,41.859682],[24.910805,41.859608],[24.910519,41.859223],[24.910155,41.858891],[24.910115,41.858786],[24.91014,41.858692],[24.910301,41.858516],[24.910284,41.858438],[24.9101,41.858221],[24.910039,41.857947],[24.910043,41.857795],[24.910107,41.857508],[24.910243,41.857442],[24.910408,41.857434],[24.910238,41.857172],[24.910159,41.857222],[24.910006,41.857228],[24.909866,41.857166],[24.909759,41.857057],[24.909705,41.856893],[24.909739,41.856684],[24.909207,41.856204],[24.909156,41.856125],[24.909098,41.85596],[24.908844,41.855957],[24.908756,41.855885],[24.908713,41.855789],[24.908719,41.855566],[24.908955,41.855562],[24.908992,41.855581],[24.90892,41.855389],[24.908783,41.855136],[24.908707,41.855044],[24.908741,41.855222],[24.90874,41.855323],[24.908679,41.855361],[24.908558,41.85534],[24.908399,41.855341],[24.908287,41.855317],[24.908268,41.855293],[24.9082,41.855309],[24.907979,41.855314],[24.907808,41.855373],[24.907582,41.855573],[24.907329,41.855749],[24.90707,41.855692],[24.906878,41.855612],[24.906755,41.855616],[24.906604,41.855663],[24.906499,41.855646],[24.906612,41.855416],[24.906563,41.85533],[24.906778,41.855335],[24.906856,41.855316],[24.906863,41.855295],[24.906829,41.855131],[24.906761,41.85496],[24.90672,41.85489],[24.906616,41.854814],[24.906548,41.854723],[24.906598,41.854661],[24.90669,41.854635],[24.906777,41.854592],[24.906782,41.854572],[24.9067,41.854521],[24.906591,41.854394],[24.906343,41.853975],[24.906374,41.853859],[24.90648,41.853745],[24.906268,41.853675],[24.906197,41.853615],[24.906159,41.853734],[24.906185,41.853828],[24.906147,41.853911],[24.906138,41.853982],[24.906258,41.854192],[24.906264,41.854287],[24.906232,41.854335],[24.906197,41.854344],[24.90628,41.854392],[24.906302,41.854477],[24.906275,41.854586],[24.906228,41.854687],[24.905892,41.854772],[24.905767,41.85479],[24.905695,41.854755],[24.905667,41.854536],[24.905571,41.854195],[24.905573,41.854026],[24.90564,41.853879],[24.905611,41.853861],[24.905521,41.85385],[24.905436,41.853803],[24.905567,41.853717],[24.905552,41.85366],[24.905465,41.853621],[24.905473,41.853564],[24.905574,41.853492],[24.905646,41.853399],[24.905773,41.853172],[24.905889,41.853159],[24.90595,41.853194],[24.905916,41.853038],[24.905882,41.852653],[24.905906,41.852532],[24.905901,41.852251],[24.905854,41.852105],[24.905722,41.851952],[24.905653,41.85184],[24.905625,41.851584],[24.90558,41.851479],[24.905541,41.851264],[24.905439,41.850975],[24.905035,41.850315],[24.904956,41.850265],[24.904692,41.850196],[24.904415,41.850167],[24.904022,41.850037],[24.903464,41.849905],[24.903206,41.849777],[24.902908,41.849659],[24.902687,41.84959],[24.902455,41.849559],[24.902477,41.849475],[24.902428,41.849392],[24.902331,41.849343],[24.9022,41.849361],[24.90209,41.849418],[24.901968,41.849447],[24.901907,41.849518],[24.901726,41.849515],[24.901716,41.849498],[24.90139,41.849394],[24.901111,41.849277],[24.900897,41.849247],[24.900809,41.849315],[24.900782,41.849501],[24.900718,41.849478],[24.900347,41.84926],[24.900085,41.84921],[24.899881,41.849117],[24.899746,41.849073],[24.899456,41.848856],[24.899292,41.848771],[24.898805,41.848642],[24.898632,41.848639],[24.898367,41.848665],[24.897746,41.84868],[24.897484,41.848897],[24.896988,41.84911],[24.896346,41.849452],[24.896201,41.849413],[24.896084,41.849477],[24.895971,41.849518],[24.895802,41.849545],[24.895576,41.849559],[24.895384,41.849542],[24.895379,41.849497],[24.895307,41.849436]],[[24.901739,41.857948],[24.901656,41.856599],[24.900897,41.856616],[24.900886,41.855504],[24.90212,41.855475],[24.902276,41.854607],[24.902776,41.854696],[24.902814,41.854714],[24.902764,41.854952],[24.902674,41.855218],[24.902635,41.85552],[24.902498,41.856045],[24.902536,41.856436],[24.902662,41.857],[24.902702,41.857925],[24.901739,41.857948]]]},"properties":{"cadreg":32}}]}