{"type":"FeatureCollection","features":[{"type":"Feature","geometry":{"type":"MultiPolygon","coordinates":[[[[24.579978,42.094501],[24.580144,42.094527],[24.580483,42.09337],[24.580318,42.093343],[24.579978,42.094501]]],[[[24.585683,42.101675],[24.583823,42.104005],[24.583701,42.104198],[24.583416,42.10495],[24.583171,42.105708],[24.58297,42.105984],[24.582177,42.106344],[24.582194,42.106445],[24.581773,42.10646],[24.581028,42.106612],[24.579728,42.106623],[24.579017,42.10638],[24.578206,42.106154],[24.578,42.106159],[24.577367,42.106214],[24.577108,42.106145],[24.576362,42.105876],[24.576076,42.105706],[24.575843,42.105446],[24.575472,42.104851],[24.575408,42.104782],[24.575263,42.104714],[24.575047,42.104678],[24.574783,42.104673],[24.574436,42.104691],[24.573752,42.104826],[24.57346,42.104823],[24.573262,42.104699],[24.572752,42.104112],[24.572509,42.103912],[24.572358,42.10387],[24.572107,42.103929],[24.571306,42.104263],[24.570965,42.1043],[24.571055,42.104568],[24.571392,42.104454],[24.57219,42.104121],[24.572335,42.104086],[24.572487,42.104152],[24.572688,42.104346],[24.573121,42.104851],[24.57317,42.104885],[24.573425,42.104996],[24.573531,42.105021],[24.573796,42.105008],[24.574975,42.104849],[24.575148,42.104925],[24.575256,42.105139],[24.575468,42.105438],[24.575509,42.105458],[24.575653,42.105661],[24.576032,42.105979],[24.576564,42.106144],[24.577356,42.106415],[24.577376,42.106474],[24.577567,42.106434],[24.57766,42.106433],[24.578105,42.106478],[24.578254,42.106432],[24.578745,42.106589],[24.57895,42.106679],[24.579398,42.106814],[24.579942,42.106862],[24.581105,42.106773],[24.581802,42.106661],[24.582019,42.106689],[24.582423,42.106622],[24.584018,42.106309],[24.585015,42.105968],[24.586696,42.105462],[24.587037,42.105459],[24.588116,42.105535],[24.588569,42.10548],[24.588693,42.105377],[24.589668,42.105018],[24.589728,42.105009],[24.59112,42.105212],[24.591456,42.105208],[24.59277,42.105123],[24.593254,42.104972],[24.594797,42.104283],[24.595407,42.10435],[24.596607,42.104422],[24.596932,42.104378],[24.597168,42.104233],[24.597705,42.103854],[24.599831,42.103553],[24.601136,42.102949],[24.601198,42.10288],[24.601469,42.10278],[24.601699,42.102738],[24.606509,42.102421],[24.606728,42.102348],[24.607743,42.102186],[24.608343,42.102156],[24.608589,42.102099],[24.609261,42.102379],[24.609539,42.10248],[24.61041,42.102694],[24.608575,42.101913],[24.608163,42.101911],[24.606859,42.102191],[24.606225,42.102282],[24.605078,42.102266],[24.604232,42.102221],[24.604224,42.102302],[24.603453,42.102358],[24.603484,42.102181],[24.601941,42.102098],[24.601211,42.102042],[24.600708,42.101751],[24.600163,42.101194],[24.599965,42.100923],[24.59686,42.097323],[24.593968,42.093717],[24.593694,42.093726],[24.592786,42.093672],[24.591955,42.093663],[24.591366,42.093627],[24.590629,42.093676],[24.589915,42.093842],[24.589321,42.093956],[24.589046,42.09396],[24.588749,42.093918],[24.58843,42.093851],[24.587769,42.096264],[24.587721,42.096643],[24.587707,42.099825],[24.587564,42.100039],[24.586108,42.101258],[24.585683,42.101675]]]]},"properties":{"cadreg":34}},{"type":"Feature","geometry":{"type":"MultiPolygon","coordinates":[[[[24.569311,42.098239],[24.568222,42.10197],[24.568319,42.102134],[24.568357,42.102309],[24.568444,42.103206],[24.568503,42.103274],[24.568771,42.103404],[24.569965,42.10377],[24.570218,42.103888],[24.570961,42.1043],[24.571306,42.104263],[24.572107,42.103929],[24.572358,42.10387],[24.572509,42.103912],[24.572752,42.104112],[24.573262,42.104699],[24.57346,42.104823],[24.573752,42.104826],[24.574436,42.104691],[24.574783,42.104673],[24.575047,42.104678],[24.575263,42.104714],[24.575408,42.104782],[24.575472,42.104851],[24.575843,42.105446],[24.576076,42.105706],[24.576362,42.105876],[24.577108,42.106145],[24.577367,42.106214],[24.578,42.106159],[24.578206,42.106154],[24.579017,42.10638],[24.579728,42.106623],[24.579907,42.106627],[24.580028,42.105946],[24.580369,42.104322],[24.580447,42.104099],[24.580547,42.103392],[24.580641,42.102928],[24.580692,42.101809],[24.580659,42.100546],[24.580738,42.100134],[24.580864,42.099639],[24.580964,42.099324],[24.581406,42.096966],[24.581539,42.09662],[24.58202,42.095809],[24.58222,42.095373],[24.582442,42.094412],[24.582673,42.09358],[24.582916,42.092882],[24.582688,42.092754],[24.580773,42.092138],[24.580322,42.09217],[24.579063,42.092439],[24.578397,42.092514],[24.578084,42.092501],[24.57775,42.092409],[24.576316,42.091814],[24.574533,42.09116],[24.574383,42.091003],[24.574567,42.090858],[24.575508,42.089597],[24.577867,42.087237],[24.577756,42.087118],[24.577575,42.087385],[24.575494,42.089451],[24.575251,42.089582],[24.575061,42.089725],[24.575277,42.089737],[24.574502,42.090637],[24.57394,42.091331],[24.573571,42.091722],[24.572244,42.092362],[24.571974,42.092583],[24.571256,42.093241],[24.570884,42.093741],[24.57012,42.09548],[24.57015,42.095574],[24.56957,42.096846],[24.569199,42.097732],[24.569178,42.097867],[24.569216,42.097988],[24.569231,42.098114],[24.569311,42.098239]],[[24.580483,42.09337],[24.580144,42.094527],[24.579978,42.094501],[24.580318,42.093343],[24.580483,42.09337]]],[[[24.583209,42.093017],[24.583202,42.094374],[24.583349,42.094376],[24.583356,42.093065],[24.583209,42.093017]]]]},"properties":{"cadreg":32}},{"type":"Feature","geometry":{"type":"MultiPolygon","coordinates":[[[[24.648461,42.115741],[24.649104,42.118517],[24.649764,42.121988],[24.650811,42.122369],[24.651824,42.122539],[24.652461,42.122731],[24.653038,42.123],[24.653752,42.123561],[24.654325,42.124194],[24.656696,42.124683],[24.657813,42.125093],[24.657843,42.125145],[24.657866,42.125827],[24.664903,42.125722],[24.664907,42.12559],[24.663119,42.125635],[24.663112,42.125548],[24.662574,42.125649],[24.657901,42.125761],[24.657898,42.125186],[24.657826,42.125048],[24.657574,42.124924],[24.656653,42.124582],[24.655756,42.124435],[24.654361,42.124168],[24.653755,42.123559],[24.653043,42.123],[24.652766,42.122836],[24.652072,42.122586],[24.651349,42.122433],[24.650799,42.122296],[24.649788,42.121947],[24.649439,42.120201],[24.665011,42.12036],[24.664908,42.125534],[24.665074,42.11858],[24.665303,42.118594],[24.665357,42.118487],[24.663094,42.117657],[24.661014,42.116843],[24.659798,42.116393],[24.658667,42.116079],[24.657286,42.11578],[24.656286,42.115666],[24.655109,42.115613],[24.65058,42.115661],[24.648946,42.115652],[24.648457,42.115616],[24.648461,42.115741]]],[[[24.66485,42.125499],[24.663213,42.125511],[24.663215,42.125547],[24.664849,42.125535],[24.66485,42.125499]]]]},"properties":{"cadreg":17}},{"type":"Feature","geometry":{"type":"MultiPolygon","coordinates":[[[[24.598876,42.077638],[24.599046,42.077517],[24.598945,42.077412],[24.598789,42.077362],[24.598812,42.077256],[24.596755,42.077699],[24.596615,42.07775],[24.596447,42.077844],[24.596214,42.078072],[24.596122,42.078238],[24.596413,42.078273],[24.596573,42.078682],[24.596749,42.078851],[24.596983,42.079463],[24.596477,42.08007],[24.59634,42.080324],[24.59622,42.080609],[24.595919,42.081219],[24.595089,42.082131],[24.596124,42.0826],[24.595984,42.082842],[24.596086,42.082874],[24.596353,42.082429],[24.596386,42.08244],[24.596227,42.082706],[24.59641,42.082759],[24.596343,42.082894],[24.596824,42.082876],[24.596841,42.082796],[24.597523,42.082924],[24.597532,42.082958],[24.597439,42.083163],[24.596829,42.082978],[24.596764,42.083185],[24.59738,42.08343],[24.59794,42.083632],[24.598292,42.083709],[24.598364,42.08369],[24.598461,42.083694],[24.598498,42.083734],[24.599277,42.084027],[24.599507,42.084061],[24.600018,42.084209],[24.600321,42.084278],[24.60048,42.084375],[24.600591,42.084491],[24.600774,42.084579],[24.601459,42.084986],[24.601557,42.085062],[24.601654,42.085101],[24.601739,42.085118],[24.602231,42.084924],[24.602665,42.084857],[24.60328,42.084801],[24.603969,42.084794],[24.604635,42.084836],[24.604936,42.084887],[24.606529,42.085294],[24.607099,42.085418],[24.607355,42.08551],[24.607939,42.085609],[24.608067,42.085784],[24.608353,42.08606],[24.608413,42.086324],[24.608367,42.086673],[24.608205,42.087099],[24.608211,42.087138],[24.608395,42.087173],[24.609281,42.087282],[24.60925,42.087386],[24.609362,42.087508],[24.609419,42.087556],[24.609564,42.087593],[24.609591,42.087612],[24.609577,42.08762],[24.609427,42.087571],[24.609263,42.087595],[24.609115,42.087695],[24.607755,42.089073],[24.606945,42.089972],[24.607013,42.09],[24.607248,42.089744],[24.607794,42.089094],[24.609151,42.087719],[24.609295,42.087621],[24.609413,42.087595],[24.610289,42.087882],[24.611415,42.088025],[24.611985,42.088136],[24.61264,42.088233],[24.61328,42.088222],[24.613897,42.088188],[24.61461,42.088208],[24.614827,42.088201],[24.615892,42.08828],[24.616451,42.0884],[24.616792,42.088527],[24.616998,42.088584],[24.617047,42.08861],[24.617096,42.088668],[24.617139,42.088794],[24.617218,42.088813],[24.617169,42.088672],[24.617095,42.088583],[24.617034,42.088543],[24.616912,42.088512],[24.61703,42.088349],[24.617184,42.088176],[24.617232,42.088176],[24.617734,42.087856],[24.617815,42.087684],[24.617821,42.087373],[24.617866,42.087152],[24.617934,42.087009],[24.61793,42.086704],[24.617887,42.086373],[24.61789,42.085882],[24.617852,42.085779],[24.617802,42.085716],[24.617572,42.085701],[24.617042,42.085783],[24.616838,42.085871],[24.616632,42.085823],[24.616376,42.08574],[24.61622,42.085756],[24.615509,42.085885],[24.615481,42.0857],[24.615378,42.085346],[24.61536,42.085071],[24.615383,42.084976],[24.615503,42.084912],[24.615585,42.084803],[24.615595,42.084709],[24.615545,42.084597],[24.615517,42.084399],[24.615415,42.08413],[24.615462,42.084048],[24.615585,42.083534],[24.615618,42.08334],[24.615611,42.08312],[24.615564,42.083061],[24.615442,42.082995],[24.615103,42.082945],[24.615054,42.082909],[24.6148,42.082912],[24.61469,42.082827],[24.614529,42.082667],[24.614515,42.082518],[24.614658,42.08244],[24.614801,42.082322],[24.614895,42.082199],[24.614893,42.08206],[24.614964,42.081969],[24.614972,42.081789],[24.614944,42.0816],[24.614986,42.081253],[24.614959,42.0811],[24.614955,42.080871],[24.615002,42.080816],[24.61502,42.080469],[24.615212,42.080422],[24.615297,42.080421],[24.615417,42.080398],[24.615718,42.080295],[24.615934,42.080257],[24.616139,42.080201],[24.616402,42.080072],[24.616702,42.079961],[24.616956,42.079945],[24.617196,42.079857],[24.61753,42.079651],[24.617604,42.079722],[24.617618,42.07983],[24.617523,42.079903],[24.617489,42.080016],[24.617678,42.08041],[24.61774,42.080499],[24.617791,42.080665],[24.617627,42.080906],[24.617628,42.080964],[24.617676,42.080959],[24.61771,42.080842],[24.617852,42.080669],[24.617827,42.080651],[24.617788,42.08049],[24.617726,42.080396],[24.617537,42.079993],[24.617572,42.07992],[24.617667,42.079843],[24.617652,42.079712],[24.617566,42.079623],[24.617518,42.07961],[24.617171,42.079826],[24.616943,42.079909],[24.61669,42.07993],[24.616533,42.079976],[24.616114,42.080165],[24.615922,42.080221],[24.615693,42.08026],[24.615405,42.080362],[24.615212,42.080386],[24.614971,42.080443],[24.614954,42.080803],[24.614906,42.080858],[24.614911,42.081101],[24.614938,42.081258],[24.614896,42.081601],[24.614924,42.081789],[24.614915,42.081961],[24.614844,42.082056],[24.614847,42.082191],[24.614764,42.0823],[24.614633,42.082414],[24.614466,42.082501],[24.614468,42.082623],[24.614406,42.082506],[24.61416,42.08232],[24.613843,42.082179],[24.6136,42.082109],[24.613025,42.081737],[24.61252,42.081225],[24.612374,42.081181],[24.611567,42.081298],[24.610938,42.081273],[24.610645,42.08115],[24.610305,42.08105],[24.609917,42.080964],[24.609685,42.080872],[24.609346,42.080839],[24.609153,42.080864],[24.608886,42.080794],[24.608668,42.080765],[24.608425,42.080696],[24.608159,42.080671],[24.607976,42.080628],[24.60714,42.080507],[24.606934,42.080464],[24.6068,42.080406],[24.606654,42.080367],[24.606459,42.08027],[24.606289,42.080241],[24.605795,42.080331],[24.605628,42.08041],[24.605233,42.080657],[24.604934,42.080822],[24.60479,42.08086],[24.604584,42.080844],[24.604499,42.080822],[24.604255,42.080672],[24.603767,42.080433],[24.603316,42.080263],[24.603123,42.080247],[24.602831,42.080151],[24.602356,42.079948],[24.601929,42.079728],[24.60177,42.079626],[24.601199,42.079009],[24.60105,42.078882],[24.601076,42.078876],[24.600941,42.078785],[24.600623,42.07886],[24.600413,42.078892],[24.599185,42.077906],[24.598876,42.077638]]],[[[24.608168,42.087096],[24.608331,42.086668],[24.608377,42.086325],[24.608319,42.086071],[24.608021,42.085785],[24.607926,42.085649],[24.607817,42.085641],[24.607819,42.08578],[24.608126,42.086038],[24.60814,42.086137],[24.608178,42.086195],[24.608216,42.086321],[24.608219,42.086487],[24.608165,42.086803],[24.608048,42.087038],[24.607941,42.087138],[24.608185,42.087195],[24.608168,42.087096]]]]},"properties":{"cadreg":143}},{"type":"Feature","geometry":{"type":"Polygon","coordinates":[[[24.575468,42.105438],[24.575256,42.105139],[24.575148,42.104925],[24.574975,42.104849],[24.573796,42.105008],[24.573531,42.105021],[24.573425,42.104996],[24.57317,42.104885],[24.573121,42.104851],[24.572688,42.104346],[24.572487,42.104152],[24.572335,42.104086],[24.57219,42.104121],[24.571392,42.104454],[24.571055,42.104568],[24.570965,42.1043],[24.570667,42.104148],[24.570218,42.103888],[24.569965,42.10377],[24.568771,42.103404],[24.568503,42.103274],[24.568444,42.103206],[24.568357,42.102309],[24.568319,42.102134],[24.568222,42.10197],[24.568092,42.101954],[24.568001,42.101966],[24.567641,42.102109],[24.567282,42.102163],[24.56695,42.102179],[24.566692,42.102224],[24.566546,42.102338],[24.565877,42.103076],[24.565553,42.103323],[24.565369,42.103368],[24.564936,42.103372],[24.564336,42.103492],[24.564148,42.103502],[24.563875,42.103472],[24.563105,42.103177],[24.562622,42.103152],[24.563513,42.100825],[24.564016,42.099623],[24.565064,42.096958],[24.565759,42.09531],[24.567368,42.091298],[24.565049,42.096891],[24.562547,42.103066],[24.562516,42.103145],[24.562507,42.103314],[24.563163,42.103373],[24.563659,42.103559],[24.564006,42.103626],[24.564563,42.10361],[24.565266,42.103496],[24.565548,42.103425],[24.565799,42.103267],[24.566081,42.102993],[24.566529,42.102458],[24.56679,42.10226],[24.567311,42.10224],[24.567584,42.102203],[24.568005,42.102059],[24.568094,42.102076],[24.568187,42.102129],[24.568263,42.10248],[24.568305,42.103205],[24.56842,42.103373],[24.568504,42.103422],[24.56965,42.103771],[24.569869,42.103865],[24.570923,42.104417],[24.570851,42.105473],[24.570772,42.106243],[24.570731,42.106296],[24.570628,42.106355],[24.570383,42.106376],[24.570232,42.106415],[24.570191,42.106479],[24.570236,42.106742],[24.570481,42.107566],[24.570454,42.107629],[24.57038,42.107691],[24.570018,42.107871],[24.568694,42.108505],[24.568236,42.1087],[24.568102,42.108789],[24.568034,42.109104],[24.567898,42.109538],[24.567418,42.110599],[24.567334,42.110803],[24.56721,42.11119],[24.571046,42.111872],[24.576466,42.112978],[24.577838,42.113275],[24.578796,42.113459],[24.579108,42.113627],[24.579171,42.113766],[24.579136,42.113856],[24.578792,42.114202],[24.578053,42.114826],[24.577577,42.115258],[24.577545,42.115475],[24.577582,42.115605],[24.577614,42.115614],[24.577805,42.11549],[24.578183,42.115033],[24.578469,42.114769],[24.579029,42.114203],[24.579442,42.113722],[24.579717,42.113466],[24.580229,42.112798],[24.580605,42.112125],[24.580696,42.111926],[24.580767,42.111854],[24.58091,42.111586],[24.581696,42.110008],[24.581836,42.109669],[24.582268,42.108786],[24.582311,42.108552],[24.582283,42.108403],[24.581892,42.108063],[24.581826,42.107977],[24.581772,42.107844],[24.581727,42.107657],[24.581802,42.106661],[24.581105,42.106773],[24.579942,42.106862],[24.579398,42.106814],[24.57895,42.106679],[24.578745,42.106589],[24.578254,42.106432],[24.578105,42.106478],[24.57766,42.106433],[24.577567,42.106434],[24.577376,42.106474],[24.577356,42.106415],[24.576564,42.106144],[24.576032,42.105979],[24.575653,42.105661],[24.575509,42.105458],[24.575468,42.105438]]]},"properties":{"cadreg":28}},{"type":"Feature","geometry":{"type":"Polygon","coordinates":[[[24.578405,42.065764],[24.578268,42.06607],[24.578079,42.066292],[24.577938,42.066408],[24.577673,42.066533],[24.577254,42.066647],[24.576684,42.066827],[24.575889,42.067235],[24.57539,42.067428],[24.574927,42.067579],[24.574553,42.067677],[24.574262,42.067823],[24.573957,42.06806],[24.5739,42.068132],[24.573886,42.068205],[24.573914,42.068252],[24.574301,42.068643],[24.574786,42.069068],[24.575095,42.069297],[24.57516,42.06938],[24.575185,42.069444],[24.575173,42.06953],[24.575137,42.069592],[24.575058,42.069658],[24.57498,42.069755],[24.574796,42.069899],[24.574424,42.070234],[24.574168,42.070523],[24.574032,42.070714],[24.573386,42.071506],[24.573033,42.071906],[24.574618,42.072841],[24.576196,42.073804],[24.576752,42.074109],[24.577154,42.074265],[24.579435,42.074394],[24.580279,42.074407],[24.581568,42.074619],[24.581603,42.074651],[24.582488,42.074846],[24.584053,42.07513],[24.584917,42.07545],[24.585712,42.07596],[24.585919,42.076048],[24.586247,42.076139],[24.586417,42.076217],[24.58643,42.076196],[24.587462,42.076491],[24.587669,42.076575],[24.589701,42.074266],[24.589153,42.074226],[24.589146,42.074255],[24.588674,42.074066],[24.588456,42.074],[24.58837,42.073925],[24.588193,42.073512],[24.588131,42.07345],[24.587998,42.073424],[24.587913,42.073434],[24.587782,42.073499],[24.587673,42.073513],[24.587577,42.07355],[24.587493,42.073565],[24.587324,42.073557],[24.58762,42.073244],[24.587655,42.073185],[24.587666,42.073122],[24.587629,42.073072],[24.58747,42.072971],[24.587396,42.072886],[24.587309,42.072752],[24.58727,42.07259],[24.587071,42.072335],[24.58627,42.072132],[24.585894,42.072077],[24.585448,42.072136],[24.585207,42.072134],[24.584677,42.072234],[24.584459,42.072218],[24.584276,42.072148],[24.584019,42.071939],[24.583784,42.071676],[24.58371,42.07155],[24.583708,42.071451],[24.583655,42.071218],[24.583689,42.071105],[24.583736,42.071023],[24.583734,42.070911],[24.583684,42.070803],[24.583729,42.070609],[24.583738,42.070452],[24.583803,42.070082],[24.58379,42.069983],[24.58363,42.06984],[24.583495,42.069761],[24.58302,42.069541],[24.58191,42.068976],[24.581408,42.068616],[24.581248,42.068447],[24.580985,42.067968],[24.580845,42.067586],[24.58077,42.06743],[24.580573,42.067211],[24.580473,42.067068],[24.580119,42.066824],[24.579886,42.066642],[24.579763,42.066521],[24.579617,42.066487],[24.579348,42.066345],[24.578995,42.066205],[24.57891,42.066147],[24.578872,42.066062],[24.5787,42.065879],[24.578405,42.065764]]]},"properties":{"cadreg":52}},{"type":"Feature","geometry":{"type":"Polygon","coordinates":[[[24.58399,42.079854],[24.581248,42.080374],[24.581203,42.080312],[24.581149,42.080358],[24.582035,42.081532],[24.582464,42.082165],[24.582636,42.082588],[24.582627,42.082827],[24.58304,42.083393],[24.583654,42.084],[24.584947,42.085187],[24.586073,42.08582],[24.586164,42.085727],[24.586576,42.085424],[24.588157,42.083825],[24.588298,42.083912],[24.588352,42.083975],[24.588469,42.084023],[24.588504,42.084013],[24.589206,42.083107],[24.589276,42.082993],[24.589533,42.082339],[24.588265,42.081376],[24.586355,42.080658],[24.584906,42.080168],[24.58466,42.08008],[24.584582,42.080038],[24.584547,42.080041],[24.58399,42.079854]],[[24.585744,42.084386],[24.586893,42.084995],[24.586729,42.085255],[24.586677,42.085306],[24.585939,42.085076],[24.585913,42.085136],[24.585548,42.085013],[24.585812,42.084553],[24.585669,42.084508],[24.585744,42.084386]],[[24.584249,42.083673],[24.583739,42.08347],[24.583824,42.083381],[24.584265,42.083657],[24.584249,42.083673]]]},"properties":{"cadreg":43}},{"type":"Feature","geometry":{"type":"Polygon","coordinates":[[[24.655783,42.104855],[24.65481,42.109613],[24.654738,42.109606],[24.653513,42.115602],[24.653586,42.115601],[24.654799,42.109667],[24.654871,42.109675],[24.653652,42.115637],[24.655109,42.115613],[24.656286,42.115666],[24.657286,42.11578],[24.658434,42.116028],[24.661898,42.106133],[24.660554,42.10613],[24.660054,42.105942],[24.658316,42.105157],[24.654761,42.104682],[24.653615,42.104101],[24.652767,42.103549],[24.652637,42.103226],[24.652474,42.102216],[24.652277,42.101852],[24.651923,42.101389],[24.651081,42.100415],[24.651034,42.100427],[24.651882,42.101407],[24.652233,42.101868],[24.652427,42.102225],[24.65259,42.103233],[24.652725,42.103569],[24.653585,42.104129],[24.654743,42.104716],[24.655783,42.104855]]]},"properties":{"cadreg":18}},{"type":"Feature","geometry":{"type":"Polygon","coordinates":[[[24.588298,42.083912],[24.588157,42.083825],[24.586576,42.085424],[24.586164,42.085727],[24.586073,42.08582],[24.585041,42.087478],[24.584253,42.089057],[24.583873,42.089873],[24.583756,42.090032],[24.582636,42.089665],[24.580379,42.088885],[24.580166,42.088769],[24.578277,42.086962],[24.578271,42.086999],[24.58014,42.088788],[24.580361,42.088908],[24.582621,42.08969],[24.583739,42.090055],[24.584196,42.090287],[24.584482,42.090359],[24.587479,42.090791],[24.589216,42.091065],[24.58941,42.090776],[24.589891,42.089905],[24.590024,42.089623],[24.590115,42.089205],[24.590361,42.086793],[24.591553,42.086949],[24.592917,42.087019],[24.592914,42.086989],[24.591547,42.08691],[24.589689,42.086684],[24.586973,42.085464],[24.587482,42.084903],[24.587777,42.084691],[24.588414,42.084144],[24.588438,42.084109],[24.588374,42.08408],[24.588445,42.084013],[24.588352,42.083975],[24.588298,42.083912]],[[24.590306,42.086857],[24.590193,42.087978],[24.589699,42.087848],[24.590196,42.086847],[24.590306,42.086857]]]},"properties":{"cadreg":45}},{"type":"Feature","geometry":{"type":"Polygon","coordinates":[[[24.588999,42.105761],[24.589596,42.106617],[24.590331,42.10775],[24.590588,42.10828],[24.590723,42.108672],[24.591018,42.109411],[24.59125,42.10992],[24.593125,42.113295],[24.596682,42.112601],[24.598971,42.11217],[24.599371,42.112119],[24.603018,42.112128],[24.605872,42.111945],[24.60654,42.111996],[24.608348,42.112095],[24.608329,42.1072],[24.608348,42.102191],[24.60775,42.102222],[24.606743,42.102382],[24.606522,42.102456],[24.601707,42.102774],[24.601487,42.102814],[24.601279,42.102895],[24.601267,42.102859],[24.601198,42.10288],[24.601136,42.102949],[24.599831,42.103553],[24.597705,42.103854],[24.597168,42.104233],[24.596932,42.104378],[24.596607,42.104422],[24.595407,42.10435],[24.594797,42.104283],[24.593254,42.104972],[24.59277,42.105123],[24.591456,42.105208],[24.59112,42.105212],[24.589728,42.105009],[24.589668,42.105018],[24.588747,42.105356],[24.588999,42.105761]]]},"properties":{"cadreg":30}},{"type":"Feature","geometry":{"type":"MultiPolygon","coordinates":[[[[24.594228,42.093693],[24.595038,42.094744],[24.596891,42.097061],[24.597637,42.097969],[24.597984,42.098341],[24.600602,42.101425],[24.600836,42.10166],[24.60115,42.101849],[24.601582,42.101921],[24.60352,42.102023],[24.60515,42.10209],[24.60553,42.102127],[24.605877,42.10212],[24.606675,42.102065],[24.608516,42.101685],[24.60882,42.101758],[24.609879,42.102238],[24.609993,42.102247],[24.608839,42.101725],[24.608545,42.101654],[24.608405,42.101527],[24.608275,42.101211],[24.608137,42.100564],[24.607904,42.099741],[24.607694,42.099133],[24.607542,42.098801],[24.60688,42.097621],[24.606804,42.097424],[24.606629,42.096574],[24.606604,42.096235],[24.606726,42.095793],[24.606896,42.095529],[24.606907,42.095186],[24.606953,42.094976],[24.60702,42.094911],[24.608183,42.094568],[24.608356,42.094576],[24.60861,42.09448],[24.608838,42.094333],[24.609403,42.094112],[24.60957,42.09408],[24.609785,42.094082],[24.609676,42.093887],[24.609599,42.093797],[24.609614,42.093706],[24.609538,42.093581],[24.609201,42.09322],[24.608425,42.092718],[24.606064,42.091246],[24.605394,42.090894],[24.604643,42.090668],[24.60315,42.090439],[24.603042,42.09047],[24.602897,42.090567],[24.601039,42.092329],[24.600785,42.092517],[24.600689,42.092558],[24.6004,42.092641],[24.599299,42.092775],[24.599072,42.092814],[24.598822,42.092908],[24.597911,42.093326],[24.597124,42.093552],[24.596523,42.093626],[24.595648,42.093678],[24.594956,42.093713],[24.594228,42.093693]]],[[[24.604224,42.102302],[24.604232,42.102221],[24.603484,42.102181],[24.603453,42.102358],[24.604224,42.102302]]]]},"properties":{"cadreg":35}},{"type":"Feature","geometry":{"type":"Polygon","coordinates":[[[24.590525,42.086822],[24.590361,42.086793],[24.590115,42.089205],[24.590024,42.089623],[24.589891,42.089905],[24.58941,42.090776],[24.589216,42.091065],[24.589135,42.091159],[24.588806,42.091736],[24.58867,42.092088],[24.588257,42.093583],[24.587217,42.093244],[24.586953,42.09318],[24.586663,42.093146],[24.584191,42.093085],[24.582934,42.092708],[24.580965,42.092039],[24.580637,42.091984],[24.580243,42.092045],[24.579034,42.092284],[24.578504,42.092355],[24.578158,42.092364],[24.577643,42.092212],[24.574647,42.090939],[24.574567,42.090858],[24.574383,42.091003],[24.574533,42.09116],[24.576316,42.091814],[24.57775,42.092409],[24.578084,42.092501],[24.578397,42.092514],[24.579063,42.092439],[24.580322,42.09217],[24.580773,42.092138],[24.582688,42.092754],[24.582916,42.092882],[24.584156,42.093274],[24.584497,42.093285],[24.584671,42.093328],[24.584845,42.093321],[24.585005,42.093284],[24.586052,42.093282],[24.586568,42.093296],[24.587245,42.093404],[24.588197,42.093733],[24.58843,42.093851],[24.588749,42.093918],[24.589046,42.09396],[24.589321,42.093956],[24.589915,42.093842],[24.590629,42.093676],[24.591366,42.093627],[24.591955,42.093663],[24.592786,42.093672],[24.593694,42.093726],[24.594228,42.093693],[24.594956,42.093713],[24.596523,42.093626],[24.597124,42.093552],[24.597911,42.093326],[24.598822,42.092908],[24.599072,42.092814],[24.599299,42.092775],[24.6004,42.092641],[24.600689,42.092558],[24.600785,42.092517],[24.601039,42.092329],[24.602897,42.090567],[24.603042,42.09047],[24.60315,42.090439],[24.604643,42.090668],[24.605394,42.090894],[24.606064,42.091246],[24.609034,42.093105],[24.609201,42.09322],[24.609391,42.093413],[24.609538,42.093581],[24.609614,42.093706],[24.609599,42.093797],[24.609751,42.094003],[24.609801,42.09412],[24.609824,42.094229],[24.60982,42.094318],[24.609794,42.09437],[24.609757,42.0944],[24.608773,42.094868],[24.608188,42.095284],[24.60796,42.095552],[24.607924,42.095687],[24.608014,42.095927],[24.608131,42.096042],[24.608323,42.096166],[24.609637,42.096641],[24.610304,42.097016],[24.611082,42.097633],[24.611327,42.097944],[24.611278,42.098485],[24.61112,42.099145],[24.611613,42.099438],[24.612115,42.099681],[24.612513,42.099815],[24.613226,42.099896],[24.613819,42.099906],[24.614336,42.099755],[24.615313,42.099369],[24.615774,42.099121],[24.616198,42.098944],[24.61656,42.098923],[24.61797,42.099152],[24.618137,42.099211],[24.618409,42.099487],[24.618733,42.09955],[24.619069,42.099424],[24.619286,42.099116],[24.619257,42.098677],[24.619163,42.098405],[24.618886,42.097965],[24.618668,42.097764],[24.617794,42.097146],[24.617534,42.096832],[24.617517,42.096303],[24.617567,42.095848],[24.617726,42.095713],[24.617903,42.095623],[24.61802,42.095601],[24.618348,42.095587],[24.618683,42.095451],[24.61919,42.095182],[24.619734,42.094844],[24.619985,42.094739],[24.620544,42.094696],[24.620824,42.094699],[24.621397,42.09481],[24.621921,42.094836],[24.622387,42.09474],[24.622981,42.094705],[24.622394,42.094632],[24.622093,42.094617],[24.621923,42.094582],[24.621293,42.094499],[24.620579,42.094457],[24.620132,42.094462],[24.619758,42.094529],[24.619615,42.094611],[24.619472,42.094739],[24.619221,42.094917],[24.618802,42.095133],[24.618346,42.095295],[24.617973,42.095362],[24.617577,42.095533],[24.617334,42.09587],[24.617294,42.095889],[24.617192,42.096162],[24.617266,42.096877],[24.617481,42.097156],[24.617808,42.097427],[24.618608,42.098021],[24.618956,42.098453],[24.619036,42.098661],[24.619059,42.099115],[24.619023,42.099236],[24.618701,42.099376],[24.618539,42.099345],[24.61828,42.099083],[24.618043,42.098998],[24.616895,42.098793],[24.616543,42.098752],[24.616129,42.098776],[24.61565,42.098977],[24.61519,42.099225],[24.614634,42.099453],[24.614243,42.099599],[24.613778,42.099734],[24.613245,42.099725],[24.612579,42.09965],[24.612225,42.099531],[24.611748,42.099299],[24.61137,42.099075],[24.611506,42.098506],[24.611561,42.097903],[24.611267,42.09753],[24.610458,42.096889],[24.609757,42.096495],[24.60845,42.096022],[24.6083,42.095925],[24.608224,42.09585],[24.60816,42.09568],[24.608176,42.095618],[24.608331,42.095432],[24.608942,42.094984],[24.60913,42.094881],[24.61004,42.094457],[24.610087,42.094355],[24.610024,42.094019],[24.609895,42.093792],[24.610327,42.093783],[24.611089,42.09365],[24.611322,42.093568],[24.612613,42.092808],[24.612055,42.092535],[24.61116,42.092143],[24.607403,42.090415],[24.606904,42.090233],[24.606151,42.089872],[24.602624,42.088471],[24.599445,42.087278],[24.598541,42.086897],[24.597115,42.086412],[24.597066,42.086522],[24.595053,42.087314],[24.593841,42.087021],[24.592914,42.086989],[24.592917,42.087019],[24.591553,42.086949],[24.590525,42.086822]]]},"properties":{"cadreg":44}},{"type":"Feature","geometry":{"type":"Polygon","coordinates":[[[24.57974,42.063136],[24.579438,42.063273],[24.579407,42.063337],[24.579488,42.063502],[24.579479,42.063519],[24.579142,42.063764],[24.578875,42.064025],[24.578716,42.064262],[24.578554,42.064548],[24.578436,42.065158],[24.578376,42.065285],[24.578413,42.065597],[24.578405,42.065764],[24.5787,42.065879],[24.578872,42.066062],[24.57891,42.066147],[24.578995,42.066205],[24.579348,42.066345],[24.579617,42.066487],[24.579763,42.066521],[24.579886,42.066642],[24.580119,42.066824],[24.580473,42.067068],[24.580573,42.067211],[24.58077,42.06743],[24.580845,42.067586],[24.580985,42.067968],[24.581248,42.068447],[24.581408,42.068616],[24.58191,42.068976],[24.58302,42.069541],[24.583495,42.069761],[24.58363,42.06984],[24.58379,42.069983],[24.583803,42.070082],[24.583738,42.070452],[24.583729,42.070609],[24.583684,42.070803],[24.583734,42.070911],[24.583736,42.071023],[24.583689,42.071105],[24.583655,42.071218],[24.583708,42.071451],[24.58371,42.07155],[24.583784,42.071676],[24.584019,42.071939],[24.584276,42.072148],[24.584459,42.072218],[24.584677,42.072234],[24.585207,42.072134],[24.585448,42.072136],[24.585894,42.072077],[24.58627,42.072132],[24.587071,42.072335],[24.58727,42.07259],[24.587309,42.072752],[24.587396,42.072886],[24.58747,42.072971],[24.587629,42.073072],[24.587666,42.073122],[24.587655,42.073185],[24.58762,42.073244],[24.587324,42.073557],[24.587493,42.073565],[24.587577,42.07355],[24.587673,42.073513],[24.587782,42.073499],[24.587913,42.073434],[24.587998,42.073424],[24.588131,42.07345],[24.588193,42.073512],[24.58837,42.073925],[24.588456,42.074],[24.588674,42.074066],[24.589146,42.074255],[24.589153,42.074226],[24.589915,42.074286],[24.590016,42.0738],[24.590289,42.073495],[24.590492,42.073401],[24.590624,42.073585],[24.590788,42.073395],[24.590912,42.073334],[24.590986,42.073376],[24.590987,42.073447],[24.591031,42.073393],[24.591677,42.0737],[24.59214,42.073953],[24.592274,42.073996],[24.59225,42.074018],[24.59253,42.074099],[24.592501,42.074155],[24.593085,42.074289],[24.593337,42.074296],[24.593757,42.074201],[24.594899,42.073978],[24.595336,42.073793],[24.595203,42.073694],[24.59495,42.073451],[24.595081,42.073316],[24.595084,42.073235],[24.595237,42.073253],[24.59505,42.073113],[24.595036,42.073032],[24.595043,42.072776],[24.594978,42.07252],[24.594865,42.072287],[24.594864,42.072201],[24.594801,42.072058],[24.594017,42.071494],[24.593796,42.071308],[24.592995,42.070487],[24.592945,42.070398],[24.592731,42.069959],[24.592689,42.069622],[24.59271,42.06945],[24.592803,42.069238],[24.593086,42.068888],[24.593253,42.068743],[24.593672,42.068554],[24.593911,42.068394],[24.594125,42.068202],[24.594197,42.068188],[24.59446,42.068023],[24.594779,42.067651],[24.594838,42.067551],[24.595042,42.067491],[24.595331,42.067452],[24.596224,42.067357],[24.597901,42.067227],[24.599155,42.067093],[24.599287,42.067001],[24.599405,42.066892],[24.599377,42.066676],[24.598953,42.065956],[24.598742,42.065638],[24.598271,42.064999],[24.598219,42.064806],[24.598174,42.064352],[24.598135,42.064199],[24.598059,42.064025],[24.597799,42.063699],[24.597541,42.063431],[24.597161,42.063156],[24.596929,42.06301],[24.596733,42.062913],[24.596357,42.062786],[24.596224,42.062783],[24.596054,42.06274],[24.595468,42.062462],[24.595189,42.062361],[24.594704,42.062267],[24.594389,42.062226],[24.594073,42.062157],[24.592585,42.06206],[24.592187,42.062064],[24.592018,42.062079],[24.591549,42.062187],[24.590896,42.062171],[24.590543,42.062053],[24.590371,42.06188],[24.590307,42.061718],[24.590292,42.060863],[24.590387,42.060124],[24.590394,42.059845],[24.590294,42.059044],[24.590245,42.059009],[24.590065,42.058421],[24.589892,42.058175],[24.589633,42.057912],[24.589486,42.057796],[24.589424,42.057712],[24.589408,42.057527],[24.589694,42.057295],[24.589825,42.057158],[24.590111,42.056953],[24.590539,42.056593],[24.590647,42.056538],[24.590873,42.056337],[24.590907,42.056215],[24.591097,42.056069],[24.591178,42.055875],[24.591509,42.055462],[24.591758,42.055225],[24.59208,42.054988],[24.592414,42.054782],[24.592798,42.054625],[24.593133,42.054423],[24.593648,42.054215],[24.593961,42.054126],[24.594176,42.054025],[24.594738,42.053673],[24.594795,42.053492],[24.595171,42.052912],[24.595168,42.052786],[24.595329,42.052325],[24.595353,42.05169],[24.595298,42.051313],[24.595246,42.051124],[24.595157,42.0509],[24.595058,42.050766],[24.594985,42.050704],[24.594471,42.050362],[24.594264,42.050252],[24.593984,42.050138],[24.593764,42.050027],[24.593569,42.049912],[24.593409,42.049783],[24.59308,42.049598],[24.592958,42.049545],[24.592835,42.049456],[24.592725,42.049349],[24.592649,42.049197],[24.592502,42.049045],[24.592378,42.048867],[24.592157,42.048707],[24.591587,42.048578],[24.591235,42.048469],[24.590686,42.048177],[24.590344,42.047969],[24.589904,42.047735],[24.589733,42.047624],[24.589487,42.047379],[24.589501,42.04746],[24.589576,42.047617],[24.58965,42.047683],[24.589821,42.047803],[24.590272,42.048042],[24.590602,42.048245],[24.591176,42.048546],[24.591552,42.048663],[24.592086,42.048784],[24.59227,42.048922],[24.592541,42.049238],[24.592605,42.049395],[24.592887,42.049618],[24.593021,42.04967],[24.593167,42.049768],[24.593326,42.049847],[24.593485,42.049976],[24.593693,42.0501],[24.593925,42.050215],[24.594192,42.050325],[24.594388,42.050431],[24.59484,42.050737],[24.594938,42.050785],[24.595049,42.050932],[24.595177,42.051327],[24.595212,42.051894],[24.595184,42.052309],[24.595023,42.052774],[24.595025,42.052887],[24.594661,42.053458],[24.594616,42.053611],[24.594436,42.053707],[24.594365,42.05378],[24.594138,42.053918],[24.593958,42.053996],[24.593934,42.05396],[24.593885,42.053938],[24.593534,42.053933],[24.593187,42.054116],[24.592937,42.054281],[24.592829,42.054332],[24.59272,42.054333],[24.59261,42.054239],[24.592572,42.054181],[24.592475,42.054128],[24.592593,42.054005],[24.592677,42.053964],[24.592688,42.053901],[24.592614,42.053816],[24.59219,42.053735],[24.592153,42.053686],[24.59221,42.053505],[24.59223,42.053298],[24.592217,42.053231],[24.592107,42.053173],[24.592057,42.053079],[24.591888,42.05309],[24.591718,42.053074],[24.59145,42.052955],[24.591124,42.052936],[24.59104,42.052982],[24.591022,42.053315],[24.590989,42.053473],[24.590942,42.053559],[24.590822,42.05361],[24.590702,42.053633],[24.590641,42.053629],[24.590252,42.053462],[24.590008,42.053339],[24.589911,42.053322],[24.589778,42.05335],[24.589743,42.053418],[24.589745,42.053476],[24.589697,42.053531],[24.589727,42.053819],[24.589803,42.054025],[24.589538,42.054055],[24.589453,42.054038],[24.58944,42.054006],[24.589308,42.053928],[24.589422,42.054084],[24.589512,42.054248],[24.589527,42.054312],[24.58968,42.054512],[24.589862,42.054649],[24.589914,42.054716],[24.589995,42.054769],[24.590191,42.054846],[24.590558,42.054962],[24.5906,42.054988],[24.590692,42.055101],[24.590712,42.055233],[24.590708,42.055407],[24.590674,42.055585],[24.590693,42.055787],[24.590668,42.056112],[24.590619,42.056248],[24.59056,42.05628],[24.590242,42.056539],[24.5898,42.056935],[24.589726,42.057036],[24.589037,42.057033],[24.588393,42.05707],[24.588092,42.057169],[24.588053,42.057194],[24.588013,42.057292],[24.58746,42.057353],[24.586947,42.057439],[24.58635,42.05757],[24.586184,42.057593],[24.585786,42.057725],[24.585418,42.057808],[24.585226,42.057872],[24.585125,42.057929],[24.584839,42.058031],[24.584676,42.058137],[24.584574,42.058254],[24.584067,42.058712],[24.584047,42.058763],[24.583923,42.058935],[24.583751,42.059122],[24.583548,42.059493],[24.583306,42.059811],[24.58295,42.060056],[24.582791,42.060122],[24.582563,42.060265],[24.582409,42.060443],[24.582241,42.060596],[24.581704,42.061434],[24.581535,42.061614],[24.581489,42.061651],[24.581357,42.061708],[24.580903,42.061774],[24.580751,42.061774],[24.580521,42.0618],[24.580438,42.061821],[24.580358,42.061845],[24.580227,42.061917],[24.580159,42.061977],[24.580004,42.062198],[24.579867,42.062473],[24.57986,42.062718],[24.579903,42.06285],[24.579888,42.062991],[24.579834,42.063024],[24.57974,42.063136]]]},"properties":{"cadreg":60}},{"type":"Feature","geometry":{"type":"Polygon","coordinates":[[[24.607628,42.11782],[24.607389,42.120442],[24.613862,42.12057],[24.614619,42.120541],[24.615991,42.120303],[24.616227,42.120304],[24.618999,42.120523],[24.620099,42.120565],[24.622684,42.120519],[24.625956,42.12041],[24.628649,42.120345],[24.629222,42.120354],[24.629736,42.120385],[24.631338,42.120891],[24.632028,42.121057],[24.632264,42.121151],[24.632504,42.121335],[24.633218,42.121972],[24.633274,42.121169],[24.633269,42.120241],[24.633508,42.118578],[24.633971,42.116694],[24.632799,42.112924],[24.632635,42.112658],[24.632643,42.112554],[24.632811,42.11211],[24.632776,42.112101],[24.632578,42.112578],[24.632725,42.112907],[24.633244,42.114659],[24.633297,42.114926],[24.633383,42.115026],[24.633826,42.11642],[24.633861,42.116722],[24.633826,42.116996],[24.633589,42.118097],[24.633495,42.11829],[24.632844,42.118199],[24.632141,42.118062],[24.625802,42.117197],[24.625644,42.11712],[24.621358,42.116525],[24.617579,42.116043],[24.61277,42.115342],[24.611975,42.115267],[24.611351,42.11528],[24.608901,42.115555],[24.608581,42.115632],[24.601294,42.116616],[24.598509,42.116973],[24.594458,42.117427],[24.594472,42.117533],[24.596863,42.117314],[24.598391,42.117121],[24.601325,42.116797],[24.603153,42.116513],[24.603245,42.116513],[24.60505,42.116255],[24.60789,42.115883],[24.607746,42.116795],[24.607628,42.11782]]]},"properties":{"cadreg":14}},{"type":"Feature","geometry":{"type":"Polygon","coordinates":[[[24.589399,42.016561],[24.589541,42.016567],[24.589673,42.016512],[24.589808,42.016367],[24.589833,42.016323],[24.589847,42.015819],[24.589994,42.015773],[24.590142,42.015806],[24.590364,42.01576],[24.590579,42.01569],[24.591189,42.015662],[24.591711,42.015548],[24.591961,42.015405],[24.592124,42.015344],[24.592354,42.015127],[24.592622,42.015172],[24.592887,42.015189],[24.593073,42.015183],[24.593583,42.015255],[24.593795,42.015441],[24.594269,42.015521],[24.594816,42.015595],[24.594991,42.015526],[24.595058,42.01555],[24.59559,42.015646],[24.596338,42.015922],[24.596507,42.016054],[24.596651,42.016142],[24.596715,42.016306],[24.596686,42.016497],[24.59667,42.016859],[24.596757,42.01699],[24.596969,42.017131],[24.597075,42.017174],[24.597367,42.017373],[24.597947,42.017871],[24.598163,42.018151],[24.598398,42.018385],[24.598567,42.018588],[24.598645,42.018702],[24.598617,42.018711],[24.59858,42.018683],[24.598554,42.018695],[24.598618,42.018775],[24.598685,42.018925],[24.598751,42.018999],[24.598872,42.019212],[24.598439,42.019472],[24.598401,42.019614],[24.598137,42.019485],[24.597789,42.019196],[24.597184,42.018815],[24.596995,42.018542],[24.597186,42.018211],[24.597269,42.018137],[24.597253,42.018042],[24.59707,42.017945],[24.596729,42.017676],[24.596054,42.01735],[24.595693,42.016943],[24.595454,42.016546],[24.594353,42.016189],[24.594061,42.016293],[24.593793,42.01624],[24.593939,42.015972],[24.593571,42.015919],[24.59334,42.015984],[24.592991,42.015827],[24.592363,42.015962],[24.592021,42.015849],[24.591657,42.016658],[24.591203,42.017028],[24.59098,42.016916],[24.590661,42.016913],[24.590253,42.01684],[24.590047,42.016724],[24.590675,42.01746],[24.591151,42.017953],[24.591188,42.018021],[24.591434,42.017735],[24.591524,42.017769],[24.591491,42.018036],[24.591343,42.018179],[24.591954,42.018393],[24.592343,42.018493],[24.592368,42.018403],[24.592174,42.018067],[24.592292,42.018061],[24.592442,42.018117],[24.59255,42.018252],[24.592782,42.018377],[24.592781,42.018528],[24.592549,42.018511],[24.592495,42.018569],[24.592747,42.018717],[24.593047,42.018704],[24.592987,42.018591],[24.593045,42.018305],[24.593563,42.018488],[24.593634,42.018777],[24.593593,42.018948],[24.59376,42.019092],[24.59425,42.019267],[24.594015,42.019403],[24.593929,42.019534],[24.593903,42.019566],[24.593885,42.019564],[24.593134,42.019084],[24.59303,42.019169],[24.592813,42.019056],[24.592854,42.01889],[24.592649,42.018735],[24.592535,42.018896],[24.592005,42.019081],[24.592104,42.019264],[24.592231,42.019321],[24.592242,42.019302],[24.59241,42.019267],[24.592512,42.019186],[24.592798,42.019334],[24.592893,42.019447],[24.592717,42.019606],[24.592412,42.019774],[24.592158,42.01966],[24.591764,42.019515],[24.59158,42.019599],[24.591437,42.019734],[24.591249,42.01987],[24.591254,42.020042],[24.590982,42.020104],[24.590968,42.019991],[24.590781,42.020017],[24.590616,42.020015],[24.590464,42.02006],[24.590104,42.020238],[24.590093,42.020395],[24.589941,42.02061],[24.58968,42.020641],[24.589641,42.020491],[24.589547,42.020541],[24.589497,42.020512],[24.590157,42.020151],[24.590436,42.020019],[24.590605,42.01997],[24.590775,42.019972],[24.59095,42.019948],[24.591092,42.019905],[24.591171,42.019863],[24.59113,42.019834],[24.591107,42.019766],[24.591136,42.019704],[24.591006,42.019676],[24.590781,42.019657],[24.590628,42.019728],[24.590564,42.019797],[24.590407,42.019804],[24.590398,42.019691],[24.590605,42.019686],[24.590659,42.019656],[24.590449,42.019641],[24.590087,42.019681],[24.589985,42.019679],[24.589776,42.019666],[24.589507,42.0196],[24.589001,42.019596],[24.588949,42.019829],[24.58889,42.01989],[24.588803,42.019801],[24.58876,42.019709],[24.588884,42.019571],[24.588763,42.019499],[24.58852,42.019465],[24.588275,42.019586],[24.588144,42.019565],[24.588161,42.019497],[24.588233,42.019362],[24.588775,42.018446],[24.588948,42.01803],[24.588964,42.017933],[24.589045,42.017722],[24.589137,42.017647],[24.589483,42.017511],[24.589673,42.017477],[24.589896,42.017477],[24.590021,42.017491],[24.590209,42.017552],[24.590435,42.017662],[24.590842,42.017797],[24.590846,42.017771],[24.59058,42.017501],[24.590135,42.01697],[24.589705,42.017179],[24.589341,42.017029],[24.589252,42.017097],[24.588951,42.017263],[24.588826,42.017299],[24.588842,42.017454],[24.588782,42.01751],[24.588577,42.017607],[24.58852,42.017658],[24.588356,42.017721],[24.588305,42.017794],[24.588231,42.017982],[24.587906,42.018259],[24.587822,42.018219],[24.587482,42.018287],[24.587187,42.018264],[24.586963,42.01812],[24.586662,42.018102],[24.586276,42.018174],[24.5856,42.018085],[24.585375,42.018016],[24.585153,42.017927],[24.584649,42.017945],[24.584327,42.017853],[24.584128,42.017853],[24.584141,42.017646],[24.583789,42.017387],[24.583751,42.017264],[24.583634,42.017255],[24.583563,42.017283],[24.582774,42.017359],[24.582411,42.01733],[24.58241,42.017709],[24.582351,42.017917],[24.582243,42.018036],[24.582149,42.018191],[24.582103,42.018316],[24.582102,42.0184],[24.582132,42.018457],[24.582143,42.018541],[24.582125,42.018587],[24.581923,42.018786],[24.581547,42.019008],[24.58151,42.019093],[24.581536,42.020163],[24.581735,42.020424],[24.581754,42.02055],[24.581533,42.020762],[24.581514,42.020905],[24.581532,42.021091],[24.581612,42.021186],[24.581783,42.021322],[24.582118,42.021545],[24.582284,42.021795],[24.582462,42.021989],[24.582534,42.022085],[24.582639,42.022286],[24.582695,42.022464],[24.582868,42.022692],[24.58307,42.022678],[24.583255,42.022702],[24.583387,42.022735],[24.583553,42.022788],[24.583671,42.022851],[24.583757,42.022912],[24.583801,42.022968],[24.583813,42.023028],[24.583719,42.023312],[24.583731,42.02347],[24.583713,42.023591],[24.583441,42.024074],[24.583115,42.024433],[24.583078,42.024521],[24.583091,42.025635],[24.583199,42.026137],[24.583213,42.026495],[24.583264,42.026863],[24.583229,42.027513],[24.58315,42.028003],[24.583137,42.028319],[24.583157,42.02869],[24.583183,42.028767],[24.583332,42.029022],[24.583367,42.029231],[24.583272,42.029631],[24.583164,42.029823],[24.582584,42.030382],[24.582373,42.030619],[24.582017,42.031178],[24.581934,42.031583],[24.581813,42.032785],[24.581731,42.032955],[24.581685,42.033157],[24.581673,42.03342],[24.581623,42.033806],[24.581494,42.034603],[24.58148,42.03504],[24.58138,42.035952],[24.581315,42.036274],[24.581078,42.036868],[24.581017,42.037959],[24.58095,42.038493],[24.580951,42.039307],[24.58082,42.039532],[24.580488,42.040519],[24.580317,42.04138],[24.580196,42.041521],[24.580202,42.041594],[24.580152,42.041675],[24.580087,42.041908],[24.580082,42.042206],[24.580526,42.044308],[24.581426,42.048333],[24.582758,42.049205],[24.584741,42.05055],[24.586209,42.051657],[24.58624,42.051712],[24.586379,42.051816],[24.586544,42.051976],[24.586846,42.052205],[24.586978,42.052282],[24.587186,42.052365],[24.587599,42.05258],[24.588143,42.052938],[24.588324,42.053027],[24.588618,42.05323],[24.588816,42.053444],[24.588867,42.053473],[24.588986,42.053628],[24.589196,42.053799],[24.589308,42.053928],[24.58944,42.054006],[24.589453,42.054038],[24.589538,42.054055],[24.589803,42.054025],[24.589727,42.053819],[24.589697,42.053531],[24.589745,42.053476],[24.589743,42.053418],[24.589778,42.05335],[24.589911,42.053322],[24.590008,42.053339],[24.590252,42.053462],[24.590641,42.053629],[24.590702,42.053633],[24.590822,42.05361],[24.590942,42.053559],[24.590989,42.053473],[24.591043,42.053135],[24.59104,42.052982],[24.591124,42.052936],[24.59145,42.052955],[24.591718,42.053074],[24.591888,42.05309],[24.592057,42.053079],[24.592107,42.053173],[24.592217,42.053231],[24.59223,42.053298],[24.59221,42.053505],[24.592153,42.053686],[24.59219,42.053735],[24.592614,42.053816],[24.592688,42.053901],[24.592677,42.053964],[24.592593,42.054005],[24.592475,42.054128],[24.592572,42.054181],[24.59261,42.054239],[24.59272,42.054333],[24.592829,42.054332],[24.593008,42.05424],[24.593187,42.054116],[24.593534,42.053933],[24.593885,42.053938],[24.593934,42.05396],[24.593958,42.053996],[24.594138,42.053918],[24.594365,42.05378],[24.594436,42.053707],[24.594616,42.053611],[24.594661,42.053458],[24.595025,42.052887],[24.595023,42.052774],[24.595184,42.052309],[24.595212,42.051894],[24.595177,42.051327],[24.595049,42.050932],[24.594938,42.050785],[24.59484,42.050737],[24.594388,42.050431],[24.594192,42.050325],[24.593925,42.050215],[24.593693,42.0501],[24.593485,42.049976],[24.593326,42.049847],[24.593167,42.049768],[24.593021,42.04967],[24.592887,42.049618],[24.592605,42.049395],[24.592541,42.049238],[24.59227,42.048922],[24.592086,42.048784],[24.591552,42.048663],[24.591176,42.048546],[24.590602,42.048245],[24.590272,42.048042],[24.589821,42.047803],[24.589576,42.047617],[24.589501,42.04746],[24.589487,42.047379],[24.589598,42.047484],[24.589603,42.047348],[24.589647,42.047203],[24.589737,42.047134],[24.59,42.046775],[24.590302,42.046441],[24.59054,42.046235],[24.590651,42.04616],[24.590769,42.04615],[24.591094,42.046062],[24.591527,42.045985],[24.592358,42.045868],[24.592719,42.045757],[24.592849,42.045634],[24.593563,42.04505],[24.593777,42.044841],[24.593932,42.044745],[24.594207,42.044607],[24.594733,42.044295],[24.594957,42.044285],[24.595295,42.044389],[24.595836,42.044418],[24.59644,42.044537],[24.596922,42.044612],[24.597282,42.044617],[24.597728,42.044675],[24.598324,42.044461],[24.59849,42.04436],[24.598594,42.044161],[24.598945,42.044301],[24.59877,42.04451],[24.598615,42.044583],[24.598388,42.044649],[24.59831,42.044893],[24.598154,42.044931],[24.597938,42.045169],[24.59805,42.04536],[24.598603,42.045854],[24.598836,42.046013],[24.599104,42.046137],[24.59942,42.046237],[24.60022,42.046377],[24.601151,42.04644],[24.601212,42.046457],[24.601961,42.046416],[24.602964,42.046337],[24.602279,42.046204],[24.601484,42.046079],[24.600132,42.045807],[24.600046,42.045736],[24.600081,42.045664],[24.600199,42.04559],[24.600161,42.04551],[24.60003,42.045556],[24.599886,42.045567],[24.599921,42.045513],[24.599953,42.045323],[24.600056,42.045106],[24.600174,42.044997],[24.600353,42.04495],[24.600558,42.044992],[24.600873,42.045097],[24.601176,42.045228],[24.601167,42.045372],[24.6013,42.045388],[24.601503,42.045323],[24.601826,42.045256],[24.602285,42.045377],[24.602695,42.045453],[24.602786,42.045785],[24.603305,42.045895],[24.603379,42.045984],[24.603406,42.046083],[24.603351,42.046309],[24.604246,42.046037],[24.605012,42.045929],[24.606887,42.045952],[24.607707,42.045852],[24.607649,42.045751],[24.60766,42.045679],[24.60762,42.045495],[24.607631,42.045427],[24.607703,42.045386],[24.607701,42.045287],[24.607675,42.045192],[24.607601,42.045135],[24.607554,42.045167],[24.607276,42.045205],[24.607215,42.045152],[24.607343,42.044903],[24.607292,42.044737],[24.60723,42.044648],[24.607059,42.044568],[24.606902,42.044552],[24.606504,42.04457],[24.606237,42.044537],[24.60614,42.044488],[24.60615,42.044371],[24.606088,42.044326],[24.606003,42.044309],[24.60593,42.044234],[24.606073,42.044129],[24.606217,42.044078],[24.6063,42.044027],[24.606481,42.044007],[24.606637,42.043956],[24.607094,42.043866],[24.607203,42.043883],[24.607532,42.044028],[24.607751,42.044084],[24.607932,42.044087],[24.608137,42.044067],[24.6085,42.044085],[24.608547,42.044026],[24.608614,42.043715],[24.608612,42.043634],[24.608575,42.04358],[24.608479,42.043604],[24.608394,42.043605],[24.608334,42.043646],[24.60829,42.043871],[24.608194,42.043908],[24.608001,42.043892],[24.607915,42.043826],[24.607948,42.043645],[24.608235,42.043498],[24.608356,42.043502],[24.6085,42.043473],[24.608668,42.043408],[24.608742,42.04347],[24.609008,42.043508],[24.609033,42.043553],[24.609001,42.043783],[24.60891,42.044054],[24.608893,42.044455],[24.608992,42.044548],[24.609161,42.044565],[24.609222,42.0446],[24.609329,42.044504],[24.609389,42.044504],[24.609608,42.04456],[24.609799,42.04445],[24.609834,42.044378],[24.609797,42.044319],[24.609542,42.044263],[24.609335,42.044198],[24.609394,42.044112],[24.609514,42.044043],[24.609596,42.043912],[24.609726,42.043802],[24.609761,42.043694],[24.609935,42.043323],[24.609991,42.043075],[24.610099,42.04306],[24.610244,42.043063],[24.610271,42.043189],[24.610227,42.043455],[24.610325,42.043513],[24.610591,42.04355],[24.610724,42.04354],[24.61082,42.043503],[24.610867,42.043403],[24.610888,42.043237],[24.610934,42.043137],[24.611018,42.043109],[24.611427,42.043042],[24.611585,42.043054],[24.61167,42.043093],[24.611754,42.043065],[24.611875,42.043064],[24.61196,42.043099],[24.61198,42.04315],[24.612925,42.043254],[24.612941,42.043224],[24.613,42.043187],[24.613372,42.043021],[24.613419,42.042935],[24.613441,42.042827],[24.613439,42.042715],[24.613398,42.042503],[24.613434,42.042476],[24.613622,42.04257],[24.613749,42.042405],[24.613741,42.042179],[24.613772,42.042016],[24.613582,42.041803],[24.613552,42.041641],[24.613493,42.041678],[24.613382,42.04196],[24.613302,42.042079],[24.613283,42.042224],[24.613288,42.042386],[24.613186,42.042569],[24.613024,42.042437],[24.612702,42.042263],[24.612912,42.042033],[24.612857,42.041835],[24.612916,42.041798],[24.613096,42.041758],[24.61304,42.041534],[24.61293,42.041509],[24.612745,42.04144],[24.612731,42.041368],[24.613052,42.041199],[24.613294,42.041194],[24.613179,42.041368],[24.613281,42.041511],[24.613448,42.041444],[24.613724,42.041375],[24.613788,42.041447],[24.613818,42.041618],[24.613905,42.041679],[24.613982,42.041804],[24.61396,42.042202],[24.613982,42.042463],[24.613603,42.04277],[24.613653,42.043007],[24.613807,42.042999],[24.614131,42.042894],[24.614199,42.042784],[24.614387,42.042618],[24.614565,42.042506],[24.614748,42.042538],[24.614964,42.042498],[24.615624,42.042313],[24.616876,42.042384],[24.614665,42.0416],[24.614637,42.041352],[24.615294,42.036071],[24.61556,42.03423],[24.616806,42.031887],[24.616717,42.027367],[24.616617,42.027103],[24.616071,42.026556],[24.615396,42.026107],[24.615158,42.025429],[24.615051,42.024353],[24.614973,42.024043],[24.615217,42.022095],[24.615075,42.021837],[24.615073,42.020989],[24.615046,42.020943],[24.614866,42.020979],[24.614513,42.021119],[24.614137,42.021131],[24.613924,42.021054],[24.613702,42.020902],[24.613519,42.020867],[24.612999,42.020563],[24.612645,42.020471],[24.612411,42.020479],[24.612107,42.020546],[24.611802,42.020551],[24.611458,42.020459],[24.610351,42.020105],[24.609875,42.020103],[24.609632,42.02028],[24.609544,42.02044],[24.609532,42.020654],[24.609462,42.020822],[24.609387,42.02089],[24.609068,42.020883],[24.608321,42.020129],[24.60812,42.019795],[24.607949,42.019447],[24.607573,42.019263],[24.606693,42.019284],[24.606361,42.019199],[24.606134,42.018937],[24.605987,42.018629],[24.605721,42.018352],[24.60521,42.01788],[24.604289,42.017452],[24.603724,42.017058],[24.603037,42.016754],[24.602652,42.016496],[24.602474,42.01627],[24.602423,42.015771],[24.602579,42.015006],[24.602532,42.014704],[24.602099,42.014181],[24.601765,42.013881],[24.601386,42.013651],[24.600919,42.013275],[24.600213,42.01225],[24.599835,42.012056],[24.598831,42.012035],[24.5984,42.012214],[24.597936,42.012148],[24.597343,42.011974],[24.596784,42.011895],[24.595931,42.011986],[24.595336,42.01207],[24.595121,42.01206],[24.594885,42.012164],[24.594586,42.012418],[24.593943,42.012567],[24.593501,42.012552],[24.592522,42.012344],[24.591613,42.012337],[24.590787,42.012459],[24.590532,42.012521],[24.590241,42.01274],[24.589842,42.012906],[24.589484,42.012993],[24.588892,42.012949],[24.588194,42.012797],[24.587888,42.012778],[24.587381,42.013368],[24.586847,42.013869],[24.586648,42.014175],[24.586449,42.01461],[24.586165,42.015027],[24.585921,42.015291],[24.585314,42.015884],[24.585068,42.0161],[24.584327,42.016865],[24.584066,42.017064],[24.58422,42.017086],[24.584562,42.017063],[24.584966,42.017089],[24.585444,42.017222],[24.586136,42.017279],[24.586258,42.017316],[24.586446,42.017309],[24.586451,42.017381],[24.586574,42.017464],[24.586779,42.017447],[24.587035,42.017246],[24.586957,42.017007],[24.587083,42.016968],[24.587785,42.017021],[24.58851,42.017051],[24.588999,42.017148],[24.589254,42.016994],[24.58942,42.016795],[24.589283,42.016722],[24.589177,42.016704],[24.589117,42.016651],[24.588976,42.016668],[24.588976,42.016613],[24.589399,42.016561]]]},"properties":{"cadreg":151}},{"type":"Feature","geometry":{"type":"Polygon","coordinates":[[[24.579907,42.106627],[24.581028,42.106612],[24.581773,42.10646],[24.582194,42.106445],[24.582177,42.106344],[24.58297,42.105984],[24.583171,42.105708],[24.583416,42.10495],[24.583614,42.10442],[24.583701,42.104198],[24.583823,42.104005],[24.585683,42.101675],[24.586108,42.101258],[24.587564,42.100039],[24.587707,42.099825],[24.587721,42.096643],[24.587769,42.096264],[24.58843,42.093851],[24.588197,42.093733],[24.587245,42.093404],[24.586568,42.093296],[24.586052,42.093282],[24.585005,42.093284],[24.584845,42.093321],[24.584671,42.093328],[24.584497,42.093285],[24.584156,42.093274],[24.582916,42.092882],[24.582673,42.09358],[24.582442,42.094412],[24.58222,42.095373],[24.58202,42.095809],[24.581539,42.09662],[24.581406,42.096966],[24.580964,42.099324],[24.580864,42.099639],[24.580738,42.100134],[24.580659,42.100546],[24.580692,42.101809],[24.580641,42.102928],[24.580547,42.103392],[24.580447,42.104099],[24.580369,42.104322],[24.580028,42.105946],[24.579907,42.106627]],[[24.583209,42.093017],[24.583356,42.093065],[24.583349,42.094376],[24.583202,42.094374],[24.583209,42.093017]]]},"properties":{"cadreg":33}},{"type":"Feature","geometry":{"type":"Polygon","coordinates":[[[24.633221,42.122138],[24.633189,42.122129],[24.633218,42.121972],[24.632504,42.121335],[24.632264,42.121151],[24.632028,42.121057],[24.631338,42.120891],[24.629736,42.120385],[24.629222,42.120354],[24.628649,42.120345],[24.625956,42.12041],[24.622684,42.120519],[24.620099,42.120565],[24.618999,42.120523],[24.616227,42.120304],[24.615991,42.120303],[24.614619,42.120541],[24.613862,42.12057],[24.606984,42.12044],[24.603169,42.120621],[24.599931,42.120743],[24.595578,42.12089],[24.595333,42.120873],[24.595327,42.120989],[24.606975,42.120531],[24.607091,42.122143],[24.607217,42.123535],[24.607185,42.123559],[24.607334,42.125791],[24.607992,42.126046],[24.608187,42.126149],[24.626482,42.125912],[24.626244,42.12412],[24.633127,42.123849],[24.633221,42.122138]]]},"properties":{"cadreg":13}},{"type":"Feature","geometry":{"type":"MultiPolygon","coordinates":[[[[24.583824,42.118571],[24.577935,42.115506],[24.577867,42.115548],[24.583874,42.118665],[24.584326,42.118908],[24.584705,42.119201],[24.584979,42.119573],[24.58503,42.119734],[24.585046,42.119901],[24.585035,42.119995],[24.584899,42.120456],[24.58432,42.122159],[24.58439,42.122218],[24.592669,42.12533],[24.592759,42.125344],[24.593019,42.125341],[24.594241,42.125145],[24.594561,42.123817],[24.595139,42.12097],[24.594762,42.120268],[24.594611,42.120119],[24.584381,42.117967],[24.584297,42.118004],[24.584035,42.118236],[24.583953,42.118336],[24.583824,42.118571]]],[[[24.607089,42.122116],[24.606975,42.120531],[24.595327,42.120989],[24.594674,42.123912],[24.60185,42.12371],[24.607217,42.123535],[24.607089,42.122116]]]]},"properties":{"cadreg":12}},{"type":"Feature","geometry":{"type":"MultiPolygon","coordinates":[[[[24.607185,42.123559],[24.607217,42.123535],[24.60185,42.12371],[24.607112,42.123561],[24.607185,42.123559]]],[[[24.633244,42.114659],[24.63315,42.114703],[24.629764,42.113626],[24.628213,42.113217],[24.627448,42.112997],[24.627023,42.11292],[24.626666,42.112889],[24.625407,42.112887],[24.625237,42.11296],[24.623465,42.112987],[24.622225,42.11286],[24.62169,42.112701],[24.621361,42.112478],[24.620979,42.112104],[24.620858,42.111609],[24.620834,42.110845],[24.620951,42.110394],[24.621757,42.108445],[24.621616,42.108377],[24.62072,42.110573],[24.620642,42.110835],[24.620641,42.111093],[24.620721,42.111808],[24.620793,42.112065],[24.620936,42.11231],[24.621278,42.112623],[24.62125,42.112692],[24.616209,42.112187],[24.613328,42.111836],[24.608628,42.111336],[24.608581,42.106153],[24.608589,42.10214],[24.60854,42.102148],[24.608533,42.106171],[24.608565,42.109142],[24.608535,42.111505],[24.608854,42.115567],[24.611351,42.11528],[24.611975,42.115267],[24.61277,42.115342],[24.617579,42.116043],[24.621358,42.116525],[24.625644,42.11712],[24.625802,42.117197],[24.632141,42.118062],[24.632844,42.118199],[24.633495,42.11829],[24.633589,42.118097],[24.633826,42.116996],[24.633861,42.116722],[24.633826,42.11642],[24.633383,42.115026],[24.633297,42.114926],[24.633244,42.114659]]]]},"properties":{"cadreg":15}},{"type":"Feature","geometry":{"type":"Polygon","coordinates":[[[24.617534,42.096832],[24.617794,42.097146],[24.618668,42.097764],[24.618886,42.097965],[24.619163,42.098405],[24.619257,42.098677],[24.619286,42.099116],[24.619108,42.099371],[24.619897,42.09958],[24.621121,42.100116],[24.622047,42.099879],[24.622226,42.09973],[24.622693,42.09953],[24.623075,42.099437],[24.623294,42.099524],[24.623476,42.099387],[24.623374,42.099515],[24.623756,42.099375],[24.62393,42.099237],[24.623937,42.099056],[24.623726,42.098355],[24.623713,42.098206],[24.624097,42.097163],[24.62423,42.097017],[24.624712,42.096901],[24.624784,42.096681],[24.624864,42.096259],[24.624986,42.095942],[24.625419,42.095334],[24.625383,42.095327],[24.624856,42.094807],[24.624434,42.094699],[24.623494,42.094757],[24.622981,42.094705],[24.622387,42.09474],[24.621921,42.094836],[24.621397,42.09481],[24.620824,42.094699],[24.620544,42.094696],[24.619985,42.094739],[24.619734,42.094844],[24.61919,42.095182],[24.618683,42.095451],[24.618348,42.095587],[24.61802,42.095601],[24.617903,42.095623],[24.617726,42.095713],[24.617567,42.095848],[24.617517,42.096303],[24.617534,42.096832]]]},"properties":{"cadreg":38}},{"type":"Feature","geometry":{"type":"MultiPolygon","coordinates":[[[[24.624242,42.094463],[24.624689,42.094477],[24.624945,42.094573],[24.625092,42.094693],[24.62534,42.095006],[24.625459,42.095112],[24.625681,42.095215],[24.626044,42.095254],[24.627146,42.095217],[24.628701,42.095227],[24.629094,42.095206],[24.629904,42.095086],[24.629994,42.09506],[24.632106,42.09471],[24.632698,42.094555],[24.634505,42.094209],[24.639134,42.093358],[24.638332,42.09094],[24.636355,42.091323],[24.636161,42.090433],[24.63608,42.090472],[24.635715,42.090521],[24.635245,42.090468],[24.635079,42.090417],[24.634916,42.090327],[24.634729,42.090132],[24.634228,42.089453],[24.634151,42.08939],[24.633873,42.089353],[24.633738,42.089468],[24.633217,42.089623],[24.632239,42.089872],[24.630487,42.090205],[24.63025,42.09028],[24.629913,42.090552],[24.629602,42.091055],[24.629501,42.0911],[24.62929,42.091253],[24.628711,42.091475],[24.627773,42.091863],[24.627614,42.092093],[24.627353,42.092796],[24.627188,42.092957],[24.626634,42.093349],[24.62654,42.093499],[24.626731,42.094596],[24.626667,42.094736],[24.626553,42.094851],[24.625967,42.094829],[24.625537,42.0946],[24.624978,42.094194],[24.624692,42.094074],[24.62438,42.094091],[24.622861,42.094494],[24.624242,42.094463]]],[[[24.625419,42.095334],[24.624986,42.095942],[24.624864,42.096259],[24.624784,42.096681],[24.624712,42.096901],[24.626837,42.096838],[24.626973,42.096856],[24.627185,42.096935],[24.629124,42.098056],[24.629479,42.098069],[24.630786,42.097948],[24.631088,42.097934],[24.631674,42.097799],[24.632287,42.097585],[24.632921,42.09733],[24.633269,42.097241],[24.633678,42.097201],[24.634342,42.097223],[24.634623,42.097153],[24.638058,42.095323],[24.638692,42.094952],[24.638843,42.094704],[24.639229,42.09394],[24.639582,42.093712],[24.641082,42.093491],[24.640915,42.093405],[24.64045,42.093278],[24.639196,42.093545],[24.630053,42.095196],[24.629987,42.09522],[24.629171,42.095358],[24.628855,42.095379],[24.626269,42.095421],[24.626016,42.095436],[24.625419,42.095334]]]]},"properties":{"cadreg":39}},{"type":"Feature","geometry":{"type":"Polygon","coordinates":[[[24.62428,42.099259],[24.624114,42.099409],[24.623124,42.100009],[24.621937,42.100843],[24.621691,42.100918],[24.621439,42.100947],[24.620696,42.100932],[24.619987,42.101015],[24.618792,42.101319],[24.618316,42.101387],[24.617802,42.101391],[24.617219,42.101354],[24.616027,42.101246],[24.615451,42.101248],[24.614677,42.101503],[24.614329,42.101724],[24.61281,42.1025],[24.612148,42.102632],[24.610747,42.102563],[24.610688,42.10258],[24.61233,42.103341],[24.61964,42.107127],[24.621669,42.108206],[24.62183,42.108269],[24.622276,42.107082],[24.62298,42.105589],[24.623711,42.103912],[24.62399,42.103222],[24.624683,42.101691],[24.624753,42.101449],[24.624376,42.099885],[24.62428,42.099259]]]},"properties":{"cadreg":24}},{"type":"Feature","geometry":{"type":"Polygon","coordinates":[[[24.609461,42.102492],[24.608589,42.10214],[24.608581,42.106153],[24.608628,42.111336],[24.613328,42.111836],[24.616209,42.112187],[24.62125,42.112692],[24.621278,42.112623],[24.620936,42.11231],[24.620793,42.112065],[24.620721,42.111808],[24.620641,42.111093],[24.620642,42.110835],[24.62072,42.110573],[24.621616,42.108377],[24.619505,42.107309],[24.618981,42.107017],[24.613,42.103924],[24.612963,42.103906],[24.612875,42.103907],[24.610389,42.102727],[24.609461,42.102492]]]},"properties":{"cadreg":25}},{"type":"Feature","geometry":{"type":"Polygon","coordinates":[[[24.570033,42.084866],[24.567368,42.091298],[24.565759,42.09531],[24.565064,42.096958],[24.564016,42.099623],[24.563513,42.100825],[24.562622,42.103152],[24.563105,42.103177],[24.563875,42.103472],[24.564148,42.103502],[24.564336,42.103492],[24.564936,42.103372],[24.565369,42.103368],[24.565553,42.103323],[24.565877,42.103076],[24.566546,42.102338],[24.566692,42.102224],[24.56695,42.102179],[24.567282,42.102163],[24.567641,42.102109],[24.568001,42.101966],[24.568092,42.101954],[24.568222,42.10197],[24.569277,42.098398],[24.569311,42.098239],[24.569231,42.098114],[24.569216,42.097988],[24.569178,42.097867],[24.569199,42.097732],[24.56957,42.096846],[24.57015,42.095574],[24.57012,42.09548],[24.570884,42.093741],[24.5713,42.093193],[24.571974,42.092583],[24.572244,42.092362],[24.573571,42.091722],[24.57394,42.091331],[24.574502,42.090637],[24.574423,42.090614],[24.574671,42.090146],[24.575061,42.089725],[24.575251,42.089582],[24.575325,42.089434],[24.575213,42.089085],[24.575132,42.088899],[24.574421,42.088237],[24.573988,42.08777],[24.573207,42.087114],[24.572126,42.086127],[24.571415,42.085445],[24.570881,42.084991],[24.570486,42.084783],[24.570214,42.084709],[24.570026,42.084726],[24.569967,42.084869],[24.570033,42.084866]]]},"properties":{"cadreg":31}},{"type":"Feature","geometry":{"type":"MultiPolygon","coordinates":[[[[24.584006,42.090568],[24.58358,42.090484],[24.583276,42.091291],[24.583082,42.091601],[24.583072,42.091748],[24.582751,42.092638],[24.582934,42.092708],[24.584191,42.093085],[24.586663,42.093146],[24.586953,42.09318],[24.587217,42.093244],[24.588257,42.093583],[24.58867,42.092088],[24.588806,42.091736],[24.589031,42.091355],[24.587908,42.091185],[24.584495,42.090714],[24.584176,42.090639],[24.584006,42.090568]]],[[[24.589699,42.087848],[24.590193,42.087978],[24.590306,42.086857],[24.590196,42.086847],[24.589699,42.087848]]]]},"properties":{"cadreg":46}},{"type":"Feature","geometry":{"type":"MultiPolygon","coordinates":[[[[24.595952,42.082902],[24.595273,42.08435],[24.596333,42.084617],[24.598155,42.08484],[24.599109,42.084988],[24.598568,42.086806],[24.598652,42.086832],[24.598609,42.08692],[24.598541,42.086897],[24.599445,42.087278],[24.602624,42.088471],[24.606151,42.089872],[24.606904,42.090233],[24.607403,42.090415],[24.61116,42.092143],[24.612055,42.092535],[24.61364,42.093313],[24.614345,42.093724],[24.615291,42.094319],[24.616281,42.095006],[24.617207,42.095154],[24.617569,42.095146],[24.617787,42.095121],[24.618593,42.094951],[24.619182,42.094746],[24.619505,42.094576],[24.619769,42.094466],[24.620579,42.094457],[24.621293,42.094499],[24.621923,42.094582],[24.622093,42.094617],[24.622394,42.094632],[24.623494,42.094757],[24.624434,42.094699],[24.624856,42.094807],[24.625383,42.095327],[24.626016,42.095436],[24.626269,42.095421],[24.628855,42.095379],[24.629171,42.095358],[24.629987,42.09522],[24.630053,42.095196],[24.639196,42.093545],[24.639134,42.093358],[24.634505,42.094209],[24.632698,42.094555],[24.632106,42.09471],[24.629994,42.09506],[24.629904,42.095086],[24.629094,42.095206],[24.628701,42.095227],[24.627146,42.095217],[24.626044,42.095254],[24.625681,42.095215],[24.625459,42.095112],[24.62534,42.095006],[24.625092,42.094693],[24.624945,42.094573],[24.624689,42.094477],[24.624242,42.094463],[24.622742,42.094496],[24.622417,42.094534],[24.622278,42.094534],[24.621901,42.094428],[24.621892,42.094384],[24.621349,42.094395],[24.620162,42.094365],[24.619914,42.094373],[24.619733,42.09441],[24.619482,42.094493],[24.619192,42.094634],[24.618437,42.094842],[24.617971,42.094916],[24.617939,42.094968],[24.617554,42.09504],[24.617133,42.095055],[24.616592,42.094916],[24.615841,42.094465],[24.614235,42.09338],[24.612897,42.092747],[24.614349,42.09084],[24.614425,42.09058],[24.614645,42.090299],[24.61521,42.089643],[24.61619,42.089154],[24.616522,42.088806],[24.616979,42.088578],[24.616792,42.088527],[24.616451,42.0884],[24.615892,42.08828],[24.614827,42.088201],[24.61461,42.088208],[24.613897,42.088188],[24.61328,42.088222],[24.61264,42.088233],[24.611985,42.088136],[24.611415,42.088025],[24.610289,42.087882],[24.609413,42.087595],[24.609295,42.087621],[24.609151,42.087719],[24.607794,42.089094],[24.607248,42.089744],[24.607013,42.09],[24.606945,42.089972],[24.607755,42.089073],[24.609115,42.087695],[24.609263,42.087595],[24.609427,42.087571],[24.609577,42.08762],[24.609591,42.087612],[24.609564,42.087593],[24.609419,42.087556],[24.609362,42.087508],[24.60925,42.087386],[24.609281,42.087282],[24.608395,42.087173],[24.608211,42.087138],[24.608205,42.087099],[24.608367,42.086673],[24.608413,42.086324],[24.608353,42.08606],[24.608067,42.085784],[24.607939,42.085609],[24.607355,42.08551],[24.607099,42.085418],[24.606529,42.085294],[24.604936,42.084887],[24.604635,42.084836],[24.603969,42.084794],[24.60328,42.084801],[24.602665,42.084857],[24.602231,42.084924],[24.601739,42.085118],[24.601654,42.085101],[24.601557,42.085062],[24.601459,42.084986],[24.600774,42.084579],[24.600591,42.084491],[24.60048,42.084375],[24.600321,42.084278],[24.600018,42.084209],[24.599507,42.084061],[24.599277,42.084027],[24.598498,42.083734],[24.598461,42.083694],[24.598364,42.08369],[24.598292,42.083709],[24.59794,42.083632],[24.59738,42.08343],[24.596516,42.083088],[24.596054,42.082949],[24.595952,42.082902]],[[24.607817,42.085641],[24.607926,42.085649],[24.608021,42.085785],[24.608319,42.086071],[24.608377,42.086325],[24.608331,42.086668],[24.608168,42.087096],[24.608185,42.087195],[24.607941,42.087138],[24.608048,42.087038],[24.608165,42.086803],[24.608219,42.086487],[24.608216,42.086321],[24.608178,42.086195],[24.60814,42.086137],[24.608126,42.086038],[24.607819,42.08578],[24.607817,42.085641]]],[[[24.629403,42.111007],[24.626845,42.110632],[24.626198,42.110486],[24.6257,42.110268],[24.62183,42.108269],[24.621669,42.108206],[24.61964,42.107127],[24.61233,42.103341],[24.610688,42.10258],[24.609976,42.102282],[24.60882,42.101758],[24.608516,42.101685],[24.606675,42.102065],[24.606407,42.102092],[24.60553,42.102127],[24.60515,42.10209],[24.60352,42.102023],[24.601582,42.101921],[24.60115,42.101849],[24.600836,42.10166],[24.600602,42.101425],[24.597984,42.098341],[24.597637,42.097969],[24.596891,42.097061],[24.595038,42.094744],[24.594228,42.093693],[24.593968,42.093717],[24.59686,42.097323],[24.599965,42.100923],[24.600163,42.101194],[24.600708,42.101751],[24.601211,42.102042],[24.601941,42.102098],[24.605078,42.102266],[24.606225,42.102282],[24.606859,42.102191],[24.608163,42.101911],[24.608575,42.101913],[24.61041,42.102694],[24.613,42.103924],[24.618981,42.107017],[24.619505,42.107309],[24.625186,42.110168],[24.625906,42.110553],[24.626157,42.110657],[24.629315,42.111153],[24.629927,42.111278],[24.631102,42.111617],[24.632824,42.112075],[24.632871,42.111923],[24.629921,42.111116],[24.629403,42.111007]]]]},"properties":{"cadreg":42}},{"type":"Feature","geometry":{"type":"Polygon","coordinates":[[[24.663677,42.106065],[24.661926,42.106052],[24.658434,42.116028],[24.658667,42.116079],[24.659798,42.116393],[24.661014,42.116843],[24.663094,42.117657],[24.665357,42.118487],[24.668369,42.110332],[24.666806,42.109757],[24.665582,42.10836],[24.663677,42.106065]]]},"properties":{"cadreg":54}},{"type":"Feature","geometry":{"type":"Polygon","coordinates":[[[24.631634,42.101831],[24.63168,42.101952],[24.63172,42.101949],[24.632432,42.105807],[24.632794,42.108047],[24.633008,42.109599],[24.632871,42.111923],[24.63301,42.109593],[24.637716,42.109344],[24.637866,42.109325],[24.637863,42.10931],[24.640863,42.109192],[24.641073,42.107017],[24.641669,42.102774],[24.642119,42.099233],[24.64241,42.097101],[24.642398,42.096941],[24.642307,42.096711],[24.640856,42.093812],[24.640961,42.093733],[24.642796,42.09354],[24.643031,42.093632],[24.64684,42.095828],[24.65004,42.097639],[24.650408,42.097905],[24.650564,42.098042],[24.650505,42.099547],[24.650512,42.099691],[24.650577,42.100053],[24.651081,42.100415],[24.651923,42.101389],[24.652277,42.101852],[24.652474,42.102216],[24.652637,42.103226],[24.652767,42.103549],[24.653615,42.104101],[24.654761,42.104682],[24.658316,42.105157],[24.660054,42.105942],[24.660554,42.10613],[24.661898,42.106133],[24.661926,42.106052],[24.660627,42.106042],[24.660562,42.10603],[24.65842,42.105064],[24.654655,42.104504],[24.654581,42.104479],[24.653485,42.103904],[24.652724,42.103335],[24.652694,42.103298],[24.652518,42.102109],[24.652464,42.101996],[24.650706,42.099881],[24.650669,42.099801],[24.650656,42.099717],[24.650719,42.098065],[24.650689,42.097956],[24.650636,42.097894],[24.65057,42.097835],[24.650231,42.09764],[24.650263,42.09759],[24.647524,42.096012],[24.643021,42.093479],[24.642778,42.093419],[24.642338,42.093451],[24.641565,42.093539],[24.641214,42.093538],[24.641082,42.093491],[24.639582,42.093712],[24.639229,42.09394],[24.638843,42.094704],[24.638692,42.094952],[24.638058,42.095323],[24.634623,42.097153],[24.634342,42.097223],[24.633678,42.097201],[24.633269,42.097241],[24.632921,42.09733],[24.632287,42.097585],[24.631674,42.097799],[24.631088,42.097934],[24.630786,42.097948],[24.629479,42.098069],[24.629124,42.098056],[24.627185,42.096935],[24.626973,42.096856],[24.626837,42.096838],[24.624712,42.096901],[24.62423,42.097017],[24.624097,42.097163],[24.623713,42.098206],[24.623726,42.098355],[24.623937,42.099056],[24.62393,42.099237],[24.623756,42.099375],[24.623374,42.099515],[24.622929,42.099849],[24.622053,42.100415],[24.621831,42.100543],[24.621568,42.100654],[24.621434,42.100688],[24.621229,42.100708],[24.620612,42.100683],[24.620021,42.10073],[24.619635,42.100824],[24.618963,42.101092],[24.618578,42.101163],[24.618409,42.101174],[24.618034,42.101183],[24.617417,42.101135],[24.616245,42.100971],[24.615847,42.100935],[24.615493,42.100962],[24.615097,42.101056],[24.614685,42.101214],[24.614194,42.101438],[24.613203,42.102069],[24.612992,42.102162],[24.612708,42.102326],[24.612236,42.102438],[24.611931,42.102453],[24.609976,42.102282],[24.610688,42.10258],[24.610747,42.102563],[24.612148,42.102632],[24.61281,42.1025],[24.614329,42.101724],[24.614677,42.101503],[24.615451,42.101248],[24.616027,42.101246],[24.617219,42.101354],[24.617802,42.101391],[24.618316,42.101387],[24.618792,42.101319],[24.619987,42.101015],[24.620696,42.100932],[24.621439,42.100947],[24.621691,42.100918],[24.621937,42.100843],[24.623124,42.100009],[24.624114,42.099409],[24.624312,42.09923],[24.62434,42.09898],[24.624283,42.098826],[24.624,42.098425],[24.623962,42.098224],[24.624224,42.097438],[24.624521,42.097132],[24.626507,42.097084],[24.626898,42.097101],[24.628732,42.098128],[24.629013,42.098248],[24.629212,42.098275],[24.630642,42.098209],[24.630833,42.098431],[24.631582,42.101517],[24.631634,42.101831]],[[24.637242,42.108735],[24.637587,42.108713],[24.6376,42.108841],[24.637255,42.108863],[24.637242,42.108735]]]},"properties":{"cadreg":21}},{"type":"Feature","geometry":{"type":"MultiPolygon","coordinates":[[[[24.648678,42.108889],[24.648066,42.112251],[24.64752,42.11553],[24.648461,42.11558],[24.648457,42.115616],[24.648946,42.115652],[24.65058,42.115661],[24.653652,42.115637],[24.654871,42.109675],[24.654799,42.109667],[24.653586,42.115601],[24.653513,42.115602],[24.654738,42.109606],[24.65481,42.109613],[24.655783,42.104855],[24.654743,42.104716],[24.653585,42.104129],[24.652725,42.103569],[24.65259,42.103233],[24.652427,42.102225],[24.652233,42.101868],[24.651882,42.101407],[24.651061,42.100458],[24.650314,42.10065],[24.649299,42.105885],[24.648678,42.108889]]],[[[24.65027,42.100624],[24.651081,42.100415],[24.650675,42.100123],[24.65023,42.100086],[24.650199,42.100584],[24.648549,42.108911],[24.641319,42.109163],[24.64105,42.109126],[24.641302,42.107033],[24.641875,42.102963],[24.641828,42.102955],[24.641254,42.10703],[24.640998,42.109156],[24.641197,42.109183],[24.643503,42.109123],[24.648473,42.108952],[24.647787,42.112356],[24.647534,42.113887],[24.647314,42.115519],[24.647472,42.115528],[24.648018,42.112246],[24.64863,42.108884],[24.649252,42.105879],[24.65027,42.100624]]]]},"properties":{"cadreg":19}},{"type":"Feature","geometry":{"type":"Polygon","coordinates":[[[24.577545,42.115753],[24.573386,42.118136],[24.573555,42.118171],[24.576234,42.119171],[24.578589,42.120007],[24.580604,42.120698],[24.581388,42.120933],[24.58266,42.121388],[24.584097,42.121932],[24.584166,42.122025],[24.58432,42.122159],[24.584899,42.120456],[24.585035,42.119995],[24.585046,42.119901],[24.58503,42.119734],[24.584979,42.119573],[24.584705,42.119201],[24.584326,42.118908],[24.577867,42.115548],[24.577545,42.115753]]]},"properties":{"cadreg":11}},{"type":"Feature","geometry":{"type":"Polygon","coordinates":[[[24.572205,42.079541],[24.572324,42.079436],[24.572323,42.079369],[24.572101,42.079404],[24.57202,42.079596],[24.571713,42.079956],[24.571205,42.080398],[24.571047,42.080517],[24.571003,42.080603],[24.570935,42.080938],[24.571051,42.081158],[24.571047,42.081247],[24.571003,42.081419],[24.570667,42.082398],[24.570593,42.082792],[24.570581,42.08293],[24.570593,42.08298],[24.570173,42.083261],[24.570081,42.083283],[24.570114,42.083325],[24.570305,42.083452],[24.570225,42.083684],[24.571068,42.083727],[24.572228,42.083813],[24.573694,42.0839],[24.574745,42.083944],[24.575113,42.083981],[24.575374,42.08416],[24.575989,42.084702],[24.576841,42.085525],[24.577914,42.086597],[24.578203,42.086609],[24.578354,42.086578],[24.580462,42.084503],[24.581252,42.08377],[24.582487,42.082807],[24.582636,42.082588],[24.582464,42.082165],[24.582035,42.081532],[24.581149,42.080358],[24.581183,42.080319],[24.581211,42.080309],[24.581112,42.08018],[24.580666,42.080202],[24.580449,42.080254],[24.580449,42.080277],[24.580316,42.080265],[24.579725,42.08032],[24.579169,42.080308],[24.57877,42.080285],[24.577218,42.080021],[24.576844,42.080052],[24.576061,42.0802],[24.575445,42.08021],[24.575081,42.08016],[24.574825,42.080059],[24.574364,42.079947],[24.573856,42.079929],[24.573627,42.079963],[24.573458,42.079969],[24.573168,42.07995],[24.571932,42.079814],[24.572109,42.079582],[24.572205,42.079541]],[[24.574018,42.081355],[24.573806,42.081247],[24.574733,42.080294],[24.574961,42.080385],[24.574018,42.081355]]]},"properties":{"cadreg":49}},{"type":"Feature","geometry":{"type":"Polygon","coordinates":[[[24.573033,42.071906],[24.572627,42.072322],[24.572481,42.072518],[24.572178,42.072812],[24.571768,42.073256],[24.571417,42.073567],[24.571196,42.073795],[24.571012,42.074145],[24.570953,42.074326],[24.570691,42.074659],[24.57025,42.075023],[24.570071,42.075136],[24.569912,42.075197],[24.569707,42.075337],[24.569588,42.07537],[24.569494,42.075422],[24.569339,42.075557],[24.56914,42.076],[24.569065,42.076122],[24.56913,42.076419],[24.56917,42.076743],[24.569208,42.076798],[24.569292,42.076776],[24.569395,42.07677],[24.569492,42.076784],[24.569995,42.077067],[24.570175,42.077142],[24.570359,42.0772],[24.570841,42.077304],[24.571261,42.077414],[24.571486,42.077408],[24.571758,42.077518],[24.571906,42.077593],[24.571973,42.077646],[24.572033,42.077748],[24.572161,42.07782],[24.572326,42.07797],[24.572435,42.078119],[24.57255,42.078235],[24.572632,42.078279],[24.572758,42.078294],[24.573263,42.078276],[24.573539,42.079021],[24.573458,42.07906],[24.572583,42.079279],[24.572342,42.07933],[24.572118,42.079356],[24.572101,42.079404],[24.572323,42.079369],[24.572324,42.079436],[24.572205,42.079541],[24.572109,42.079582],[24.571932,42.079814],[24.573168,42.07995],[24.573458,42.079969],[24.573627,42.079963],[24.573856,42.079929],[24.574364,42.079947],[24.574825,42.080059],[24.575081,42.08016],[24.575445,42.08021],[24.576061,42.0802],[24.576844,42.080052],[24.577218,42.080021],[24.57877,42.080285],[24.579169,42.080308],[24.579725,42.08032],[24.580316,42.080265],[24.580449,42.080277],[24.580449,42.080254],[24.580666,42.080202],[24.581112,42.08018],[24.581248,42.080374],[24.58399,42.079854],[24.583853,42.079808],[24.58408,42.079771],[24.584059,42.079746],[24.583987,42.079716],[24.584081,42.079579],[24.583919,42.079488],[24.58265,42.078667],[24.581734,42.07798],[24.579207,42.076006],[24.578516,42.075504],[24.578537,42.075447],[24.578049,42.075144],[24.577305,42.074582],[24.577076,42.074236],[24.576752,42.074109],[24.576196,42.073804],[24.574618,42.072841],[24.573033,42.071906]]]},"properties":{"cadreg":50}},{"type":"Feature","geometry":{"type":"MultiPolygon","coordinates":[[[[24.57905,42.075892],[24.581734,42.07798],[24.58265,42.078667],[24.583919,42.079488],[24.584081,42.079579],[24.585439,42.077607],[24.58688,42.078067],[24.5869,42.077889],[24.58696,42.07774],[24.587061,42.077613],[24.587163,42.077596],[24.587361,42.077174],[24.587423,42.076988],[24.587422,42.076889],[24.586778,42.076685],[24.586677,42.07684],[24.586157,42.07665],[24.586417,42.076217],[24.586247,42.076139],[24.585919,42.076048],[24.585712,42.07596],[24.584917,42.07545],[24.584053,42.07513],[24.582488,42.074846],[24.581603,42.074651],[24.581568,42.074619],[24.580279,42.074407],[24.579435,42.074394],[24.577154,42.074265],[24.577076,42.074236],[24.577305,42.074582],[24.578049,42.075144],[24.578537,42.075447],[24.578516,42.075504],[24.57905,42.075892]]],[[[24.637242,42.108735],[24.637255,42.108863],[24.6376,42.108841],[24.637587,42.108713],[24.637242,42.108735]]]]},"properties":{"cadreg":51}},{"type":"Feature","geometry":{"type":"Polygon","coordinates":[[[24.596406,42.082758],[24.596227,42.082706],[24.596386,42.08244],[24.596353,42.082429],[24.596086,42.082874],[24.595984,42.082842],[24.595952,42.082902],[24.596054,42.082949],[24.596516,42.083088],[24.596764,42.083185],[24.596829,42.082978],[24.597439,42.083163],[24.597532,42.082958],[24.597523,42.082924],[24.596841,42.082796],[24.596824,42.082876],[24.596343,42.082894],[24.596406,42.082758]]]},"properties":{"cadreg":118}},{"type":"Feature","geometry":{"type":"Polygon","coordinates":[[[24.582554,42.108527],[24.582418,42.108215],[24.582027,42.107938],[24.581912,42.10775],[24.581959,42.106688],[24.581802,42.106661],[24.581727,42.107657],[24.581772,42.107844],[24.581826,42.107977],[24.581892,42.108063],[24.582283,42.108403],[24.582311,42.108552],[24.582268,42.108786],[24.581836,42.109669],[24.581696,42.110008],[24.58091,42.111586],[24.580767,42.111854],[24.580696,42.111926],[24.580605,42.112125],[24.580229,42.112798],[24.580098,42.112982],[24.579717,42.113466],[24.579442,42.113722],[24.579029,42.114203],[24.578469,42.114769],[24.578183,42.115033],[24.577805,42.11549],[24.577614,42.115614],[24.577582,42.115605],[24.575951,42.116562],[24.575071,42.117053],[24.575077,42.117067],[24.573246,42.118107],[24.573386,42.118136],[24.577545,42.115753],[24.577935,42.115506],[24.583824,42.118571],[24.583953,42.118336],[24.584035,42.118236],[24.584297,42.118004],[24.584381,42.117967],[24.594611,42.120119],[24.594493,42.120015],[24.594194,42.11955],[24.594079,42.119223],[24.594063,42.118998],[24.594107,42.118781],[24.594217,42.117529],[24.594188,42.11725],[24.594028,42.116441],[24.593926,42.116199],[24.593336,42.114999],[24.593233,42.114018],[24.592974,42.113486],[24.592788,42.113519],[24.592414,42.113518],[24.592169,42.11339],[24.592044,42.113175],[24.591933,42.113041],[24.591786,42.112926],[24.589924,42.112292],[24.588281,42.111697],[24.588086,42.111613],[24.587914,42.111493],[24.58716,42.110605],[24.586827,42.110239],[24.586741,42.110173],[24.586546,42.11008],[24.586315,42.11001],[24.585511,42.109713],[24.585317,42.10966],[24.585158,42.109599],[24.584754,42.10932],[24.583712,42.109177],[24.583179,42.109124],[24.58302,42.109058],[24.582578,42.108657],[24.582556,42.108683],[24.582554,42.108527]]]},"properties":{"cadreg":27}},{"type":"Feature","geometry":{"type":"MultiPolygon","coordinates":[[[[24.640961,42.093733],[24.640856,42.093812],[24.642307,42.096711],[24.642398,42.096941],[24.64241,42.097101],[24.642119,42.099233],[24.641669,42.102774],[24.641073,42.107017],[24.640863,42.109192],[24.641197,42.109183],[24.640998,42.109156],[24.641254,42.10703],[24.641828,42.102955],[24.641875,42.102963],[24.641302,42.107033],[24.64105,42.109126],[24.641319,42.109163],[24.648549,42.108911],[24.650199,42.100584],[24.65023,42.100086],[24.650675,42.100123],[24.650577,42.100053],[24.650512,42.099691],[24.650564,42.098042],[24.650408,42.097905],[24.65004,42.097639],[24.64684,42.095828],[24.643031,42.093632],[24.642796,42.09354],[24.640961,42.093733]]],[[[24.608583,42.102138],[24.609521,42.102513],[24.610389,42.102727],[24.612875,42.103907],[24.612963,42.103906],[24.61041,42.102694],[24.609539,42.10248],[24.609261,42.102379],[24.608589,42.102099],[24.608343,42.102156],[24.607743,42.102186],[24.606728,42.102348],[24.606509,42.102421],[24.601699,42.102738],[24.601469,42.10278],[24.601267,42.102859],[24.601279,42.102895],[24.601487,42.102814],[24.601707,42.102774],[24.606522,42.102456],[24.606743,42.102382],[24.60775,42.102222],[24.608348,42.102191],[24.608329,42.1072],[24.608348,42.112095],[24.608196,42.112269],[24.6082,42.112309],[24.608256,42.112325],[24.608423,42.113419],[24.608581,42.115632],[24.608854,42.115567],[24.608535,42.111505],[24.608565,42.109142],[24.608533,42.106171],[24.60854,42.102148],[24.608583,42.102138]]],[[[24.647472,42.115528],[24.64752,42.11553],[24.648066,42.112251],[24.648678,42.108889],[24.649299,42.105885],[24.650314,42.10065],[24.651061,42.100458],[24.651034,42.100427],[24.65027,42.100624],[24.649252,42.105879],[24.64863,42.108884],[24.648018,42.112246],[24.647472,42.115528]]]]},"properties":{"cadreg":20}},{"type":"Feature","geometry":{"type":"Polygon","coordinates":[[[24.612897,42.092747],[24.614235,42.09338],[24.615841,42.094465],[24.616592,42.094916],[24.617133,42.095055],[24.617554,42.09504],[24.617939,42.094968],[24.617971,42.094916],[24.618437,42.094842],[24.619192,42.094634],[24.619482,42.094493],[24.619733,42.09441],[24.619914,42.094373],[24.620162,42.094365],[24.621349,42.094395],[24.621892,42.094384],[24.621901,42.094428],[24.622278,42.094534],[24.622417,42.094534],[24.622861,42.094494],[24.62438,42.094091],[24.624692,42.094074],[24.624978,42.094194],[24.625537,42.0946],[24.625967,42.094829],[24.626553,42.094851],[24.626667,42.094736],[24.626731,42.094596],[24.62654,42.093499],[24.626634,42.093349],[24.627188,42.092957],[24.627353,42.092796],[24.627614,42.092093],[24.627773,42.091863],[24.628711,42.091475],[24.62929,42.091253],[24.629501,42.0911],[24.629004,42.091008],[24.628866,42.09076],[24.628158,42.090108],[24.628008,42.089896],[24.627786,42.089509],[24.627615,42.089324],[24.627392,42.088828],[24.627305,42.088684],[24.627232,42.088475],[24.627,42.08824],[24.626888,42.088065],[24.62675,42.087774],[24.626515,42.087493],[24.626414,42.087197],[24.625663,42.087274],[24.625637,42.087097],[24.625481,42.086723],[24.62484,42.086702],[24.62452,42.086674],[24.62428,42.087775],[24.62404,42.087737],[24.623692,42.087729],[24.623357,42.087651],[24.62317,42.087705],[24.622359,42.087878],[24.622473,42.087891],[24.62251,42.087954],[24.622587,42.088151],[24.622687,42.088335],[24.622715,42.088542],[24.622839,42.088707],[24.622895,42.089102],[24.622912,42.089372],[24.623001,42.089592],[24.623017,42.08983],[24.623009,42.090002],[24.623048,42.090172],[24.623111,42.090293],[24.623127,42.090523],[24.623119,42.090698],[24.623028,42.091037],[24.623019,42.091199],[24.622938,42.091398],[24.622992,42.091685],[24.622944,42.091701],[24.62289,42.091394],[24.622971,42.091195],[24.62298,42.091033],[24.62307,42.090694],[24.623091,42.090337],[24.623,42.090182],[24.62296,42.090002],[24.622969,42.089831],[24.622953,42.089601],[24.622864,42.089382],[24.622846,42.089089],[24.622791,42.088721],[24.622667,42.088556],[24.622639,42.088344],[24.622437,42.087923],[24.622255,42.087894],[24.622039,42.087954],[24.621605,42.087999],[24.621547,42.088126],[24.621378,42.088182],[24.621028,42.088208],[24.620776,42.088265],[24.620594,42.088258],[24.619761,42.088302],[24.619543,42.0883],[24.619277,42.088276],[24.61917,42.088349],[24.618988,42.088329],[24.61888,42.088357],[24.618784,42.08843],[24.61864,42.088458],[24.618436,42.088532],[24.618279,42.088543],[24.618159,42.088589],[24.617907,42.088718],[24.617802,42.088813],[24.617592,42.08892],[24.617529,42.088919],[24.617139,42.088794],[24.617096,42.088668],[24.617047,42.08861],[24.616979,42.088578],[24.616522,42.088806],[24.61619,42.089154],[24.61521,42.089643],[24.614645,42.090299],[24.614425,42.09058],[24.614349,42.09084],[24.612897,42.092747]]]},"properties":{"cadreg":41}},{"type":"Feature","geometry":{"type":"MultiPolygon","coordinates":[[[[24.570171,42.083933],[24.570164,42.084244],[24.569633,42.084258],[24.569636,42.084775],[24.569698,42.084755],[24.569857,42.084737],[24.570214,42.084709],[24.570486,42.084783],[24.570881,42.084991],[24.571415,42.085445],[24.572126,42.086127],[24.573207,42.087114],[24.573988,42.08777],[24.574421,42.088237],[24.575132,42.088899],[24.575213,42.089085],[24.575325,42.089434],[24.575251,42.089582],[24.575494,42.089451],[24.577575,42.087385],[24.577756,42.087118],[24.577867,42.087237],[24.575508,42.089597],[24.574567,42.090858],[24.574647,42.090939],[24.577643,42.092212],[24.578158,42.092364],[24.578504,42.092355],[24.579034,42.092284],[24.580243,42.092045],[24.580637,42.091984],[24.580965,42.092039],[24.582751,42.092638],[24.583072,42.091748],[24.583082,42.091601],[24.583276,42.091291],[24.58358,42.090484],[24.584006,42.090568],[24.584176,42.090639],[24.584495,42.090714],[24.587908,42.091185],[24.589031,42.091355],[24.589135,42.091159],[24.589216,42.091065],[24.587479,42.090791],[24.584482,42.090359],[24.584196,42.090287],[24.583739,42.090055],[24.582621,42.08969],[24.580361,42.088908],[24.58014,42.088788],[24.578945,42.087657],[24.578271,42.086999],[24.577914,42.086597],[24.576841,42.085525],[24.575989,42.084702],[24.575374,42.08416],[24.575113,42.083981],[24.574745,42.083944],[24.573694,42.0839],[24.572228,42.083813],[24.571068,42.083727],[24.570225,42.083684],[24.570171,42.083933]]],[[[24.575061,42.089725],[24.574671,42.090146],[24.574423,42.090614],[24.574502,42.090637],[24.575277,42.089737],[24.575061,42.089725]]]]},"properties":{"cadreg":47}},{"type":"Feature","geometry":{"type":"MultiPolygon","coordinates":[[[[24.602283,42.074613],[24.601821,42.074622],[24.601631,42.074651],[24.601584,42.074642],[24.601496,42.074652],[24.601472,42.074623],[24.601118,42.074794],[24.600925,42.074859],[24.600996,42.07498],[24.600779,42.075164],[24.600658,42.075442],[24.600899,42.075496],[24.600807,42.075687],[24.600802,42.075853],[24.601071,42.07594],[24.60104,42.076106],[24.601298,42.076165],[24.601267,42.076214],[24.601355,42.076233],[24.601478,42.076292],[24.601761,42.076471],[24.602054,42.076545],[24.601738,42.0772],[24.601758,42.077422],[24.602005,42.077507],[24.602272,42.077496],[24.602297,42.077536],[24.602244,42.077642],[24.602335,42.077713],[24.602501,42.077697],[24.602572,42.078432],[24.602547,42.079003],[24.602187,42.078956],[24.602101,42.079054],[24.60197,42.079126],[24.601873,42.079152],[24.601726,42.079154],[24.601557,42.079111],[24.601076,42.078876],[24.60105,42.078882],[24.601199,42.079009],[24.60177,42.079626],[24.601892,42.079706],[24.602356,42.079948],[24.602831,42.080151],[24.603123,42.080247],[24.603316,42.080263],[24.603767,42.080433],[24.604255,42.080672],[24.604463,42.080804],[24.604584,42.080844],[24.60479,42.08086],[24.604934,42.080822],[24.605233,42.080657],[24.605628,42.08041],[24.605795,42.080331],[24.606289,42.080241],[24.606459,42.08027],[24.606654,42.080367],[24.6068,42.080406],[24.606934,42.080464],[24.60714,42.080507],[24.607976,42.080628],[24.608159,42.080671],[24.608425,42.080696],[24.608668,42.080765],[24.608886,42.080794],[24.609153,42.080864],[24.609346,42.080839],[24.609685,42.080872],[24.609917,42.080964],[24.610305,42.08105],[24.610645,42.08115],[24.610938,42.081273],[24.611567,42.081298],[24.612374,42.081181],[24.61252,42.081225],[24.613025,42.081737],[24.6136,42.082109],[24.613843,42.082179],[24.61416,42.08232],[24.614406,42.082506],[24.614468,42.082623],[24.614466,42.082501],[24.614633,42.082414],[24.614764,42.0823],[24.614847,42.082191],[24.614844,42.082056],[24.614915,42.081961],[24.614924,42.081789],[24.614896,42.081601],[24.614938,42.081258],[24.614911,42.081101],[24.614906,42.080858],[24.614954,42.080803],[24.614971,42.080443],[24.615212,42.080386],[24.615405,42.080362],[24.615693,42.08026],[24.615922,42.080221],[24.616114,42.080165],[24.616533,42.079976],[24.61669,42.07993],[24.616943,42.079909],[24.617171,42.079826],[24.617518,42.07961],[24.617566,42.079623],[24.617652,42.079712],[24.617667,42.079843],[24.617572,42.07992],[24.617537,42.079993],[24.617726,42.080396],[24.617788,42.08049],[24.617827,42.080651],[24.617852,42.080669],[24.617747,42.080256],[24.617745,42.080148],[24.617694,42.080005],[24.617765,42.079932],[24.617886,42.079899],[24.618007,42.079925],[24.618056,42.079974],[24.618229,42.080818],[24.618327,42.080849],[24.618351,42.080849],[24.61835,42.080804],[24.618308,42.080516],[24.618232,42.080332],[24.618229,42.080139],[24.61819,42.07999],[24.618237,42.079936],[24.618466,42.079929],[24.618673,42.079967],[24.618627,42.080098],[24.618708,42.080552],[24.618626,42.080679],[24.618689,42.080854],[24.618785,42.080822],[24.618883,42.080861],[24.618946,42.081018],[24.619393,42.081],[24.619465,42.080981],[24.619476,42.080913],[24.61938,42.080937],[24.619114,42.080935],[24.61904,42.080877],[24.619063,42.080778],[24.619123,42.080755],[24.619219,42.080767],[24.619254,42.0807],[24.619214,42.080484],[24.619176,42.080408],[24.619129,42.080467],[24.619131,42.080552],[24.619072,42.08062],[24.619061,42.08072],[24.618965,42.080743],[24.61888,42.08069],[24.61875,42.080228],[24.618745,42.079944],[24.619264,42.079939],[24.619094,42.079864],[24.61908,42.07976],[24.618632,42.079738],[24.618366,42.079741],[24.618293,42.079688],[24.618449,42.079628],[24.619065,42.079612],[24.619039,42.079522],[24.618786,42.079556],[24.61812,42.079523],[24.618046,42.079456],[24.618031,42.079285],[24.618147,42.079027],[24.618254,42.078909],[24.6183,42.078796],[24.618357,42.078638],[24.618343,42.078521],[24.618532,42.078308],[24.618605,42.078316],[24.618787,42.078377],[24.618896,42.078376],[24.618956,42.07833],[24.618927,42.07806],[24.618973,42.077952],[24.619044,42.077906],[24.619104,42.077838],[24.619135,42.077576],[24.61936,42.077331],[24.619516,42.077271],[24.619612,42.077261],[24.619696,42.077215],[24.619803,42.077115],[24.619765,42.077016],[24.619666,42.076905],[24.619652,42.076824],[24.619759,42.076724],[24.620276,42.076556],[24.620408,42.076528],[24.620626,42.076525],[24.620773,42.076645],[24.620822,42.076658],[24.620918,42.076648],[24.621013,42.076571],[24.621171,42.076605],[24.621316,42.07659],[24.621387,42.07654],[24.621543,42.07648],[24.621661,42.076307],[24.621781,42.076243],[24.622007,42.076074],[24.622163,42.075996],[24.622392,42.075976],[24.622536,42.075924],[24.622607,42.075874],[24.622435,42.075727],[24.622446,42.075655],[24.622349,42.075616],[24.622323,42.075558],[24.622383,42.075489],[24.622503,42.075484],[24.622821,42.075656],[24.622905,42.07561],[24.622818,42.07553],[24.62266,42.075459],[24.622587,42.075406],[24.622537,42.075344],[24.622644,42.075275],[24.622801,42.075228],[24.623079,42.075252],[24.623177,42.075292],[24.623238,42.075336],[24.62324,42.075449],[24.623507,42.075505],[24.623665,42.075566],[24.62381,42.075551],[24.624001,42.075409],[24.624326,42.075365],[24.624503,42.075751],[24.624833,42.075972],[24.624994,42.076151],[24.625056,42.076249],[24.625141,42.076275],[24.625214,42.076324],[24.625143,42.07637],[24.625001,42.07656],[24.624616,42.07665],[24.624338,42.076612],[24.624229,42.076645],[24.624158,42.076691],[24.624159,42.076754],[24.624001,42.076728],[24.623854,42.076581],[24.623622,42.07648],[24.623526,42.076517],[24.623345,42.07651],[24.623223,42.076484],[24.623139,42.076494],[24.623006,42.076514],[24.622971,42.076564],[24.622898,42.076546],[24.62274,42.076476],[24.622499,42.076519],[24.622426,42.076502],[24.622389,42.076462],[24.62228,42.076436],[24.622184,42.076495],[24.622028,42.076529],[24.621905,42.076458],[24.621808,42.076441],[24.621688,42.076478],[24.621653,42.076546],[24.621656,42.076663],[24.621776,42.07663],[24.621847,42.076535],[24.621956,42.076547],[24.622078,42.076641],[24.622212,42.076666],[24.62231,42.076755],[24.622444,42.076808],[24.622445,42.076862],[24.622592,42.076959],[24.622798,42.077011],[24.62298,42.077036],[24.623092,42.077188],[24.623058,42.077333],[24.62312,42.077408],[24.623205,42.077444],[24.623073,42.077495],[24.623026,42.077545],[24.623039,42.077603],[24.623185,42.077655],[24.623329,42.077604],[24.623484,42.077459],[24.623737,42.077438],[24.623894,42.077409],[24.624051,42.077408],[24.624184,42.077424],[24.624256,42.077406],[24.62462,42.07746],[24.624667,42.077433],[24.624655,42.077401],[24.624678,42.07737],[24.624726,42.077356],[24.6248,42.077404],[24.624826,42.07753],[24.624755,42.077562],[24.624756,42.07763],[24.624625,42.077748],[24.624517,42.07779],[24.624542,42.077817],[24.62459,42.077807],[24.624663,42.077838],[24.62464,42.077879],[24.624484,42.077948],[24.624461,42.07802],[24.62439,42.078075],[24.624293,42.078076],[24.624185,42.078131],[24.62421,42.078176],[24.624307,42.078175],[24.624167,42.07846],[24.624194,42.078568],[24.624343,42.0788],[24.624429,42.078867],[24.624598,42.078852],[24.624705,42.078792],[24.624547,42.078731],[24.624726,42.078594],[24.624834,42.078561],[24.624941,42.07847],[24.624974,42.078316],[24.625094,42.078261],[24.625408,42.078231],[24.625636,42.078143],[24.625865,42.078104],[24.626167,42.078092],[24.626516,42.078012],[24.626612,42.077975],[24.62661,42.077916],[24.626704,42.077749],[24.626522,42.077701],[24.626472,42.077639],[24.626555,42.07757],[24.626639,42.077533],[24.626722,42.077451],[24.626808,42.077482],[24.626904,42.077477],[24.627022,42.077331],[24.627129,42.077245],[24.627262,42.077243],[24.627744,42.077153],[24.628263,42.07712],[24.62847,42.077176],[24.628736,42.077214],[24.62899,42.077225],[24.629016,42.077315],[24.629006,42.077418],[24.628948,42.077527],[24.628754,42.077489],[24.628461,42.077375],[24.628389,42.077375],[24.628315,42.077331],[24.62781,42.077431],[24.627761,42.0774],[24.627616,42.077402],[24.627545,42.077483],[24.627657,42.077653],[24.627647,42.077788],[24.627601,42.07791],[24.62753,42.077983],[24.627531,42.078046],[24.627701,42.078044],[24.627907,42.078092],[24.627909,42.078186],[24.628006,42.078208],[24.628078,42.078193],[24.628126,42.078152],[24.628124,42.078058],[24.628207,42.077999],[24.628317,42.078038],[24.628379,42.078136],[24.628502,42.078261],[24.628612,42.078309],[24.628684,42.078295],[24.628731,42.078214],[24.628791,42.078199],[24.628949,42.078229],[24.629106,42.078223],[24.62918,42.078285],[24.6293,42.078284],[24.629413,42.078472],[24.629524,42.078592],[24.629586,42.078704],[24.629671,42.078703],[24.62973,42.078644],[24.629704,42.078527],[24.629619,42.078483],[24.629507,42.078322],[24.629481,42.078255],[24.629553,42.078209],[24.630313,42.078156],[24.630387,42.078205],[24.630413,42.078299],[24.630403,42.078407],[24.630489,42.078524],[24.63082,42.078745],[24.63081,42.078831],[24.631028,42.078829],[24.630976,42.078738],[24.631008,42.078666],[24.630992,42.078577],[24.630897,42.078501],[24.630726,42.07844],[24.630636,42.078343],[24.630621,42.078276],[24.63053,42.07811],[24.630445,42.078076],[24.630406,42.078005],[24.630302,42.07767],[24.630004,42.077298],[24.629925,42.077104],[24.629849,42.077008],[24.629733,42.076935],[24.629517,42.076687],[24.629516,42.076613],[24.629569,42.076457],[24.629571,42.07637],[24.62924,42.075729],[24.62914,42.075603],[24.628929,42.07543],[24.62897,42.07532],[24.628913,42.075201],[24.6288,42.074774],[24.628614,42.074527],[24.628603,42.074395],[24.628541,42.074295],[24.628438,42.074184],[24.628375,42.074145],[24.628337,42.074082],[24.628385,42.073863],[24.62833,42.073629],[24.628133,42.073291],[24.628154,42.073021],[24.628122,42.072843],[24.627964,42.072511],[24.6279,42.072421],[24.627716,42.07233],[24.627605,42.072197],[24.627569,42.072115],[24.627554,42.071761],[24.627581,42.071433],[24.627645,42.071218],[24.627671,42.071026],[24.627665,42.070963],[24.6276,42.070854],[24.627601,42.070901],[24.627518,42.070996],[24.627041,42.071321],[24.626994,42.071389],[24.626874,42.071462],[24.626595,42.071411],[24.626184,42.071402],[24.625679,42.071497],[24.625509,42.071495],[24.624976,42.071401],[24.624891,42.071398],[24.624831,42.071434],[24.624627,42.071473],[24.624386,42.071543],[24.624351,42.071575],[24.624352,42.07162],[24.624436,42.071637],[24.624438,42.071731],[24.624319,42.0718],[24.62421,42.071779],[24.624149,42.071788],[24.624126,42.07182],[24.624296,42.07189],[24.624285,42.071922],[24.6242,42.071918],[24.62403,42.071871],[24.623958,42.07188],[24.62385,42.071953],[24.623706,42.071977],[24.623549,42.071979],[24.623469,42.072232],[24.623317,42.072486],[24.623283,42.072621],[24.623276,42.072891],[24.623325,42.072954],[24.62351,42.073105],[24.62351,42.07315],[24.623451,42.073205],[24.623379,42.073205],[24.623258,42.073243],[24.623223,42.073284],[24.623092,42.073371],[24.622636,42.073573],[24.622444,42.07362],[24.622323,42.073617],[24.622153,42.073583],[24.622067,42.07353],[24.621763,42.073412],[24.621509,42.073387],[24.620748,42.073422],[24.620592,42.073464],[24.620353,42.073597],[24.620282,42.073684],[24.62026,42.073806],[24.620201,42.073883],[24.61972,42.074036],[24.619313,42.07423],[24.619108,42.074236],[24.618687,42.074322],[24.618555,42.074382],[24.618122,42.074508],[24.618258,42.074691],[24.618355,42.074703],[24.618478,42.07477],[24.6186,42.074876],[24.618675,42.074993],[24.618665,42.075083],[24.617952,42.075104],[24.617784,42.075178],[24.617701,42.075233],[24.617472,42.075284],[24.617437,42.075352],[24.617511,42.075433],[24.617538,42.075594],[24.617382,42.075655],[24.617225,42.075647],[24.616549,42.075686],[24.616403,42.075647],[24.616185,42.075631],[24.616114,42.075681],[24.616115,42.075744],[24.615911,42.075796],[24.615707,42.075906],[24.615624,42.075979],[24.615397,42.07613],[24.615313,42.076162],[24.614627,42.076305],[24.614555,42.076341],[24.614616,42.076377],[24.614679,42.076498],[24.61462,42.076561],[24.614524,42.076612],[24.614104,42.07676],[24.613934,42.07674],[24.613848,42.076664],[24.613739,42.076647],[24.613704,42.076697],[24.613852,42.076853],[24.613985,42.076874],[24.614362,42.076974],[24.614773,42.077005],[24.614966,42.076954],[24.615133,42.076844],[24.61535,42.076824],[24.615795,42.076725],[24.616374,42.076665],[24.616738,42.076728],[24.616762,42.076714],[24.616745,42.076458],[24.616792,42.076404],[24.616925,42.076375],[24.617277,42.076475],[24.617471,42.076495],[24.617653,42.076543],[24.617797,42.076501],[24.617832,42.076429],[24.617818,42.076298],[24.617719,42.076187],[24.61779,42.076118],[24.617774,42.075916],[24.617893,42.075811],[24.618099,42.075827],[24.618138,42.075971],[24.618187,42.076002],[24.618368,42.076004],[24.618441,42.07604],[24.618528,42.076138],[24.618785,42.076351],[24.619089,42.076451],[24.619176,42.07655],[24.618913,42.076701],[24.618697,42.07678],[24.61842,42.076823],[24.618349,42.076905],[24.61824,42.076911],[24.618132,42.076961],[24.617914,42.076945],[24.617721,42.076957],[24.617527,42.076887],[24.617261,42.076916],[24.617432,42.076987],[24.618073,42.077043],[24.618338,42.077004],[24.618639,42.076929],[24.618675,42.076888],[24.618687,42.076915],[24.618664,42.076951],[24.618351,42.077026],[24.618074,42.07707],[24.61742,42.077014],[24.616933,42.076821],[24.616739,42.07676],[24.616363,42.076692],[24.615808,42.076751],[24.61535,42.076851],[24.615145,42.076871],[24.614978,42.076976],[24.614774,42.077037],[24.61435,42.077001],[24.613974,42.076901],[24.613392,42.076808],[24.613257,42.076706],[24.613075,42.07665],[24.612893,42.076629],[24.612662,42.076577],[24.612373,42.076598],[24.612204,42.076632],[24.612156,42.076659],[24.611611,42.076561],[24.611281,42.076416],[24.610853,42.076114],[24.610548,42.075992],[24.610245,42.07595],[24.610075,42.075879],[24.609832,42.07581],[24.60971,42.07573],[24.609491,42.075651],[24.609123,42.07539],[24.608977,42.075351],[24.608733,42.075214],[24.608417,42.0751],[24.60816,42.074927],[24.607672,42.074693],[24.607488,42.07456],[24.607147,42.074415],[24.606578,42.074381],[24.606361,42.074414],[24.60613,42.074383],[24.606276,42.074368],[24.606362,42.074382],[24.606575,42.074349],[24.60716,42.074385],[24.607202,42.074402],[24.607316,42.07436],[24.607343,42.074269],[24.606587,42.074259],[24.606307,42.074291],[24.606234,42.074284],[24.606047,42.074312],[24.606041,42.074413],[24.606089,42.074581],[24.605584,42.074655],[24.604909,42.074929],[24.604888,42.074811],[24.604231,42.074753],[24.603862,42.074813],[24.603572,42.074821],[24.603384,42.074798],[24.603182,42.074748],[24.602958,42.074658],[24.602915,42.074713],[24.602539,42.074641],[24.602283,42.074613]],[[24.61509,42.076511],[24.615439,42.076404],[24.615548,42.076412],[24.615572,42.076425],[24.615547,42.076399],[24.615557,42.076281],[24.615485,42.076273],[24.615592,42.076196],[24.615688,42.076158],[24.615794,42.076045],[24.615817,42.075973],[24.615951,42.076025],[24.616025,42.076105],[24.616015,42.076205],[24.615945,42.076331],[24.615696,42.076542],[24.615781,42.076603],[24.615758,42.076671],[24.615264,42.07678],[24.615093,42.076682],[24.615055,42.076579],[24.61509,42.076511]],[[24.614658,42.076655],[24.614827,42.076627],[24.614912,42.076693],[24.614962,42.076783],[24.615023,42.076782],[24.615084,42.076831],[24.615085,42.076854],[24.614749,42.076979],[24.614651,42.076939],[24.614543,42.076954],[24.614385,42.076928],[24.614323,42.076866],[24.614383,42.076807],[24.614538,42.076702],[24.614658,42.076655]],[[24.625785,42.077119],[24.626012,42.076932],[24.626083,42.076896],[24.626206,42.076993],[24.626279,42.076997],[24.626315,42.077024],[24.626318,42.077181],[24.626356,42.077226],[24.626478,42.077297],[24.626467,42.077378],[24.626323,42.077433],[24.626277,42.077533],[24.626132,42.077534],[24.626033,42.07745],[24.625971,42.077356],[24.625764,42.077237],[24.625785,42.077119]],[[24.628037,42.076046],[24.627951,42.075944],[24.62795,42.075903],[24.627997,42.075862],[24.62807,42.075875],[24.628106,42.07583],[24.628334,42.075782],[24.628431,42.075786],[24.628611,42.075743],[24.628817,42.075723],[24.628902,42.075772],[24.628893,42.075929],[24.628859,42.076051],[24.628972,42.076248],[24.628986,42.076379],[24.628939,42.076433],[24.628842,42.076416],[24.628814,42.076223],[24.628825,42.07616],[24.628752,42.076165],[24.628632,42.076211],[24.628463,42.0762],[24.628244,42.076121],[24.62811,42.076091],[24.628037,42.076046]],[[24.620135,42.076143],[24.620207,42.076107],[24.620253,42.076007],[24.620313,42.075952],[24.620433,42.075938],[24.620543,42.075972],[24.620712,42.075993],[24.6208,42.076141],[24.620719,42.076344],[24.620682,42.076313],[24.620499,42.076234],[24.62039,42.076208],[24.620258,42.07625],[24.620149,42.07626],[24.6201,42.076207],[24.620135,42.076143]],[[24.621228,42.075146],[24.62141,42.07518],[24.621823,42.075315],[24.622102,42.075357],[24.622188,42.075397],[24.622201,42.075455],[24.622069,42.07552],[24.621974,42.075629],[24.621819,42.075729],[24.62165,42.075718],[24.621614,42.075754],[24.621725,42.075847],[24.621714,42.075902],[24.621642,42.075965],[24.621522,42.075967],[24.621463,42.076048],[24.621379,42.076099],[24.621186,42.07611],[24.620957,42.076171],[24.620909,42.076167],[24.620872,42.076149],[24.620871,42.0761],[24.621021,42.075715],[24.621117,42.075647],[24.621176,42.075565],[24.621135,42.075354],[24.621133,42.075228],[24.621193,42.075205],[24.621228,42.075146]],[[24.619797,42.0749],[24.61993,42.074898],[24.619991,42.074861],[24.619807,42.074783],[24.619937,42.074646],[24.620117,42.07455],[24.620251,42.074584],[24.620303,42.074782],[24.620219,42.07481],[24.620207,42.074851],[24.620245,42.074936],[24.620452,42.075001],[24.62079,42.075015],[24.620816,42.07511],[24.620806,42.075173],[24.620831,42.075249],[24.620835,42.075474],[24.620813,42.07556],[24.620669,42.075643],[24.620488,42.075644],[24.619753,42.075742],[24.61968,42.07572],[24.619667,42.075689],[24.619715,42.075657],[24.619615,42.075483],[24.619601,42.075384],[24.619648,42.075293],[24.61963,42.075005],[24.619568,42.074938],[24.619579,42.074871],[24.619652,42.07487],[24.619797,42.0749]],[[24.6204,42.074812],[24.620458,42.074708],[24.620906,42.074735],[24.620969,42.074865],[24.62097,42.074942],[24.620814,42.074975],[24.620524,42.07496],[24.620451,42.074943],[24.6204,42.074812]],[[24.62289,42.074197],[24.622843,42.074251],[24.622782,42.074261],[24.622661,42.074212],[24.622393,42.074143],[24.622344,42.074108],[24.622475,42.074007],[24.62257,42.073885],[24.622746,42.073793],[24.62281,42.073792],[24.622858,42.07381],[24.622824,42.073896],[24.622728,42.07396],[24.622705,42.074018],[24.622779,42.074063],[24.6229,42.074097],[24.62289,42.074197]],[[24.622773,42.074382],[24.62299,42.074398],[24.623149,42.074455],[24.623294,42.074485],[24.623368,42.074543],[24.62337,42.074682],[24.62331,42.074687],[24.623299,42.074728],[24.623324,42.074782],[24.623276,42.074787],[24.623154,42.074743],[24.622971,42.074628],[24.622837,42.074571],[24.622703,42.074559],[24.622679,42.074523],[24.622677,42.074437],[24.622773,42.074382]],[[24.624993,42.073567],[24.625201,42.073708],[24.625335,42.07377],[24.62559,42.073853],[24.625701,42.073924],[24.625969,42.074051],[24.62609,42.074091],[24.626283,42.074066],[24.62644,42.074029],[24.626621,42.074013],[24.62667,42.074076],[24.626683,42.074129],[24.626612,42.074166],[24.626466,42.074136],[24.626357,42.074146],[24.626371,42.074205],[24.626286,42.074215],[24.626263,42.074255],[24.62613,42.074261],[24.626131,42.074329],[24.626232,42.074548],[24.626415,42.074637],[24.626536,42.074635],[24.626596,42.074603],[24.62657,42.074527],[24.626485,42.074514],[24.626424,42.074479],[24.626557,42.074455],[24.626666,42.074499],[24.626762,42.074466],[24.626834,42.074421],[24.627089,42.074508],[24.627113,42.074463],[24.627075,42.074413],[24.626978,42.07436],[24.627001,42.074311],[24.627062,42.074324],[24.62717,42.074318],[24.627266,42.074267],[24.627423,42.074266],[24.627544,42.074291],[24.627738,42.074289],[24.627821,42.074235],[24.627942,42.07422],[24.628101,42.07434],[24.628174,42.074361],[24.628333,42.074454],[24.628227,42.074586],[24.628036,42.074727],[24.627857,42.074828],[24.627533,42.074967],[24.627377,42.074991],[24.627111,42.074994],[24.627,42.074896],[24.627095,42.074827],[24.627058,42.074787],[24.626974,42.074788],[24.626938,42.074829],[24.626952,42.074901],[24.626506,42.074969],[24.626375,42.075074],[24.626375,42.075087],[24.626461,42.075127],[24.626343,42.075281],[24.626344,42.075362],[24.626285,42.075403],[24.626235,42.07535],[24.626246,42.075282],[24.626174,42.075283],[24.626078,42.075329],[24.625983,42.075411],[24.625862,42.07543],[24.625729,42.075427],[24.625632,42.075392],[24.625631,42.07537],[24.62568,42.075369],[24.625751,42.075328],[24.625702,42.075292],[24.625366,42.075395],[24.625149,42.075438],[24.624944,42.075453],[24.624788,42.075523],[24.624642,42.075452],[24.624497,42.075454],[24.62464,42.075358],[24.624711,42.075262],[24.62466,42.075155],[24.624633,42.074993],[24.624739,42.074861],[24.624883,42.07477],[24.624905,42.074688],[24.624868,42.074608],[24.624951,42.074571],[24.625013,42.074611],[24.625073,42.074583],[24.625034,42.074458],[24.624936,42.074409],[24.624877,42.074446],[24.624842,42.074518],[24.624636,42.074529],[24.624514,42.074463],[24.624303,42.074164],[24.624168,42.074025],[24.624057,42.073946],[24.624064,42.073657],[24.624027,42.073604],[24.623929,42.073542],[24.623928,42.073479],[24.624144,42.073422],[24.624543,42.073427],[24.624895,42.073527],[24.624993,42.073567]],[[24.624835,42.072258],[24.62475,42.072246],[24.624737,42.07221],[24.624749,42.072183],[24.624821,42.072137],[24.624808,42.072105],[24.624868,42.072064],[24.624904,42.072059],[24.625148,42.072178],[24.625269,42.0722],[24.625295,42.07228],[24.625162,42.0723],[24.625114,42.072327],[24.625103,42.072372],[24.625128,42.072404],[24.625068,42.072436],[24.625032,42.072432],[24.62497,42.072351],[24.624835,42.072258]]],[[[24.617295,42.079982],[24.617327,42.079774],[24.617196,42.079857],[24.616956,42.079945],[24.616702,42.079961],[24.616558,42.080008],[24.616139,42.080201],[24.615934,42.080257],[24.615718,42.080295],[24.615417,42.080398],[24.615297,42.080421],[24.615212,42.080422],[24.61502,42.080469],[24.615002,42.080816],[24.614955,42.080871],[24.614959,42.0811],[24.614986,42.081253],[24.614944,42.0816],[24.614972,42.081789],[24.614964,42.081969],[24.614893,42.08206],[24.614895,42.082199],[24.614801,42.082322],[24.614658,42.08244],[24.614515,42.082518],[24.614517,42.08264],[24.61469,42.082827],[24.6148,42.082912],[24.615054,42.082909],[24.615103,42.082945],[24.615442,42.082995],[24.615564,42.083061],[24.615611,42.08312],[24.615618,42.08334],[24.615585,42.083534],[24.615462,42.084048],[24.615415,42.08413],[24.615517,42.084399],[24.615545,42.084597],[24.615595,42.084709],[24.615585,42.084803],[24.615503,42.084912],[24.615383,42.084976],[24.61536,42.085071],[24.615378,42.085346],[24.615481,42.0857],[24.615509,42.085885],[24.61622,42.085756],[24.616388,42.08574],[24.616632,42.085823],[24.616838,42.085871],[24.617042,42.085783],[24.617572,42.085701],[24.617802,42.085716],[24.617674,42.085353],[24.617588,42.085273],[24.617514,42.08517],[24.617475,42.085009],[24.617472,42.084896],[24.617398,42.08478],[24.617102,42.084477],[24.617027,42.084347],[24.616916,42.08424],[24.616729,42.083922],[24.61669,42.083806],[24.616541,42.08356],[24.616635,42.083446],[24.616725,42.083099],[24.616711,42.082986],[24.616586,42.082749],[24.61662,42.082627],[24.61669,42.0825],[24.616685,42.082217],[24.616594,42.08209],[24.616806,42.082126],[24.616872,42.081907],[24.61669,42.081876],[24.616689,42.081789],[24.616602,42.081709],[24.616554,42.081709],[24.616493,42.081674],[24.616454,42.08153],[24.616488,42.081422],[24.616425,42.081292],[24.616496,42.081179],[24.616479,42.080918],[24.616501,42.080845],[24.616549,42.080804],[24.616619,42.080664],[24.616604,42.080516],[24.616628,42.080479],[24.616867,42.080378],[24.617036,42.080358],[24.617131,42.080285],[24.617118,42.080213],[24.617068,42.080142],[24.617116,42.080096],[24.617248,42.080068],[24.617295,42.079982]]]]},"properties":{"cadreg":56}},{"type":"Feature","geometry":{"type":"MultiPolygon","coordinates":[[[[24.61733,42.074818],[24.616405,42.075116],[24.616033,42.075209],[24.615635,42.075286],[24.615228,42.075461],[24.61512,42.075552],[24.615062,42.075661],[24.614955,42.075765],[24.614803,42.075997],[24.614636,42.076133],[24.614206,42.07639],[24.613905,42.076447],[24.613761,42.076512],[24.613616,42.076513],[24.613326,42.076548],[24.612988,42.076547],[24.612662,42.076577],[24.612893,42.076629],[24.613075,42.07665],[24.613257,42.076706],[24.613392,42.076808],[24.613974,42.076901],[24.61435,42.077001],[24.614774,42.077037],[24.614978,42.076976],[24.615145,42.076871],[24.61535,42.076851],[24.615808,42.076751],[24.616363,42.076692],[24.616739,42.07676],[24.616933,42.076821],[24.61742,42.077014],[24.618074,42.07707],[24.618351,42.077026],[24.618664,42.076951],[24.618687,42.076915],[24.618675,42.076888],[24.618639,42.076929],[24.618338,42.077004],[24.618073,42.077043],[24.617432,42.076987],[24.617261,42.076916],[24.617527,42.076887],[24.617721,42.076957],[24.617914,42.076945],[24.618132,42.076961],[24.61824,42.076911],[24.618349,42.076905],[24.61842,42.076823],[24.618697,42.07678],[24.618913,42.076701],[24.619176,42.07655],[24.619089,42.076451],[24.618785,42.076351],[24.618528,42.076138],[24.618441,42.07604],[24.618368,42.076004],[24.618187,42.076002],[24.618138,42.075971],[24.618099,42.075827],[24.617893,42.075811],[24.617774,42.075916],[24.61779,42.076118],[24.617719,42.076187],[24.617818,42.076298],[24.617832,42.076429],[24.617797,42.076501],[24.617653,42.076543],[24.617471,42.076495],[24.617277,42.076475],[24.616925,42.076375],[24.616792,42.076404],[24.616745,42.076458],[24.616762,42.076714],[24.616738,42.076728],[24.616374,42.076665],[24.615795,42.076725],[24.61535,42.076824],[24.615133,42.076844],[24.614966,42.076954],[24.614773,42.077005],[24.614362,42.076974],[24.613985,42.076874],[24.613852,42.076853],[24.613704,42.076697],[24.613739,42.076647],[24.613848,42.076664],[24.613934,42.07674],[24.614104,42.07676],[24.614524,42.076612],[24.61462,42.076561],[24.614679,42.076498],[24.614616,42.076377],[24.614555,42.076341],[24.614627,42.076305],[24.615313,42.076162],[24.615397,42.07613],[24.615624,42.075979],[24.615707,42.075906],[24.615911,42.075796],[24.616115,42.075744],[24.616114,42.075681],[24.616185,42.075631],[24.616403,42.075647],[24.616549,42.075686],[24.617225,42.075647],[24.617382,42.075655],[24.617538,42.075594],[24.617511,42.075433],[24.617437,42.075352],[24.617472,42.075284],[24.617701,42.075233],[24.617784,42.075178],[24.617952,42.075104],[24.618665,42.075083],[24.618675,42.074993],[24.6186,42.074876],[24.618478,42.07477],[24.618355,42.074703],[24.618258,42.074691],[24.618122,42.074508],[24.617858,42.074578],[24.61733,42.074818]]],[[[24.615794,42.076045],[24.615688,42.076158],[24.615592,42.076196],[24.615485,42.076273],[24.615557,42.076281],[24.615547,42.076399],[24.615572,42.076425],[24.615548,42.076412],[24.615439,42.076404],[24.61509,42.076511],[24.615055,42.076579],[24.615093,42.076682],[24.615264,42.07678],[24.615758,42.076671],[24.615781,42.076603],[24.615696,42.076542],[24.615945,42.076331],[24.616015,42.076205],[24.616025,42.076105],[24.615951,42.076025],[24.615817,42.075973],[24.615794,42.076045]]],[[[24.614538,42.076702],[24.614383,42.076807],[24.614323,42.076866],[24.614385,42.076928],[24.614543,42.076954],[24.614651,42.076939],[24.614749,42.076979],[24.615085,42.076854],[24.615084,42.076831],[24.615023,42.076782],[24.614962,42.076783],[24.614912,42.076693],[24.614827,42.076627],[24.614658,42.076655],[24.614538,42.076702]]],[[[24.617747,42.080256],[24.617852,42.080669],[24.61771,42.080842],[24.617676,42.080959],[24.617628,42.080964],[24.617638,42.080879],[24.617791,42.080665],[24.61774,42.080499],[24.617678,42.08041],[24.617489,42.080016],[24.617523,42.079903],[24.617618,42.07983],[24.617604,42.079722],[24.61753,42.079651],[24.617327,42.079774],[24.617295,42.079982],[24.617248,42.080068],[24.617116,42.080096],[24.617068,42.080142],[24.617118,42.080213],[24.617131,42.080285],[24.617036,42.080358],[24.616867,42.080378],[24.616628,42.080479],[24.616604,42.080516],[24.616619,42.080664],[24.616549,42.080804],[24.616501,42.080845],[24.616479,42.080918],[24.616496,42.081179],[24.616425,42.081292],[24.616488,42.081422],[24.616454,42.08153],[24.616493,42.081674],[24.616554,42.081709],[24.616602,42.081709],[24.616689,42.081789],[24.61669,42.081876],[24.616872,42.081907],[24.616806,42.082126],[24.616594,42.08209],[24.616685,42.082217],[24.61669,42.0825],[24.61662,42.082627],[24.616586,42.082749],[24.616711,42.082986],[24.616725,42.083099],[24.616635,42.083446],[24.616541,42.08356],[24.61669,42.083806],[24.616729,42.083922],[24.616916,42.08424],[24.617027,42.084347],[24.617102,42.084477],[24.617398,42.08478],[24.617472,42.084896],[24.617475,42.085009],[24.617514,42.08517],[24.617588,42.085273],[24.617674,42.085353],[24.617764,42.085631],[24.617852,42.085779],[24.61789,42.085882],[24.617887,42.086373],[24.61793,42.086704],[24.617934,42.087009],[24.617866,42.087152],[24.617821,42.087373],[24.617815,42.087684],[24.617734,42.087856],[24.617232,42.088176],[24.617184,42.088176],[24.61703,42.088349],[24.616912,42.088512],[24.617034,42.088543],[24.617095,42.088583],[24.617169,42.088672],[24.617218,42.088813],[24.617529,42.088919],[24.617592,42.08892],[24.617802,42.088813],[24.617907,42.088718],[24.618159,42.088589],[24.618279,42.088543],[24.618436,42.088532],[24.61864,42.088458],[24.618784,42.08843],[24.61888,42.088357],[24.618988,42.088329],[24.61917,42.088349],[24.619277,42.088276],[24.619543,42.0883],[24.619761,42.088302],[24.620594,42.088258],[24.620776,42.088265],[24.621028,42.088208],[24.621378,42.088182],[24.621547,42.088126],[24.621605,42.087999],[24.622039,42.087954],[24.622255,42.087894],[24.622437,42.087923],[24.622639,42.088344],[24.622667,42.088556],[24.622791,42.088721],[24.622846,42.089089],[24.622864,42.089382],[24.622953,42.089601],[24.622969,42.089831],[24.62296,42.090002],[24.623,42.090182],[24.623091,42.090337],[24.62307,42.090694],[24.62298,42.091033],[24.622971,42.091195],[24.62289,42.091394],[24.622944,42.091701],[24.622992,42.091685],[24.622938,42.091398],[24.623019,42.091199],[24.623028,42.091037],[24.623119,42.090698],[24.623127,42.090523],[24.623111,42.090293],[24.623048,42.090172],[24.623009,42.090002],[24.623017,42.08983],[24.623001,42.089592],[24.622912,42.089372],[24.622895,42.089102],[24.622839,42.088707],[24.622715,42.088542],[24.622687,42.088335],[24.622587,42.088151],[24.62251,42.087954],[24.622473,42.087891],[24.622359,42.087878],[24.62317,42.087705],[24.623357,42.087651],[24.623692,42.087729],[24.62404,42.087737],[24.62428,42.087775],[24.62452,42.086674],[24.62484,42.086702],[24.625481,42.086723],[24.625637,42.087097],[24.625663,42.087274],[24.626414,42.087197],[24.626515,42.087493],[24.62675,42.087774],[24.626888,42.088065],[24.627,42.08824],[24.627232,42.088475],[24.627253,42.088143],[24.627238,42.08794],[24.627171,42.087659],[24.627082,42.087455],[24.626971,42.087344],[24.62693,42.087097],[24.626764,42.086594],[24.626664,42.08642],[24.626663,42.08637],[24.626566,42.086358],[24.626564,42.086295],[24.626526,42.086192],[24.626524,42.086093],[24.626704,42.085992],[24.627105,42.086096],[24.627251,42.086157],[24.627335,42.086143],[24.62737,42.086075],[24.62738,42.085953],[24.627343,42.085922],[24.627101,42.085893],[24.626784,42.085752],[24.626759,42.085699],[24.626792,42.085541],[24.626909,42.08535],[24.626908,42.085278],[24.626991,42.085232],[24.627136,42.085208],[24.627232,42.085153],[24.62723,42.085086],[24.627134,42.085087],[24.627026,42.08512],[24.626856,42.085117],[24.626759,42.085073],[24.626782,42.085019],[24.626841,42.084964],[24.626949,42.0849],[24.626986,42.084935],[24.627083,42.084966],[24.62718,42.084956],[24.627397,42.084972],[24.627542,42.084952],[24.628104,42.085248],[24.628261,42.085242],[24.628235,42.085179],[24.628102,42.08514],[24.627907,42.085047],[24.627735,42.084941],[24.627588,42.084812],[24.62738,42.084711],[24.627367,42.084634],[24.627438,42.084543],[24.627522,42.084529],[24.627851,42.084661],[24.628337,42.084822],[24.628582,42.084964],[24.628582,42.084982],[24.628632,42.084997],[24.628674,42.084992],[24.628841,42.085047],[24.628846,42.084969],[24.629041,42.08503],[24.629043,42.085049],[24.629479,42.085085],[24.629551,42.085057],[24.629579,42.085015],[24.629551,42.085],[24.629587,42.084786],[24.629739,42.084803],[24.62981,42.084739],[24.629868,42.084608],[24.629892,42.08459],[24.630219,42.084627],[24.630413,42.084661],[24.630717,42.084743],[24.630923,42.084763],[24.631116,42.084748],[24.631368,42.084628],[24.631476,42.084622],[24.631503,42.084762],[24.631566,42.0849],[24.631616,42.084954],[24.631667,42.085088],[24.63182,42.085313],[24.631924,42.085302],[24.632008,42.085274],[24.631911,42.085143],[24.632031,42.085083],[24.631877,42.084793],[24.631782,42.084781],[24.631817,42.084731],[24.631767,42.084642],[24.631813,42.084515],[24.632088,42.084395],[24.632257,42.084375],[24.632257,42.084348],[24.632414,42.084351],[24.632487,42.084364],[24.632573,42.084476],[24.63265,42.084713],[24.63275,42.084847],[24.632885,42.084985],[24.632997,42.085155],[24.632998,42.085182],[24.632901,42.085197],[24.632902,42.085219],[24.63317,42.08532],[24.633376,42.085358],[24.634221,42.08538],[24.634665,42.085371],[24.635137,42.085327],[24.635474,42.08523],[24.63573,42.085115],[24.635959,42.084953],[24.636564,42.084436],[24.636786,42.08436],[24.63661,42.084209],[24.636452,42.084045],[24.636098,42.083759],[24.635458,42.083457],[24.635283,42.083397],[24.635119,42.083315],[24.63508,42.08322],[24.635042,42.083194],[24.634954,42.083182],[24.634743,42.08322],[24.634543,42.083177],[24.634427,42.083137],[24.634235,42.083031],[24.634047,42.082792],[24.633931,42.082702],[24.633923,42.082616],[24.633964,42.082548],[24.634098,42.082412],[24.634132,42.082324],[24.634071,42.08228],[24.633992,42.082256],[24.633822,42.082292],[24.633659,42.082408],[24.633481,42.082465],[24.633292,42.082503],[24.633061,42.082507],[24.632896,42.082473],[24.632775,42.082439],[24.63255,42.082339],[24.631853,42.081916],[24.63156,42.081769],[24.631304,42.081613],[24.631146,42.081449],[24.631031,42.081225],[24.631142,42.081171],[24.631168,42.081108],[24.631162,42.081041],[24.631108,42.080953],[24.631127,42.080882],[24.63142,42.080631],[24.631446,42.080508],[24.631347,42.080332],[24.631404,42.080264],[24.63148,42.080066],[24.631445,42.079929],[24.631225,42.079448],[24.631066,42.079251],[24.631017,42.07914],[24.630994,42.079008],[24.63104,42.078903],[24.631028,42.078829],[24.63081,42.078831],[24.63082,42.078745],[24.630489,42.078524],[24.630403,42.078407],[24.630413,42.078299],[24.630387,42.078205],[24.630313,42.078156],[24.629553,42.078209],[24.629481,42.078255],[24.629507,42.078322],[24.629619,42.078483],[24.629704,42.078527],[24.62973,42.078644],[24.629671,42.078703],[24.629586,42.078704],[24.629524,42.078592],[24.629413,42.078472],[24.6293,42.078284],[24.62918,42.078285],[24.629106,42.078223],[24.628949,42.078229],[24.628791,42.078199],[24.628731,42.078214],[24.628684,42.078295],[24.628612,42.078309],[24.628502,42.078261],[24.628379,42.078136],[24.628317,42.078038],[24.628207,42.077999],[24.628124,42.078058],[24.628126,42.078152],[24.628078,42.078193],[24.628006,42.078208],[24.627909,42.078186],[24.627907,42.078092],[24.627701,42.078044],[24.627531,42.078046],[24.62753,42.077983],[24.627601,42.07791],[24.627647,42.077788],[24.627657,42.077653],[24.627545,42.077483],[24.627616,42.077402],[24.627761,42.0774],[24.62781,42.077431],[24.628315,42.077331],[24.628389,42.077375],[24.628461,42.077375],[24.628754,42.077489],[24.628948,42.077527],[24.629006,42.077418],[24.629016,42.077315],[24.62899,42.077225],[24.628736,42.077214],[24.62847,42.077176],[24.628263,42.07712],[24.627744,42.077153],[24.627262,42.077243],[24.627129,42.077245],[24.627022,42.077331],[24.626904,42.077477],[24.626808,42.077482],[24.626722,42.077451],[24.626639,42.077533],[24.626555,42.07757],[24.626472,42.077639],[24.626522,42.077701],[24.626704,42.077749],[24.62661,42.077916],[24.626612,42.077975],[24.626516,42.078012],[24.626167,42.078092],[24.625865,42.078104],[24.625636,42.078143],[24.625408,42.078231],[24.625094,42.078261],[24.624974,42.078316],[24.624941,42.07847],[24.624834,42.078561],[24.624726,42.078594],[24.624547,42.078731],[24.624705,42.078792],[24.624598,42.078852],[24.624429,42.078867],[24.624343,42.0788],[24.624194,42.078568],[24.624167,42.07846],[24.624307,42.078175],[24.62421,42.078176],[24.624185,42.078131],[24.624293,42.078076],[24.62439,42.078075],[24.624461,42.07802],[24.624484,42.077948],[24.62464,42.077879],[24.624663,42.077838],[24.62459,42.077807],[24.624542,42.077817],[24.624517,42.07779],[24.624625,42.077748],[24.624756,42.07763],[24.624755,42.077562],[24.624826,42.07753],[24.6248,42.077404],[24.624726,42.077356],[24.624678,42.07737],[24.624655,42.077401],[24.624667,42.077433],[24.62462,42.07746],[24.624256,42.077406],[24.624184,42.077424],[24.624051,42.077408],[24.623894,42.077409],[24.623737,42.077438],[24.623484,42.077459],[24.623329,42.077604],[24.623185,42.077655],[24.623039,42.077603],[24.623026,42.077545],[24.623073,42.077495],[24.623205,42.077444],[24.62312,42.077408],[24.623058,42.077333],[24.623092,42.077188],[24.62298,42.077036],[24.622798,42.077011],[24.622592,42.076959],[24.622445,42.076862],[24.622444,42.076808],[24.62231,42.076755],[24.622212,42.076666],[24.622078,42.076641],[24.621956,42.076547],[24.621847,42.076535],[24.621776,42.07663],[24.621656,42.076663],[24.621653,42.076546],[24.621688,42.076478],[24.621808,42.076441],[24.621905,42.076458],[24.622028,42.076529],[24.622184,42.076495],[24.62228,42.076436],[24.622389,42.076462],[24.622426,42.076502],[24.622499,42.076519],[24.62274,42.076476],[24.622898,42.076546],[24.622971,42.076564],[24.623006,42.076514],[24.623139,42.076494],[24.623223,42.076484],[24.623345,42.07651],[24.623526,42.076517],[24.623622,42.07648],[24.623854,42.076581],[24.624001,42.076728],[24.624111,42.076754],[24.624159,42.076754],[24.624158,42.076691],[24.624229,42.076645],[24.624338,42.076612],[24.624616,42.07665],[24.625001,42.07656],[24.625143,42.07637],[24.625214,42.076324],[24.625141,42.076275],[24.625056,42.076249],[24.624994,42.076151],[24.624833,42.075972],[24.624503,42.075751],[24.624326,42.075365],[24.624001,42.075409],[24.62381,42.075551],[24.623665,42.075566],[24.623507,42.075505],[24.62324,42.075449],[24.623238,42.075336],[24.623177,42.075292],[24.623079,42.075252],[24.622801,42.075228],[24.622644,42.075275],[24.622537,42.075344],[24.622587,42.075406],[24.62266,42.075459],[24.622818,42.07553],[24.622905,42.07561],[24.622821,42.075656],[24.622503,42.075484],[24.622383,42.075489],[24.622323,42.075558],[24.622349,42.075616],[24.622446,42.075655],[24.622435,42.075727],[24.622607,42.075874],[24.622536,42.075924],[24.622392,42.075976],[24.622163,42.075996],[24.622007,42.076074],[24.621781,42.076243],[24.621661,42.076307],[24.621543,42.07648],[24.621387,42.07654],[24.621316,42.07659],[24.621171,42.076605],[24.621013,42.076571],[24.620918,42.076648],[24.620822,42.076658],[24.620773,42.076645],[24.620626,42.076525],[24.620408,42.076528],[24.620276,42.076556],[24.619759,42.076724],[24.619652,42.076824],[24.619666,42.076905],[24.619765,42.077016],[24.619803,42.077115],[24.619696,42.077215],[24.619612,42.077261],[24.619516,42.077271],[24.61936,42.077331],[24.619135,42.077576],[24.619104,42.077838],[24.619044,42.077906],[24.618973,42.077952],[24.618927,42.07806],[24.618956,42.07833],[24.618896,42.078376],[24.618787,42.078377],[24.618605,42.078316],[24.618532,42.078308],[24.618449,42.078389],[24.618343,42.078521],[24.618357,42.078638],[24.618254,42.078909],[24.618147,42.079027],[24.618031,42.079285],[24.618046,42.079456],[24.61812,42.079523],[24.618786,42.079556],[24.619039,42.079522],[24.619065,42.079612],[24.618449,42.079628],[24.618293,42.079688],[24.618366,42.079741],[24.618632,42.079738],[24.61908,42.07976],[24.619094,42.079864],[24.619264,42.079939],[24.618745,42.079944],[24.61875,42.080228],[24.61888,42.08069],[24.618965,42.080743],[24.619061,42.08072],[24.619072,42.08062],[24.619131,42.080552],[24.619129,42.080467],[24.619176,42.080408],[24.619214,42.080484],[24.619254,42.0807],[24.619219,42.080767],[24.619123,42.080755],[24.619063,42.080778],[24.61904,42.080877],[24.619114,42.080935],[24.61938,42.080937],[24.619476,42.080913],[24.619465,42.080981],[24.619393,42.081],[24.618946,42.081018],[24.618883,42.080861],[24.618785,42.080822],[24.618689,42.080854],[24.618626,42.080679],[24.618708,42.080552],[24.618627,42.080098],[24.618673,42.079967],[24.618466,42.079929],[24.618237,42.079936],[24.61819,42.07999],[24.618229,42.080139],[24.618232,42.080332],[24.618308,42.080516],[24.618351,42.080849],[24.618229,42.080818],[24.618056,42.079974],[24.618007,42.079925],[24.617886,42.079899],[24.617765,42.079932],[24.617694,42.080005],[24.617745,42.080148],[24.617747,42.080256]]],[[[24.619807,42.074783],[24.619991,42.074861],[24.61993,42.074898],[24.619797,42.0749],[24.619652,42.07487],[24.619579,42.074871],[24.619568,42.074938],[24.61963,42.075005],[24.619648,42.075293],[24.619601,42.075384],[24.619615,42.075483],[24.619715,42.075657],[24.619667,42.075689],[24.61968,42.07572],[24.619753,42.075742],[24.620488,42.075644],[24.620669,42.075643],[24.620813,42.07556],[24.620835,42.075474],[24.620831,42.075249],[24.620806,42.075173],[24.620816,42.07511],[24.62079,42.075015],[24.620452,42.075001],[24.620245,42.074936],[24.620207,42.074851],[24.620219,42.07481],[24.620303,42.074782],[24.620251,42.074584],[24.620117,42.07455],[24.619937,42.074646],[24.619807,42.074783]]],[[[24.620135,42.076143],[24.6201,42.076207],[24.620149,42.07626],[24.620258,42.07625],[24.62039,42.076208],[24.620499,42.076234],[24.620682,42.076313],[24.620719,42.076344],[24.6208,42.076141],[24.620712,42.075993],[24.620543,42.075972],[24.620433,42.075938],[24.620313,42.075952],[24.620253,42.076007],[24.620207,42.076107],[24.620135,42.076143]]],[[[24.620814,42.074975],[24.62097,42.074942],[24.620969,42.074865],[24.620906,42.074735],[24.620458,42.074708],[24.6204,42.074812],[24.620451,42.074943],[24.620669,42.074976],[24.620814,42.074975]]],[[[24.622069,42.07552],[24.622201,42.075455],[24.622188,42.075397],[24.622102,42.075357],[24.621823,42.075315],[24.62141,42.07518],[24.621228,42.075146],[24.621193,42.075205],[24.621133,42.075228],[24.621135,42.075354],[24.621176,42.075565],[24.621117,42.075647],[24.621021,42.075715],[24.620906,42.075996],[24.620872,42.076149],[24.620957,42.076171],[24.621186,42.07611],[24.621379,42.076099],[24.621463,42.076048],[24.621522,42.075967],[24.621642,42.075965],[24.621714,42.075902],[24.621725,42.075847],[24.621614,42.075754],[24.62165,42.075718],[24.621819,42.075729],[24.621974,42.075629],[24.622069,42.07552]]],[[[24.622744,42.066824],[24.623057,42.067036],[24.623315,42.067322],[24.623658,42.067566],[24.623782,42.067718],[24.62392,42.067973],[24.624039,42.068534],[24.623993,42.068639],[24.623531,42.069139],[24.623487,42.069342],[24.623497,42.069909],[24.623455,42.070206],[24.623536,42.070656],[24.623459,42.07108],[24.623457,42.071615],[24.623484,42.071755],[24.6235,42.071971],[24.623488,42.071989],[24.623706,42.071977],[24.62385,42.071953],[24.623958,42.07188],[24.62403,42.071871],[24.6242,42.071918],[24.624285,42.071922],[24.624296,42.07189],[24.624126,42.07182],[24.624149,42.071788],[24.62421,42.071779],[24.624319,42.0718],[24.624438,42.071731],[24.624436,42.071637],[24.624352,42.07162],[24.624351,42.071575],[24.624386,42.071543],[24.624627,42.071473],[24.624831,42.071434],[24.624891,42.071398],[24.624976,42.071401],[24.625509,42.071495],[24.625679,42.071497],[24.626184,42.071402],[24.626595,42.071411],[24.626874,42.071462],[24.626994,42.071389],[24.627041,42.071321],[24.627518,42.070996],[24.627601,42.070901],[24.6276,42.070854],[24.62712,42.070238],[24.626834,42.069908],[24.626782,42.069867],[24.626434,42.069923],[24.626176,42.069929],[24.626014,42.069915],[24.625861,42.069864],[24.625539,42.069792],[24.625459,42.06976],[24.625156,42.069693],[24.624904,42.069609],[24.624576,42.069404],[24.624508,42.069293],[24.624496,42.068984],[24.624374,42.068536],[24.624341,42.068334],[24.624233,42.068128],[24.624238,42.067947],[24.624032,42.067686],[24.623507,42.067403],[24.62327,42.067251],[24.623073,42.067026],[24.62276,42.066814],[24.62266,42.066671],[24.62264,42.066595],[24.622652,42.066533],[24.622599,42.066528],[24.62264,42.066675],[24.622687,42.066763],[24.622744,42.066824]]],[[[24.62351,42.073105],[24.623276,42.072891],[24.623258,42.073243],[24.623379,42.073205],[24.623451,42.073205],[24.62351,42.07315],[24.62351,42.073105]]],[[[24.622782,42.074261],[24.622843,42.074251],[24.62289,42.074197],[24.6229,42.074097],[24.622779,42.074063],[24.622705,42.074018],[24.622728,42.07396],[24.622824,42.073896],[24.622847,42.073855],[24.622858,42.07381],[24.62281,42.073792],[24.622746,42.073793],[24.62257,42.073885],[24.622475,42.074007],[24.622344,42.074108],[24.622393,42.074143],[24.622661,42.074212],[24.622782,42.074261]]],[[[24.622677,42.074437],[24.622679,42.074523],[24.622703,42.074559],[24.622837,42.074571],[24.622971,42.074628],[24.623154,42.074743],[24.623276,42.074787],[24.623324,42.074782],[24.623299,42.074728],[24.62331,42.074687],[24.62337,42.074682],[24.623368,42.074543],[24.623294,42.074485],[24.623149,42.074455],[24.62299,42.074398],[24.622773,42.074382],[24.622677,42.074437]]],[[[24.625148,42.072178],[24.624904,42.072059],[24.624868,42.072064],[24.624808,42.072105],[24.624821,42.072137],[24.624749,42.072183],[24.624737,42.07221],[24.62475,42.072246],[24.624835,42.072258],[24.62497,42.072351],[24.625032,42.072432],[24.625068,42.072436],[24.625128,42.072404],[24.625103,42.072372],[24.625114,42.072327],[24.625162,42.0723],[24.625295,42.07228],[24.625269,42.0722],[24.625148,42.072178]]],[[[24.624027,42.073604],[24.624064,42.073657],[24.624057,42.073946],[24.624168,42.074025],[24.624303,42.074164],[24.624514,42.074463],[24.624636,42.074529],[24.624733,42.074528],[24.624842,42.074518],[24.624877,42.074446],[24.624936,42.074409],[24.625034,42.074458],[24.625073,42.074583],[24.625013,42.074611],[24.624951,42.074571],[24.624868,42.074608],[24.624905,42.074688],[24.624883,42.07477],[24.624739,42.074861],[24.624633,42.074993],[24.62466,42.075155],[24.624711,42.075262],[24.62464,42.075358],[24.624497,42.075454],[24.624642,42.075452],[24.624788,42.075523],[24.624944,42.075453],[24.625149,42.075438],[24.625366,42.075395],[24.625702,42.075292],[24.625751,42.075328],[24.62568,42.075369],[24.625631,42.07537],[24.625632,42.075392],[24.625729,42.075427],[24.625862,42.07543],[24.625983,42.075411],[24.626078,42.075329],[24.626174,42.075283],[24.626246,42.075282],[24.626235,42.07535],[24.626285,42.075403],[24.626344,42.075362],[24.626343,42.075281],[24.626461,42.075127],[24.626375,42.075087],[24.626375,42.075074],[24.626506,42.074969],[24.626952,42.074901],[24.626938,42.074829],[24.626974,42.074788],[24.627058,42.074787],[24.627095,42.074827],[24.627,42.074896],[24.627111,42.074994],[24.627377,42.074991],[24.627533,42.074967],[24.627857,42.074828],[24.628036,42.074727],[24.628227,42.074586],[24.628333,42.074454],[24.628174,42.074361],[24.628101,42.07434],[24.627942,42.07422],[24.627821,42.074235],[24.627738,42.074289],[24.627544,42.074291],[24.627423,42.074266],[24.627266,42.074267],[24.62717,42.074318],[24.627062,42.074324],[24.627001,42.074311],[24.626978,42.07436],[24.627075,42.074413],[24.627113,42.074463],[24.627089,42.074508],[24.626834,42.074421],[24.626762,42.074466],[24.626666,42.074499],[24.626557,42.074455],[24.626424,42.074479],[24.626485,42.074514],[24.62657,42.074527],[24.626596,42.074603],[24.626536,42.074635],[24.626415,42.074637],[24.626232,42.074548],[24.626131,42.074329],[24.62613,42.074261],[24.626263,42.074255],[24.626286,42.074215],[24.626371,42.074205],[24.626357,42.074146],[24.626466,42.074136],[24.626612,42.074166],[24.626683,42.074129],[24.62667,42.074076],[24.626621,42.074013],[24.62644,42.074029],[24.626283,42.074066],[24.62609,42.074091],[24.625969,42.074051],[24.625701,42.073924],[24.62559,42.073853],[24.625408,42.073801],[24.625201,42.073708],[24.624993,42.073567],[24.624798,42.073492],[24.624543,42.073427],[24.624144,42.073422],[24.623928,42.073479],[24.623929,42.073542],[24.624027,42.073604]]],[[[24.628817,42.075723],[24.628611,42.075743],[24.628431,42.075786],[24.628334,42.075782],[24.628106,42.07583],[24.62807,42.075875],[24.627997,42.075862],[24.62795,42.075903],[24.627951,42.075944],[24.628037,42.076046],[24.62811,42.076091],[24.628244,42.076121],[24.628463,42.0762],[24.628632,42.076211],[24.628752,42.076165],[24.628825,42.07616],[24.628814,42.076223],[24.628842,42.076416],[24.628939,42.076433],[24.628986,42.076379],[24.628972,42.076248],[24.628859,42.076051],[24.628893,42.075929],[24.628902,42.075772],[24.628817,42.075723]]],[[[24.626206,42.076993],[24.626083,42.076896],[24.626012,42.076932],[24.625785,42.077119],[24.625764,42.077237],[24.625971,42.077356],[24.626033,42.07745],[24.626132,42.077534],[24.626277,42.077533],[24.626323,42.077433],[24.626467,42.077378],[24.626478,42.077297],[24.626356,42.077226],[24.626318,42.077181],[24.626315,42.077024],[24.626279,42.076997],[24.626206,42.076993]]]]},"properties":{"cadreg":55}},{"type":"Feature","geometry":{"type":"Polygon","coordinates":[[[24.594779,42.067651],[24.59446,42.068023],[24.594197,42.068188],[24.594125,42.068202],[24.593911,42.068394],[24.593672,42.068554],[24.593253,42.068743],[24.593086,42.068888],[24.592803,42.069238],[24.59271,42.06945],[24.592689,42.069622],[24.592731,42.069959],[24.592995,42.070487],[24.593796,42.071308],[24.594017,42.071494],[24.594801,42.072058],[24.594864,42.072201],[24.594865,42.072287],[24.594978,42.07252],[24.595043,42.072776],[24.595036,42.073032],[24.59505,42.073113],[24.595237,42.073253],[24.595997,42.07335],[24.596274,42.073423],[24.59615,42.073203],[24.597076,42.073151],[24.597107,42.072937],[24.597373,42.072959],[24.597383,42.072821],[24.597261,42.07255],[24.597069,42.072598],[24.596816,42.072637],[24.596709,42.072317],[24.596648,42.072322],[24.596591,42.072204],[24.596827,42.072169],[24.59695,42.072574],[24.597291,42.072492],[24.597413,42.072844],[24.597412,42.072819],[24.597834,42.072797],[24.597835,42.073016],[24.598149,42.073156],[24.598333,42.073056],[24.598495,42.073169],[24.598604,42.073281],[24.598829,42.073569],[24.59887,42.073844],[24.599209,42.074253],[24.599137,42.074276],[24.599312,42.074413],[24.599417,42.074312],[24.599666,42.074299],[24.600121,42.074173],[24.600146,42.074211],[24.600684,42.074066],[24.600939,42.074051],[24.601168,42.074017],[24.601272,42.07415],[24.601648,42.073882],[24.601899,42.073791],[24.602015,42.073776],[24.602128,42.073481],[24.602518,42.073551],[24.602526,42.073434],[24.602593,42.073322],[24.602541,42.073284],[24.602338,42.073013],[24.602359,42.072955],[24.603284,42.072857],[24.603476,42.072885],[24.603551,42.073129],[24.604362,42.072851],[24.604458,42.072782],[24.604529,42.072709],[24.604632,42.072384],[24.604763,42.072288],[24.605022,42.071943],[24.604949,42.071886],[24.604837,42.071747],[24.60486,42.071666],[24.604955,42.071602],[24.605088,42.071565],[24.605083,42.071321],[24.605141,42.071217],[24.605272,42.071103],[24.605475,42.070966],[24.605546,42.070875],[24.605744,42.070504],[24.605825,42.070283],[24.606097,42.06996],[24.60636,42.069809],[24.606374,42.069935],[24.606224,42.070315],[24.606262,42.070386],[24.606395,42.070416],[24.606467,42.070371],[24.606526,42.070294],[24.606676,42.069891],[24.606685,42.069761],[24.606587,42.069676],[24.606413,42.069439],[24.606308,42.068968],[24.606231,42.068721],[24.606215,42.06851],[24.60635,42.068004],[24.606299,42.067847],[24.606187,42.067695],[24.606137,42.067592],[24.606134,42.067421],[24.60618,42.067294],[24.606104,42.067138],[24.605969,42.067022],[24.605654,42.066327],[24.605593,42.066288],[24.605591,42.06617],[24.605727,42.065687],[24.605736,42.065543],[24.605732,42.0653],[24.605603,42.06491],[24.605562,42.064627],[24.605597,42.064536],[24.605692,42.064459],[24.605844,42.064201],[24.60583,42.064115],[24.605767,42.063967],[24.605896,42.063772],[24.606028,42.063708],[24.606278,42.063476],[24.606185,42.063058],[24.606183,42.062927],[24.606252,42.062774],[24.606308,42.062507],[24.606413,42.062322],[24.606309,42.061913],[24.606303,42.061612],[24.606246,42.061149],[24.606196,42.061059],[24.606055,42.06061],[24.605831,42.060297],[24.606024,42.060268],[24.606107,42.060173],[24.606141,42.060074],[24.606115,42.05997],[24.606041,42.05989],[24.606027,42.059796],[24.605476,42.059369],[24.605366,42.059325],[24.605233,42.059313],[24.605136,42.059269],[24.604963,42.0591],[24.604937,42.058979],[24.604849,42.058831],[24.604506,42.058578],[24.604398,42.05857],[24.604264,42.058522],[24.604116,42.058388],[24.603909,42.058292],[24.603691,42.058267],[24.603448,42.058215],[24.603144,42.058074],[24.603082,42.058008],[24.602719,42.057962],[24.60239,42.057839],[24.602209,42.057832],[24.602148,42.05781],[24.601568,42.057776],[24.601411,42.057813],[24.601183,42.057816],[24.600989,42.057854],[24.600917,42.057886],[24.600797,42.05791],[24.600736,42.057906],[24.600666,42.057997],[24.60062,42.05815],[24.600641,42.05865],[24.600669,42.058795],[24.600563,42.058979],[24.600518,42.059155],[24.600425,42.05935],[24.6002,42.059604],[24.599965,42.059949],[24.600028,42.06011],[24.600199,42.060189],[24.600334,42.060296],[24.600507,42.060506],[24.600545,42.060631],[24.600548,42.060753],[24.600466,42.060929],[24.600229,42.061179],[24.600111,42.061284],[24.599944,42.061398],[24.599788,42.061472],[24.599632,42.061519],[24.599284,42.061675],[24.59907,42.061849],[24.598565,42.062011],[24.598348,42.062036],[24.598325,42.062099],[24.59834,42.062257],[24.598454,42.062544],[24.598396,42.062648],[24.598275,42.062654],[24.598238,42.062609],[24.597946,42.062509],[24.597607,42.06244],[24.597462,42.062432],[24.597015,42.06246],[24.596521,42.062555],[24.596509,42.062514],[24.596183,42.062773],[24.596357,42.062786],[24.596733,42.062913],[24.596929,42.06301],[24.597161,42.063156],[24.597541,42.063431],[24.597935,42.063859],[24.598059,42.064025],[24.598135,42.064199],[24.598174,42.064352],[24.598219,42.064806],[24.598271,42.064999],[24.598742,42.065638],[24.599052,42.066108],[24.599377,42.066676],[24.599405,42.066892],[24.599287,42.067001],[24.599155,42.067093],[24.597901,42.067227],[24.596224,42.067357],[24.595042,42.067491],[24.594838,42.067551],[24.594779,42.067651]],[[24.601568,42.06944],[24.601857,42.069401],[24.602013,42.069359],[24.602124,42.069488],[24.60227,42.069509],[24.602693,42.069518],[24.602839,42.069571],[24.602864,42.069634],[24.602866,42.069724],[24.602818,42.069769],[24.602868,42.069836],[24.602965,42.069867],[24.6031,42.069991],[24.603163,42.070094],[24.603117,42.07023],[24.603034,42.070307],[24.602938,42.070358],[24.602805,42.070359],[24.602659,42.070271],[24.602415,42.070183],[24.602368,42.070233],[24.60233,42.070615],[24.602972,42.070822],[24.602963,42.070967],[24.603039,42.071182],[24.602525,42.071448],[24.602456,42.070989],[24.602286,42.07091],[24.60214,42.070965],[24.60173,42.071019],[24.601548,42.070975],[24.601486,42.070918],[24.60146,42.070787],[24.601507,42.07071],[24.601854,42.070549],[24.601961,42.070467],[24.601996,42.070359],[24.601993,42.070228],[24.601952,42.069949],[24.601902,42.069873],[24.601829,42.069847],[24.601709,42.069893],[24.601614,42.06998],[24.601385,42.070032],[24.601227,42.069984],[24.601104,42.069864],[24.600945,42.069771],[24.601038,42.069567],[24.601568,42.06944]]]},"properties":{"cadreg":59}},{"type":"Feature","geometry":{"type":"Polygon","coordinates":[[[24.630642,42.098209],[24.629212,42.098275],[24.629013,42.098248],[24.628732,42.098128],[24.626898,42.097101],[24.626507,42.097084],[24.624521,42.097132],[24.624224,42.097438],[24.623962,42.098224],[24.624,42.098425],[24.624283,42.098826],[24.62434,42.09898],[24.624312,42.09923],[24.62428,42.099259],[24.624376,42.099885],[24.624753,42.101449],[24.624683,42.101691],[24.62399,42.103222],[24.623711,42.103912],[24.62298,42.105589],[24.622276,42.107082],[24.62183,42.108269],[24.6257,42.110268],[24.626198,42.110486],[24.626845,42.110632],[24.629688,42.111059],[24.632862,42.111921],[24.633008,42.109599],[24.632794,42.108047],[24.632432,42.105807],[24.63172,42.101949],[24.63168,42.101952],[24.631634,42.101831],[24.631582,42.101517],[24.630833,42.098431],[24.630642,42.098209]]]},"properties":{"cadreg":22}},{"type":"Feature","geometry":{"type":"Polygon","coordinates":[[[24.632811,42.11211],[24.632824,42.112075],[24.631102,42.111617],[24.629927,42.111278],[24.629315,42.111153],[24.626157,42.110657],[24.625906,42.110553],[24.625186,42.110168],[24.621757,42.108445],[24.620951,42.110394],[24.620834,42.110845],[24.620858,42.111609],[24.620979,42.112104],[24.621361,42.112478],[24.62169,42.112701],[24.622225,42.11286],[24.623465,42.112987],[24.625237,42.11296],[24.625407,42.112887],[24.626666,42.112889],[24.627023,42.11292],[24.627448,42.112997],[24.628213,42.113217],[24.629764,42.113626],[24.63315,42.114703],[24.633244,42.114659],[24.632725,42.112907],[24.632578,42.112578],[24.632776,42.112101],[24.632811,42.11211]]]},"properties":{"cadreg":23}},{"type":"Feature","geometry":{"type":"Polygon","coordinates":[[[24.593125,42.113295],[24.59125,42.10992],[24.591018,42.109411],[24.590723,42.108672],[24.590588,42.10828],[24.590331,42.10775],[24.589596,42.106617],[24.588987,42.105744],[24.588747,42.105356],[24.588693,42.105377],[24.588604,42.105451],[24.589834,42.107356],[24.590015,42.10758],[24.590258,42.108013],[24.591312,42.11062],[24.591958,42.111688],[24.592909,42.11334],[24.593233,42.114018],[24.593336,42.114999],[24.593926,42.116199],[24.594028,42.116441],[24.594188,42.11725],[24.594217,42.117529],[24.594107,42.118781],[24.594063,42.118998],[24.594079,42.119223],[24.594194,42.11955],[24.594319,42.119761],[24.594493,42.120015],[24.594762,42.120268],[24.595139,42.12097],[24.594561,42.123817],[24.594241,42.125145],[24.594268,42.12514],[24.59456,42.123915],[24.594674,42.123912],[24.595327,42.120989],[24.595333,42.120873],[24.595578,42.12089],[24.599931,42.120743],[24.603169,42.120621],[24.606984,42.12044],[24.607389,42.120442],[24.607628,42.11782],[24.607746,42.116795],[24.60789,42.115883],[24.60505,42.116255],[24.603245,42.116513],[24.603153,42.116513],[24.601325,42.116797],[24.598391,42.117121],[24.596863,42.117314],[24.594472,42.117533],[24.594458,42.117427],[24.598509,42.116973],[24.601294,42.116616],[24.608581,42.115632],[24.608423,42.113419],[24.608256,42.112325],[24.6082,42.112309],[24.608196,42.112269],[24.608348,42.112095],[24.60654,42.111996],[24.605872,42.111945],[24.603018,42.112128],[24.599371,42.112119],[24.598971,42.11217],[24.596682,42.112601],[24.593125,42.113295]]]},"properties":{"cadreg":26}},{"type":"Feature","geometry":{"type":"Polygon","coordinates":[[[24.588116,42.105535],[24.587037,42.105459],[24.586696,42.105462],[24.585015,42.105968],[24.584018,42.106309],[24.582423,42.106622],[24.582019,42.106689],[24.581959,42.106688],[24.581912,42.10775],[24.582027,42.107938],[24.582418,42.108215],[24.582554,42.108527],[24.582556,42.108683],[24.582578,42.108657],[24.58302,42.109058],[24.583179,42.109124],[24.583712,42.109177],[24.584754,42.10932],[24.585158,42.109599],[24.585317,42.10966],[24.585511,42.109713],[24.586315,42.11001],[24.586546,42.11008],[24.586741,42.110173],[24.586827,42.110239],[24.58716,42.110605],[24.587914,42.111493],[24.588086,42.111613],[24.588281,42.111697],[24.589924,42.112292],[24.591786,42.112926],[24.591933,42.113041],[24.592044,42.113175],[24.592169,42.11339],[24.592414,42.113518],[24.592788,42.113519],[24.592974,42.113486],[24.592909,42.11334],[24.591958,42.111688],[24.591312,42.11062],[24.590258,42.108013],[24.590015,42.10758],[24.589834,42.107356],[24.588604,42.105451],[24.588569,42.10548],[24.588116,42.105535]]]},"properties":{"cadreg":29}},{"type":"Feature","geometry":{"type":"MultiPolygon","coordinates":[[[[24.583739,42.08347],[24.584249,42.083673],[24.584265,42.083657],[24.583824,42.083381],[24.583739,42.08347]]],[[[24.585548,42.085013],[24.585913,42.085136],[24.585939,42.085076],[24.586677,42.085306],[24.586729,42.085255],[24.586893,42.084995],[24.585744,42.084386],[24.585669,42.084508],[24.585812,42.084553],[24.585548,42.085013]]],[[[24.619653,42.054682],[24.619623,42.054841],[24.619637,42.05494],[24.619431,42.054929],[24.619408,42.05496],[24.619446,42.055082],[24.619508,42.055139],[24.619509,42.055189],[24.619437,42.055203],[24.61923,42.05516],[24.619169,42.055089],[24.619081,42.054923],[24.619077,42.05473],[24.619183,42.05458],[24.619315,42.054534],[24.619363,42.054533],[24.619411,42.054492],[24.619373,42.054326],[24.619117,42.053999],[24.618892,42.054027],[24.618711,42.054012],[24.618593,42.05413],[24.618548,42.054257],[24.618382,42.054359],[24.618284,42.054279],[24.618266,42.054063],[24.618155,42.053974],[24.618105,42.053893],[24.617949,42.053941],[24.617816,42.053897],[24.617594,42.053711],[24.617384,42.053497],[24.617295,42.053327],[24.617097,42.05355],[24.617206,42.053511],[24.617314,42.05351],[24.617387,42.053536],[24.617437,42.053585],[24.617438,42.053644],[24.617403,42.053716],[24.61732,42.053816],[24.617309,42.053884],[24.617347,42.053938],[24.61736,42.054],[24.617278,42.054145],[24.617183,42.054227],[24.617148,42.054295],[24.617163,42.054462],[24.617093,42.054562],[24.616911,42.054563],[24.616853,42.054538],[24.616874,42.054496],[24.616873,42.054424],[24.616847,42.054357],[24.61687,42.054285],[24.616918,42.054248],[24.617098,42.054219],[24.617181,42.054133],[24.617192,42.054088],[24.617179,42.054034],[24.617226,42.053966],[24.617226,42.053921],[24.617189,42.053885],[24.617007,42.053838],[24.616932,42.053753],[24.616926,42.053721],[24.616612,42.053949],[24.61617,42.054108],[24.615607,42.05426],[24.615034,42.054457],[24.614578,42.054595],[24.614521,42.054669],[24.614354,42.054739],[24.614088,42.05476],[24.61392,42.054829],[24.613837,42.054902],[24.613717,42.054935],[24.613488,42.054968],[24.613056,42.055103],[24.6129,42.055186],[24.61284,42.055187],[24.612791,42.055147],[24.61274,42.055039],[24.612739,42.054985],[24.612653,42.054869],[24.612651,42.054797],[24.612588,42.054672],[24.612503,42.054641],[24.612454,42.054601],[24.612478,42.054565],[24.612477,42.05452],[24.61244,42.054489],[24.612355,42.054485],[24.612178,42.054671],[24.612348,42.054764],[24.612459,42.054862],[24.612484,42.054925],[24.612499,42.055055],[24.612574,42.055194],[24.612882,42.055524],[24.613056,42.055743],[24.613093,42.055823],[24.613229,42.055993],[24.61328,42.056101],[24.613465,42.05631],[24.613515,42.0564],[24.613696,42.057015],[24.613711,42.057199],[24.613651,42.057195],[24.613544,42.057286],[24.613512,42.057333],[24.613517,42.05741],[24.61364,42.057254],[24.613676,42.057231],[24.613724,42.057235],[24.613744,42.05768],[24.613726,42.057969],[24.61379,42.058184],[24.613928,42.058462],[24.61378,42.058923],[24.613794,42.059003],[24.613946,42.059394],[24.614033,42.059519],[24.61411,42.059779],[24.614112,42.059892],[24.614177,42.060143],[24.614528,42.060779],[24.614591,42.060931],[24.614617,42.061021],[24.614621,42.061228],[24.614658,42.061281],[24.614817,42.061383],[24.614989,42.06153],[24.615149,42.061704],[24.615249,42.061856],[24.615569,42.062163],[24.615728,42.06227],[24.615937,42.062466],[24.616599,42.062954],[24.616771,42.063128],[24.616846,42.063248],[24.616827,42.063546],[24.616854,42.063698],[24.616903,42.063731],[24.617053,42.063539],[24.617128,42.063665],[24.617236,42.063729],[24.617203,42.063627],[24.617249,42.063469],[24.617319,42.063365],[24.617474,42.063251],[24.617473,42.063192],[24.617435,42.063116],[24.617459,42.063102],[24.617581,42.063119],[24.617703,42.063185],[24.617752,42.063248],[24.617813,42.063288],[24.617826,42.063337],[24.61809,42.063199],[24.61839,42.063102],[24.618413,42.06307],[24.618606,42.063036],[24.618654,42.063004],[24.618603,42.062879],[24.618639,42.062847],[24.618795,42.062818],[24.618868,42.06284],[24.618905,42.062871],[24.618956,42.063019],[24.619041,42.063032],[24.619163,42.063093],[24.619191,42.063291],[24.619181,42.063399],[24.619206,42.063449],[24.619267,42.063471],[24.619327,42.063452],[24.619362,42.063415],[24.619456,42.063275],[24.619454,42.063135],[24.619582,42.062913],[24.619617,42.062805],[24.619604,42.062769],[24.61976,42.062732],[24.619942,42.062779],[24.620184,42.062768],[24.620331,42.062879],[24.620571,42.062818],[24.620644,42.062812],[24.620851,42.062905],[24.620911,42.062909],[24.62103,42.06279],[24.621077,42.062709],[24.621185,42.062658],[24.621269,42.06263],[24.621499,42.062655],[24.621548,42.06269],[24.621536,42.062731],[24.621464,42.062732],[24.621308,42.062814],[24.621095,42.063019],[24.620844,42.063157],[24.620726,42.063311],[24.620756,42.063653],[24.620856,42.063814],[24.620917,42.063858],[24.621076,42.063929],[24.621138,42.064018],[24.621188,42.064135],[24.621299,42.064223],[24.621216,42.064328],[24.621146,42.064464],[24.621149,42.064612],[24.621222,42.064634],[24.621452,42.064663],[24.621526,42.064721],[24.621684,42.064791],[24.621951,42.064833],[24.622156,42.064795],[24.622191,42.064772],[24.622178,42.064714],[24.622237,42.064646],[24.622274,42.064677],[24.622396,42.06473],[24.622481,42.064747],[24.622807,42.064752],[24.62282,42.064779],[24.622664,42.064866],[24.622677,42.064907],[24.622714,42.064933],[24.623016,42.064917],[24.623053,42.064943],[24.623056,42.065119],[24.623117,42.065168],[24.623153,42.065167],[24.623213,42.065095],[24.623211,42.065041],[24.623174,42.064956],[24.623172,42.064852],[24.623207,42.064816],[24.623255,42.064793],[24.623291,42.064792],[24.623327,42.064765],[24.623384,42.064593],[24.62342,42.064561],[24.623468,42.06457],[24.623481,42.064588],[24.62346,42.064763],[24.623473,42.064799],[24.623485,42.064822],[24.623546,42.064844],[24.623594,42.064843],[24.623619,42.064865],[24.623596,42.064902],[24.62361,42.06505],[24.623705,42.065127],[24.623737,42.065104],[24.623807,42.063687],[24.623763,42.063674],[24.623676,42.063614],[24.623408,42.063273],[24.623347,42.063159],[24.623254,42.062972],[24.623234,42.062877],[24.623226,42.062589],[24.62327,42.062415],[24.623378,42.06222],[24.623415,42.062101],[24.623581,42.061866],[24.623688,42.061792],[24.624074,42.061461],[24.623988,42.061442],[24.624052,42.061167],[24.623664,42.060848],[24.623177,42.06035],[24.623174,42.060091],[24.622982,42.059793],[24.622584,42.059558],[24.621067,42.058739],[24.620969,42.058649],[24.620592,42.05705],[24.620594,42.056003],[24.6205,42.055783],[24.620123,42.055322],[24.619901,42.054998],[24.619653,42.054682]],[[24.616869,42.063194],[24.616916,42.063122],[24.616891,42.063063],[24.616767,42.062912],[24.61646,42.062649],[24.616434,42.062573],[24.616385,42.062519],[24.616129,42.062418],[24.615995,42.062316],[24.615945,42.06224],[24.616028,42.062185],[24.616089,42.062185],[24.616234,42.062215],[24.61632,42.06225],[24.616368,42.062249],[24.616476,42.06219],[24.61662,42.062179],[24.616742,42.062223],[24.616827,42.062222],[24.616982,42.062157],[24.617019,42.06218],[24.617044,42.06222],[24.617008,42.062252],[24.616974,42.06236],[24.617002,42.062567],[24.616991,42.062626],[24.617055,42.062782],[24.617116,42.062836],[24.617129,42.062899],[24.617095,42.06298],[24.61712,42.06307],[24.617098,42.063151],[24.617051,42.063228],[24.616955,42.063292],[24.616895,42.063311],[24.616894,42.063239],[24.616869,42.063194]],[[24.613977,42.058461],[24.613926,42.058354],[24.614035,42.058366],[24.614071,42.058348],[24.614082,42.058298],[24.613984,42.058205],[24.613897,42.05807],[24.613876,42.057634],[24.613848,42.057423],[24.613855,42.057144],[24.613661,42.056448],[24.613598,42.056304],[24.613462,42.05613],[24.613473,42.056108],[24.613558,42.056093],[24.613654,42.05611],[24.613703,42.056146],[24.613791,42.056293],[24.613868,42.056531],[24.614002,42.057259],[24.614086,42.057839],[24.614077,42.058028],[24.614116,42.058163],[24.61425,42.058242],[24.614323,42.058242],[24.614445,42.058294],[24.61447,42.05833],[24.614458,42.058375],[24.614411,42.058407],[24.614206,42.058436],[24.614145,42.058428],[24.614085,42.058465],[24.61405,42.058533],[24.613966,42.058515],[24.613977,42.058461]],[[24.616878,42.057918],[24.617117,42.057794],[24.617468,42.057776],[24.617541,42.057812],[24.61764,42.057977],[24.617738,42.057999],[24.617762,42.058025],[24.617679,42.058121],[24.61768,42.05817],[24.617645,42.058193],[24.617596,42.058189],[24.617511,42.058154],[24.617463,42.058155],[24.617414,42.05816],[24.617307,42.05821],[24.61727,42.058211],[24.617232,42.058126],[24.617244,42.058094],[24.617292,42.058057],[24.617291,42.058003],[24.617266,42.057963],[24.617036,42.057984],[24.617001,42.058015],[24.616928,42.057994],[24.616891,42.057958],[24.616878,42.057918]],[[24.619127,42.057993],[24.619162,42.057957],[24.61938,42.057954],[24.619562,42.058007],[24.619505,42.058165],[24.619457,42.058224],[24.619338,42.058279],[24.619108,42.05829],[24.618964,42.058323],[24.618891,42.058311],[24.618854,42.058284],[24.618902,42.058248],[24.619058,42.058187],[24.619141,42.058124],[24.619127,42.057993]],[[24.616659,42.055277],[24.616398,42.054906],[24.61653,42.05486],[24.61659,42.054805],[24.616831,42.054771],[24.616891,42.054744],[24.617059,42.05471],[24.617144,42.05471],[24.617338,42.05478],[24.617411,42.054779],[24.617484,42.054814],[24.617571,42.054926],[24.617704,42.054965],[24.617777,42.054982],[24.617825,42.054963],[24.617836,42.054918],[24.617873,42.054918],[24.618043,42.054997],[24.618261,42.054995],[24.618321,42.054972],[24.618344,42.05494],[24.618305,42.054801],[24.618256,42.054761],[24.618243,42.05472],[24.618291,42.054697],[24.618461,42.054723],[24.618525,42.054916],[24.618625,42.055113],[24.618786,42.055318],[24.618971,42.055501],[24.61896,42.055546],[24.618804,42.055597],[24.618755,42.055598],[24.618731,42.05558],[24.618543,42.055208],[24.618481,42.055128],[24.618432,42.055106],[24.61836,42.055156],[24.618047,42.055182],[24.617757,42.055171],[24.617635,42.05515],[24.61737,42.055175],[24.617297,42.055158],[24.617272,42.055122],[24.61732,42.055063],[24.617331,42.055014],[24.617316,42.054897],[24.617279,42.054834],[24.617206,42.054808],[24.617134,42.054809],[24.616905,42.054874],[24.616882,42.054915],[24.616896,42.055027],[24.616921,42.055081],[24.61691,42.055131],[24.616839,42.055221],[24.616891,42.055392],[24.617014,42.05549],[24.616991,42.055589],[24.61698,42.055607],[24.616955,42.055607],[24.616919,42.055594],[24.616894,42.055559],[24.616893,42.055491],[24.616856,42.055442],[24.616659,42.055277]],[[24.614805,42.060753],[24.614621,42.060593],[24.614558,42.060445],[24.614447,42.06032],[24.614446,42.060266],[24.614469,42.060243],[24.61459,42.060233],[24.614651,42.060251],[24.614774,42.060362],[24.614924,42.060626],[24.615033,42.060656],[24.615154,42.060646],[24.615191,42.060713],[24.615192,42.060763],[24.615144,42.060777],[24.614941,42.060918],[24.614905,42.060923],[24.614868,42.060892],[24.614805,42.060753]],[[24.617206,42.06057],[24.617292,42.060655],[24.617294,42.060718],[24.61727,42.060745],[24.617138,42.060778],[24.617055,42.060869],[24.617044,42.060919],[24.616996,42.060946],[24.616754,42.06094],[24.61667,42.060963],[24.616586,42.061009],[24.616513,42.060978],[24.616524,42.060933],[24.616401,42.060822],[24.6164,42.060723],[24.616447,42.060695],[24.616483,42.060641],[24.616674,42.060553],[24.616977,42.060577],[24.617206,42.06057]],[[24.619186,42.061108],[24.619684,42.061242],[24.620024,42.061369],[24.620087,42.061472],[24.620209,42.061547],[24.620294,42.061546],[24.620425,42.061491],[24.620485,42.061436],[24.620508,42.061382],[24.620592,42.061341],[24.620676,42.06134],[24.620749,42.061357],[24.620786,42.061397],[24.620763,42.061438],[24.620558,42.061472],[24.620545,42.061507],[24.620656,42.061525],[24.620705,42.061556],[24.620669,42.061574],[24.620284,42.06165],[24.620115,42.061697],[24.619935,42.061771],[24.619707,42.061827],[24.619598,42.061828],[24.619454,42.061852],[24.619369,42.061844],[24.61921,42.061742],[24.619184,42.061653],[24.619218,42.061544],[24.619181,42.061468],[24.619046,42.061375],[24.618996,42.061303],[24.618995,42.06124],[24.619019,42.061213],[24.619139,42.06118],[24.61915,42.06114],[24.619186,42.061108]],[[24.622362,42.062308],[24.622477,42.062635],[24.622539,42.062725],[24.622675,42.062863],[24.622848,42.063077],[24.623118,42.063277],[24.622793,42.063343],[24.622442,42.063347],[24.622334,42.063366],[24.621861,42.063268],[24.621825,42.063273],[24.621788,42.063241],[24.621751,42.063192],[24.62175,42.063147],[24.621797,42.06307],[24.62194,42.06301],[24.622095,42.062856],[24.622155,42.062855],[24.622203,42.062832],[24.622226,42.062791],[24.622152,42.062706],[24.622126,42.062621],[24.621968,42.062537],[24.621871,42.062516],[24.621784,42.062422],[24.621816,42.062206],[24.621864,42.062147],[24.621948,42.062114],[24.622165,42.062103],[24.622262,42.062115],[24.622394,42.062083],[24.622362,42.062308]],[[24.618062,42.061088],[24.618123,42.061115],[24.618076,42.061205],[24.618151,42.061312],[24.618139,42.061353],[24.617862,42.061383],[24.617813,42.061347],[24.617763,42.061244],[24.61775,42.061195],[24.617773,42.061141],[24.617771,42.061073],[24.617709,42.060975],[24.617781,42.060947],[24.617999,42.060963],[24.618036,42.06098],[24.618062,42.061088]],[[24.623323,42.064553],[24.623106,42.064596],[24.622997,42.064579],[24.622948,42.064544],[24.623054,42.06439],[24.622979,42.064251],[24.62299,42.064192],[24.623026,42.06416],[24.623062,42.064164],[24.623209,42.064257],[24.623355,42.064301],[24.623428,42.064341],[24.623477,42.064403],[24.62349,42.064439],[24.62343,42.064476],[24.623407,42.064521],[24.623323,42.064553]],[[24.62222,42.064362],[24.622135,42.064363],[24.622075,42.064346],[24.622038,42.064315],[24.622,42.064216],[24.621815,42.064024],[24.621839,42.064011],[24.622057,42.064076],[24.622263,42.064101],[24.62242,42.064099],[24.622553,42.064075],[24.62259,42.064106],[24.622578,42.064124],[24.622375,42.064235],[24.62222,42.064362]],[[24.622123,42.063711],[24.622073,42.063648],[24.622121,42.063621],[24.622363,42.063623],[24.622568,42.06358],[24.62287,42.063586],[24.622871,42.063662],[24.622754,42.063848],[24.622568,42.063889],[24.622329,42.063771],[24.622159,42.06371],[24.622123,42.063711]],[[24.621562,42.063419],[24.621538,42.063451],[24.62149,42.063452],[24.621466,42.063474],[24.621358,42.063516],[24.621262,42.063544],[24.621153,42.063545],[24.62097,42.063444],[24.620884,42.063377],[24.620859,42.063332],[24.620942,42.063268],[24.621087,42.063226],[24.62127,42.063319],[24.621439,42.063313],[24.62145,42.063276],[24.621498,42.063258],[24.62151,42.063226],[24.621546,42.063217],[24.62157,42.063239],[24.621562,42.063419]]]]},"properties":{"cadreg":1}},{"type":"Feature","geometry":{"type":"Polygon","coordinates":[[[24.602677,42.069518],[24.60227,42.069509],[24.602124,42.069488],[24.602013,42.069359],[24.601857,42.069401],[24.601568,42.06944],[24.601038,42.069567],[24.600945,42.069771],[24.601104,42.069864],[24.601227,42.069984],[24.601385,42.070032],[24.601614,42.06998],[24.601709,42.069893],[24.601829,42.069847],[24.601902,42.069873],[24.601952,42.069949],[24.601993,42.070228],[24.601996,42.070359],[24.601961,42.070467],[24.601854,42.070549],[24.601507,42.07071],[24.60146,42.070787],[24.601486,42.070918],[24.601548,42.070975],[24.60173,42.071019],[24.60214,42.070965],[24.602286,42.07091],[24.602456,42.070989],[24.602525,42.071448],[24.603039,42.071182],[24.602963,42.070967],[24.602972,42.070822],[24.60233,42.070615],[24.602368,42.070233],[24.602415,42.070183],[24.602659,42.070271],[24.602805,42.070359],[24.602938,42.070358],[24.603034,42.070307],[24.603117,42.07023],[24.603163,42.070094],[24.6031,42.069991],[24.602965,42.069867],[24.602868,42.069836],[24.602818,42.069769],[24.602866,42.069724],[24.602864,42.069634],[24.602839,42.069571],[24.602677,42.069518]]]},"properties":{"cadreg":150}},{"type":"Feature","geometry":{"type":"Polygon","coordinates":[[[24.650799,42.122296],[24.651349,42.122433],[24.652072,42.122586],[24.652766,42.122836],[24.653043,42.123],[24.653755,42.123559],[24.654361,42.124168],[24.655756,42.124435],[24.656653,42.124582],[24.657574,42.124924],[24.657826,42.125048],[24.657898,42.125186],[24.657901,42.125761],[24.662574,42.125649],[24.663112,42.125548],[24.663119,42.125635],[24.664907,42.12559],[24.665011,42.12036],[24.649439,42.120201],[24.649788,42.121947],[24.650799,42.122296]],[[24.663213,42.125511],[24.663911,42.125506],[24.66485,42.125499],[24.664849,42.125535],[24.663215,42.125547],[24.663213,42.125511]]]},"properties":{"cadreg":16}},{"type":"Feature","geometry":{"type":"Polygon","coordinates":[[[24.598388,42.044649],[24.598615,42.044583],[24.59877,42.04451],[24.598945,42.044301],[24.598594,42.044161],[24.59849,42.04436],[24.598324,42.044461],[24.597728,42.044675],[24.597282,42.044617],[24.596922,42.044612],[24.59644,42.044537],[24.595836,42.044418],[24.595295,42.044389],[24.594957,42.044285],[24.594733,42.044295],[24.594207,42.044607],[24.593932,42.044745],[24.593777,42.044841],[24.593563,42.04505],[24.592849,42.045634],[24.592719,42.045757],[24.592358,42.045868],[24.591527,42.045985],[24.591094,42.046062],[24.590769,42.04615],[24.590651,42.04616],[24.59054,42.046235],[24.590302,42.046441],[24.59,42.046775],[24.589737,42.047134],[24.589647,42.047203],[24.589603,42.047348],[24.589598,42.047484],[24.589733,42.047624],[24.589904,42.047735],[24.590344,42.047969],[24.590686,42.048177],[24.591235,42.048469],[24.591587,42.048578],[24.592157,42.048707],[24.592378,42.048867],[24.592502,42.049045],[24.592649,42.049197],[24.592725,42.049349],[24.592835,42.049456],[24.592958,42.049545],[24.59308,42.049598],[24.593409,42.049783],[24.593569,42.049912],[24.593764,42.050027],[24.593984,42.050138],[24.594264,42.050252],[24.594471,42.050362],[24.595058,42.050766],[24.595157,42.0509],[24.595246,42.051124],[24.595298,42.051313],[24.595353,42.05169],[24.595329,42.052325],[24.595168,42.052786],[24.595171,42.052912],[24.5951,42.05303],[24.595163,42.053146],[24.595416,42.053103],[24.595525,42.053142],[24.595587,42.053223],[24.595673,42.053281],[24.595807,42.053347],[24.595855,42.053337],[24.595854,42.053279],[24.595912,42.05317],[24.595898,42.053035],[24.595945,42.052954],[24.595978,42.052814],[24.596051,42.052826],[24.596149,42.052897],[24.596246,42.052923],[24.596404,42.052953],[24.596657,42.05296],[24.596847,42.053421],[24.596921,42.053497],[24.597068,42.053599],[24.597201,42.053598],[24.597418,42.05356],[24.597575,42.053558],[24.597768,42.053583],[24.597951,42.053662],[24.598123,42.053795],[24.598123,42.053818],[24.59759,42.05372],[24.597396,42.053708],[24.597179,42.053711],[24.59695,42.053736],[24.59654,42.053812],[24.596324,42.053873],[24.596143,42.053888],[24.595616,42.054109],[24.595254,42.054145],[24.595013,42.054188],[24.594929,42.054216],[24.594711,42.054177],[24.594407,42.05409],[24.594045,42.05409],[24.593971,42.054122],[24.594396,42.054127],[24.59459,42.05417],[24.594699,42.054209],[24.59493,42.054252],[24.595026,42.054219],[24.595267,42.054181],[24.595628,42.054145],[24.596156,42.053924],[24.596337,42.053908],[24.596565,42.053848],[24.596962,42.053771],[24.597179,42.053747],[24.597385,42.053745],[24.59759,42.053756],[24.598439,42.053905],[24.598535,42.053895],[24.599008,42.053989],[24.599709,42.054009],[24.599843,42.054057],[24.600134,42.054085],[24.600728,42.054192],[24.600933,42.054203],[24.601319,42.054181],[24.601777,42.054122],[24.602297,42.054108],[24.602514,42.054088],[24.602899,42.053998],[24.603101,42.053911],[24.603162,42.053856],[24.603306,42.053805],[24.603475,42.05383],[24.604683,42.053804],[24.605045,42.05376],[24.605321,42.053689],[24.605478,42.053701],[24.605659,42.05369],[24.605625,42.053803],[24.605529,42.053809],[24.605481,42.053827],[24.605482,42.053881],[24.605567,42.053921],[24.605582,42.054069],[24.605655,42.054087],[24.605464,42.054233],[24.605371,42.054409],[24.605351,42.054626],[24.605279,42.054676],[24.605027,42.05475],[24.604896,42.054833],[24.604872,42.054892],[24.604945,42.054891],[24.605006,42.054908],[24.605045,42.055047],[24.604925,42.055121],[24.604782,42.055248],[24.604763,42.055478],[24.604811,42.055482],[24.604871,42.05545],[24.604979,42.055444],[24.605004,42.055466],[24.604993,42.055525],[24.604957,42.055557],[24.604777,42.055608],[24.604599,42.055768],[24.604346,42.055824],[24.604263,42.055893],[24.604351,42.056059],[24.604509,42.056142],[24.60457,42.056151],[24.604535,42.056214],[24.604307,42.056316],[24.60408,42.056444],[24.603493,42.056711],[24.603218,42.056872],[24.60281,42.057015],[24.602641,42.057008],[24.601994,42.057303],[24.601765,42.057346],[24.601237,42.057554],[24.600951,42.057732],[24.600748,42.057901],[24.600797,42.05791],[24.601183,42.057816],[24.601411,42.057813],[24.601568,42.057776],[24.602148,42.05781],[24.602209,42.057832],[24.60239,42.057839],[24.602719,42.057962],[24.603082,42.058008],[24.603144,42.058074],[24.603448,42.058215],[24.603691,42.058267],[24.603909,42.058292],[24.604116,42.058388],[24.604264,42.058522],[24.604398,42.05857],[24.604506,42.058578],[24.604849,42.058831],[24.604937,42.058979],[24.604963,42.0591],[24.605136,42.059269],[24.605233,42.059313],[24.605366,42.059325],[24.605476,42.059369],[24.606027,42.059796],[24.606041,42.05989],[24.606115,42.05997],[24.606141,42.060074],[24.606107,42.060173],[24.606024,42.060268],[24.605831,42.060297],[24.606055,42.06061],[24.606196,42.061059],[24.606246,42.061149],[24.606303,42.061612],[24.606309,42.061913],[24.606413,42.062322],[24.606308,42.062507],[24.606252,42.062774],[24.606183,42.062927],[24.606185,42.063058],[24.606278,42.063476],[24.606028,42.063708],[24.605896,42.063772],[24.605767,42.063967],[24.60583,42.064115],[24.605844,42.064201],[24.605692,42.064459],[24.605597,42.064536],[24.605562,42.064627],[24.605603,42.06491],[24.605732,42.0653],[24.605736,42.065543],[24.605727,42.065687],[24.605591,42.06617],[24.605593,42.066288],[24.605654,42.066327],[24.605969,42.067022],[24.606104,42.067138],[24.60618,42.067294],[24.606134,42.067421],[24.606137,42.067592],[24.606187,42.067695],[24.606299,42.067847],[24.60635,42.068004],[24.606215,42.06851],[24.606231,42.068721],[24.606308,42.068968],[24.606413,42.069439],[24.606587,42.069676],[24.606685,42.069761],[24.606676,42.069891],[24.606526,42.070294],[24.606467,42.070371],[24.606395,42.070416],[24.606262,42.070386],[24.606224,42.070315],[24.606374,42.069935],[24.60636,42.069809],[24.606097,42.06996],[24.605825,42.070283],[24.605744,42.070504],[24.605546,42.070875],[24.605475,42.070966],[24.605272,42.071103],[24.605141,42.071217],[24.605083,42.071321],[24.605088,42.071565],[24.604955,42.071602],[24.60486,42.071666],[24.604837,42.071747],[24.604949,42.071886],[24.605022,42.071943],[24.604763,42.072288],[24.604632,42.072384],[24.604529,42.072709],[24.604362,42.072851],[24.603551,42.073129],[24.603452,42.073343],[24.603927,42.073516],[24.604124,42.073555],[24.604171,42.073533],[24.604378,42.073571],[24.604287,42.073879],[24.604169,42.073974],[24.603885,42.074133],[24.603747,42.074161],[24.603854,42.074212],[24.603779,42.07428],[24.603852,42.074384],[24.60397,42.074312],[24.604097,42.074266],[24.604563,42.074227],[24.604592,42.074155],[24.604812,42.074063],[24.604918,42.074063],[24.604974,42.074009],[24.605236,42.073995],[24.605581,42.074012],[24.605619,42.074372],[24.605803,42.074363],[24.605794,42.074324],[24.605926,42.074304],[24.606047,42.074312],[24.606234,42.074284],[24.606307,42.074291],[24.606587,42.074259],[24.607343,42.074269],[24.607453,42.074294],[24.607532,42.074194],[24.607626,42.074122],[24.607882,42.074052],[24.60819,42.074063],[24.608396,42.074114],[24.608625,42.074266],[24.608681,42.074271],[24.60878,42.074206],[24.608755,42.074026],[24.608843,42.074017],[24.609049,42.074028],[24.609306,42.074001],[24.609397,42.073927],[24.609514,42.073869],[24.609636,42.073746],[24.6099,42.073635],[24.610248,42.073523],[24.610429,42.073517],[24.610698,42.073667],[24.610759,42.073689],[24.610819,42.073684],[24.610877,42.073562],[24.611008,42.073457],[24.611092,42.073415],[24.611333,42.073345],[24.611947,42.073235],[24.612428,42.073131],[24.612609,42.073111],[24.612706,42.073115],[24.612961,42.073162],[24.612985,42.073152],[24.612826,42.073096],[24.612789,42.073051],[24.612522,42.072986],[24.612461,42.072955],[24.61241,42.07283],[24.612482,42.072789],[24.612542,42.072729],[24.612577,42.07268],[24.612552,42.07263],[24.612588,42.072607],[24.61278,42.072551],[24.612851,42.072483],[24.613031,42.072409],[24.613176,42.072408],[24.613308,42.072361],[24.613404,42.072306],[24.613582,42.07216],[24.613593,42.072084],[24.613652,42.072016],[24.613698,42.07192],[24.613794,42.071843],[24.614046,42.071773],[24.61413,42.071731],[24.6142,42.071591],[24.614295,42.071491],[24.614353,42.071382],[24.614577,42.071092],[24.614717,42.070802],[24.614774,42.070626],[24.614925,42.070291],[24.614908,42.070058],[24.614819,42.069838],[24.61461,42.069633],[24.614414,42.069509],[24.614389,42.069433],[24.614399,42.069338],[24.614333,42.069055],[24.614235,42.068962],[24.614074,42.068738],[24.614165,42.068436],[24.614162,42.06831],[24.614229,42.06803],[24.614239,42.067908],[24.614225,42.0678],[24.614363,42.067416],[24.614214,42.067224],[24.614188,42.067125],[24.614208,42.066896],[24.614266,42.066746],[24.61441,42.066686],[24.614444,42.066596],[24.614442,42.066465],[24.614403,42.066326],[24.614401,42.066209],[24.614505,42.065997],[24.614477,42.065799],[24.614571,42.065618],[24.614737,42.065485],[24.614624,42.065252],[24.61461,42.06514],[24.614621,42.065068],[24.614679,42.064982],[24.61469,42.064887],[24.614664,42.06482],[24.614674,42.064667],[24.614708,42.064585],[24.615111,42.064162],[24.615074,42.0641],[24.614963,42.064011],[24.614841,42.063954],[24.614718,42.063806],[24.614716,42.063721],[24.614751,42.063626],[24.614805,42.063297],[24.614958,42.063115],[24.615231,42.062838],[24.615384,42.062615],[24.615442,42.06248],[24.615485,42.062187],[24.615433,42.06203],[24.615249,42.061856],[24.615149,42.061704],[24.614989,42.06153],[24.614817,42.061383],[24.614658,42.061281],[24.614621,42.061228],[24.614617,42.061021],[24.614591,42.060931],[24.614528,42.060779],[24.614177,42.060143],[24.614112,42.059892],[24.61411,42.059779],[24.614033,42.059519],[24.613946,42.059394],[24.613819,42.059098],[24.61378,42.058923],[24.613928,42.058462],[24.61379,42.058184],[24.613726,42.057969],[24.613744,42.05768],[24.613724,42.057235],[24.613676,42.057231],[24.61364,42.057254],[24.613517,42.05741],[24.613512,42.057333],[24.613544,42.057286],[24.613651,42.057195],[24.613711,42.057199],[24.613696,42.057015],[24.613515,42.0564],[24.613465,42.05631],[24.61328,42.056101],[24.613229,42.055993],[24.613093,42.055823],[24.613056,42.055743],[24.612882,42.055524],[24.612574,42.055194],[24.612499,42.055055],[24.612484,42.054925],[24.612459,42.054862],[24.612348,42.054764],[24.612178,42.054671],[24.612201,42.054644],[24.611666,42.054425],[24.611457,42.054269],[24.611225,42.05415],[24.610739,42.05398],[24.610556,42.053883],[24.610306,42.053702],[24.609863,42.053296],[24.609685,42.053186],[24.609538,42.053133],[24.609379,42.0532],[24.609163,42.053256],[24.60904,42.053303],[24.609023,42.053295],[24.60908,42.053133],[24.609466,42.053102],[24.609549,42.053029],[24.609546,42.052844],[24.609459,42.052728],[24.609458,42.052669],[24.609482,42.052642],[24.609566,42.052632],[24.609639,42.052663],[24.609664,42.052721],[24.609694,42.053014],[24.609743,42.053054],[24.609961,42.053105],[24.61004,42.053158],[24.611448,42.050665],[24.611655,42.050274],[24.611793,42.04955],[24.611712,42.048802],[24.611617,42.048443],[24.611707,42.04818],[24.611883,42.04797],[24.612095,42.047759],[24.612474,42.047013],[24.613655,42.047018],[24.613554,42.046936],[24.61343,42.046766],[24.613274,42.046804],[24.613056,42.046793],[24.61291,42.04674],[24.612884,42.046651],[24.612942,42.046524],[24.61288,42.046439],[24.612772,42.046445],[24.612616,42.046487],[24.612555,42.046474],[24.612444,42.046345],[24.612347,42.046319],[24.612287,42.046333],[24.612156,42.046469],[24.61206,42.046511],[24.611914,42.046458],[24.611717,42.046235],[24.611656,42.046191],[24.611619,42.046182],[24.611622,42.046349],[24.611599,42.046389],[24.611575,42.04639],[24.61122,42.04615],[24.611123,42.046129],[24.611004,42.046229],[24.610932,42.04627],[24.610908,42.046266],[24.610859,42.046231],[24.610846,42.046181],[24.61083,42.045965],[24.610876,42.045839],[24.610935,42.045762],[24.611114,42.045665],[24.611224,42.045705],[24.61181,42.046068],[24.611882,42.04604],[24.612001,42.045922],[24.612121,42.045871],[24.612193,42.04587],[24.612376,42.045949],[24.612461,42.045966],[24.612533,42.045952],[24.612556,42.045907],[24.612504,42.045714],[24.61254,42.045677],[24.612636,42.045627],[24.612732,42.045612],[24.612805,42.045621],[24.61289,42.045678],[24.612916,42.045763],[24.612837,42.046057],[24.612875,42.046165],[24.612949,42.04624],[24.61312,42.046347],[24.613253,42.046345],[24.613349,42.046326],[24.613419,42.046181],[24.613516,42.046167],[24.613794,42.046191],[24.613986,42.046148],[24.614021,42.046072],[24.61402,42.045986],[24.614092,42.045963],[24.614382,42.045973],[24.614502,42.045936],[24.614791,42.045883],[24.614876,42.045905],[24.614974,42.04599],[24.615025,42.046151],[24.614969,42.046345],[24.61497,42.046413],[24.615033,42.046538],[24.615049,42.046786],[24.615087,42.046889],[24.615077,42.046961],[24.615311,42.046727],[24.615566,42.046423],[24.615825,42.045858],[24.615891,42.044999],[24.615891,42.044683],[24.61584,42.044278],[24.615575,42.043633],[24.615478,42.043653],[24.615389,42.043528],[24.615195,42.043532],[24.61472,42.04346],[24.6148,42.043323],[24.614978,42.043202],[24.61546,42.043138],[24.615402,42.042887],[24.615406,42.042652],[24.615348,42.042391],[24.614964,42.042498],[24.614748,42.042538],[24.614565,42.042506],[24.614387,42.042618],[24.614199,42.042784],[24.614131,42.042894],[24.613807,42.042999],[24.613653,42.043007],[24.613603,42.04277],[24.613982,42.042463],[24.61396,42.042202],[24.613982,42.041804],[24.613905,42.041679],[24.613818,42.041618],[24.613788,42.041447],[24.613724,42.041375],[24.613448,42.041444],[24.613281,42.041511],[24.613179,42.041368],[24.613294,42.041194],[24.613052,42.041199],[24.612731,42.041368],[24.612745,42.04144],[24.61293,42.041509],[24.61304,42.041534],[24.613096,42.041758],[24.612916,42.041798],[24.612857,42.041835],[24.612912,42.042033],[24.612702,42.042263],[24.613024,42.042437],[24.613186,42.042569],[24.613288,42.042386],[24.613283,42.042224],[24.613302,42.042079],[24.613382,42.04196],[24.613493,42.041678],[24.613552,42.041641],[24.613582,42.041803],[24.613772,42.042016],[24.613741,42.042179],[24.613749,42.042405],[24.613622,42.04257],[24.613434,42.042476],[24.613398,42.042503],[24.613439,42.042715],[24.613441,42.042827],[24.613419,42.042935],[24.613372,42.043021],[24.613,42.043187],[24.612941,42.043224],[24.612925,42.043254],[24.61198,42.04315],[24.61196,42.043099],[24.611875,42.043064],[24.611754,42.043065],[24.61167,42.043093],[24.611585,42.043054],[24.611427,42.043042],[24.611018,42.043109],[24.610934,42.043137],[24.610888,42.043237],[24.610867,42.043403],[24.61082,42.043503],[24.610724,42.04354],[24.610591,42.04355],[24.610325,42.043513],[24.610227,42.043455],[24.610271,42.043189],[24.610244,42.043063],[24.610099,42.04306],[24.609991,42.043075],[24.609935,42.043323],[24.609761,42.043694],[24.609726,42.043802],[24.609596,42.043912],[24.609514,42.044043],[24.609394,42.044112],[24.609335,42.044198],[24.609542,42.044263],[24.609797,42.044319],[24.609834,42.044378],[24.609799,42.04445],[24.609608,42.04456],[24.609389,42.044504],[24.609329,42.044504],[24.609222,42.0446],[24.609161,42.044565],[24.608992,42.044548],[24.608893,42.044455],[24.60891,42.044054],[24.609001,42.043783],[24.609033,42.043553],[24.609008,42.043508],[24.608742,42.04347],[24.608668,42.043408],[24.6085,42.043473],[24.608356,42.043502],[24.608235,42.043498],[24.607948,42.043645],[24.607915,42.043826],[24.608001,42.043892],[24.608194,42.043908],[24.60829,42.043871],[24.608334,42.043646],[24.608394,42.043605],[24.608479,42.043604],[24.608575,42.04358],[24.608612,42.043634],[24.608614,42.043715],[24.608547,42.044026],[24.6085,42.044085],[24.608137,42.044067],[24.607932,42.044087],[24.607751,42.044084],[24.607532,42.044028],[24.607203,42.043883],[24.607094,42.043866],[24.606637,42.043956],[24.606481,42.044007],[24.6063,42.044027],[24.606217,42.044078],[24.606073,42.044129],[24.60593,42.044234],[24.606003,42.044309],[24.606088,42.044326],[24.60615,42.044371],[24.60614,42.044488],[24.606237,42.044537],[24.606504,42.04457],[24.606902,42.044552],[24.607059,42.044568],[24.60723,42.044648],[24.607292,42.044737],[24.607343,42.044903],[24.607215,42.045152],[24.607276,42.045205],[24.607554,42.045167],[24.607601,42.045135],[24.607675,42.045192],[24.607701,42.045287],[24.607703,42.045386],[24.607631,42.045427],[24.60762,42.045495],[24.60766,42.045679],[24.607649,42.045751],[24.607707,42.045852],[24.606887,42.045952],[24.605012,42.045929],[24.604246,42.046037],[24.603351,42.046309],[24.603406,42.046083],[24.603379,42.045984],[24.603305,42.045895],[24.602786,42.045785],[24.602695,42.045453],[24.602285,42.045377],[24.601826,42.045256],[24.601503,42.045323],[24.6013,42.045388],[24.601167,42.045372],[24.601176,42.045228],[24.600873,42.045097],[24.600558,42.044992],[24.600353,42.04495],[24.600174,42.044997],[24.600056,42.045106],[24.599953,42.045323],[24.599921,42.045513],[24.599886,42.045567],[24.60003,42.045556],[24.600161,42.04551],[24.600199,42.04559],[24.600081,42.045664],[24.600046,42.045736],[24.600132,42.045807],[24.601484,42.046079],[24.602279,42.046204],[24.602964,42.046337],[24.601961,42.046416],[24.601212,42.046457],[24.601151,42.04644],[24.60022,42.046377],[24.59942,42.046237],[24.599104,42.046137],[24.598836,42.046013],[24.598603,42.045854],[24.598186,42.045493],[24.59805,42.04536],[24.597938,42.045169],[24.598154,42.044931],[24.59831,42.044893],[24.598388,42.044649]]]},"properties":{"cadreg":58}},{"type":"Feature","geometry":{"type":"MultiPolygon","coordinates":[[[[24.594407,42.05409],[24.594929,42.054216],[24.595013,42.054188],[24.595254,42.054145],[24.595616,42.054109],[24.596143,42.053888],[24.596324,42.053873],[24.59654,42.053812],[24.59695,42.053736],[24.597179,42.053711],[24.597396,42.053708],[24.59759,42.05372],[24.598123,42.053818],[24.598123,42.053795],[24.597951,42.053662],[24.597768,42.053583],[24.597575,42.053558],[24.597418,42.05356],[24.597201,42.053598],[24.597068,42.053599],[24.596921,42.053497],[24.596847,42.053421],[24.596657,42.05296],[24.596404,42.052953],[24.596246,42.052923],[24.596149,42.052897],[24.596051,42.052826],[24.595978,42.052814],[24.595945,42.052954],[24.595898,42.053035],[24.595912,42.05317],[24.595854,42.053279],[24.595855,42.053337],[24.595807,42.053347],[24.595673,42.053281],[24.595587,42.053223],[24.595525,42.053142],[24.595416,42.053103],[24.595163,42.053146],[24.5951,42.05303],[24.594795,42.053492],[24.594738,42.053673],[24.594212,42.054007],[24.594045,42.05409],[24.594407,42.05409]]],[[[24.593025,42.054483],[24.592798,42.054625],[24.592414,42.054782],[24.59208,42.054988],[24.591758,42.055225],[24.591509,42.055462],[24.591296,42.055721],[24.591178,42.055875],[24.591097,42.056069],[24.590907,42.056215],[24.590873,42.056337],[24.590647,42.056538],[24.590539,42.056593],[24.590111,42.056953],[24.589825,42.057158],[24.589694,42.057295],[24.589408,42.057527],[24.589424,42.057712],[24.589486,42.057796],[24.589633,42.057912],[24.589892,42.058175],[24.590065,42.058421],[24.590245,42.059009],[24.590294,42.059044],[24.590394,42.059845],[24.590387,42.060124],[24.590292,42.060863],[24.590307,42.061718],[24.590371,42.06188],[24.590543,42.062053],[24.590896,42.062171],[24.591549,42.062187],[24.592018,42.062079],[24.592187,42.062064],[24.592585,42.06206],[24.594073,42.062157],[24.594389,42.062226],[24.594704,42.062267],[24.595189,42.062361],[24.595468,42.062462],[24.596054,42.06274],[24.596183,42.062773],[24.596509,42.062514],[24.596521,42.062555],[24.597015,42.06246],[24.597462,42.062432],[24.597607,42.06244],[24.597946,42.062509],[24.598238,42.062609],[24.598275,42.062654],[24.598396,42.062648],[24.598454,42.062544],[24.59834,42.062257],[24.598325,42.062099],[24.598348,42.062036],[24.598565,42.062011],[24.59907,42.061849],[24.599284,42.061675],[24.599632,42.061519],[24.599788,42.061472],[24.599944,42.061398],[24.600111,42.061284],[24.600229,42.061179],[24.600466,42.060929],[24.600513,42.060839],[24.600548,42.060753],[24.600546,42.060676],[24.600507,42.060506],[24.600334,42.060296],[24.600199,42.060189],[24.600028,42.06011],[24.599965,42.059949],[24.6002,42.059604],[24.600425,42.05935],[24.600518,42.059155],[24.600563,42.058979],[24.600669,42.058795],[24.600641,42.05865],[24.60062,42.05815],[24.600666,42.057997],[24.600736,42.057906],[24.600951,42.057732],[24.601237,42.057554],[24.601765,42.057346],[24.601994,42.057303],[24.602641,42.057008],[24.60281,42.057015],[24.603218,42.056872],[24.603493,42.056711],[24.60408,42.056444],[24.604307,42.056316],[24.604535,42.056214],[24.60457,42.056151],[24.604509,42.056142],[24.604351,42.056059],[24.604263,42.055893],[24.604346,42.055824],[24.604599,42.055768],[24.604777,42.055608],[24.604957,42.055557],[24.604993,42.055525],[24.605004,42.055466],[24.604979,42.055444],[24.604871,42.05545],[24.604811,42.055482],[24.604763,42.055478],[24.604782,42.055248],[24.604925,42.055121],[24.605045,42.055047],[24.605006,42.054908],[24.604945,42.054891],[24.604872,42.054892],[24.604896,42.054833],[24.605027,42.05475],[24.605279,42.054676],[24.605351,42.054626],[24.605371,42.054409],[24.605464,42.054233],[24.605655,42.054087],[24.605582,42.054069],[24.605567,42.053921],[24.605482,42.053881],[24.605481,42.053827],[24.605529,42.053809],[24.605625,42.053803],[24.605659,42.05369],[24.605478,42.053701],[24.605321,42.053689],[24.605045,42.05376],[24.604683,42.053804],[24.603475,42.05383],[24.603306,42.053805],[24.603162,42.053856],[24.603101,42.053911],[24.602899,42.053998],[24.602514,42.054088],[24.602297,42.054108],[24.601777,42.054122],[24.601319,42.054181],[24.600933,42.054203],[24.600728,42.054192],[24.600134,42.054085],[24.599843,42.054057],[24.599709,42.054009],[24.599008,42.053989],[24.598535,42.053895],[24.598439,42.053905],[24.59759,42.053756],[24.597179,42.053747],[24.596806,42.053796],[24.596337,42.053908],[24.596156,42.053924],[24.595628,42.054145],[24.595267,42.054181],[24.595026,42.054219],[24.59493,42.054252],[24.594699,42.054209],[24.59459,42.05417],[24.594396,42.054127],[24.593971,42.054122],[24.593648,42.054215],[24.593396,42.054308],[24.593025,42.054483]]]]},"properties":{"cadreg":61}},{"type":"Feature","geometry":{"type":"MultiPolygon","coordinates":[[[[24.615195,42.043532],[24.615389,42.043528],[24.615478,42.043653],[24.615575,42.043633],[24.61584,42.044278],[24.615891,42.044683],[24.615891,42.044999],[24.615825,42.045858],[24.615566,42.046423],[24.615311,42.046727],[24.615077,42.046961],[24.615087,42.046889],[24.615049,42.046786],[24.615033,42.046538],[24.61497,42.046413],[24.614969,42.046345],[24.615025,42.046151],[24.614974,42.04599],[24.614876,42.045905],[24.614791,42.045883],[24.614502,42.045936],[24.614382,42.045973],[24.614092,42.045963],[24.61402,42.045986],[24.614021,42.046072],[24.613986,42.046148],[24.613794,42.046191],[24.613516,42.046167],[24.613419,42.046181],[24.613349,42.046326],[24.613253,42.046345],[24.61312,42.046347],[24.612949,42.04624],[24.612875,42.046165],[24.612837,42.046057],[24.612916,42.045763],[24.61289,42.045678],[24.612805,42.045621],[24.612732,42.045612],[24.612636,42.045627],[24.61254,42.045677],[24.612504,42.045714],[24.612556,42.045907],[24.612533,42.045952],[24.612461,42.045966],[24.612376,42.045949],[24.612193,42.04587],[24.612121,42.045871],[24.612001,42.045922],[24.611882,42.04604],[24.61181,42.046068],[24.611224,42.045705],[24.611114,42.045665],[24.610935,42.045762],[24.610876,42.045839],[24.61083,42.045965],[24.610846,42.046181],[24.610859,42.046231],[24.610908,42.046266],[24.610932,42.04627],[24.611004,42.046229],[24.611123,42.046129],[24.61122,42.04615],[24.611575,42.04639],[24.611599,42.046389],[24.611622,42.046349],[24.611619,42.046182],[24.611656,42.046191],[24.611717,42.046235],[24.611914,42.046458],[24.61206,42.046511],[24.612156,42.046469],[24.612287,42.046333],[24.612347,42.046319],[24.612444,42.046345],[24.612555,42.046474],[24.612616,42.046487],[24.612772,42.046445],[24.61288,42.046439],[24.612942,42.046524],[24.612884,42.046651],[24.61291,42.04674],[24.613056,42.046793],[24.613274,42.046804],[24.61343,42.046766],[24.613554,42.046936],[24.613655,42.047018],[24.612474,42.047013],[24.612095,42.047759],[24.611883,42.04797],[24.611707,42.04818],[24.611617,42.048443],[24.611712,42.048802],[24.611793,42.04955],[24.611655,42.050274],[24.611448,42.050665],[24.61004,42.053158],[24.609961,42.053105],[24.609743,42.053054],[24.609694,42.053014],[24.609664,42.052721],[24.609639,42.052663],[24.609566,42.052632],[24.609482,42.052642],[24.609458,42.052669],[24.609459,42.052728],[24.609546,42.052844],[24.609549,42.053029],[24.609466,42.053102],[24.60908,42.053133],[24.609023,42.053295],[24.60904,42.053303],[24.609163,42.053256],[24.609379,42.0532],[24.609538,42.053133],[24.609685,42.053186],[24.609863,42.053296],[24.610306,42.053702],[24.610556,42.053883],[24.610739,42.05398],[24.611225,42.05415],[24.611457,42.054269],[24.611592,42.05438],[24.611763,42.054473],[24.612201,42.054644],[24.612355,42.054485],[24.61244,42.054489],[24.612477,42.05452],[24.612478,42.054565],[24.612454,42.054601],[24.612503,42.054641],[24.612588,42.054672],[24.612651,42.054797],[24.612653,42.054869],[24.612739,42.054985],[24.612766,42.055102],[24.61284,42.055187],[24.6129,42.055186],[24.613056,42.055103],[24.613488,42.054968],[24.613717,42.054935],[24.613837,42.054902],[24.61392,42.054829],[24.614088,42.05476],[24.614354,42.054739],[24.614521,42.054669],[24.614578,42.054595],[24.615034,42.054457],[24.615607,42.05426],[24.61617,42.054108],[24.616612,42.053949],[24.616926,42.053721],[24.616932,42.053753],[24.617007,42.053838],[24.617189,42.053885],[24.617226,42.053921],[24.617226,42.053966],[24.617179,42.054034],[24.617192,42.054088],[24.617181,42.054133],[24.617098,42.054219],[24.616918,42.054248],[24.61687,42.054285],[24.616847,42.054357],[24.616873,42.054424],[24.616874,42.054496],[24.616853,42.054538],[24.616911,42.054563],[24.617093,42.054562],[24.617163,42.054462],[24.617148,42.054295],[24.617183,42.054227],[24.617278,42.054145],[24.61736,42.054],[24.617347,42.053938],[24.617309,42.053884],[24.61732,42.053816],[24.617403,42.053716],[24.617438,42.053644],[24.617437,42.053585],[24.617387,42.053536],[24.617314,42.05351],[24.617206,42.053511],[24.617097,42.05355],[24.617295,42.053327],[24.617384,42.053497],[24.617594,42.053711],[24.617816,42.053897],[24.617949,42.053941],[24.618105,42.053893],[24.618155,42.053974],[24.618266,42.054063],[24.618284,42.054279],[24.618382,42.054359],[24.618548,42.054257],[24.618593,42.05413],[24.618711,42.054012],[24.618892,42.054027],[24.619117,42.053999],[24.619079,42.05395],[24.618952,42.053595],[24.618938,42.053263],[24.618555,42.052429],[24.618298,42.051942],[24.618188,42.051546],[24.618343,42.051328],[24.618865,42.051056],[24.619893,42.050741],[24.620207,42.050501],[24.620702,42.049732],[24.620964,42.049575],[24.621403,42.049453],[24.621583,42.049341],[24.621668,42.048723],[24.621618,42.048389],[24.621384,42.047947],[24.620893,42.047313],[24.620398,42.046927],[24.619955,42.046729],[24.619351,42.046142],[24.618326,42.043252],[24.618131,42.043003],[24.617955,42.042623],[24.617635,42.042479],[24.616876,42.042384],[24.615624,42.042313],[24.615348,42.042391],[24.615406,42.042652],[24.615402,42.042887],[24.61546,42.043138],[24.614978,42.043202],[24.6148,42.043323],[24.61472,42.04346],[24.615195,42.043532]]],[[[24.614206,42.058436],[24.614411,42.058407],[24.614458,42.058375],[24.61447,42.05833],[24.614445,42.058294],[24.614323,42.058242],[24.61425,42.058242],[24.614116,42.058163],[24.614077,42.058028],[24.614086,42.057839],[24.614002,42.057259],[24.613868,42.056531],[24.613791,42.056293],[24.613703,42.056146],[24.613654,42.05611],[24.613558,42.056093],[24.613473,42.056108],[24.613462,42.05613],[24.613598,42.056304],[24.613661,42.056448],[24.613855,42.057144],[24.613848,42.057423],[24.613876,42.057634],[24.613897,42.05807],[24.613984,42.058205],[24.614082,42.058298],[24.614071,42.058348],[24.614035,42.058366],[24.613926,42.058354],[24.613977,42.058461],[24.613966,42.058515],[24.61405,42.058533],[24.614085,42.058465],[24.614145,42.058428],[24.614206,42.058436]]],[[[24.615192,42.060763],[24.615178,42.060673],[24.615154,42.060646],[24.615033,42.060656],[24.614924,42.060626],[24.614774,42.060362],[24.614651,42.060251],[24.61459,42.060233],[24.614469,42.060243],[24.614446,42.060266],[24.614447,42.06032],[24.614558,42.060445],[24.614621,42.060593],[24.614682,42.060637],[24.614707,42.060678],[24.61478,42.060722],[24.614868,42.060892],[24.614905,42.060923],[24.614941,42.060918],[24.615144,42.060777],[24.615192,42.060763]]],[[[24.617044,42.06222],[24.616982,42.062157],[24.616827,42.062222],[24.616742,42.062223],[24.61662,42.062179],[24.616476,42.06219],[24.616368,42.062249],[24.61632,42.06225],[24.616234,42.062215],[24.616089,42.062185],[24.616028,42.062185],[24.615945,42.06224],[24.615995,42.062316],[24.616129,42.062418],[24.616385,42.062519],[24.616434,42.062573],[24.61646,42.062649],[24.616767,42.062912],[24.616891,42.063063],[24.616916,42.063122],[24.616869,42.063194],[24.616894,42.063239],[24.616895,42.063311],[24.616955,42.063292],[24.617051,42.063228],[24.617098,42.063151],[24.61712,42.06307],[24.617095,42.06298],[24.617129,42.062899],[24.617116,42.062836],[24.617055,42.062782],[24.616991,42.062626],[24.617002,42.062567],[24.616974,42.06236],[24.617008,42.062252],[24.617044,42.06222]]],[[[24.619315,42.054534],[24.619183,42.05458],[24.619101,42.054689],[24.619077,42.05473],[24.619081,42.054923],[24.619169,42.055089],[24.61923,42.05516],[24.619437,42.055203],[24.619509,42.055189],[24.619508,42.055139],[24.619446,42.055082],[24.619408,42.05496],[24.619431,42.054929],[24.619637,42.05494],[24.619623,42.054841],[24.619653,42.054682],[24.619373,42.054326],[24.619411,42.054506],[24.619363,42.054533],[24.619315,42.054534]]],[[[24.618971,42.055501],[24.618663,42.055171],[24.618588,42.055046],[24.618461,42.054723],[24.618291,42.054697],[24.618243,42.05472],[24.618256,42.054761],[24.618305,42.054801],[24.618344,42.05494],[24.618321,42.054972],[24.618261,42.054995],[24.618043,42.054997],[24.617873,42.054918],[24.617836,42.054918],[24.617825,42.054963],[24.617777,42.054982],[24.617704,42.054965],[24.617571,42.054926],[24.617484,42.054814],[24.617411,42.054779],[24.617338,42.05478],[24.617144,42.05471],[24.617059,42.05471],[24.616891,42.054744],[24.616831,42.054771],[24.61659,42.054805],[24.61653,42.05486],[24.616398,42.054906],[24.616659,42.055277],[24.616856,42.055442],[24.616893,42.055491],[24.616894,42.055559],[24.616919,42.055594],[24.616955,42.055607],[24.61698,42.055607],[24.616991,42.055589],[24.617014,42.05549],[24.616891,42.055392],[24.616839,42.055221],[24.61691,42.055131],[24.616921,42.055081],[24.616896,42.055027],[24.616882,42.054915],[24.616905,42.054874],[24.617134,42.054809],[24.617206,42.054808],[24.617279,42.054834],[24.617316,42.054897],[24.617331,42.055014],[24.61732,42.055063],[24.617272,42.055122],[24.617297,42.055158],[24.61737,42.055175],[24.617635,42.05515],[24.617757,42.055171],[24.618047,42.055182],[24.61836,42.055156],[24.618432,42.055106],[24.618481,42.055128],[24.618655,42.055409],[24.618706,42.055549],[24.618755,42.055598],[24.618888,42.055578],[24.61896,42.055546],[24.618971,42.055501]]],[[[24.617679,42.058121],[24.617762,42.058025],[24.617738,42.057999],[24.61764,42.057977],[24.617541,42.057812],[24.617468,42.057776],[24.617117,42.057794],[24.616878,42.057918],[24.616891,42.057958],[24.616928,42.057994],[24.617001,42.058015],[24.617036,42.057984],[24.617266,42.057963],[24.617291,42.058003],[24.617292,42.058057],[24.617244,42.058094],[24.617232,42.058126],[24.61727,42.058211],[24.617307,42.05821],[24.617414,42.05816],[24.617463,42.058155],[24.617511,42.058154],[24.617596,42.058189],[24.617645,42.058193],[24.61768,42.05817],[24.617679,42.058121]]],[[[24.619058,42.058187],[24.618902,42.058248],[24.618854,42.058284],[24.618891,42.058311],[24.618964,42.058323],[24.619108,42.05829],[24.619338,42.058279],[24.619386,42.058265],[24.619457,42.058224],[24.619505,42.058165],[24.619562,42.058007],[24.61938,42.057954],[24.619162,42.057957],[24.619127,42.057993],[24.619141,42.058124],[24.619058,42.058187]]],[[[24.616904,42.060574],[24.616674,42.060553],[24.616483,42.060641],[24.616447,42.060695],[24.6164,42.060723],[24.616401,42.060822],[24.616524,42.060933],[24.616513,42.060978],[24.616586,42.061009],[24.61667,42.060963],[24.616754,42.06094],[24.616996,42.060946],[24.617044,42.060919],[24.617055,42.060869],[24.617138,42.060778],[24.61727,42.060745],[24.617294,42.060718],[24.617292,42.060655],[24.617255,42.060601],[24.617206,42.06057],[24.616904,42.060574]]],[[[24.617771,42.061073],[24.617773,42.061141],[24.61775,42.061195],[24.617813,42.061347],[24.617862,42.061383],[24.618139,42.061353],[24.618151,42.061312],[24.618076,42.061205],[24.618123,42.061115],[24.618062,42.061088],[24.618036,42.06098],[24.617999,42.060963],[24.617781,42.060947],[24.617709,42.060975],[24.617771,42.061073]]],[[[24.618996,42.061303],[24.619046,42.061375],[24.619181,42.061468],[24.619218,42.061544],[24.619184,42.061653],[24.61921,42.061742],[24.619369,42.061844],[24.619454,42.061852],[24.619598,42.061828],[24.619707,42.061827],[24.619935,42.061771],[24.620115,42.061697],[24.620284,42.06165],[24.620669,42.061574],[24.620705,42.061556],[24.620656,42.061525],[24.620545,42.061507],[24.620558,42.061472],[24.620763,42.061438],[24.620786,42.061397],[24.620749,42.061357],[24.620676,42.06134],[24.620592,42.061341],[24.620508,42.061382],[24.620485,42.061436],[24.620425,42.061491],[24.620294,42.061546],[24.620209,42.061547],[24.620087,42.061472],[24.620024,42.061369],[24.619684,42.061242],[24.619186,42.061108],[24.61915,42.06114],[24.619139,42.06118],[24.619019,42.061213],[24.618995,42.06124],[24.618996,42.061303]]],[[[24.619181,42.063399],[24.619191,42.063291],[24.619163,42.063093],[24.619041,42.063032],[24.618956,42.063019],[24.618905,42.062871],[24.618868,42.06284],[24.618795,42.062818],[24.618639,42.062847],[24.618603,42.062879],[24.618654,42.063004],[24.618606,42.063036],[24.618413,42.06307],[24.61839,42.063102],[24.61809,42.063199],[24.617826,42.063337],[24.617813,42.063288],[24.617752,42.063248],[24.617703,42.063185],[24.617581,42.063119],[24.617459,42.063102],[24.617435,42.063116],[24.617473,42.063192],[24.617474,42.063251],[24.617319,42.063365],[24.617249,42.063469],[24.617203,42.063627],[24.617236,42.063729],[24.617128,42.063665],[24.617053,42.063539],[24.616903,42.063731],[24.617064,42.063894],[24.617284,42.064036],[24.618015,42.064353],[24.618221,42.064404],[24.618562,42.06454],[24.618914,42.064645],[24.619232,42.064808],[24.61978,42.065027],[24.620134,42.065267],[24.620391,42.065404],[24.620525,42.065452],[24.62084,42.065529],[24.62101,42.065546],[24.621239,42.065534],[24.621797,42.065663],[24.622138,42.065781],[24.622395,42.06595],[24.622469,42.06603],[24.622533,42.066214],[24.622549,42.066412],[24.622599,42.066528],[24.622652,42.066533],[24.622677,42.066335],[24.622739,42.066151],[24.622956,42.0657],[24.623047,42.06557],[24.623148,42.065441],[24.623253,42.065346],[24.623705,42.065127],[24.62361,42.06505],[24.623596,42.064902],[24.623619,42.064865],[24.623594,42.064843],[24.623546,42.064844],[24.623485,42.064822],[24.623473,42.064799],[24.62346,42.064763],[24.623481,42.064588],[24.623468,42.06457],[24.62342,42.064561],[24.623384,42.064593],[24.623327,42.064765],[24.623291,42.064792],[24.623255,42.064793],[24.623207,42.064816],[24.623172,42.064852],[24.623174,42.064956],[24.623211,42.065041],[24.623213,42.065095],[24.623153,42.065167],[24.623117,42.065168],[24.623056,42.065119],[24.623053,42.064943],[24.623016,42.064917],[24.622714,42.064933],[24.622677,42.064907],[24.622664,42.064866],[24.62282,42.064779],[24.622807,42.064752],[24.622481,42.064747],[24.622396,42.06473],[24.622274,42.064677],[24.622237,42.064646],[24.622178,42.064714],[24.622191,42.064772],[24.622156,42.064795],[24.621951,42.064833],[24.621684,42.064791],[24.621526,42.064721],[24.621452,42.064663],[24.621222,42.064634],[24.621149,42.064612],[24.621146,42.064464],[24.621216,42.064328],[24.621299,42.064223],[24.621188,42.064135],[24.621138,42.064018],[24.621076,42.063929],[24.620917,42.063858],[24.620856,42.063814],[24.620756,42.063653],[24.620726,42.063311],[24.620844,42.063157],[24.621095,42.063019],[24.621308,42.062814],[24.621464,42.062732],[24.621536,42.062731],[24.621548,42.06269],[24.621499,42.062655],[24.621269,42.06263],[24.621185,42.062658],[24.621077,42.062709],[24.62103,42.06279],[24.620911,42.062909],[24.620851,42.062905],[24.620644,42.062812],[24.620571,42.062818],[24.620331,42.062879],[24.620184,42.062768],[24.619942,42.062779],[24.619724,42.062732],[24.619604,42.062769],[24.619617,42.062805],[24.619582,42.062913],[24.619454,42.063135],[24.619456,42.063275],[24.619362,42.063415],[24.619327,42.063452],[24.619267,42.063471],[24.619206,42.063449],[24.619181,42.063399]]],[[[24.621968,42.062537],[24.622126,42.062621],[24.622152,42.062706],[24.622226,42.062791],[24.622203,42.062832],[24.622155,42.062855],[24.622095,42.062856],[24.62194,42.06301],[24.621797,42.06307],[24.62175,42.063147],[24.621751,42.063192],[24.621825,42.063273],[24.621861,42.063268],[24.622334,42.063366],[24.622442,42.063347],[24.622793,42.063343],[24.623118,42.063277],[24.622848,42.063077],[24.622477,42.062635],[24.622362,42.062308],[24.622394,42.062083],[24.622262,42.062115],[24.622165,42.062103],[24.621948,42.062114],[24.621864,42.062147],[24.621816,42.062206],[24.621784,42.062422],[24.621871,42.062516],[24.621968,42.062537]]],[[[24.62127,42.063319],[24.621087,42.063226],[24.620942,42.063268],[24.620859,42.063332],[24.620884,42.063377],[24.62097,42.063444],[24.621153,42.063545],[24.621262,42.063544],[24.621466,42.063474],[24.62149,42.063452],[24.621538,42.063451],[24.621562,42.063419],[24.621572,42.063347],[24.62157,42.063239],[24.621546,42.063217],[24.62151,42.063226],[24.621498,42.063258],[24.62145,42.063276],[24.621439,42.063313],[24.62127,42.063319]]],[[[24.62287,42.063586],[24.622568,42.06358],[24.622363,42.063623],[24.622121,42.063621],[24.622073,42.063648],[24.622123,42.063711],[24.622159,42.06371],[24.622329,42.063771],[24.622568,42.063889],[24.622754,42.063848],[24.622871,42.063662],[24.62287,42.063586]]],[[[24.622154,42.064093],[24.621839,42.064011],[24.621815,42.064024],[24.622,42.064216],[24.622038,42.064315],[24.622075,42.064346],[24.622135,42.064363],[24.62222,42.064362],[24.622375,42.064235],[24.622518,42.064161],[24.62259,42.064106],[24.622553,42.064075],[24.62242,42.064099],[24.622154,42.064093]]],[[[24.623123,42.064213],[24.623062,42.064164],[24.623026,42.06416],[24.62299,42.064192],[24.622979,42.064251],[24.623054,42.06439],[24.622948,42.064544],[24.622997,42.064579],[24.623046,42.064592],[24.623179,42.064591],[24.623323,42.064553],[24.623407,42.064521],[24.62343,42.064476],[24.62349,42.064439],[24.623428,42.064341],[24.623123,42.064213]]]]},"properties":{"cadreg":62}},{"type":"Feature","geometry":{"type":"Polygon","coordinates":[[[24.582487,42.082807],[24.581252,42.08377],[24.580462,42.084503],[24.578354,42.086578],[24.578203,42.086609],[24.577914,42.086597],[24.578271,42.086999],[24.578277,42.086962],[24.580166,42.088769],[24.580379,42.088885],[24.582636,42.089665],[24.583756,42.090032],[24.583873,42.089873],[24.584253,42.089057],[24.585041,42.087478],[24.586073,42.08582],[24.584947,42.085187],[24.583654,42.084],[24.58304,42.083393],[24.582627,42.082827],[24.582636,42.082588],[24.582487,42.082807]]]},"properties":{"cadreg":48}},{"type":"Feature","geometry":{"type":"MultiPolygon","coordinates":[[[[24.574961,42.080385],[24.574733,42.080294],[24.573806,42.081247],[24.574018,42.081355],[24.574961,42.080385]]],[[[24.63011,42.086478],[24.629311,42.08653],[24.629277,42.086545],[24.628951,42.086585],[24.628382,42.08655],[24.628152,42.086494],[24.627288,42.086188],[24.626912,42.086156],[24.626756,42.086171],[24.626673,42.086271],[24.626664,42.08642],[24.626764,42.086594],[24.626853,42.086859],[24.62693,42.087097],[24.626971,42.087344],[24.627082,42.087455],[24.627171,42.087659],[24.627238,42.08794],[24.627253,42.088143],[24.627232,42.088475],[24.627305,42.088684],[24.627392,42.088828],[24.627615,42.089324],[24.627786,42.089509],[24.628008,42.089896],[24.628158,42.090108],[24.628866,42.09076],[24.629004,42.091008],[24.629501,42.0911],[24.629602,42.091055],[24.629913,42.090552],[24.63025,42.09028],[24.630487,42.090205],[24.632239,42.089872],[24.633217,42.089623],[24.633738,42.089468],[24.633873,42.089353],[24.633951,42.089237],[24.634618,42.088597],[24.635013,42.088327],[24.635428,42.087868],[24.635606,42.087541],[24.635754,42.087405],[24.635893,42.087352],[24.636204,42.086895],[24.636261,42.08686],[24.636343,42.086728],[24.63637,42.086609],[24.636657,42.0859],[24.636742,42.085726],[24.636875,42.085547],[24.636972,42.085361],[24.637001,42.085182],[24.63699,42.085044],[24.636933,42.085191],[24.636795,42.085277],[24.636466,42.085145],[24.636168,42.085356],[24.635737,42.08559],[24.635364,42.085679],[24.634652,42.085718],[24.634017,42.086004],[24.633731,42.086237],[24.633599,42.086297],[24.63359,42.086406],[24.633736,42.086503],[24.633982,42.086712],[24.633856,42.086742],[24.633844,42.086795],[24.63351,42.086842],[24.633054,42.086707],[24.63297,42.086737],[24.63281,42.086505],[24.632786,42.086344],[24.632492,42.086019],[24.632335,42.085883],[24.632263,42.085919],[24.632194,42.086127],[24.63211,42.086155],[24.632111,42.086218],[24.632021,42.086406],[24.631946,42.086405],[24.631432,42.086113],[24.631189,42.086034],[24.630995,42.086014],[24.630815,42.086052],[24.630611,42.086135],[24.630444,42.086281],[24.630109,42.086438],[24.63011,42.086478]]]]},"properties":{"cadreg":40}},{"type":"Feature","geometry":{"type":"Polygon","coordinates":[[[24.613404,42.072306],[24.613308,42.072361],[24.613176,42.072408],[24.613031,42.072409],[24.612851,42.072483],[24.61278,42.072551],[24.612588,42.072607],[24.612552,42.07263],[24.612577,42.07268],[24.612542,42.072729],[24.612482,42.072789],[24.61241,42.07283],[24.612461,42.072955],[24.612522,42.072986],[24.612789,42.073051],[24.612826,42.073096],[24.612985,42.073152],[24.612961,42.073162],[24.612706,42.073115],[24.612609,42.073111],[24.612428,42.073131],[24.611947,42.073235],[24.611333,42.073345],[24.611092,42.073415],[24.611008,42.073457],[24.610877,42.073562],[24.610819,42.073684],[24.610759,42.073689],[24.610698,42.073667],[24.610429,42.073517],[24.610248,42.073523],[24.6099,42.073635],[24.609636,42.073746],[24.609514,42.073869],[24.609397,42.073927],[24.609306,42.074001],[24.609049,42.074028],[24.608843,42.074017],[24.608755,42.074026],[24.60878,42.074206],[24.608681,42.074271],[24.608625,42.074266],[24.608396,42.074114],[24.60819,42.074063],[24.607882,42.074052],[24.607626,42.074122],[24.607532,42.074194],[24.607453,42.074294],[24.607343,42.074269],[24.607316,42.07436],[24.607202,42.074402],[24.60716,42.074385],[24.606575,42.074349],[24.606362,42.074382],[24.606276,42.074368],[24.60613,42.074383],[24.606361,42.074414],[24.606578,42.074381],[24.607147,42.074415],[24.607488,42.07456],[24.607672,42.074693],[24.60816,42.074927],[24.608417,42.0751],[24.608733,42.075214],[24.608977,42.075351],[24.609123,42.07539],[24.609491,42.075651],[24.60971,42.07573],[24.609832,42.07581],[24.610075,42.075879],[24.610245,42.07595],[24.610548,42.075992],[24.610853,42.076114],[24.611281,42.076416],[24.611611,42.076561],[24.612156,42.076659],[24.612204,42.076632],[24.612373,42.076598],[24.612988,42.076547],[24.613326,42.076548],[24.613616,42.076513],[24.613761,42.076512],[24.613905,42.076447],[24.614206,42.07639],[24.614636,42.076133],[24.614803,42.075997],[24.614955,42.075765],[24.615062,42.075661],[24.61512,42.075552],[24.615228,42.075461],[24.615635,42.075286],[24.616033,42.075209],[24.616405,42.075116],[24.617054,42.074915],[24.61733,42.074818],[24.617858,42.074578],[24.618555,42.074382],[24.618687,42.074322],[24.619108,42.074236],[24.619313,42.07423],[24.61972,42.074036],[24.620201,42.073883],[24.62026,42.073806],[24.620282,42.073684],[24.620353,42.073597],[24.620592,42.073464],[24.620748,42.073422],[24.621509,42.073387],[24.621763,42.073412],[24.622067,42.07353],[24.622153,42.073583],[24.622323,42.073617],[24.622444,42.07362],[24.622636,42.073573],[24.623092,42.073371],[24.623223,42.073284],[24.62327,42.073234],[24.623283,42.072621],[24.623317,42.072486],[24.623469,42.072232],[24.623549,42.071979],[24.623488,42.071989],[24.6235,42.071971],[24.623484,42.071755],[24.623457,42.071615],[24.623459,42.07108],[24.623536,42.070656],[24.623455,42.070206],[24.623497,42.069909],[24.623487,42.069342],[24.623531,42.069139],[24.623993,42.068639],[24.624039,42.068534],[24.623987,42.068319],[24.623985,42.068229],[24.62392,42.067973],[24.623857,42.067834],[24.623708,42.06762],[24.62356,42.067491],[24.623413,42.067402],[24.623315,42.067322],[24.623057,42.067036],[24.622823,42.066882],[24.622687,42.066763],[24.62264,42.066675],[24.622549,42.066412],[24.622533,42.066214],[24.622469,42.06603],[24.622395,42.06595],[24.622138,42.065781],[24.621797,42.065663],[24.621239,42.065534],[24.62101,42.065546],[24.62084,42.065529],[24.620525,42.065452],[24.620391,42.065404],[24.620134,42.065267],[24.61978,42.065027],[24.619232,42.064808],[24.618914,42.064645],[24.618562,42.06454],[24.618221,42.064404],[24.618015,42.064353],[24.617284,42.064036],[24.617064,42.063894],[24.61694,42.063756],[24.616854,42.063698],[24.616827,42.063546],[24.616846,42.063248],[24.616771,42.063128],[24.616599,42.062954],[24.615937,42.062466],[24.615728,42.06227],[24.615569,42.062163],[24.615433,42.06203],[24.615485,42.062187],[24.615442,42.06248],[24.615384,42.062615],[24.615231,42.062838],[24.614958,42.063115],[24.614805,42.063297],[24.614751,42.063626],[24.614716,42.063721],[24.614718,42.063806],[24.614841,42.063954],[24.614963,42.064011],[24.615074,42.0641],[24.615111,42.064162],[24.614708,42.064585],[24.614674,42.064667],[24.614664,42.06482],[24.61469,42.064887],[24.614679,42.064982],[24.614621,42.065068],[24.61461,42.06514],[24.614624,42.065252],[24.614737,42.065485],[24.614571,42.065618],[24.614477,42.065799],[24.614505,42.065997],[24.614401,42.066209],[24.614403,42.066326],[24.614442,42.066465],[24.614444,42.066596],[24.61441,42.066686],[24.614266,42.066746],[24.614208,42.066896],[24.614188,42.067125],[24.614214,42.067224],[24.614363,42.067416],[24.614225,42.0678],[24.614239,42.067908],[24.614229,42.06803],[24.614162,42.06831],[24.614165,42.068436],[24.614074,42.068738],[24.614235,42.068962],[24.614333,42.069055],[24.614399,42.069338],[24.614389,42.069433],[24.614414,42.069509],[24.61461,42.069633],[24.614819,42.069838],[24.614908,42.070058],[24.614925,42.070291],[24.614774,42.070626],[24.614717,42.070802],[24.614577,42.071092],[24.614353,42.071382],[24.614295,42.071491],[24.6142,42.071591],[24.61413,42.071731],[24.614046,42.071773],[24.613794,42.071843],[24.613698,42.07192],[24.613652,42.072016],[24.613593,42.072084],[24.613582,42.07216],[24.613404,42.072306]]]},"properties":{"cadreg":57}},{"type":"Feature","geometry":{"type":"Polygon","coordinates":[[[24.62738,42.084711],[24.627588,42.084812],[24.627735,42.084941],[24.627907,42.085047],[24.628102,42.08514],[24.628235,42.085179],[24.628261,42.085242],[24.628104,42.085248],[24.627542,42.084952],[24.627397,42.084972],[24.62718,42.084956],[24.627083,42.084966],[24.626986,42.084935],[24.626949,42.0849],[24.626841,42.084964],[24.626782,42.085019],[24.626759,42.085073],[24.626856,42.085117],[24.627026,42.08512],[24.627134,42.085087],[24.62723,42.085086],[24.627232,42.085153],[24.627136,42.085208],[24.626991,42.085232],[24.626908,42.085278],[24.626909,42.08535],[24.626792,42.085541],[24.626759,42.085699],[24.626784,42.085752],[24.627101,42.085893],[24.627343,42.085922],[24.62738,42.085953],[24.62737,42.086075],[24.627335,42.086143],[24.627251,42.086157],[24.627105,42.086096],[24.626704,42.085992],[24.626524,42.086093],[24.626526,42.086192],[24.626564,42.086295],[24.626566,42.086358],[24.626663,42.08637],[24.626673,42.086271],[24.626756,42.086171],[24.626912,42.086156],[24.627118,42.086168],[24.627288,42.086188],[24.628152,42.086494],[24.628382,42.08655],[24.628951,42.086585],[24.629277,42.086545],[24.629311,42.08653],[24.63011,42.086478],[24.630109,42.086438],[24.630444,42.086281],[24.630611,42.086135],[24.630815,42.086052],[24.630995,42.086014],[24.631189,42.086034],[24.631432,42.086113],[24.631946,42.086405],[24.632021,42.086406],[24.632111,42.086218],[24.63211,42.086155],[24.632194,42.086127],[24.632263,42.085919],[24.632335,42.085883],[24.632492,42.086019],[24.632786,42.086344],[24.63281,42.086505],[24.63297,42.086737],[24.633054,42.086707],[24.63351,42.086842],[24.633844,42.086795],[24.633856,42.086742],[24.633982,42.086712],[24.633736,42.086503],[24.63359,42.086406],[24.633599,42.086297],[24.633731,42.086237],[24.634017,42.086004],[24.634652,42.085718],[24.635364,42.085679],[24.635737,42.08559],[24.636168,42.085356],[24.636466,42.085145],[24.636795,42.085277],[24.636933,42.085191],[24.63699,42.085044],[24.637,42.084837],[24.637047,42.084587],[24.636952,42.084478],[24.636786,42.08436],[24.636564,42.084436],[24.635959,42.084953],[24.63573,42.085115],[24.635474,42.08523],[24.635137,42.085327],[24.634665,42.085371],[24.634221,42.08538],[24.633376,42.085358],[24.63317,42.08532],[24.632902,42.085219],[24.632901,42.085197],[24.632998,42.085182],[24.632997,42.085155],[24.632885,42.084985],[24.63275,42.084847],[24.63265,42.084713],[24.632573,42.084476],[24.632487,42.084364],[24.632414,42.084351],[24.632257,42.084348],[24.632257,42.084375],[24.632088,42.084395],[24.631813,42.084515],[24.631767,42.084642],[24.631817,42.084731],[24.631782,42.084781],[24.631877,42.084793],[24.632031,42.085083],[24.631911,42.085143],[24.632008,42.085274],[24.631924,42.085302],[24.63182,42.085313],[24.631667,42.085088],[24.631616,42.084954],[24.631566,42.0849],[24.631503,42.084762],[24.631476,42.084622],[24.631368,42.084628],[24.631116,42.084748],[24.630923,42.084763],[24.630717,42.084743],[24.630413,42.084661],[24.630219,42.084627],[24.629892,42.08459],[24.629868,42.084608],[24.62981,42.084739],[24.629739,42.084803],[24.629587,42.084786],[24.629551,42.085],[24.629579,42.085015],[24.629551,42.085057],[24.629479,42.085085],[24.629043,42.085049],[24.629041,42.08503],[24.628846,42.084969],[24.628841,42.085047],[24.628674,42.084992],[24.628632,42.084997],[24.628582,42.084982],[24.628582,42.084964],[24.628337,42.084822],[24.627851,42.084661],[24.627522,42.084529],[24.627438,42.084543],[24.627367,42.084634],[24.62738,42.084711]]]},"properties":{"cadreg":115}},{"type":"Feature","geometry":{"type":"MultiPolygon","coordinates":[[[[24.596827,42.072169],[24.596591,42.072204],[24.596648,42.072322],[24.596709,42.072317],[24.596816,42.072637],[24.597069,42.072598],[24.597261,42.07255],[24.597383,42.072821],[24.597373,42.072959],[24.597414,42.072961],[24.597413,42.072844],[24.597291,42.072492],[24.59695,42.072574],[24.596827,42.072169]]],[[[24.590912,42.073334],[24.590788,42.073395],[24.590624,42.073585],[24.590716,42.073717],[24.590795,42.073748],[24.590976,42.07353],[24.591166,42.073621],[24.591186,42.073596],[24.591584,42.073803],[24.591481,42.073937],[24.592035,42.074192],[24.592416,42.074301],[24.59253,42.074099],[24.59225,42.074018],[24.592274,42.073996],[24.59214,42.073953],[24.591677,42.0737],[24.591031,42.073393],[24.590987,42.073447],[24.590986,42.073376],[24.590912,42.073334]]]]},"properties":{"cadreg":117}},{"type":"Feature","geometry":{"type":"Polygon","coordinates":[[[24.608183,42.094568],[24.60702,42.094911],[24.606953,42.094976],[24.606907,42.095186],[24.606896,42.095529],[24.606726,42.095793],[24.606604,42.096235],[24.606629,42.096574],[24.606804,42.097424],[24.60688,42.097621],[24.607542,42.098801],[24.607694,42.099133],[24.607904,42.099741],[24.608137,42.100564],[24.608275,42.101211],[24.608405,42.101527],[24.608545,42.101654],[24.608839,42.101725],[24.609031,42.101804],[24.609993,42.102247],[24.609879,42.102238],[24.609976,42.102282],[24.611931,42.102453],[24.612236,42.102438],[24.612708,42.102326],[24.612992,42.102162],[24.613203,42.102069],[24.614194,42.101438],[24.614685,42.101214],[24.615097,42.101056],[24.615493,42.100962],[24.615847,42.100935],[24.616245,42.100971],[24.617417,42.101135],[24.618034,42.101183],[24.618409,42.101174],[24.618578,42.101163],[24.618963,42.101092],[24.619635,42.100824],[24.620021,42.10073],[24.620612,42.100683],[24.621229,42.100708],[24.621434,42.100688],[24.621568,42.100654],[24.621831,42.100543],[24.622053,42.100415],[24.622929,42.099849],[24.623374,42.099515],[24.623476,42.099387],[24.623294,42.099524],[24.623075,42.099437],[24.622693,42.09953],[24.622226,42.09973],[24.622047,42.099879],[24.621121,42.100116],[24.619897,42.09958],[24.619108,42.099371],[24.619069,42.099424],[24.618733,42.09955],[24.618409,42.099487],[24.618137,42.099211],[24.61797,42.099152],[24.61656,42.098923],[24.616198,42.098944],[24.615774,42.099121],[24.615313,42.099369],[24.614741,42.099605],[24.614336,42.099755],[24.613819,42.099906],[24.613226,42.099896],[24.612513,42.099815],[24.612115,42.099681],[24.611613,42.099438],[24.61112,42.099145],[24.611278,42.098485],[24.611327,42.097944],[24.611082,42.097633],[24.610304,42.097016],[24.609637,42.096641],[24.608323,42.096166],[24.608131,42.096042],[24.608014,42.095927],[24.607924,42.095687],[24.60796,42.095552],[24.608188,42.095284],[24.608773,42.094868],[24.609757,42.0944],[24.609794,42.09437],[24.60982,42.094318],[24.609824,42.094229],[24.609785,42.094082],[24.60957,42.09408],[24.609403,42.094112],[24.608838,42.094333],[24.60861,42.09448],[24.608356,42.094576],[24.608183,42.094568]]]},"properties":{"cadreg":36}},{"type":"Feature","geometry":{"type":"Polygon","coordinates":[[[24.609895,42.093792],[24.610024,42.094019],[24.610087,42.094355],[24.61004,42.094457],[24.60913,42.094881],[24.608942,42.094984],[24.608331,42.095432],[24.608176,42.095618],[24.60816,42.09568],[24.608224,42.09585],[24.6083,42.095925],[24.60845,42.096022],[24.609757,42.096495],[24.610458,42.096889],[24.611267,42.09753],[24.611561,42.097903],[24.611506,42.098506],[24.61137,42.099075],[24.611748,42.099299],[24.612225,42.099531],[24.612579,42.09965],[24.613245,42.099725],[24.613778,42.099734],[24.614243,42.099599],[24.61519,42.099225],[24.61565,42.098977],[24.616129,42.098776],[24.616543,42.098752],[24.616895,42.098793],[24.618043,42.098998],[24.61828,42.099083],[24.618539,42.099345],[24.618701,42.099376],[24.619023,42.099236],[24.619059,42.099115],[24.619036,42.098661],[24.618956,42.098453],[24.618608,42.098021],[24.617808,42.097427],[24.617481,42.097156],[24.617266,42.096877],[24.617192,42.096162],[24.617294,42.095889],[24.617334,42.09587],[24.617577,42.095533],[24.617973,42.095362],[24.618346,42.095295],[24.618802,42.095133],[24.619221,42.094917],[24.619472,42.094739],[24.619615,42.094611],[24.619758,42.094529],[24.620132,42.094462],[24.619769,42.094466],[24.619505,42.094576],[24.619182,42.094746],[24.618593,42.094951],[24.617787,42.095121],[24.617569,42.095146],[24.617207,42.095154],[24.616281,42.095006],[24.615291,42.094319],[24.614345,42.093724],[24.61364,42.093313],[24.612613,42.092808],[24.611322,42.093568],[24.611089,42.09365],[24.610327,42.093783],[24.609895,42.093792]]]},"properties":{"cadreg":37}},{"type":"Feature","geometry":{"type":"Polygon","coordinates":[[[24.587462,42.076491],[24.58643,42.076196],[24.586157,42.07665],[24.586677,42.07684],[24.586778,42.076685],[24.587422,42.076889],[24.587423,42.076988],[24.587361,42.077174],[24.587163,42.077596],[24.587061,42.077613],[24.586953,42.077756],[24.5869,42.077889],[24.58688,42.078067],[24.585439,42.077607],[24.583987,42.079716],[24.584059,42.079746],[24.58408,42.079771],[24.583853,42.079808],[24.584547,42.080041],[24.584582,42.080038],[24.58466,42.08008],[24.584906,42.080168],[24.586355,42.080658],[24.588265,42.081376],[24.589533,42.082339],[24.589276,42.082993],[24.589206,42.083107],[24.588504,42.084013],[24.588469,42.084023],[24.588445,42.084013],[24.588374,42.08408],[24.588438,42.084109],[24.588414,42.084144],[24.587777,42.084691],[24.587482,42.084903],[24.586973,42.085464],[24.589689,42.086684],[24.591547,42.08691],[24.593163,42.087002],[24.593841,42.087021],[24.595053,42.087314],[24.597066,42.086522],[24.597115,42.086412],[24.598609,42.08692],[24.598652,42.086832],[24.598568,42.086806],[24.599109,42.084988],[24.598155,42.08484],[24.596333,42.084617],[24.595273,42.08435],[24.595967,42.082871],[24.596124,42.0826],[24.595089,42.082131],[24.595919,42.081219],[24.59622,42.080609],[24.59634,42.080324],[24.596477,42.08007],[24.596983,42.079463],[24.596749,42.078851],[24.596573,42.078682],[24.596413,42.078273],[24.596122,42.078238],[24.596163,42.07815],[24.596214,42.078072],[24.596407,42.077877],[24.596549,42.077782],[24.596684,42.077723],[24.596858,42.077671],[24.598812,42.077256],[24.598789,42.077362],[24.598945,42.077412],[24.599046,42.077517],[24.598876,42.077638],[24.599185,42.077906],[24.600413,42.078892],[24.600623,42.07886],[24.600941,42.078785],[24.601091,42.078886],[24.601557,42.079111],[24.601726,42.079154],[24.601873,42.079152],[24.60197,42.079126],[24.602101,42.079054],[24.602187,42.078956],[24.602547,42.079003],[24.602572,42.078432],[24.602501,42.077697],[24.602335,42.077713],[24.602244,42.077642],[24.602297,42.077536],[24.602272,42.077496],[24.602005,42.077507],[24.601758,42.077422],[24.601738,42.0772],[24.602054,42.076545],[24.601761,42.076471],[24.601478,42.076292],[24.601355,42.076233],[24.601267,42.076214],[24.601298,42.076165],[24.60104,42.076106],[24.601071,42.07594],[24.600802,42.075853],[24.600807,42.075687],[24.600899,42.075496],[24.600658,42.075442],[24.600779,42.075164],[24.600996,42.07498],[24.600925,42.074859],[24.601118,42.074794],[24.601472,42.074623],[24.601496,42.074652],[24.601584,42.074642],[24.601631,42.074651],[24.601821,42.074622],[24.60223,42.074608],[24.602539,42.074641],[24.602915,42.074713],[24.602958,42.074658],[24.603182,42.074748],[24.603532,42.074819],[24.603862,42.074813],[24.604231,42.074753],[24.604888,42.074811],[24.604909,42.074929],[24.605584,42.074655],[24.606089,42.074581],[24.606041,42.074413],[24.606047,42.074312],[24.605926,42.074304],[24.605794,42.074324],[24.605803,42.074363],[24.605619,42.074372],[24.605581,42.074012],[24.605236,42.073995],[24.604974,42.074009],[24.604918,42.074063],[24.604812,42.074063],[24.604592,42.074155],[24.604563,42.074227],[24.604097,42.074266],[24.60397,42.074312],[24.603852,42.074384],[24.603779,42.07428],[24.603854,42.074212],[24.603747,42.074161],[24.603885,42.074133],[24.604169,42.073974],[24.604287,42.073879],[24.604378,42.073571],[24.604171,42.073533],[24.604124,42.073555],[24.603927,42.073516],[24.603452,42.073343],[24.603554,42.073138],[24.603476,42.072885],[24.603284,42.072857],[24.602359,42.072955],[24.602338,42.073013],[24.602541,42.073284],[24.602593,42.073322],[24.602526,42.073434],[24.602518,42.073551],[24.602128,42.073481],[24.602015,42.073776],[24.601899,42.073791],[24.601648,42.073882],[24.601272,42.07415],[24.601168,42.074017],[24.600939,42.074051],[24.600684,42.074066],[24.600146,42.074211],[24.600121,42.074173],[24.599666,42.074299],[24.599417,42.074312],[24.599312,42.074413],[24.599137,42.074276],[24.599209,42.074253],[24.59887,42.073844],[24.598829,42.073569],[24.598604,42.073281],[24.598495,42.073169],[24.598333,42.073056],[24.598149,42.073156],[24.597835,42.073016],[24.597834,42.072797],[24.597412,42.072819],[24.597414,42.072961],[24.597107,42.072937],[24.597076,42.073151],[24.59615,42.073203],[24.596274,42.073423],[24.595964,42.073345],[24.595084,42.073235],[24.595081,42.073316],[24.59495,42.073451],[24.595203,42.073694],[24.595336,42.073793],[24.594899,42.073978],[24.593757,42.074201],[24.593337,42.074296],[24.593085,42.074289],[24.592501,42.074155],[24.592416,42.074301],[24.592035,42.074192],[24.591481,42.073937],[24.591584,42.073803],[24.591186,42.073596],[24.591166,42.073621],[24.590976,42.07353],[24.590795,42.073748],[24.590716,42.073717],[24.590492,42.073401],[24.590289,42.073495],[24.590016,42.0738],[24.589915,42.074286],[24.589701,42.074266],[24.587669,42.076575],[24.587462,42.076491]]]},"properties":{"cadreg":501}},{"type":"Feature","geometry":{"type":"Polygon","coordinates":[[[24.587785,42.017021],[24.587083,42.016968],[24.586957,42.017007],[24.587035,42.017246],[24.586779,42.017447],[24.586574,42.017464],[24.586451,42.017381],[24.586446,42.017309],[24.586258,42.017316],[24.586136,42.017279],[24.585444,42.017222],[24.584966,42.017089],[24.584562,42.017063],[24.58422,42.017086],[24.584066,42.017064],[24.584018,42.0171],[24.583634,42.017255],[24.583751,42.017264],[24.583789,42.017387],[24.584141,42.017646],[24.584128,42.017853],[24.584327,42.017853],[24.584649,42.017945],[24.585153,42.017927],[24.585375,42.018016],[24.5856,42.018085],[24.586276,42.018174],[24.586662,42.018102],[24.586963,42.01812],[24.587187,42.018264],[24.587482,42.018287],[24.587822,42.018219],[24.587906,42.018259],[24.588231,42.017982],[24.588305,42.017794],[24.588356,42.017721],[24.58852,42.017658],[24.588577,42.017607],[24.588782,42.01751],[24.588842,42.017454],[24.588826,42.017299],[24.588951,42.017263],[24.589252,42.017097],[24.589341,42.017029],[24.589705,42.017179],[24.590135,42.01697],[24.59058,42.017501],[24.590846,42.017771],[24.590842,42.017797],[24.590435,42.017662],[24.590209,42.017552],[24.590021,42.017491],[24.589896,42.017477],[24.589673,42.017477],[24.589483,42.017511],[24.589137,42.017647],[24.589045,42.017722],[24.588964,42.017933],[24.588948,42.01803],[24.588775,42.018446],[24.588233,42.019362],[24.588161,42.019497],[24.588144,42.019565],[24.588275,42.019586],[24.58852,42.019465],[24.588763,42.019499],[24.588884,42.019571],[24.58876,42.019709],[24.588803,42.019801],[24.58889,42.01989],[24.588949,42.019829],[24.589001,42.019596],[24.589507,42.0196],[24.589776,42.019666],[24.589985,42.019679],[24.590087,42.019681],[24.590449,42.019641],[24.590659,42.019656],[24.590605,42.019686],[24.590398,42.019691],[24.590407,42.019804],[24.590564,42.019797],[24.590628,42.019728],[24.590781,42.019657],[24.591006,42.019676],[24.591136,42.019704],[24.591107,42.019766],[24.59113,42.019834],[24.591171,42.019863],[24.591092,42.019905],[24.59095,42.019948],[24.590775,42.019972],[24.590605,42.01997],[24.590436,42.020019],[24.590157,42.020151],[24.589497,42.020512],[24.589547,42.020541],[24.589641,42.020491],[24.58968,42.020641],[24.589941,42.02061],[24.590093,42.020395],[24.590104,42.020238],[24.590464,42.02006],[24.590616,42.020015],[24.590781,42.020017],[24.590968,42.019991],[24.590982,42.020104],[24.591254,42.020042],[24.591249,42.01987],[24.591437,42.019734],[24.59158,42.019599],[24.591764,42.019515],[24.592158,42.01966],[24.592412,42.019774],[24.592717,42.019606],[24.592893,42.019447],[24.592798,42.019334],[24.592512,42.019186],[24.59241,42.019267],[24.592242,42.019302],[24.592231,42.019321],[24.592104,42.019264],[24.592005,42.019081],[24.592535,42.018896],[24.592649,42.018735],[24.592854,42.01889],[24.592813,42.019056],[24.59303,42.019169],[24.593134,42.019084],[24.593885,42.019564],[24.593903,42.019566],[24.593929,42.019534],[24.594015,42.019403],[24.59425,42.019267],[24.59376,42.019092],[24.593593,42.018948],[24.593634,42.018777],[24.593563,42.018488],[24.593045,42.018305],[24.592987,42.018591],[24.593047,42.018704],[24.592747,42.018717],[24.592495,42.018569],[24.592549,42.018511],[24.592781,42.018528],[24.592782,42.018377],[24.59255,42.018252],[24.592442,42.018117],[24.592292,42.018061],[24.592174,42.018067],[24.592368,42.018403],[24.592343,42.018493],[24.591954,42.018393],[24.591343,42.018179],[24.591491,42.018036],[24.591524,42.017769],[24.591434,42.017735],[24.591188,42.018021],[24.591151,42.017953],[24.590675,42.01746],[24.590047,42.016724],[24.590253,42.01684],[24.590661,42.016913],[24.59098,42.016916],[24.591203,42.017028],[24.591657,42.016658],[24.592021,42.015849],[24.592365,42.015962],[24.592991,42.015827],[24.59334,42.015984],[24.593571,42.015919],[24.593939,42.015972],[24.593793,42.01624],[24.594061,42.016293],[24.594353,42.016189],[24.595454,42.016546],[24.595693,42.016943],[24.596054,42.01735],[24.596729,42.017676],[24.59707,42.017945],[24.597253,42.018042],[24.597269,42.018137],[24.597186,42.018211],[24.596995,42.018542],[24.597184,42.018815],[24.597789,42.019196],[24.598137,42.019485],[24.598401,42.019614],[24.598439,42.019472],[24.598872,42.019212],[24.598751,42.018999],[24.598685,42.018925],[24.598618,42.018775],[24.598554,42.018695],[24.59858,42.018683],[24.598617,42.018711],[24.598645,42.018702],[24.598567,42.018588],[24.598398,42.018385],[24.598163,42.018151],[24.597947,42.017871],[24.597367,42.017373],[24.597075,42.017174],[24.596969,42.017131],[24.596757,42.01699],[24.59667,42.016859],[24.596686,42.016497],[24.596715,42.016306],[24.596651,42.016142],[24.596507,42.016054],[24.596338,42.015922],[24.596088,42.015828],[24.59559,42.015646],[24.595058,42.01555],[24.594991,42.015526],[24.594816,42.015595],[24.594269,42.015521],[24.593795,42.015441],[24.593583,42.015255],[24.593067,42.015184],[24.592887,42.015189],[24.592622,42.015172],[24.592354,42.015127],[24.592124,42.015344],[24.591961,42.015405],[24.591711,42.015548],[24.591189,42.015662],[24.590579,42.01569],[24.590364,42.01576],[24.590142,42.015806],[24.589994,42.015773],[24.589847,42.015819],[24.589833,42.016323],[24.589673,42.016512],[24.589541,42.016567],[24.589399,42.016561],[24.588976,42.016613],[24.588976,42.016668],[24.589117,42.016651],[24.589177,42.016704],[24.589283,42.016722],[24.58942,42.016795],[24.589254,42.016994],[24.588999,42.017148],[24.58851,42.017051],[24.587785,42.017021]]]},"properties":{"cadreg":502}}]}