{"type":"FeatureCollection","features":[{"type":"Feature","geometry":{"type":"Polygon","coordinates":[[[24.80361,42.211536],[24.803435,42.21152],[24.8034,42.211739],[24.803574,42.211754],[24.80361,42.211536]]]},"properties":{"num":1}},{"type":"Feature","geometry":{"type":"Polygon","coordinates":[[[24.805179,42.210423],[24.805264,42.210471],[24.805303,42.210431],[24.80532,42.210441],[24.805366,42.210399],[24.805313,42.210375],[24.805373,42.210313],[24.805317,42.210282],[24.805303,42.210296],[24.805173,42.210224],[24.805106,42.210294],[24.805086,42.210284],[24.805071,42.2103],[24.80509,42.21031],[24.805076,42.210325],[24.805048,42.21031],[24.805032,42.210323],[24.805009,42.210321],[24.804987,42.210325],[24.804959,42.210345],[24.804952,42.210367],[24.80496,42.210389],[24.804981,42.210405],[24.805011,42.210412],[24.805034,42.21041],[24.805135,42.210465],[24.805179,42.210423]]]},"properties":{"num":1}},{"type":"Feature","geometry":{"type":"Polygon","coordinates":[[[24.809809,42.20784],[24.809363,42.207493],[24.809151,42.207643],[24.809597,42.20799],[24.809809,42.20784]]]},"properties":{"num":1}},{"type":"Feature","geometry":{"type":"Polygon","coordinates":[[[24.809677,42.210211],[24.809678,42.210157],[24.809581,42.210156],[24.80958,42.210211],[24.809677,42.210211]]]},"properties":{"num":1}},{"type":"Feature","geometry":{"type":"Polygon","coordinates":[[[24.804044,42.21047],[24.804285,42.209849],[24.802178,42.209398],[24.801934,42.210028],[24.802638,42.210178],[24.802642,42.210169],[24.804044,42.21047]]]},"properties":{"num":1}},{"type":"Feature","geometry":{"type":"Polygon","coordinates":[[[24.800348,42.210108],[24.800049,42.210083],[24.800028,42.210219],[24.800328,42.210243],[24.800348,42.210108]]]},"properties":{"num":1}},{"type":"Feature","geometry":{"type":"Polygon","coordinates":[[[24.800501,42.210118],[24.800348,42.210106],[24.800326,42.210258],[24.800398,42.210272],[24.800478,42.210268],[24.800501,42.210118]]]},"properties":{"num":2}},{"type":"Feature","geometry":{"type":"Polygon","coordinates":[[[24.800049,42.210083],[24.800363,42.210107],[24.800386,42.209948],[24.800072,42.209922],[24.800049,42.210083]]]},"properties":{"num":3}},{"type":"Feature","geometry":{"type":"Polygon","coordinates":[[[24.800699,42.21005],[24.800626,42.210017],[24.800607,42.21004],[24.80068,42.210073],[24.800699,42.21005]]]},"properties":{"num":5}},{"type":"Feature","geometry":{"type":"Polygon","coordinates":[[[24.800052,42.210058],[24.799941,42.210049],[24.799917,42.210208],[24.800029,42.210217],[24.800052,42.210058]]]},"properties":{"num":6}},{"type":"Feature","geometry":{"type":"Polygon","coordinates":[[[24.803718,42.205862],[24.803477,42.205675],[24.802938,42.206059],[24.803178,42.206245],[24.803718,42.205862]]]},"properties":{"num":1}},{"type":"Feature","geometry":{"type":"Polygon","coordinates":[[[24.803744,42.205606],[24.803662,42.205544],[24.803477,42.205675],[24.80356,42.205739],[24.803744,42.205606]]]},"properties":{"num":2}},{"type":"Feature","geometry":{"type":"Polygon","coordinates":[[[24.804016,42.205215],[24.804158,42.20531],[24.804225,42.205253],[24.804083,42.205159],[24.804016,42.205215]]]},"properties":{"num":1}},{"type":"Feature","geometry":{"type":"Polygon","coordinates":[[[24.80403,42.205203],[24.804612,42.204715],[24.804281,42.204497],[24.803699,42.204984],[24.80403,42.205203]]]},"properties":{"num":2}},{"type":"Feature","geometry":{"type":"Polygon","coordinates":[[[24.805535,42.205374],[24.804988,42.20501],[24.804887,42.205095],[24.805433,42.205459],[24.805535,42.205374]]]},"properties":{"num":1}},{"type":"Feature","geometry":{"type":"Polygon","coordinates":[[[24.804912,42.205231],[24.804769,42.205137],[24.804394,42.20545],[24.804537,42.205545],[24.804912,42.205231]]]},"properties":{"num":2}},{"type":"Feature","geometry":{"type":"Polygon","coordinates":[[[24.807874,42.207522],[24.808026,42.207622],[24.808657,42.207095],[24.808505,42.206994],[24.807874,42.207522]]]},"properties":{"num":1}},{"type":"Feature","geometry":{"type":"Polygon","coordinates":[[[24.807778,42.207602],[24.808263,42.207196],[24.808109,42.207094],[24.807624,42.207501],[24.807778,42.207602]]]},"properties":{"num":2}},{"type":"Feature","geometry":{"type":"Polygon","coordinates":[[[24.807575,42.207541],[24.808061,42.207135],[24.807907,42.207033],[24.807422,42.207439],[24.807575,42.207541]]]},"properties":{"num":3}},{"type":"Feature","geometry":{"type":"Polygon","coordinates":[[[24.807613,42.206839],[24.807127,42.207245],[24.807281,42.207347],[24.807766,42.206941],[24.807613,42.206839]]]},"properties":{"num":4}},{"type":"Feature","geometry":{"type":"Polygon","coordinates":[[[24.807176,42.207205],[24.807661,42.206798],[24.807509,42.206698],[24.807024,42.207104],[24.807176,42.207205]]]},"properties":{"num":5}},{"type":"Feature","geometry":{"type":"Polygon","coordinates":[[[24.807964,42.203657],[24.807989,42.203578],[24.807999,42.20358],[24.808021,42.203511],[24.808007,42.203502],[24.808099,42.203427],[24.808037,42.203385],[24.807839,42.203556],[24.807903,42.203676],[24.807964,42.203657]]]},"properties":{"num":1}},{"type":"Feature","geometry":{"type":"Polygon","coordinates":[[[24.807972,42.203718],[24.807942,42.203727],[24.807961,42.203765],[24.808008,42.203751],[24.807994,42.203723],[24.807972,42.203718]]]},"properties":{"num":2}},{"type":"Feature","geometry":{"type":"Polygon","coordinates":[[[24.808084,42.204116],[24.808108,42.204102],[24.80809,42.204084],[24.808066,42.204099],[24.808084,42.204116]]]},"properties":{"num":3}},{"type":"Feature","geometry":{"type":"Polygon","coordinates":[[[24.809608,42.206107],[24.809578,42.206065],[24.809485,42.206092],[24.809534,42.206178],[24.809627,42.206151],[24.809608,42.206107]]]},"properties":{"num":1}},{"type":"Feature","geometry":{"type":"Polygon","coordinates":[[[24.80963,42.206483],[24.809667,42.206473],[24.80961,42.206361],[24.809574,42.206371],[24.80963,42.206483]]]},"properties":{"num":2}},{"type":"Feature","geometry":{"type":"Polygon","coordinates":[[[24.809196,42.203729],[24.809232,42.203834],[24.809798,42.203726],[24.809761,42.203621],[24.809196,42.203729]]]},"properties":{"num":1}},{"type":"Feature","geometry":{"type":"Polygon","coordinates":[[[24.809196,42.203729],[24.809085,42.203748],[24.809123,42.203857],[24.809232,42.203834],[24.809196,42.203729]]]},"properties":{"num":2}},{"type":"Feature","geometry":{"type":"Polygon","coordinates":[[[24.809572,42.203427],[24.809464,42.203448],[24.80953,42.203623],[24.809639,42.203602],[24.809572,42.203427]]]},"properties":{"num":3}},{"type":"Feature","geometry":{"type":"Polygon","coordinates":[[[24.809464,42.203448],[24.809643,42.203413],[24.809624,42.203361],[24.809445,42.203395],[24.809464,42.203448]]]},"properties":{"num":4}},{"type":"Feature","geometry":{"type":"Polygon","coordinates":[[[24.810459,42.206157],[24.810361,42.20595],[24.810271,42.205973],[24.810297,42.206026],[24.810314,42.206021],[24.810386,42.206175],[24.810459,42.206157]]]},"properties":{"num":1}},{"type":"Feature","geometry":{"type":"Polygon","coordinates":[[[24.810479,42.206207],[24.810459,42.206157],[24.810386,42.206175],[24.81041,42.206226],[24.810479,42.206207]]]},"properties":{"num":2}},{"type":"Feature","geometry":{"type":"Polygon","coordinates":[[[24.810604,42.206126],[24.810466,42.205833],[24.810337,42.205866],[24.810474,42.20616],[24.810604,42.206126]]]},"properties":{"num":3}},{"type":"Feature","geometry":{"type":"Polygon","coordinates":[[[24.808893,42.202477],[24.808854,42.202364],[24.808568,42.20242],[24.808607,42.202532],[24.808893,42.202477]]]},"properties":{"num":1}},{"type":"Feature","geometry":{"type":"Polygon","coordinates":[[[24.808887,42.202572],[24.808856,42.202484],[24.808645,42.202525],[24.808676,42.202613],[24.808887,42.202572]]]},"properties":{"num":2}},{"type":"Feature","geometry":{"type":"Polygon","coordinates":[[[24.80965,42.203296],[24.809612,42.203191],[24.808956,42.203324],[24.808994,42.203428],[24.80965,42.203296]]]},"properties":{"num":1}},{"type":"Feature","geometry":{"type":"Polygon","coordinates":[[[24.801719,42.201943],[24.801802,42.201985],[24.801848,42.201936],[24.801764,42.201893],[24.801719,42.201943]]]},"properties":{"num":1}},{"type":"Feature","geometry":{"type":"Polygon","coordinates":[[[24.801942,42.20179],[24.801897,42.201766],[24.801866,42.201793],[24.801841,42.201779],[24.801809,42.201807],[24.801822,42.201815],[24.801798,42.201838],[24.801859,42.201872],[24.801942,42.20179]]]},"properties":{"num":1}},{"type":"Feature","geometry":{"type":"Polygon","coordinates":[[[24.801882,42.201883],[24.801921,42.201845],[24.801899,42.201833],[24.801861,42.20187],[24.801882,42.201883]]]},"properties":{"num":2}},{"type":"Feature","geometry":{"type":"Polygon","coordinates":[[[24.801949,42.201889],[24.801974,42.201864],[24.801957,42.201854],[24.80197,42.201841],[24.801951,42.201829],[24.801913,42.201868],[24.801949,42.201889]]]},"properties":{"num":3}},{"type":"Feature","geometry":{"type":"Polygon","coordinates":[[[24.802129,42.20187],[24.802093,42.201849],[24.802076,42.201866],[24.802112,42.201887],[24.802129,42.20187]]]},"properties":{"num":4}},{"type":"Feature","geometry":{"type":"Polygon","coordinates":[[[24.802309,42.201762],[24.802226,42.201832],[24.802275,42.201865],[24.802357,42.201792],[24.802309,42.201762]]]},"properties":{"num":5}},{"type":"Feature","geometry":{"type":"Polygon","coordinates":[[[24.803038,42.20279],[24.803102,42.202733],[24.803058,42.202707],[24.803026,42.202737],[24.803019,42.202732],[24.802989,42.20276],[24.803038,42.20279]]]},"properties":{"num":1}},{"type":"Feature","geometry":{"type":"Polygon","coordinates":[[[24.803102,42.202733],[24.803165,42.202676],[24.803133,42.202655],[24.803107,42.202679],[24.803096,42.202672],[24.803058,42.202707],[24.803102,42.202733]]]},"properties":{"num":1}},{"type":"Feature","geometry":{"type":"Polygon","coordinates":[[[24.802724,42.203131],[24.802698,42.203116],[24.802686,42.203128],[24.802676,42.203122],[24.802595,42.203199],[24.802615,42.203235],[24.802724,42.203131]]]},"properties":{"num":1}},{"type":"Feature","geometry":{"type":"Polygon","coordinates":[[[24.802749,42.203108],[24.802722,42.203093],[24.802698,42.203116],[24.802726,42.203132],[24.802749,42.203108]]]},"properties":{"num":2}},{"type":"Feature","geometry":{"type":"Polygon","coordinates":[[[24.802762,42.203055],[24.802684,42.203009],[24.802664,42.203027],[24.802638,42.203011],[24.802601,42.203046],[24.802626,42.203062],[24.802606,42.203082],[24.802686,42.203128],[24.802762,42.203055]]]},"properties":{"num":3}},{"type":"Feature","geometry":{"type":"Polygon","coordinates":[[[24.802873,42.202949],[24.802795,42.202905],[24.802684,42.203009],[24.802762,42.203055],[24.802873,42.202949]]]},"properties":{"num":4}},{"type":"Feature","geometry":{"type":"Polygon","coordinates":[[[24.802902,42.202967],[24.802873,42.202949],[24.802812,42.203007],[24.802842,42.203023],[24.802902,42.202967]]]},"properties":{"num":5}},{"type":"Feature","geometry":{"type":"Polygon","coordinates":[[[24.80432,42.201407],[24.804021,42.201233],[24.80393,42.20132],[24.80423,42.201493],[24.80432,42.201407]]]},"properties":{"num":3}},{"type":"Feature","geometry":{"type":"Polygon","coordinates":[[[24.804668,42.203289],[24.804541,42.203216],[24.804468,42.203286],[24.804595,42.20336],[24.804668,42.203289]]]},"properties":{"num":1}},{"type":"Feature","geometry":{"type":"Polygon","coordinates":[[[24.804388,42.203147],[24.80429,42.203091],[24.804231,42.203149],[24.804329,42.203205],[24.804388,42.203147]]]},"properties":{"num":1}},{"type":"Feature","geometry":{"type":"Polygon","coordinates":[[[24.80377,42.203807],[24.803361,42.204199],[24.803538,42.204301],[24.803854,42.203998],[24.803971,42.204065],[24.804064,42.203976],[24.80377,42.203807]]]},"properties":{"num":1}},{"type":"Feature","geometry":{"type":"Polygon","coordinates":[[[24.803835,42.204194],[24.803812,42.204181],[24.803766,42.204224],[24.803789,42.204237],[24.803835,42.204194]]]},"properties":{"num":2}},{"type":"Feature","geometry":{"type":"Polygon","coordinates":[[[24.799529,42.199781],[24.799515,42.199801],[24.799542,42.199818],[24.799534,42.199826],[24.799572,42.199844],[24.799598,42.199813],[24.799529,42.199781]]]},"properties":{"num":1}},{"type":"Feature","geometry":{"type":"Polygon","coordinates":[[[24.799711,42.199783],[24.799678,42.199763],[24.799644,42.199791],[24.799678,42.199811],[24.799711,42.199783]]]},"properties":{"num":2}},{"type":"Feature","geometry":{"type":"Polygon","coordinates":[[[24.799614,42.199767],[24.799697,42.199674],[24.799667,42.199659],[24.79964,42.199691],[24.799612,42.199677],[24.799582,42.199699],[24.799564,42.19969],[24.799539,42.199714],[24.799558,42.199726],[24.79955,42.199736],[24.799614,42.199767]]]},"properties":{"num":3}},{"type":"Feature","geometry":{"type":"Polygon","coordinates":[[[24.799708,42.199497],[24.799635,42.199469],[24.799614,42.199497],[24.799686,42.199525],[24.799708,42.199497]]]},"properties":{"num":4}},{"type":"Feature","geometry":{"type":"Polygon","coordinates":[[[24.799734,42.199562],[24.799758,42.19957],[24.79974,42.199594],[24.799799,42.199612],[24.799849,42.19954],[24.799793,42.199519],[24.799777,42.199542],[24.799756,42.199534],[24.799734,42.199562]]]},"properties":{"num":5}},{"type":"Feature","geometry":{"type":"Polygon","coordinates":[[[24.79974,42.199594],[24.799724,42.199614],[24.799775,42.199639],[24.799799,42.199612],[24.79974,42.199594]]]},"properties":{"num":6}},{"type":"Feature","geometry":{"type":"Polygon","coordinates":[[[24.798987,42.196724],[24.798963,42.196719],[24.798953,42.196741],[24.798977,42.196746],[24.798987,42.196724]]]},"properties":{"num":1}},{"type":"Feature","geometry":{"type":"Polygon","coordinates":[[[24.799074,42.196537],[24.799133,42.196403],[24.799029,42.196378],[24.79897,42.196511],[24.799074,42.196537]]]},"properties":{"num":2}},{"type":"Feature","geometry":{"type":"Polygon","coordinates":[[[24.799338,42.195981],[24.799286,42.195969],[24.79927,42.196007],[24.799322,42.19602],[24.799338,42.195981]]]},"properties":{"num":3}},{"type":"Feature","geometry":{"type":"Polygon","coordinates":[[[24.799921,42.195276],[24.799846,42.195261],[24.799777,42.195442],[24.799854,42.195457],[24.799921,42.195276]]]},"properties":{"num":4}},{"type":"Feature","geometry":{"type":"Polygon","coordinates":[[[24.800242,42.194275],[24.800224,42.194272],[24.800211,42.194313],[24.800377,42.194341],[24.800398,42.194273],[24.80025,42.194247],[24.800242,42.194275]]]},"properties":{"num":1}},{"type":"Feature","geometry":{"type":"Polygon","coordinates":[[[24.792212,42.193698],[24.792174,42.19369],[24.792172,42.193695],[24.792152,42.193692],[24.792154,42.193686],[24.792114,42.193678],[24.792081,42.193766],[24.792179,42.193785],[24.792212,42.193698]]]},"properties":{"num":1}},{"type":"Feature","geometry":{"type":"Polygon","coordinates":[[[24.792736,42.193625],[24.792882,42.193652],[24.792888,42.193636],[24.792911,42.19364],[24.792933,42.193574],[24.792833,42.193556],[24.792823,42.193583],[24.792754,42.19357],[24.792736,42.193625]]]},"properties":{"num":1}},{"type":"Feature","geometry":{"type":"Polygon","coordinates":[[[24.792443,42.193307],[24.792424,42.193361],[24.792639,42.193403],[24.792658,42.193348],[24.792443,42.193307]]]},"properties":{"num":1}},{"type":"Feature","geometry":{"type":"Polygon","coordinates":[[[24.792598,42.19351],[24.792567,42.193598],[24.79264,42.193612],[24.792671,42.193524],[24.792598,42.19351]]]},"properties":{"num":1}},{"type":"Feature","geometry":{"type":"Polygon","coordinates":[[[24.792567,42.193598],[24.792604,42.193493],[24.792513,42.193475],[24.792476,42.19358],[24.792567,42.193598]]]},"properties":{"num":2}},{"type":"Feature","geometry":{"type":"Polygon","coordinates":[[[24.792375,42.193583],[24.792431,42.193426],[24.792365,42.193412],[24.792356,42.193436],[24.792267,42.193418],[24.79223,42.19352],[24.792258,42.193525],[24.792246,42.193558],[24.792375,42.193583]]]},"properties":{"num":1}},{"type":"Feature","geometry":{"type":"Polygon","coordinates":[[[24.790823,42.192053],[24.790767,42.192022],[24.790746,42.192044],[24.790664,42.191998],[24.790645,42.192017],[24.790621,42.192019],[24.790596,42.192006],[24.790562,42.19204],[24.790739,42.192138],[24.790823,42.192053]]]},"properties":{"num":1}},{"type":"Feature","geometry":{"type":"Polygon","coordinates":[[[24.791061,42.191658],[24.790375,42.191279],[24.790336,42.191317],[24.790366,42.191334],[24.790222,42.191476],[24.790194,42.19146],[24.790154,42.191499],[24.79084,42.191878],[24.791061,42.191658]]]},"properties":{"num":1}},{"type":"Feature","geometry":{"type":"Polygon","coordinates":[[[24.790059,42.191417],[24.790039,42.191436],[24.790074,42.191457],[24.790093,42.191438],[24.790059,42.191417]]]},"properties":{"num":2}},{"type":"Feature","geometry":{"type":"Polygon","coordinates":[[[24.788621,42.193248],[24.788661,42.19327],[24.788671,42.19326],[24.788685,42.193267],[24.788675,42.193278],[24.788713,42.193299],[24.78879,42.193221],[24.788697,42.193171],[24.788621,42.193248]]]},"properties":{"num":1}},{"type":"Feature","geometry":{"type":"Polygon","coordinates":[[[24.78608,42.193454],[24.78613,42.193452],[24.78613,42.193457],[24.786214,42.193453],[24.786212,42.193436],[24.786224,42.193436],[24.786221,42.193405],[24.78621,42.193405],[24.786208,42.193389],[24.786167,42.193391],[24.786165,42.193367],[24.786138,42.193368],[24.786136,42.193345],[24.786053,42.19335],[24.786055,42.193372],[24.786028,42.193374],[24.78603,42.193398],[24.78599,42.1934],[24.785992,42.193417],[24.78598,42.193417],[24.785983,42.193449],[24.785995,42.193448],[24.785996,42.193464],[24.78608,42.19346],[24.78608,42.193454]]]},"properties":{"num":1}},{"type":"Feature","geometry":{"type":"Polygon","coordinates":[[[24.786348,42.193224],[24.786222,42.193178],[24.786166,42.193263],[24.786191,42.193272],[24.786168,42.193306],[24.786269,42.193343],[24.786348,42.193224]]]},"properties":{"num":1}},{"type":"Feature","geometry":{"type":"Polygon","coordinates":[[[24.791103,42.190119],[24.791137,42.190068],[24.79107,42.190043],[24.791078,42.190031],[24.791048,42.190019],[24.791032,42.190024],[24.791017,42.190046],[24.791008,42.190042],[24.790991,42.190047],[24.790975,42.190071],[24.791103,42.190119]]]},"properties":{"num":1}},{"type":"Feature","geometry":{"type":"Polygon","coordinates":[[[24.787129,42.193426],[24.786981,42.193422],[24.786979,42.193459],[24.787127,42.193464],[24.787129,42.193426]]]},"properties":{"num":1}},{"type":"Feature","geometry":{"type":"Polygon","coordinates":[[[24.782772,42.192763],[24.782755,42.193032],[24.782875,42.193037],[24.782892,42.192768],[24.782772,42.192763]]]},"properties":{"num":1}},{"type":"Feature","geometry":{"type":"Polygon","coordinates":[[[24.785285,42.193158],[24.78522,42.193156],[24.785215,42.193235],[24.785408,42.193242],[24.785411,42.193187],[24.785353,42.193185],[24.785331,42.193176],[24.785333,42.19315],[24.785286,42.193148],[24.785285,42.193158]]]},"properties":{"num":1}},{"type":"Feature","geometry":{"type":"Polygon","coordinates":[[[24.785333,42.19315],[24.785331,42.193176],[24.785353,42.193185],[24.785388,42.193186],[24.785388,42.193169],[24.785366,42.193151],[24.785333,42.19315]]]},"properties":{"num":2}},{"type":"Feature","geometry":{"type":"Polygon","coordinates":[[[24.782167,42.192727],[24.782221,42.192729],[24.782218,42.192769],[24.782423,42.192777],[24.782449,42.192405],[24.782188,42.192394],[24.782167,42.192727]]]},"properties":{"num":1}},{"type":"Feature","geometry":{"type":"Polygon","coordinates":[[[24.782345,42.192864],[24.782414,42.192903],[24.782423,42.192777],[24.782348,42.192774],[24.782345,42.192864]]]},"properties":{"num":2}},{"type":"Feature","geometry":{"type":"Polygon","coordinates":[[[24.782541,42.19226],[24.782538,42.192326],[24.782669,42.192329],[24.782673,42.19225],[24.782607,42.192248],[24.782606,42.192262],[24.782541,42.19226]]]},"properties":{"num":1}},{"type":"Feature","geometry":{"type":"Polygon","coordinates":[[[24.784267,42.193162],[24.78427,42.193114],[24.784232,42.193112],[24.78421,42.193103],[24.784187,42.193111],[24.784147,42.19311],[24.784145,42.193157],[24.784131,42.193157],[24.784128,42.193204],[24.784276,42.193208],[24.784279,42.193162],[24.784267,42.193162]]]},"properties":{"num":1}},{"type":"Feature","geometry":{"type":"Polygon","coordinates":[[[24.784671,42.193125],[24.784502,42.193118],[24.784495,42.193217],[24.784664,42.193224],[24.784671,42.193125]]]},"properties":{"num":1}},{"type":"Feature","geometry":{"type":"Polygon","coordinates":[[[24.784804,42.193229],[24.784805,42.193219],[24.7849,42.193224],[24.784906,42.193143],[24.784859,42.19314],[24.78486,42.193124],[24.784745,42.193121],[24.78474,42.193206],[24.784765,42.193207],[24.784764,42.193227],[24.784804,42.193229]]]},"properties":{"num":1}},{"type":"Feature","geometry":{"type":"Polygon","coordinates":[[[24.78703,42.191234],[24.786989,42.191232],[24.786937,42.191311],[24.78697,42.191323],[24.78703,42.191234]]]},"properties":{"num":1}},{"type":"Feature","geometry":{"type":"Polygon","coordinates":[[[24.785451,42.192929],[24.785452,42.192922],[24.785498,42.192924],[24.785501,42.19289],[24.785474,42.192867],[24.785505,42.192847],[24.785491,42.192835],[24.785511,42.192822],[24.785464,42.192783],[24.785429,42.192806],[24.785368,42.192804],[24.785367,42.19284],[24.785345,42.192839],[24.78534,42.192911],[24.785417,42.192911],[24.785416,42.192927],[24.785451,42.192929]]]},"properties":{"num":1}},{"type":"Feature","geometry":{"type":"Polygon","coordinates":[[[24.785345,42.192839],[24.785296,42.192837],[24.785291,42.192912],[24.78534,42.192914],[24.785345,42.192839]]]},"properties":{"num":2}},{"type":"Feature","geometry":{"type":"Polygon","coordinates":[[[24.785784,42.192943],[24.78579,42.192863],[24.785839,42.192864],[24.785843,42.192814],[24.785731,42.192809],[24.785732,42.1928],[24.78564,42.192796],[24.78563,42.192937],[24.785705,42.19294],[24.785706,42.192926],[24.785779,42.192929],[24.785778,42.192942],[24.785784,42.192943]]]},"properties":{"num":1}},{"type":"Feature","geometry":{"type":"Polygon","coordinates":[[[24.783303,42.192592],[24.783304,42.192585],[24.783343,42.192587],[24.783352,42.192457],[24.783265,42.192453],[24.783265,42.192462],[24.783236,42.192461],[24.783231,42.192546],[24.783209,42.192545],[24.783206,42.192588],[24.783303,42.192592]]]},"properties":{"num":1}},{"type":"Feature","geometry":{"type":"Polygon","coordinates":[[[24.784343,42.192778],[24.784177,42.192773],[24.784174,42.192835],[24.784277,42.192838],[24.784273,42.192883],[24.784335,42.192886],[24.784343,42.192778]]]},"properties":{"num":1}},{"type":"Feature","geometry":{"type":"Polygon","coordinates":[[[24.784335,42.192886],[24.784236,42.192882],[24.784233,42.192928],[24.784332,42.192932],[24.784335,42.192886]]]},"properties":{"num":2}},{"type":"Feature","geometry":{"type":"Polygon","coordinates":[[[24.784563,42.192787],[24.78443,42.192782],[24.784424,42.19289],[24.784556,42.192895],[24.784563,42.192787]]]},"properties":{"num":1}},{"type":"Feature","geometry":{"type":"Polygon","coordinates":[[[24.784789,42.192895],[24.784797,42.192859],[24.784807,42.192859],[24.78481,42.192817],[24.784732,42.192818],[24.784732,42.192814],[24.7847,42.192813],[24.784688,42.192803],[24.784648,42.192829],[24.784682,42.192857],[24.78468,42.192885],[24.784762,42.192886],[24.784766,42.192894],[24.784778,42.192898],[24.784789,42.192895]]]},"properties":{"num":1}},{"type":"Feature","geometry":{"type":"Polygon","coordinates":[[[24.784932,42.192908],[24.784932,42.1929],[24.784979,42.192901],[24.784984,42.192821],[24.784888,42.192813],[24.784883,42.192881],[24.784902,42.192882],[24.7849,42.192908],[24.784932,42.192908]]]},"properties":{"num":1}},{"type":"Feature","geometry":{"type":"Polygon","coordinates":[[[24.782616,42.192652],[24.782432,42.192647],[24.782424,42.192756],[24.782609,42.192761],[24.782616,42.192652]]]},"properties":{"num":4}},{"type":"Feature","geometry":{"type":"Polygon","coordinates":[[[24.782624,42.192545],[24.78244,42.19254],[24.782432,42.192647],[24.782616,42.192652],[24.782624,42.192545]]]},"properties":{"num":5}},{"type":"Feature","geometry":{"type":"Polygon","coordinates":[[[24.78244,42.19254],[24.782624,42.192545],[24.782631,42.192438],[24.782447,42.192433],[24.78244,42.19254]]]},"properties":{"num":6}},{"type":"Feature","geometry":{"type":"Polygon","coordinates":[[[24.782637,42.192328],[24.782455,42.192323],[24.782447,42.192433],[24.782631,42.192438],[24.782637,42.192328]]]},"properties":{"num":7}},{"type":"Feature","geometry":{"type":"Polygon","coordinates":[[[24.782603,42.19287],[24.782422,42.192865],[24.782419,42.192909],[24.782507,42.192957],[24.782598,42.19296],[24.782603,42.19287]]]},"properties":{"num":8}},{"type":"Feature","geometry":{"type":"Polygon","coordinates":[[[24.782646,42.192762],[24.78243,42.192756],[24.782422,42.192865],[24.782639,42.19287],[24.782646,42.192762]]]},"properties":{"num":9}},{"type":"Feature","geometry":{"type":"Polygon","coordinates":[[[24.786315,42.192157],[24.786316,42.192139],[24.786364,42.192141],[24.786369,42.192076],[24.78622,42.19207],[24.786219,42.192088],[24.786123,42.192084],[24.786119,42.192149],[24.786315,42.192157]]]},"properties":{"num":1}},{"type":"Feature","geometry":{"type":"Polygon","coordinates":[[[24.785463,42.192126],[24.785464,42.192102],[24.785511,42.192104],[24.785511,42.192098],[24.785522,42.192098],[24.785524,42.192081],[24.785513,42.19208],[24.785517,42.192032],[24.785433,42.192029],[24.785431,42.192046],[24.785287,42.192042],[24.78528,42.192119],[24.785463,42.192126]]]},"properties":{"num":1}},{"type":"Feature","geometry":{"type":"Polygon","coordinates":[[[24.785848,42.192073],[24.785639,42.192064],[24.785633,42.192143],[24.785842,42.192151],[24.785848,42.192073]]]},"properties":{"num":2}},{"type":"Feature","geometry":{"type":"Polygon","coordinates":[[[24.785995,42.192548],[24.785554,42.192531],[24.785549,42.192613],[24.785989,42.192629],[24.785995,42.192548]]]},"properties":{"num":1}},{"type":"Feature","geometry":{"type":"Polygon","coordinates":[[[24.785554,42.192531],[24.784833,42.192504],[24.784826,42.192614],[24.785547,42.19264],[24.785554,42.192531]]]},"properties":{"num":2}},{"type":"Feature","geometry":{"type":"Polygon","coordinates":[[[24.784231,42.192074],[24.784415,42.192081],[24.78442,42.192002],[24.784236,42.191998],[24.784231,42.192074]]]},"properties":{"num":1}},{"type":"Feature","geometry":{"type":"Polygon","coordinates":[[[24.783218,42.193286],[24.783215,42.193353],[24.783298,42.193355],[24.7833,42.193286],[24.783218,42.193286]]]},"properties":{"num":1}},{"type":"Feature","geometry":{"type":"Polygon","coordinates":[[[24.7833,42.193286],[24.783304,42.193175],[24.783209,42.193172],[24.783202,42.193286],[24.7833,42.193286]]]},"properties":{"num":2}},{"type":"Feature","geometry":{"type":"Polygon","coordinates":[[[24.783328,42.192908],[24.783345,42.192666],[24.78319,42.192661],[24.78318,42.19281],[24.78312,42.192808],[24.783114,42.1929],[24.783328,42.192908]]]},"properties":{"num":1}},{"type":"Feature","geometry":{"type":"Polygon","coordinates":[[[24.78393,42.192146],[24.783486,42.192128],[24.783472,42.19235],[24.783618,42.192355],[24.783551,42.193329],[24.783849,42.19334],[24.78393,42.192146]]]},"properties":{"num":1}},{"type":"Feature","geometry":{"type":"Polygon","coordinates":[[[24.776467,42.189519],[24.776492,42.189494],[24.776457,42.189474],[24.776432,42.189501],[24.776467,42.189519]]]},"properties":{"num":2}},{"type":"Feature","geometry":{"type":"Polygon","coordinates":[[[24.776577,42.188617],[24.776742,42.188623],[24.776741,42.188629],[24.776827,42.188633],[24.776837,42.18848],[24.776844,42.188481],[24.776847,42.188423],[24.776594,42.188411],[24.776577,42.188617]]]},"properties":{"num":3}},{"type":"Feature","geometry":{"type":"Polygon","coordinates":[[[24.776544,42.188959],[24.776534,42.189102],[24.776605,42.189105],[24.776615,42.188962],[24.776544,42.188959]]]},"properties":{"num":4}},{"type":"Feature","geometry":{"type":"Polygon","coordinates":[[[24.777199,42.187884],[24.777323,42.187889],[24.777326,42.187843],[24.777202,42.187838],[24.777199,42.187884]]]},"properties":{"num":6}},{"type":"Feature","geometry":{"type":"Polygon","coordinates":[[[24.775786,42.189078],[24.775862,42.189082],[24.775867,42.189027],[24.77579,42.189023],[24.775786,42.189078]]]},"properties":{"num":8}},{"type":"Feature","geometry":{"type":"Polygon","coordinates":[[[24.77616,42.189261],[24.776158,42.189291],[24.776202,42.189293],[24.776204,42.189263],[24.77616,42.189261]]]},"properties":{"num":9}},{"type":"Feature","geometry":{"type":"Polygon","coordinates":[[[24.777559,42.19008],[24.77768,42.190084],[24.777686,42.189995],[24.777565,42.18999],[24.777559,42.19008]]]},"properties":{"num":10}},{"type":"Feature","geometry":{"type":"Polygon","coordinates":[[[24.777264,42.188272],[24.777188,42.188271],[24.777186,42.188322],[24.777263,42.188324],[24.777264,42.188272]]]},"properties":{"num":11}},{"type":"Feature","geometry":{"type":"Polygon","coordinates":[[[24.776642,42.187612],[24.776673,42.187147],[24.776371,42.187136],[24.776339,42.1876],[24.776642,42.187612]]]},"properties":{"num":12}},{"type":"Feature","geometry":{"type":"Polygon","coordinates":[[[24.776691,42.186823],[24.776397,42.186812],[24.776379,42.187136],[24.776669,42.187146],[24.776691,42.186823]]]},"properties":{"num":13}},{"type":"Feature","geometry":{"type":"Polygon","coordinates":[[[24.777335,42.187685],[24.777261,42.187683],[24.777259,42.187724],[24.777333,42.187726],[24.777335,42.187685]]]},"properties":{"num":14}},{"type":"Feature","geometry":{"type":"Polygon","coordinates":[[[24.776648,42.187525],[24.776762,42.187529],[24.77678,42.187257],[24.776666,42.187253],[24.776648,42.187525]]]},"properties":{"num":16}},{"type":"Feature","geometry":{"type":"Polygon","coordinates":[[[24.776247,42.188889],[24.77618,42.188886],[24.776169,42.189087],[24.776233,42.18909],[24.776247,42.188889]]]},"properties":{"num":17}},{"type":"Feature","geometry":{"type":"Polygon","coordinates":[[[24.775965,42.1884],[24.775873,42.188395],[24.775851,42.188593],[24.775944,42.188599],[24.775965,42.1884]]]},"properties":{"num":18}},{"type":"Feature","geometry":{"type":"Polygon","coordinates":[[[24.777202,42.187838],[24.777287,42.187841],[24.777292,42.187759],[24.777207,42.187755],[24.777202,42.187838]]]},"properties":{"num":19}},{"type":"Feature","geometry":{"type":"Polygon","coordinates":[[[24.776645,42.187576],[24.776829,42.187583],[24.776843,42.187396],[24.776771,42.187393],[24.776762,42.187529],[24.776648,42.187525],[24.776645,42.187576]]]},"properties":{"num":20}},{"type":"Feature","geometry":{"type":"Polygon","coordinates":[[[24.776339,42.187598],[24.77636,42.187297],[24.776332,42.187295],[24.776282,42.187346],[24.776265,42.187595],[24.776339,42.187598]]]},"properties":{"num":21}},{"type":"Feature","geometry":{"type":"Polygon","coordinates":[[[24.776289,42.188366],[24.776299,42.188089],[24.776118,42.188083],[24.7761,42.18836],[24.776289,42.188366]]]},"properties":{"num":22}},{"type":"Feature","geometry":{"type":"Polygon","coordinates":[[[24.776289,42.188366],[24.77611,42.188361],[24.776107,42.188402],[24.776152,42.188404],[24.776149,42.188447],[24.776212,42.188449],[24.776205,42.188542],[24.776278,42.188546],[24.776289,42.188366]]]},"properties":{"num":23}},{"type":"Feature","geometry":{"type":"Polygon","coordinates":[[[24.776204,42.188556],[24.776212,42.188449],[24.776149,42.188447],[24.776151,42.188422],[24.776136,42.188421],[24.776134,42.188446],[24.776096,42.188444],[24.776087,42.18855],[24.776204,42.188556]]]},"properties":{"num":24}},{"type":"Feature","geometry":{"type":"Polygon","coordinates":[[[24.776288,42.188388],[24.77659,42.1884],[24.776598,42.188289],[24.776292,42.188278],[24.776288,42.188388]]]},"properties":{"num":25}},{"type":"Feature","geometry":{"type":"Polygon","coordinates":[[[24.778737,42.190346],[24.77885,42.19036],[24.779069,42.190368],[24.77907,42.190346],[24.779143,42.190349],[24.77917,42.189991],[24.778729,42.189975],[24.778704,42.190337],[24.778737,42.190346]]]},"properties":{"num":1}},{"type":"Feature","geometry":{"type":"Polygon","coordinates":[[[24.778792,42.189056],[24.778728,42.189974],[24.779171,42.189991],[24.779236,42.189072],[24.778792,42.189056]]]},"properties":{"num":2}},{"type":"Feature","geometry":{"type":"Polygon","coordinates":[[[24.779236,42.189072],[24.779295,42.188206],[24.778852,42.188189],[24.778792,42.189056],[24.779236,42.189072]]]},"properties":{"num":3}},{"type":"Feature","geometry":{"type":"Polygon","coordinates":[[[24.778926,42.188192],[24.779294,42.188206],[24.779297,42.18815],[24.77893,42.188136],[24.778926,42.188192]]]},"properties":{"num":4}},{"type":"Feature","geometry":{"type":"Polygon","coordinates":[[[24.780419,42.189776],[24.779364,42.189739],[24.779349,42.189962],[24.780404,42.189999],[24.780419,42.189776]]]},"properties":{"num":1}},{"type":"Feature","geometry":{"type":"Polygon","coordinates":[[[24.780162,42.189767],[24.780189,42.189362],[24.77939,42.189334],[24.779364,42.189739],[24.780162,42.189767]]]},"properties":{"num":2}},{"type":"Feature","geometry":{"type":"Polygon","coordinates":[[[24.780361,42.189095],[24.779748,42.189071],[24.779737,42.189233],[24.780349,42.189256],[24.780361,42.189095]]]},"properties":{"num":1}},{"type":"Feature","geometry":{"type":"Polygon","coordinates":[[[24.779524,42.190772],[24.779326,42.190764],[24.779308,42.191036],[24.779506,42.191043],[24.779524,42.190772]]]},"properties":{"num":1}},{"type":"Feature","geometry":{"type":"Polygon","coordinates":[[[24.779723,42.190834],[24.779524,42.190826],[24.779502,42.191151],[24.7797,42.191159],[24.779723,42.190834]]]},"properties":{"num":1}},{"type":"Feature","geometry":{"type":"Polygon","coordinates":[[[24.780139,42.190944],[24.779941,42.190937],[24.77991,42.19137],[24.780109,42.191378],[24.780139,42.190944]]]},"properties":{"num":1}},{"type":"Feature","geometry":{"type":"Polygon","coordinates":[[[24.780337,42.191006],[24.780139,42.190998],[24.780105,42.191486],[24.780303,42.191494],[24.780337,42.191006]]]},"properties":{"num":1}},{"type":"Feature","geometry":{"type":"Polygon","coordinates":[[[24.772758,42.187204],[24.772647,42.187249],[24.772752,42.187393],[24.772862,42.187348],[24.772758,42.187204]]]},"properties":{"num":1}},{"type":"Feature","geometry":{"type":"Polygon","coordinates":[[[24.772862,42.187348],[24.774037,42.186875],[24.773933,42.186731],[24.772758,42.187204],[24.772862,42.187348]]]},"properties":{"num":2}},{"type":"Feature","geometry":{"type":"Polygon","coordinates":[[[24.773351,42.187487],[24.77407,42.187383],[24.774014,42.187165],[24.773722,42.187208],[24.773751,42.187314],[24.773322,42.187376],[24.773351,42.187487]]]},"properties":{"num":3}},{"type":"Feature","geometry":{"type":"Polygon","coordinates":[[[24.772591,42.187189],[24.772486,42.187045],[24.772376,42.18709],[24.77248,42.187233],[24.772591,42.187189]]]},"properties":{"num":1}},{"type":"Feature","geometry":{"type":"Polygon","coordinates":[[[24.773765,42.186716],[24.77366,42.186571],[24.772486,42.187045],[24.772591,42.187189],[24.773765,42.186716]]]},"properties":{"num":2}},{"type":"Feature","geometry":{"type":"Polygon","coordinates":[[[24.796267,42.206367],[24.796314,42.206319],[24.796189,42.206247],[24.796145,42.206291],[24.796169,42.206304],[24.796165,42.206308],[24.796267,42.206367]]]},"properties":{"num":1}},{"type":"Feature","geometry":{"type":"Polygon","coordinates":[[[24.796142,42.206289],[24.796123,42.206309],[24.79615,42.206324],[24.796169,42.206304],[24.796142,42.206289]]]},"properties":{"num":2}},{"type":"Feature","geometry":{"type":"Polygon","coordinates":[[[24.792715,42.203115],[24.792715,42.203112],[24.792761,42.203113],[24.792849,42.203049],[24.792803,42.203014],[24.792775,42.203031],[24.792734,42.203033],[24.792734,42.203013],[24.792658,42.203012],[24.792653,42.203079],[24.792657,42.203115],[24.792715,42.203115]]]},"properties":{"num":1}},{"type":"Feature","geometry":{"type":"Polygon","coordinates":[[[24.792881,42.203073],[24.792849,42.203049],[24.792778,42.2031],[24.79281,42.203124],[24.792881,42.203073]]]},"properties":{"num":2}},{"type":"Feature","geometry":{"type":"Polygon","coordinates":[[[24.792434,42.202931],[24.792465,42.202909],[24.792481,42.202921],[24.792568,42.202859],[24.792508,42.202814],[24.792495,42.202824],[24.792421,42.202768],[24.792435,42.202758],[24.792356,42.202698],[24.792294,42.202743],[24.792347,42.202783],[24.792291,42.202824],[24.792434,42.202931]]]},"properties":{"num":1}},{"type":"Feature","geometry":{"type":"Polygon","coordinates":[[[24.793347,42.204247],[24.793344,42.20418],[24.793216,42.204184],[24.79322,42.204251],[24.793347,42.204247]]]},"properties":{"num":1}},{"type":"Feature","geometry":{"type":"Polygon","coordinates":[[[24.793803,42.204019],[24.793796,42.203909],[24.793671,42.203912],[24.793677,42.204023],[24.793803,42.204019]]]},"properties":{"num":1}},{"type":"Feature","geometry":{"type":"Polygon","coordinates":[[[24.793956,42.20425],[24.793954,42.204224],[24.793985,42.204223],[24.793985,42.204234],[24.794034,42.204232],[24.794027,42.204113],[24.793979,42.204114],[24.79398,42.204123],[24.793953,42.204127],[24.793931,42.204136],[24.793913,42.204151],[24.793901,42.204169],[24.793897,42.204189],[24.793886,42.204189],[24.793888,42.204226],[24.793896,42.204225],[24.793898,42.204252],[24.793956,42.20425]]]},"properties":{"num":1}},{"type":"Feature","geometry":{"type":"Polygon","coordinates":[[[24.793995,42.204004],[24.79399,42.203935],[24.79396,42.203935],[24.79396,42.203919],[24.793927,42.20392],[24.793926,42.203907],[24.79392,42.2039],[24.793907,42.203896],[24.793891,42.203899],[24.793883,42.203908],[24.793884,42.203922],[24.793878,42.203922],[24.793884,42.204016],[24.793937,42.204014],[24.793937,42.204005],[24.793995,42.204004]]]},"properties":{"num":1}},{"type":"Feature","geometry":{"type":"Polygon","coordinates":[[[24.79422,42.204233],[24.794215,42.204125],[24.794114,42.204128],[24.794119,42.204236],[24.79422,42.204233]]]},"properties":{"num":1}},{"type":"Feature","geometry":{"type":"Polygon","coordinates":[[[24.793706,42.20377],[24.793702,42.203704],[24.793645,42.203706],[24.793646,42.203716],[24.7936,42.203717],[24.793576,42.203701],[24.793575,42.20368],[24.793615,42.203678],[24.793613,42.203651],[24.793598,42.203641],[24.793508,42.203644],[24.793516,42.203776],[24.793706,42.20377]]]},"properties":{"num":1}},{"type":"Feature","geometry":{"type":"Polygon","coordinates":[[[24.792632,42.205782],[24.792626,42.205672],[24.792582,42.205673],[24.792582,42.205663],[24.79255,42.205664],[24.792551,42.205674],[24.792482,42.205676],[24.792484,42.205699],[24.792438,42.2057],[24.792441,42.205744],[24.792384,42.205746],[24.792386,42.20578],[24.792443,42.205779],[24.792443,42.205788],[24.792632,42.205782]]]},"properties":{"num":1}},{"type":"Feature","geometry":{"type":"Polygon","coordinates":[[[24.789721,42.202899],[24.78994,42.202893],[24.789935,42.202811],[24.789856,42.202813],[24.789857,42.202826],[24.789829,42.202827],[24.789828,42.202815],[24.789758,42.202817],[24.789759,42.202828],[24.789717,42.20283],[24.789721,42.202899]]]},"properties":{"num":1}},{"type":"Feature","geometry":{"type":"Polygon","coordinates":[[[24.790442,42.202883],[24.790437,42.20281],[24.790387,42.202812],[24.790389,42.202847],[24.790341,42.202849],[24.790343,42.202887],[24.790442,42.202883]]]},"properties":{"num":1}},{"type":"Feature","geometry":{"type":"Polygon","coordinates":[[[24.789572,42.201053],[24.789566,42.200958],[24.789497,42.20096],[24.789496,42.200943],[24.789412,42.200945],[24.789419,42.201058],[24.789572,42.201053]]]},"properties":{"num":1}},{"type":"Feature","geometry":{"type":"Polygon","coordinates":[[[24.790358,42.201009],[24.790356,42.200973],[24.790296,42.200974],[24.790295,42.200957],[24.790246,42.200958],[24.790248,42.201012],[24.790358,42.201009]]]},"properties":{"num":1}},{"type":"Feature","geometry":{"type":"Polygon","coordinates":[[[24.790359,42.201028],[24.790358,42.201009],[24.790248,42.201012],[24.790249,42.201031],[24.790359,42.201028]]]},"properties":{"num":2}},{"type":"Feature","geometry":{"type":"Polygon","coordinates":[[[24.783138,42.200817],[24.783126,42.200727],[24.782764,42.200754],[24.782777,42.200844],[24.783138,42.200817]]]},"properties":{"num":1}},{"type":"Feature","geometry":{"type":"Polygon","coordinates":[[[24.7849,42.200604],[24.784889,42.200515],[24.784811,42.200521],[24.784821,42.20061],[24.7849,42.200604]]]},"properties":{"num":1}},{"type":"Feature","geometry":{"type":"Polygon","coordinates":[[[24.785305,42.200574],[24.78529,42.200438],[24.785005,42.200459],[24.78501,42.200506],[24.784889,42.200515],[24.7849,42.200604],[24.785305,42.200574]]]},"properties":{"num":2}},{"type":"Feature","geometry":{"type":"Polygon","coordinates":[[[24.783348,42.200473],[24.783327,42.200315],[24.783114,42.200331],[24.783136,42.20049],[24.783348,42.200473]]]},"properties":{"num":1}},{"type":"Feature","geometry":{"type":"Polygon","coordinates":[[[24.784155,42.200025],[24.784172,42.199998],[24.784244,42.200025],[24.784335,42.199886],[24.784263,42.199861],[24.784281,42.199834],[24.78388,42.199688],[24.783862,42.199715],[24.783791,42.199689],[24.7837,42.199827],[24.783709,42.19983],[24.783695,42.199852],[24.783756,42.199875],[24.783753,42.199879],[24.784155,42.200025]]]},"properties":{"num":1}},{"type":"Feature","geometry":{"type":"Polygon","coordinates":[[[24.784913,42.200084],[24.784916,42.200057],[24.78489,42.200056],[24.784888,42.200082],[24.784913,42.200084]]]},"properties":{"num":2}},{"type":"Feature","geometry":{"type":"Polygon","coordinates":[[[24.786381,42.199627],[24.786547,42.199617],[24.786536,42.199525],[24.786386,42.199535],[24.786392,42.19959],[24.786376,42.199591],[24.786381,42.199627]]]},"properties":{"num":1}},{"type":"Feature","geometry":{"type":"Polygon","coordinates":[[[24.786421,42.199344],[24.78641,42.199263],[24.786286,42.199269],[24.786296,42.199353],[24.786421,42.199344]]]},"properties":{"num":1}},{"type":"Feature","geometry":{"type":"Polygon","coordinates":[[[24.786593,42.199332],[24.786582,42.199298],[24.78651,42.199303],[24.786515,42.199338],[24.786593,42.199332]]]},"properties":{"num":2}},{"type":"Feature","geometry":{"type":"Polygon","coordinates":[[[24.78383,42.199005],[24.78383,42.198951],[24.783734,42.198951],[24.783733,42.199004],[24.783725,42.199004],[24.783724,42.199043],[24.783796,42.199044],[24.783795,42.199064],[24.783846,42.199064],[24.783848,42.199005],[24.78383,42.199005]]]},"properties":{"num":1}},{"type":"Feature","geometry":{"type":"Polygon","coordinates":[[[24.784088,42.199068],[24.784089,42.199048],[24.78416,42.199049],[24.784161,42.19901],[24.784153,42.19901],[24.784154,42.198956],[24.784058,42.198955],[24.784056,42.199008],[24.784038,42.199008],[24.784037,42.199068],[24.784088,42.199068]]]},"properties":{"num":2}},{"type":"Feature","geometry":{"type":"Polygon","coordinates":[[[24.784086,42.19889],[24.784086,42.19887],[24.784158,42.198871],[24.784158,42.198831],[24.784153,42.198831],[24.784154,42.198778],[24.784056,42.198776],[24.784055,42.198829],[24.784036,42.198829],[24.784035,42.198889],[24.784086,42.19889]]]},"properties":{"num":3}},{"type":"Feature","geometry":{"type":"Polygon","coordinates":[[[24.783841,42.198826],[24.783842,42.198773],[24.783745,42.198771],[24.783744,42.198825],[24.783738,42.198825],[24.783737,42.198865],[24.783809,42.198866],[24.783808,42.198886],[24.783859,42.198887],[24.78386,42.198826],[24.783841,42.198826]]]},"properties":{"num":4}},{"type":"Feature","geometry":{"type":"Polygon","coordinates":[[[24.783874,42.198649],[24.783876,42.198596],[24.78378,42.198594],[24.783778,42.198648],[24.783772,42.198647],[24.78377,42.198687],[24.783842,42.198688],[24.783842,42.198709],[24.783893,42.198709],[24.783893,42.19865],[24.783874,42.198649]]]},"properties":{"num":5}},{"type":"Feature","geometry":{"type":"Polygon","coordinates":[[[24.78406,42.198711],[24.78406,42.198691],[24.784133,42.198692],[24.784134,42.198653],[24.784126,42.198653],[24.784127,42.198599],[24.78403,42.198598],[24.784029,42.198651],[24.784011,42.19865],[24.78401,42.198711],[24.78406,42.198711]]]},"properties":{"num":6}},{"type":"Feature","geometry":{"type":"Polygon","coordinates":[[[24.784133,42.198534],[24.784134,42.198502],[24.784197,42.198503],[24.784199,42.198436],[24.784163,42.198435],[24.784164,42.198388],[24.784111,42.198387],[24.784111,42.198379],[24.784011,42.198377],[24.784009,42.198437],[24.784047,42.198437],[24.784047,42.19845],[24.784035,42.19845],[24.784034,42.198533],[24.784133,42.198534]]]},"properties":{"num":7}},{"type":"Feature","geometry":{"type":"Polygon","coordinates":[[[24.783866,42.198448],[24.783867,42.198435],[24.783905,42.198436],[24.783907,42.198376],[24.783808,42.198374],[24.783808,42.198384],[24.783754,42.198383],[24.783753,42.19843],[24.783717,42.19843],[24.783714,42.198497],[24.783777,42.198498],[24.783776,42.19853],[24.783876,42.198531],[24.783878,42.198448],[24.783866,42.198448]]]},"properties":{"num":8}},{"type":"Feature","geometry":{"type":"Polygon","coordinates":[[[24.783109,42.198629],[24.783109,42.198613],[24.78313,42.198613],[24.783146,42.198599],[24.783146,42.198575],[24.78316,42.198574],[24.78316,42.198535],[24.783145,42.198535],[24.783146,42.1985],[24.783092,42.198499],[24.783092,42.19851],[24.783015,42.19851],[24.782999,42.198521],[24.782998,42.198546],[24.782977,42.198545],[24.782974,42.198627],[24.783109,42.198629]]]},"properties":{"num":1}},{"type":"Feature","geometry":{"type":"Polygon","coordinates":[[[24.782976,42.198576],[24.782941,42.198576],[24.78294,42.198599],[24.782975,42.1986],[24.782976,42.198576]]]},"properties":{"num":2}},{"type":"Feature","geometry":{"type":"Polygon","coordinates":[[[24.782787,42.198434],[24.782703,42.198433],[24.782701,42.198502],[24.782785,42.198503],[24.782787,42.198434]]]},"properties":{"num":3}},{"type":"Feature","geometry":{"type":"Polygon","coordinates":[[[24.783116,42.198395],[24.783116,42.198378],[24.783136,42.198379],[24.783154,42.198367],[24.783154,42.198338],[24.783166,42.19834],[24.783167,42.198301],[24.783151,42.198301],[24.783152,42.198266],[24.783098,42.198265],[24.783097,42.198277],[24.783019,42.198276],[24.783007,42.198287],[24.783006,42.198313],[24.782984,42.198312],[24.782982,42.198393],[24.783116,42.198395]]]},"properties":{"num":1}},{"type":"Feature","geometry":{"type":"Polygon","coordinates":[[[24.782789,42.198365],[24.782705,42.198364],[24.782703,42.198433],[24.782787,42.198434],[24.782789,42.198365]]]},"properties":{"num":2}},{"type":"Feature","geometry":{"type":"Polygon","coordinates":[[[24.78287,42.200093],[24.782871,42.200079],[24.782967,42.200081],[24.782968,42.200023],[24.78274,42.200019],[24.782738,42.200068],[24.782799,42.200069],[24.782798,42.200092],[24.78287,42.200093]]]},"properties":{"num":1}},{"type":"Feature","geometry":{"type":"Polygon","coordinates":[[[24.782978,42.199695],[24.782749,42.199691],[24.78274,42.200019],[24.782968,42.200023],[24.782978,42.199695]]]},"properties":{"num":2}},{"type":"Feature","geometry":{"type":"Polygon","coordinates":[[[24.783091,42.198767],[24.782969,42.198766],[24.782966,42.198881],[24.783087,42.198882],[24.783091,42.198767]]]},"properties":{"num":1}},{"type":"Feature","geometry":{"type":"Polygon","coordinates":[[[24.784507,42.199163],[24.784508,42.199137],[24.784528,42.199137],[24.784529,42.1991],[24.784509,42.1991],[24.78451,42.199078],[24.784491,42.199078],[24.784492,42.199044],[24.784381,42.199042],[24.784379,42.199111],[24.784399,42.199111],[24.784398,42.199154],[24.784451,42.199155],[24.784451,42.199162],[24.784507,42.199163]]]},"properties":{"num":1}},{"type":"Feature","geometry":{"type":"Polygon","coordinates":[[[24.784827,42.199167],[24.784827,42.19916],[24.784881,42.199161],[24.784882,42.199118],[24.784902,42.199118],[24.784904,42.19905],[24.784792,42.199048],[24.784791,42.199082],[24.784773,42.199082],[24.784772,42.199104],[24.784752,42.199104],[24.784751,42.19914],[24.784772,42.199141],[24.784771,42.199166],[24.784827,42.199167]]]},"properties":{"num":1}},{"type":"Feature","geometry":{"type":"Polygon","coordinates":[[[24.784887,42.198928],[24.784888,42.198885],[24.784834,42.198884],[24.784834,42.198878],[24.784778,42.198877],[24.784777,42.198902],[24.784757,42.198902],[24.784756,42.19894],[24.784777,42.19894],[24.784777,42.198962],[24.784794,42.198962],[24.784793,42.198996],[24.784904,42.198997],[24.784906,42.198929],[24.784887,42.198928]]]},"properties":{"num":1}},{"type":"Feature","geometry":{"type":"Polygon","coordinates":[[[24.784836,42.198824],[24.784836,42.198817],[24.78489,42.198818],[24.784891,42.198775],[24.78491,42.198775],[24.784912,42.198707],[24.7848,42.198705],[24.7848,42.198738],[24.784782,42.198738],[24.784781,42.198761],[24.784761,42.19876],[24.78476,42.198797],[24.78478,42.198797],[24.784779,42.198823],[24.784836,42.198824]]]},"properties":{"num":1}},{"type":"Feature","geometry":{"type":"Polygon","coordinates":[[[24.784895,42.198585],[24.784897,42.198542],[24.784843,42.198541],[24.784843,42.198534],[24.784787,42.198533],[24.784786,42.198559],[24.784766,42.198559],[24.784765,42.198596],[24.784785,42.198596],[24.784785,42.198619],[24.784803,42.198619],[24.784802,42.198652],[24.784914,42.198654],[24.784915,42.198586],[24.784895,42.198585]]]},"properties":{"num":1}},{"type":"Feature","geometry":{"type":"Polygon","coordinates":[[[24.784906,42.198412],[24.784907,42.198362],[24.784783,42.19836],[24.784782,42.198382],[24.784761,42.198395],[24.784761,42.198412],[24.784782,42.198425],[24.784782,42.198447],[24.78481,42.198448],[24.784809,42.198486],[24.784918,42.198488],[24.78492,42.198412],[24.784906,42.198412]]]},"properties":{"num":1}},{"type":"Feature","geometry":{"type":"Polygon","coordinates":[[[24.784507,42.198482],[24.784508,42.198448],[24.784526,42.198449],[24.784526,42.198426],[24.784546,42.198427],[24.784548,42.19839],[24.784527,42.19839],[24.784528,42.198363],[24.784472,42.198363],[24.784471,42.19837],[24.784418,42.198369],[24.784417,42.198412],[24.784397,42.198412],[24.784396,42.198481],[24.784507,42.198482]]]},"properties":{"num":1}},{"type":"Feature","geometry":{"type":"Polygon","coordinates":[[[24.784503,42.198648],[24.784504,42.198614],[24.784522,42.198615],[24.784523,42.198593],[24.784542,42.198593],[24.784543,42.198556],[24.784523,42.198556],[24.784524,42.19853],[24.784467,42.198529],[24.784467,42.198536],[24.784414,42.198535],[24.784413,42.198578],[24.784393,42.198578],[24.784391,42.198646],[24.784503,42.198648]]]},"properties":{"num":1}},{"type":"Feature","geometry":{"type":"Polygon","coordinates":[[[24.784493,42.198991],[24.784494,42.198958],[24.784512,42.198958],[24.784513,42.198936],[24.784533,42.198937],[24.784534,42.198899],[24.784514,42.198899],[24.784515,42.198873],[24.784458,42.198872],[24.784458,42.198879],[24.784404,42.198878],[24.784403,42.198922],[24.784383,42.198921],[24.784381,42.19899],[24.784493,42.198991]]]},"properties":{"num":1}},{"type":"Feature","geometry":{"type":"Polygon","coordinates":[[[24.784516,42.198819],[24.784516,42.198793],[24.784538,42.198794],[24.784539,42.198757],[24.784518,42.198757],[24.784518,42.198735],[24.7845,42.198735],[24.784501,42.1987],[24.78439,42.198699],[24.784388,42.198767],[24.784408,42.198768],[24.784407,42.198811],[24.78446,42.198812],[24.78446,42.198819],[24.784516,42.198819]]]},"properties":{"num":1}},{"type":"Feature","geometry":{"type":"Polygon","coordinates":[[[24.79256,42.195725],[24.792515,42.195717],[24.792518,42.195703],[24.792488,42.195698],[24.792483,42.195711],[24.792438,42.195703],[24.792426,42.195741],[24.792547,42.195762],[24.79256,42.195725]]]},"properties":{"num":1}},{"type":"Feature","geometry":{"type":"Polygon","coordinates":[[[24.792653,42.195768],[24.792653,42.195736],[24.792598,42.195736],[24.792599,42.195768],[24.792653,42.195768]]]},"properties":{"num":2}},{"type":"Feature","geometry":{"type":"Polygon","coordinates":[[[24.771163,42.188025],[24.770237,42.187494],[24.770058,42.187667],[24.770984,42.188197],[24.771163,42.188025]]]},"properties":{"num":3}},{"type":"Feature","geometry":{"type":"Polygon","coordinates":[[[24.770676,42.186874],[24.770536,42.186794],[24.770088,42.187226],[24.770228,42.187307],[24.770676,42.186874]]]},"properties":{"num":1}},{"type":"Feature","geometry":{"type":"Polygon","coordinates":[[[24.771869,42.187751],[24.77167,42.187636],[24.771311,42.187982],[24.771511,42.188097],[24.771869,42.187751]]]},"properties":{"num":1}},{"type":"Feature","geometry":{"type":"Polygon","coordinates":[[[24.77196,42.187569],[24.771882,42.187525],[24.771865,42.187542],[24.771804,42.187507],[24.77167,42.187636],[24.771869,42.187751],[24.772003,42.187621],[24.771943,42.187586],[24.77196,42.187569]]]},"properties":{"num":2}},{"type":"Feature","geometry":{"type":"Polygon","coordinates":[[[24.770695,42.187003],[24.770399,42.187289],[24.770575,42.187389],[24.770871,42.187104],[24.770695,42.187003]]]},"properties":{"num":1}},{"type":"Feature","geometry":{"type":"Polygon","coordinates":[[[24.770819,42.186881],[24.770858,42.186903],[24.770883,42.186879],[24.770845,42.186857],[24.770819,42.186881]]]},"properties":{"num":2}},{"type":"Feature","geometry":{"type":"Polygon","coordinates":[[[24.770871,42.186804],[24.770843,42.18683],[24.770868,42.186844],[24.770895,42.186818],[24.770871,42.186804]]]},"properties":{"num":3}},{"type":"Feature","geometry":{"type":"Polygon","coordinates":[[[24.77102,42.18727],[24.770897,42.187199],[24.770854,42.187241],[24.770975,42.187311],[24.77102,42.18727]]]},"properties":{"num":1}},{"type":"Feature","geometry":{"type":"Polygon","coordinates":[[[24.770854,42.187241],[24.770673,42.187416],[24.77085,42.187517],[24.771075,42.1873],[24.77102,42.18727],[24.770975,42.187311],[24.770854,42.187241]]]},"properties":{"num":2}},{"type":"Feature","geometry":{"type":"Polygon","coordinates":[[[24.771692,42.187497],[24.771648,42.18739],[24.771618,42.187417],[24.771597,42.187403],[24.77156,42.187439],[24.771531,42.187423],[24.771517,42.187428],[24.771503,42.187441],[24.771516,42.187449],[24.771498,42.187467],[24.771642,42.187548],[24.771692,42.187497]]]},"properties":{"num":1}},{"type":"Feature","geometry":{"type":"Polygon","coordinates":[[[24.771642,42.187548],[24.771519,42.18748],[24.771112,42.187873],[24.771233,42.187943],[24.771642,42.187548]]]},"properties":{"num":2}},{"type":"Feature","geometry":{"type":"Polygon","coordinates":[[[24.77017,42.18706],[24.770117,42.18703],[24.770088,42.187058],[24.77014,42.187088],[24.77017,42.18706]]]},"properties":{"num":1}},{"type":"Feature","geometry":{"type":"Polygon","coordinates":[[[24.77007,42.186919],[24.769953,42.186908],[24.769917,42.18712],[24.770034,42.187131],[24.77007,42.186919]]]},"properties":{"num":2}},{"type":"Feature","geometry":{"type":"Polygon","coordinates":[[[24.770075,42.186889],[24.769959,42.186878],[24.769953,42.186908],[24.77007,42.186919],[24.770075,42.186889]]]},"properties":{"num":3}},{"type":"Feature","geometry":{"type":"Polygon","coordinates":[[[24.769235,42.189374],[24.769186,42.189311],[24.768977,42.189403],[24.769029,42.189465],[24.769235,42.189374]]]},"properties":{"num":1}},{"type":"Feature","geometry":{"type":"Polygon","coordinates":[[[24.769082,42.189441],[24.769089,42.18945],[24.769168,42.189415],[24.769161,42.189407],[24.769082,42.189441]]]},"properties":{"num":2}},{"type":"Feature","geometry":{"type":"Polygon","coordinates":[[[24.769564,42.189232],[24.76951,42.189163],[24.769182,42.189306],[24.769238,42.189373],[24.769564,42.189232]]]},"properties":{"num":1}},{"type":"Feature","geometry":{"type":"Polygon","coordinates":[[[24.770076,42.18901],[24.770029,42.188947],[24.76981,42.18904],[24.76986,42.189103],[24.770076,42.18901]]]},"properties":{"num":1}},{"type":"Feature","geometry":{"type":"Polygon","coordinates":[[[24.76981,42.18904],[24.769843,42.189026],[24.769786,42.188935],[24.769754,42.188951],[24.76981,42.18904]]]},"properties":{"num":2}},{"type":"Feature","geometry":{"type":"Polygon","coordinates":[[[24.769843,42.189026],[24.769868,42.189016],[24.769811,42.188923],[24.769786,42.188935],[24.769843,42.189026]]]},"properties":{"num":3}},{"type":"Feature","geometry":{"type":"Polygon","coordinates":[[[24.768976,42.189297],[24.769065,42.189235],[24.768918,42.189116],[24.768856,42.189159],[24.768895,42.18919],[24.768866,42.18921],[24.768976,42.189297]]]},"properties":{"num":1}},{"type":"Feature","geometry":{"type":"Polygon","coordinates":[[[24.769065,42.189235],[24.769012,42.189272],[24.769051,42.189301],[24.769104,42.189265],[24.769065,42.189235]]]},"properties":{"num":2}},{"type":"Feature","geometry":{"type":"Polygon","coordinates":[[[24.768895,42.18919],[24.768856,42.189159],[24.768826,42.18918],[24.768866,42.18921],[24.768895,42.18919]]]},"properties":{"num":3}},{"type":"Feature","geometry":{"type":"Polygon","coordinates":[[[24.768868,42.189212],[24.768821,42.189244],[24.768868,42.189281],[24.768916,42.18925],[24.768868,42.189212]]]},"properties":{"num":4}},{"type":"Feature","geometry":{"type":"Polygon","coordinates":[[[24.768901,42.18926],[24.768871,42.18928],[24.76889,42.189297],[24.768922,42.189276],[24.768901,42.18926]]]},"properties":{"num":5}},{"type":"Feature","geometry":{"type":"Polygon","coordinates":[[[24.768839,42.189301],[24.768868,42.189281],[24.768837,42.189258],[24.76881,42.189276],[24.768839,42.189301]]]},"properties":{"num":6}},{"type":"Feature","geometry":{"type":"Polygon","coordinates":[[[24.768725,42.188614],[24.769184,42.188503],[24.769153,42.188432],[24.768693,42.188543],[24.768725,42.188614]]]},"properties":{"num":1}},{"type":"Feature","geometry":{"type":"Polygon","coordinates":[[[24.769117,42.18854],[24.769109,42.188521],[24.768918,42.188567],[24.768925,42.188585],[24.769117,42.18854]]]},"properties":{"num":2}},{"type":"Feature","geometry":{"type":"Polygon","coordinates":[[[24.769193,42.189445],[24.769169,42.189417],[24.769091,42.189452],[24.769115,42.18948],[24.769193,42.189445]]]},"properties":{"num":1}},{"type":"Feature","geometry":{"type":"Polygon","coordinates":[[[24.769238,42.189373],[24.769293,42.189441],[24.769387,42.189399],[24.769336,42.189331],[24.769238,42.189373]]]},"properties":{"num":1}},{"type":"Feature","geometry":{"type":"Polygon","coordinates":[[[24.769437,42.189347],[24.769398,42.189304],[24.769336,42.189331],[24.769369,42.189375],[24.769437,42.189347]]]},"properties":{"num":2}},{"type":"Feature","geometry":{"type":"Polygon","coordinates":[[[24.770036,42.189059],[24.770018,42.189035],[24.76986,42.189103],[24.769879,42.189126],[24.770036,42.189059]]]},"properties":{"num":1}},{"type":"Feature","geometry":{"type":"Polygon","coordinates":[[[24.770308,42.189034],[24.770168,42.18878],[24.770053,42.188816],[24.770189,42.18907],[24.770308,42.189034]]]},"properties":{"num":1}},{"type":"Feature","geometry":{"type":"Polygon","coordinates":[[[24.768445,42.189273],[24.768522,42.189342],[24.76874,42.189214],[24.768665,42.189144],[24.768445,42.189273]]]},"properties":{"num":1}},{"type":"Feature","geometry":{"type":"Polygon","coordinates":[[[24.768462,42.189289],[24.76843,42.18926],[24.768406,42.189277],[24.768436,42.189305],[24.768462,42.189289]]]},"properties":{"num":2}},{"type":"Feature","geometry":{"type":"Polygon","coordinates":[[[24.768596,42.189185],[24.768508,42.189126],[24.76843,42.18926],[24.768445,42.189273],[24.768596,42.189185]]]},"properties":{"num":3}},{"type":"Feature","geometry":{"type":"Polygon","coordinates":[[[24.768653,42.189086],[24.768602,42.18906],[24.768583,42.189085],[24.768667,42.189143],[24.768699,42.189176],[24.768808,42.189078],[24.768696,42.189037],[24.768653,42.189086]]]},"properties":{"num":5}},{"type":"Feature","geometry":{"type":"Polygon","coordinates":[[[24.768849,42.189035],[24.768722,42.188988],[24.768696,42.189037],[24.768822,42.189081],[24.768849,42.189035]]]},"properties":{"num":6}},{"type":"Feature","geometry":{"type":"Polygon","coordinates":[[[24.768808,42.189078],[24.768771,42.189112],[24.768787,42.189124],[24.768843,42.189087],[24.768808,42.189078]]]},"properties":{"num":7}},{"type":"Feature","geometry":{"type":"Polygon","coordinates":[[[24.768908,42.188832],[24.768844,42.188808],[24.768745,42.188953],[24.76881,42.188977],[24.768908,42.188832]]]},"properties":{"num":1}},{"type":"Feature","geometry":{"type":"Polygon","coordinates":[[[24.768723,42.188988],[24.768787,42.18901],[24.76881,42.188977],[24.768745,42.188953],[24.768723,42.188988]]]},"properties":{"num":2}},{"type":"Feature","geometry":{"type":"Polygon","coordinates":[[[24.76902,42.188829],[24.769237,42.188756],[24.769177,42.188665],[24.76913,42.188681],[24.769137,42.188691],[24.76897,42.188746],[24.76902,42.188829]]]},"properties":{"num":1}},{"type":"Feature","geometry":{"type":"Polygon","coordinates":[[[24.769387,42.188734],[24.769513,42.18863],[24.769444,42.188587],[24.769323,42.188694],[24.769387,42.188734]]]},"properties":{"num":1}},{"type":"Feature","geometry":{"type":"Polygon","coordinates":[[[24.769566,42.188829],[24.769652,42.188927],[24.770011,42.188755],[24.769926,42.188657],[24.769566,42.188829]]]},"properties":{"num":1}},{"type":"Feature","geometry":{"type":"Polygon","coordinates":[[[24.769676,42.188712],[24.769726,42.188677],[24.769699,42.188656],[24.769649,42.188692],[24.769676,42.188712]]]},"properties":{"num":2}},{"type":"Feature","geometry":{"type":"Polygon","coordinates":[[[24.769387,42.188734],[24.76946,42.188779],[24.769581,42.188673],[24.769513,42.18863],[24.769387,42.188734]]]},"properties":{"num":3}},{"type":"Feature","geometry":{"type":"Polygon","coordinates":[[[24.769464,42.185969],[24.76946,42.186048],[24.769501,42.186049],[24.769498,42.186083],[24.76956,42.186086],[24.769565,42.18601],[24.769511,42.186008],[24.769513,42.185971],[24.769464,42.185969]]]},"properties":{"num":1}},{"type":"Feature","geometry":{"type":"Polygon","coordinates":[[[24.769584,42.186072],[24.769611,42.186064],[24.769603,42.186049],[24.769575,42.186057],[24.769584,42.186072]]]},"properties":{"num":2}},{"type":"Feature","geometry":{"type":"Polygon","coordinates":[[[24.769704,42.186396],[24.769719,42.186338],[24.76961,42.186326],[24.769595,42.186401],[24.769675,42.18641],[24.769679,42.186393],[24.769704,42.186396]]]},"properties":{"num":1}},{"type":"Feature","geometry":{"type":"Polygon","coordinates":[[[24.768598,42.18661],[24.768598,42.186622],[24.768555,42.186624],[24.768556,42.186649],[24.76865,42.186645],[24.768648,42.186608],[24.768598,42.18661]]]},"properties":{"num":2}},{"type":"Feature","geometry":{"type":"Polygon","coordinates":[[[24.769806,42.189035],[24.76951,42.189163],[24.769564,42.189232],[24.769671,42.189185],[24.769692,42.189212],[24.769882,42.189131],[24.769806,42.189035]]]},"properties":{"num":1}},{"type":"Feature","geometry":{"type":"Polygon","coordinates":[[[24.76974,42.189019],[24.769484,42.18913],[24.76951,42.189163],[24.769766,42.189052],[24.76974,42.189019]]]},"properties":{"num":2}},{"type":"Feature","geometry":{"type":"Polygon","coordinates":[[[24.769882,42.189131],[24.769682,42.189216],[24.769732,42.18928],[24.769932,42.189194],[24.769882,42.189131]]]},"properties":{"num":3}},{"type":"Feature","geometry":{"type":"Polygon","coordinates":[[[24.769602,42.189282],[24.769669,42.189255],[24.769629,42.189203],[24.769564,42.189232],[24.769602,42.189282]]]},"properties":{"num":4}},{"type":"Feature","geometry":{"type":"Polygon","coordinates":[[[24.769753,42.188094],[24.769751,42.187985],[24.769606,42.187986],[24.769605,42.18795],[24.769022,42.187953],[24.769023,42.188098],[24.769753,42.188094]]]},"properties":{"num":1}},{"type":"Feature","geometry":{"type":"Polygon","coordinates":[[[24.769023,42.188098],[24.769022,42.187989],[24.76844,42.187991],[24.768441,42.1881],[24.769023,42.188098]]]},"properties":{"num":2}},{"type":"Feature","geometry":{"type":"Polygon","coordinates":[[[24.769022,42.187988],[24.769022,42.187954],[24.768441,42.187956],[24.76844,42.187991],[24.769022,42.187988]]]},"properties":{"num":3}},{"type":"Feature","geometry":{"type":"Polygon","coordinates":[[[24.769625,42.188246],[24.769625,42.188198],[24.769476,42.188198],[24.769477,42.188246],[24.769625,42.188246]]]},"properties":{"num":4}},{"type":"Feature","geometry":{"type":"Polygon","coordinates":[[[24.799945,42.200099],[24.799872,42.200037],[24.799817,42.200072],[24.79989,42.200135],[24.799945,42.200099]]]},"properties":{"num":1}},{"type":"Feature","geometry":{"type":"Polygon","coordinates":[[[24.796764,42.205443],[24.796706,42.205527],[24.796789,42.205559],[24.796846,42.205475],[24.796764,42.205443]]]},"properties":{"num":1}},{"type":"Feature","geometry":{"type":"Polygon","coordinates":[[[24.764334,42.192148],[24.764363,42.192104],[24.764325,42.192089],[24.764295,42.192133],[24.764334,42.192148]]]},"properties":{"num":1}},{"type":"Feature","geometry":{"type":"Polygon","coordinates":[[[24.76433,42.192037],[24.764319,42.192054],[24.764336,42.192061],[24.764347,42.192044],[24.76433,42.192037]]]},"properties":{"num":2}},{"type":"Feature","geometry":{"type":"Polygon","coordinates":[[[24.770941,42.19541],[24.771038,42.195398],[24.771014,42.195291],[24.770917,42.195303],[24.770941,42.19541]]]},"properties":{"num":1}},{"type":"Feature","geometry":{"type":"Polygon","coordinates":[[[24.770878,42.19526],[24.770867,42.195215],[24.770719,42.195235],[24.770729,42.195279],[24.770878,42.19526]]]},"properties":{"num":2}},{"type":"Feature","geometry":{"type":"Polygon","coordinates":[[[24.77061,42.19518],[24.77058,42.195183],[24.770584,42.195201],[24.770615,42.195198],[24.77061,42.19518]]]},"properties":{"num":1}},{"type":"Feature","geometry":{"type":"Polygon","coordinates":[[[24.769474,42.195091],[24.769499,42.195097],[24.769516,42.195044],[24.769491,42.195038],[24.769474,42.195091]]]},"properties":{"num":2}},{"type":"Feature","geometry":{"type":"Polygon","coordinates":[[[24.769491,42.195038],[24.769422,42.195022],[24.769405,42.195074],[24.769474,42.195091],[24.769491,42.195038]]]},"properties":{"num":3}},{"type":"Feature","geometry":{"type":"Polygon","coordinates":[[[24.785021,42.197955],[24.78505,42.198016],[24.785201,42.197976],[24.785161,42.197919],[24.785021,42.197955]]]},"properties":{"num":1}},{"type":"Feature","geometry":{"type":"Polygon","coordinates":[[[24.785205,42.197889],[24.785314,42.197837],[24.785247,42.197754],[24.785132,42.197808],[24.785205,42.197889]]]},"properties":{"num":2}},{"type":"Feature","geometry":{"type":"Polygon","coordinates":[[[24.785184,42.197385],[24.785147,42.197325],[24.785074,42.19735],[24.785111,42.19741],[24.785184,42.197385]]]},"properties":{"num":1}},{"type":"Feature","geometry":{"type":"Polygon","coordinates":[[[24.785111,42.197266],[24.785168,42.197247],[24.785143,42.197206],[24.78504,42.197241],[24.785101,42.197341],[24.785147,42.197325],[24.785111,42.197266]]]},"properties":{"num":2}},{"type":"Feature","geometry":{"type":"Polygon","coordinates":[[[24.783319,42.197882],[24.783326,42.197855],[24.783343,42.197857],[24.783359,42.1978],[24.783325,42.197794],[24.783326,42.197789],[24.783237,42.197776],[24.783235,42.197781],[24.783201,42.197776],[24.783185,42.197834],[24.783202,42.197837],[24.783195,42.197864],[24.783201,42.197871],[24.783216,42.197873],[24.783226,42.197861],[24.783292,42.197871],[24.78329,42.197879],[24.783297,42.197885],[24.783311,42.197887],[24.783319,42.197882]]]},"properties":{"num":1}},{"type":"Feature","geometry":{"type":"Polygon","coordinates":[[[24.783626,42.197736],[24.783506,42.197717],[24.783461,42.197885],[24.78358,42.197903],[24.783626,42.197736]]]},"properties":{"num":1}},{"type":"Feature","geometry":{"type":"Polygon","coordinates":[[[24.783642,42.197612],[24.783555,42.1976],[24.783546,42.197632],[24.783633,42.197645],[24.783642,42.197612]]]},"properties":{"num":2}},{"type":"Feature","geometry":{"type":"Polygon","coordinates":[[[24.783886,42.19785],[24.783938,42.19779],[24.783849,42.197746],[24.783797,42.197806],[24.783886,42.19785]]]},"properties":{"num":1}},{"type":"Feature","geometry":{"type":"Polygon","coordinates":[[[24.784332,42.197493],[24.784452,42.197487],[24.784448,42.197444],[24.784415,42.197446],[24.784411,42.19741],[24.784366,42.197412],[24.784366,42.197419],[24.784326,42.19742],[24.784332,42.197493]]]},"properties":{"num":1}},{"type":"Feature","geometry":{"type":"Polygon","coordinates":[[[24.784295,42.197495],[24.784332,42.197493],[24.784326,42.197419],[24.78429,42.19742],[24.784295,42.197495]]]},"properties":{"num":2}},{"type":"Feature","geometry":{"type":"Polygon","coordinates":[[[24.784398,42.197551],[24.784469,42.197536],[24.784452,42.197487],[24.784376,42.197491],[24.784398,42.197551]]]},"properties":{"num":3}},{"type":"Feature","geometry":{"type":"Polygon","coordinates":[[[24.784463,42.197518],[24.784532,42.197505],[24.784523,42.197481],[24.784454,42.197495],[24.784463,42.197518]]]},"properties":{"num":4}},{"type":"Feature","geometry":{"type":"Polygon","coordinates":[[[24.784536,42.197514],[24.784652,42.197489],[24.784638,42.197449],[24.784589,42.197459],[24.784591,42.197464],[24.784571,42.197468],[24.784569,42.197463],[24.784521,42.197473],[24.784536,42.197514]]]},"properties":{"num":5}},{"type":"Feature","geometry":{"type":"Polygon","coordinates":[[[24.784227,42.19755],[24.78422,42.197467],[24.784177,42.197468],[24.784175,42.197439],[24.784116,42.197441],[24.784118,42.197463],[24.784065,42.197465],[24.784074,42.197589],[24.784155,42.197585],[24.784153,42.197556],[24.784227,42.19755]]]},"properties":{"num":1}},{"type":"Feature","geometry":{"type":"Polygon","coordinates":[[[24.773445,42.193489],[24.773184,42.193338],[24.772958,42.193555],[24.773072,42.193621],[24.772849,42.193834],[24.772996,42.193919],[24.773445,42.193489]]]},"properties":{"num":1}},{"type":"Feature","geometry":{"type":"Polygon","coordinates":[[[24.782114,42.195466],[24.78208,42.195508],[24.782124,42.195528],[24.78214,42.195526],[24.782164,42.195489],[24.782175,42.195494],[24.782209,42.195452],[24.782206,42.195442],[24.782147,42.195415],[24.782108,42.195463],[24.782114,42.195466]]]},"properties":{"num":1}},{"type":"Feature","geometry":{"type":"Polygon","coordinates":[[[24.782057,42.195321],[24.782034,42.195349],[24.782102,42.19538],[24.782126,42.195346],[24.782057,42.195321]]]},"properties":{"num":2}},{"type":"Feature","geometry":{"type":"Polygon","coordinates":[[[24.781971,42.195426],[24.782022,42.195449],[24.782084,42.195372],[24.782034,42.195349],[24.781971,42.195426]]]},"properties":{"num":3}},{"type":"Feature","geometry":{"type":"Polygon","coordinates":[[[24.781992,42.195745],[24.781941,42.195722],[24.781919,42.195749],[24.781969,42.195772],[24.781992,42.195745]]]},"properties":{"num":1}},{"type":"Feature","geometry":{"type":"Polygon","coordinates":[[[24.781612,42.194735],[24.781618,42.194748],[24.7817,42.194785],[24.781812,42.194646],[24.781685,42.194603],[24.781612,42.194735]]]},"properties":{"num":5}},{"type":"Feature","geometry":{"type":"Polygon","coordinates":[[[24.7816,42.194711],[24.781587,42.194707],[24.781506,42.194724],[24.7815,42.194734],[24.781509,42.194756],[24.781496,42.194778],[24.781618,42.194825],[24.78166,42.194764],[24.781618,42.194748],[24.7816,42.194711]]]},"properties":{"num":6}},{"type":"Feature","geometry":{"type":"Polygon","coordinates":[[[24.781494,42.194714],[24.781436,42.19469],[24.781386,42.194763],[24.781444,42.194788],[24.781494,42.194714]]]},"properties":{"num":7}},{"type":"Feature","geometry":{"type":"Polygon","coordinates":[[[24.781927,42.193454],[24.782066,42.193506],[24.782122,42.193424],[24.781983,42.193371],[24.781927,42.193454]]]},"properties":{"num":1}},{"type":"Feature","geometry":{"type":"Polygon","coordinates":[[[24.781983,42.193371],[24.782122,42.193424],[24.782146,42.193388],[24.782007,42.193336],[24.781983,42.193371]]]},"properties":{"num":2}},{"type":"Feature","geometry":{"type":"Polygon","coordinates":[[[24.782066,42.193506],[24.781927,42.193454],[24.781908,42.193482],[24.782047,42.193534],[24.782066,42.193506]]]},"properties":{"num":3}},{"type":"Feature","geometry":{"type":"Polygon","coordinates":[[[24.782002,42.193602],[24.781894,42.193562],[24.781861,42.193611],[24.78197,42.19365],[24.782002,42.193602]]]},"properties":{"num":4}},{"type":"Feature","geometry":{"type":"Polygon","coordinates":[[[24.78174,42.193322],[24.781536,42.193202],[24.781488,42.193247],[24.781692,42.193367],[24.78174,42.193322]]]},"properties":{"num":5}},{"type":"Feature","geometry":{"type":"Polygon","coordinates":[[[24.778136,42.192393],[24.778045,42.19248],[24.778317,42.192633],[24.778406,42.192546],[24.778136,42.192393]]]},"properties":{"num":1}},{"type":"Feature","geometry":{"type":"Polygon","coordinates":[[[24.778056,42.192348],[24.777968,42.192435],[24.778045,42.19248],[24.778136,42.192393],[24.778056,42.192348]]]},"properties":{"num":2}},{"type":"Feature","geometry":{"type":"Polygon","coordinates":[[[24.778011,42.192509],[24.778003,42.192521],[24.778045,42.19248],[24.777968,42.192435],[24.777925,42.192477],[24.777939,42.192468],[24.778011,42.192509]]]},"properties":{"num":3}},{"type":"Feature","geometry":{"type":"Polygon","coordinates":[[[24.777784,42.192672],[24.777766,42.192663],[24.77775,42.192682],[24.777768,42.192691],[24.777784,42.192672]]]},"properties":{"num":4}},{"type":"Feature","geometry":{"type":"Polygon","coordinates":[[[24.777706,42.192783],[24.77774,42.192726],[24.777726,42.192722],[24.777692,42.192779],[24.777706,42.192783]]]},"properties":{"num":5}},{"type":"Feature","geometry":{"type":"Polygon","coordinates":[[[24.777546,42.192802],[24.77757,42.192815],[24.777629,42.192758],[24.777605,42.192745],[24.777546,42.192802]]]},"properties":{"num":6}},{"type":"Feature","geometry":{"type":"Polygon","coordinates":[[[24.77784,42.193097],[24.777797,42.193072],[24.777707,42.193159],[24.777749,42.193184],[24.77784,42.193097]]]},"properties":{"num":7}},{"type":"Feature","geometry":{"type":"Polygon","coordinates":[[[24.777375,42.190695],[24.777259,42.190627],[24.77687,42.190998],[24.776987,42.191066],[24.777375,42.190695]]]},"properties":{"num":2}},{"type":"Feature","geometry":{"type":"Polygon","coordinates":[[[24.777611,42.190772],[24.777592,42.190766],[24.777589,42.190769],[24.777523,42.190732],[24.777534,42.190721],[24.777527,42.190717],[24.777516,42.190728],[24.777482,42.190708],[24.777454,42.190735],[24.777434,42.190741],[24.777565,42.190816],[24.777611,42.190772]]]},"properties":{"num":1}},{"type":"Feature","geometry":{"type":"Polygon","coordinates":[[[24.777565,42.190816],[24.777443,42.190746],[24.777026,42.191149],[24.777147,42.191218],[24.777565,42.190816]]]},"properties":{"num":2}},{"type":"Feature","geometry":{"type":"Polygon","coordinates":[[[24.78137,42.195464],[24.781387,42.195443],[24.781491,42.195488],[24.781471,42.195513],[24.781513,42.195532],[24.781534,42.195507],[24.781638,42.195552],[24.781618,42.195577],[24.78166,42.195595],[24.78168,42.195571],[24.781743,42.195598],[24.781775,42.195559],[24.781334,42.195367],[24.781302,42.195406],[24.781351,42.195427],[24.781334,42.195448],[24.78137,42.195464]]]},"properties":{"num":1}},{"type":"Feature","geometry":{"type":"Polygon","coordinates":[[[24.781977,42.195297],[24.781923,42.195273],[24.7818,42.195432],[24.781855,42.195455],[24.781977,42.195297]]]},"properties":{"num":2}},{"type":"Feature","geometry":{"type":"Polygon","coordinates":[[[24.781761,42.195204],[24.781707,42.195181],[24.781584,42.195341],[24.781638,42.195363],[24.781761,42.195204]]]},"properties":{"num":3}},{"type":"Feature","geometry":{"type":"Polygon","coordinates":[[[24.781279,42.195242],[24.781406,42.195297],[24.781544,42.195111],[24.781493,42.195089],[24.781438,42.195162],[24.781363,42.19513],[24.781279,42.195242]]]},"properties":{"num":4}},{"type":"Feature","geometry":{"type":"Polygon","coordinates":[[[24.78162,42.194932],[24.781575,42.194913],[24.781532,42.194966],[24.781577,42.194986],[24.78162,42.194932]]]},"properties":{"num":6}},{"type":"Feature","geometry":{"type":"Polygon","coordinates":[[[24.782046,42.195142],[24.781608,42.194947],[24.781577,42.194986],[24.782015,42.195181],[24.782046,42.195142]]]},"properties":{"num":7}},{"type":"Feature","geometry":{"type":"Polygon","coordinates":[[[24.773236,42.192825],[24.773354,42.192891],[24.773411,42.192835],[24.773293,42.192768],[24.773236,42.192825]]]},"properties":{"num":1}},{"type":"Feature","geometry":{"type":"Polygon","coordinates":[[[24.773236,42.192825],[24.773053,42.193007],[24.773172,42.193073],[24.773354,42.192891],[24.773236,42.192825]]]},"properties":{"num":3}},{"type":"Feature","geometry":{"type":"Polygon","coordinates":[[[24.778501,42.192454],[24.778266,42.192319],[24.778175,42.192407],[24.77841,42.192542],[24.778501,42.192454]]]},"properties":{"num":1}},{"type":"Feature","geometry":{"type":"Polygon","coordinates":[[[24.775015,42.191728],[24.774996,42.191717],[24.774982,42.19173],[24.775001,42.191742],[24.775015,42.191728]]]},"properties":{"num":1}},{"type":"Feature","geometry":{"type":"Polygon","coordinates":[[[24.775258,42.189671],[24.775357,42.189572],[24.775229,42.189517],[24.775172,42.189485],[24.775193,42.189464],[24.775014,42.189366],[24.774993,42.189387],[24.774827,42.189288],[24.774832,42.189283],[24.774766,42.189251],[24.774669,42.189349],[24.774728,42.189381],[24.774719,42.189389],[24.775131,42.189615],[24.77514,42.189606],[24.775258,42.189671]]]},"properties":{"num":1}},{"type":"Feature","geometry":{"type":"Polygon","coordinates":[[[24.775131,42.189615],[24.774719,42.189389],[24.774678,42.189429],[24.775092,42.189657],[24.775131,42.189615]]]},"properties":{"num":2}},{"type":"Feature","geometry":{"type":"Polygon","coordinates":[[[24.775207,42.18972],[24.77462,42.189398],[24.774486,42.189533],[24.775073,42.189856],[24.775207,42.18972]]]},"properties":{"num":3}},{"type":"Feature","geometry":{"type":"Polygon","coordinates":[[[24.775073,42.189856],[24.774486,42.189533],[24.774442,42.189577],[24.775029,42.1899],[24.775073,42.189856]]]},"properties":{"num":4}},{"type":"Feature","geometry":{"type":"Polygon","coordinates":[[[24.775029,42.1899],[24.774442,42.189577],[24.774356,42.189663],[24.774944,42.189986],[24.775029,42.1899]]]},"properties":{"num":5}},{"type":"Feature","geometry":{"type":"Polygon","coordinates":[[[24.774944,42.189986],[24.774356,42.189663],[24.774312,42.189708],[24.774902,42.190029],[24.774944,42.189986]]]},"properties":{"num":6}},{"type":"Feature","geometry":{"type":"Polygon","coordinates":[[[24.774218,42.18976],[24.774119,42.189853],[24.774755,42.190225],[24.774854,42.190132],[24.774218,42.18976]]]},"properties":{"num":7}},{"type":"Feature","geometry":{"type":"Polygon","coordinates":[[[24.771927,42.194468],[24.77189,42.194447],[24.771863,42.194474],[24.7719,42.194494],[24.771927,42.194468]]]},"properties":{"num":1}},{"type":"Feature","geometry":{"type":"Polygon","coordinates":[[[24.776934,42.194957],[24.776698,42.194823],[24.776253,42.195255],[24.776488,42.195389],[24.776934,42.194957]]]},"properties":{"num":1}},{"type":"Feature","geometry":{"type":"Polygon","coordinates":[[[24.780336,42.195781],[24.780043,42.195614],[24.779926,42.195727],[24.78022,42.195894],[24.780336,42.195781]]]},"properties":{"num":1}},{"type":"Feature","geometry":{"type":"Polygon","coordinates":[[[24.780085,42.195409],[24.780119,42.195429],[24.78055,42.195017],[24.780516,42.194997],[24.780085,42.195409]]]},"properties":{"num":1}},{"type":"Feature","geometry":{"type":"Polygon","coordinates":[[[24.777766,42.19101],[24.777571,42.190898],[24.777215,42.191241],[24.77741,42.191353],[24.777766,42.19101]]]},"properties":{"num":1}},{"type":"Feature","geometry":{"type":"Polygon","coordinates":[[[24.778447,42.191401],[24.778253,42.19129],[24.777898,42.191632],[24.778092,42.191744],[24.778447,42.191401]]]},"properties":{"num":1}},{"type":"Feature","geometry":{"type":"Polygon","coordinates":[[[24.773026,42.193277],[24.772973,42.193248],[24.772934,42.193287],[24.772986,42.193316],[24.773026,42.193277]]]},"properties":{"num":1}},{"type":"Feature","geometry":{"type":"Polygon","coordinates":[[[24.77879,42.192035],[24.778859,42.191969],[24.778642,42.191846],[24.778573,42.191912],[24.77879,42.192035]]]},"properties":{"num":1}},{"type":"Feature","geometry":{"type":"Polygon","coordinates":[[[24.778457,42.191846],[24.778281,42.191743],[24.77824,42.191784],[24.778417,42.191887],[24.778457,42.191846]]]},"properties":{"num":2}},{"type":"Feature","geometry":{"type":"Polygon","coordinates":[[[24.779483,42.192327],[24.779266,42.192204],[24.779228,42.192241],[24.779212,42.192231],[24.779181,42.19226],[24.779414,42.192394],[24.779483,42.192327]]]},"properties":{"num":1}},{"type":"Feature","geometry":{"type":"Polygon","coordinates":[[[24.779082,42.192205],[24.778905,42.192102],[24.778863,42.192142],[24.77904,42.192245],[24.779082,42.192205]]]},"properties":{"num":2}},{"type":"Feature","geometry":{"type":"Polygon","coordinates":[[[24.778968,42.192217],[24.778939,42.1922],[24.778895,42.192242],[24.778924,42.192259],[24.778968,42.192217]]]},"properties":{"num":3}},{"type":"Feature","geometry":{"type":"Polygon","coordinates":[[[24.779539,42.192551],[24.779745,42.192665],[24.779835,42.192578],[24.779628,42.192463],[24.779539,42.192551]]]},"properties":{"num":1}},{"type":"Feature","geometry":{"type":"Polygon","coordinates":[[[24.780316,42.19285],[24.780228,42.192937],[24.780307,42.192981],[24.780299,42.192989],[24.780336,42.193009],[24.780343,42.193002],[24.780422,42.193046],[24.780511,42.192959],[24.780316,42.19285]]]},"properties":{"num":1}},{"type":"Feature","geometry":{"type":"Polygon","coordinates":[[[24.78043,42.193038],[24.780422,42.193046],[24.780343,42.193002],[24.780302,42.19304],[24.780427,42.193112],[24.780475,42.193063],[24.78043,42.193038]]]},"properties":{"num":2}},{"type":"Feature","geometry":{"type":"Polygon","coordinates":[[[24.780663,42.193051],[24.780772,42.193112],[24.780763,42.19312],[24.78079,42.193135],[24.780799,42.193127],[24.780881,42.193173],[24.780949,42.193107],[24.780731,42.192984],[24.780663,42.193051]]]},"properties":{"num":1}},{"type":"Feature","geometry":{"type":"Polygon","coordinates":[[[24.781027,42.193307],[24.780846,42.193206],[24.780803,42.193246],[24.780983,42.193348],[24.781027,42.193307]]]},"properties":{"num":2}},{"type":"Feature","geometry":{"type":"Polygon","coordinates":[[[24.781116,42.193306],[24.781203,42.193356],[24.781229,42.19333],[24.781234,42.193333],[24.781254,42.193314],[24.781249,42.193311],[24.7813,42.193261],[24.781305,42.193264],[24.781345,42.193216],[24.781259,42.193166],[24.781233,42.193192],[24.781228,42.193189],[24.781208,42.193208],[24.781214,42.19321],[24.781162,42.193261],[24.781157,42.193258],[24.781138,42.193277],[24.781143,42.19328],[24.781116,42.193306]]]},"properties":{"num":1}},{"type":"Feature","geometry":{"type":"Polygon","coordinates":[[[24.781462,42.193466],[24.781445,42.193457],[24.781422,42.193481],[24.781653,42.193613],[24.781723,42.193547],[24.781506,42.193423],[24.781462,42.193466]]]},"properties":{"num":1}},{"type":"Feature","geometry":{"type":"Polygon","coordinates":[[[24.781229,42.19342],[24.781184,42.19346],[24.781364,42.193561],[24.78141,42.19352],[24.781229,42.19342]]]},"properties":{"num":2}},{"type":"Feature","geometry":{"type":"Polygon","coordinates":[[[24.781018,42.19384],[24.781127,42.193902],[24.781195,42.193835],[24.781085,42.193773],[24.781018,42.19384]]]},"properties":{"num":1}},{"type":"Feature","geometry":{"type":"Polygon","coordinates":[[[24.780791,42.193906],[24.78075,42.193948],[24.78084,42.193999],[24.780882,42.193957],[24.780791,42.193906]]]},"properties":{"num":3}},{"type":"Feature","geometry":{"type":"Polygon","coordinates":[[[24.781994,42.193872],[24.78195,42.193931],[24.782121,42.194003],[24.782164,42.193945],[24.781994,42.193872]]]},"properties":{"num":1}},{"type":"Feature","geometry":{"type":"Polygon","coordinates":[[[24.782165,42.193981],[24.782237,42.194012],[24.78226,42.193985],[24.782186,42.193953],[24.782165,42.193981]]]},"properties":{"num":2}},{"type":"Feature","geometry":{"type":"Polygon","coordinates":[[[24.782308,42.194083],[24.782477,42.194156],[24.782524,42.194098],[24.782354,42.194025],[24.782308,42.194083]]]},"properties":{"num":1}},{"type":"Feature","geometry":{"type":"Polygon","coordinates":[[[24.78241,42.194172],[24.782416,42.194164],[24.782424,42.194167],[24.782444,42.194142],[24.782393,42.19412],[24.782368,42.194153],[24.78241,42.194172]]]},"properties":{"num":2}},{"type":"Feature","geometry":{"type":"Polygon","coordinates":[[[24.782311,42.194044],[24.782332,42.194016],[24.78226,42.193985],[24.782237,42.194012],[24.782311,42.194044]]]},"properties":{"num":4}},{"type":"Feature","geometry":{"type":"Polygon","coordinates":[[[24.782752,42.194273],[24.782739,42.194289],[24.782765,42.1943],[24.782777,42.194284],[24.782837,42.19431],[24.782883,42.194251],[24.782714,42.194179],[24.782668,42.194237],[24.782752,42.194273]]]},"properties":{"num":1}},{"type":"Feature","geometry":{"type":"Polygon","coordinates":[[[24.78182,42.194468],[24.781769,42.194534],[24.781848,42.194568],[24.781899,42.194503],[24.78182,42.194468]]]},"properties":{"num":1}},{"type":"Feature","geometry":{"type":"Polygon","coordinates":[[[24.782203,42.194511],[24.782263,42.194536],[24.782375,42.194391],[24.782314,42.194367],[24.782203,42.194511]]]},"properties":{"num":1}},{"type":"Feature","geometry":{"type":"Polygon","coordinates":[[[24.782458,42.194471],[24.782542,42.194357],[24.782498,42.194336],[24.782413,42.194451],[24.782458,42.194471]]]},"properties":{"num":2}},{"type":"Feature","geometry":{"type":"Polygon","coordinates":[[[24.782184,42.194536],[24.782245,42.194561],[24.782263,42.194536],[24.782203,42.194511],[24.782184,42.194536]]]},"properties":{"num":4}},{"type":"Feature","geometry":{"type":"Polygon","coordinates":[[[24.782289,42.194572],[24.782272,42.194592],[24.782311,42.194609],[24.782327,42.194589],[24.782289,42.194572]]]},"properties":{"num":5}},{"type":"Feature","geometry":{"type":"Polygon","coordinates":[[[24.781802,42.194735],[24.781975,42.194808],[24.782017,42.194748],[24.781847,42.194676],[24.781802,42.194735]]]},"properties":{"num":1}},{"type":"Feature","geometry":{"type":"Polygon","coordinates":[[[24.782146,42.195283],[24.782323,42.195363],[24.782382,42.19529],[24.782295,42.195251],[24.782309,42.195232],[24.782219,42.195192],[24.782146,42.195283]]]},"properties":{"num":1}},{"type":"Feature","geometry":{"type":"Polygon","coordinates":[[[24.781026,42.196361],[24.780887,42.196299],[24.780855,42.196338],[24.780995,42.196399],[24.781026,42.196361]]]},"properties":{"num":1}},{"type":"Feature","geometry":{"type":"Polygon","coordinates":[[[24.781254,42.195677],[24.780761,42.196297],[24.780855,42.196338],[24.781299,42.195782],[24.781313,42.195788],[24.781362,42.195725],[24.781254,42.195677]]]},"properties":{"num":2}},{"type":"Feature","geometry":{"type":"Polygon","coordinates":[[[24.781699,42.196569],[24.781078,42.196295],[24.780995,42.196399],[24.781617,42.196672],[24.781699,42.196569]]]},"properties":{"num":3}},{"type":"Feature","geometry":{"type":"Polygon","coordinates":[[[24.781914,42.196801],[24.781998,42.196698],[24.781937,42.196671],[24.781853,42.196774],[24.781914,42.196801]]]},"properties":{"num":4}},{"type":"Feature","geometry":{"type":"Polygon","coordinates":[[[24.781914,42.196801],[24.782164,42.196912],[24.782219,42.196844],[24.781971,42.196732],[24.781914,42.196801]]]},"properties":{"num":5}},{"type":"Feature","geometry":{"type":"Polygon","coordinates":[[[24.782219,42.196844],[24.782164,42.196912],[24.782398,42.197018],[24.782454,42.196947],[24.782219,42.196844]]]},"properties":{"num":6}},{"type":"Feature","geometry":{"type":"Polygon","coordinates":[[[24.782764,42.197159],[24.782735,42.197147],[24.782722,42.197165],[24.782723,42.197174],[24.782733,42.197181],[24.782746,42.19718],[24.782764,42.197159]]]},"properties":{"num":7}},{"type":"Feature","geometry":{"type":"Polygon","coordinates":[[[24.782987,42.196446],[24.782671,42.196306],[24.782553,42.19645],[24.782869,42.196592],[24.782987,42.196446]]]},"properties":{"num":8}},{"type":"Feature","geometry":{"type":"Polygon","coordinates":[[[24.782519,42.196392],[24.782579,42.196419],[24.782671,42.196306],[24.782491,42.196225],[24.782418,42.19632],[24.782535,42.196372],[24.782519,42.196392]]]},"properties":{"num":9}},{"type":"Feature","geometry":{"type":"Polygon","coordinates":[[[24.782535,42.196372],[24.782418,42.19632],[24.782403,42.19634],[24.782519,42.196392],[24.782535,42.196372]]]},"properties":{"num":10}},{"type":"Feature","geometry":{"type":"Polygon","coordinates":[[[24.782205,42.196269],[24.782308,42.196144],[24.781877,42.195952],[24.781773,42.196077],[24.782205,42.196269]]]},"properties":{"num":11}},{"type":"Feature","geometry":{"type":"Polygon","coordinates":[[[24.781349,42.195719],[24.781369,42.195693],[24.781274,42.195652],[24.781254,42.195677],[24.781349,42.195719]]]},"properties":{"num":12}},{"type":"Feature","geometry":{"type":"Polygon","coordinates":[[[24.780122,42.196806],[24.780343,42.196906],[24.78041,42.196823],[24.78016,42.196709],[24.780173,42.196691],[24.780133,42.196672],[24.780118,42.19669],[24.779667,42.196485],[24.779601,42.196568],[24.78002,42.196758],[24.779968,42.196823],[24.780071,42.196869],[24.780122,42.196806]]]},"properties":{"num":1}},{"type":"Feature","geometry":{"type":"Polygon","coordinates":[[[24.777988,42.196479],[24.778184,42.196297],[24.778133,42.196266],[24.777923,42.19646],[24.777988,42.196479]]]},"properties":{"num":1}},{"type":"Feature","geometry":{"type":"Polygon","coordinates":[[[24.778233,42.196497],[24.778033,42.196437],[24.777988,42.196479],[24.778207,42.196544],[24.778233,42.196497]]]},"properties":{"num":2}},{"type":"Feature","geometry":{"type":"Polygon","coordinates":[[[24.778207,42.196543],[24.778248,42.196555],[24.778273,42.196509],[24.778233,42.196497],[24.778207,42.196543]]]},"properties":{"num":3}},{"type":"Feature","geometry":{"type":"Polygon","coordinates":[[[24.77808,42.196099],[24.778051,42.196149],[24.778095,42.196163],[24.778123,42.196114],[24.77808,42.196099]]]},"properties":{"num":4}},{"type":"Feature","geometry":{"type":"Polygon","coordinates":[[[24.778399,42.196423],[24.778432,42.196393],[24.77824,42.196281],[24.778207,42.196311],[24.778399,42.196423]]]},"properties":{"num":5}},{"type":"Feature","geometry":{"type":"Polygon","coordinates":[[[24.778273,42.196207],[24.778211,42.196264],[24.778637,42.196513],[24.778699,42.196455],[24.778273,42.196207]]]},"properties":{"num":6}},{"type":"Feature","geometry":{"type":"Polygon","coordinates":[[[24.778507,42.196509],[24.778589,42.196557],[24.778626,42.196523],[24.778545,42.196472],[24.778507,42.196509]]]},"properties":{"num":7}},{"type":"Feature","geometry":{"type":"Polygon","coordinates":[[[24.778704,42.196568],[24.778626,42.196523],[24.778589,42.196557],[24.778667,42.196602],[24.778704,42.196568]]]},"properties":{"num":8}},{"type":"Feature","geometry":{"type":"Polygon","coordinates":[[[24.778672,42.196598],[24.778704,42.196617],[24.778736,42.196587],[24.778704,42.196568],[24.778672,42.196598]]]},"properties":{"num":9}},{"type":"Feature","geometry":{"type":"Polygon","coordinates":[[[24.778709,42.196445],[24.778626,42.196523],[24.778704,42.196568],[24.778787,42.196491],[24.778709,42.196445]]]},"properties":{"num":10}},{"type":"Feature","geometry":{"type":"Polygon","coordinates":[[[24.778936,42.196698],[24.779003,42.196632],[24.778856,42.196546],[24.778885,42.196518],[24.778858,42.196502],[24.778828,42.196531],[24.778776,42.1965],[24.778707,42.196564],[24.778816,42.196628],[24.778794,42.196649],[24.77882,42.196665],[24.778842,42.196643],[24.778936,42.196698]]]},"properties":{"num":11}},{"type":"Feature","geometry":{"type":"Polygon","coordinates":[[[24.77922,42.196765],[24.779261,42.196776],[24.779326,42.196657],[24.779287,42.196644],[24.77922,42.196765]]]},"properties":{"num":13}},{"type":"Feature","geometry":{"type":"Polygon","coordinates":[[[24.7794,42.196358],[24.779365,42.196347],[24.779349,42.196376],[24.779384,42.196386],[24.7794,42.196358]]]},"properties":{"num":14}},{"type":"Feature","geometry":{"type":"Polygon","coordinates":[[[24.778926,42.196337],[24.778968,42.196351],[24.778983,42.196324],[24.778941,42.19631],[24.778926,42.196337]]]},"properties":{"num":15}},{"type":"Feature","geometry":{"type":"Polygon","coordinates":[[[24.779054,42.196766],[24.779096,42.196725],[24.779114,42.196735],[24.77914,42.196709],[24.779003,42.196632],[24.778936,42.196698],[24.779054,42.196766]]]},"properties":{"num":16}},{"type":"Feature","geometry":{"type":"Polygon","coordinates":[[[24.778947,42.196704],[24.778922,42.19669],[24.778892,42.196719],[24.778917,42.196733],[24.778947,42.196704]]]},"properties":{"num":17}},{"type":"Feature","geometry":{"type":"Polygon","coordinates":[[[24.780007,42.193158],[24.779925,42.193239],[24.780165,42.193365],[24.780232,42.193299],[24.780065,42.193206],[24.780075,42.193196],[24.780007,42.193158]]]},"properties":{"num":1}},{"type":"Feature","geometry":{"type":"Polygon","coordinates":[[[24.780205,42.193284],[24.780232,42.193299],[24.780202,42.193329],[24.780258,42.19336],[24.780308,42.19331],[24.780224,42.193264],[24.780205,42.193284]]]},"properties":{"num":2}},{"type":"Feature","geometry":{"type":"Polygon","coordinates":[[[24.780036,42.192109],[24.779985,42.192155],[24.78038,42.192381],[24.780412,42.192352],[24.780426,42.19236],[24.780455,42.192336],[24.780371,42.192289],[24.780344,42.192285],[24.780036,42.192109]]]},"properties":{"num":1}},{"type":"Feature","geometry":{"type":"Polygon","coordinates":[[[24.778509,42.194397],[24.77787,42.194037],[24.777854,42.194051],[24.777752,42.193993],[24.777634,42.19411],[24.777682,42.194137],[24.777697,42.194123],[24.77775,42.194152],[24.777799,42.194104],[24.77844,42.194464],[24.778509,42.194397]]]},"properties":{"num":1}},{"type":"Feature","geometry":{"type":"Polygon","coordinates":[[[24.777489,42.194333],[24.778159,42.194719],[24.778215,42.194665],[24.777543,42.194281],[24.777489,42.194333]]]},"properties":{"num":2}},{"type":"Feature","geometry":{"type":"Polygon","coordinates":[[[24.777232,42.194747],[24.777177,42.194802],[24.777738,42.19512],[24.777793,42.195066],[24.777232,42.194747]]]},"properties":{"num":2}},{"type":"Feature","geometry":{"type":"Polygon","coordinates":[[[24.77741,42.194511],[24.777448,42.194472],[24.777399,42.194444],[24.77736,42.194484],[24.77741,42.194511]]]},"properties":{"num":3}},{"type":"Feature","geometry":{"type":"Polygon","coordinates":[[[24.777486,42.194436],[24.777376,42.194546],[24.77773,42.194751],[24.777719,42.194762],[24.777761,42.194787],[24.777756,42.194791],[24.777773,42.194801],[24.777784,42.1948],[24.777835,42.19475],[24.777849,42.194758],[24.777872,42.194734],[24.777869,42.19472],[24.777823,42.194694],[24.777815,42.194701],[24.777791,42.194688],[24.777804,42.194675],[24.77776,42.19465],[24.777798,42.194613],[24.777486,42.194436]]]},"properties":{"num":4}},{"type":"Feature","geometry":{"type":"Polygon","coordinates":[[[24.776129,42.194967],[24.77654,42.194575],[24.776422,42.194507],[24.776012,42.194899],[24.776129,42.194967]]]},"properties":{"num":1}},{"type":"Feature","geometry":{"type":"Polygon","coordinates":[[[24.776631,42.194626],[24.776542,42.194712],[24.776614,42.194754],[24.776704,42.194668],[24.776631,42.194626]]]},"properties":{"num":2}},{"type":"Feature","geometry":{"type":"Polygon","coordinates":[[[24.775899,42.194832],[24.776307,42.194442],[24.776189,42.194374],[24.775781,42.194764],[24.775899,42.194832]]]},"properties":{"num":1}},{"type":"Feature","geometry":{"type":"Polygon","coordinates":[[[24.771911,42.192312],[24.771523,42.192683],[24.771616,42.192739],[24.772004,42.192367],[24.771911,42.192312]]]},"properties":{"num":1}},{"type":"Feature","geometry":{"type":"Polygon","coordinates":[[[24.772138,42.192238],[24.772045,42.192184],[24.771911,42.192312],[24.772004,42.192367],[24.772138,42.192238]]]},"properties":{"num":2}},{"type":"Feature","geometry":{"type":"Polygon","coordinates":[[[24.77187,42.192623],[24.771845,42.192608],[24.771824,42.192628],[24.771849,42.192643],[24.77187,42.192623]]]},"properties":{"num":3}},{"type":"Feature","geometry":{"type":"Polygon","coordinates":[[[24.772321,42.192298],[24.772365,42.192255],[24.772386,42.192255],[24.772395,42.19224],[24.77239,42.192232],[24.772298,42.192181],[24.77223,42.192248],[24.772321,42.192298]]]},"properties":{"num":4}},{"type":"Feature","geometry":{"type":"Polygon","coordinates":[[[24.774484,42.191719],[24.774552,42.19176],[24.774577,42.191739],[24.774583,42.191742],[24.774618,42.191711],[24.774544,42.191665],[24.774484,42.191719]]]},"properties":{"num":1}},{"type":"Feature","geometry":{"type":"Polygon","coordinates":[[[24.774397,42.19168],[24.774357,42.191718],[24.774441,42.191769],[24.774482,42.19173],[24.774397,42.19168]]]},"properties":{"num":2}},{"type":"Feature","geometry":{"type":"Polygon","coordinates":[[[24.774478,42.191728],[24.774527,42.19168],[24.774499,42.191663],[24.774516,42.191648],[24.774489,42.191632],[24.77442,42.191694],[24.774478,42.191728]]]},"properties":{"num":3}},{"type":"Feature","geometry":{"type":"Polygon","coordinates":[[[24.774944,42.191327],[24.774864,42.191281],[24.774823,42.191322],[24.774903,42.191368],[24.774944,42.191327]]]},"properties":{"num":1}},{"type":"Feature","geometry":{"type":"Polygon","coordinates":[[[24.775278,42.192342],[24.774684,42.192013],[24.774591,42.192107],[24.775183,42.192436],[24.775278,42.192342]]]},"properties":{"num":1}},{"type":"Feature","geometry":{"type":"Polygon","coordinates":[[[24.775131,42.191849],[24.774865,42.192113],[24.775278,42.192342],[24.775543,42.192079],[24.775131,42.191849]]]},"properties":{"num":2}},{"type":"Feature","geometry":{"type":"Polygon","coordinates":[[[24.775131,42.191849],[24.775061,42.19181],[24.774861,42.192009],[24.77475,42.191947],[24.774684,42.192013],[24.774865,42.192113],[24.775131,42.191849]]]},"properties":{"num":3}},{"type":"Feature","geometry":{"type":"Polygon","coordinates":[[[24.774591,42.192107],[24.774984,42.191712],[24.774864,42.191647],[24.774472,42.192038],[24.774591,42.192107]]]},"properties":{"num":4}},{"type":"Feature","geometry":{"type":"Polygon","coordinates":[[[24.774463,42.193123],[24.774638,42.192952],[24.774697,42.192986],[24.774909,42.192783],[24.774796,42.192718],[24.77441,42.193093],[24.774463,42.193123]]]},"properties":{"num":1}},{"type":"Feature","geometry":{"type":"Polygon","coordinates":[[[24.774539,42.193052],[24.774434,42.193151],[24.77446,42.193167],[24.774563,42.193067],[24.774539,42.193052]]]},"properties":{"num":2}},{"type":"Feature","geometry":{"type":"Polygon","coordinates":[[[24.77465,42.193054],[24.774712,42.192995],[24.774638,42.192952],[24.774577,42.193012],[24.77465,42.193054]]]},"properties":{"num":3}},{"type":"Feature","geometry":{"type":"Polygon","coordinates":[[[24.776884,42.190725],[24.776822,42.190687],[24.776769,42.190738],[24.776797,42.190755],[24.776768,42.190782],[24.776802,42.190802],[24.776884,42.190725]]]},"properties":{"num":1}},{"type":"Feature","geometry":{"type":"Polygon","coordinates":[[[24.776878,42.190699],[24.776899,42.190712],[24.776913,42.190698],[24.776892,42.190685],[24.776878,42.190699]]]},"properties":{"num":2}},{"type":"Feature","geometry":{"type":"Polygon","coordinates":[[[24.772482,42.191928],[24.772443,42.191967],[24.772476,42.191985],[24.772515,42.191946],[24.772482,42.191928]]]},"properties":{"num":1}},{"type":"Feature","geometry":{"type":"Polygon","coordinates":[[[24.772764,42.192047],[24.772756,42.192032],[24.772741,42.192027],[24.772721,42.192031],[24.77271,42.192044],[24.772716,42.192059],[24.772733,42.192067],[24.772757,42.192061],[24.772764,42.192047]]]},"properties":{"num":2}},{"type":"Feature","geometry":{"type":"Polygon","coordinates":[[[24.780773,42.193595],[24.780706,42.193662],[24.780814,42.193724],[24.780883,42.193658],[24.780773,42.193595]]]},"properties":{"num":1}},{"type":"Feature","geometry":{"type":"Polygon","coordinates":[[[24.780659,42.193895],[24.78075,42.193948],[24.780791,42.193906],[24.780701,42.193855],[24.780659,42.193895]]]},"properties":{"num":2}},{"type":"Feature","geometry":{"type":"Polygon","coordinates":[[[24.777259,42.193017],[24.777162,42.192959],[24.776863,42.193248],[24.776962,42.193302],[24.777259,42.193017]]]},"properties":{"num":2}},{"type":"Feature","geometry":{"type":"Polygon","coordinates":[[[24.776361,42.192561],[24.776091,42.192816],[24.776166,42.19286],[24.776189,42.192838],[24.776259,42.19288],[24.776539,42.192617],[24.776404,42.192537],[24.776372,42.192568],[24.776361,42.192561]]]},"properties":{"num":4}},{"type":"Feature","geometry":{"type":"Polygon","coordinates":[[[24.776162,42.192857],[24.77612,42.192897],[24.776196,42.192941],[24.776259,42.192881],[24.776189,42.192838],[24.776166,42.19286],[24.776162,42.192857]]]},"properties":{"num":5}},{"type":"Feature","geometry":{"type":"Polygon","coordinates":[[[24.777034,42.193423],[24.777472,42.193677],[24.777539,42.193613],[24.777099,42.193359],[24.777034,42.193423]]]},"properties":{"num":1}},{"type":"Feature","geometry":{"type":"Polygon","coordinates":[[[24.777322,42.193142],[24.777361,42.193164],[24.777373,42.193152],[24.77738,42.193155],[24.777436,42.193102],[24.77739,42.193077],[24.777322,42.193142]]]},"properties":{"num":3}},{"type":"Feature","geometry":{"type":"Polygon","coordinates":[[[24.773555,42.190544],[24.773572,42.190526],[24.773543,42.190509],[24.773529,42.190523],[24.773529,42.190531],[24.773516,42.190523],[24.773423,42.190617],[24.773428,42.19062],[24.773397,42.19065],[24.773469,42.190689],[24.773477,42.190682],[24.773533,42.190713],[24.773651,42.190597],[24.773555,42.190544]]]},"properties":{"num":1}},{"type":"Feature","geometry":{"type":"Polygon","coordinates":[[[24.7737,42.190718],[24.773723,42.190695],[24.773614,42.190634],[24.773591,42.190656],[24.7737,42.190718]]]},"properties":{"num":2}},{"type":"Feature","geometry":{"type":"Polygon","coordinates":[[[24.773651,42.190597],[24.773614,42.190634],[24.773723,42.190695],[24.77376,42.190657],[24.773651,42.190597]]]},"properties":{"num":3}},{"type":"Feature","geometry":{"type":"Polygon","coordinates":[[[24.773336,42.190555],[24.773262,42.190624],[24.7733,42.190646],[24.773373,42.190576],[24.773336,42.190555]]]},"properties":{"num":4}},{"type":"Feature","geometry":{"type":"Polygon","coordinates":[[[24.773585,42.190811],[24.773618,42.190829],[24.773642,42.190806],[24.77361,42.190788],[24.773585,42.190811]]]},"properties":{"num":5}},{"type":"Feature","geometry":{"type":"Polygon","coordinates":[[[24.773665,42.190484],[24.773676,42.190479],[24.773678,42.190469],[24.773672,42.190461],[24.77366,42.190459],[24.773658,42.190451],[24.773603,42.190458],[24.773612,42.190499],[24.773666,42.190492],[24.773665,42.190484]]]},"properties":{"num":6}},{"type":"Feature","geometry":{"type":"Polygon","coordinates":[[[24.77376,42.190657],[24.774006,42.190417],[24.773902,42.190358],[24.773651,42.190597],[24.77376,42.190657]]]},"properties":{"num":7}},{"type":"Feature","geometry":{"type":"Polygon","coordinates":[[[24.773877,42.19038],[24.77385,42.190364],[24.77381,42.1904],[24.773837,42.190416],[24.773877,42.19038]]]},"properties":{"num":8}},{"type":"Feature","geometry":{"type":"Polygon","coordinates":[[[24.77396,42.190462],[24.77399,42.19048],[24.774022,42.190451],[24.773991,42.190432],[24.77396,42.190462]]]},"properties":{"num":9}},{"type":"Feature","geometry":{"type":"Polygon","coordinates":[[[24.774022,42.190451],[24.773972,42.190495],[24.774237,42.190651],[24.774285,42.190605],[24.774022,42.190451]]]},"properties":{"num":10}},{"type":"Feature","geometry":{"type":"Polygon","coordinates":[[[24.774181,42.190705],[24.774129,42.190676],[24.773941,42.190855],[24.773992,42.190883],[24.774181,42.190705]]]},"properties":{"num":11}},{"type":"Feature","geometry":{"type":"Polygon","coordinates":[[[24.773784,42.190326],[24.773877,42.19038],[24.773902,42.190358],[24.774006,42.190417],[24.774291,42.190141],[24.774184,42.19008],[24.773959,42.190299],[24.773866,42.190246],[24.773784,42.190326]]]},"properties":{"num":1}},{"type":"Feature","geometry":{"type":"Polygon","coordinates":[[[24.773778,42.19032],[24.774019,42.190091],[24.773903,42.190023],[24.773662,42.190252],[24.773778,42.19032]]]},"properties":{"num":2}},{"type":"Feature","geometry":{"type":"Polygon","coordinates":[[[24.782514,42.197552],[24.782494,42.197543],[24.782475,42.197566],[24.782495,42.197575],[24.782514,42.197552]]]},"properties":{"num":3}},{"type":"Feature","geometry":{"type":"Polygon","coordinates":[[[24.78218,42.197596],[24.782296,42.197454],[24.781853,42.197256],[24.781738,42.197397],[24.78218,42.197596]]]},"properties":{"num":4}},{"type":"Feature","geometry":{"type":"Polygon","coordinates":[[[24.781725,42.197412],[24.781854,42.197254],[24.78174,42.197202],[24.78181,42.197116],[24.781655,42.197049],[24.781457,42.197292],[24.781725,42.197412]]]},"properties":{"num":5}},{"type":"Feature","geometry":{"type":"Polygon","coordinates":[[[24.782444,42.19727],[24.78173,42.196951],[24.781655,42.197044],[24.781815,42.197114],[24.781744,42.1972],[24.7823,42.197448],[24.782444,42.19727]]]},"properties":{"num":2}},{"type":"Feature","geometry":{"type":"Polygon","coordinates":[[[24.780154,42.194378],[24.779985,42.194301],[24.779954,42.194339],[24.780123,42.194418],[24.780154,42.194378]]]},"properties":{"num":4}},{"type":"Feature","geometry":{"type":"Polygon","coordinates":[[[24.781972,42.194412],[24.782032,42.194438],[24.782144,42.194294],[24.782083,42.194268],[24.781972,42.194412]]]},"properties":{"num":1}},{"type":"Feature","geometry":{"type":"Polygon","coordinates":[[[24.781908,42.194408],[24.78196,42.194431],[24.781979,42.194404],[24.781928,42.194383],[24.781908,42.194408]]]},"properties":{"num":2}},{"type":"Feature","geometry":{"type":"Polygon","coordinates":[[[24.781928,42.194383],[24.781875,42.19436],[24.781855,42.194385],[24.781908,42.194408],[24.781928,42.194383]]]},"properties":{"num":3}},{"type":"Feature","geometry":{"type":"Polygon","coordinates":[[[24.78213,42.194178],[24.782106,42.194204],[24.782186,42.194237],[24.782205,42.194212],[24.78213,42.194178]]]},"properties":{"num":4}},{"type":"Feature","geometry":{"type":"Polygon","coordinates":[[[24.78213,42.194178],[24.782096,42.194162],[24.782079,42.194183],[24.78211,42.194199],[24.78213,42.194178]]]},"properties":{"num":5}},{"type":"Feature","geometry":{"type":"Polygon","coordinates":[[[24.782332,42.194647],[24.782201,42.19459],[24.78213,42.19468],[24.782261,42.194737],[24.782332,42.194647]]]},"properties":{"num":3}},{"type":"Feature","geometry":{"type":"Polygon","coordinates":[[[24.780942,42.192924],[24.780887,42.192977],[24.781028,42.19306],[24.781083,42.193007],[24.780942,42.192924]]]},"properties":{"num":1}},{"type":"Feature","geometry":{"type":"Polygon","coordinates":[[[24.78104,42.192982],[24.781078,42.192945],[24.781092,42.192954],[24.781248,42.192803],[24.781163,42.192754],[24.781007,42.192904],[24.781022,42.192913],[24.780984,42.192949],[24.78104,42.192982]]]},"properties":{"num":2}},{"type":"Feature","geometry":{"type":"Polygon","coordinates":[[[24.781083,42.193007],[24.781028,42.19306],[24.781086,42.193094],[24.781142,42.193044],[24.781083,42.193007]]]},"properties":{"num":1}},{"type":"Feature","geometry":{"type":"Polygon","coordinates":[[[24.781235,42.193099],[24.781256,42.193079],[24.781162,42.193023],[24.781142,42.193044],[24.781235,42.193099]]]},"properties":{"num":2}},{"type":"Feature","geometry":{"type":"Polygon","coordinates":[[[24.781402,42.192908],[24.781306,42.192853],[24.781157,42.192996],[24.781253,42.193051],[24.781402,42.192908]]]},"properties":{"num":3}},{"type":"Feature","geometry":{"type":"Polygon","coordinates":[[[24.779336,42.19315],[24.779386,42.193101],[24.779044,42.192912],[24.778995,42.192961],[24.779336,42.19315]]]},"properties":{"num":1}},{"type":"Feature","geometry":{"type":"Polygon","coordinates":[[[24.779171,42.19288],[24.779349,42.192979],[24.77946,42.192871],[24.779152,42.1927],[24.779085,42.192765],[24.779112,42.192781],[24.779047,42.192846],[24.779149,42.192902],[24.779171,42.19288]]]},"properties":{"num":1}},{"type":"Feature","geometry":{"type":"Polygon","coordinates":[[[24.779151,42.192901],[24.779197,42.192926],[24.779218,42.192906],[24.779171,42.19288],[24.779151,42.192901]]]},"properties":{"num":2}},{"type":"Feature","geometry":{"type":"Polygon","coordinates":[[[24.77907,42.192779],[24.779098,42.192795],[24.779112,42.192781],[24.779085,42.192765],[24.77907,42.192779]]]},"properties":{"num":3}},{"type":"Feature","geometry":{"type":"Polygon","coordinates":[[[24.77373,42.189095],[24.773799,42.189132],[24.773818,42.189113],[24.773795,42.189099],[24.773801,42.189093],[24.773756,42.189068],[24.77373,42.189095]]]},"properties":{"num":4}},{"type":"Feature","geometry":{"type":"Polygon","coordinates":[[[24.77453,42.189041],[24.774577,42.189063],[24.774605,42.18903],[24.77456,42.189008],[24.77453,42.189041]]]},"properties":{"num":5}},{"type":"Feature","geometry":{"type":"Polygon","coordinates":[[[24.774144,42.188958],[24.774068,42.188913],[24.773828,42.189137],[24.773969,42.18922],[24.774002,42.18919],[24.77398,42.189177],[24.774005,42.189153],[24.774061,42.189187],[24.77405,42.189197],[24.774073,42.18921],[24.774076,42.189207],[24.774221,42.189294],[24.774405,42.189122],[24.774227,42.189013],[24.774241,42.189001],[24.774162,42.188954],[24.774157,42.188958],[24.774147,42.188955],[24.774144,42.188958]]]},"properties":{"num":6}},{"type":"Feature","geometry":{"type":"Polygon","coordinates":[[[24.776007,42.190517],[24.775951,42.190488],[24.775867,42.190578],[24.775924,42.190607],[24.776007,42.190517]]]},"properties":{"num":1}},{"type":"Feature","geometry":{"type":"Polygon","coordinates":[[[24.77616,42.190597],[24.776007,42.190517],[24.775924,42.190607],[24.776078,42.190687],[24.77616,42.190597]]]},"properties":{"num":2}},{"type":"Feature","geometry":{"type":"Polygon","coordinates":[[[24.77641,42.190727],[24.77616,42.190597],[24.776078,42.190687],[24.776327,42.190817],[24.77641,42.190727]]]},"properties":{"num":3}},{"type":"Feature","geometry":{"type":"Polygon","coordinates":[[[24.776437,42.190828],[24.776356,42.190786],[24.776327,42.190817],[24.776409,42.190859],[24.776437,42.190828]]]},"properties":{"num":4}},{"type":"Feature","geometry":{"type":"Polygon","coordinates":[[[24.776512,42.190866],[24.776437,42.190828],[24.776409,42.190859],[24.77647,42.190891],[24.77649,42.19089],[24.776512,42.190866]]]},"properties":{"num":5}},{"type":"Feature","geometry":{"type":"Polygon","coordinates":[[[24.77669,42.190321],[24.776513,42.190219],[24.776478,42.190253],[24.776654,42.190355],[24.77669,42.190321]]]},"properties":{"num":6}},{"type":"Feature","geometry":{"type":"Polygon","coordinates":[[[24.776731,42.190345],[24.77669,42.190321],[24.77667,42.190339],[24.776712,42.190363],[24.776731,42.190345]]]},"properties":{"num":7}},{"type":"Feature","geometry":{"type":"Polygon","coordinates":[[[24.776796,42.190536],[24.776684,42.19047],[24.776662,42.190492],[24.776772,42.190558],[24.776796,42.190536]]]},"properties":{"num":8}},{"type":"Feature","geometry":{"type":"Polygon","coordinates":[[[24.776823,42.190524],[24.776846,42.190502],[24.776856,42.190508],[24.776881,42.190486],[24.776863,42.190467],[24.776814,42.190438],[24.776807,42.190445],[24.776796,42.190445],[24.776766,42.190428],[24.776751,42.190429],[24.776698,42.190479],[24.776796,42.190536],[24.776807,42.190525],[24.776823,42.190524]]]},"properties":{"num":9}},{"type":"Feature","geometry":{"type":"Polygon","coordinates":[[[24.776789,42.190231],[24.77661,42.190127],[24.776513,42.190219],[24.77669,42.190321],[24.776789,42.190231]]]},"properties":{"num":10}},{"type":"Feature","geometry":{"type":"Polygon","coordinates":[[[24.77674,42.190416],[24.776692,42.190388],[24.776619,42.190455],[24.776667,42.190484],[24.77674,42.190416]]]},"properties":{"num":11}},{"type":"Feature","geometry":{"type":"Polygon","coordinates":[[[24.782458,42.193841],[24.782613,42.193692],[24.782441,42.193593],[24.782395,42.193637],[24.782276,42.193568],[24.782321,42.193524],[24.7823,42.193512],[24.782246,42.193587],[24.782252,42.193591],[24.782157,42.193678],[24.782173,42.193688],[24.782151,42.193709],[24.782218,42.193748],[24.782247,42.19372],[24.782458,42.193841]]]},"properties":{"num":1}},{"type":"Feature","geometry":{"type":"Polygon","coordinates":[[[24.782441,42.193593],[24.782321,42.193524],[24.782276,42.193568],[24.782395,42.193637],[24.782441,42.193593]]]},"properties":{"num":2}},{"type":"Feature","geometry":{"type":"Polygon","coordinates":[[[24.775913,42.192794],[24.775988,42.19272],[24.775795,42.19261],[24.77572,42.192684],[24.775913,42.192794]]]},"properties":{"num":1}},{"type":"Feature","geometry":{"type":"Polygon","coordinates":[[[24.775738,42.19238],[24.77581,42.192309],[24.775736,42.192267],[24.775664,42.192338],[24.775738,42.19238]]]},"properties":{"num":1}},{"type":"Feature","geometry":{"type":"Polygon","coordinates":[[[24.775779,42.192339],[24.775731,42.192384],[24.775854,42.192452],[24.7759,42.192406],[24.775779,42.192339]]]},"properties":{"num":2}},{"type":"Feature","geometry":{"type":"Polygon","coordinates":[[[24.776095,42.192589],[24.775847,42.192453],[24.775817,42.192484],[24.776061,42.192622],[24.776095,42.192589]]]},"properties":{"num":3}},{"type":"Feature","geometry":{"type":"Polygon","coordinates":[[[24.778647,42.194219],[24.777948,42.193825],[24.777851,42.193921],[24.778549,42.194315],[24.778647,42.194219]]]},"properties":{"num":2}},{"type":"Feature","geometry":{"type":"Polygon","coordinates":[[[24.778891,42.193992],[24.778206,42.193586],[24.778068,42.193716],[24.778752,42.194121],[24.778891,42.193992]]]},"properties":{"num":3}},{"type":"Feature","geometry":{"type":"Polygon","coordinates":[[[24.774694,42.193202],[24.774559,42.193329],[24.774585,42.19335],[24.775077,42.19363],[24.775215,42.193499],[24.774694,42.193202]]]},"properties":{"num":1}},{"type":"Feature","geometry":{"type":"Polygon","coordinates":[[[24.775292,42.193217],[24.775197,42.193163],[24.775076,42.19328],[24.775171,42.193335],[24.775292,42.193217]]]},"properties":{"num":2}},{"type":"Feature","geometry":{"type":"Polygon","coordinates":[[[24.775342,42.193021],[24.775105,42.192885],[24.774792,42.193188],[24.775029,42.193323],[24.775342,42.193021]]]},"properties":{"num":3}},{"type":"Feature","geometry":{"type":"Polygon","coordinates":[[[24.776151,42.193412],[24.775766,42.193195],[24.775664,42.193294],[24.77605,42.193511],[24.776151,42.193412]]]},"properties":{"num":1}},{"type":"Feature","geometry":{"type":"Polygon","coordinates":[[[24.78329,42.194029],[24.783097,42.193919],[24.783035,42.193977],[24.783069,42.193997],[24.783087,42.193981],[24.783244,42.194071],[24.78329,42.194029]]]},"properties":{"num":1}},{"type":"Feature","geometry":{"type":"Polygon","coordinates":[[[24.783069,42.193903],[24.78301,42.193869],[24.782982,42.193872],[24.782898,42.193952],[24.782973,42.193995],[24.783069,42.193903]]]},"properties":{"num":2}},{"type":"Feature","geometry":{"type":"Polygon","coordinates":[[[24.783104,42.194374],[24.783058,42.194352],[24.783042,42.194371],[24.78297,42.194337],[24.782937,42.194376],[24.783056,42.194431],[24.783104,42.194374]]]},"properties":{"num":1}},{"type":"Feature","geometry":{"type":"Polygon","coordinates":[[[24.783208,42.19405],[24.783092,42.193984],[24.783075,42.194001],[24.783035,42.193977],[24.783013,42.193999],[24.783052,42.194022],[24.783015,42.194057],[24.783132,42.194124],[24.783208,42.19405]]]},"properties":{"num":2}},{"type":"Feature","geometry":{"type":"Polygon","coordinates":[[[24.774105,42.189582],[24.773954,42.189495],[24.77383,42.189614],[24.773981,42.189701],[24.774105,42.189582]]]},"properties":{"num":1}},{"type":"Feature","geometry":{"type":"Polygon","coordinates":[[[24.773436,42.189253],[24.773374,42.189217],[24.773366,42.189225],[24.773312,42.189194],[24.773239,42.189265],[24.773407,42.189361],[24.77348,42.189291],[24.773428,42.189261],[24.773436,42.189253]]]},"properties":{"num":2}},{"type":"Feature","geometry":{"type":"Polygon","coordinates":[[[24.779898,42.193664],[24.779854,42.193639],[24.779831,42.193662],[24.779875,42.193687],[24.779898,42.193664]]]},"properties":{"num":1}},{"type":"Feature","geometry":{"type":"Polygon","coordinates":[[[24.776848,42.193746],[24.776733,42.193679],[24.776589,42.193818],[24.776705,42.193884],[24.776848,42.193746]]]},"properties":{"num":2}},{"type":"Feature","geometry":{"type":"Polygon","coordinates":[[[24.776121,42.193446],[24.776053,42.193511],[24.776306,42.193657],[24.776373,42.193591],[24.776368,42.193588],[24.776371,42.193586],[24.776127,42.193446],[24.776121,42.193446]]]},"properties":{"num":3}},{"type":"Feature","geometry":{"type":"Polygon","coordinates":[[[24.772718,42.189168],[24.773124,42.18882],[24.772981,42.188733],[24.772654,42.189013],[24.772625,42.188995],[24.77255,42.18906],[24.772718,42.189168]]]},"properties":{"num":1}},{"type":"Feature","geometry":{"type":"Polygon","coordinates":[[[24.773499,42.188498],[24.773352,42.188405],[24.773171,42.188563],[24.773202,42.188583],[24.773009,42.18875],[24.773124,42.18882],[24.773499,42.188498]]]},"properties":{"num":2}},{"type":"Feature","geometry":{"type":"Polygon","coordinates":[[[24.773373,42.188303],[24.773347,42.188288],[24.773323,42.18831],[24.773348,42.188326],[24.773373,42.188303]]]},"properties":{"num":4}},{"type":"Feature","geometry":{"type":"Polygon","coordinates":[[[24.772718,42.189168],[24.772549,42.189059],[24.772434,42.189158],[24.772379,42.189123],[24.772013,42.189437],[24.772238,42.189582],[24.772718,42.189168]]]},"properties":{"num":5}},{"type":"Feature","geometry":{"type":"Polygon","coordinates":[[[24.776397,42.192134],[24.776162,42.191999],[24.776069,42.192089],[24.776304,42.192224],[24.776397,42.192134]]]},"properties":{"num":1}},{"type":"Feature","geometry":{"type":"Polygon","coordinates":[[[24.777292,42.191777],[24.777188,42.191719],[24.776919,42.19198],[24.777023,42.192038],[24.777292,42.191777]]]},"properties":{"num":1}},{"type":"Feature","geometry":{"type":"Polygon","coordinates":[[[24.774892,42.193706],[24.774857,42.193687],[24.77483,42.193711],[24.774865,42.19373],[24.774892,42.193706]]]},"properties":{"num":1}},{"type":"Feature","geometry":{"type":"Polygon","coordinates":[[[24.773671,42.193264],[24.773843,42.193096],[24.773723,42.193028],[24.77369,42.19306],[24.773579,42.192997],[24.773407,42.193164],[24.77352,42.193229],[24.773553,42.193196],[24.773671,42.193264]]]},"properties":{"num":1}},{"type":"Feature","geometry":{"type":"Polygon","coordinates":[[[24.774307,42.19336],[24.773843,42.193096],[24.773671,42.193264],[24.773553,42.193196],[24.773466,42.193282],[24.773992,42.193581],[24.774095,42.193567],[24.774307,42.19336]]]},"properties":{"num":2}},{"type":"Feature","geometry":{"type":"Polygon","coordinates":[[[24.773355,42.193243],[24.773321,42.193223],[24.773301,42.193241],[24.773334,42.193262],[24.773355,42.193243]]]},"properties":{"num":3}},{"type":"Feature","geometry":{"type":"Polygon","coordinates":[[[24.777557,42.193869],[24.777211,42.19367],[24.77712,42.193756],[24.777467,42.193956],[24.777557,42.193869]]]},"properties":{"num":1}},{"type":"Feature","geometry":{"type":"Polygon","coordinates":[[[24.77736,42.193967],[24.777244,42.193901],[24.777065,42.194074],[24.77718,42.194141],[24.77736,42.193967]]]},"properties":{"num":2}},{"type":"Feature","geometry":{"type":"Polygon","coordinates":[[[24.77736,42.193967],[24.777185,42.194136],[24.777272,42.194186],[24.777413,42.19405],[24.777409,42.194027],[24.777378,42.19401],[24.777378,42.193986],[24.77736,42.193967]]]},"properties":{"num":3}},{"type":"Feature","geometry":{"type":"Polygon","coordinates":[[[24.776758,42.193833],[24.776693,42.193895],[24.776993,42.194053],[24.777056,42.193987],[24.776758,42.193833]]]},"properties":{"num":4}},{"type":"Feature","geometry":{"type":"Polygon","coordinates":[[[24.787973,42.199086],[24.787922,42.199093],[24.787924,42.1991],[24.787906,42.199102],[24.787903,42.199091],[24.787855,42.199098],[24.787864,42.199135],[24.787875,42.199134],[24.787886,42.199179],[24.787983,42.199166],[24.787973,42.199086]]]},"properties":{"num":1}},{"type":"Feature","geometry":{"type":"Polygon","coordinates":[[[24.786933,42.19935],[24.786912,42.199249],[24.786739,42.199269],[24.786755,42.199347],[24.786764,42.199346],[24.786775,42.199398],[24.786915,42.199382],[24.786909,42.199354],[24.786933,42.19935]]]},"properties":{"num":1}},{"type":"Feature","geometry":{"type":"Polygon","coordinates":[[[24.787479,42.198967],[24.787396,42.198975],[24.7874,42.199012],[24.787484,42.199005],[24.787479,42.198967]]]},"properties":{"num":1}},{"type":"Feature","geometry":{"type":"Polygon","coordinates":[[[24.787551,42.199],[24.787546,42.198962],[24.787479,42.198967],[24.787484,42.199005],[24.787551,42.199]]]},"properties":{"num":2}},{"type":"Feature","geometry":{"type":"Polygon","coordinates":[[[24.79149,42.2019],[24.791442,42.202021],[24.791506,42.202028],[24.791545,42.201915],[24.79149,42.2019]]]},"properties":{"num":1}},{"type":"Feature","geometry":{"type":"Polygon","coordinates":[[[24.793084,42.202713],[24.792979,42.202634],[24.792947,42.202658],[24.792933,42.202648],[24.792893,42.202678],[24.793136,42.202861],[24.793192,42.20282],[24.793145,42.202784],[24.793149,42.202781],[24.793118,42.202758],[24.793121,42.202755],[24.793076,42.20272],[24.793084,42.202713]]]},"properties":{"num":1}},{"type":"Feature","geometry":{"type":"Polygon","coordinates":[[[24.791241,42.201672],[24.791242,42.201663],[24.791256,42.201659],[24.791261,42.20165],[24.791255,42.20164],[24.791245,42.201637],[24.791246,42.201628],[24.791157,42.201623],[24.791154,42.201667],[24.791241,42.201672]]]},"properties":{"num":1}},{"type":"Feature","geometry":{"type":"Polygon","coordinates":[[[24.789835,42.199863],[24.789838,42.199887],[24.789871,42.199885],[24.789869,42.199861],[24.789835,42.199863]]]},"properties":{"num":1}},{"type":"Feature","geometry":{"type":"Polygon","coordinates":[[[24.788736,42.198401],[24.788651,42.198349],[24.788615,42.198378],[24.788694,42.198432],[24.788736,42.198401]]]},"properties":{"num":1}},{"type":"Feature","geometry":{"type":"Polygon","coordinates":[[[24.801675,42.19761],[24.801538,42.197594],[24.801481,42.197866],[24.801611,42.197881],[24.801675,42.19761]]]},"properties":{"num":1}},{"type":"Feature","geometry":{"type":"Polygon","coordinates":[[[24.799745,42.198737],[24.79973,42.198816],[24.799893,42.198838],[24.799913,42.198755],[24.799745,42.198737]]]},"properties":{"num":1}},{"type":"Feature","geometry":{"type":"Polygon","coordinates":[[[24.80153,42.198978],[24.801547,42.198898],[24.801517,42.198895],[24.801514,42.198907],[24.801453,42.1989],[24.801442,42.198956],[24.801503,42.198963],[24.8015,42.198975],[24.80153,42.198978]]]},"properties":{"num":2}},{"type":"Feature","geometry":{"type":"Polygon","coordinates":[[[24.801671,42.197978],[24.801659,42.198033],[24.801724,42.198041],[24.801721,42.198054],[24.801806,42.198063],[24.801824,42.197984],[24.801738,42.197974],[24.801736,42.197986],[24.801671,42.197978]]]},"properties":{"num":3}},{"type":"Feature","geometry":{"type":"Polygon","coordinates":[[[24.800082,42.197809],[24.800227,42.197828],[24.800239,42.197775],[24.800183,42.197767],[24.800177,42.197796],[24.800144,42.197792],[24.800151,42.197763],[24.800094,42.197756],[24.800082,42.197809]]]},"properties":{"num":4}},{"type":"Feature","geometry":{"type":"Polygon","coordinates":[[[24.800187,42.197749],[24.800155,42.197746],[24.800144,42.197792],[24.800177,42.197796],[24.800187,42.197749]]]},"properties":{"num":5}},{"type":"Feature","geometry":{"type":"Polygon","coordinates":[[[24.798962,42.197258],[24.798956,42.197285],[24.798993,42.197289],[24.798999,42.197262],[24.798962,42.197258]]]},"properties":{"num":6}},{"type":"Feature","geometry":{"type":"Polygon","coordinates":[[[24.796688,42.195115],[24.796557,42.195092],[24.796523,42.195195],[24.796655,42.195219],[24.796688,42.195115]]]},"properties":{"num":1}},{"type":"Feature","geometry":{"type":"Polygon","coordinates":[[[24.799472,42.199862],[24.79947,42.199866],[24.799514,42.199881],[24.799531,42.199854],[24.799449,42.199824],[24.799432,42.199848],[24.799472,42.199862]]]},"properties":{"num":1}},{"type":"Feature","geometry":{"type":"Polygon","coordinates":[[[24.799459,42.20552],[24.799393,42.205527],[24.799398,42.205566],[24.799465,42.205559],[24.799459,42.20552]]]},"properties":{"num":1}},{"type":"Feature","geometry":{"type":"Polygon","coordinates":[[[24.799308,42.205347],[24.799378,42.205301],[24.7993,42.205235],[24.799228,42.20528],[24.799308,42.205347]]]},"properties":{"num":1}},{"type":"Feature","geometry":{"type":"Polygon","coordinates":[[[24.799516,42.205553],[24.799663,42.205533],[24.799653,42.205495],[24.799611,42.205501],[24.799604,42.205477],[24.799517,42.205488],[24.799519,42.205513],[24.799505,42.205516],[24.799516,42.205553]]]},"properties":{"num":2}},{"type":"Feature","geometry":{"type":"Polygon","coordinates":[[[24.79986,42.204956],[24.799963,42.204893],[24.799927,42.20486],[24.799887,42.204885],[24.799862,42.204862],[24.799799,42.204901],[24.79986,42.204956]]]},"properties":{"num":1}},{"type":"Feature","geometry":{"type":"Polygon","coordinates":[[[24.800101,42.204714],[24.80002,42.204767],[24.800087,42.204823],[24.800168,42.20477],[24.800101,42.204714]]]},"properties":{"num":1}},{"type":"Feature","geometry":{"type":"Polygon","coordinates":[[[24.800402,42.204615],[24.800342,42.204563],[24.800286,42.2046],[24.800297,42.204611],[24.800268,42.204628],[24.800317,42.20467],[24.800402,42.204615]]]},"properties":{"num":1}},{"type":"Feature","geometry":{"type":"Polygon","coordinates":[[[24.800389,42.204645],[24.800375,42.204633],[24.800317,42.20467],[24.800333,42.204683],[24.800389,42.204645]]]},"properties":{"num":2}},{"type":"Feature","geometry":{"type":"Polygon","coordinates":[[[24.800435,42.204682],[24.800406,42.204659],[24.800337,42.2047],[24.800259,42.204635],[24.800223,42.204658],[24.800325,42.204743],[24.800435,42.204682]]]},"properties":{"num":3}},{"type":"Feature","geometry":{"type":"Polygon","coordinates":[[[24.800591,42.204584],[24.800546,42.204546],[24.800449,42.204605],[24.800455,42.204611],[24.800396,42.204651],[24.800435,42.204682],[24.800591,42.204584]]]},"properties":{"num":4}},{"type":"Feature","geometry":{"type":"Polygon","coordinates":[[[24.800223,42.204658],[24.800259,42.204635],[24.800198,42.204582],[24.800163,42.204604],[24.800223,42.204658]]]},"properties":{"num":5}},{"type":"Feature","geometry":{"type":"Polygon","coordinates":[[[24.800489,42.20488],[24.800528,42.204857],[24.800386,42.20474],[24.800349,42.204764],[24.800489,42.20488]]]},"properties":{"num":1}},{"type":"Feature","geometry":{"type":"Polygon","coordinates":[[[24.800537,42.204842],[24.800703,42.204754],[24.800661,42.204711],[24.800584,42.20475],[24.800577,42.204743],[24.80053,42.204767],[24.800521,42.204758],[24.800477,42.204783],[24.800537,42.204842]]]},"properties":{"num":2}},{"type":"Feature","geometry":{"type":"Polygon","coordinates":[[[24.800705,42.204982],[24.8008,42.204917],[24.800761,42.204887],[24.800729,42.20491],[24.800695,42.204882],[24.800634,42.204924],[24.800705,42.204982]]]},"properties":{"num":1}},{"type":"Feature","geometry":{"type":"Polygon","coordinates":[[[24.800705,42.204982],[24.800727,42.205],[24.800798,42.20495],[24.800777,42.204933],[24.800705,42.204982]]]},"properties":{"num":2}},{"type":"Feature","geometry":{"type":"Polygon","coordinates":[[[24.800743,42.205108],[24.800706,42.205063],[24.800726,42.205054],[24.800705,42.205027],[24.800638,42.205057],[24.800694,42.205129],[24.800743,42.205108]]]},"properties":{"num":3}},{"type":"Feature","geometry":{"type":"Polygon","coordinates":[[[24.798353,42.202893],[24.798327,42.202868],[24.798321,42.202872],[24.798318,42.202869],[24.798276,42.202896],[24.798356,42.202967],[24.798399,42.202941],[24.798348,42.202896],[24.798353,42.202893]]]},"properties":{"num":1}},{"type":"Feature","geometry":{"type":"Polygon","coordinates":[[[24.800772,42.204297],[24.800697,42.204343],[24.800771,42.20441],[24.800846,42.204364],[24.800772,42.204297]]]},"properties":{"num":1}},{"type":"Feature","geometry":{"type":"Polygon","coordinates":[[[24.800846,42.204364],[24.800771,42.20441],[24.800807,42.20444],[24.80088,42.204396],[24.800846,42.204364]]]},"properties":{"num":2}},{"type":"Feature","geometry":{"type":"Polygon","coordinates":[[[24.80081,42.204197],[24.800776,42.204218],[24.800818,42.204262],[24.800852,42.204241],[24.80081,42.204197]]]},"properties":{"num":3}},{"type":"Feature","geometry":{"type":"Polygon","coordinates":[[[24.801029,42.204263],[24.801111,42.204212],[24.801029,42.20414],[24.800935,42.204199],[24.800987,42.204243],[24.800979,42.204248],[24.801012,42.204285],[24.801036,42.20427],[24.801029,42.204263]]]},"properties":{"num":1}},{"type":"Feature","geometry":{"type":"Polygon","coordinates":[[[24.801029,42.204263],[24.801036,42.20427],[24.801012,42.204285],[24.801001,42.204273],[24.800982,42.204285],[24.801019,42.204323],[24.801072,42.204292],[24.801038,42.204258],[24.801029,42.204263]]]},"properties":{"num":2}},{"type":"Feature","geometry":{"type":"Polygon","coordinates":[[[24.800958,42.204351],[24.801019,42.204323],[24.800982,42.204285],[24.800969,42.204293],[24.800949,42.204274],[24.800942,42.204278],[24.800923,42.204259],[24.800889,42.20428],[24.800958,42.204351]]]},"properties":{"num":3}},{"type":"Feature","geometry":{"type":"Polygon","coordinates":[[[24.80081,42.204197],[24.800889,42.20428],[24.800923,42.204259],[24.800838,42.204176],[24.80081,42.204197]]]},"properties":{"num":4}},{"type":"Feature","geometry":{"type":"Polygon","coordinates":[[[24.800838,42.204176],[24.800875,42.204212],[24.800902,42.204197],[24.800861,42.204161],[24.800838,42.204176]]]},"properties":{"num":5}},{"type":"Feature","geometry":{"type":"Polygon","coordinates":[[[24.801368,42.204028],[24.801301,42.203969],[24.8012,42.20403],[24.801267,42.204089],[24.801368,42.204028]]]},"properties":{"num":1}},{"type":"Feature","geometry":{"type":"Polygon","coordinates":[[[24.801067,42.204116],[24.801111,42.204087],[24.801058,42.204037],[24.801017,42.204064],[24.801067,42.204116]]]},"properties":{"num":2}},{"type":"Feature","geometry":{"type":"Polygon","coordinates":[[[24.801112,42.204127],[24.801087,42.204103],[24.801067,42.204116],[24.801089,42.204139],[24.801112,42.204127]]]},"properties":{"num":3}},{"type":"Feature","geometry":{"type":"Polygon","coordinates":[[[24.801919,42.204287],[24.801825,42.204339],[24.801852,42.204369],[24.801946,42.204317],[24.801919,42.204287]]]},"properties":{"num":1}},{"type":"Feature","geometry":{"type":"Polygon","coordinates":[[[24.801784,42.20435],[24.80175,42.204368],[24.801793,42.204413],[24.801827,42.204395],[24.801784,42.20435]]]},"properties":{"num":2}},{"type":"Feature","geometry":{"type":"Polygon","coordinates":[[[24.801981,42.204492],[24.802076,42.204421],[24.802005,42.204372],[24.801911,42.204443],[24.801981,42.204492]]]},"properties":{"num":1}},{"type":"Feature","geometry":{"type":"Polygon","coordinates":[[[24.802002,42.204357],[24.801971,42.204333],[24.801919,42.204365],[24.801953,42.204397],[24.802002,42.204357]]]},"properties":{"num":2}},{"type":"Feature","geometry":{"type":"Polygon","coordinates":[[[24.802005,42.20452],[24.802115,42.204456],[24.802076,42.204421],[24.801981,42.204492],[24.801857,42.204556],[24.801873,42.204577],[24.802005,42.20452]]]},"properties":{"num":3}},{"type":"Feature","geometry":{"type":"Polygon","coordinates":[[[24.801858,42.204403],[24.801902,42.204437],[24.801953,42.204397],[24.801919,42.204365],[24.801858,42.204403]]]},"properties":{"num":4}},{"type":"Feature","geometry":{"type":"Polygon","coordinates":[[[24.801791,42.204578],[24.801739,42.20451],[24.801655,42.204546],[24.801666,42.204559],[24.801618,42.204579],[24.801659,42.204633],[24.801791,42.204578]]]},"properties":{"num":5}},{"type":"Feature","geometry":{"type":"Polygon","coordinates":[[[24.802221,42.204536],[24.802168,42.204472],[24.802076,42.204522],[24.802089,42.204534],[24.802071,42.204544],[24.802114,42.204585],[24.802142,42.204569],[24.802149,42.204576],[24.802221,42.204536]]]},"properties":{"num":1}},{"type":"Feature","geometry":{"type":"Polygon","coordinates":[[[24.80216,42.20457],[24.802252,42.204653],[24.802365,42.20459],[24.802299,42.204525],[24.802242,42.204557],[24.802221,42.204536],[24.80216,42.20457]]]},"properties":{"num":1}},{"type":"Feature","geometry":{"type":"Polygon","coordinates":[[[24.798556,42.20286],[24.798517,42.202824],[24.798478,42.202847],[24.798464,42.202837],[24.798401,42.202876],[24.798454,42.202923],[24.798556,42.20286]]]},"properties":{"num":1}},{"type":"Feature","geometry":{"type":"Polygon","coordinates":[[[24.802185,42.203056],[24.802238,42.20301],[24.802157,42.202959],[24.802105,42.203004],[24.802185,42.203056]]]},"properties":{"num":1}},{"type":"Feature","geometry":{"type":"Polygon","coordinates":[[[24.802243,42.202996],[24.802295,42.20303],[24.802324,42.203006],[24.802272,42.202972],[24.802243,42.202996]]]},"properties":{"num":2}},{"type":"Feature","geometry":{"type":"Polygon","coordinates":[[[24.802141,42.202936],[24.802173,42.202907],[24.802101,42.202861],[24.802069,42.202892],[24.802141,42.202936]]]},"properties":{"num":3}},{"type":"Feature","geometry":{"type":"Polygon","coordinates":[[[24.801932,42.202833],[24.802029,42.202894],[24.802094,42.202836],[24.801997,42.202775],[24.801932,42.202833]]]},"properties":{"num":1}},{"type":"Feature","geometry":{"type":"Polygon","coordinates":[[[24.801932,42.202833],[24.801904,42.202856],[24.801951,42.202886],[24.801979,42.202862],[24.801932,42.202833]]]},"properties":{"num":2}},{"type":"Feature","geometry":{"type":"Polygon","coordinates":[[[24.801889,42.202606],[24.801828,42.202666],[24.80187,42.20269],[24.801878,42.202682],[24.801948,42.202722],[24.801993,42.202678],[24.801963,42.202661],[24.801972,42.202653],[24.801889,42.202606]]]},"properties":{"num":1}},{"type":"Feature","geometry":{"type":"Polygon","coordinates":[[[24.801743,42.202799],[24.801793,42.202831],[24.801844,42.202786],[24.801793,42.202754],[24.801743,42.202799]]]},"properties":{"num":2}},{"type":"Feature","geometry":{"type":"Polygon","coordinates":[[[24.801747,42.202649],[24.801785,42.202672],[24.801888,42.202576],[24.801849,42.202555],[24.801747,42.202649]]]},"properties":{"num":3}},{"type":"Feature","geometry":{"type":"Polygon","coordinates":[[[24.801737,42.202608],[24.801814,42.202535],[24.801771,42.202511],[24.801783,42.2025],[24.801718,42.202463],[24.80163,42.202548],[24.801737,42.202608]]]},"properties":{"num":1}},{"type":"Feature","geometry":{"type":"Polygon","coordinates":[[[24.801849,42.202555],[24.801814,42.202535],[24.801715,42.202628],[24.801747,42.202649],[24.801849,42.202555]]]},"properties":{"num":2}},{"type":"Feature","geometry":{"type":"Polygon","coordinates":[[[24.801667,42.202631],[24.801638,42.202614],[24.801609,42.202642],[24.801621,42.202649],[24.801633,42.202639],[24.80165,42.202648],[24.801667,42.202631]]]},"properties":{"num":3}},{"type":"Feature","geometry":{"type":"Polygon","coordinates":[[[24.80158,42.202748],[24.801642,42.20269],[24.801573,42.202648],[24.801508,42.202707],[24.80158,42.202748]]]},"properties":{"num":4}},{"type":"Feature","geometry":{"type":"Polygon","coordinates":[[[24.801514,42.202788],[24.801565,42.20274],[24.801508,42.202707],[24.801457,42.202755],[24.801514,42.202788]]]},"properties":{"num":5}},{"type":"Feature","geometry":{"type":"Polygon","coordinates":[[[24.801359,42.202264],[24.801283,42.202336],[24.801341,42.20237],[24.801348,42.202364],[24.801393,42.202391],[24.801463,42.202323],[24.801359,42.202264]]]},"properties":{"num":1}},{"type":"Feature","geometry":{"type":"Polygon","coordinates":[[[24.801463,42.202323],[24.801388,42.202395],[24.801428,42.202418],[24.801504,42.202346],[24.801463,42.202323]]]},"properties":{"num":2}},{"type":"Feature","geometry":{"type":"Polygon","coordinates":[[[24.801518,42.202581],[24.80156,42.202542],[24.801485,42.2025],[24.801443,42.20254],[24.801518,42.202581]]]},"properties":{"num":3}},{"type":"Feature","geometry":{"type":"Polygon","coordinates":[[[24.801289,42.202546],[24.801185,42.202487],[24.801109,42.202558],[24.80121,42.202619],[24.801289,42.202546]]]},"properties":{"num":1}},{"type":"Feature","geometry":{"type":"Polygon","coordinates":[[[24.801332,42.202673],[24.801357,42.202687],[24.801457,42.202596],[24.801433,42.202581],[24.801332,42.202673]]]},"properties":{"num":2}},{"type":"Feature","geometry":{"type":"Polygon","coordinates":[[[24.801344,42.202728],[24.80129,42.202695],[24.801273,42.202709],[24.801327,42.202743],[24.801344,42.202728]]]},"properties":{"num":3}},{"type":"Feature","geometry":{"type":"Polygon","coordinates":[[[24.801068,42.202785],[24.801101,42.202758],[24.801065,42.202734],[24.801032,42.202761],[24.801068,42.202785]]]},"properties":{"num":1}},{"type":"Feature","geometry":{"type":"Polygon","coordinates":[[[24.801051,42.202724],[24.801126,42.202664],[24.801032,42.202599],[24.800959,42.202664],[24.801051,42.202724]]]},"properties":{"num":2}},{"type":"Feature","geometry":{"type":"Polygon","coordinates":[[[24.80086,42.202887],[24.800786,42.202836],[24.800701,42.202907],[24.800777,42.202957],[24.80086,42.202887]]]},"properties":{"num":1}},{"type":"Feature","geometry":{"type":"Polygon","coordinates":[[[24.800604,42.202929],[24.800642,42.202954],[24.800703,42.202905],[24.800661,42.202877],[24.800604,42.202929]]]},"properties":{"num":2}},{"type":"Feature","geometry":{"type":"Polygon","coordinates":[[[24.800694,42.202966],[24.800658,42.202941],[24.800618,42.202973],[24.800657,42.202997],[24.800694,42.202966]]]},"properties":{"num":3}},{"type":"Feature","geometry":{"type":"Polygon","coordinates":[[[24.801032,42.202761],[24.800962,42.202816],[24.800997,42.20284],[24.801068,42.202785],[24.801032,42.202761]]]},"properties":{"num":5}},{"type":"Feature","geometry":{"type":"Polygon","coordinates":[[[24.800997,42.20284],[24.800977,42.202826],[24.80096,42.202839],[24.800982,42.202852],[24.800997,42.20284]]]},"properties":{"num":6}},{"type":"Feature","geometry":{"type":"Polygon","coordinates":[[[24.800866,42.203135],[24.800951,42.203062],[24.80091,42.203035],[24.800878,42.203062],[24.800863,42.203053],[24.800842,42.203072],[24.800857,42.203081],[24.800825,42.203109],[24.800866,42.203135]]]},"properties":{"num":1}},{"type":"Feature","geometry":{"type":"Polygon","coordinates":[[[24.800977,42.203078],[24.801011,42.203043],[24.80097,42.20302],[24.800936,42.203052],[24.800977,42.203078]]]},"properties":{"num":2}},{"type":"Feature","geometry":{"type":"Polygon","coordinates":[[[24.801035,42.203021],[24.800998,42.202994],[24.80097,42.20302],[24.801011,42.203043],[24.801035,42.203021]]]},"properties":{"num":3}},{"type":"Feature","geometry":{"type":"Polygon","coordinates":[[[24.801207,42.20336],[24.801301,42.203282],[24.801228,42.203235],[24.801136,42.203314],[24.801207,42.20336]]]},"properties":{"num":1}},{"type":"Feature","geometry":{"type":"Polygon","coordinates":[[[24.801329,42.203299],[24.801301,42.203282],[24.801207,42.20336],[24.801241,42.203381],[24.801329,42.203299]]]},"properties":{"num":2}},{"type":"Feature","geometry":{"type":"Polygon","coordinates":[[[24.801407,42.20323],[24.801367,42.203207],[24.801294,42.203277],[24.801329,42.203299],[24.801407,42.20323]]]},"properties":{"num":3}},{"type":"Feature","geometry":{"type":"Polygon","coordinates":[[[24.801393,42.203478],[24.801471,42.203529],[24.801523,42.203482],[24.801494,42.203463],[24.801505,42.203452],[24.801458,42.203422],[24.801393,42.203478]]]},"properties":{"num":1}},{"type":"Feature","geometry":{"type":"Polygon","coordinates":[[[24.801636,42.203526],[24.801602,42.203501],[24.801527,42.203565],[24.80156,42.203586],[24.801636,42.203526]]]},"properties":{"num":3}},{"type":"Feature","geometry":{"type":"Polygon","coordinates":[[[24.801855,42.203358],[24.801801,42.203319],[24.801656,42.203433],[24.801709,42.203471],[24.801855,42.203358]]]},"properties":{"num":4}},{"type":"Feature","geometry":{"type":"Polygon","coordinates":[[[24.802044,42.203213],[24.801985,42.203177],[24.801801,42.203319],[24.801855,42.203358],[24.802044,42.203213]]]},"properties":{"num":5}},{"type":"Feature","geometry":{"type":"Polygon","coordinates":[[[24.801025,42.203872],[24.801113,42.203803],[24.801059,42.203763],[24.801024,42.203791],[24.801007,42.203775],[24.80095,42.203819],[24.801025,42.203872]]]},"properties":{"num":1}},{"type":"Feature","geometry":{"type":"Polygon","coordinates":[[[24.801113,42.203803],[24.801077,42.203831],[24.801136,42.203874],[24.801176,42.20385],[24.801113,42.203803]]]},"properties":{"num":2}},{"type":"Feature","geometry":{"type":"Polygon","coordinates":[[[24.800959,42.203982],[24.800927,42.203955],[24.800815,42.204025],[24.800851,42.204051],[24.800959,42.203982]]]},"properties":{"num":3}},{"type":"Feature","geometry":{"type":"Polygon","coordinates":[[[24.80108,42.203908],[24.801062,42.203893],[24.801022,42.203917],[24.80104,42.203932],[24.80108,42.203908]]]},"properties":{"num":4}},{"type":"Feature","geometry":{"type":"Polygon","coordinates":[[[24.800863,42.203626],[24.80081,42.203666],[24.800821,42.203674],[24.800789,42.203698],[24.800853,42.203744],[24.80094,42.203677],[24.800863,42.203626]]]},"properties":{"num":1}},{"type":"Feature","geometry":{"type":"Polygon","coordinates":[[[24.800356,42.20342],[24.800276,42.203462],[24.800341,42.203527],[24.80042,42.203484],[24.800356,42.20342]]]},"properties":{"num":2}},{"type":"Feature","geometry":{"type":"Polygon","coordinates":[[[24.80027,42.203471],[24.80028,42.203467],[24.800276,42.203462],[24.8003,42.20345],[24.800277,42.203427],[24.800245,42.203446],[24.80027,42.203471]]]},"properties":{"num":3}},{"type":"Feature","geometry":{"type":"Polygon","coordinates":[[[24.799879,42.203565],[24.799976,42.203509],[24.799915,42.203451],[24.799821,42.20351],[24.799879,42.203565]]]},"properties":{"num":1}},{"type":"Feature","geometry":{"type":"Polygon","coordinates":[[[24.800631,42.204084],[24.800654,42.204069],[24.800677,42.204091],[24.800753,42.204042],[24.80068,42.203976],[24.800605,42.204025],[24.800623,42.204041],[24.800599,42.204055],[24.800631,42.204084]]]},"properties":{"num":1}},{"type":"Feature","geometry":{"type":"Polygon","coordinates":[[[24.800851,42.204051],[24.800795,42.20401],[24.800769,42.204026],[24.800818,42.204072],[24.800851,42.204051]]]},"properties":{"num":2}},{"type":"Feature","geometry":{"type":"Polygon","coordinates":[[[24.800586,42.204213],[24.800552,42.204182],[24.800448,42.20425],[24.800482,42.204278],[24.800586,42.204213]]]},"properties":{"num":1}},{"type":"Feature","geometry":{"type":"Polygon","coordinates":[[[24.800346,42.204366],[24.800415,42.204322],[24.800385,42.204294],[24.800309,42.20434],[24.800346,42.204366]]]},"properties":{"num":1}},{"type":"Feature","geometry":{"type":"Polygon","coordinates":[[[24.799652,42.203706],[24.799602,42.203655],[24.799523,42.2037],[24.799573,42.203751],[24.799652,42.203706]]]},"properties":{"num":1}},{"type":"Feature","geometry":{"type":"Polygon","coordinates":[[[24.799606,42.203793],[24.799577,42.203813],[24.799632,42.203858],[24.799661,42.203838],[24.799606,42.203793]]]},"properties":{"num":2}},{"type":"Feature","geometry":{"type":"Polygon","coordinates":[[[24.799472,42.204047],[24.79938,42.204112],[24.799449,42.204167],[24.79954,42.204103],[24.799472,42.204047]]]},"properties":{"num":2}},{"type":"Feature","geometry":{"type":"Polygon","coordinates":[[[24.799661,42.20388],[24.799632,42.203858],[24.799623,42.203863],[24.799592,42.203838],[24.799513,42.203899],[24.799535,42.203918],[24.799523,42.203928],[24.799538,42.203939],[24.799543,42.203936],[24.799561,42.203948],[24.799661,42.20388]]]},"properties":{"num":4}},{"type":"Feature","geometry":{"type":"Polygon","coordinates":[[[24.799622,42.204168],[24.79953,42.204232],[24.799599,42.204288],[24.799692,42.204224],[24.799622,42.204168]]]},"properties":{"num":1}},{"type":"Feature","geometry":{"type":"Polygon","coordinates":[[[24.799434,42.204262],[24.79957,42.20417],[24.799538,42.204143],[24.799402,42.204235],[24.799434,42.204262]]]},"properties":{"num":2}},{"type":"Feature","geometry":{"type":"Polygon","coordinates":[[[24.799487,42.20485],[24.799534,42.20482],[24.799509,42.204799],[24.799529,42.204785],[24.799474,42.204737],[24.799406,42.20478],[24.799487,42.20485]]]},"properties":{"num":1}},{"type":"Feature","geometry":{"type":"Polygon","coordinates":[[[24.799511,42.204892],[24.799543,42.204872],[24.799505,42.204839],[24.79947,42.204858],[24.799511,42.204892]]]},"properties":{"num":2}},{"type":"Feature","geometry":{"type":"Polygon","coordinates":[[[24.799385,42.204894],[24.799294,42.204818],[24.799209,42.204874],[24.7993,42.204951],[24.799385,42.204894]]]},"properties":{"num":2}},{"type":"Feature","geometry":{"type":"Polygon","coordinates":[[[24.799217,42.204417],[24.799244,42.204398],[24.799239,42.204394],[24.799283,42.204362],[24.799259,42.204344],[24.799268,42.204337],[24.799229,42.204309],[24.799195,42.204333],[24.79919,42.204329],[24.799147,42.204359],[24.799217,42.204417]]]},"properties":{"num":1}},{"type":"Feature","geometry":{"type":"Polygon","coordinates":[[[24.79917,42.204324],[24.799154,42.20431],[24.79886,42.204503],[24.798886,42.204525],[24.799132,42.204362],[24.799122,42.204354],[24.79917,42.204324]]]},"properties":{"num":2}},{"type":"Feature","geometry":{"type":"Polygon","coordinates":[[[24.799046,42.2042],[24.798988,42.204242],[24.799052,42.204292],[24.799101,42.204294],[24.7991,42.204281],[24.799136,42.204255],[24.799082,42.204214],[24.799073,42.204221],[24.799046,42.2042]]]},"properties":{"num":1}},{"type":"Feature","geometry":{"type":"Polygon","coordinates":[[[24.798941,42.204392],[24.798971,42.204417],[24.799067,42.204351],[24.799037,42.204326],[24.798941,42.204392]]]},"properties":{"num":3}},{"type":"Feature","geometry":{"type":"Polygon","coordinates":[[[24.798498,42.204309],[24.798458,42.204339],[24.798512,42.204381],[24.798552,42.204352],[24.798498,42.204309]]]},"properties":{"num":1}},{"type":"Feature","geometry":{"type":"Polygon","coordinates":[[[24.798458,42.204339],[24.798422,42.204364],[24.798477,42.204406],[24.798512,42.204381],[24.798458,42.204339]]]},"properties":{"num":2}},{"type":"Feature","geometry":{"type":"Polygon","coordinates":[[[24.798552,42.204352],[24.798525,42.204371],[24.798553,42.204392],[24.798579,42.204374],[24.798552,42.204352]]]},"properties":{"num":3}},{"type":"Feature","geometry":{"type":"Polygon","coordinates":[[[24.798295,42.204397],[24.798328,42.204422],[24.798414,42.204357],[24.798379,42.204331],[24.798295,42.204397]]]},"properties":{"num":4}},{"type":"Feature","geometry":{"type":"Polygon","coordinates":[[[24.799155,42.205068],[24.799201,42.205037],[24.79917,42.20501],[24.799186,42.204999],[24.799131,42.204952],[24.79907,42.204997],[24.799155,42.205068]]]},"properties":{"num":1}},{"type":"Feature","geometry":{"type":"Polygon","coordinates":[[[24.798914,42.204913],[24.798945,42.204893],[24.798865,42.204826],[24.798833,42.204846],[24.798914,42.204913]]]},"properties":{"num":2}},{"type":"Feature","geometry":{"type":"Polygon","coordinates":[[[24.799043,42.205015],[24.79907,42.204997],[24.799017,42.204952],[24.79899,42.204973],[24.799043,42.205015]]]},"properties":{"num":3}},{"type":"Feature","geometry":{"type":"Polygon","coordinates":[[[24.799066,42.205032],[24.799062,42.205035],[24.799124,42.205085],[24.799153,42.205066],[24.79907,42.204997],[24.799043,42.205015],[24.799066,42.205032]]]},"properties":{"num":4}},{"type":"Feature","geometry":{"type":"Polygon","coordinates":[[[24.798853,42.20526],[24.798895,42.205233],[24.79889,42.205229],[24.798923,42.205207],[24.79889,42.20518],[24.79883,42.205178],[24.798794,42.205202],[24.798822,42.205226],[24.798818,42.20523],[24.798853,42.20526]]]},"properties":{"num":1}},{"type":"Feature","geometry":{"type":"Polygon","coordinates":[[[24.798818,42.20523],[24.798806,42.205238],[24.79879,42.205224],[24.798756,42.205245],[24.798804,42.205287],[24.798849,42.205257],[24.798818,42.20523]]]},"properties":{"num":2}},{"type":"Feature","geometry":{"type":"Polygon","coordinates":[[[24.798551,42.204925],[24.798582,42.204947],[24.798609,42.204926],[24.79858,42.204904],[24.798551,42.204925]]]},"properties":{"num":3}},{"type":"Feature","geometry":{"type":"Polygon","coordinates":[[[24.798627,42.205362],[24.798646,42.20535],[24.798585,42.2053],[24.798509,42.205356],[24.7986,42.205431],[24.798661,42.20539],[24.798627,42.205362]]]},"properties":{"num":1}},{"type":"Feature","geometry":{"type":"Polygon","coordinates":[[[24.798616,42.205483],[24.798648,42.205462],[24.798607,42.205426],[24.7986,42.205431],[24.798591,42.205423],[24.798566,42.20544],[24.798616,42.205483]]]},"properties":{"num":2}},{"type":"Feature","geometry":{"type":"Polygon","coordinates":[[[24.797706,42.204933],[24.797793,42.204996],[24.797868,42.204938],[24.797778,42.204873],[24.797706,42.204933]]]},"properties":{"num":1}},{"type":"Feature","geometry":{"type":"Polygon","coordinates":[[[24.79769,42.204965],[24.797719,42.204943],[24.797663,42.204899],[24.79763,42.204925],[24.79769,42.204965]]]},"properties":{"num":2}},{"type":"Feature","geometry":{"type":"Polygon","coordinates":[[[24.798035,42.20485],[24.798075,42.204817],[24.798036,42.204789],[24.798052,42.204778],[24.797964,42.204718],[24.797902,42.204769],[24.797952,42.204803],[24.797933,42.204817],[24.797966,42.20484],[24.797944,42.204858],[24.797985,42.204888],[24.797993,42.204883],[24.79802,42.204901],[24.798062,42.204868],[24.798035,42.20485]]]},"properties":{"num":2}},{"type":"Feature","geometry":{"type":"Polygon","coordinates":[[[24.798137,42.204756],[24.798177,42.204726],[24.798137,42.204699],[24.79816,42.20468],[24.798092,42.20463],[24.798029,42.204678],[24.798137,42.204756]]]},"properties":{"num":1}},{"type":"Feature","geometry":{"type":"Polygon","coordinates":[[[24.798133,42.20476],[24.798176,42.204791],[24.798261,42.204726],[24.798218,42.204695],[24.798133,42.20476]]]},"properties":{"num":2}},{"type":"Feature","geometry":{"type":"Polygon","coordinates":[[[24.798139,42.204608],[24.798081,42.204567],[24.798052,42.20459],[24.798111,42.204631],[24.798139,42.204608]]]},"properties":{"num":3}},{"type":"Feature","geometry":{"type":"Polygon","coordinates":[[[24.798174,42.204579],[24.798116,42.20454],[24.798081,42.204567],[24.798139,42.204608],[24.798174,42.204579]]]},"properties":{"num":4}},{"type":"Feature","geometry":{"type":"Polygon","coordinates":[[[24.798379,42.204535],[24.798351,42.204513],[24.798343,42.20452],[24.798308,42.204493],[24.798296,42.204501],[24.798292,42.204497],[24.798259,42.204521],[24.798284,42.20454],[24.798226,42.204581],[24.798371,42.204693],[24.798473,42.204621],[24.79837,42.204541],[24.798379,42.204535]]]},"properties":{"num":1}},{"type":"Feature","geometry":{"type":"Polygon","coordinates":[[[24.798262,42.204556],[24.798205,42.204512],[24.798143,42.204558],[24.7982,42.204599],[24.798262,42.204556]]]},"properties":{"num":2}},{"type":"Feature","geometry":{"type":"Polygon","coordinates":[[[24.797978,42.204388],[24.797885,42.204311],[24.797855,42.204332],[24.797847,42.204325],[24.797776,42.204372],[24.797881,42.204457],[24.797978,42.204388]]]},"properties":{"num":2}},{"type":"Feature","geometry":{"type":"Polygon","coordinates":[[[24.797797,42.204639],[24.797755,42.204599],[24.797736,42.20461],[24.797585,42.204467],[24.797518,42.204507],[24.797722,42.204697],[24.797797,42.204639]]]},"properties":{"num":3}},{"type":"Feature","geometry":{"type":"Polygon","coordinates":[[[24.798263,42.204201],[24.798299,42.204175],[24.798267,42.204151],[24.798289,42.204135],[24.798235,42.204095],[24.798176,42.204138],[24.798263,42.204201]]]},"properties":{"num":1}},{"type":"Feature","geometry":{"type":"Polygon","coordinates":[[[24.798278,42.20404],[24.798249,42.204013],[24.79816,42.204069],[24.798189,42.204094],[24.798278,42.20404]]]},"properties":{"num":2}},{"type":"Feature","geometry":{"type":"Polygon","coordinates":[[[24.79807,42.204091],[24.798169,42.20403],[24.798123,42.203989],[24.798088,42.20401],[24.798069,42.203994],[24.798005,42.204033],[24.79807,42.204091]]]},"properties":{"num":1}},{"type":"Feature","geometry":{"type":"Polygon","coordinates":[[[24.798249,42.204013],[24.798217,42.203985],[24.798157,42.204018],[24.798169,42.20403],[24.798138,42.20405],[24.79816,42.204069],[24.798249,42.204013]]]},"properties":{"num":2}},{"type":"Feature","geometry":{"type":"Polygon","coordinates":[[[24.797822,42.203907],[24.79787,42.203949],[24.797905,42.203927],[24.797926,42.203944],[24.79798,42.203911],[24.797959,42.203893],[24.797993,42.203871],[24.797945,42.203829],[24.797822,42.203907]]]},"properties":{"num":1}},{"type":"Feature","geometry":{"type":"Polygon","coordinates":[[[24.79801,42.203805],[24.797985,42.203783],[24.797938,42.203813],[24.79796,42.20383],[24.79801,42.203805]]]},"properties":{"num":2}},{"type":"Feature","geometry":{"type":"Polygon","coordinates":[[[24.797985,42.203783],[24.797961,42.20376],[24.7979,42.203794],[24.797928,42.203819],[24.797985,42.203783]]]},"properties":{"num":3}},{"type":"Feature","geometry":{"type":"Polygon","coordinates":[[[24.797919,42.203938],[24.797905,42.203927],[24.79787,42.203949],[24.797882,42.203959],[24.797919,42.203938]]]},"properties":{"num":4}},{"type":"Feature","geometry":{"type":"Polygon","coordinates":[[[24.797822,42.203985],[24.797852,42.204013],[24.797898,42.203984],[24.797865,42.20396],[24.797822,42.203985]]]},"properties":{"num":5}},{"type":"Feature","geometry":{"type":"Polygon","coordinates":[[[24.797615,42.203701],[24.797725,42.203634],[24.797648,42.203564],[24.797538,42.203634],[24.797615,42.203701]]]},"properties":{"num":1}},{"type":"Feature","geometry":{"type":"Polygon","coordinates":[[[24.797471,42.203517],[24.797547,42.203474],[24.797477,42.203408],[24.797397,42.203449],[24.797471,42.203517]]]},"properties":{"num":1}},{"type":"Feature","geometry":{"type":"Polygon","coordinates":[[[24.79729,42.203456],[24.797352,42.203517],[24.797397,42.20349],[24.797333,42.203431],[24.79729,42.203456]]]},"properties":{"num":2}},{"type":"Feature","geometry":{"type":"Polygon","coordinates":[[[24.797395,42.203558],[24.79744,42.203532],[24.797397,42.20349],[24.797352,42.203517],[24.797395,42.203558]]]},"properties":{"num":3}},{"type":"Feature","geometry":{"type":"Polygon","coordinates":[[[24.797201,42.204047],[24.797261,42.204108],[24.797361,42.204051],[24.797301,42.20399],[24.797201,42.204047]]]},"properties":{"num":1}},{"type":"Feature","geometry":{"type":"Polygon","coordinates":[[[24.796741,42.204126],[24.796808,42.204189],[24.796917,42.204127],[24.796848,42.204062],[24.796741,42.204126]]]},"properties":{"num":1}},{"type":"Feature","geometry":{"type":"Polygon","coordinates":[[[24.796991,42.20434],[24.797076,42.204289],[24.796983,42.204203],[24.796897,42.204253],[24.796991,42.20434]]]},"properties":{"num":1}},{"type":"Feature","geometry":{"type":"Polygon","coordinates":[[[24.796985,42.204127],[24.796932,42.204154],[24.796956,42.204177],[24.797007,42.204147],[24.796985,42.204127]]]},"properties":{"num":2}},{"type":"Feature","geometry":{"type":"Polygon","coordinates":[[[24.797007,42.204147],[24.796956,42.204177],[24.796978,42.204198],[24.797029,42.20417],[24.797007,42.204147]]]},"properties":{"num":3}},{"type":"Feature","geometry":{"type":"Polygon","coordinates":[[[24.796721,42.204269],[24.796821,42.204355],[24.796854,42.20433],[24.796752,42.204244],[24.796721,42.204269]]]},"properties":{"num":4}},{"type":"Feature","geometry":{"type":"Polygon","coordinates":[[[24.797151,42.204282],[24.797125,42.204257],[24.797089,42.204277],[24.797114,42.204303],[24.797151,42.204282]]]},"properties":{"num":5}},{"type":"Feature","geometry":{"type":"Polygon","coordinates":[[[24.797255,42.204456],[24.797175,42.204381],[24.797094,42.204427],[24.797174,42.204504],[24.797255,42.204456]]]},"properties":{"num":1}},{"type":"Feature","geometry":{"type":"Polygon","coordinates":[[[24.797161,42.204291],[24.797104,42.204326],[24.797129,42.204351],[24.797188,42.204316],[24.797161,42.204291]]]},"properties":{"num":2}},{"type":"Feature","geometry":{"type":"Polygon","coordinates":[[[24.797115,42.204447],[24.797059,42.204393],[24.797024,42.204414],[24.797083,42.204466],[24.797115,42.204447]]]},"properties":{"num":3}},{"type":"Feature","geometry":{"type":"Polygon","coordinates":[[[24.797348,42.204669],[24.797416,42.204731],[24.797498,42.20468],[24.797431,42.204619],[24.797348,42.204669]]]},"properties":{"num":1}},{"type":"Feature","geometry":{"type":"Polygon","coordinates":[[[24.797546,42.204772],[24.797515,42.204796],[24.797502,42.204787],[24.79748,42.204804],[24.797491,42.204812],[24.79746,42.204836],[24.797504,42.204868],[24.797588,42.204802],[24.797546,42.204772]]]},"properties":{"num":2}},{"type":"Feature","geometry":{"type":"Polygon","coordinates":[[[24.79745,42.204829],[24.797418,42.204854],[24.797473,42.204893],[24.797504,42.204868],[24.79745,42.204829]]]},"properties":{"num":3}},{"type":"Feature","geometry":{"type":"Polygon","coordinates":[[[24.797103,42.204976],[24.797171,42.205033],[24.797266,42.20497],[24.797198,42.204914],[24.797103,42.204976]]]},"properties":{"num":1}},{"type":"Feature","geometry":{"type":"Polygon","coordinates":[[[24.797316,42.205012],[24.79743,42.20492],[24.797393,42.204892],[24.797371,42.204908],[24.79735,42.204893],[24.797322,42.204917],[24.797343,42.204933],[24.797279,42.204985],[24.797316,42.205012]]]},"properties":{"num":2}},{"type":"Feature","geometry":{"type":"Polygon","coordinates":[[[24.797104,42.205092],[24.797158,42.205136],[24.797192,42.205111],[24.797137,42.205068],[24.797104,42.205092]]]},"properties":{"num":3}},{"type":"Feature","geometry":{"type":"Polygon","coordinates":[[[24.797036,42.205036],[24.797073,42.205017],[24.797016,42.204959],[24.797032,42.204951],[24.79698,42.2049],[24.796923,42.204933],[24.797036,42.205036]]]},"properties":{"num":4}},{"type":"Feature","geometry":{"type":"Polygon","coordinates":[[[24.796618,42.20454],[24.796678,42.20459],[24.796762,42.204536],[24.796703,42.204487],[24.796618,42.20454]]]},"properties":{"num":1}},{"type":"Feature","geometry":{"type":"Polygon","coordinates":[[[24.796478,42.204356],[24.796505,42.204379],[24.796573,42.204333],[24.796514,42.204282],[24.796458,42.204318],[24.796492,42.204347],[24.796478,42.204356]]]},"properties":{"num":1}},{"type":"Feature","geometry":{"type":"Polygon","coordinates":[[[24.796415,42.204451],[24.796503,42.204393],[24.796474,42.204367],[24.796386,42.204425],[24.796415,42.204451]]]},"properties":{"num":2}},{"type":"Feature","geometry":{"type":"Polygon","coordinates":[[[24.795736,42.204137],[24.795829,42.20409],[24.79584,42.204101],[24.795846,42.204101],[24.795898,42.204074],[24.795898,42.204067],[24.795835,42.203999],[24.795648,42.204094],[24.795641,42.204111],[24.795652,42.204122],[24.795678,42.204123],[24.795707,42.204107],[24.795736,42.204137]]]},"properties":{"num":5}},{"type":"Feature","geometry":{"type":"Polygon","coordinates":[[[24.795558,42.204265],[24.795752,42.204165],[24.795736,42.204148],[24.795624,42.204206],[24.795601,42.204197],[24.795578,42.20421],[24.795542,42.204173],[24.795493,42.204197],[24.795558,42.204265]]]},"properties":{"num":6}},{"type":"Feature","geometry":{"type":"Polygon","coordinates":[[[24.79492,42.203963],[24.794977,42.204028],[24.795067,42.203981],[24.79501,42.203917],[24.79492,42.203963]]]},"properties":{"num":1}},{"type":"Feature","geometry":{"type":"Polygon","coordinates":[[[24.794755,42.203832],[24.794866,42.203771],[24.794807,42.203709],[24.794692,42.203767],[24.794755,42.203832]]]},"properties":{"num":1}},{"type":"Feature","geometry":{"type":"Polygon","coordinates":[[[24.794674,42.203747],[24.794602,42.203786],[24.794653,42.203826],[24.794715,42.203791],[24.794674,42.203747]]]},"properties":{"num":2}},{"type":"Feature","geometry":{"type":"Polygon","coordinates":[[[24.794974,42.203586],[24.794851,42.203652],[24.79488,42.203682],[24.795004,42.203616],[24.794974,42.203586]]]},"properties":{"num":3}},{"type":"Feature","geometry":{"type":"Polygon","coordinates":[[[24.794747,42.20367],[24.794685,42.203607],[24.794574,42.203668],[24.794637,42.203731],[24.794747,42.20367]]]},"properties":{"num":1}},{"type":"Feature","geometry":{"type":"Polygon","coordinates":[[[24.794633,42.203568],[24.794566,42.203501],[24.794463,42.203558],[24.794532,42.203625],[24.794633,42.203568]]]},"properties":{"num":1}},{"type":"Feature","geometry":{"type":"Polygon","coordinates":[[[24.794309,42.203449],[24.794352,42.203484],[24.794359,42.203479],[24.794398,42.20351],[24.794428,42.203493],[24.794419,42.203487],[24.794482,42.203446],[24.79442,42.203394],[24.794389,42.203416],[24.794374,42.203403],[24.794309,42.203449]]]},"properties":{"num":1}},{"type":"Feature","geometry":{"type":"Polygon","coordinates":[[[24.79461,42.203298],[24.794688,42.203368],[24.794724,42.203348],[24.794649,42.203277],[24.79461,42.203298]]]},"properties":{"num":2}},{"type":"Feature","geometry":{"type":"Polygon","coordinates":[[[24.794949,42.203217],[24.794993,42.203191],[24.795001,42.203197],[24.79506,42.203162],[24.794979,42.203087],[24.794874,42.203149],[24.794949,42.203217]]]},"properties":{"num":1}},{"type":"Feature","geometry":{"type":"Polygon","coordinates":[[[24.794972,42.203281],[24.794964,42.203326],[24.795058,42.203344],[24.795132,42.203311],[24.795122,42.203299],[24.795172,42.203273],[24.795115,42.203211],[24.794972,42.203281]]]},"properties":{"num":1}},{"type":"Feature","geometry":{"type":"Polygon","coordinates":[[[24.795045,42.203387],[24.795015,42.203356],[24.79489,42.203421],[24.79492,42.203453],[24.795045,42.203387]]]},"properties":{"num":2}},{"type":"Feature","geometry":{"type":"Polygon","coordinates":[[[24.79492,42.203453],[24.79489,42.203421],[24.794834,42.203449],[24.794864,42.203483],[24.79492,42.203453]]]},"properties":{"num":3}},{"type":"Feature","geometry":{"type":"Polygon","coordinates":[[[24.795277,42.203397],[24.795257,42.203371],[24.795216,42.203327],[24.7951,42.203392],[24.795163,42.203458],[24.795277,42.203397]]]},"properties":{"num":1}},{"type":"Feature","geometry":{"type":"Polygon","coordinates":[[[24.795188,42.203517],[24.79525,42.203578],[24.795376,42.203509],[24.795318,42.203444],[24.795188,42.203517]]]},"properties":{"num":1}},{"type":"Feature","geometry":{"type":"Polygon","coordinates":[[[24.794974,42.203586],[24.795007,42.203619],[24.795037,42.203601],[24.795005,42.203571],[24.794974,42.203586]]]},"properties":{"num":2}},{"type":"Feature","geometry":{"type":"Polygon","coordinates":[[[24.795112,42.203676],[24.795037,42.203601],[24.795007,42.203619],[24.795082,42.203692],[24.795112,42.203676]]]},"properties":{"num":3}},{"type":"Feature","geometry":{"type":"Polygon","coordinates":[[[24.795405,42.20366],[24.795485,42.203618],[24.795419,42.203549],[24.79534,42.203592],[24.795405,42.20366]]]},"properties":{"num":1}},{"type":"Feature","geometry":{"type":"Polygon","coordinates":[[[24.795441,42.203765],[24.795453,42.203759],[24.79547,42.203777],[24.795559,42.203731],[24.795553,42.203724],[24.795587,42.203706],[24.795561,42.20368],[24.795547,42.203687],[24.795515,42.203654],[24.795396,42.203716],[24.795441,42.203765]]]},"properties":{"num":1}},{"type":"Feature","geometry":{"type":"Polygon","coordinates":[[[24.795295,42.203897],[24.795331,42.203879],[24.795224,42.203774],[24.795193,42.203789],[24.795295,42.203897]]]},"properties":{"num":2}},{"type":"Feature","geometry":{"type":"Polygon","coordinates":[[[24.796074,42.203942],[24.796158,42.203901],[24.796079,42.203811],[24.795992,42.203856],[24.796074,42.203942]]]},"properties":{"num":1}},{"type":"Feature","geometry":{"type":"Polygon","coordinates":[[[24.796335,42.203725],[24.796356,42.203747],[24.796329,42.203762],[24.796362,42.203796],[24.796448,42.20375],[24.796416,42.203713],[24.796391,42.203726],[24.796372,42.203706],[24.796335,42.203725]]]},"properties":{"num":1}},{"type":"Feature","geometry":{"type":"Polygon","coordinates":[[[24.796437,42.203755],[24.796362,42.203796],[24.796385,42.203821],[24.796461,42.20378],[24.796437,42.203755]]]},"properties":{"num":2}},{"type":"Feature","geometry":{"type":"Polygon","coordinates":[[[24.796005,42.203529],[24.796069,42.203611],[24.796145,42.20357],[24.796084,42.20349],[24.796005,42.203529]]]},"properties":{"num":1}},{"type":"Feature","geometry":{"type":"Polygon","coordinates":[[[24.796385,42.203547],[24.796281,42.203438],[24.796162,42.2035],[24.796266,42.203609],[24.796385,42.203547]]]},"properties":{"num":2}},{"type":"Feature","geometry":{"type":"Polygon","coordinates":[[[24.795791,42.203953],[24.795726,42.203884],[24.795601,42.203948],[24.795667,42.204017],[24.795791,42.203953]]]},"properties":{"num":1}},{"type":"Feature","geometry":{"type":"Polygon","coordinates":[[[24.795593,42.20329],[24.795628,42.203328],[24.795546,42.20337],[24.795602,42.203431],[24.795666,42.203396],[24.795675,42.203406],[24.795772,42.203355],[24.795669,42.203249],[24.795593,42.20329]]]},"properties":{"num":1}},{"type":"Feature","geometry":{"type":"Polygon","coordinates":[[[24.795805,42.203318],[24.79586,42.203286],[24.795737,42.203163],[24.795681,42.203194],[24.795805,42.203318]]]},"properties":{"num":2}},{"type":"Feature","geometry":{"type":"Polygon","coordinates":[[[24.79576,42.202516],[24.795787,42.20254],[24.795797,42.202535],[24.795837,42.202572],[24.795845,42.202573],[24.795932,42.202516],[24.795891,42.202478],[24.795903,42.202471],[24.795875,42.202445],[24.795823,42.202472],[24.795762,42.202509],[24.79576,42.202516]]]},"properties":{"num":1}},{"type":"Feature","geometry":{"type":"Polygon","coordinates":[[[24.795968,42.202868],[24.796049,42.202828],[24.795981,42.202758],[24.795939,42.20278],[24.795953,42.202794],[24.795918,42.202813],[24.795968,42.202868]]]},"properties":{"num":1}},{"type":"Feature","geometry":{"type":"Polygon","coordinates":[[[24.795862,42.202843],[24.795913,42.202895],[24.795968,42.202868],[24.795918,42.202813],[24.795862,42.202843]]]},"properties":{"num":2}},{"type":"Feature","geometry":{"type":"Polygon","coordinates":[[[24.795994,42.202892],[24.795968,42.202868],[24.795913,42.202895],[24.795941,42.202923],[24.795994,42.202892]]]},"properties":{"num":3}},{"type":"Feature","geometry":{"type":"Polygon","coordinates":[[[24.796105,42.202831],[24.796088,42.202814],[24.796069,42.202824],[24.796065,42.202819],[24.795969,42.202869],[24.795994,42.202892],[24.796105,42.202831]]]},"properties":{"num":4}},{"type":"Feature","geometry":{"type":"Polygon","coordinates":[[[24.796441,42.202875],[24.796408,42.202893],[24.796428,42.202912],[24.796461,42.202894],[24.796441,42.202875]]]},"properties":{"num":1}},{"type":"Feature","geometry":{"type":"Polygon","coordinates":[[[24.796896,42.203042],[24.796988,42.202991],[24.796957,42.20296],[24.79692,42.20298],[24.796902,42.202962],[24.796845,42.202994],[24.796896,42.203042]]]},"properties":{"num":1}},{"type":"Feature","geometry":{"type":"Polygon","coordinates":[[[24.796781,42.203566],[24.79688,42.203506],[24.796815,42.203447],[24.796716,42.203507],[24.796781,42.203566]]]},"properties":{"num":1}},{"type":"Feature","geometry":{"type":"Polygon","coordinates":[[[24.796743,42.203649],[24.796711,42.203619],[24.796666,42.203643],[24.796697,42.203676],[24.796743,42.203649]]]},"properties":{"num":2}},{"type":"Feature","geometry":{"type":"Polygon","coordinates":[[[24.797067,42.203462],[24.796997,42.203394],[24.796956,42.20342],[24.797026,42.203487],[24.797067,42.203462]]]},"properties":{"num":3}},{"type":"Feature","geometry":{"type":"Polygon","coordinates":[[[24.796666,42.203643],[24.796711,42.203619],[24.796613,42.203517],[24.79657,42.203543],[24.796666,42.203643]]]},"properties":{"num":4}},{"type":"Feature","geometry":{"type":"Polygon","coordinates":[[[24.797232,42.203305],[24.797265,42.203284],[24.797277,42.203284],[24.797308,42.203265],[24.79731,42.203255],[24.797288,42.203236],[24.797297,42.20323],[24.79727,42.203207],[24.797255,42.203206],[24.797224,42.203179],[24.797146,42.203228],[24.797232,42.203305]]]},"properties":{"num":1}},{"type":"Feature","geometry":{"type":"Polygon","coordinates":[[[24.797034,42.203372],[24.796997,42.203394],[24.797067,42.203462],[24.797103,42.20344],[24.797034,42.203372]]]},"properties":{"num":4}},{"type":"Feature","geometry":{"type":"Polygon","coordinates":[[[24.797526,42.203156],[24.797629,42.203094],[24.797594,42.203063],[24.797554,42.203087],[24.797525,42.203061],[24.797464,42.2031],[24.797526,42.203156]]]},"properties":{"num":1}},{"type":"Feature","geometry":{"type":"Polygon","coordinates":[[[24.797605,42.203166],[24.797567,42.203132],[24.797502,42.203169],[24.79754,42.203204],[24.797605,42.203166]]]},"properties":{"num":2}},{"type":"Feature","geometry":{"type":"Polygon","coordinates":[[[24.79762,42.203157],[24.797582,42.203122],[24.797567,42.203132],[24.797605,42.203166],[24.79762,42.203157]]]},"properties":{"num":3}},{"type":"Feature","geometry":{"type":"Polygon","coordinates":[[[24.797395,42.203049],[24.797243,42.20291],[24.7972,42.202935],[24.797356,42.203074],[24.797395,42.203049]]]},"properties":{"num":1}},{"type":"Feature","geometry":{"type":"Polygon","coordinates":[[[24.796997,42.202744],[24.79703,42.202772],[24.797069,42.202746],[24.797036,42.202718],[24.796997,42.202744]]]},"properties":{"num":1}},{"type":"Feature","geometry":{"type":"Polygon","coordinates":[[[24.797216,42.20278],[24.7973,42.202728],[24.797217,42.202654],[24.797111,42.202723],[24.797157,42.202764],[24.797182,42.202749],[24.797216,42.20278]]]},"properties":{"num":2}},{"type":"Feature","geometry":{"type":"Polygon","coordinates":[[[24.797105,42.202611],[24.79705,42.20256],[24.797014,42.202582],[24.797006,42.202575],[24.796945,42.202612],[24.797009,42.20267],[24.797105,42.202611]]]},"properties":{"num":1}},{"type":"Feature","geometry":{"type":"Polygon","coordinates":[[[24.79681,42.202591],[24.796837,42.202615],[24.796958,42.202543],[24.796932,42.202518],[24.79681,42.202591]]]},"properties":{"num":2}},{"type":"Feature","geometry":{"type":"Polygon","coordinates":[[[24.797054,42.202707],[24.797022,42.202679],[24.79696,42.20272],[24.796993,42.202748],[24.797054,42.202707]]]},"properties":{"num":3}},{"type":"Feature","geometry":{"type":"Polygon","coordinates":[[[24.797151,42.20239],[24.797109,42.202351],[24.79705,42.202386],[24.797043,42.202379],[24.79688,42.202471],[24.796932,42.202518],[24.797151,42.20239]]]},"properties":{"num":1}},{"type":"Feature","geometry":{"type":"Polygon","coordinates":[[[24.796932,42.202518],[24.796901,42.202491],[24.796781,42.202566],[24.79681,42.202591],[24.796932,42.202518]]]},"properties":{"num":2}},{"type":"Feature","geometry":{"type":"Polygon","coordinates":[[[24.79718,42.202373],[24.797139,42.202334],[24.797109,42.202351],[24.797151,42.20239],[24.79718,42.202373]]]},"properties":{"num":3}},{"type":"Feature","geometry":{"type":"Polygon","coordinates":[[[24.797476,42.202391],[24.797404,42.202331],[24.797366,42.202352],[24.797353,42.202348],[24.797336,42.202351],[24.797324,42.202363],[24.797325,42.202376],[24.797361,42.202411],[24.797349,42.202418],[24.797379,42.202446],[24.797476,42.202391]]]},"properties":{"num":1}},{"type":"Feature","geometry":{"type":"Polygon","coordinates":[[[24.797532,42.202396],[24.797506,42.202371],[24.797416,42.202425],[24.797442,42.202451],[24.797532,42.202396]]]},"properties":{"num":2}},{"type":"Feature","geometry":{"type":"Polygon","coordinates":[[[24.797414,42.202101],[24.797462,42.202073],[24.797484,42.202071],[24.797493,42.202055],[24.79754,42.202027],[24.797463,42.201956],[24.797434,42.201973],[24.79743,42.20197],[24.797362,42.20201],[24.797366,42.202014],[24.797338,42.202031],[24.797414,42.202101]]]},"properties":{"num":1}},{"type":"Feature","geometry":{"type":"Polygon","coordinates":[[[24.797576,42.202016],[24.79753,42.201974],[24.797501,42.201991],[24.797544,42.202035],[24.797576,42.202016]]]},"properties":{"num":2}},{"type":"Feature","geometry":{"type":"Polygon","coordinates":[[[24.798107,42.201932],[24.798188,42.201988],[24.798275,42.201918],[24.798195,42.201864],[24.798107,42.201932]]]},"properties":{"num":1}},{"type":"Feature","geometry":{"type":"Polygon","coordinates":[[[24.798199,42.202016],[24.798166,42.20199],[24.798115,42.20202],[24.798148,42.202046],[24.798199,42.202016]]]},"properties":{"num":2}},{"type":"Feature","geometry":{"type":"Polygon","coordinates":[[[24.798558,42.202243],[24.798633,42.202181],[24.798536,42.202115],[24.798461,42.202177],[24.798558,42.202243]]]},"properties":{"num":1}},{"type":"Feature","geometry":{"type":"Polygon","coordinates":[[[24.798708,42.20222],[24.798797,42.202159],[24.798741,42.202121],[24.798657,42.20218],[24.798708,42.20222]]]},"properties":{"num":2}},{"type":"Feature","geometry":{"type":"Polygon","coordinates":[[[24.798113,42.202236],[24.798029,42.202165],[24.797978,42.202196],[24.798064,42.202267],[24.798113,42.202236]]]},"properties":{"num":1}},{"type":"Feature","geometry":{"type":"Polygon","coordinates":[[[24.797821,42.202288],[24.797793,42.202307],[24.797801,42.202314],[24.797759,42.202343],[24.797818,42.202394],[24.797843,42.202373],[24.797838,42.20237],[24.797883,42.20234],[24.797821,42.202288]]]},"properties":{"num":1}},{"type":"Feature","geometry":{"type":"Polygon","coordinates":[[[24.797713,42.202409],[24.797665,42.202366],[24.797629,42.202388],[24.797677,42.202431],[24.797713,42.202409]]]},"properties":{"num":2}},{"type":"Feature","geometry":{"type":"Polygon","coordinates":[[[24.797856,42.202841],[24.797746,42.202908],[24.797823,42.202976],[24.797934,42.202908],[24.797856,42.202841]]]},"properties":{"num":1}},{"type":"Feature","geometry":{"type":"Polygon","coordinates":[[[24.797898,42.202988],[24.797866,42.202951],[24.797823,42.202976],[24.797861,42.20301],[24.797898,42.202988]]]},"properties":{"num":2}},{"type":"Feature","geometry":{"type":"Polygon","coordinates":[[[24.797646,42.202823],[24.797699,42.202792],[24.797544,42.20265],[24.797492,42.202681],[24.797646,42.202823]]]},"properties":{"num":3}},{"type":"Feature","geometry":{"type":"Polygon","coordinates":[[[24.797793,42.202768],[24.797842,42.202741],[24.797825,42.202723],[24.797775,42.202751],[24.797793,42.202768]]]},"properties":{"num":4}},{"type":"Feature","geometry":{"type":"Polygon","coordinates":[[[24.798179,42.202817],[24.798095,42.202739],[24.797965,42.202818],[24.79805,42.202896],[24.798179,42.202817]]]},"properties":{"num":1}},{"type":"Feature","geometry":{"type":"Polygon","coordinates":[[[24.797874,42.202735],[24.797935,42.20279],[24.798029,42.202733],[24.797968,42.202678],[24.797874,42.202735]]]},"properties":{"num":2}},{"type":"Feature","geometry":{"type":"Polygon","coordinates":[[[24.797968,42.202678],[24.797937,42.20265],[24.797843,42.202707],[24.797874,42.202735],[24.797968,42.202678]]]},"properties":{"num":3}},{"type":"Feature","geometry":{"type":"Polygon","coordinates":[[[24.798318,42.202557],[24.798382,42.202615],[24.798419,42.202593],[24.798428,42.2026],[24.798472,42.202566],[24.798467,42.202561],[24.798472,42.202533],[24.798433,42.202532],[24.798417,42.202517],[24.79837,42.202545],[24.798356,42.202532],[24.798318,42.202557]]]},"properties":{"num":1}},{"type":"Feature","geometry":{"type":"Polygon","coordinates":[[[24.798472,42.202639],[24.798419,42.202593],[24.798371,42.202619],[24.798423,42.202667],[24.798472,42.202639]]]},"properties":{"num":2}},{"type":"Feature","geometry":{"type":"Polygon","coordinates":[[[24.798417,42.202433],[24.798269,42.202306],[24.79823,42.202334],[24.798378,42.20246],[24.798417,42.202433]]]},"properties":{"num":3}},{"type":"Feature","geometry":{"type":"Polygon","coordinates":[[[24.798831,42.202215],[24.798767,42.20227],[24.798883,42.202346],[24.798947,42.202291],[24.798831,42.202215]]]},"properties":{"num":1}},{"type":"Feature","geometry":{"type":"Polygon","coordinates":[[[24.798969,42.202558],[24.79906,42.202612],[24.799152,42.202523],[24.799065,42.202469],[24.798969,42.202558]]]},"properties":{"num":1}},{"type":"Feature","geometry":{"type":"Polygon","coordinates":[[[24.798901,42.202762],[24.799094,42.202632],[24.79906,42.202612],[24.798875,42.202742],[24.798901,42.202762]]]},"properties":{"num":2}},{"type":"Feature","geometry":{"type":"Polygon","coordinates":[[[24.79875,42.20277],[24.7987,42.202729],[24.798689,42.202735],[24.798674,42.202723],[24.798647,42.20274],[24.79864,42.202734],[24.7986,42.202757],[24.79867,42.20282],[24.79875,42.20277]]]},"properties":{"num":1}},{"type":"Feature","geometry":{"type":"Polygon","coordinates":[[[24.79867,42.20282],[24.798703,42.20285],[24.798784,42.202799],[24.79875,42.20277],[24.79867,42.20282]]]},"properties":{"num":2}},{"type":"Feature","geometry":{"type":"Polygon","coordinates":[[[24.798237,42.203096],[24.798316,42.203048],[24.798246,42.202986],[24.798168,42.203034],[24.798237,42.203096]]]},"properties":{"num":1}},{"type":"Feature","geometry":{"type":"Polygon","coordinates":[[[24.798076,42.203017],[24.798179,42.203123],[24.798213,42.203102],[24.79811,42.202996],[24.798076,42.203017]]]},"properties":{"num":2}},{"type":"Feature","geometry":{"type":"Polygon","coordinates":[[[24.797855,42.203295],[24.797821,42.203265],[24.797782,42.20329],[24.797758,42.203269],[24.797699,42.203308],[24.797757,42.203356],[24.797855,42.203295]]]},"properties":{"num":1}},{"type":"Feature","geometry":{"type":"Polygon","coordinates":[[[24.797746,42.203366],[24.797646,42.203279],[24.79761,42.203302],[24.79771,42.20339],[24.797746,42.203366]]]},"properties":{"num":2}},{"type":"Feature","geometry":{"type":"Polygon","coordinates":[[[24.797856,42.203461],[24.797746,42.203366],[24.79771,42.20339],[24.797818,42.203484],[24.797856,42.203461]]]},"properties":{"num":3}},{"type":"Feature","geometry":{"type":"Polygon","coordinates":[[[24.798551,42.203906],[24.798618,42.203968],[24.798709,42.203916],[24.798641,42.203854],[24.798551,42.203906]]]},"properties":{"num":1}},{"type":"Feature","geometry":{"type":"Polygon","coordinates":[[[24.798585,42.204047],[24.798556,42.204013],[24.798519,42.204032],[24.798497,42.204003],[24.798503,42.204001],[24.798452,42.20396],[24.798395,42.203989],[24.798494,42.204074],[24.798531,42.204077],[24.798585,42.204047]]]},"properties":{"num":2}},{"type":"Feature","geometry":{"type":"Polygon","coordinates":[[[24.798579,42.204041],[24.798608,42.204022],[24.798594,42.204007],[24.798563,42.204023],[24.798579,42.204041]]]},"properties":{"num":3}},{"type":"Feature","geometry":{"type":"Polygon","coordinates":[[[24.798831,42.203844],[24.79892,42.203794],[24.798827,42.203707],[24.79874,42.203757],[24.798831,42.203844]]]},"properties":{"num":1}},{"type":"Feature","geometry":{"type":"Polygon","coordinates":[[[24.798962,42.203825],[24.798924,42.203788],[24.798874,42.203819],[24.798912,42.203855],[24.798962,42.203825]]]},"properties":{"num":2}},{"type":"Feature","geometry":{"type":"Polygon","coordinates":[[[24.79895,42.203713],[24.798818,42.203603],[24.798741,42.203653],[24.798769,42.203677],[24.798792,42.203661],[24.798896,42.203746],[24.79895,42.203713]]]},"properties":{"num":3}},{"type":"Feature","geometry":{"type":"Polygon","coordinates":[[[24.799024,42.20373],[24.799094,42.203688],[24.79904,42.203637],[24.798971,42.203678],[24.799024,42.20373]]]},"properties":{"num":1}},{"type":"Feature","geometry":{"type":"Polygon","coordinates":[[[24.799092,42.20357],[24.79901,42.203499],[24.798974,42.203522],[24.799056,42.203593],[24.799092,42.20357]]]},"properties":{"num":2}},{"type":"Feature","geometry":{"type":"Polygon","coordinates":[[[24.799625,42.203296],[24.799559,42.203335],[24.799612,42.203384],[24.799716,42.203323],[24.799677,42.203287],[24.799641,42.203309],[24.799625,42.203296]]]},"properties":{"num":1}},{"type":"Feature","geometry":{"type":"Polygon","coordinates":[[[24.799668,42.20341],[24.799646,42.203389],[24.799587,42.20342],[24.799568,42.203404],[24.799556,42.203412],[24.799597,42.203451],[24.799668,42.20341]]]},"properties":{"num":2}},{"type":"Feature","geometry":{"type":"Polygon","coordinates":[[[24.799459,42.202724],[24.799524,42.202767],[24.799606,42.202698],[24.799541,42.202655],[24.799459,42.202724]]]},"properties":{"num":1}},{"type":"Feature","geometry":{"type":"Polygon","coordinates":[[[24.799378,42.202681],[24.799308,42.20273],[24.799395,42.202795],[24.799463,42.202744],[24.799378,42.202681]]]},"properties":{"num":2}},{"type":"Feature","geometry":{"type":"Polygon","coordinates":[[[24.800322,42.202571],[24.800221,42.202658],[24.800307,42.202714],[24.800408,42.202626],[24.800322,42.202571]]]},"properties":{"num":1}},{"type":"Feature","geometry":{"type":"Polygon","coordinates":[[[24.800181,42.202583],[24.800215,42.202607],[24.800284,42.202551],[24.800249,42.202528],[24.800181,42.202583]]]},"properties":{"num":2}},{"type":"Feature","geometry":{"type":"Polygon","coordinates":[[[24.800294,42.202489],[24.800326,42.202509],[24.800376,42.202466],[24.800344,42.202445],[24.800294,42.202489]]]},"properties":{"num":3}},{"type":"Feature","geometry":{"type":"Polygon","coordinates":[[[24.800344,42.202445],[24.800376,42.202466],[24.800406,42.20244],[24.800373,42.20242],[24.800344,42.202445]]]},"properties":{"num":4}},{"type":"Feature","geometry":{"type":"Polygon","coordinates":[[[24.800373,42.20242],[24.800406,42.20244],[24.800425,42.202422],[24.800393,42.202402],[24.800373,42.20242]]]},"properties":{"num":5}},{"type":"Feature","geometry":{"type":"Polygon","coordinates":[[[24.800497,42.20287],[24.800559,42.20281],[24.800496,42.202772],[24.800449,42.202813],[24.800438,42.202806],[24.800405,42.202835],[24.800461,42.202871],[24.800497,42.20287]]]},"properties":{"num":1}},{"type":"Feature","geometry":{"type":"Polygon","coordinates":[[[24.800661,42.202713],[24.80062,42.202689],[24.800568,42.202736],[24.800611,42.20276],[24.800661,42.202713]]]},"properties":{"num":2}},{"type":"Feature","geometry":{"type":"Polygon","coordinates":[[[24.800794,42.202593],[24.800752,42.202568],[24.80062,42.202689],[24.800661,42.202713],[24.800794,42.202593]]]},"properties":{"num":3}},{"type":"Feature","geometry":{"type":"Polygon","coordinates":[[[24.800848,42.202467],[24.800773,42.202423],[24.800706,42.202487],[24.800733,42.202503],[24.800728,42.202507],[24.800776,42.202535],[24.800848,42.202467]]]},"properties":{"num":1}},{"type":"Feature","geometry":{"type":"Polygon","coordinates":[[[24.800698,42.202536],[24.800794,42.202593],[24.800826,42.202561],[24.800728,42.202507],[24.800698,42.202536]]]},"properties":{"num":2}},{"type":"Feature","geometry":{"type":"Polygon","coordinates":[[[24.800945,42.202444],[24.800877,42.202402],[24.80085,42.202427],[24.800918,42.20247],[24.800945,42.202444]]]},"properties":{"num":3}},{"type":"Feature","geometry":{"type":"Polygon","coordinates":[[[24.800922,42.202295],[24.800829,42.202242],[24.800766,42.202303],[24.800861,42.202355],[24.800922,42.202295]]]},"properties":{"num":1}},{"type":"Feature","geometry":{"type":"Polygon","coordinates":[[[24.800766,42.202303],[24.800829,42.202242],[24.800785,42.202218],[24.800723,42.202278],[24.800766,42.202303]]]},"properties":{"num":2}},{"type":"Feature","geometry":{"type":"Polygon","coordinates":[[[24.801048,42.202347],[24.800988,42.202316],[24.800964,42.202341],[24.801022,42.202372],[24.801048,42.202347]]]},"properties":{"num":3}},{"type":"Feature","geometry":{"type":"Polygon","coordinates":[[[24.801077,42.202318],[24.801003,42.202279],[24.800974,42.202309],[24.801048,42.202347],[24.801077,42.202318]]]},"properties":{"num":4}},{"type":"Feature","geometry":{"type":"Polygon","coordinates":[[[24.801003,42.202279],[24.800953,42.202251],[24.800924,42.202281],[24.800974,42.202309],[24.801003,42.202279]]]},"properties":{"num":5}},{"type":"Feature","geometry":{"type":"Polygon","coordinates":[[[24.800854,42.202352],[24.800822,42.202334],[24.800805,42.20235],[24.800838,42.202368],[24.800854,42.202352]]]},"properties":{"num":6}},{"type":"Feature","geometry":{"type":"Polygon","coordinates":[[[24.801032,42.202193],[24.801082,42.202141],[24.801039,42.20212],[24.801031,42.202129],[24.800971,42.202098],[24.800927,42.202142],[24.801032,42.202193]]]},"properties":{"num":1}},{"type":"Feature","geometry":{"type":"Polygon","coordinates":[[[24.800927,42.202142],[24.800953,42.202116],[24.800912,42.202093],[24.800886,42.202115],[24.800927,42.202142]]]},"properties":{"num":2}},{"type":"Feature","geometry":{"type":"Polygon","coordinates":[[[24.800881,42.201933],[24.800856,42.201958],[24.800898,42.201982],[24.800925,42.201959],[24.800881,42.201933]]]},"properties":{"num":3}},{"type":"Feature","geometry":{"type":"Polygon","coordinates":[[[24.8012,42.201965],[24.80115,42.202013],[24.80114,42.202008],[24.801116,42.202032],[24.801208,42.20208],[24.801277,42.202008],[24.8012,42.201965]]]},"properties":{"num":1}},{"type":"Feature","geometry":{"type":"Polygon","coordinates":[[[24.801217,42.202071],[24.801293,42.202109],[24.801344,42.202057],[24.801268,42.202017],[24.801217,42.202071]]]},"properties":{"num":2}},{"type":"Feature","geometry":{"type":"Polygon","coordinates":[[[24.801032,42.201862],[24.800993,42.201836],[24.800907,42.201904],[24.800951,42.201932],[24.801032,42.201862]]]},"properties":{"num":3}},{"type":"Feature","geometry":{"type":"Polygon","coordinates":[[[24.801291,42.201994],[24.801268,42.202017],[24.801344,42.202057],[24.801364,42.202032],[24.801291,42.201994]]]},"properties":{"num":4}},{"type":"Feature","geometry":{"type":"Polygon","coordinates":[[[24.800921,42.201958],[24.800951,42.201932],[24.800907,42.201904],[24.800881,42.201933],[24.800921,42.201958]]]},"properties":{"num":5}},{"type":"Feature","geometry":{"type":"Polygon","coordinates":[[[24.801355,42.201959],[24.801364,42.201965],[24.801403,42.201924],[24.801331,42.201884],[24.80131,42.201905],[24.801304,42.201902],[24.801271,42.201936],[24.80134,42.201974],[24.801355,42.201959]]]},"properties":{"num":1}},{"type":"Feature","geometry":{"type":"Polygon","coordinates":[[[24.797266,42.202226],[24.797196,42.202162],[24.797162,42.202182],[24.797152,42.202173],[24.797078,42.20222],[24.797155,42.202292],[24.797266,42.202226]]]},"properties":{"num":1}},{"type":"Feature","geometry":{"type":"Polygon","coordinates":[[[24.800087,42.202629],[24.800172,42.202556],[24.800129,42.202529],[24.800095,42.202558],[24.800066,42.202539],[24.800016,42.202583],[24.800087,42.202629]]]},"properties":{"num":1}},{"type":"Feature","geometry":{"type":"Polygon","coordinates":[[[24.800181,42.202583],[24.800289,42.202493],[24.800228,42.202455],[24.800131,42.20253],[24.800172,42.202556],[24.800157,42.202569],[24.800181,42.202583]]]},"properties":{"num":2}},{"type":"Feature","geometry":{"type":"Polygon","coordinates":[[[24.799637,42.202122],[24.799568,42.202084],[24.799559,42.202093],[24.799525,42.202074],[24.799477,42.20212],[24.799489,42.202127],[24.799454,42.202159],[24.799545,42.202211],[24.799637,42.202122]]]},"properties":{"num":1}},{"type":"Feature","geometry":{"type":"Polygon","coordinates":[[[24.799548,42.202208],[24.799503,42.202251],[24.79954,42.202274],[24.799586,42.202229],[24.799548,42.202208]]]},"properties":{"num":2}},{"type":"Feature","geometry":{"type":"Polygon","coordinates":[[[24.79968,42.202015],[24.799591,42.202096],[24.799637,42.202122],[24.799722,42.202041],[24.79968,42.202015]]]},"properties":{"num":3}},{"type":"Feature","geometry":{"type":"Polygon","coordinates":[[[24.799276,42.201908],[24.799224,42.201957],[24.79924,42.201967],[24.799208,42.201996],[24.799269,42.202033],[24.799353,42.201954],[24.799276,42.201908]]]},"properties":{"num":1}},{"type":"Feature","geometry":{"type":"Polygon","coordinates":[[[24.799288,42.202108],[24.79933,42.20207],[24.799277,42.202034],[24.799235,42.202072],[24.799288,42.202108]]]},"properties":{"num":2}},{"type":"Feature","geometry":{"type":"Polygon","coordinates":[[[24.799425,42.201983],[24.799361,42.201946],[24.799272,42.202031],[24.79933,42.20207],[24.799425,42.201983]]]},"properties":{"num":3}},{"type":"Feature","geometry":{"type":"Polygon","coordinates":[[[24.799454,42.201817],[24.799422,42.201846],[24.799436,42.201853],[24.799351,42.20194],[24.799412,42.201976],[24.799521,42.201863],[24.799454,42.201817]]]},"properties":{"num":4}},{"type":"Feature","geometry":{"type":"Polygon","coordinates":[[[24.798962,42.201825],[24.799043,42.20188],[24.799129,42.201811],[24.799049,42.201756],[24.798962,42.201825]]]},"properties":{"num":1}},{"type":"Feature","geometry":{"type":"Polygon","coordinates":[[[24.798879,42.201768],[24.798916,42.201793],[24.798966,42.20175],[24.798928,42.201726],[24.798879,42.201768]]]},"properties":{"num":2}},{"type":"Feature","geometry":{"type":"Polygon","coordinates":[[[24.798928,42.201726],[24.798966,42.20175],[24.799017,42.201708],[24.79898,42.201681],[24.798928,42.201726]]]},"properties":{"num":3}},{"type":"Feature","geometry":{"type":"Polygon","coordinates":[[[24.799473,42.20172],[24.799567,42.201774],[24.799644,42.201699],[24.79955,42.201645],[24.799473,42.20172]]]},"properties":{"num":1}},{"type":"Feature","geometry":{"type":"Polygon","coordinates":[[[24.799004,42.201082],[24.798935,42.201145],[24.798987,42.201176],[24.799056,42.201112],[24.799004,42.201082]]]},"properties":{"num":1}},{"type":"Feature","geometry":{"type":"Polygon","coordinates":[[[24.798753,42.201682],[24.798839,42.201739],[24.798944,42.201654],[24.798858,42.201596],[24.798753,42.201682]]]},"properties":{"num":1}},{"type":"Feature","geometry":{"type":"Polygon","coordinates":[[[24.798625,42.201655],[24.798657,42.201677],[24.798743,42.201601],[24.798707,42.20158],[24.798625,42.201655]]]},"properties":{"num":2}},{"type":"Feature","geometry":{"type":"Polygon","coordinates":[[[24.798992,42.20167],[24.799021,42.201647],[24.798985,42.201622],[24.798956,42.201646],[24.798992,42.20167]]]},"properties":{"num":3}},{"type":"Feature","geometry":{"type":"Polygon","coordinates":[[[24.799125,42.201562],[24.799085,42.201536],[24.798985,42.201622],[24.799021,42.201647],[24.799125,42.201562]]]},"properties":{"num":4}},{"type":"Feature","geometry":{"type":"Polygon","coordinates":[[[24.798707,42.20158],[24.798749,42.201605],[24.798821,42.201541],[24.798785,42.201518],[24.798707,42.20158]]]},"properties":{"num":5}},{"type":"Feature","geometry":{"type":"Polygon","coordinates":[[[24.798724,42.20153],[24.798655,42.201483],[24.798602,42.201527],[24.798616,42.201536],[24.798582,42.201565],[24.798637,42.201602],[24.798724,42.20153]]]},"properties":{"num":1}},{"type":"Feature","geometry":{"type":"Polygon","coordinates":[[[24.798858,42.201452],[24.798824,42.201431],[24.798735,42.201505],[24.798772,42.201529],[24.798858,42.201452]]]},"properties":{"num":2}},{"type":"Feature","geometry":{"type":"Polygon","coordinates":[[[24.798881,42.201196],[24.798933,42.201227],[24.798962,42.201201],[24.79891,42.20117],[24.798881,42.201196]]]},"properties":{"num":3}},{"type":"Feature","geometry":{"type":"Polygon","coordinates":[[[24.79891,42.20117],[24.798962,42.201201],[24.798987,42.201176],[24.798935,42.201145],[24.79891,42.20117]]]},"properties":{"num":4}},{"type":"Feature","geometry":{"type":"Polygon","coordinates":[[[24.798575,42.201375],[24.798619,42.2014],[24.798691,42.201332],[24.798648,42.201306],[24.798575,42.201375]]]},"properties":{"num":1}},{"type":"Feature","geometry":{"type":"Polygon","coordinates":[[[24.798541,42.201409],[24.798456,42.20148],[24.798498,42.201508],[24.798583,42.201436],[24.798541,42.201409]]]},"properties":{"num":2}},{"type":"Feature","geometry":{"type":"Polygon","coordinates":[[[24.798589,42.200979],[24.798615,42.200949],[24.798501,42.200899],[24.798475,42.200929],[24.798589,42.200979]]]},"properties":{"num":3}},{"type":"Feature","geometry":{"type":"Polygon","coordinates":[[[24.798775,42.201017],[24.798615,42.200949],[24.798589,42.200979],[24.79875,42.201048],[24.798775,42.201017]]]},"properties":{"num":4}},{"type":"Feature","geometry":{"type":"Polygon","coordinates":[[[24.798615,42.200801],[24.7987,42.200856],[24.798711,42.200847],[24.798733,42.200861],[24.798799,42.200811],[24.798772,42.200794],[24.79878,42.200788],[24.798747,42.200765],[24.798741,42.200769],[24.798692,42.200736],[24.798615,42.200801]]]},"properties":{"num":1}},{"type":"Feature","geometry":{"type":"Polygon","coordinates":[[[24.798619,42.200664],[24.798669,42.200705],[24.798704,42.20068],[24.798647,42.200633],[24.798619,42.200664]]]},"properties":{"num":2}},{"type":"Feature","geometry":{"type":"Polygon","coordinates":[[[24.798982,42.201101],[24.799024,42.201064],[24.798993,42.201045],[24.798953,42.20108],[24.798982,42.201101]]]},"properties":{"num":3}},{"type":"Feature","geometry":{"type":"Polygon","coordinates":[[[24.799074,42.20102],[24.799102,42.200996],[24.799072,42.200974],[24.799043,42.201001],[24.799074,42.20102]]]},"properties":{"num":4}},{"type":"Feature","geometry":{"type":"Polygon","coordinates":[[[24.799074,42.20102],[24.799043,42.201001],[24.798993,42.201045],[24.799024,42.201064],[24.799074,42.20102]]]},"properties":{"num":5}},{"type":"Feature","geometry":{"type":"Polygon","coordinates":[[[24.798781,42.200684],[24.798837,42.200722],[24.798915,42.200649],[24.798848,42.200607],[24.798852,42.200603],[24.798823,42.200585],[24.798789,42.200614],[24.79881,42.200628],[24.79878,42.200653],[24.798798,42.200667],[24.798781,42.200684]]]},"properties":{"num":1}},{"type":"Feature","geometry":{"type":"Polygon","coordinates":[[[24.798647,42.200633],[24.798705,42.200682],[24.798743,42.20065],[24.798673,42.200605],[24.798647,42.200633]]]},"properties":{"num":2}},{"type":"Feature","geometry":{"type":"Polygon","coordinates":[[[24.798864,42.200519],[24.798934,42.200573],[24.799028,42.200511],[24.798958,42.200455],[24.798864,42.200519]]]},"properties":{"num":1}},{"type":"Feature","geometry":{"type":"Polygon","coordinates":[[[24.799242,42.200628],[24.799256,42.20064],[24.79927,42.200629],[24.799255,42.200618],[24.799242,42.200628]]]},"properties":{"num":2}},{"type":"Feature","geometry":{"type":"Polygon","coordinates":[[[24.799709,42.200528],[24.799674,42.200498],[24.799682,42.200493],[24.799648,42.200466],[24.799566,42.200519],[24.799637,42.200576],[24.799709,42.200528]]]},"properties":{"num":1}},{"type":"Feature","geometry":{"type":"Polygon","coordinates":[[[24.799637,42.200576],[24.799603,42.200549],[24.799583,42.200562],[24.799616,42.20059],[24.799637,42.200576]]]},"properties":{"num":2}},{"type":"Feature","geometry":{"type":"Polygon","coordinates":[[[24.799747,42.200573],[24.799779,42.2006],[24.799841,42.200559],[24.79981,42.200532],[24.799747,42.200573]]]},"properties":{"num":3}},{"type":"Feature","geometry":{"type":"Polygon","coordinates":[[[24.799841,42.200559],[24.799779,42.2006],[24.7998,42.200618],[24.799862,42.200576],[24.799841,42.200559]]]},"properties":{"num":4}},{"type":"Feature","geometry":{"type":"Polygon","coordinates":[[[24.799451,42.20079],[24.799536,42.200752],[24.79949,42.200711],[24.799405,42.200749],[24.799451,42.20079]]]},"properties":{"num":5}},{"type":"Feature","geometry":{"type":"Polygon","coordinates":[[[24.799517,42.200474],[24.799561,42.200445],[24.799554,42.200438],[24.799588,42.200417],[24.799545,42.200381],[24.799536,42.200386],[24.799505,42.20036],[24.799435,42.200405],[24.799517,42.200474]]]},"properties":{"num":1}},{"type":"Feature","geometry":{"type":"Polygon","coordinates":[[[24.799212,42.200594],[24.799238,42.200574],[24.799268,42.200597],[24.799298,42.200573],[24.79923,42.200525],[24.799217,42.200534],[24.799186,42.200513],[24.799138,42.200541],[24.799212,42.200594]]]},"properties":{"num":2}},{"type":"Feature","geometry":{"type":"Polygon","coordinates":[[[24.798999,42.200298],[24.799078,42.200335],[24.799131,42.200269],[24.799051,42.200232],[24.798999,42.200298]]]},"properties":{"num":1}},{"type":"Feature","geometry":{"type":"Polygon","coordinates":[[[24.799227,42.200091],[24.799193,42.200124],[24.799277,42.200179],[24.799315,42.200147],[24.799227,42.200091]]]},"properties":{"num":2}},{"type":"Feature","geometry":{"type":"Polygon","coordinates":[[[24.799062,42.200384],[24.799098,42.200341],[24.799062,42.200327],[24.799027,42.200368],[24.799062,42.200384]]]},"properties":{"num":3}},{"type":"Feature","geometry":{"type":"Polygon","coordinates":[[[24.797328,42.203591],[24.79727,42.203538],[24.797204,42.203578],[24.797193,42.203568],[24.797155,42.203591],[24.797224,42.203654],[24.797328,42.203591]]]},"properties":{"num":1}},{"type":"Feature","geometry":{"type":"Polygon","coordinates":[[[24.798097,42.203204],[24.798177,42.203156],[24.798089,42.203075],[24.798,42.203128],[24.798049,42.203173],[24.798045,42.203175],[24.798059,42.203188],[24.798071,42.20318],[24.798097,42.203204]]]},"properties":{"num":1}},{"type":"Feature","geometry":{"type":"Polygon","coordinates":[[[24.783483,42.194685],[24.783541,42.19461],[24.783703,42.194679],[24.783768,42.194595],[24.783701,42.194567],[24.783698,42.194571],[24.783423,42.194454],[24.783427,42.19445],[24.783359,42.194421],[24.783294,42.194505],[24.783456,42.194574],[24.783398,42.194649],[24.783483,42.194685]]]},"properties":{"num":2}},{"type":"Feature","geometry":{"type":"Polygon","coordinates":[[[24.783664,42.194714],[24.783514,42.194645],[24.783483,42.194685],[24.783632,42.194755],[24.783664,42.194714]]]},"properties":{"num":3}},{"type":"Feature","geometry":{"type":"Polygon","coordinates":[[[24.783149,42.194443],[24.78318,42.194406],[24.783201,42.194415],[24.783219,42.194393],[24.783199,42.194384],[24.783264,42.194305],[24.783284,42.194312],[24.78334,42.194245],[24.783289,42.194222],[24.783237,42.194287],[24.783206,42.194275],[24.783094,42.194419],[24.783149,42.194443]]]},"properties":{"num":4}},{"type":"Feature","geometry":{"type":"Polygon","coordinates":[[[24.784315,42.195042],[24.78427,42.195022],[24.784254,42.195042],[24.784299,42.195063],[24.784315,42.195042]]]},"properties":{"num":5}},{"type":"Feature","geometry":{"type":"Polygon","coordinates":[[[24.784104,42.19492],[24.784189,42.194819],[24.784127,42.19479],[24.784131,42.194785],[24.784065,42.194754],[24.784017,42.194811],[24.783969,42.194789],[24.784038,42.194707],[24.783977,42.194679],[24.783981,42.194674],[24.783914,42.194643],[24.783828,42.194744],[24.783766,42.194716],[24.783725,42.194765],[24.784048,42.194915],[24.784061,42.1949],[24.784104,42.19492]]]},"properties":{"num":6}},{"type":"Feature","geometry":{"type":"Polygon","coordinates":[[[24.798468,42.19933],[24.798511,42.199279],[24.798292,42.199178],[24.798212,42.199274],[24.798288,42.199309],[24.798325,42.199265],[24.798378,42.199286],[24.798468,42.19933]]]},"properties":{"num":7}},{"type":"Feature","geometry":{"type":"Polygon","coordinates":[[[24.798595,42.199072],[24.798417,42.19899],[24.798359,42.19906],[24.798611,42.199175],[24.798657,42.199119],[24.798585,42.199086],[24.798595,42.199072]]]},"properties":{"num":8}},{"type":"Feature","geometry":{"type":"Polygon","coordinates":[[[24.799002,42.199768],[24.799027,42.199713],[24.799055,42.19972],[24.799082,42.199661],[24.799009,42.199643],[24.798981,42.199703],[24.798902,42.199684],[24.798904,42.199678],[24.798867,42.199668],[24.798874,42.199654],[24.798834,42.199643],[24.798831,42.199649],[24.798789,42.199639],[24.798764,42.199696],[24.798842,42.199716],[24.798838,42.199727],[24.798859,42.199735],[24.799002,42.199768]]]},"properties":{"num":1}},{"type":"Feature","geometry":{"type":"Polygon","coordinates":[[[24.798966,42.199593],[24.798992,42.199536],[24.798949,42.199525],[24.798952,42.19952],[24.798875,42.199501],[24.798871,42.199508],[24.798829,42.199498],[24.798804,42.199552],[24.798966,42.199593]]]},"properties":{"num":2}},{"type":"Feature","geometry":{"type":"Polygon","coordinates":[[[24.798247,42.19941],[24.798117,42.199355],[24.798077,42.199408],[24.798106,42.19942],[24.79807,42.199467],[24.798172,42.199511],[24.798247,42.19941]]]},"properties":{"num":1}},{"type":"Feature","geometry":{"type":"Polygon","coordinates":[[[24.798212,42.199607],[24.798222,42.19958],[24.798245,42.199584],[24.798262,42.199545],[24.798076,42.1995],[24.798051,42.199569],[24.798212,42.199607]]]},"properties":{"num":2}},{"type":"Feature","geometry":{"type":"Polygon","coordinates":[[[24.798355,42.199547],[24.798331,42.199542],[24.798323,42.199561],[24.798347,42.199566],[24.798355,42.199547]]]},"properties":{"num":5}},{"type":"Feature","geometry":{"type":"Polygon","coordinates":[[[24.797891,42.19971],[24.797977,42.199743],[24.798028,42.199675],[24.798049,42.199683],[24.798085,42.199636],[24.797979,42.199594],[24.797891,42.19971]]]},"properties":{"num":1}},{"type":"Feature","geometry":{"type":"Polygon","coordinates":[[[24.797909,42.199869],[24.797955,42.199812],[24.797843,42.199762],[24.797797,42.199822],[24.797909,42.199869]]]},"properties":{"num":1}},{"type":"Feature","geometry":{"type":"Polygon","coordinates":[[[24.797932,42.199879],[24.797939,42.199869],[24.797984,42.199887],[24.798017,42.199839],[24.797955,42.199812],[24.797909,42.199869],[24.797932,42.199879]]]},"properties":{"num":2}},{"type":"Feature","geometry":{"type":"Polygon","coordinates":[[[24.798017,42.199839],[24.797977,42.199896],[24.798118,42.199951],[24.798159,42.199889],[24.798071,42.199856],[24.798068,42.19986],[24.798017,42.199839]]]},"properties":{"num":3}},{"type":"Feature","geometry":{"type":"Polygon","coordinates":[[[24.797797,42.199822],[24.797756,42.199875],[24.797796,42.199893],[24.797789,42.199901],[24.797907,42.199953],[24.797957,42.199889],[24.797797,42.199822]]]},"properties":{"num":1}},{"type":"Feature","geometry":{"type":"Polygon","coordinates":[[[24.79815,42.200076],[24.798178,42.200045],[24.798017,42.199975],[24.797993,42.200008],[24.79815,42.200076]]]},"properties":{"num":2}},{"type":"Feature","geometry":{"type":"Polygon","coordinates":[[[24.797746,42.1998],[24.797735,42.199814],[24.797786,42.199836],[24.797797,42.199822],[24.797746,42.1998]]]},"properties":{"num":3}},{"type":"Feature","geometry":{"type":"Polygon","coordinates":[[[24.797764,42.200131],[24.797867,42.200171],[24.797936,42.200078],[24.797832,42.200037],[24.797764,42.200131]]]},"properties":{"num":1}},{"type":"Feature","geometry":{"type":"Polygon","coordinates":[[[24.798007,42.200044],[24.797968,42.200088],[24.798157,42.200173],[24.798195,42.200128],[24.798007,42.200044]]]},"properties":{"num":3}},{"type":"Feature","geometry":{"type":"Polygon","coordinates":[[[24.798472,42.200407],[24.798521,42.20034],[24.79841,42.200295],[24.79836,42.200362],[24.798472,42.200407]]]},"properties":{"num":1}},{"type":"Feature","geometry":{"type":"Polygon","coordinates":[[[24.798573,42.200247],[24.798553,42.200274],[24.798623,42.200298],[24.798643,42.200271],[24.798573,42.200247]]]},"properties":{"num":2}},{"type":"Feature","geometry":{"type":"Polygon","coordinates":[[[24.798508,42.200452],[24.798519,42.200437],[24.798497,42.200428],[24.798487,42.200443],[24.798508,42.200452]]]},"properties":{"num":3}},{"type":"Feature","geometry":{"type":"Polygon","coordinates":[[[24.798339,42.200586],[24.798394,42.200512],[24.798275,42.200463],[24.798219,42.200537],[24.798339,42.200586]]]},"properties":{"num":1}},{"type":"Feature","geometry":{"type":"Polygon","coordinates":[[[24.79817,42.200565],[24.798195,42.20053],[24.79813,42.200504],[24.798104,42.200539],[24.79817,42.200565]]]},"properties":{"num":2}},{"type":"Feature","geometry":{"type":"Polygon","coordinates":[[[24.798104,42.200539],[24.79813,42.200504],[24.798047,42.200468],[24.798019,42.200504],[24.798104,42.200539]]]},"properties":{"num":3}},{"type":"Feature","geometry":{"type":"Polygon","coordinates":[[[24.798508,42.200452],[24.798459,42.200431],[24.798423,42.200479],[24.798473,42.200499],[24.798508,42.200452]]]},"properties":{"num":4}},{"type":"Feature","geometry":{"type":"Polygon","coordinates":[[[24.797831,42.200486],[24.797817,42.200502],[24.797836,42.200511],[24.797848,42.200495],[24.797831,42.200486]]]},"properties":{"num":1}},{"type":"Feature","geometry":{"type":"Polygon","coordinates":[[[24.797564,42.200754],[24.797565,42.200731],[24.797441,42.200729],[24.79744,42.200846],[24.797471,42.200846],[24.797472,42.200816],[24.797512,42.200816],[24.797512,42.200825],[24.797669,42.200828],[24.797672,42.200755],[24.797564,42.200754]]]},"properties":{"num":1}},{"type":"Feature","geometry":{"type":"Polygon","coordinates":[[[24.797512,42.200816],[24.797472,42.200816],[24.797471,42.200846],[24.797512,42.200846],[24.797512,42.200816]]]},"properties":{"num":2}},{"type":"Feature","geometry":{"type":"Polygon","coordinates":[[[24.797991,42.200932],[24.798011,42.200942],[24.798031,42.200923],[24.798011,42.200912],[24.797991,42.200932]]]},"properties":{"num":3}},{"type":"Feature","geometry":{"type":"Polygon","coordinates":[[[24.797531,42.201466],[24.797587,42.201419],[24.797534,42.201386],[24.797543,42.201378],[24.797508,42.201356],[24.797444,42.201412],[24.797531,42.201466]]]},"properties":{"num":1}},{"type":"Feature","geometry":{"type":"Polygon","coordinates":[[[24.797417,42.201435],[24.797474,42.201471],[24.7975,42.201447],[24.797444,42.201412],[24.797417,42.201435]]]},"properties":{"num":2}},{"type":"Feature","geometry":{"type":"Polygon","coordinates":[[[24.797396,42.201586],[24.797466,42.201539],[24.797422,42.201506],[24.797357,42.201552],[24.797396,42.201586]]]},"properties":{"num":3}},{"type":"Feature","geometry":{"type":"Polygon","coordinates":[[[24.796756,42.200998],[24.79687,42.201065],[24.796946,42.200996],[24.796834,42.200927],[24.796756,42.200998]]]},"properties":{"num":1}},{"type":"Feature","geometry":{"type":"Polygon","coordinates":[[[24.796836,42.201045],[24.796826,42.201056],[24.796859,42.201076],[24.79687,42.201065],[24.796836,42.201045]]]},"properties":{"num":2}},{"type":"Feature","geometry":{"type":"Polygon","coordinates":[[[24.797083,42.200967],[24.796909,42.201098],[24.796946,42.201121],[24.797121,42.20099],[24.797083,42.200967]]]},"properties":{"num":3}},{"type":"Feature","geometry":{"type":"Polygon","coordinates":[[[24.796662,42.200774],[24.796604,42.200822],[24.796638,42.200843],[24.796608,42.200873],[24.79665,42.200899],[24.796738,42.200821],[24.796662,42.200774]]]},"properties":{"num":1}},{"type":"Feature","geometry":{"type":"Polygon","coordinates":[[[24.796287,42.201078],[24.796337,42.201116],[24.796391,42.201076],[24.796341,42.201037],[24.796287,42.201078]]]},"properties":{"num":2}},{"type":"Feature","geometry":{"type":"Polygon","coordinates":[[[24.79657,42.200758],[24.796492,42.200705],[24.796482,42.200713],[24.796456,42.200695],[24.796426,42.200719],[24.796418,42.200713],[24.796375,42.200749],[24.796487,42.200825],[24.79657,42.200758]]]},"properties":{"num":1}},{"type":"Feature","geometry":{"type":"Polygon","coordinates":[[[24.796369,42.20082],[24.796406,42.20079],[24.796374,42.200767],[24.796377,42.200764],[24.796321,42.200727],[24.796279,42.20076],[24.796369,42.20082]]]},"properties":{"num":2}},{"type":"Feature","geometry":{"type":"Polygon","coordinates":[[[24.796057,42.200465],[24.796081,42.200445],[24.796091,42.200451],[24.796127,42.200421],[24.796069,42.200385],[24.796048,42.200405],[24.796001,42.200377],[24.795971,42.200401],[24.795963,42.200395],[24.795934,42.200419],[24.796045,42.20049],[24.796067,42.200471],[24.796057,42.200465]]]},"properties":{"num":1}},{"type":"Feature","geometry":{"type":"Polygon","coordinates":[[[24.795818,42.200462],[24.795852,42.200437],[24.795799,42.200402],[24.795766,42.200426],[24.795818,42.200462]]]},"properties":{"num":2}},{"type":"Feature","geometry":{"type":"Polygon","coordinates":[[[24.795818,42.200462],[24.795895,42.200511],[24.795925,42.200484],[24.795852,42.200437],[24.795818,42.200462]]]},"properties":{"num":3}},{"type":"Feature","geometry":{"type":"Polygon","coordinates":[[[24.795955,42.20055],[24.795989,42.20052],[24.795929,42.200481],[24.795895,42.200511],[24.795955,42.20055]]]},"properties":{"num":4}},{"type":"Feature","geometry":{"type":"Polygon","coordinates":[[[24.796018,42.200589],[24.796035,42.200573],[24.795974,42.200533],[24.795955,42.20055],[24.796018,42.200589]]]},"properties":{"num":5}},{"type":"Feature","geometry":{"type":"Polygon","coordinates":[[[24.795872,42.200638],[24.795841,42.200607],[24.795803,42.200631],[24.795781,42.200612],[24.795717,42.200656],[24.795772,42.200702],[24.795872,42.200638]]]},"properties":{"num":1}},{"type":"Feature","geometry":{"type":"Polygon","coordinates":[[[24.795731,42.200452],[24.795826,42.20051],[24.795855,42.200485],[24.795766,42.200426],[24.795731,42.200452]]]},"properties":{"num":2}},{"type":"Feature","geometry":{"type":"Polygon","coordinates":[[[24.795571,42.200673],[24.795545,42.200682],[24.795553,42.200695],[24.795508,42.200709],[24.795529,42.200743],[24.795644,42.200705],[24.795624,42.200671],[24.795579,42.200686],[24.795571,42.200673]]]},"properties":{"num":1}},{"type":"Feature","geometry":{"type":"Polygon","coordinates":[[[24.79555,42.200584],[24.795593,42.200617],[24.795621,42.2006],[24.795576,42.200564],[24.79555,42.200584]]]},"properties":{"num":2}},{"type":"Feature","geometry":{"type":"Polygon","coordinates":[[[24.796408,42.201589],[24.79648,42.201664],[24.796556,42.201624],[24.796482,42.201551],[24.796408,42.201589]]]},"properties":{"num":1}},{"type":"Feature","geometry":{"type":"Polygon","coordinates":[[[24.796408,42.201589],[24.796355,42.201619],[24.796412,42.201678],[24.796466,42.20165],[24.796408,42.201589]]]},"properties":{"num":2}},{"type":"Feature","geometry":{"type":"Polygon","coordinates":[[[24.796681,42.201923],[24.796757,42.202001],[24.796808,42.201975],[24.796823,42.201963],[24.796816,42.201955],[24.796838,42.201945],[24.796804,42.20191],[24.796783,42.201921],[24.796749,42.201886],[24.796681,42.201923]]]},"properties":{"num":1}},{"type":"Feature","geometry":{"type":"Polygon","coordinates":[[[24.796846,42.202002],[24.796818,42.201966],[24.796716,42.20202],[24.796758,42.202065],[24.796846,42.202002]]]},"properties":{"num":2}},{"type":"Feature","geometry":{"type":"Polygon","coordinates":[[[24.796171,42.201979],[24.796254,42.201936],[24.796224,42.201905],[24.796198,42.201919],[24.79618,42.201901],[24.79615,42.201918],[24.796167,42.201935],[24.796141,42.201949],[24.796171,42.201979]]]},"properties":{"num":1}},{"type":"Feature","geometry":{"type":"Polygon","coordinates":[[[24.795918,42.201692],[24.795946,42.201677],[24.795953,42.201684],[24.796036,42.201638],[24.795961,42.201562],[24.795856,42.20162],[24.795886,42.201651],[24.79588,42.201654],[24.795918,42.201692]]]},"properties":{"num":1}},{"type":"Feature","geometry":{"type":"Polygon","coordinates":[[[24.795683,42.201338],[24.795571,42.201399],[24.795635,42.201463],[24.795747,42.201403],[24.795683,42.201338]]]},"properties":{"num":1}},{"type":"Feature","geometry":{"type":"Polygon","coordinates":[[[24.795594,42.201335],[24.795526,42.201367],[24.795571,42.201399],[24.795683,42.201338],[24.795735,42.201317],[24.795686,42.201284],[24.795594,42.201335]]]},"properties":{"num":2}},{"type":"Feature","geometry":{"type":"Polygon","coordinates":[[[24.795659,42.201494],[24.795694,42.201475],[24.795666,42.201447],[24.795635,42.201463],[24.795659,42.201494]]]},"properties":{"num":3}},{"type":"Feature","geometry":{"type":"Polygon","coordinates":[[[24.795686,42.201284],[24.795632,42.201225],[24.795697,42.201191],[24.79557,42.201068],[24.795512,42.201098],[24.795523,42.201109],[24.79542,42.201169],[24.795594,42.201335],[24.795686,42.201284]]]},"properties":{"num":1}},{"type":"Feature","geometry":{"type":"Polygon","coordinates":[[[24.795753,42.201245],[24.795697,42.201191],[24.795632,42.201225],[24.795686,42.201284],[24.795753,42.201245]]]},"properties":{"num":2}},{"type":"Feature","geometry":{"type":"Polygon","coordinates":[[[24.795511,42.201354],[24.795575,42.201317],[24.795539,42.201283],[24.795476,42.201319],[24.795511,42.201354]]]},"properties":{"num":3}},{"type":"Feature","geometry":{"type":"Polygon","coordinates":[[[24.79533,42.200871],[24.795295,42.200833],[24.795258,42.200852],[24.795245,42.200837],[24.795171,42.200874],[24.795219,42.200927],[24.79533,42.200871]]]},"properties":{"num":1}},{"type":"Feature","geometry":{"type":"Polygon","coordinates":[[[24.795219,42.200927],[24.795253,42.200964],[24.795363,42.200908],[24.79533,42.200871],[24.795219,42.200927]]]},"properties":{"num":2}},{"type":"Feature","geometry":{"type":"Polygon","coordinates":[[[24.795099,42.200925],[24.795138,42.200965],[24.795203,42.20093],[24.795165,42.200892],[24.795099,42.200925]]]},"properties":{"num":3}},{"type":"Feature","geometry":{"type":"Polygon","coordinates":[[[24.795074,42.200984],[24.795045,42.200946],[24.795004,42.200964],[24.794987,42.200943],[24.794913,42.200977],[24.794959,42.201035],[24.795074,42.200984]]]},"properties":{"num":1}},{"type":"Feature","geometry":{"type":"Polygon","coordinates":[[[24.794911,42.201035],[24.794946,42.201019],[24.794895,42.200955],[24.794858,42.200973],[24.794911,42.201035]]]},"properties":{"num":2}},{"type":"Feature","geometry":{"type":"Polygon","coordinates":[[[24.794858,42.200973],[24.794815,42.200992],[24.794869,42.201054],[24.794911,42.201035],[24.794858,42.200973]]]},"properties":{"num":3}},{"type":"Feature","geometry":{"type":"Polygon","coordinates":[[[24.794836,42.201069],[24.794869,42.201054],[24.794815,42.200992],[24.794783,42.201008],[24.794836,42.201069]]]},"properties":{"num":4}},{"type":"Feature","geometry":{"type":"Polygon","coordinates":[[[24.794758,42.201154],[24.79472,42.201096],[24.794687,42.201107],[24.794683,42.201101],[24.794633,42.20112],[24.794678,42.201185],[24.794758,42.201154]]]},"properties":{"num":1}},{"type":"Feature","geometry":{"type":"Polygon","coordinates":[[[24.794678,42.201185],[24.794695,42.201211],[24.794775,42.201181],[24.794758,42.201154],[24.794678,42.201185]]]},"properties":{"num":2}},{"type":"Feature","geometry":{"type":"Polygon","coordinates":[[[24.794471,42.201215],[24.794427,42.201234],[24.794413,42.201216],[24.794344,42.201246],[24.794387,42.2013],[24.7945,42.201251],[24.794471,42.201215]]]},"properties":{"num":1}},{"type":"Feature","geometry":{"type":"Polygon","coordinates":[[[24.7945,42.201251],[24.794387,42.2013],[24.794413,42.201333],[24.794525,42.201284],[24.7945,42.201251]]]},"properties":{"num":2}},{"type":"Feature","geometry":{"type":"Polygon","coordinates":[[[24.794334,42.201324],[24.794375,42.201301],[24.794275,42.201201],[24.794228,42.201219],[24.794334,42.201324]]]},"properties":{"num":3}},{"type":"Feature","geometry":{"type":"Polygon","coordinates":[[[24.794536,42.201456],[24.794399,42.201328],[24.794359,42.201348],[24.794492,42.201479],[24.794536,42.201456]]]},"properties":{"num":4}},{"type":"Feature","geometry":{"type":"Polygon","coordinates":[[[24.794665,42.201576],[24.794769,42.201519],[24.794712,42.201463],[24.794689,42.201475],[24.79468,42.201467],[24.79466,42.201475],[24.79467,42.201485],[24.794609,42.20152],[24.794665,42.201576]]]},"properties":{"num":1}},{"type":"Feature","geometry":{"type":"Polygon","coordinates":[[[24.794618,42.201603],[24.794665,42.201576],[24.794609,42.20152],[24.794559,42.201546],[24.794618,42.201603]]]},"properties":{"num":2}},{"type":"Feature","geometry":{"type":"Polygon","coordinates":[[[24.794492,42.201479],[24.794512,42.201499],[24.794552,42.201475],[24.794536,42.201456],[24.794492,42.201479]]]},"properties":{"num":3}},{"type":"Feature","geometry":{"type":"Polygon","coordinates":[[[24.794888,42.201655],[24.794827,42.201598],[24.794736,42.201648],[24.794795,42.201707],[24.794888,42.201655]]]},"properties":{"num":1}},{"type":"Feature","geometry":{"type":"Polygon","coordinates":[[[24.794915,42.20164],[24.794895,42.201621],[24.794868,42.201636],[24.794888,42.201655],[24.794915,42.20164]]]},"properties":{"num":2}},{"type":"Feature","geometry":{"type":"Polygon","coordinates":[[[24.794688,42.201673],[24.794725,42.201653],[24.794707,42.201638],[24.794731,42.201624],[24.794704,42.201597],[24.794643,42.201629],[24.794688,42.201673]]]},"properties":{"num":3}},{"type":"Feature","geometry":{"type":"Polygon","coordinates":[[[24.795187,42.201521],[24.795161,42.201498],[24.795057,42.201553],[24.795084,42.201578],[24.795187,42.201521]]]},"properties":{"num":4}},{"type":"Feature","geometry":{"type":"Polygon","coordinates":[[[24.795031,42.201778],[24.794979,42.201728],[24.794909,42.201767],[24.794927,42.201785],[24.794893,42.201805],[24.794927,42.201839],[24.795031,42.201778]]]},"properties":{"num":1}},{"type":"Feature","geometry":{"type":"Polygon","coordinates":[[[24.794887,42.201871],[24.794934,42.201846],[24.794893,42.201805],[24.794846,42.201831],[24.794887,42.201871]]]},"properties":{"num":2}},{"type":"Feature","geometry":{"type":"Polygon","coordinates":[[[24.794795,42.201782],[24.794855,42.201749],[24.794826,42.201724],[24.794768,42.201754],[24.794795,42.201782]]]},"properties":{"num":3}},{"type":"Feature","geometry":{"type":"Polygon","coordinates":[[[24.795021,42.202006],[24.795068,42.20198],[24.795041,42.201954],[24.794996,42.20198],[24.795021,42.202006]]]},"properties":{"num":2}},{"type":"Feature","geometry":{"type":"Polygon","coordinates":[[[24.795071,42.201982],[24.795115,42.201958],[24.795101,42.201945],[24.795058,42.201969],[24.795071,42.201982]]]},"properties":{"num":3}},{"type":"Feature","geometry":{"type":"Polygon","coordinates":[[[24.795177,42.201926],[24.795162,42.201911],[24.795101,42.201945],[24.795116,42.20196],[24.795177,42.201926]]]},"properties":{"num":4}},{"type":"Feature","geometry":{"type":"Polygon","coordinates":[[[24.795162,42.201911],[24.795088,42.201835],[24.795019,42.201872],[24.795058,42.201911],[24.795019,42.201932],[24.795058,42.201969],[24.795162,42.201911]]]},"properties":{"num":5}},{"type":"Feature","geometry":{"type":"Polygon","coordinates":[[[24.795265,42.202034],[24.795206,42.201975],[24.795113,42.202027],[24.795171,42.202085],[24.795265,42.202034]]]},"properties":{"num":1}},{"type":"Feature","geometry":{"type":"Polygon","coordinates":[[[24.795607,42.202094],[24.795681,42.202173],[24.79575,42.202138],[24.795676,42.202059],[24.795607,42.202094]]]},"properties":{"num":1}},{"type":"Feature","geometry":{"type":"Polygon","coordinates":[[[24.795745,42.202211],[24.79572,42.202186],[24.79562,42.202239],[24.795645,42.202265],[24.795745,42.202211]]]},"properties":{"num":2}},{"type":"Feature","geometry":{"type":"Polygon","coordinates":[[[24.795431,42.202118],[24.795375,42.202058],[24.79529,42.202102],[24.795346,42.202162],[24.795431,42.202118]]]},"properties":{"num":1}},{"type":"Feature","geometry":{"type":"Polygon","coordinates":[[[24.795401,42.202045],[24.795375,42.202058],[24.795411,42.202096],[24.795436,42.202082],[24.795401,42.202045]]]},"properties":{"num":2}},{"type":"Feature","geometry":{"type":"Polygon","coordinates":[[[24.792338,42.202153],[24.792343,42.202139],[24.792376,42.202145],[24.792396,42.202098],[24.792297,42.202076],[24.792286,42.202103],[24.792265,42.202099],[24.792255,42.202123],[24.792277,42.202127],[24.792276,42.202132],[24.792338,42.202153]]]},"properties":{"num":1}},{"type":"Feature","geometry":{"type":"Polygon","coordinates":[[[24.792395,42.202007],[24.79235,42.201998],[24.792327,42.202054],[24.792372,42.202063],[24.792395,42.202007]]]},"properties":{"num":2}},{"type":"Feature","geometry":{"type":"Polygon","coordinates":[[[24.792219,42.20203],[24.792229,42.202002],[24.792113,42.201978],[24.7921,42.202014],[24.792094,42.202013],[24.792084,42.202038],[24.79209,42.202039],[24.792083,42.202059],[24.792208,42.202084],[24.792228,42.202032],[24.792219,42.20203]]]},"properties":{"num":3}},{"type":"Feature","geometry":{"type":"Polygon","coordinates":[[[24.792193,42.202081],[24.792083,42.202059],[24.792072,42.202088],[24.792183,42.20211],[24.792193,42.202081]]]},"properties":{"num":4}},{"type":"Feature","geometry":{"type":"Polygon","coordinates":[[[24.792524,42.202115],[24.792473,42.202102],[24.792442,42.202157],[24.792512,42.20217],[24.792552,42.202139],[24.792524,42.202115]]]},"properties":{"num":5}},{"type":"Feature","geometry":{"type":"Polygon","coordinates":[[[24.791662,42.202112],[24.791583,42.202093],[24.791564,42.202134],[24.791643,42.202151],[24.791662,42.202112]]]},"properties":{"num":1}},{"type":"Feature","geometry":{"type":"Polygon","coordinates":[[[24.791568,42.202135],[24.791558,42.202159],[24.791632,42.20218],[24.791643,42.202151],[24.791568,42.202135]]]},"properties":{"num":2}},{"type":"Feature","geometry":{"type":"Polygon","coordinates":[[[24.791546,42.202084],[24.791524,42.202127],[24.791549,42.202157],[24.791558,42.202159],[24.791568,42.202135],[24.791564,42.202134],[24.791583,42.202093],[24.791546,42.202084]]]},"properties":{"num":3}},{"type":"Feature","geometry":{"type":"Polygon","coordinates":[[[24.791676,42.20219],[24.791688,42.202163],[24.791643,42.202151],[24.791632,42.20218],[24.791676,42.20219]]]},"properties":{"num":4}},{"type":"Feature","geometry":{"type":"Polygon","coordinates":[[[24.791883,42.201975],[24.791918,42.201898],[24.791796,42.201872],[24.791781,42.201912],[24.791766,42.201909],[24.791757,42.201932],[24.791821,42.201945],[24.791816,42.20196],[24.791883,42.201975]]]},"properties":{"num":1}},{"type":"Feature","geometry":{"type":"Polygon","coordinates":[[[24.791796,42.201872],[24.79176,42.201866],[24.791731,42.201943],[24.791816,42.20196],[24.791821,42.201945],[24.791757,42.201932],[24.791766,42.201909],[24.791781,42.201912],[24.791796,42.201872]]]},"properties":{"num":2}},{"type":"Feature","geometry":{"type":"Polygon","coordinates":[[[24.791885,42.201805],[24.791889,42.201796],[24.791953,42.201811],[24.791979,42.201741],[24.791929,42.201731],[24.791931,42.201724],[24.791875,42.201712],[24.791845,42.201795],[24.791885,42.201805]]]},"properties":{"num":1}},{"type":"Feature","geometry":{"type":"Polygon","coordinates":[[[24.791908,42.201635],[24.791762,42.201598],[24.791732,42.201639],[24.791891,42.201676],[24.791908,42.201635]]]},"properties":{"num":2}},{"type":"Feature","geometry":{"type":"Polygon","coordinates":[[[24.791762,42.201598],[24.791706,42.201584],[24.791601,42.201709],[24.79166,42.201738],[24.791762,42.201598]]]},"properties":{"num":3}},{"type":"Feature","geometry":{"type":"Polygon","coordinates":[[[24.792343,42.201766],[24.792342,42.201771],[24.792411,42.201781],[24.792416,42.201764],[24.792411,42.201763],[24.792424,42.201719],[24.792279,42.201692],[24.79226,42.201751],[24.792343,42.201766]]]},"properties":{"num":1}},{"type":"Feature","geometry":{"type":"Polygon","coordinates":[[[24.792424,42.201719],[24.792446,42.201657],[24.792376,42.201644],[24.792373,42.201655],[24.792295,42.201642],[24.792279,42.201692],[24.792424,42.201719]]]},"properties":{"num":2}},{"type":"Feature","geometry":{"type":"Polygon","coordinates":[[[24.791868,42.201619],[24.79189,42.201569],[24.791799,42.201545],[24.791777,42.201595],[24.791868,42.201619]]]},"properties":{"num":1}},{"type":"Feature","geometry":{"type":"Polygon","coordinates":[[[24.791893,42.201632],[24.791915,42.201575],[24.79189,42.201569],[24.791865,42.201625],[24.791893,42.201632]]]},"properties":{"num":2}},{"type":"Feature","geometry":{"type":"Polygon","coordinates":[[[24.792008,42.201658],[24.792019,42.201628],[24.791943,42.201611],[24.79193,42.20164],[24.792008,42.201658]]]},"properties":{"num":3}},{"type":"Feature","geometry":{"type":"Polygon","coordinates":[[[24.792102,42.201586],[24.792064,42.201577],[24.79205,42.20162],[24.792086,42.201628],[24.792102,42.201586]]]},"properties":{"num":4}},{"type":"Feature","geometry":{"type":"Polygon","coordinates":[[[24.791848,42.201409],[24.79179,42.201395],[24.791745,42.201507],[24.791803,42.201523],[24.791848,42.201409]]]},"properties":{"num":5}},{"type":"Feature","geometry":{"type":"Polygon","coordinates":[[[24.792102,42.201471],[24.792064,42.201577],[24.792102,42.201586],[24.792143,42.20148],[24.792102,42.201471]]]},"properties":{"num":6}},{"type":"Feature","geometry":{"type":"Polygon","coordinates":[[[24.791706,42.201584],[24.791774,42.201601],[24.791799,42.201545],[24.791803,42.201523],[24.791745,42.201507],[24.791706,42.201584]]]},"properties":{"num":7}},{"type":"Feature","geometry":{"type":"Polygon","coordinates":[[[24.792048,42.20143],[24.792076,42.201366],[24.792098,42.201371],[24.792112,42.201338],[24.792138,42.201345],[24.792154,42.201311],[24.792128,42.201304],[24.792159,42.201234],[24.792022,42.2012],[24.792011,42.201223],[24.791962,42.201211],[24.79191,42.201329],[24.791964,42.201342],[24.791966,42.201338],[24.791984,42.201343],[24.791955,42.201407],[24.792048,42.20143]]]},"properties":{"num":4}},{"type":"Feature","geometry":{"type":"Polygon","coordinates":[[[24.792336,42.201438],[24.792402,42.201454],[24.792406,42.201445],[24.792459,42.201458],[24.79249,42.201385],[24.792369,42.201358],[24.792336,42.201438]]]},"properties":{"num":1}},{"type":"Feature","geometry":{"type":"Polygon","coordinates":[[[24.793306,42.201419],[24.79339,42.201367],[24.793266,42.201257],[24.793182,42.201309],[24.793306,42.201419]]]},"properties":{"num":1}},{"type":"Feature","geometry":{"type":"Polygon","coordinates":[[[24.793388,42.200839],[24.793341,42.200771],[24.793292,42.20079],[24.793296,42.200796],[24.793243,42.200817],[24.793287,42.200879],[24.793388,42.200839]]]},"properties":{"num":1}},{"type":"Feature","geometry":{"type":"Polygon","coordinates":[[[24.793362,42.200672],[24.793319,42.200689],[24.793371,42.200755],[24.793415,42.200738],[24.793362,42.200672]]]},"properties":{"num":2}},{"type":"Feature","geometry":{"type":"Polygon","coordinates":[[[24.793339,42.200996],[24.79332,42.201006],[24.793335,42.201024],[24.793353,42.201014],[24.793339,42.200996]]]},"properties":{"num":3}},{"type":"Feature","geometry":{"type":"Polygon","coordinates":[[[24.793507,42.200723],[24.793492,42.200703],[24.793424,42.200731],[24.793483,42.200811],[24.793599,42.200764],[24.793556,42.200704],[24.793507,42.200723]]]},"properties":{"num":1}},{"type":"Feature","geometry":{"type":"Polygon","coordinates":[[[24.793415,42.200738],[24.793451,42.200719],[24.793402,42.200656],[24.793362,42.200672],[24.793415,42.200738]]]},"properties":{"num":2}},{"type":"Feature","geometry":{"type":"Polygon","coordinates":[[[24.793525,42.200874],[24.793571,42.200855],[24.793526,42.200794],[24.793483,42.200811],[24.793525,42.200874]]]},"properties":{"num":3}},{"type":"Feature","geometry":{"type":"Polygon","coordinates":[[[24.79367,42.200732],[24.793644,42.200696],[24.793571,42.200725],[24.793599,42.200764],[24.79367,42.200732]]]},"properties":{"num":4}},{"type":"Feature","geometry":{"type":"Polygon","coordinates":[[[24.793749,42.200699],[24.793599,42.200764],[24.793624,42.200791],[24.793772,42.200733],[24.793749,42.200699]]]},"properties":{"num":5}},{"type":"Feature","geometry":{"type":"Polygon","coordinates":[[[24.793749,42.200699],[24.793643,42.200558],[24.793602,42.200575],[24.793709,42.200715],[24.793749,42.200699]]]},"properties":{"num":6}},{"type":"Feature","geometry":{"type":"Polygon","coordinates":[[[24.794298,42.201074],[24.794276,42.201049],[24.794237,42.201067],[24.794259,42.201092],[24.794298,42.201074]]]},"properties":{"num":1}},{"type":"Feature","geometry":{"type":"Polygon","coordinates":[[[24.794259,42.201092],[24.794237,42.201067],[24.794082,42.201142],[24.794102,42.201167],[24.794259,42.201092]]]},"properties":{"num":2}},{"type":"Feature","geometry":{"type":"Polygon","coordinates":[[[24.793717,42.200654],[24.793887,42.200584],[24.793858,42.200545],[24.793812,42.200564],[24.793795,42.200542],[24.793671,42.200593],[24.793717,42.200654]]]},"properties":{"num":1}},{"type":"Feature","geometry":{"type":"Polygon","coordinates":[[[24.794197,42.200366],[24.794146,42.200389],[24.79417,42.200422],[24.794158,42.200427],[24.794197,42.200479],[24.794264,42.20045],[24.794197,42.200366]]]},"properties":{"num":1}},{"type":"Feature","geometry":{"type":"Polygon","coordinates":[[[24.794296,42.200494],[24.794264,42.20045],[24.794197,42.200479],[24.79423,42.200522],[24.794296,42.200494]]]},"properties":{"num":2}},{"type":"Feature","geometry":{"type":"Polygon","coordinates":[[[24.794086,42.200388],[24.794117,42.200373],[24.794075,42.200317],[24.794044,42.200333],[24.794086,42.200388]]]},"properties":{"num":3}},{"type":"Feature","geometry":{"type":"Polygon","coordinates":[[[24.794264,42.20045],[24.794332,42.20042],[24.794294,42.200368],[24.794273,42.200376],[24.794249,42.200344],[24.794197,42.200366],[24.794264,42.20045]]]},"properties":{"num":1}},{"type":"Feature","geometry":{"type":"Polygon","coordinates":[[[24.794197,42.200366],[24.794239,42.200348],[24.794164,42.200267],[24.794125,42.200287],[24.794197,42.200366]]]},"properties":{"num":2}},{"type":"Feature","geometry":{"type":"Polygon","coordinates":[[[24.794439,42.200817],[24.794495,42.200907],[24.794566,42.200882],[24.794516,42.20079],[24.794439,42.200817]]]},"properties":{"num":1}},{"type":"Feature","geometry":{"type":"Polygon","coordinates":[[[24.79448,42.200802],[24.79443,42.200731],[24.794389,42.200747],[24.794439,42.200817],[24.79448,42.200802]]]},"properties":{"num":2}},{"type":"Feature","geometry":{"type":"Polygon","coordinates":[[[24.794576,42.200942],[24.794543,42.20089],[24.794495,42.200907],[24.79453,42.200959],[24.794576,42.200942]]]},"properties":{"num":3}},{"type":"Feature","geometry":{"type":"Polygon","coordinates":[[[24.794758,42.200856],[24.794733,42.200828],[24.794629,42.200877],[24.794652,42.200905],[24.794758,42.200856]]]},"properties":{"num":4}},{"type":"Feature","geometry":{"type":"Polygon","coordinates":[[[24.794466,42.200594],[24.794395,42.20063],[24.794411,42.200652],[24.794487,42.20062],[24.794466,42.200594]]]},"properties":{"num":5}},{"type":"Feature","geometry":{"type":"Polygon","coordinates":[[[24.794314,42.200296],[24.794385,42.200366],[24.794477,42.200313],[24.794415,42.200251],[24.794375,42.200274],[24.794366,42.200266],[24.794314,42.200296]]]},"properties":{"num":1}},{"type":"Feature","geometry":{"type":"Polygon","coordinates":[[[24.794263,42.200305],[24.794291,42.200289],[24.794232,42.200229],[24.794203,42.200245],[24.794263,42.200305]]]},"properties":{"num":2}},{"type":"Feature","geometry":{"type":"Polygon","coordinates":[[[24.7947,42.200488],[24.794603,42.200379],[24.794567,42.200397],[24.794662,42.200506],[24.7947,42.200488]]]},"properties":{"num":3}},{"type":"Feature","geometry":{"type":"Polygon","coordinates":[[[24.795006,42.200673],[24.79498,42.200644],[24.794998,42.200635],[24.794953,42.200586],[24.794887,42.200619],[24.794958,42.200697],[24.795006,42.200673]]]},"properties":{"num":1}},{"type":"Feature","geometry":{"type":"Polygon","coordinates":[[[24.795038,42.200562],[24.794972,42.200509],[24.794933,42.200533],[24.794996,42.200588],[24.795038,42.200562]]]},"properties":{"num":2}},{"type":"Feature","geometry":{"type":"Polygon","coordinates":[[[24.795234,42.200548],[24.7952,42.200517],[24.795216,42.200507],[24.795189,42.200481],[24.795084,42.200545],[24.795146,42.200602],[24.795234,42.200548]]]},"properties":{"num":1}},{"type":"Feature","geometry":{"type":"Polygon","coordinates":[[[24.795266,42.200477],[24.7952,42.200517],[24.795234,42.200548],[24.795301,42.200508],[24.795266,42.200477]]]},"properties":{"num":2}},{"type":"Feature","geometry":{"type":"Polygon","coordinates":[[[24.795345,42.200549],[24.795301,42.200508],[24.795264,42.20053],[24.795309,42.200571],[24.795345,42.200549]]]},"properties":{"num":3}},{"type":"Feature","geometry":{"type":"Polygon","coordinates":[[[24.794944,42.200485],[24.795038,42.200562],[24.795078,42.200536],[24.794985,42.200459],[24.794944,42.200485]]]},"properties":{"num":4}},{"type":"Feature","geometry":{"type":"Polygon","coordinates":[[[24.794944,42.200485],[24.794978,42.200464],[24.794935,42.200428],[24.794921,42.200436],[24.79491,42.200427],[24.794894,42.200437],[24.794944,42.200485]]]},"properties":{"num":5}},{"type":"Feature","geometry":{"type":"Polygon","coordinates":[[[24.795168,42.200385],[24.79514,42.200359],[24.795111,42.200377],[24.795139,42.200403],[24.795168,42.200385]]]},"properties":{"num":6}},{"type":"Feature","geometry":{"type":"Polygon","coordinates":[[[24.794806,42.200165],[24.794742,42.200105],[24.794637,42.200165],[24.794699,42.200226],[24.794806,42.200165]]]},"properties":{"num":1}},{"type":"Feature","geometry":{"type":"Polygon","coordinates":[[[24.794744,42.200002],[24.794702,42.200024],[24.794804,42.200119],[24.794845,42.200097],[24.794744,42.200002]]]},"properties":{"num":2}},{"type":"Feature","geometry":{"type":"Polygon","coordinates":[[[24.794605,42.200266],[24.794525,42.200185],[24.794483,42.200207],[24.794561,42.200289],[24.794605,42.200266]]]},"properties":{"num":3}},{"type":"Feature","geometry":{"type":"Polygon","coordinates":[[[24.794488,42.200148],[24.794447,42.200169],[24.794483,42.200207],[24.794525,42.200185],[24.794488,42.200148]]]},"properties":{"num":4}},{"type":"Feature","geometry":{"type":"Polygon","coordinates":[[[24.794704,42.20025],[24.794619,42.200166],[24.794575,42.200188],[24.794656,42.200272],[24.794704,42.20025]]]},"properties":{"num":5}},{"type":"Feature","geometry":{"type":"Polygon","coordinates":[[[24.794295,42.199971],[24.794383,42.19992],[24.794352,42.199889],[24.794342,42.199894],[24.794267,42.199821],[24.794276,42.199815],[24.794233,42.199775],[24.794144,42.199826],[24.794295,42.199971]]]},"properties":{"num":1}},{"type":"Feature","geometry":{"type":"Polygon","coordinates":[[[24.793987,42.199647],[24.793856,42.199722],[24.793881,42.199748],[24.793892,42.199741],[24.793967,42.199814],[24.794085,42.199745],[24.793987,42.199647]]]},"properties":{"num":1}},{"type":"Feature","geometry":{"type":"Polygon","coordinates":[[[24.793934,42.200121],[24.794003,42.20019],[24.794083,42.200146],[24.794014,42.200077],[24.793934,42.200121]]]},"properties":{"num":1}},{"type":"Feature","geometry":{"type":"Polygon","coordinates":[[[24.79408,42.200204],[24.794043,42.200168],[24.794003,42.20019],[24.79404,42.200226],[24.79408,42.200204]]]},"properties":{"num":2}},{"type":"Feature","geometry":{"type":"Polygon","coordinates":[[[24.794279,42.200094],[24.79409,42.199915],[24.794036,42.199942],[24.794234,42.200119],[24.794279,42.200094]]]},"properties":{"num":3}},{"type":"Feature","geometry":{"type":"Polygon","coordinates":[[[24.794014,42.200008],[24.794063,42.199978],[24.794029,42.199946],[24.793986,42.199971],[24.794014,42.200008]]]},"properties":{"num":4}},{"type":"Feature","geometry":{"type":"Polygon","coordinates":[[[24.79412,42.200183],[24.794083,42.200146],[24.794043,42.200168],[24.79408,42.200204],[24.79412,42.200183]]]},"properties":{"num":5}},{"type":"Feature","geometry":{"type":"Polygon","coordinates":[[[24.793811,42.200347],[24.79378,42.200313],[24.793732,42.200337],[24.793715,42.200322],[24.79369,42.200337],[24.793744,42.200387],[24.793811,42.200347]]]},"properties":{"num":1}},{"type":"Feature","geometry":{"type":"Polygon","coordinates":[[[24.793744,42.200387],[24.7937,42.200345],[24.793664,42.200365],[24.793708,42.200408],[24.793744,42.200387]]]},"properties":{"num":2}},{"type":"Feature","geometry":{"type":"Polygon","coordinates":[[[24.793711,42.200295],[24.793678,42.200264],[24.793669,42.200269],[24.793637,42.200239],[24.793591,42.200266],[24.793576,42.200252],[24.793534,42.200277],[24.793533,42.200296],[24.793563,42.200324],[24.793547,42.200334],[24.793597,42.200382],[24.793653,42.200349],[24.793638,42.200336],[24.793711,42.200295]]]},"properties":{"num":3}},{"type":"Feature","geometry":{"type":"Polygon","coordinates":[[[24.793329,42.200505],[24.793376,42.200567],[24.793491,42.200519],[24.793444,42.200457],[24.793329,42.200505]]]},"properties":{"num":1}},{"type":"Feature","geometry":{"type":"Polygon","coordinates":[[[24.793351,42.200578],[24.793275,42.200488],[24.793232,42.200506],[24.793309,42.200596],[24.793351,42.200578]]]},"properties":{"num":2}},{"type":"Feature","geometry":{"type":"Polygon","coordinates":[[[24.793351,42.200578],[24.793376,42.200567],[24.79336,42.200546],[24.793333,42.200557],[24.793351,42.200578]]]},"properties":{"num":3}},{"type":"Feature","geometry":{"type":"Polygon","coordinates":[[[24.793246,42.200115],[24.79327,42.200152],[24.793338,42.200126],[24.793313,42.200089],[24.793246,42.200115]]]},"properties":{"num":4}},{"type":"Feature","geometry":{"type":"Polygon","coordinates":[[[24.793129,42.200158],[24.793159,42.200199],[24.79327,42.200152],[24.793246,42.200115],[24.793129,42.200158]]]},"properties":{"num":5}},{"type":"Feature","geometry":{"type":"Polygon","coordinates":[[[24.793084,42.20054],[24.793112,42.200578],[24.793202,42.200543],[24.793136,42.200455],[24.793041,42.2005],[24.793074,42.200544],[24.793084,42.20054]]]},"properties":{"num":1}},{"type":"Feature","geometry":{"type":"Polygon","coordinates":[[[24.793303,42.200598],[24.793261,42.200555],[24.793224,42.200569],[24.79326,42.200614],[24.793303,42.200598]]]},"properties":{"num":2}},{"type":"Feature","geometry":{"type":"Polygon","coordinates":[[[24.793016,42.200673],[24.79304,42.200702],[24.793081,42.200685],[24.793056,42.200656],[24.793016,42.200673]]]},"properties":{"num":3}},{"type":"Feature","geometry":{"type":"Polygon","coordinates":[[[24.793016,42.200673],[24.793056,42.200656],[24.792993,42.200583],[24.792953,42.2006],[24.793016,42.200673]]]},"properties":{"num":4}},{"type":"Feature","geometry":{"type":"Polygon","coordinates":[[[24.792953,42.2006],[24.792993,42.200583],[24.792913,42.200482],[24.792873,42.200499],[24.792953,42.2006]]]},"properties":{"num":5}},{"type":"Feature","geometry":{"type":"Polygon","coordinates":[[[24.792386,42.20085],[24.792426,42.200891],[24.792423,42.200893],[24.79243,42.200904],[24.792451,42.200926],[24.792523,42.200888],[24.792472,42.200836],[24.792466,42.200839],[24.792444,42.200818],[24.792386,42.20085]]]},"properties":{"num":1}},{"type":"Feature","geometry":{"type":"Polygon","coordinates":[[[24.792407,42.200758],[24.792344,42.2007],[24.79225,42.200755],[24.792327,42.200822],[24.792414,42.200769],[24.792404,42.20076],[24.792407,42.200758]]]},"properties":{"num":1}},{"type":"Feature","geometry":{"type":"Polygon","coordinates":[[[24.792344,42.200619],[24.792269,42.200661],[24.792303,42.200698],[24.792378,42.200655],[24.792344,42.200619]]]},"properties":{"num":2}},{"type":"Feature","geometry":{"type":"Polygon","coordinates":[[[24.792087,42.20074],[24.791971,42.200813],[24.791988,42.200829],[24.792107,42.200758],[24.792087,42.20074]]]},"properties":{"num":1}},{"type":"Feature","geometry":{"type":"Polygon","coordinates":[[[24.792192,42.20066],[24.792213,42.200649],[24.792219,42.200655],[24.792274,42.200625],[24.792223,42.20057],[24.792145,42.20061],[24.792192,42.20066]]]},"properties":{"num":2}},{"type":"Feature","geometry":{"type":"Polygon","coordinates":[[[24.7918,42.200216],[24.791776,42.200221],[24.791766,42.200193],[24.791698,42.200206],[24.791722,42.200284],[24.791818,42.200268],[24.7918,42.200216]]]},"properties":{"num":1}},{"type":"Feature","geometry":{"type":"Polygon","coordinates":[[[24.791833,42.200316],[24.791818,42.200268],[24.791722,42.200284],[24.79175,42.200361],[24.791818,42.20035],[24.791808,42.20032],[24.791833,42.200316]]]},"properties":{"num":2}},{"type":"Feature","geometry":{"type":"Polygon","coordinates":[[[24.791316,42.200675],[24.791313,42.200667],[24.791352,42.200656],[24.791329,42.200611],[24.791213,42.200642],[24.791235,42.20069],[24.791247,42.200687],[24.791251,42.200694],[24.791316,42.200675]]]},"properties":{"num":1}},{"type":"Feature","geometry":{"type":"Polygon","coordinates":[[[24.791166,42.200761],[24.791163,42.200702],[24.791014,42.200711],[24.791022,42.200769],[24.791166,42.200761]]]},"properties":{"num":2}},{"type":"Feature","geometry":{"type":"Polygon","coordinates":[[[24.791251,42.200747],[24.791262,42.200796],[24.791415,42.200782],[24.791404,42.200732],[24.791251,42.200747]]]},"properties":{"num":3}},{"type":"Feature","geometry":{"type":"Polygon","coordinates":[[[24.790674,42.200557],[24.790628,42.200484],[24.790522,42.20052],[24.790569,42.200594],[24.790674,42.200557]]]},"properties":{"num":1}},{"type":"Feature","geometry":{"type":"Polygon","coordinates":[[[24.79055,42.200564],[24.790465,42.200594],[24.790483,42.200623],[24.790569,42.200594],[24.79055,42.200564]]]},"properties":{"num":2}},{"type":"Feature","geometry":{"type":"Polygon","coordinates":[[[24.791234,42.200303],[24.791186,42.200316],[24.791178,42.200299],[24.791104,42.20032],[24.791133,42.200377],[24.791255,42.200342],[24.791234,42.200303]]]},"properties":{"num":1}},{"type":"Feature","geometry":{"type":"Polygon","coordinates":[[[24.791279,42.200391],[24.791223,42.200407],[24.791257,42.200474],[24.791314,42.200457],[24.791279,42.200391]]]},"properties":{"num":2}},{"type":"Feature","geometry":{"type":"Polygon","coordinates":[[[24.790939,42.200324],[24.790959,42.200354],[24.791009,42.200337],[24.791016,42.200349],[24.79105,42.200338],[24.791043,42.200326],[24.791085,42.200312],[24.791066,42.200279],[24.790939,42.200324]]]},"properties":{"num":3}},{"type":"Feature","geometry":{"type":"Polygon","coordinates":[[[24.790959,42.200354],[24.790966,42.200366],[24.791016,42.200349],[24.791009,42.200337],[24.790959,42.200354]]]},"properties":{"num":4}},{"type":"Feature","geometry":{"type":"Polygon","coordinates":[[[24.791269,42.200371],[24.791255,42.200342],[24.791141,42.200374],[24.791155,42.200403],[24.791269,42.200371]]]},"properties":{"num":5}},{"type":"Feature","geometry":{"type":"Polygon","coordinates":[[[24.791338,42.200511],[24.791314,42.200457],[24.791257,42.200474],[24.791284,42.200524],[24.791338,42.200511]]]},"properties":{"num":6}},{"type":"Feature","geometry":{"type":"Polygon","coordinates":[[[24.791372,42.200288],[24.791491,42.200246],[24.791476,42.200225],[24.791461,42.200231],[24.791437,42.200198],[24.791335,42.200231],[24.791372,42.200288]]]},"properties":{"num":1}},{"type":"Feature","geometry":{"type":"Polygon","coordinates":[[[24.791337,42.200363],[24.7914,42.200345],[24.791352,42.200256],[24.791293,42.200273],[24.791337,42.200363]]]},"properties":{"num":2}},{"type":"Feature","geometry":{"type":"Polygon","coordinates":[[[24.791455,42.200142],[24.791474,42.200173],[24.791508,42.200161],[24.791519,42.20018],[24.791566,42.200164],[24.791536,42.200114],[24.791455,42.200142]]]},"properties":{"num":3}},{"type":"Feature","geometry":{"type":"Polygon","coordinates":[[[24.792007,42.200102],[24.792119,42.200083],[24.792107,42.200045],[24.792062,42.200053],[24.792053,42.200025],[24.791985,42.200034],[24.792007,42.200102]]]},"properties":{"num":1}},{"type":"Feature","geometry":{"type":"Polygon","coordinates":[[[24.792136,42.19992],[24.792164,42.199973],[24.792279,42.199935],[24.792251,42.199881],[24.792136,42.19992]]]},"properties":{"num":2}},{"type":"Feature","geometry":{"type":"Polygon","coordinates":[[[24.792011,42.20012],[24.792077,42.200188],[24.792113,42.200171],[24.792067,42.200124],[24.792055,42.200094],[24.792007,42.200102],[24.792011,42.20012]]]},"properties":{"num":4}},{"type":"Feature","geometry":{"type":"Polygon","coordinates":[[[24.7927,42.19983],[24.792581,42.199864],[24.792633,42.199966],[24.792753,42.199931],[24.7927,42.19983]]]},"properties":{"num":1}},{"type":"Feature","geometry":{"type":"Polygon","coordinates":[[[24.792696,42.199755],[24.792657,42.199766],[24.792695,42.199823],[24.792732,42.19981],[24.792696,42.199755]]]},"properties":{"num":2}},{"type":"Feature","geometry":{"type":"Polygon","coordinates":[[[24.792593,42.199931],[24.792505,42.199958],[24.792524,42.199991],[24.792611,42.199964],[24.792593,42.199931]]]},"properties":{"num":3}},{"type":"Feature","geometry":{"type":"Polygon","coordinates":[[[24.792491,42.200022],[24.792464,42.199977],[24.792388,42.200001],[24.792415,42.200046],[24.792491,42.200022]]]},"properties":{"num":4}},{"type":"Feature","geometry":{"type":"Polygon","coordinates":[[[24.792601,42.200172],[24.79255,42.200086],[24.792486,42.200112],[24.792536,42.200198],[24.792601,42.200172]]]},"properties":{"num":5}},{"type":"Feature","geometry":{"type":"Polygon","coordinates":[[[24.792536,42.200198],[24.792599,42.200312],[24.792663,42.200286],[24.792601,42.200172],[24.792536,42.200198]]]},"properties":{"num":6}},{"type":"Feature","geometry":{"type":"Polygon","coordinates":[[[24.792978,42.200186],[24.792911,42.200084],[24.792867,42.2001],[24.792935,42.200202],[24.792978,42.200186]]]},"properties":{"num":7}},{"type":"Feature","geometry":{"type":"Polygon","coordinates":[[[24.793684,42.199909],[24.793652,42.19987],[24.793608,42.199892],[24.793598,42.199879],[24.793563,42.199895],[24.793572,42.199909],[24.79353,42.199928],[24.793561,42.199967],[24.793684,42.199909]]]},"properties":{"num":1}},{"type":"Feature","geometry":{"type":"Polygon","coordinates":[[[24.793513,42.199987],[24.793561,42.199967],[24.79353,42.199928],[24.793484,42.199947],[24.793513,42.199987]]]},"properties":{"num":2}},{"type":"Feature","geometry":{"type":"Polygon","coordinates":[[[24.793353,42.200068],[24.793515,42.199995],[24.793472,42.199937],[24.793311,42.200011],[24.793353,42.200068]]]},"properties":{"num":3}},{"type":"Feature","geometry":{"type":"Polygon","coordinates":[[[24.79323,42.199624],[24.793117,42.19967],[24.793167,42.19974],[24.79328,42.199695],[24.79323,42.199624]]]},"properties":{"num":1}},{"type":"Feature","geometry":{"type":"Polygon","coordinates":[[[24.793374,42.199518],[24.79329,42.19955],[24.793334,42.199602],[24.793418,42.19957],[24.793374,42.199518]]]},"properties":{"num":2}},{"type":"Feature","geometry":{"type":"Polygon","coordinates":[[[24.793198,42.199864],[24.79328,42.199832],[24.793259,42.1998],[24.793209,42.199816],[24.793151,42.199744],[24.793115,42.19976],[24.793198,42.199864]]]},"properties":{"num":3}},{"type":"Feature","geometry":{"type":"Polygon","coordinates":[[[24.793508,42.199625],[24.793604,42.199588],[24.793545,42.199502],[24.793448,42.19954],[24.793508,42.199625]]]},"properties":{"num":1}},{"type":"Feature","geometry":{"type":"Polygon","coordinates":[[[24.793567,42.199704],[24.79361,42.199687],[24.793562,42.199624],[24.793519,42.19964],[24.793567,42.199704]]]},"properties":{"num":2}},{"type":"Feature","geometry":{"type":"Polygon","coordinates":[[[24.793808,42.199431],[24.793763,42.199439],[24.793758,42.199423],[24.79371,42.199435],[24.793713,42.199447],[24.793682,42.199452],[24.793693,42.199491],[24.793819,42.19947],[24.793808,42.199431]]]},"properties":{"num":1}},{"type":"Feature","geometry":{"type":"Polygon","coordinates":[[[24.79357,42.199488],[24.793623,42.199468],[24.793596,42.199431],[24.793543,42.199452],[24.79357,42.199488]]]},"properties":{"num":2}},{"type":"Feature","geometry":{"type":"Polygon","coordinates":[[[24.793912,42.199359],[24.793859,42.199379],[24.793927,42.199475],[24.793982,42.199453],[24.793912,42.199359]]]},"properties":{"num":1}},{"type":"Feature","geometry":{"type":"Polygon","coordinates":[[[24.794755,42.199141],[24.79478,42.199157],[24.794823,42.199128],[24.794833,42.199136],[24.794883,42.199102],[24.794806,42.19904],[24.794774,42.199062],[24.794759,42.199051],[24.794701,42.199091],[24.794755,42.199141]]]},"properties":{"num":1}},{"type":"Feature","geometry":{"type":"Polygon","coordinates":[[[24.794876,42.199279],[24.794992,42.199212],[24.794968,42.199167],[24.794877,42.19922],[24.794867,42.19921],[24.794836,42.199228],[24.794876,42.199279]]]},"properties":{"num":2}},{"type":"Feature","geometry":{"type":"Polygon","coordinates":[[[24.795437,42.199065],[24.795405,42.199013],[24.795226,42.199075],[24.795259,42.199125],[24.795437,42.199065]]]},"properties":{"num":1}},{"type":"Feature","geometry":{"type":"Polygon","coordinates":[[[24.795044,42.19906],[24.795018,42.199009],[24.794985,42.199018],[24.794967,42.198982],[24.794915,42.198997],[24.794958,42.199084],[24.795044,42.19906]]]},"properties":{"num":2}},{"type":"Feature","geometry":{"type":"Polygon","coordinates":[[[24.795136,42.199166],[24.795093,42.199103],[24.794971,42.199143],[24.795014,42.199206],[24.795136,42.199166]]]},"properties":{"num":3}},{"type":"Feature","geometry":{"type":"Polygon","coordinates":[[[24.795021,42.198922],[24.795043,42.198972],[24.795088,42.198963],[24.795062,42.198913],[24.795021,42.198922]]]},"properties":{"num":4}},{"type":"Feature","geometry":{"type":"Polygon","coordinates":[[[24.795062,42.198913],[24.795088,42.198963],[24.79513,42.198951],[24.795111,42.198903],[24.795062,42.198913]]]},"properties":{"num":5}},{"type":"Feature","geometry":{"type":"Polygon","coordinates":[[[24.795271,42.198869],[24.795176,42.198889],[24.795195,42.19894],[24.795289,42.19892],[24.795271,42.198869]]]},"properties":{"num":6}},{"type":"Feature","geometry":{"type":"Polygon","coordinates":[[[24.795138,42.199541],[24.795219,42.199471],[24.795174,42.199443],[24.795143,42.199471],[24.795116,42.199454],[24.795068,42.199497],[24.795138,42.199541]]]},"properties":{"num":1}},{"type":"Feature","geometry":{"type":"Polygon","coordinates":[[[24.795324,42.199445],[24.79529,42.199412],[24.795218,42.199451],[24.795253,42.199485],[24.795324,42.199445]]]},"properties":{"num":2}},{"type":"Feature","geometry":{"type":"Polygon","coordinates":[[[24.794916,42.199256],[24.794942,42.19928],[24.794997,42.199247],[24.794972,42.199224],[24.794916,42.199256]]]},"properties":{"num":3}},{"type":"Feature","geometry":{"type":"Polygon","coordinates":[[[24.795336,42.199386],[24.79529,42.199412],[24.795324,42.199445],[24.79537,42.199419],[24.795336,42.199386]]]},"properties":{"num":4}},{"type":"Feature","geometry":{"type":"Polygon","coordinates":[[[24.795413,42.199395],[24.795379,42.199362],[24.795336,42.199386],[24.79537,42.199419],[24.795413,42.199395]]]},"properties":{"num":5}},{"type":"Feature","geometry":{"type":"Polygon","coordinates":[[[24.795545,42.198935],[24.79552,42.198864],[24.795439,42.19888],[24.795447,42.198902],[24.795392,42.198913],[24.79541,42.198962],[24.795545,42.198935]]]},"properties":{"num":1}},{"type":"Feature","geometry":{"type":"Polygon","coordinates":[[[24.79534,42.198855],[24.795307,42.198862],[24.795337,42.198908],[24.795367,42.198898],[24.79534,42.198855]]]},"properties":{"num":2}},{"type":"Feature","geometry":{"type":"Polygon","coordinates":[[[24.795425,42.198996],[24.795508,42.19898],[24.795496,42.198945],[24.79541,42.198962],[24.795425,42.198996]]]},"properties":{"num":3}},{"type":"Feature","geometry":{"type":"Polygon","coordinates":[[[24.795496,42.198945],[24.795507,42.198975],[24.795556,42.198964],[24.795545,42.198935],[24.795496,42.198945]]]},"properties":{"num":4}},{"type":"Feature","geometry":{"type":"Polygon","coordinates":[[[24.795543,42.19893],[24.795558,42.19897],[24.795614,42.198949],[24.795588,42.198914],[24.795543,42.19893]]]},"properties":{"num":5}},{"type":"Feature","geometry":{"type":"Polygon","coordinates":[[[24.795619,42.198889],[24.795581,42.198904],[24.795614,42.198949],[24.79565,42.198937],[24.795619,42.198889]]]},"properties":{"num":6}},{"type":"Feature","geometry":{"type":"Polygon","coordinates":[[[24.795619,42.198889],[24.795675,42.198975],[24.795706,42.198965],[24.795648,42.198878],[24.795619,42.198889]]]},"properties":{"num":7}},{"type":"Feature","geometry":{"type":"Polygon","coordinates":[[[24.795851,42.198792],[24.795747,42.198813],[24.795776,42.1989],[24.795881,42.198879],[24.795851,42.198792]]]},"properties":{"num":1}},{"type":"Feature","geometry":{"type":"Polygon","coordinates":[[[24.795864,42.19883],[24.795911,42.198821],[24.795893,42.198768],[24.795846,42.198777],[24.795864,42.19883]]]},"properties":{"num":2}},{"type":"Feature","geometry":{"type":"Polygon","coordinates":[[[24.795787,42.198931],[24.795893,42.198911],[24.795881,42.198879],[24.795776,42.1989],[24.795787,42.198931]]]},"properties":{"num":3}},{"type":"Feature","geometry":{"type":"Polygon","coordinates":[[[24.796091,42.198747],[24.795975,42.19877],[24.796016,42.198881],[24.796133,42.198858],[24.796091,42.198747]]]},"properties":{"num":1}},{"type":"Feature","geometry":{"type":"Polygon","coordinates":[[[24.796542,42.199268],[24.796425,42.199226],[24.796402,42.199262],[24.79652,42.199303],[24.796542,42.199268]]]},"properties":{"num":1}},{"type":"Feature","geometry":{"type":"Polygon","coordinates":[[[24.796345,42.199242],[24.796366,42.199211],[24.796314,42.199192],[24.79629,42.199223],[24.796345,42.199242]]]},"properties":{"num":2}},{"type":"Feature","geometry":{"type":"Polygon","coordinates":[[[24.796657,42.199087],[24.796587,42.199059],[24.79656,42.19909],[24.796636,42.199121],[24.796657,42.199087]]]},"properties":{"num":3}},{"type":"Feature","geometry":{"type":"Polygon","coordinates":[[[24.796576,42.199113],[24.796462,42.199072],[24.796417,42.19914],[24.796469,42.199159],[24.796464,42.199166],[24.796526,42.199188],[24.796576,42.199113]]]},"properties":{"num":1}},{"type":"Feature","geometry":{"type":"Polygon","coordinates":[[[24.795138,42.199541],[24.795265,42.199623],[24.795312,42.199585],[24.795185,42.1995],[24.795138,42.199541]]]},"properties":{"num":1}},{"type":"Feature","geometry":{"type":"Polygon","coordinates":[[[24.796239,42.199443],[24.796126,42.199597],[24.796213,42.199631],[24.796326,42.199477],[24.796239,42.199443]]]},"properties":{"num":1}},{"type":"Feature","geometry":{"type":"Polygon","coordinates":[[[24.795983,42.199789],[24.795918,42.199856],[24.796009,42.199905],[24.796075,42.199837],[24.795983,42.199789]]]},"properties":{"num":1}},{"type":"Feature","geometry":{"type":"Polygon","coordinates":[[[24.796149,42.199856],[24.7962,42.199785],[24.796141,42.199762],[24.796091,42.199831],[24.796149,42.199856]]]},"properties":{"num":2}},{"type":"Feature","geometry":{"type":"Polygon","coordinates":[[[24.796057,42.199959],[24.796002,42.199934],[24.795909,42.20003],[24.795939,42.20005],[24.795979,42.200047],[24.796057,42.199959]]]},"properties":{"num":3}},{"type":"Feature","geometry":{"type":"Polygon","coordinates":[[[24.79555,42.199805],[24.795732,42.199919],[24.795774,42.199882],[24.795595,42.19977],[24.79555,42.199805]]]},"properties":{"num":4}},{"type":"Feature","geometry":{"type":"Polygon","coordinates":[[[24.796016,42.199806],[24.796041,42.199819],[24.796053,42.199807],[24.796027,42.199794],[24.796016,42.199806]]]},"properties":{"num":5}},{"type":"Feature","geometry":{"type":"Polygon","coordinates":[[[24.79628,42.200076],[24.796223,42.200124],[24.796241,42.200135],[24.796209,42.200162],[24.796269,42.200201],[24.796362,42.200126],[24.79628,42.200076]]]},"properties":{"num":1}},{"type":"Feature","geometry":{"type":"Polygon","coordinates":[[[24.79634,42.200143],[24.796264,42.200206],[24.796296,42.200227],[24.796372,42.200165],[24.79634,42.200143]]]},"properties":{"num":2}},{"type":"Feature","geometry":{"type":"Polygon","coordinates":[[[24.796522,42.200105],[24.796348,42.200017],[24.796319,42.200051],[24.796424,42.200105],[24.796431,42.200098],[24.796498,42.200132],[24.796522,42.200105]]]},"properties":{"num":3}},{"type":"Feature","geometry":{"type":"Polygon","coordinates":[[[24.796923,42.200492],[24.796872,42.200537],[24.796892,42.20055],[24.796861,42.200576],[24.796921,42.200614],[24.797003,42.200543],[24.796923,42.200492]]]},"properties":{"num":1}},{"type":"Feature","geometry":{"type":"Polygon","coordinates":[[[24.796537,42.200387],[24.79658,42.200406],[24.796622,42.200355],[24.796578,42.200336],[24.796537,42.200387]]]},"properties":{"num":4}},{"type":"Feature","geometry":{"type":"Polygon","coordinates":[[[24.797046,42.20052],[24.79702,42.200507],[24.796995,42.200538],[24.797019,42.200553],[24.797046,42.20052]]]},"properties":{"num":5}},{"type":"Feature","geometry":{"type":"Polygon","coordinates":[[[24.796995,42.200575],[24.796979,42.200564],[24.79694,42.200598],[24.796957,42.200608],[24.796995,42.200575]]]},"properties":{"num":6}},{"type":"Feature","geometry":{"type":"Polygon","coordinates":[[[24.797068,42.200492],[24.797116,42.200433],[24.796905,42.200343],[24.796881,42.200373],[24.796895,42.200378],[24.796874,42.200405],[24.796878,42.200411],[24.796924,42.200431],[24.796909,42.20045],[24.796962,42.200472],[24.79697,42.200471],[24.796979,42.200459],[24.797013,42.200473],[24.797016,42.20047],[24.797068,42.200492]]]},"properties":{"num":7}},{"type":"Feature","geometry":{"type":"Polygon","coordinates":[[[24.796988,42.20035],[24.79708,42.200388],[24.797137,42.200313],[24.797046,42.200274],[24.796988,42.20035]]]},"properties":{"num":1}},{"type":"Feature","geometry":{"type":"Polygon","coordinates":[[[24.796503,42.199974],[24.796431,42.199943],[24.796409,42.199971],[24.796364,42.199953],[24.796337,42.199988],[24.796454,42.200038],[24.796503,42.199974]]]},"properties":{"num":1}},{"type":"Feature","geometry":{"type":"Polygon","coordinates":[[[24.796454,42.200038],[24.796341,42.19999],[24.79633,42.200003],[24.796441,42.200056],[24.796454,42.200038]]]},"properties":{"num":2}},{"type":"Feature","geometry":{"type":"Polygon","coordinates":[[[24.796328,42.200006],[24.796348,42.199974],[24.796277,42.199938],[24.796253,42.19997],[24.796328,42.200006]]]},"properties":{"num":3}},{"type":"Feature","geometry":{"type":"Polygon","coordinates":[[[24.796277,42.199938],[24.7963,42.19995],[24.796332,42.199908],[24.796308,42.199898],[24.796277,42.199938]]]},"properties":{"num":4}},{"type":"Feature","geometry":{"type":"Polygon","coordinates":[[[24.796379,42.199903],[24.796443,42.199818],[24.796389,42.199795],[24.796322,42.19988],[24.796379,42.199903]]]},"properties":{"num":5}},{"type":"Feature","geometry":{"type":"Polygon","coordinates":[[[24.796596,42.200144],[24.796619,42.200121],[24.79658,42.200099],[24.796556,42.200123],[24.796596,42.200144]]]},"properties":{"num":6}},{"type":"Feature","geometry":{"type":"Polygon","coordinates":[[[24.796611,42.199803],[24.796664,42.199728],[24.796588,42.199699],[24.796585,42.199703],[24.796541,42.199686],[24.796497,42.19976],[24.796611,42.199803]]]},"properties":{"num":1}},{"type":"Feature","geometry":{"type":"Polygon","coordinates":[[[24.796541,42.199686],[24.796585,42.199703],[24.796608,42.199671],[24.796511,42.19963],[24.796486,42.199664],[24.796505,42.199671],[24.796497,42.199682],[24.796536,42.199695],[24.796541,42.199686]]]},"properties":{"num":2}},{"type":"Feature","geometry":{"type":"Polygon","coordinates":[[[24.796678,42.199627],[24.796553,42.199573],[24.796527,42.19961],[24.796656,42.199658],[24.796678,42.199627]]]},"properties":{"num":3}},{"type":"Feature","geometry":{"type":"Polygon","coordinates":[[[24.797245,42.199867],[24.79723,42.199846],[24.797203,42.199837],[24.797173,42.199846],[24.797133,42.199835],[24.797088,42.199919],[24.79719,42.199948],[24.797188,42.199952],[24.797227,42.199963],[24.797247,42.199957],[24.797288,42.19988],[24.797245,42.199867]]]},"properties":{"num":1}},{"type":"Feature","geometry":{"type":"Polygon","coordinates":[[[24.796678,42.199627],[24.796704,42.19959],[24.796742,42.199604],[24.796783,42.199541],[24.796716,42.199515],[24.796699,42.199539],[24.796656,42.199524],[24.796607,42.199598],[24.796678,42.199627]]]},"properties":{"num":1}},{"type":"Feature","geometry":{"type":"Polygon","coordinates":[[[24.796607,42.199598],[24.79663,42.199563],[24.796573,42.199544],[24.796553,42.199573],[24.796607,42.199598]]]},"properties":{"num":2}},{"type":"Feature","geometry":{"type":"Polygon","coordinates":[[[24.796636,42.199452],[24.796672,42.199465],[24.796682,42.199449],[24.796646,42.199436],[24.796636,42.199452]]]},"properties":{"num":3}},{"type":"Feature","geometry":{"type":"Polygon","coordinates":[[[24.796751,42.199374],[24.796729,42.199408],[24.796783,42.199427],[24.796776,42.199439],[24.796845,42.199464],[24.796854,42.199453],[24.796882,42.199462],[24.796935,42.199382],[24.796795,42.199332],[24.796764,42.199379],[24.796751,42.199374]]]},"properties":{"num":1}},{"type":"Feature","geometry":{"type":"Polygon","coordinates":[[[24.796751,42.199374],[24.796764,42.199379],[24.796795,42.199332],[24.796729,42.199309],[24.796689,42.199371],[24.796741,42.199391],[24.796751,42.199374]]]},"properties":{"num":2}},{"type":"Feature","geometry":{"type":"Polygon","coordinates":[[[24.796761,42.19926],[24.796743,42.199287],[24.79681,42.199307],[24.79683,42.199277],[24.796761,42.19926]]]},"properties":{"num":3}},{"type":"Feature","geometry":{"type":"Polygon","coordinates":[[[24.796882,42.199462],[24.796854,42.199453],[24.796843,42.199468],[24.796871,42.199478],[24.796882,42.199462]]]},"properties":{"num":4}},{"type":"Feature","geometry":{"type":"Polygon","coordinates":[[[24.796842,42.199238],[24.796974,42.19928],[24.797017,42.199207],[24.796934,42.199181],[24.796924,42.1992],[24.796874,42.199184],[24.796842,42.199238]]]},"properties":{"num":1}},{"type":"Feature","geometry":{"type":"Polygon","coordinates":[[[24.796856,42.199104],[24.797035,42.199166],[24.797055,42.199133],[24.796877,42.19907],[24.796856,42.199104]]]},"properties":{"num":2}},{"type":"Feature","geometry":{"type":"Polygon","coordinates":[[[24.797743,42.199336],[24.797854,42.199381],[24.797903,42.199316],[24.797793,42.19927],[24.797743,42.199336]]]},"properties":{"num":1}},{"type":"Feature","geometry":{"type":"Polygon","coordinates":[[[24.797765,42.199375],[24.797825,42.199399],[24.797841,42.199376],[24.797782,42.199352],[24.797765,42.199375]]]},"properties":{"num":2}},{"type":"Feature","geometry":{"type":"Polygon","coordinates":[[[24.797874,42.199456],[24.797827,42.199436],[24.797799,42.199471],[24.797847,42.199491],[24.797874,42.199456]]]},"properties":{"num":3}},{"type":"Feature","geometry":{"type":"Polygon","coordinates":[[[24.797827,42.199517],[24.797847,42.199491],[24.797784,42.199464],[24.797761,42.199494],[24.797827,42.199517]]]},"properties":{"num":4}},{"type":"Feature","geometry":{"type":"Polygon","coordinates":[[[24.797795,42.199558],[24.797827,42.199517],[24.79771,42.199476],[24.797685,42.199515],[24.797795,42.199558]]]},"properties":{"num":5}},{"type":"Feature","geometry":{"type":"Polygon","coordinates":[[[24.797418,42.199366],[24.797431,42.199347],[24.797391,42.199331],[24.797377,42.199349],[24.797312,42.199324],[24.797286,42.199362],[24.797425,42.199416],[24.797452,42.199379],[24.797418,42.199366]]]},"properties":{"num":1}},{"type":"Feature","geometry":{"type":"Polygon","coordinates":[[[24.797583,42.199184],[24.797496,42.199148],[24.797449,42.199213],[24.797535,42.199248],[24.797583,42.199184]]]},"properties":{"num":2}},{"type":"Feature","geometry":{"type":"Polygon","coordinates":[[[24.797669,42.199219],[24.797583,42.199184],[24.797535,42.199248],[24.797621,42.199283],[24.797669,42.199219]]]},"properties":{"num":3}},{"type":"Feature","geometry":{"type":"Polygon","coordinates":[[[24.797058,42.1991],[24.797098,42.199039],[24.796989,42.199],[24.796953,42.199064],[24.797058,42.1991]]]},"properties":{"num":1}},{"type":"Feature","geometry":{"type":"Polygon","coordinates":[[[24.797041,42.199128],[24.797058,42.1991],[24.796953,42.199064],[24.796935,42.199091],[24.797041,42.199128]]]},"properties":{"num":2}},{"type":"Feature","geometry":{"type":"Polygon","coordinates":[[[24.796978,42.198903],[24.79705,42.198926],[24.797073,42.198888],[24.797002,42.198866],[24.796978,42.198903]]]},"properties":{"num":3}},{"type":"Feature","geometry":{"type":"Polygon","coordinates":[[[24.796952,42.19895],[24.796993,42.198964],[24.79702,42.198916],[24.79698,42.198904],[24.796952,42.19895]]]},"properties":{"num":4}},{"type":"Feature","geometry":{"type":"Polygon","coordinates":[[[24.798093,42.199174],[24.798154,42.199095],[24.798079,42.199059],[24.798063,42.199078],[24.798016,42.199056],[24.797967,42.19912],[24.798093,42.199174]]]},"properties":{"num":1}},{"type":"Feature","geometry":{"type":"Polygon","coordinates":[[[24.797743,42.199023],[24.797967,42.19912],[24.798018,42.199055],[24.797796,42.198958],[24.797743,42.199023]]]},"properties":{"num":2}},{"type":"Feature","geometry":{"type":"Polygon","coordinates":[[[24.797462,42.198486],[24.797386,42.19846],[24.797368,42.198489],[24.797321,42.198473],[24.797298,42.19851],[24.79742,42.198552],[24.797462,42.198486]]]},"properties":{"num":1}},{"type":"Feature","geometry":{"type":"Polygon","coordinates":[[[24.797397,42.198572],[24.79741,42.198549],[24.797302,42.198511],[24.797288,42.198535],[24.797397,42.198572]]]},"properties":{"num":2}},{"type":"Feature","geometry":{"type":"Polygon","coordinates":[[[24.797288,42.198535],[24.797304,42.198501],[24.797224,42.198476],[24.797205,42.198508],[24.797288,42.198535]]]},"properties":{"num":3}},{"type":"Feature","geometry":{"type":"Polygon","coordinates":[[[24.797342,42.198286],[24.797395,42.198307],[24.797469,42.198181],[24.797422,42.198157],[24.797342,42.198286]]]},"properties":{"num":1}},{"type":"Feature","geometry":{"type":"Polygon","coordinates":[[[24.79767,42.198141],[24.79773,42.198076],[24.797647,42.198033],[24.797583,42.198097],[24.79767,42.198141]]]},"properties":{"num":1}},{"type":"Feature","geometry":{"type":"Polygon","coordinates":[[[24.798027,42.198541],[24.79809,42.198458],[24.797991,42.198417],[24.797928,42.1985],[24.798027,42.198541]]]},"properties":{"num":1}},{"type":"Feature","geometry":{"type":"Polygon","coordinates":[[[24.797872,42.198373],[24.797916,42.198392],[24.797959,42.198338],[24.797919,42.198319],[24.797872,42.198373]]]},"properties":{"num":2}},{"type":"Feature","geometry":{"type":"Polygon","coordinates":[[[24.798355,42.198709],[24.798289,42.198685],[24.798272,42.19871],[24.798235,42.198697],[24.79821,42.198733],[24.798312,42.198772],[24.798355,42.198709]]]},"properties":{"num":1}},{"type":"Feature","geometry":{"type":"Polygon","coordinates":[[[24.79829,42.198842],[24.798316,42.198807],[24.798206,42.198758],[24.798181,42.198794],[24.79829,42.198842]]]},"properties":{"num":2}},{"type":"Feature","geometry":{"type":"Polygon","coordinates":[[[24.787742,42.198531],[24.787729,42.198583],[24.787742,42.198585],[24.787734,42.198613],[24.787798,42.198621],[24.787822,42.198533],[24.787757,42.198526],[24.787756,42.198533],[24.787742,42.198531]]]},"properties":{"num":1}},{"type":"Feature","geometry":{"type":"Polygon","coordinates":[[[24.797821,42.197312],[24.797688,42.197276],[24.797661,42.197331],[24.797794,42.197367],[24.797821,42.197312]]]},"properties":{"num":1}},{"type":"Feature","geometry":{"type":"Polygon","coordinates":[[[24.796971,42.197114],[24.796822,42.197073],[24.79681,42.197096],[24.796959,42.197138],[24.796971,42.197114]]]},"properties":{"num":3}},{"type":"Feature","geometry":{"type":"Polygon","coordinates":[[[24.796996,42.197064],[24.796848,42.197024],[24.796822,42.197073],[24.796971,42.197114],[24.796996,42.197064]]]},"properties":{"num":4}},{"type":"Feature","geometry":{"type":"Polygon","coordinates":[[[24.797079,42.197172],[24.797091,42.197148],[24.797015,42.197126],[24.797002,42.19715],[24.797079,42.197172]]]},"properties":{"num":5}},{"type":"Feature","geometry":{"type":"Polygon","coordinates":[[[24.797164,42.197017],[24.797074,42.196995],[24.797045,42.19706],[24.797073,42.197067],[24.797061,42.197094],[24.797123,42.197109],[24.797164,42.197017]]]},"properties":{"num":6}},{"type":"Feature","geometry":{"type":"Polygon","coordinates":[[[24.79704,42.196987],[24.796992,42.19698],[24.796985,42.197004],[24.797033,42.197011],[24.79704,42.196987]]]},"properties":{"num":7}},{"type":"Feature","geometry":{"type":"Polygon","coordinates":[[[24.797002,42.19715],[24.797015,42.197126],[24.796971,42.197114],[24.796959,42.197138],[24.797002,42.19715]]]},"properties":{"num":8}},{"type":"Feature","geometry":{"type":"Polygon","coordinates":[[[24.796377,42.197669],[24.796415,42.197611],[24.796348,42.197587],[24.796333,42.19761],[24.796287,42.197593],[24.796263,42.197629],[24.796377,42.197669]]]},"properties":{"num":2}},{"type":"Feature","geometry":{"type":"Polygon","coordinates":[[[24.796202,42.197271],[24.796236,42.197285],[24.796261,42.197254],[24.796227,42.19724],[24.796202,42.197271]]]},"properties":{"num":1}},{"type":"Feature","geometry":{"type":"Polygon","coordinates":[[[24.795918,42.19724],[24.795885,42.197289],[24.796013,42.197335],[24.796045,42.197287],[24.795918,42.19724]]]},"properties":{"num":1}},{"type":"Feature","geometry":{"type":"Polygon","coordinates":[[[24.796045,42.197346],[24.796077,42.1973],[24.796045,42.197287],[24.796013,42.197335],[24.796045,42.197346]]]},"properties":{"num":2}},{"type":"Feature","geometry":{"type":"Polygon","coordinates":[[[24.795549,42.197189],[24.795629,42.197226],[24.795663,42.197187],[24.795635,42.197175],[24.795646,42.197162],[24.795592,42.197138],[24.795549,42.197189]]]},"properties":{"num":1}},{"type":"Feature","geometry":{"type":"Polygon","coordinates":[[[24.795819,42.196998],[24.795772,42.196978],[24.795703,42.197068],[24.795681,42.197059],[24.795666,42.197077],[24.795688,42.197087],[24.795662,42.197122],[24.79571,42.197142],[24.795819,42.196998]]]},"properties":{"num":2}},{"type":"Feature","geometry":{"type":"Polygon","coordinates":[[[24.795613,42.196939],[24.795685,42.19697],[24.795701,42.196948],[24.795629,42.196919],[24.795613,42.196939]]]},"properties":{"num":3}},{"type":"Feature","geometry":{"type":"Polygon","coordinates":[[[24.795701,42.196948],[24.795685,42.19697],[24.795756,42.196999],[24.795772,42.196978],[24.795701,42.196948]]]},"properties":{"num":4}},{"type":"Feature","geometry":{"type":"Polygon","coordinates":[[[24.795243,42.197037],[24.795341,42.197074],[24.795379,42.197029],[24.795313,42.196998],[24.795301,42.197013],[24.795273,42.197],[24.795243,42.197037]]]},"properties":{"num":1}},{"type":"Feature","geometry":{"type":"Polygon","coordinates":[[[24.795313,42.197104],[24.795341,42.197074],[24.795243,42.197037],[24.795221,42.197065],[24.795313,42.197104]]]},"properties":{"num":2}},{"type":"Feature","geometry":{"type":"Polygon","coordinates":[[[24.795392,42.197137],[24.795415,42.197106],[24.795341,42.197074],[24.795313,42.197104],[24.795392,42.197137]]]},"properties":{"num":3}},{"type":"Feature","geometry":{"type":"Polygon","coordinates":[[[24.79511,42.197228],[24.795206,42.197271],[24.795276,42.197182],[24.795231,42.197162],[24.795214,42.197185],[24.795162,42.197162],[24.79511,42.197228]]]},"properties":{"num":1}},{"type":"Feature","geometry":{"type":"Polygon","coordinates":[[[24.794932,42.197383],[24.794912,42.197375],[24.794901,42.197388],[24.794921,42.197397],[24.794932,42.197383]]]},"properties":{"num":1}},{"type":"Feature","geometry":{"type":"Polygon","coordinates":[[[24.79488,42.197486],[24.794839,42.197538],[24.794868,42.197551],[24.794843,42.197582],[24.794892,42.197603],[24.794958,42.197522],[24.79488,42.197486]]]},"properties":{"num":1}},{"type":"Feature","geometry":{"type":"Polygon","coordinates":[[[24.794843,42.197615],[24.794971,42.197661],[24.794982,42.197643],[24.794862,42.19759],[24.794843,42.197615]]]},"properties":{"num":2}},{"type":"Feature","geometry":{"type":"Polygon","coordinates":[[[24.794853,42.197428],[24.794931,42.197458],[24.794957,42.197424],[24.794879,42.197395],[24.794853,42.197428]]]},"properties":{"num":3}},{"type":"Feature","geometry":{"type":"Polygon","coordinates":[[[24.795396,42.198053],[24.795411,42.198028],[24.795399,42.198024],[24.795403,42.198018],[24.795292,42.197976],[24.795272,42.198005],[24.795396,42.198053]]]},"properties":{"num":1}},{"type":"Feature","geometry":{"type":"Polygon","coordinates":[[[24.795479,42.198012],[24.795431,42.197997],[24.795396,42.198053],[24.795445,42.198072],[24.795479,42.198012]]]},"properties":{"num":2}},{"type":"Feature","geometry":{"type":"Polygon","coordinates":[[[24.795505,42.19796],[24.795462,42.197946],[24.795431,42.197997],[24.795479,42.198012],[24.795505,42.19796]]]},"properties":{"num":3}},{"type":"Feature","geometry":{"type":"Polygon","coordinates":[[[24.795259,42.197881],[24.795305,42.197897],[24.795326,42.197865],[24.79535,42.197874],[24.795392,42.197811],[24.795321,42.197787],[24.795259,42.197881]]]},"properties":{"num":4}},{"type":"Feature","geometry":{"type":"Polygon","coordinates":[[[24.795367,42.197717],[24.795392,42.19768],[24.795365,42.19767],[24.79534,42.197707],[24.795367,42.197717]]]},"properties":{"num":5}},{"type":"Feature","geometry":{"type":"Polygon","coordinates":[[[24.795414,42.197599],[24.795369,42.197671],[24.795397,42.197682],[24.795443,42.19761],[24.795414,42.197599]]]},"properties":{"num":6}},{"type":"Feature","geometry":{"type":"Polygon","coordinates":[[[24.795554,42.198049],[24.795547,42.198062],[24.795576,42.198071],[24.795582,42.198058],[24.795613,42.198067],[24.795645,42.198004],[24.795555,42.197977],[24.795526,42.198041],[24.795554,42.198049]]]},"properties":{"num":1}},{"type":"Feature","geometry":{"type":"Polygon","coordinates":[[[24.795507,42.197961],[24.795445,42.198072],[24.795496,42.198093],[24.795555,42.197977],[24.795507,42.197961]]]},"properties":{"num":2}},{"type":"Feature","geometry":{"type":"Polygon","coordinates":[[[24.795555,42.197977],[24.79561,42.197897],[24.795565,42.19788],[24.795507,42.197961],[24.795555,42.197977]]]},"properties":{"num":3}},{"type":"Feature","geometry":{"type":"Polygon","coordinates":[[[24.795796,42.19821],[24.795819,42.198176],[24.7957,42.198127],[24.795676,42.198163],[24.795796,42.19821]]]},"properties":{"num":1}},{"type":"Feature","geometry":{"type":"Polygon","coordinates":[[[24.796026,42.198169],[24.796085,42.198085],[24.795975,42.198046],[24.795917,42.198129],[24.796026,42.198169]]]},"properties":{"num":1}},{"type":"Feature","geometry":{"type":"Polygon","coordinates":[[[24.795854,42.198124],[24.795796,42.19821],[24.795836,42.198226],[24.795897,42.198142],[24.795854,42.198124]]]},"properties":{"num":2}},{"type":"Feature","geometry":{"type":"Polygon","coordinates":[[[24.796126,42.198085],[24.796237,42.197925],[24.796205,42.197912],[24.796095,42.198072],[24.796126,42.198085]]]},"properties":{"num":3}},{"type":"Feature","geometry":{"type":"Polygon","coordinates":[[[24.796183,42.198264],[24.796232,42.1982],[24.796136,42.198157],[24.796083,42.198219],[24.796183,42.198264]]]},"properties":{"num":1}},{"type":"Feature","geometry":{"type":"Polygon","coordinates":[[[24.796189,42.19831],[24.796149,42.198294],[24.796116,42.19834],[24.796156,42.198357],[24.796189,42.19831]]]},"properties":{"num":2}},{"type":"Feature","geometry":{"type":"Polygon","coordinates":[[[24.796097,42.19813],[24.79613,42.198143],[24.796177,42.198077],[24.796142,42.198063],[24.796097,42.19813]]]},"properties":{"num":3}},{"type":"Feature","geometry":{"type":"Polygon","coordinates":[[[24.796157,42.198041],[24.796192,42.198054],[24.796228,42.198002],[24.796193,42.197989],[24.796157,42.198041]]]},"properties":{"num":4}},{"type":"Feature","geometry":{"type":"Polygon","coordinates":[[[24.796214,42.197958],[24.79625,42.197972],[24.796273,42.197939],[24.796237,42.197925],[24.796214,42.197958]]]},"properties":{"num":5}},{"type":"Feature","geometry":{"type":"Polygon","coordinates":[[[24.796142,42.198063],[24.796177,42.198077],[24.796192,42.198054],[24.796157,42.198041],[24.796142,42.198063]]]},"properties":{"num":6}},{"type":"Feature","geometry":{"type":"Polygon","coordinates":[[[24.79679,42.198352],[24.796768,42.198329],[24.796703,42.198359],[24.796723,42.198383],[24.79679,42.198352]]]},"properties":{"num":1}},{"type":"Feature","geometry":{"type":"Polygon","coordinates":[[[24.796688,42.198399],[24.796723,42.198383],[24.796681,42.198331],[24.796641,42.198349],[24.796688,42.198399]]]},"properties":{"num":2}},{"type":"Feature","geometry":{"type":"Polygon","coordinates":[[[24.796688,42.198399],[24.796641,42.198349],[24.79658,42.198376],[24.796627,42.198426],[24.796688,42.198399]]]},"properties":{"num":3}},{"type":"Feature","geometry":{"type":"Polygon","coordinates":[[[24.796592,42.198393],[24.796577,42.198379],[24.796553,42.198394],[24.796568,42.198408],[24.796592,42.198393]]]},"properties":{"num":4}},{"type":"Feature","geometry":{"type":"Polygon","coordinates":[[[24.7964,42.198304],[24.796287,42.198259],[24.796258,42.198299],[24.7963,42.198316],[24.796286,42.198334],[24.796356,42.198362],[24.7964,42.198304]]]},"properties":{"num":1}},{"type":"Feature","geometry":{"type":"Polygon","coordinates":[[[24.796156,42.198357],[24.796202,42.198374],[24.796235,42.198328],[24.796189,42.19831],[24.796156,42.198357]]]},"properties":{"num":3}},{"type":"Feature","geometry":{"type":"Polygon","coordinates":[[[24.796241,42.198238],[24.796189,42.19831],[24.796221,42.198323],[24.796274,42.19825],[24.796241,42.198238]]]},"properties":{"num":4}},{"type":"Feature","geometry":{"type":"Polygon","coordinates":[[[24.795758,42.198611],[24.795733,42.198542],[24.795633,42.198564],[24.795658,42.198632],[24.795758,42.198611]]]},"properties":{"num":1}},{"type":"Feature","geometry":{"type":"Polygon","coordinates":[[[24.795633,42.198564],[24.795698,42.19855],[24.795685,42.198516],[24.79562,42.198529],[24.795633,42.198564]]]},"properties":{"num":2}},{"type":"Feature","geometry":{"type":"Polygon","coordinates":[[[24.795698,42.19855],[24.795712,42.198547],[24.795704,42.198511],[24.795685,42.198516],[24.795698,42.19855]]]},"properties":{"num":3}},{"type":"Feature","geometry":{"type":"Polygon","coordinates":[[[24.795849,42.198644],[24.795829,42.198593],[24.795778,42.198604],[24.795799,42.198654],[24.795849,42.198644]]]},"properties":{"num":4}},{"type":"Feature","geometry":{"type":"Polygon","coordinates":[[[24.795597,42.198695],[24.795644,42.198685],[24.795629,42.198645],[24.795597,42.198647],[24.795597,42.198695]]]},"properties":{"num":5}},{"type":"Feature","geometry":{"type":"Polygon","coordinates":[[[24.795733,42.198284],[24.79572,42.198305],[24.795769,42.198325],[24.795782,42.198304],[24.795733,42.198284]]]},"properties":{"num":6}},{"type":"Feature","geometry":{"type":"Polygon","coordinates":[[[24.795889,42.198636],[24.795866,42.198584],[24.795829,42.198593],[24.795849,42.198644],[24.795889,42.198636]]]},"properties":{"num":7}},{"type":"Feature","geometry":{"type":"Polygon","coordinates":[[[24.795453,42.198675],[24.795548,42.198656],[24.795536,42.19862],[24.795573,42.198613],[24.795545,42.198536],[24.795414,42.198561],[24.795453,42.198675]]]},"properties":{"num":1}},{"type":"Feature","geometry":{"type":"Polygon","coordinates":[[[24.795597,42.198695],[24.795597,42.198647],[24.79553,42.19866],[24.795546,42.198705],[24.795597,42.198695]]]},"properties":{"num":2}},{"type":"Feature","geometry":{"type":"Polygon","coordinates":[[[24.795038,42.19867],[24.794935,42.198692],[24.794965,42.198776],[24.795068,42.198755],[24.795038,42.19867]]]},"properties":{"num":1}},{"type":"Feature","geometry":{"type":"Polygon","coordinates":[[[24.794949,42.19864],[24.794872,42.198655],[24.794883,42.198691],[24.794959,42.198677],[24.794949,42.19864]]]},"properties":{"num":2}},{"type":"Feature","geometry":{"type":"Polygon","coordinates":[[[24.794842,42.198551],[24.794912,42.198541],[24.794903,42.19851],[24.794833,42.198521],[24.794842,42.198551]]]},"properties":{"num":3}},{"type":"Feature","geometry":{"type":"Polygon","coordinates":[[[24.794912,42.198541],[24.794842,42.198551],[24.794851,42.198582],[24.794919,42.19857],[24.794912,42.198541]]]},"properties":{"num":4}},{"type":"Feature","geometry":{"type":"Polygon","coordinates":[[[24.794872,42.198655],[24.794904,42.198649],[24.794881,42.198576],[24.794851,42.198582],[24.794872,42.198655]]]},"properties":{"num":5}},{"type":"Feature","geometry":{"type":"Polygon","coordinates":[[[24.794925,42.198831],[24.794963,42.198824],[24.794951,42.198782],[24.794912,42.198789],[24.794925,42.198831]]]},"properties":{"num":6}},{"type":"Feature","geometry":{"type":"Polygon","coordinates":[[[24.794926,42.19816],[24.794981,42.198081],[24.794876,42.198041],[24.79482,42.198121],[24.794926,42.19816]]]},"properties":{"num":1}},{"type":"Feature","geometry":{"type":"Polygon","coordinates":[[[24.794795,42.198479],[24.794834,42.19843],[24.794745,42.19839],[24.794731,42.198406],[24.794635,42.19836],[24.794611,42.198392],[24.794795,42.198479]]]},"properties":{"num":2}},{"type":"Feature","geometry":{"type":"Polygon","coordinates":[[[24.795162,42.198099],[24.795178,42.19807],[24.795048,42.198021],[24.795029,42.198047],[24.795162,42.198099]]]},"properties":{"num":3}},{"type":"Feature","geometry":{"type":"Polygon","coordinates":[[[24.794334,42.19813],[24.79443,42.198176],[24.794491,42.198107],[24.794396,42.198061],[24.794334,42.19813]]]},"properties":{"num":1}},{"type":"Feature","geometry":{"type":"Polygon","coordinates":[[[24.794446,42.198331],[24.794609,42.198391],[24.794631,42.198358],[24.794467,42.198298],[24.794446,42.198331]]]},"properties":{"num":2}},{"type":"Feature","geometry":{"type":"Polygon","coordinates":[[[24.794394,42.198312],[24.794446,42.198331],[24.794475,42.198287],[24.794419,42.198267],[24.794394,42.198312]]]},"properties":{"num":3}},{"type":"Feature","geometry":{"type":"Polygon","coordinates":[[[24.794172,42.198228],[24.794324,42.198287],[24.794351,42.198251],[24.794201,42.198196],[24.794172,42.198228]]]},"properties":{"num":4}},{"type":"Feature","geometry":{"type":"Polygon","coordinates":[[[24.794254,42.19831],[24.794264,42.198324],[24.794299,42.198275],[24.794281,42.198268],[24.794254,42.19831]]]},"properties":{"num":5}},{"type":"Feature","geometry":{"type":"Polygon","coordinates":[[[24.794149,42.198253],[24.79415,42.198276],[24.794169,42.198283],[24.794177,42.198281],[24.794254,42.19831],[24.794281,42.198268],[24.794172,42.198228],[24.794149,42.198253]]]},"properties":{"num":6}},{"type":"Feature","geometry":{"type":"Polygon","coordinates":[[[24.79443,42.198176],[24.794384,42.198154],[24.794372,42.198168],[24.794418,42.19819],[24.79443,42.198176]]]},"properties":{"num":7}},{"type":"Feature","geometry":{"type":"Polygon","coordinates":[[[24.794394,42.198312],[24.794419,42.198267],[24.794351,42.198251],[24.794324,42.198287],[24.794394,42.198312]]]},"properties":{"num":8}},{"type":"Feature","geometry":{"type":"Polygon","coordinates":[[[24.79244,42.198802],[24.792128,42.198778],[24.792125,42.1988],[24.792044,42.198793],[24.792029,42.198914],[24.792121,42.198922],[24.792123,42.198875],[24.792426,42.198895],[24.79244,42.198802]]]},"properties":{"num":1}},{"type":"Feature","geometry":{"type":"Polygon","coordinates":[[[24.792134,42.198923],[24.792012,42.198912],[24.792015,42.198951],[24.792135,42.198957],[24.792134,42.198923]]]},"properties":{"num":2}},{"type":"Feature","geometry":{"type":"Polygon","coordinates":[[[24.792019,42.198951],[24.792044,42.199237],[24.792183,42.19923],[24.792183,42.199117],[24.792146,42.199117],[24.792135,42.198957],[24.792019,42.198951]]]},"properties":{"num":3}},{"type":"Feature","geometry":{"type":"Polygon","coordinates":[[[24.792182,42.199215],[24.792488,42.199215],[24.792488,42.199122],[24.792183,42.199117],[24.792182,42.199215]]]},"properties":{"num":4}},{"type":"Feature","geometry":{"type":"Polygon","coordinates":[[[24.79268,42.199209],[24.792683,42.199123],[24.792488,42.199122],[24.792488,42.199207],[24.79268,42.199209]]]},"properties":{"num":5}},{"type":"Feature","geometry":{"type":"Polygon","coordinates":[[[24.791984,42.198795],[24.791978,42.198857],[24.792024,42.19886],[24.79203,42.198797],[24.791984,42.198795]]]},"properties":{"num":7}},{"type":"Feature","geometry":{"type":"Polygon","coordinates":[[[24.793256,42.199412],[24.793206,42.19934],[24.793094,42.199384],[24.793145,42.199456],[24.793256,42.199412]]]},"properties":{"num":1}},{"type":"Feature","geometry":{"type":"Polygon","coordinates":[[[24.793031,42.1995],[24.793145,42.199456],[24.793094,42.199384],[24.792981,42.199429],[24.793031,42.1995]]]},"properties":{"num":2}},{"type":"Feature","geometry":{"type":"Polygon","coordinates":[[[24.7927,42.199609],[24.792817,42.199578],[24.792771,42.199485],[24.792655,42.199516],[24.7927,42.199609]]]},"properties":{"num":1}},{"type":"Feature","geometry":{"type":"Polygon","coordinates":[[[24.793004,42.199521],[24.792938,42.199547],[24.792961,42.199579],[24.793027,42.199553],[24.793004,42.199521]]]},"properties":{"num":2}},{"type":"Feature","geometry":{"type":"Polygon","coordinates":[[[24.792347,42.199407],[24.792487,42.199409],[24.792488,42.19937],[24.792441,42.199369],[24.792441,42.199358],[24.792399,42.199357],[24.792397,42.199368],[24.792349,42.199367],[24.792347,42.199407]]]},"properties":{"num":1}},{"type":"Feature","geometry":{"type":"Polygon","coordinates":[[[24.792486,42.199656],[24.792534,42.199644],[24.79254,42.199654],[24.792594,42.19964],[24.792585,42.199621],[24.792601,42.199618],[24.792567,42.199547],[24.79252,42.199561],[24.79251,42.199539],[24.792439,42.199558],[24.792486,42.199656]]]},"properties":{"num":3}},{"type":"Feature","geometry":{"type":"Polygon","coordinates":[[[24.79219,42.199804],[24.792169,42.199764],[24.792121,42.199777],[24.792111,42.199756],[24.792033,42.199778],[24.792064,42.19984],[24.79219,42.199804]]]},"properties":{"num":1}},{"type":"Feature","geometry":{"type":"Polygon","coordinates":[[[24.792309,42.19977],[24.792289,42.199729],[24.792199,42.199755],[24.79222,42.199796],[24.792309,42.19977]]]},"properties":{"num":2}},{"type":"Feature","geometry":{"type":"Polygon","coordinates":[[[24.792064,42.19984],[24.792033,42.199778],[24.791989,42.199791],[24.792023,42.199852],[24.792064,42.19984]]]},"properties":{"num":3}},{"type":"Feature","geometry":{"type":"Polygon","coordinates":[[[24.792317,42.199725],[24.792291,42.199733],[24.792309,42.19977],[24.792336,42.199762],[24.792317,42.199725]]]},"properties":{"num":4}},{"type":"Feature","geometry":{"type":"Polygon","coordinates":[[[24.792405,42.199743],[24.792384,42.199706],[24.792317,42.199725],[24.792336,42.199762],[24.792405,42.199743]]]},"properties":{"num":5}},{"type":"Feature","geometry":{"type":"Polygon","coordinates":[[[24.792456,42.199728],[24.792436,42.199691],[24.792384,42.199706],[24.792405,42.199743],[24.792456,42.199728]]]},"properties":{"num":6}},{"type":"Feature","geometry":{"type":"Polygon","coordinates":[[[24.792492,42.199718],[24.792468,42.19967],[24.792431,42.199681],[24.792456,42.199728],[24.792492,42.199718]]]},"properties":{"num":7}},{"type":"Feature","geometry":{"type":"Polygon","coordinates":[[[24.791961,42.199386],[24.7921,42.199387],[24.7921,42.19934],[24.792054,42.19934],[24.792054,42.19932],[24.791963,42.19932],[24.791961,42.199386]]]},"properties":{"num":1}},{"type":"Feature","geometry":{"type":"Polygon","coordinates":[[[24.792172,42.199348],[24.792124,42.199348],[24.792123,42.19934],[24.7921,42.19934],[24.7921,42.199387],[24.792172,42.199387],[24.792172,42.199348]]]},"properties":{"num":2}},{"type":"Feature","geometry":{"type":"Polygon","coordinates":[[[24.791961,42.199386],[24.791961,42.199422],[24.792047,42.199422],[24.792047,42.199386],[24.791961,42.199386]]]},"properties":{"num":3}},{"type":"Feature","geometry":{"type":"Polygon","coordinates":[[[24.791818,42.199371],[24.791733,42.199369],[24.791732,42.199407],[24.791682,42.199406],[24.791682,42.199451],[24.791819,42.19945],[24.791818,42.199371]]]},"properties":{"num":1}},{"type":"Feature","geometry":{"type":"Polygon","coordinates":[[[24.791505,42.199373],[24.791528,42.199415],[24.791613,42.199391],[24.791589,42.199349],[24.791505,42.199373]]]},"properties":{"num":2}},{"type":"Feature","geometry":{"type":"Polygon","coordinates":[[[24.791816,42.199601],[24.791817,42.199553],[24.791638,42.199552],[24.791639,42.199599],[24.791816,42.199601]]]},"properties":{"num":3}},{"type":"Feature","geometry":{"type":"Polygon","coordinates":[[[24.791113,42.199537],[24.790996,42.199574],[24.791047,42.199666],[24.791164,42.19963],[24.791113,42.199537]]]},"properties":{"num":1}},{"type":"Feature","geometry":{"type":"Polygon","coordinates":[[[24.790651,42.199705],[24.790686,42.199766],[24.790805,42.19973],[24.790786,42.199694],[24.790736,42.199708],[24.790724,42.199685],[24.790651,42.199705]]]},"properties":{"num":1}},{"type":"Feature","geometry":{"type":"Polygon","coordinates":[[[24.790857,42.199567],[24.790887,42.199628],[24.790933,42.199615],[24.790902,42.199554],[24.790857,42.199567]]]},"properties":{"num":2}},{"type":"Feature","geometry":{"type":"Polygon","coordinates":[[[24.790631,42.199819],[24.79058,42.199725],[24.790426,42.19977],[24.790477,42.199864],[24.790631,42.199819]]]},"properties":{"num":1}},{"type":"Feature","geometry":{"type":"Polygon","coordinates":[[[24.790389,42.199766],[24.790429,42.199753],[24.790406,42.199702],[24.790365,42.199714],[24.790389,42.199766]]]},"properties":{"num":2}},{"type":"Feature","geometry":{"type":"Polygon","coordinates":[[[24.790366,42.200211],[24.790375,42.20023],[24.790358,42.200235],[24.790372,42.20026],[24.790389,42.200255],[24.7904,42.200275],[24.790443,42.200263],[24.790409,42.200198],[24.790366,42.200211]]]},"properties":{"num":2}},{"type":"Feature","geometry":{"type":"Polygon","coordinates":[[[24.790426,42.200324],[24.790467,42.200311],[24.790443,42.200263],[24.7904,42.200275],[24.790426,42.200324]]]},"properties":{"num":3}},{"type":"Feature","geometry":{"type":"Polygon","coordinates":[[[24.790099,42.199864],[24.790138,42.199939],[24.790259,42.199905],[24.79022,42.199828],[24.790099,42.199864]]]},"properties":{"num":1}},{"type":"Feature","geometry":{"type":"Polygon","coordinates":[[[24.790049,42.199878],[24.790087,42.199953],[24.790138,42.199939],[24.790099,42.199864],[24.790049,42.199878]]]},"properties":{"num":2}},{"type":"Feature","geometry":{"type":"Polygon","coordinates":[[[24.790013,42.199813],[24.790049,42.199878],[24.790096,42.199865],[24.790066,42.199798],[24.790013,42.199813]]]},"properties":{"num":3}},{"type":"Feature","geometry":{"type":"Polygon","coordinates":[[[24.790013,42.199813],[24.789879,42.199853],[24.789884,42.199895],[24.790034,42.199853],[24.790013,42.199813]]]},"properties":{"num":4}},{"type":"Feature","geometry":{"type":"Polygon","coordinates":[[[24.789991,42.199602],[24.789945,42.199597],[24.789946,42.199579],[24.789853,42.199571],[24.789845,42.199639],[24.789985,42.199649],[24.789991,42.199602]]]},"properties":{"num":1}},{"type":"Feature","geometry":{"type":"Polygon","coordinates":[[[24.790023,42.199665],[24.789968,42.199661],[24.789958,42.199708],[24.78992,42.199712],[24.789923,42.199751],[24.790007,42.199743],[24.790023,42.199665]]]},"properties":{"num":2}},{"type":"Feature","geometry":{"type":"Polygon","coordinates":[[[24.789923,42.199751],[24.78992,42.199712],[24.789728,42.199727],[24.789736,42.19977],[24.789923,42.199751]]]},"properties":{"num":3}},{"type":"Feature","geometry":{"type":"Polygon","coordinates":[[[24.789331,42.199166],[24.78935,42.199269],[24.789402,42.199263],[24.789382,42.199161],[24.789331,42.199166]]]},"properties":{"num":1}},{"type":"Feature","geometry":{"type":"Polygon","coordinates":[[[24.789873,42.199296],[24.790021,42.1993],[24.790027,42.199202],[24.789877,42.199199],[24.789873,42.199296]]]},"properties":{"num":1}},{"type":"Feature","geometry":{"type":"Polygon","coordinates":[[[24.789871,42.199326],[24.790019,42.199331],[24.790021,42.1993],[24.789873,42.199296],[24.789871,42.199326]]]},"properties":{"num":2}},{"type":"Feature","geometry":{"type":"Polygon","coordinates":[[[24.790107,42.199304],[24.790123,42.199232],[24.790081,42.199228],[24.790079,42.199239],[24.790062,42.199238],[24.790053,42.1993],[24.790107,42.199304]]]},"properties":{"num":3}},{"type":"Feature","geometry":{"type":"Polygon","coordinates":[[[24.789968,42.199018],[24.789968,42.199041],[24.790082,42.199048],[24.790084,42.199026],[24.789968,42.199018]]]},"properties":{"num":6}},{"type":"Feature","geometry":{"type":"Polygon","coordinates":[[[24.789975,42.198943],[24.789917,42.198944],[24.789914,42.19906],[24.789968,42.199061],[24.789975,42.198943]]]},"properties":{"num":7}},{"type":"Feature","geometry":{"type":"Polygon","coordinates":[[[24.789839,42.199307],[24.789844,42.199247],[24.789628,42.199237],[24.789623,42.199297],[24.789839,42.199307]]]},"properties":{"num":8}},{"type":"Feature","geometry":{"type":"Polygon","coordinates":[[[24.790191,42.198939],[24.789975,42.198943],[24.789968,42.199018],[24.790096,42.199026],[24.790095,42.199051],[24.790164,42.199056],[24.790191,42.198939]]]},"properties":{"num":9}},{"type":"Feature","geometry":{"type":"Polygon","coordinates":[[[24.790421,42.199386],[24.790427,42.199357],[24.790302,42.199341],[24.790292,42.199372],[24.790421,42.199386]]]},"properties":{"num":1}},{"type":"Feature","geometry":{"type":"Polygon","coordinates":[[[24.790427,42.199357],[24.790451,42.199264],[24.79037,42.199254],[24.790362,42.199287],[24.790317,42.199281],[24.790302,42.199341],[24.790427,42.199357]]]},"properties":{"num":2}},{"type":"Feature","geometry":{"type":"Polygon","coordinates":[[[24.790319,42.199268],[24.790317,42.199281],[24.790362,42.199287],[24.790365,42.199275],[24.790319,42.199268]]]},"properties":{"num":3}},{"type":"Feature","geometry":{"type":"Polygon","coordinates":[[[24.790319,42.199268],[24.790331,42.199235],[24.790267,42.199227],[24.79026,42.199259],[24.790319,42.199268]]]},"properties":{"num":4}},{"type":"Feature","geometry":{"type":"Polygon","coordinates":[[[24.790594,42.199374],[24.790427,42.199357],[24.790421,42.199386],[24.790589,42.199404],[24.790594,42.199374]]]},"properties":{"num":5}},{"type":"Feature","geometry":{"type":"Polygon","coordinates":[[[24.790303,42.199082],[24.790374,42.199092],[24.790392,42.199021],[24.790322,42.199011],[24.790303,42.199082]]]},"properties":{"num":1}},{"type":"Feature","geometry":{"type":"Polygon","coordinates":[[[24.790297,42.199109],[24.79035,42.199114],[24.790359,42.19909],[24.790303,42.199082],[24.790297,42.199109]]]},"properties":{"num":2}},{"type":"Feature","geometry":{"type":"Polygon","coordinates":[[[24.790401,42.199163],[24.79041,42.199127],[24.790357,42.199122],[24.79036,42.199116],[24.790297,42.199109],[24.790286,42.199154],[24.790401,42.199163]]]},"properties":{"num":3}},{"type":"Feature","geometry":{"type":"Polygon","coordinates":[[[24.790523,42.199172],[24.790528,42.199137],[24.79041,42.199127],[24.790401,42.199163],[24.790523,42.199172]]]},"properties":{"num":4}},{"type":"Feature","geometry":{"type":"Polygon","coordinates":[[[24.790806,42.199392],[24.790799,42.199379],[24.790747,42.199395],[24.790756,42.199409],[24.790699,42.199426],[24.790725,42.199477],[24.790893,42.199425],[24.790868,42.199374],[24.790806,42.199392]]]},"properties":{"num":1}},{"type":"Feature","geometry":{"type":"Polygon","coordinates":[[[24.79066,42.199528],[24.790644,42.1995],[24.790613,42.199508],[24.790629,42.199408],[24.790589,42.199404],[24.790566,42.199556],[24.79066,42.199528]]]},"properties":{"num":2}},{"type":"Feature","geometry":{"type":"Polygon","coordinates":[[[24.790738,42.199505],[24.790725,42.199477],[24.790644,42.1995],[24.79066,42.199528],[24.790738,42.199505]]]},"properties":{"num":3}},{"type":"Feature","geometry":{"type":"Polygon","coordinates":[[[24.790955,42.19944],[24.79094,42.199412],[24.790725,42.199477],[24.790738,42.199505],[24.790955,42.19944]]]},"properties":{"num":4}},{"type":"Feature","geometry":{"type":"Polygon","coordinates":[[[24.791169,42.199324],[24.791152,42.199292],[24.791158,42.19929],[24.791113,42.199212],[24.791002,42.199248],[24.791065,42.199357],[24.791169,42.199324]]]},"properties":{"num":1}},{"type":"Feature","geometry":{"type":"Polygon","coordinates":[[[24.791165,42.199136],[24.791113,42.19915],[24.791141,42.199204],[24.791192,42.199188],[24.791165,42.199136]]]},"properties":{"num":2}},{"type":"Feature","geometry":{"type":"Polygon","coordinates":[[[24.791211,42.198956],[24.79112,42.199118],[24.791162,42.199128],[24.791253,42.198965],[24.791211,42.198956]]]},"properties":{"num":3}},{"type":"Feature","geometry":{"type":"Polygon","coordinates":[[[24.790879,42.198528],[24.790926,42.198441],[24.790833,42.198414],[24.790785,42.198502],[24.790879,42.198528]]]},"properties":{"num":1}},{"type":"Feature","geometry":{"type":"Polygon","coordinates":[[[24.790968,42.198453],[24.790926,42.198441],[24.790879,42.198528],[24.790926,42.198544],[24.790968,42.198453]]]},"properties":{"num":2}},{"type":"Feature","geometry":{"type":"Polygon","coordinates":[[[24.790805,42.198368],[24.790835,42.198378],[24.790858,42.198331],[24.790828,42.198321],[24.790805,42.198368]]]},"properties":{"num":3}},{"type":"Feature","geometry":{"type":"Polygon","coordinates":[[[24.790725,42.198533],[24.79077,42.198546],[24.790785,42.19851],[24.790742,42.198499],[24.790725,42.198533]]]},"properties":{"num":4}},{"type":"Feature","geometry":{"type":"Polygon","coordinates":[[[24.790695,42.198596],[24.790741,42.19861],[24.79077,42.198546],[24.790725,42.198533],[24.790695,42.198596]]]},"properties":{"num":5}},{"type":"Feature","geometry":{"type":"Polygon","coordinates":[[[24.7907,42.198374],[24.790684,42.198409],[24.790651,42.1984],[24.790625,42.198455],[24.790706,42.198477],[24.790749,42.198389],[24.7907,42.198374]]]},"properties":{"num":1}},{"type":"Feature","geometry":{"type":"Polygon","coordinates":[[[24.790706,42.198477],[24.790747,42.198488],[24.790789,42.198399],[24.790749,42.198389],[24.790706,42.198477]]]},"properties":{"num":2}},{"type":"Feature","geometry":{"type":"Polygon","coordinates":[[[24.790549,42.198597],[24.790574,42.198546],[24.790526,42.198532],[24.790502,42.198583],[24.790549,42.198597]]]},"properties":{"num":3}},{"type":"Feature","geometry":{"type":"Polygon","coordinates":[[[24.790695,42.198596],[24.790568,42.198558],[24.790549,42.198597],[24.790676,42.198635],[24.790695,42.198596]]]},"properties":{"num":4}},{"type":"Feature","geometry":{"type":"Polygon","coordinates":[[[24.790417,42.198894],[24.790495,42.198914],[24.790505,42.198894],[24.790548,42.198906],[24.790581,42.198836],[24.790458,42.198803],[24.790417,42.198894]]]},"properties":{"num":1}},{"type":"Feature","geometry":{"type":"Polygon","coordinates":[[[24.790442,42.19895],[24.790577,42.198973],[24.790591,42.198931],[24.790569,42.198927],[24.790578,42.198911],[24.790505,42.198894],[24.790495,42.198914],[24.790457,42.198904],[24.790442,42.19895]]]},"properties":{"num":3}},{"type":"Feature","geometry":{"type":"Polygon","coordinates":[[[24.790489,42.198744],[24.790506,42.198708],[24.790449,42.198694],[24.790432,42.198729],[24.790489,42.198744]]]},"properties":{"num":4}},{"type":"Feature","geometry":{"type":"Polygon","coordinates":[[[24.790502,42.198583],[24.790449,42.198694],[24.790506,42.198708],[24.790563,42.198602],[24.790502,42.198583]]]},"properties":{"num":5}},{"type":"Feature","geometry":{"type":"Polygon","coordinates":[[[24.790563,42.198602],[24.790544,42.198637],[24.790843,42.198722],[24.790861,42.198687],[24.790563,42.198602]]]},"properties":{"num":6}},{"type":"Feature","geometry":{"type":"Polygon","coordinates":[[[24.790273,42.198745],[24.790148,42.198712],[24.790113,42.198783],[24.790171,42.198799],[24.790158,42.198827],[24.790227,42.198845],[24.790273,42.198745]]]},"properties":{"num":1}},{"type":"Feature","geometry":{"type":"Polygon","coordinates":[[[24.79026,42.198565],[24.790242,42.198608],[24.790328,42.198627],[24.790347,42.198585],[24.79026,42.198565]]]},"properties":{"num":2}},{"type":"Feature","geometry":{"type":"Polygon","coordinates":[[[24.790044,42.198852],[24.790088,42.198852],[24.790084,42.198805],[24.79004,42.198805],[24.790044,42.198852]]]},"properties":{"num":3}},{"type":"Feature","geometry":{"type":"Polygon","coordinates":[[[24.790225,42.198849],[24.790227,42.198845],[24.790085,42.198807],[24.790088,42.198852],[24.790225,42.198849]]]},"properties":{"num":4}},{"type":"Feature","geometry":{"type":"Polygon","coordinates":[[[24.790007,42.198847],[24.790005,42.198808],[24.789919,42.198811],[24.789919,42.19885],[24.790007,42.198847]]]},"properties":{"num":5}},{"type":"Feature","geometry":{"type":"Polygon","coordinates":[[[24.790155,42.198575],[24.790153,42.198548],[24.790126,42.198549],[24.790128,42.198575],[24.790155,42.198575]]]},"properties":{"num":6}},{"type":"Feature","geometry":{"type":"Polygon","coordinates":[[[24.790198,42.198598],[24.790242,42.198608],[24.79026,42.198565],[24.790216,42.198554],[24.790198,42.198598]]]},"properties":{"num":7}},{"type":"Feature","geometry":{"type":"Polygon","coordinates":[[[24.789308,42.198988],[24.789305,42.198941],[24.789181,42.198944],[24.789182,42.198992],[24.789308,42.198988]]]},"properties":{"num":1}},{"type":"Feature","geometry":{"type":"Polygon","coordinates":[[[24.789336,42.198957],[24.789333,42.198888],[24.789304,42.198889],[24.789306,42.198958],[24.789336,42.198957]]]},"properties":{"num":2}},{"type":"Feature","geometry":{"type":"Polygon","coordinates":[[[24.789077,42.198751],[24.789188,42.19883],[24.78926,42.198773],[24.789149,42.198695],[24.789077,42.198751]]]},"properties":{"num":1}},{"type":"Feature","geometry":{"type":"Polygon","coordinates":[[[24.789235,42.198794],[24.789167,42.198847],[24.789211,42.198878],[24.789279,42.198825],[24.789235,42.198794]]]},"properties":{"num":2}},{"type":"Feature","geometry":{"type":"Polygon","coordinates":[[[24.789446,42.198916],[24.789446,42.198883],[24.789391,42.198884],[24.789391,42.198872],[24.789343,42.198872],[24.789345,42.198919],[24.789446,42.198916]]]},"properties":{"num":3}},{"type":"Feature","geometry":{"type":"Polygon","coordinates":[[[24.789467,42.198665],[24.789415,42.198685],[24.789447,42.19873],[24.789497,42.198714],[24.789467,42.198665]]]},"properties":{"num":4}},{"type":"Feature","geometry":{"type":"Polygon","coordinates":[[[24.78939,42.198686],[24.78933,42.198642],[24.789278,42.19868],[24.789339,42.198723],[24.78939,42.198686]]]},"properties":{"num":5}},{"type":"Feature","geometry":{"type":"Polygon","coordinates":[[[24.789136,42.198505],[24.789103,42.198536],[24.789254,42.198629],[24.789287,42.198596],[24.789136,42.198505]]]},"properties":{"num":6}},{"type":"Feature","geometry":{"type":"Polygon","coordinates":[[[24.78909,42.198477],[24.789065,42.1985],[24.789098,42.198519],[24.789123,42.198497],[24.78909,42.198477]]]},"properties":{"num":7}},{"type":"Feature","geometry":{"type":"Polygon","coordinates":[[[24.796356,42.198362],[24.79643,42.198392],[24.796443,42.198373],[24.796485,42.19839],[24.796514,42.19835],[24.7964,42.198304],[24.796356,42.198362]]]},"properties":{"num":1}},{"type":"Feature","geometry":{"type":"Polygon","coordinates":[[[24.796485,42.198488],[24.796517,42.198439],[24.79647,42.19842],[24.796436,42.198468],[24.796485,42.198488]]]},"properties":{"num":2}},{"type":"Feature","geometry":{"type":"Polygon","coordinates":[[[24.787367,42.198659],[24.78737,42.198649],[24.787427,42.198654],[24.787442,42.198556],[24.787332,42.19855],[24.787316,42.198654],[24.787367,42.198659]]]},"properties":{"num":1}},{"type":"Feature","geometry":{"type":"Polygon","coordinates":[[[24.787343,42.19851],[24.787351,42.198455],[24.787304,42.198451],[24.787295,42.198506],[24.787343,42.19851]]]},"properties":{"num":3}},{"type":"Feature","geometry":{"type":"Polygon","coordinates":[[[24.787247,42.198642],[24.787093,42.198632],[24.787086,42.198677],[24.787239,42.198687],[24.787247,42.198642]]]},"properties":{"num":1}},{"type":"Feature","geometry":{"type":"Polygon","coordinates":[[[24.786998,42.198937],[24.787033,42.199031],[24.78713,42.199015],[24.787095,42.19892],[24.786998,42.198937]]]},"properties":{"num":1}},{"type":"Feature","geometry":{"type":"Polygon","coordinates":[[[24.786989,42.199034],[24.786998,42.199085],[24.787088,42.199076],[24.787076,42.199024],[24.787033,42.199031],[24.787031,42.199025],[24.786989,42.199034]]]},"properties":{"num":2}},{"type":"Feature","geometry":{"type":"Polygon","coordinates":[[[24.787335,42.199047],[24.787267,42.19875],[24.787182,42.19876],[24.78725,42.199056],[24.787335,42.199047]]]},"properties":{"num":3}},{"type":"Feature","geometry":{"type":"Polygon","coordinates":[[[24.786665,42.199032],[24.786809,42.199007],[24.786783,42.198927],[24.786639,42.198952],[24.786665,42.199032]]]},"properties":{"num":1}},{"type":"Feature","geometry":{"type":"Polygon","coordinates":[[[24.786649,42.199127],[24.786635,42.199066],[24.78659,42.199073],[24.786609,42.199132],[24.786649,42.199127]]]},"properties":{"num":2}},{"type":"Feature","geometry":{"type":"Polygon","coordinates":[[[24.786768,42.199113],[24.786758,42.19908],[24.786641,42.199094],[24.786649,42.199127],[24.786768,42.199113]]]},"properties":{"num":3}},{"type":"Feature","geometry":{"type":"Polygon","coordinates":[[[24.786723,42.198754],[24.786613,42.198773],[24.78664,42.19885],[24.786749,42.198831],[24.786723,42.198754]]]},"properties":{"num":1}},{"type":"Feature","geometry":{"type":"Polygon","coordinates":[[[24.786906,42.198788],[24.786894,42.19873],[24.786797,42.19874],[24.786799,42.198764],[24.786762,42.198767],[24.786771,42.198807],[24.786906,42.198788]]]},"properties":{"num":2}},{"type":"Feature","geometry":{"type":"Polygon","coordinates":[[[24.786494,42.198772],[24.786562,42.198765],[24.786556,42.198733],[24.786485,42.19874],[24.786494,42.198772]]]},"properties":{"num":3}},{"type":"Feature","geometry":{"type":"Polygon","coordinates":[[[24.78682,42.198564],[24.78682,42.198573],[24.786906,42.198577],[24.786912,42.198517],[24.786922,42.19851],[24.786924,42.198484],[24.786916,42.198476],[24.786869,42.198474],[24.786857,42.198482],[24.786794,42.198478],[24.786786,42.198562],[24.78682,42.198564]]]},"properties":{"num":1}},{"type":"Feature","geometry":{"type":"Polygon","coordinates":[[[24.786734,42.19856],[24.786786,42.198562],[24.786792,42.198504],[24.786738,42.198501],[24.786734,42.19856]]]},"properties":{"num":2}},{"type":"Feature","geometry":{"type":"Polygon","coordinates":[[[24.786641,42.198482],[24.786622,42.19842],[24.786499,42.198441],[24.786519,42.198504],[24.786641,42.198482]]]},"properties":{"num":1}},{"type":"Feature","geometry":{"type":"Polygon","coordinates":[[[24.786435,42.198429],[24.786399,42.198436],[24.786429,42.198543],[24.786465,42.198536],[24.786435,42.198429]]]},"properties":{"num":2}},{"type":"Feature","geometry":{"type":"Polygon","coordinates":[[[24.786474,42.198421],[24.786449,42.198346],[24.786413,42.198342],[24.786377,42.198355],[24.786399,42.198436],[24.786474,42.198421]]]},"properties":{"num":3}},{"type":"Feature","geometry":{"type":"Polygon","coordinates":[[[24.786549,42.198162],[24.78655,42.198187],[24.786539,42.198195],[24.786507,42.198196],[24.786505,42.198232],[24.786551,42.198233],[24.786552,42.198244],[24.786595,42.198243],[24.786596,42.198254],[24.786642,42.198253],[24.786639,42.198161],[24.786549,42.198162]]]},"properties":{"num":1}},{"type":"Feature","geometry":{"type":"Polygon","coordinates":[[[24.7866,42.198273],[24.786595,42.198243],[24.786552,42.198244],[24.786551,42.198233],[24.786464,42.198231],[24.786466,42.198264],[24.786553,42.198265],[24.786553,42.198274],[24.7866,42.198273]]]},"properties":{"num":2}},{"type":"Feature","geometry":{"type":"Polygon","coordinates":[[[24.786684,42.19816],[24.786639,42.198161],[24.78664,42.19828],[24.786687,42.198279],[24.786684,42.19816]]]},"properties":{"num":3}},{"type":"Feature","geometry":{"type":"Polygon","coordinates":[[[24.786539,42.198003],[24.786416,42.198014],[24.786428,42.198081],[24.786549,42.198071],[24.786539,42.198003]]]},"properties":{"num":1}},{"type":"Feature","geometry":{"type":"Polygon","coordinates":[[[24.78642,42.197773],[24.7865,42.197755],[24.786471,42.197681],[24.786391,42.197701],[24.78642,42.197773]]]},"properties":{"num":1}},{"type":"Feature","geometry":{"type":"Polygon","coordinates":[[[24.786301,42.19769],[24.786335,42.197766],[24.78641,42.197748],[24.786391,42.197693],[24.786358,42.197702],[24.786342,42.197672],[24.786301,42.19769]]]},"properties":{"num":2}},{"type":"Feature","geometry":{"type":"Polygon","coordinates":[[[24.786335,42.197766],[24.786301,42.19769],[24.78626,42.197706],[24.78629,42.197776],[24.786335,42.197766]]]},"properties":{"num":3}},{"type":"Feature","geometry":{"type":"Polygon","coordinates":[[[24.786746,42.197567],[24.786671,42.1976],[24.786711,42.197656],[24.786697,42.197661],[24.786723,42.197699],[24.786778,42.197677],[24.786753,42.197643],[24.78679,42.197627],[24.786746,42.197567]]]},"properties":{"num":1}},{"type":"Feature","geometry":{"type":"Polygon","coordinates":[[[24.786666,42.197543],[24.7867,42.197587],[24.786746,42.197567],[24.786709,42.197524],[24.786666,42.197543]]]},"properties":{"num":2}},{"type":"Feature","geometry":{"type":"Polygon","coordinates":[[[24.786627,42.197632],[24.786667,42.197615],[24.786626,42.19756],[24.786585,42.197576],[24.786627,42.197632]]]},"properties":{"num":3}},{"type":"Feature","geometry":{"type":"Polygon","coordinates":[[[24.786747,42.197793],[24.786837,42.197773],[24.786806,42.197713],[24.786718,42.197732],[24.786747,42.197793]]]},"properties":{"num":4}},{"type":"Feature","geometry":{"type":"Polygon","coordinates":[[[24.786737,42.198242],[24.786812,42.198251],[24.786837,42.198152],[24.786751,42.198142],[24.786737,42.198242]]]},"properties":{"num":1}},{"type":"Feature","geometry":{"type":"Polygon","coordinates":[[[24.786683,42.198105],[24.786687,42.198284],[24.786731,42.198289],[24.786751,42.198142],[24.78676,42.198109],[24.786683,42.198105]]]},"properties":{"num":2}},{"type":"Feature","geometry":{"type":"Polygon","coordinates":[[[24.786983,42.198163],[24.786899,42.198157],[24.786893,42.198185],[24.786917,42.198189],[24.786911,42.19822],[24.786929,42.198222],[24.786927,42.19824],[24.786969,42.198245],[24.786983,42.198163]]]},"properties":{"num":3}},{"type":"Feature","geometry":{"type":"Polygon","coordinates":[[[24.786958,42.198313],[24.786969,42.198245],[24.786927,42.19824],[24.786917,42.198308],[24.786958,42.198313]]]},"properties":{"num":4}},{"type":"Feature","geometry":{"type":"Polygon","coordinates":[[[24.787017,42.198168],[24.787004,42.198273],[24.787117,42.198283],[24.787131,42.198178],[24.787017,42.198168]]]},"properties":{"num":1}},{"type":"Feature","geometry":{"type":"Polygon","coordinates":[[[24.786969,42.198245],[24.787007,42.198249],[24.787017,42.198168],[24.786983,42.198163],[24.786969,42.198245]]]},"properties":{"num":2}},{"type":"Feature","geometry":{"type":"Polygon","coordinates":[[[24.786958,42.198313],[24.787004,42.198317],[24.787011,42.198274],[24.787004,42.198273],[24.787007,42.198249],[24.786969,42.198245],[24.786958,42.198313]]]},"properties":{"num":3}},{"type":"Feature","geometry":{"type":"Polygon","coordinates":[[[24.787346,42.198317],[24.787418,42.198325],[24.78742,42.198314],[24.787463,42.198318],[24.787478,42.198235],[24.787365,42.198224],[24.787346,42.198317]]]},"properties":{"num":1}},{"type":"Feature","geometry":{"type":"Polygon","coordinates":[[[24.78755,42.198373],[24.787559,42.198245],[24.787519,42.198244],[24.7875,42.198368],[24.78755,42.198373]]]},"properties":{"num":2}},{"type":"Feature","geometry":{"type":"Polygon","coordinates":[[[24.787492,42.198227],[24.787559,42.198234],[24.787565,42.198151],[24.787464,42.198149],[24.787461,42.198185],[24.787498,42.198187],[24.787492,42.198227]]]},"properties":{"num":3}},{"type":"Feature","geometry":{"type":"Polygon","coordinates":[[[24.787017,42.197452],[24.786917,42.197497],[24.786964,42.197558],[24.787065,42.197516],[24.787017,42.197452]]]},"properties":{"num":1}},{"type":"Feature","geometry":{"type":"Polygon","coordinates":[[[24.787014,42.197448],[24.787084,42.197542],[24.787132,42.19752],[24.787136,42.197525],[24.787162,42.197513],[24.787091,42.197422],[24.787057,42.197435],[24.787053,42.197431],[24.787014,42.197448]]]},"properties":{"num":2}},{"type":"Feature","geometry":{"type":"Polygon","coordinates":[[[24.787053,42.197431],[24.787027,42.197395],[24.786985,42.197413],[24.787014,42.197448],[24.787053,42.197431]]]},"properties":{"num":3}},{"type":"Feature","geometry":{"type":"Polygon","coordinates":[[[24.786868,42.197515],[24.786901,42.197501],[24.786868,42.197459],[24.786837,42.197473],[24.786868,42.197515]]]},"properties":{"num":4}},{"type":"Feature","geometry":{"type":"Polygon","coordinates":[[[24.786928,42.19759],[24.786957,42.19758],[24.786898,42.197503],[24.786868,42.197515],[24.786928,42.19759]]]},"properties":{"num":5}},{"type":"Feature","geometry":{"type":"Polygon","coordinates":[[[24.78737,42.197397],[24.787316,42.197327],[24.787179,42.197384],[24.787233,42.197454],[24.78737,42.197397]]]},"properties":{"num":1}},{"type":"Feature","geometry":{"type":"Polygon","coordinates":[[[24.787496,42.197509],[24.787638,42.197437],[24.787593,42.19741],[24.787465,42.197475],[24.787496,42.197509]]]},"properties":{"num":2}},{"type":"Feature","geometry":{"type":"Polygon","coordinates":[[[24.787593,42.19741],[24.787549,42.197382],[24.787418,42.197448],[24.78745,42.197483],[24.787593,42.19741]]]},"properties":{"num":3}},{"type":"Feature","geometry":{"type":"Polygon","coordinates":[[[24.787233,42.197454],[24.787217,42.197461],[24.787227,42.197473],[24.787243,42.197467],[24.787233,42.197454]]]},"properties":{"num":4}},{"type":"Feature","geometry":{"type":"Polygon","coordinates":[[[24.787233,42.197454],[24.787251,42.197478],[24.78741,42.197412],[24.787392,42.197388],[24.787233,42.197454]]]},"properties":{"num":5}},{"type":"Feature","geometry":{"type":"Polygon","coordinates":[[[24.787549,42.197382],[24.787525,42.197357],[24.787437,42.197401],[24.787461,42.197427],[24.787549,42.197382]]]},"properties":{"num":6}},{"type":"Feature","geometry":{"type":"Polygon","coordinates":[[[24.788051,42.197881],[24.788081,42.197901],[24.788111,42.197877],[24.788081,42.197858],[24.788051,42.197881]]]},"properties":{"num":1}},{"type":"Feature","geometry":{"type":"Polygon","coordinates":[[[24.78763,42.198381],[24.787642,42.198308],[24.787555,42.198299],[24.78755,42.198373],[24.78763,42.198381]]]},"properties":{"num":2}},{"type":"Feature","geometry":{"type":"Polygon","coordinates":[[[24.787642,42.198308],[24.787644,42.198293],[24.787722,42.198299],[24.787727,42.198275],[24.787766,42.198279],[24.787775,42.198228],[24.787616,42.198212],[24.7876,42.198304],[24.787642,42.198308]]]},"properties":{"num":4}},{"type":"Feature","geometry":{"type":"Polygon","coordinates":[[[24.787974,42.198247],[24.787876,42.198235],[24.787851,42.198342],[24.78795,42.198355],[24.787974,42.198247]]]},"properties":{"num":1}},{"type":"Feature","geometry":{"type":"Polygon","coordinates":[[[24.788299,42.198152],[24.78835,42.198113],[24.788312,42.198087],[24.788263,42.198126],[24.788299,42.198152]]]},"properties":{"num":1}},{"type":"Feature","geometry":{"type":"Polygon","coordinates":[[[24.789197,42.198036],[24.789132,42.198003],[24.789108,42.198029],[24.789064,42.198008],[24.789034,42.198041],[24.789143,42.198095],[24.789197,42.198036]]]},"properties":{"num":1}},{"type":"Feature","geometry":{"type":"Polygon","coordinates":[[[24.788653,42.198006],[24.788695,42.197976],[24.788702,42.197982],[24.788763,42.197939],[24.788684,42.197879],[24.788584,42.197952],[24.788653,42.198006]]]},"properties":{"num":1}},{"type":"Feature","geometry":{"type":"Polygon","coordinates":[[[24.788497,42.197946],[24.788536,42.197914],[24.788487,42.197881],[24.788448,42.197912],[24.788497,42.197946]]]},"properties":{"num":1}},{"type":"Feature","geometry":{"type":"Polygon","coordinates":[[[24.788348,42.197652],[24.788271,42.197711],[24.788327,42.197752],[24.788404,42.197695],[24.788348,42.197652]]]},"properties":{"num":1}},{"type":"Feature","geometry":{"type":"Polygon","coordinates":[[[24.788528,42.197543],[24.788368,42.197423],[24.788297,42.197472],[24.788456,42.197592],[24.788528,42.197543]]]},"properties":{"num":2}},{"type":"Feature","geometry":{"type":"Polygon","coordinates":[[[24.788528,42.197543],[24.788501,42.197561],[24.788565,42.19761],[24.78859,42.197591],[24.788528,42.197543]]]},"properties":{"num":3}},{"type":"Feature","geometry":{"type":"Polygon","coordinates":[[[24.787815,42.197357],[24.787892,42.197305],[24.787862,42.197281],[24.787872,42.197273],[24.787817,42.197229],[24.787771,42.19726],[24.787777,42.197264],[24.787756,42.197278],[24.787772,42.197291],[24.787752,42.197304],[24.787815,42.197357]]]},"properties":{"num":1}},{"type":"Feature","geometry":{"type":"Polygon","coordinates":[[[24.78836,42.197142],[24.788236,42.197056],[24.788205,42.197079],[24.788258,42.197118],[24.788265,42.197111],[24.788335,42.197159],[24.78836,42.197142]]]},"properties":{"num":2}},{"type":"Feature","geometry":{"type":"Polygon","coordinates":[[[24.788209,42.197158],[24.788287,42.197211],[24.788312,42.19719],[24.788303,42.197185],[24.788335,42.197159],[24.788265,42.197111],[24.788209,42.197158]]]},"properties":{"num":3}},{"type":"Feature","geometry":{"type":"Polygon","coordinates":[[[24.78821,42.197038],[24.78836,42.197142],[24.788394,42.197115],[24.788243,42.197011],[24.78821,42.197038]]]},"properties":{"num":4}},{"type":"Feature","geometry":{"type":"Polygon","coordinates":[[[24.788635,42.197109],[24.788664,42.197125],[24.788739,42.19705],[24.788682,42.197018],[24.788661,42.197038],[24.788586,42.196997],[24.788505,42.197078],[24.788609,42.197135],[24.788635,42.197109]]]},"properties":{"num":1}},{"type":"Feature","geometry":{"type":"Polygon","coordinates":[[[24.788572,42.196873],[24.788414,42.19701],[24.788476,42.19705],[24.788639,42.196911],[24.788572,42.196873]]]},"properties":{"num":2}},{"type":"Feature","geometry":{"type":"Polygon","coordinates":[[[24.788326,42.196945],[24.788243,42.197011],[24.788394,42.197115],[24.788476,42.19705],[24.788414,42.19701],[24.788422,42.197002],[24.788326,42.196945]]]},"properties":{"num":3}},{"type":"Feature","geometry":{"type":"Polygon","coordinates":[[[24.789816,42.197718],[24.789739,42.197657],[24.789672,42.197705],[24.78975,42.197766],[24.789816,42.197718]]]},"properties":{"num":1}},{"type":"Feature","geometry":{"type":"Polygon","coordinates":[[[24.789524,42.197799],[24.789677,42.197841],[24.789699,42.197796],[24.789544,42.197755],[24.789524,42.197799]]]},"properties":{"num":2}},{"type":"Feature","geometry":{"type":"Polygon","coordinates":[[[24.78969,42.197814],[24.789712,42.197821],[24.78973,42.197792],[24.789707,42.197783],[24.78969,42.197814]]]},"properties":{"num":3}},{"type":"Feature","geometry":{"type":"Polygon","coordinates":[[[24.78971,42.197771],[24.789734,42.197754],[24.78966,42.197698],[24.789636,42.197714],[24.78971,42.197771]]]},"properties":{"num":4}},{"type":"Feature","geometry":{"type":"Polygon","coordinates":[[[24.789728,42.197642],[24.789761,42.197614],[24.78973,42.197591],[24.789697,42.197619],[24.789728,42.197642]]]},"properties":{"num":5}},{"type":"Feature","geometry":{"type":"Polygon","coordinates":[[[24.7894,42.19867],[24.789479,42.198634],[24.789448,42.198598],[24.789419,42.198614],[24.789374,42.198563],[24.789326,42.198585],[24.7894,42.19867]]]},"properties":{"num":1}},{"type":"Feature","geometry":{"type":"Polygon","coordinates":[[[24.789293,42.198229],[24.789303,42.198281],[24.789399,42.198259],[24.78939,42.198207],[24.789293,42.198229]]]},"properties":{"num":2}},{"type":"Feature","geometry":{"type":"Polygon","coordinates":[[[24.78939,42.198207],[24.789399,42.198259],[24.789462,42.198253],[24.789455,42.198196],[24.78939,42.198207]]]},"properties":{"num":3}},{"type":"Feature","geometry":{"type":"Polygon","coordinates":[[[24.789605,42.198399],[24.78965,42.198392],[24.78963,42.198314],[24.789585,42.19832],[24.789605,42.198399]]]},"properties":{"num":1}},{"type":"Feature","geometry":{"type":"Polygon","coordinates":[[[24.789967,42.198221],[24.789886,42.19822],[24.789885,42.198288],[24.790011,42.198288],[24.790011,42.198242],[24.789966,42.198242],[24.789967,42.198221]]]},"properties":{"num":1}},{"type":"Feature","geometry":{"type":"Polygon","coordinates":[[[24.790195,42.198523],[24.790296,42.198551],[24.790337,42.198465],[24.790236,42.198437],[24.790195,42.198523]]]},"properties":{"num":1}},{"type":"Feature","geometry":{"type":"Polygon","coordinates":[[[24.790308,42.198526],[24.790288,42.19856],[24.79035,42.198577],[24.790367,42.198541],[24.790308,42.198526]]]},"properties":{"num":2}},{"type":"Feature","geometry":{"type":"Polygon","coordinates":[[[24.790441,42.198384],[24.79036,42.198364],[24.790342,42.198402],[24.790421,42.198424],[24.790441,42.198384]]]},"properties":{"num":3}},{"type":"Feature","geometry":{"type":"Polygon","coordinates":[[[24.790046,42.197933],[24.790008,42.197958],[24.790095,42.198027],[24.790157,42.197985],[24.790103,42.197942],[24.790079,42.197959],[24.790046,42.197933]]]},"properties":{"num":1}},{"type":"Feature","geometry":{"type":"Polygon","coordinates":[[[24.790255,42.197993],[24.790219,42.197964],[24.790129,42.198029],[24.790165,42.198058],[24.790255,42.197993]]]},"properties":{"num":2}},{"type":"Feature","geometry":{"type":"Polygon","coordinates":[[[24.790096,42.198126],[24.790042,42.198159],[24.790066,42.198181],[24.79012,42.198147],[24.790096,42.198126]]]},"properties":{"num":3}},{"type":"Feature","geometry":{"type":"Polygon","coordinates":[[[24.790165,42.198058],[24.790112,42.198016],[24.790095,42.198027],[24.790008,42.197958],[24.789986,42.197973],[24.790127,42.198085],[24.790165,42.198058]]]},"properties":{"num":4}},{"type":"Feature","geometry":{"type":"Polygon","coordinates":[[[24.789938,42.197876],[24.78988,42.197832],[24.789864,42.197843],[24.78983,42.197817],[24.789786,42.197849],[24.789794,42.197855],[24.789758,42.197881],[24.789805,42.197918],[24.789795,42.197926],[24.789832,42.197955],[24.789938,42.197876]]]},"properties":{"num":1}},{"type":"Feature","geometry":{"type":"Polygon","coordinates":[[[24.790316,42.197615],[24.790234,42.197673],[24.790303,42.197726],[24.790351,42.197692],[24.790358,42.197698],[24.790391,42.197674],[24.790316,42.197615]]]},"properties":{"num":1}},{"type":"Feature","geometry":{"type":"Polygon","coordinates":[[[24.790345,42.197861],[24.790468,42.197777],[24.790463,42.197756],[24.79043,42.197771],[24.790397,42.197744],[24.790329,42.197792],[24.790342,42.197801],[24.790304,42.197828],[24.790345,42.197861]]]},"properties":{"num":2}},{"type":"Feature","geometry":{"type":"Polygon","coordinates":[[[24.790004,42.197495],[24.790049,42.197462],[24.790059,42.197469],[24.790092,42.197443],[24.790015,42.197385],[24.789932,42.197445],[24.790004,42.197495]]]},"properties":{"num":1}},{"type":"Feature","geometry":{"type":"Polygon","coordinates":[[[24.790015,42.197385],[24.790088,42.19744],[24.790117,42.197417],[24.790075,42.197385],[24.790067,42.19739],[24.790036,42.197369],[24.790023,42.197366],[24.790004,42.197381],[24.790012,42.197387],[24.790015,42.197385]]]},"properties":{"num":2}},{"type":"Feature","geometry":{"type":"Polygon","coordinates":[[[24.789985,42.197407],[24.789966,42.197393],[24.789915,42.19743],[24.789932,42.197445],[24.789985,42.197407]]]},"properties":{"num":3}},{"type":"Feature","geometry":{"type":"Polygon","coordinates":[[[24.790186,42.197351],[24.790044,42.197316],[24.790025,42.197356],[24.790167,42.197391],[24.790186,42.197351]]]},"properties":{"num":4}},{"type":"Feature","geometry":{"type":"Polygon","coordinates":[[[24.790188,42.197327],[24.790208,42.19725],[24.790071,42.197233],[24.790052,42.197308],[24.790188,42.197327]]]},"properties":{"num":1}},{"type":"Feature","geometry":{"type":"Polygon","coordinates":[[[24.790097,42.197314],[24.790093,42.197328],[24.790152,42.197337],[24.790157,42.197323],[24.790097,42.197314]]]},"properties":{"num":2}},{"type":"Feature","geometry":{"type":"Polygon","coordinates":[[[24.790288,42.197312],[24.790206,42.197324],[24.790217,42.197358],[24.790299,42.197346],[24.790288,42.197312]]]},"properties":{"num":3}},{"type":"Feature","geometry":{"type":"Polygon","coordinates":[[[24.790252,42.197194],[24.790216,42.197073],[24.79017,42.197084],[24.790202,42.197202],[24.790252,42.197194]]]},"properties":{"num":4}},{"type":"Feature","geometry":{"type":"Polygon","coordinates":[[[24.791245,42.196956],[24.79125,42.197023],[24.791384,42.197017],[24.791379,42.19695],[24.791245,42.196956]]]},"properties":{"num":1}},{"type":"Feature","geometry":{"type":"Polygon","coordinates":[[[24.791358,42.196923],[24.791361,42.196951],[24.791379,42.19695],[24.791382,42.196993],[24.791442,42.196991],[24.791437,42.19692],[24.791358,42.196923]]]},"properties":{"num":2}},{"type":"Feature","geometry":{"type":"Polygon","coordinates":[[[24.791403,42.197219],[24.791397,42.197146],[24.791279,42.197153],[24.791285,42.19723],[24.791322,42.197229],[24.791322,42.197224],[24.791403,42.197219]]]},"properties":{"num":1}},{"type":"Feature","geometry":{"type":"Polygon","coordinates":[[[24.790871,42.197161],[24.790875,42.197229],[24.790923,42.197229],[24.790919,42.19716],[24.790871,42.197161]]]},"properties":{"num":2}},{"type":"Feature","geometry":{"type":"Polygon","coordinates":[[[24.791356,42.19728],[24.791279,42.197282],[24.791279,42.197276],[24.79122,42.197278],[24.79122,42.19737],[24.791326,42.197371],[24.791325,42.197346],[24.791359,42.197345],[24.791356,42.19728]]]},"properties":{"num":1}},{"type":"Feature","geometry":{"type":"Polygon","coordinates":[[[24.790878,42.19728],[24.790883,42.197378],[24.790954,42.197375],[24.790949,42.19728],[24.790878,42.19728]]]},"properties":{"num":2}},{"type":"Feature","geometry":{"type":"Polygon","coordinates":[[[24.790957,42.197426],[24.790954,42.197375],[24.790883,42.197378],[24.79089,42.19743],[24.790957,42.197426]]]},"properties":{"num":3}},{"type":"Feature","geometry":{"type":"Polygon","coordinates":[[[24.790774,42.198054],[24.790843,42.19799],[24.790752,42.197936],[24.790682,42.198],[24.790774,42.198054]]]},"properties":{"num":1}},{"type":"Feature","geometry":{"type":"Polygon","coordinates":[[[24.790774,42.198054],[24.790734,42.198031],[24.7907,42.198064],[24.790738,42.198082],[24.790774,42.198054]]]},"properties":{"num":2}},{"type":"Feature","geometry":{"type":"Polygon","coordinates":[[[24.790784,42.198103],[24.790846,42.198036],[24.790814,42.198017],[24.790738,42.198082],[24.790784,42.198103]]]},"properties":{"num":3}},{"type":"Feature","geometry":{"type":"Polygon","coordinates":[[[24.790881,42.198098],[24.790981,42.198141],[24.791032,42.198075],[24.790932,42.198032],[24.790881,42.198098]]]},"properties":{"num":1}},{"type":"Feature","geometry":{"type":"Polygon","coordinates":[[[24.791032,42.198075],[24.790993,42.198125],[24.791035,42.198143],[24.791075,42.198092],[24.791032,42.198075]]]},"properties":{"num":2}},{"type":"Feature","geometry":{"type":"Polygon","coordinates":[[[24.791442,42.197892],[24.791395,42.197893],[24.791394,42.197872],[24.791308,42.197875],[24.791311,42.197937],[24.791444,42.197933],[24.791442,42.197892]]]},"properties":{"num":1}},{"type":"Feature","geometry":{"type":"Polygon","coordinates":[[[24.791334,42.198103],[24.791459,42.198097],[24.791457,42.198044],[24.791403,42.198046],[24.791399,42.198026],[24.791327,42.19803],[24.791334,42.198103]]]},"properties":{"num":1}},{"type":"Feature","geometry":{"type":"Polygon","coordinates":[[[24.791146,42.198143],[24.791189,42.198141],[24.791166,42.197978],[24.791126,42.197982],[24.791146,42.198143]]]},"properties":{"num":3}},{"type":"Feature","geometry":{"type":"Polygon","coordinates":[[[24.791283,42.198313],[24.79131,42.198269],[24.791321,42.198273],[24.791368,42.198197],[24.791319,42.19818],[24.791246,42.1983],[24.791283,42.198313]]]},"properties":{"num":5}},{"type":"Feature","geometry":{"type":"Polygon","coordinates":[[[24.791246,42.1983],[24.791319,42.19818],[24.791156,42.198189],[24.791121,42.198246],[24.791161,42.198261],[24.791157,42.19827],[24.791246,42.1983]]]},"properties":{"num":6}},{"type":"Feature","geometry":{"type":"Polygon","coordinates":[[[24.791718,42.198403],[24.791854,42.198443],[24.79188,42.198392],[24.791745,42.198353],[24.791718,42.198403]]]},"properties":{"num":1}},{"type":"Feature","geometry":{"type":"Polygon","coordinates":[[[24.792177,42.198462],[24.792286,42.198467],[24.792293,42.198367],[24.792184,42.198362],[24.792177,42.198462]]]},"properties":{"num":1}},{"type":"Feature","geometry":{"type":"Polygon","coordinates":[[[24.792326,42.198423],[24.792289,42.198421],[24.792282,42.198476],[24.792326,42.198478],[24.792326,42.198423]]]},"properties":{"num":2}},{"type":"Feature","geometry":{"type":"Polygon","coordinates":[[[24.792131,42.19828],[24.79213,42.198321],[24.792254,42.198323],[24.792255,42.198278],[24.792131,42.19828]]]},"properties":{"num":3}},{"type":"Feature","geometry":{"type":"Polygon","coordinates":[[[24.792411,42.198121],[24.792356,42.198126],[24.792371,42.198194],[24.792306,42.198202],[24.792317,42.198253],[24.792436,42.198239],[24.792411,42.198121]]]},"properties":{"num":1}},{"type":"Feature","geometry":{"type":"Polygon","coordinates":[[[24.791957,42.197758],[24.791832,42.197762],[24.791836,42.197818],[24.791825,42.197819],[24.791827,42.197854],[24.791963,42.19785],[24.791957,42.197758]]]},"properties":{"num":1}},{"type":"Feature","geometry":{"type":"Polygon","coordinates":[[[24.791758,42.197721],[24.791759,42.197751],[24.791953,42.197746],[24.791951,42.197717],[24.791758,42.197721]]]},"properties":{"num":2}},{"type":"Feature","geometry":{"type":"Polygon","coordinates":[[[24.791819,42.19769],[24.791946,42.197681],[24.79194,42.19762],[24.791863,42.197626],[24.791862,42.197617],[24.791812,42.197621],[24.791819,42.19769]]]},"properties":{"num":1}},{"type":"Feature","geometry":{"type":"Polygon","coordinates":[[[24.791911,42.197719],[24.792042,42.197715],[24.792041,42.197677],[24.79191,42.197683],[24.791911,42.197719]]]},"properties":{"num":2}},{"type":"Feature","geometry":{"type":"Polygon","coordinates":[[[24.791649,42.197356],[24.791653,42.197408],[24.791668,42.197408],[24.79167,42.197435],[24.791748,42.197432],[24.791744,42.197352],[24.791649,42.197356]]]},"properties":{"num":1}},{"type":"Feature","geometry":{"type":"Polygon","coordinates":[[[24.791712,42.197481],[24.791757,42.197477],[24.791751,42.197442],[24.791706,42.197444],[24.791712,42.197481]]]},"properties":{"num":2}},{"type":"Feature","geometry":{"type":"Polygon","coordinates":[[[24.791595,42.197448],[24.791597,42.19749],[24.7917,42.197482],[24.791696,42.197444],[24.791595,42.197448]]]},"properties":{"num":3}},{"type":"Feature","geometry":{"type":"Polygon","coordinates":[[[24.791775,42.197476],[24.791654,42.197485],[24.791664,42.197553],[24.791785,42.197545],[24.791775,42.197476]]]},"properties":{"num":4}},{"type":"Feature","geometry":{"type":"Polygon","coordinates":[[[24.791606,42.197597],[24.791642,42.197597],[24.791641,42.19756],[24.791604,42.197561],[24.791606,42.197597]]]},"properties":{"num":5}},{"type":"Feature","geometry":{"type":"Polygon","coordinates":[[[24.791915,42.197364],[24.791863,42.197367],[24.791876,42.1975],[24.791931,42.197497],[24.791915,42.197364]]]},"properties":{"num":6}},{"type":"Feature","geometry":{"type":"Polygon","coordinates":[[[24.791744,42.197352],[24.791738,42.197268],[24.79166,42.197271],[24.791662,42.197298],[24.791646,42.197299],[24.791649,42.197356],[24.791744,42.197352]]]},"properties":{"num":1}},{"type":"Feature","geometry":{"type":"Polygon","coordinates":[[[24.79166,42.197271],[24.791694,42.197269],[24.791694,42.197255],[24.79166,42.197255],[24.79166,42.197271]]]},"properties":{"num":2}},{"type":"Feature","geometry":{"type":"Polygon","coordinates":[[[24.791837,42.197348],[24.791833,42.197295],[24.79174,42.197298],[24.791744,42.197352],[24.791837,42.197348]]]},"properties":{"num":3}},{"type":"Feature","geometry":{"type":"Polygon","coordinates":[[[24.791901,42.197345],[24.791897,42.197293],[24.791833,42.197295],[24.791837,42.197348],[24.791901,42.197345]]]},"properties":{"num":4}},{"type":"Feature","geometry":{"type":"Polygon","coordinates":[[[24.791727,42.196585],[24.791594,42.196591],[24.7916,42.196668],[24.791733,42.196663],[24.791727,42.196585]]]},"properties":{"num":1}},{"type":"Feature","geometry":{"type":"Polygon","coordinates":[[[24.792482,42.19664],[24.792478,42.196557],[24.792347,42.196562],[24.792351,42.196644],[24.792482,42.19664]]]},"properties":{"num":1}},{"type":"Feature","geometry":{"type":"Polygon","coordinates":[[[24.79235,42.196616],[24.792345,42.196524],[24.792293,42.196525],[24.792297,42.196617],[24.79235,42.196616]]]},"properties":{"num":2}},{"type":"Feature","geometry":{"type":"Polygon","coordinates":[[[24.79228,42.197355],[24.792235,42.197279],[24.792071,42.197332],[24.792116,42.197408],[24.79228,42.197355]]]},"properties":{"num":1}},{"type":"Feature","geometry":{"type":"Polygon","coordinates":[[[24.792077,42.197415],[24.792058,42.197376],[24.792031,42.197383],[24.792051,42.197422],[24.792077,42.197415]]]},"properties":{"num":2}},{"type":"Feature","geometry":{"type":"Polygon","coordinates":[[[24.792215,42.197052],[24.792091,42.19705],[24.792089,42.197091],[24.792216,42.197093],[24.792215,42.197052]]]},"properties":{"num":5}},{"type":"Feature","geometry":{"type":"Polygon","coordinates":[[[24.791981,42.197047],[24.791981,42.197099],[24.792089,42.197102],[24.792091,42.19705],[24.791981,42.197047]]]},"properties":{"num":6}},{"type":"Feature","geometry":{"type":"Polygon","coordinates":[[[24.792757,42.198136],[24.792729,42.198234],[24.792798,42.198245],[24.792808,42.198207],[24.79283,42.19821],[24.792846,42.19815],[24.792757,42.198136]]]},"properties":{"num":1}},{"type":"Feature","geometry":{"type":"Polygon","coordinates":[[[24.792665,42.198274],[24.792674,42.19822],[24.792524,42.198201],[24.792508,42.198258],[24.792665,42.198274]]]},"properties":{"num":2}},{"type":"Feature","geometry":{"type":"Polygon","coordinates":[[[24.792741,42.198281],[24.79275,42.198237],[24.792729,42.198234],[24.792732,42.198224],[24.792674,42.19822],[24.792665,42.198274],[24.792741,42.198281]]]},"properties":{"num":3}},{"type":"Feature","geometry":{"type":"Polygon","coordinates":[[[24.792631,42.198484],[24.792757,42.198487],[24.792762,42.198406],[24.792635,42.198402],[24.792631,42.198484]]]},"properties":{"num":1}},{"type":"Feature","geometry":{"type":"Polygon","coordinates":[[[24.79279,42.198283],[24.792775,42.198356],[24.792851,42.198364],[24.792873,42.198288],[24.79279,42.198283]]]},"properties":{"num":2}},{"type":"Feature","geometry":{"type":"Polygon","coordinates":[[[24.792765,42.19835],[24.79277,42.198298],[24.792657,42.198291],[24.792654,42.198342],[24.792765,42.19835]]]},"properties":{"num":3}},{"type":"Feature","geometry":{"type":"Polygon","coordinates":[[[24.792657,42.198291],[24.7925,42.198282],[24.792495,42.198331],[24.792654,42.198342],[24.792657,42.198291]]]},"properties":{"num":4}},{"type":"Feature","geometry":{"type":"Polygon","coordinates":[[[24.793142,42.198509],[24.793157,42.198425],[24.793023,42.198416],[24.793009,42.198499],[24.793142,42.198509]]]},"properties":{"num":1}},{"type":"Feature","geometry":{"type":"Polygon","coordinates":[[[24.793226,42.198484],[24.793171,42.198477],[24.793156,42.198549],[24.793207,42.198555],[24.793226,42.198484]]]},"properties":{"num":2}},{"type":"Feature","geometry":{"type":"Polygon","coordinates":[[[24.792917,42.198575],[24.792934,42.198587],[24.792967,42.198589],[24.792989,42.198506],[24.792937,42.198499],[24.792917,42.198575]]]},"properties":{"num":3}},{"type":"Feature","geometry":{"type":"Polygon","coordinates":[[[24.793035,42.19813],[24.793025,42.19817],[24.79315,42.198193],[24.793164,42.198153],[24.793035,42.19813]]]},"properties":{"num":4}},{"type":"Feature","geometry":{"type":"Polygon","coordinates":[[[24.79294,42.19849],[24.792987,42.198496],[24.793031,42.198339],[24.792982,42.198332],[24.79294,42.19849]]]},"properties":{"num":5}},{"type":"Feature","geometry":{"type":"Polygon","coordinates":[[[24.792982,42.198332],[24.793031,42.198339],[24.793048,42.198275],[24.792999,42.198268],[24.792982,42.198332]]]},"properties":{"num":6}},{"type":"Feature","geometry":{"type":"Polygon","coordinates":[[[24.793244,42.198525],[24.79333,42.198529],[24.793331,42.198525],[24.793311,42.198524],[24.793328,42.198444],[24.793298,42.198442],[24.793306,42.198416],[24.79325,42.19841],[24.793227,42.198528],[24.793244,42.198529],[24.793244,42.198525]]]},"properties":{"num":1}},{"type":"Feature","geometry":{"type":"Polygon","coordinates":[[[24.793386,42.198567],[24.793326,42.198562],[24.79333,42.198529],[24.793244,42.198525],[24.793237,42.198602],[24.793382,42.198609],[24.793386,42.198567]]]},"properties":{"num":2}},{"type":"Feature","geometry":{"type":"Polygon","coordinates":[[[24.793199,42.198601],[24.793237,42.198602],[24.793244,42.198529],[24.793214,42.198527],[24.793199,42.198601]]]},"properties":{"num":3}},{"type":"Feature","geometry":{"type":"Polygon","coordinates":[[[24.793438,42.198529],[24.793433,42.198471],[24.79339,42.198476],[24.793394,42.198531],[24.793438,42.198529]]]},"properties":{"num":4}},{"type":"Feature","geometry":{"type":"Polygon","coordinates":[[[24.793446,42.1982],[24.793278,42.198174],[24.793271,42.198217],[24.793413,42.198228],[24.793412,42.198219],[24.793446,42.1982]]]},"properties":{"num":5}},{"type":"Feature","geometry":{"type":"Polygon","coordinates":[[[24.793523,42.198527],[24.793629,42.198533],[24.793635,42.198449],[24.793528,42.198444],[24.793523,42.198527]]]},"properties":{"num":1}},{"type":"Feature","geometry":{"type":"Polygon","coordinates":[[[24.793588,42.198357],[24.793626,42.198332],[24.793573,42.198288],[24.793531,42.198316],[24.793588,42.198357]]]},"properties":{"num":2}},{"type":"Feature","geometry":{"type":"Polygon","coordinates":[[[24.793458,42.198193],[24.793412,42.198219],[24.793531,42.198316],[24.793573,42.198288],[24.793458,42.198193]]]},"properties":{"num":3}},{"type":"Feature","geometry":{"type":"Polygon","coordinates":[[[24.793139,42.197961],[24.793124,42.198018],[24.793157,42.198023],[24.793154,42.198034],[24.793231,42.198044],[24.79325,42.197975],[24.793139,42.197961]]]},"properties":{"num":2}},{"type":"Feature","geometry":{"type":"Polygon","coordinates":[[[24.793231,42.198044],[24.793273,42.19805],[24.793292,42.197981],[24.79325,42.197975],[24.793231,42.198044]]]},"properties":{"num":3}},{"type":"Feature","geometry":{"type":"Polygon","coordinates":[[[24.793035,42.19813],[24.793289,42.198176],[24.7933,42.198137],[24.793046,42.19809],[24.793035,42.19813]]]},"properties":{"num":4}},{"type":"Feature","geometry":{"type":"Polygon","coordinates":[[[24.79312,42.197918],[24.793126,42.19789],[24.7931,42.197886],[24.793094,42.197914],[24.79312,42.197918]]]},"properties":{"num":5}},{"type":"Feature","geometry":{"type":"Polygon","coordinates":[[[24.793378,42.198189],[24.793389,42.198151],[24.7933,42.198137],[24.793289,42.198176],[24.793378,42.198189]]]},"properties":{"num":6}},{"type":"Feature","geometry":{"type":"Polygon","coordinates":[[[24.793389,42.198151],[24.793378,42.198189],[24.793446,42.1982],[24.793504,42.198169],[24.793389,42.198151]]]},"properties":{"num":7}},{"type":"Feature","geometry":{"type":"Polygon","coordinates":[[[24.793347,42.197569],[24.793452,42.197451],[24.79336,42.197407],[24.793256,42.197525],[24.793347,42.197569]]]},"properties":{"num":1}},{"type":"Feature","geometry":{"type":"Polygon","coordinates":[[[24.793405,42.197173],[24.793418,42.197159],[24.793444,42.197172],[24.793445,42.197182],[24.793485,42.197201],[24.793549,42.197129],[24.793443,42.197077],[24.793373,42.197158],[24.793405,42.197173]]]},"properties":{"num":1}},{"type":"Feature","geometry":{"type":"Polygon","coordinates":[[[24.793561,42.197249],[24.793593,42.197211],[24.793556,42.197192],[24.793569,42.197178],[24.793525,42.197156],[24.793478,42.197208],[24.793561,42.197249]]]},"properties":{"num":2}},{"type":"Feature","geometry":{"type":"Polygon","coordinates":[[[24.793715,42.197143],[24.793671,42.197122],[24.793561,42.197249],[24.793604,42.197269],[24.793715,42.197143]]]},"properties":{"num":3}},{"type":"Feature","geometry":{"type":"Polygon","coordinates":[[[24.793299,42.197123],[24.793373,42.197158],[24.793405,42.197121],[24.793358,42.197098],[24.793356,42.197004],[24.793299,42.197004],[24.793299,42.197123]]]},"properties":{"num":4}},{"type":"Feature","geometry":{"type":"Polygon","coordinates":[[[24.793298,42.196895],[24.793299,42.197004],[24.793356,42.197004],[24.793355,42.196973],[24.793404,42.196969],[24.7934,42.196884],[24.793298,42.196895]]]},"properties":{"num":5}},{"type":"Feature","geometry":{"type":"Polygon","coordinates":[[[24.793773,42.197299],[24.793874,42.197348],[24.793906,42.197312],[24.793866,42.197293],[24.793876,42.197281],[24.793838,42.197263],[24.793827,42.197274],[24.793803,42.197262],[24.793773,42.197299]]]},"properties":{"num":1}},{"type":"Feature","geometry":{"type":"Polygon","coordinates":[[[24.793909,42.197367],[24.793874,42.197348],[24.79384,42.197385],[24.793874,42.197402],[24.793909,42.197367]]]},"properties":{"num":2}},{"type":"Feature","geometry":{"type":"Polygon","coordinates":[[[24.793963,42.197374],[24.793921,42.197424],[24.794,42.197461],[24.794044,42.197411],[24.793963,42.197374]]]},"properties":{"num":1}},{"type":"Feature","geometry":{"type":"Polygon","coordinates":[[[24.794535,42.197203],[24.794648,42.197256],[24.794713,42.197179],[24.794599,42.197126],[24.794535,42.197203]]]},"properties":{"num":1}},{"type":"Feature","geometry":{"type":"Polygon","coordinates":[[[24.794693,42.197275],[24.794674,42.197298],[24.79474,42.197331],[24.794759,42.197307],[24.794693,42.197275]]]},"properties":{"num":2}},{"type":"Feature","geometry":{"type":"Polygon","coordinates":[[[24.794835,42.197207],[24.794798,42.197189],[24.794765,42.197233],[24.794752,42.197227],[24.794728,42.197259],[24.794713,42.197251],[24.794693,42.197275],[24.794759,42.197307],[24.794835,42.197207]]]},"properties":{"num":3}},{"type":"Feature","geometry":{"type":"Polygon","coordinates":[[[24.79817,42.196027],[24.798212,42.195932],[24.797415,42.19574],[24.797417,42.195736],[24.797343,42.195718],[24.797298,42.195822],[24.797372,42.195839],[24.797374,42.195835],[24.79817,42.196027]]]},"properties":{"num":1}},{"type":"Feature","geometry":{"type":"Polygon","coordinates":[[[24.799122,42.196146],[24.799121,42.19615],[24.799111,42.196148],[24.798326,42.195959],[24.798285,42.196055],[24.799081,42.196247],[24.79908,42.196251],[24.799189,42.196277],[24.799234,42.196173],[24.799122,42.196146]]]},"properties":{"num":2}},{"type":"Feature","geometry":{"type":"Polygon","coordinates":[[[24.797948,42.194582],[24.797803,42.194553],[24.797653,42.194973],[24.797797,42.195002],[24.797948,42.194582]]]},"properties":{"num":9}},{"type":"Feature","geometry":{"type":"Polygon","coordinates":[[[24.793113,42.1968],[24.793058,42.196801],[24.793058,42.196785],[24.792975,42.196786],[24.792979,42.196848],[24.793114,42.196847],[24.793113,42.1968]]]},"properties":{"num":1}},{"type":"Feature","geometry":{"type":"Polygon","coordinates":[[[24.793114,42.196873],[24.793179,42.196874],[24.793178,42.196838],[24.793114,42.196836],[24.793114,42.196873]]]},"properties":{"num":2}},{"type":"Feature","geometry":{"type":"Polygon","coordinates":[[[24.793097,42.196642],[24.793099,42.196724],[24.793178,42.196723],[24.793178,42.19664],[24.793097,42.196642]]]},"properties":{"num":3}},{"type":"Feature","geometry":{"type":"Polygon","coordinates":[[[24.792942,42.196881],[24.79293,42.196663],[24.79288,42.196667],[24.792887,42.196883],[24.792942,42.196881]]]},"properties":{"num":4}},{"type":"Feature","geometry":{"type":"Polygon","coordinates":[[[24.79271,42.196737],[24.79271,42.196663],[24.792575,42.196665],[24.792576,42.196741],[24.79271,42.196737]]]},"properties":{"num":1}},{"type":"Feature","geometry":{"type":"Polygon","coordinates":[[[24.792787,42.196677],[24.79271,42.196677],[24.79271,42.196737],[24.792789,42.196736],[24.792787,42.196677]]]},"properties":{"num":2}},{"type":"Feature","geometry":{"type":"Polygon","coordinates":[[[24.792724,42.196512],[24.79273,42.196561],[24.792775,42.196561],[24.79277,42.196512],[24.792724,42.196512]]]},"properties":{"num":3}},{"type":"Feature","geometry":{"type":"Polygon","coordinates":[[[24.792521,42.19674],[24.792576,42.196741],[24.792576,42.19671],[24.792543,42.196711],[24.792542,42.196699],[24.792523,42.196699],[24.792521,42.19674]]]},"properties":{"num":4}},{"type":"Feature","geometry":{"type":"Polygon","coordinates":[[[24.791662,42.19644],[24.791773,42.196439],[24.791773,42.196393],[24.791664,42.196394],[24.791662,42.19644]]]},"properties":{"num":1}},{"type":"Feature","geometry":{"type":"Polygon","coordinates":[[[24.791905,42.196437],[24.791907,42.196392],[24.791773,42.196393],[24.791773,42.196439],[24.791905,42.196437]]]},"properties":{"num":2}},{"type":"Feature","geometry":{"type":"Polygon","coordinates":[[[24.791504,42.196297],[24.791402,42.196296],[24.791402,42.196394],[24.791504,42.196395],[24.791504,42.196297]]]},"properties":{"num":1}},{"type":"Feature","geometry":{"type":"Polygon","coordinates":[[[24.791362,42.196394],[24.791402,42.196394],[24.791402,42.196355],[24.791363,42.196355],[24.791362,42.196394]]]},"properties":{"num":2}},{"type":"Feature","geometry":{"type":"Polygon","coordinates":[[[24.791325,42.196441],[24.791324,42.196376],[24.791276,42.196376],[24.791277,42.196441],[24.791325,42.196441]]]},"properties":{"num":3}},{"type":"Feature","geometry":{"type":"Polygon","coordinates":[[[24.791324,42.196177],[24.791324,42.196103],[24.791267,42.196102],[24.791268,42.196178],[24.791324,42.196177]]]},"properties":{"num":4}},{"type":"Feature","geometry":{"type":"Polygon","coordinates":[[[24.791268,42.196178],[24.791268,42.196229],[24.791323,42.196228],[24.791324,42.196177],[24.791268,42.196178]]]},"properties":{"num":5}},{"type":"Feature","geometry":{"type":"Polygon","coordinates":[[[24.791137,42.196243],[24.791096,42.196243],[24.791096,42.196224],[24.791,42.196226],[24.791001,42.196265],[24.790988,42.196265],[24.790988,42.196316],[24.79104,42.196316],[24.79104,42.196325],[24.791138,42.196325],[24.791137,42.196243]]]},"properties":{"num":1}},{"type":"Feature","geometry":{"type":"Polygon","coordinates":[[[24.791138,42.19623],[24.791096,42.19623],[24.791096,42.196243],[24.791137,42.196243],[24.791138,42.19623]]]},"properties":{"num":2}},{"type":"Feature","geometry":{"type":"Polygon","coordinates":[[[24.790889,42.196442],[24.791035,42.196441],[24.791035,42.196385],[24.790892,42.196384],[24.790889,42.196442]]]},"properties":{"num":3}},{"type":"Feature","geometry":{"type":"Polygon","coordinates":[[[24.791258,42.1964],[24.791207,42.1964],[24.791207,42.196386],[24.791163,42.196386],[24.791163,42.1964],[24.791113,42.196401],[24.791112,42.196441],[24.791259,42.19644],[24.791258,42.1964]]]},"properties":{"num":4}},{"type":"Feature","geometry":{"type":"Polygon","coordinates":[[[24.79128,42.196693],[24.791278,42.196657],[24.791298,42.196656],[24.791293,42.196594],[24.791208,42.196598],[24.791215,42.196696],[24.79128,42.196693]]]},"properties":{"num":1}},{"type":"Feature","geometry":{"type":"Polygon","coordinates":[[[24.791191,42.196547],[24.791095,42.196547],[24.7911,42.196608],[24.791147,42.196606],[24.791144,42.196589],[24.791196,42.196588],[24.791191,42.196547]]]},"properties":{"num":2}},{"type":"Feature","geometry":{"type":"Polygon","coordinates":[[[24.791109,42.196697],[24.791215,42.196696],[24.791213,42.196659],[24.791106,42.196662],[24.791109,42.196697]]]},"properties":{"num":3}},{"type":"Feature","geometry":{"type":"Polygon","coordinates":[[[24.791001,42.196594],[24.790872,42.196594],[24.790873,42.19667],[24.791002,42.196671],[24.791001,42.196594]]]},"properties":{"num":1}},{"type":"Feature","geometry":{"type":"Polygon","coordinates":[[[24.79083,42.196596],[24.790872,42.196594],[24.790868,42.196548],[24.790827,42.196548],[24.79083,42.196596]]]},"properties":{"num":2}},{"type":"Feature","geometry":{"type":"Polygon","coordinates":[[[24.791002,42.196671],[24.790891,42.19667],[24.790891,42.196695],[24.791002,42.196695],[24.791002,42.196671]]]},"properties":{"num":3}},{"type":"Feature","geometry":{"type":"Polygon","coordinates":[[[24.790845,42.196835],[24.790883,42.196834],[24.790875,42.196675],[24.790835,42.196674],[24.790845,42.196835]]]},"properties":{"num":4}},{"type":"Feature","geometry":{"type":"Polygon","coordinates":[[[24.79088,42.196779],[24.790983,42.196776],[24.790983,42.196753],[24.790879,42.196754],[24.79088,42.196779]]]},"properties":{"num":5}},{"type":"Feature","geometry":{"type":"Polygon","coordinates":[[[24.790572,42.19634],[24.790464,42.196341],[24.790464,42.196418],[24.790572,42.196417],[24.790572,42.19634]]]},"properties":{"num":1}},{"type":"Feature","geometry":{"type":"Polygon","coordinates":[[[24.790651,42.196392],[24.790607,42.196393],[24.790612,42.196452],[24.790657,42.196447],[24.790651,42.196392]]]},"properties":{"num":3}},{"type":"Feature","geometry":{"type":"Polygon","coordinates":[[[24.790068,42.196146],[24.790027,42.196074],[24.789691,42.196177],[24.789732,42.196248],[24.790068,42.196146]]]},"properties":{"num":1}},{"type":"Feature","geometry":{"type":"Polygon","coordinates":[[[24.789691,42.196177],[24.78967,42.196184],[24.789692,42.196225],[24.789715,42.196218],[24.789691,42.196177]]]},"properties":{"num":2}},{"type":"Feature","geometry":{"type":"Polygon","coordinates":[[[24.790027,42.196074],[24.79001,42.196039],[24.789721,42.196128],[24.78974,42.196162],[24.790027,42.196074]]]},"properties":{"num":4}},{"type":"Feature","geometry":{"type":"Polygon","coordinates":[[[24.789648,42.196342],[24.789559,42.196309],[24.789487,42.196406],[24.789581,42.196441],[24.789648,42.196342]]]},"properties":{"num":5}},{"type":"Feature","geometry":{"type":"Polygon","coordinates":[[[24.789537,42.196505],[24.789449,42.196472],[24.789361,42.196601],[24.78945,42.196634],[24.789537,42.196505]]]},"properties":{"num":6}},{"type":"Feature","geometry":{"type":"Polygon","coordinates":[[[24.789905,42.196455],[24.789819,42.196422],[24.78967,42.196639],[24.789794,42.196686],[24.789883,42.196557],[24.789845,42.196543],[24.789905,42.196455]]]},"properties":{"num":7}},{"type":"Feature","geometry":{"type":"Polygon","coordinates":[[[24.789569,42.196968],[24.789371,42.196863],[24.789303,42.196935],[24.789351,42.19696],[24.789338,42.196974],[24.789489,42.197053],[24.789569,42.196968]]]},"properties":{"num":1}},{"type":"Feature","geometry":{"type":"Polygon","coordinates":[[[24.789543,42.196995],[24.78959,42.197016],[24.789627,42.196967],[24.789586,42.196949],[24.789543,42.196995]]]},"properties":{"num":2}},{"type":"Feature","geometry":{"type":"Polygon","coordinates":[[[24.789582,42.196893],[24.789555,42.196919],[24.78961,42.196947],[24.789635,42.19692],[24.789582,42.196893]]]},"properties":{"num":3}},{"type":"Feature","geometry":{"type":"Polygon","coordinates":[[[24.789426,42.196892],[24.789478,42.196844],[24.789425,42.196813],[24.789375,42.196865],[24.789426,42.196892]]]},"properties":{"num":4}},{"type":"Feature","geometry":{"type":"Polygon","coordinates":[[[24.789529,42.196947],[24.789582,42.196893],[24.789478,42.196844],[24.789426,42.196892],[24.789529,42.196947]]]},"properties":{"num":5}},{"type":"Feature","geometry":{"type":"Polygon","coordinates":[[[24.78884,42.196684],[24.788781,42.196744],[24.788849,42.196781],[24.788862,42.196769],[24.788899,42.196789],[24.788946,42.196742],[24.78884,42.196684]]]},"properties":{"num":1}},{"type":"Feature","geometry":{"type":"Polygon","coordinates":[[[24.788531,42.196672],[24.788565,42.19665],[24.788523,42.196625],[24.788485,42.196645],[24.788531,42.196672]]]},"properties":{"num":2}},{"type":"Feature","geometry":{"type":"Polygon","coordinates":[[[24.788593,42.196587],[24.788626,42.196618],[24.788841,42.196497],[24.788809,42.196468],[24.788593,42.196587]]]},"properties":{"num":3}},{"type":"Feature","geometry":{"type":"Polygon","coordinates":[[[24.78845,42.196371],[24.788364,42.196324],[24.788281,42.196405],[24.788364,42.196452],[24.78845,42.196371]]]},"properties":{"num":1}},{"type":"Feature","geometry":{"type":"Polygon","coordinates":[[[24.788372,42.196193],[24.788455,42.196271],[24.788504,42.196243],[24.788421,42.196165],[24.788372,42.196193]]]},"properties":{"num":2}},{"type":"Feature","geometry":{"type":"Polygon","coordinates":[[[24.788596,42.196348],[24.788543,42.196371],[24.788591,42.196425],[24.788639,42.196397],[24.788596,42.196348]]]},"properties":{"num":3}},{"type":"Feature","geometry":{"type":"Polygon","coordinates":[[[24.788571,42.196416],[24.788549,42.196395],[24.788473,42.196438],[24.788496,42.196459],[24.788571,42.196416]]]},"properties":{"num":4}},{"type":"Feature","geometry":{"type":"Polygon","coordinates":[[[24.789015,42.196193],[24.789153,42.196152],[24.789108,42.196072],[24.788968,42.196114],[24.789015,42.196193]]]},"properties":{"num":1}},{"type":"Feature","geometry":{"type":"Polygon","coordinates":[[[24.788898,42.196103],[24.788952,42.196067],[24.788929,42.196046],[24.788951,42.196032],[24.788855,42.195948],[24.788776,42.195998],[24.788898,42.196103]]]},"properties":{"num":2}},{"type":"Feature","geometry":{"type":"Polygon","coordinates":[[[24.788873,42.195874],[24.788813,42.195912],[24.788897,42.195983],[24.788956,42.195945],[24.788873,42.195874]]]},"properties":{"num":3}},{"type":"Feature","geometry":{"type":"Polygon","coordinates":[[[24.788776,42.195998],[24.788843,42.195956],[24.788788,42.195908],[24.788721,42.195951],[24.788776,42.195998]]]},"properties":{"num":4}},{"type":"Feature","geometry":{"type":"Polygon","coordinates":[[[24.788937,42.19614],[24.788956,42.196128],[24.788944,42.196117],[24.788954,42.196112],[24.788926,42.196085],[24.788898,42.196103],[24.788937,42.19614]]]},"properties":{"num":5}},{"type":"Feature","geometry":{"type":"Polygon","coordinates":[[[24.789167,42.196111],[24.789212,42.196157],[24.789233,42.196151],[24.789188,42.196104],[24.789167,42.196111]]]},"properties":{"num":6}},{"type":"Feature","geometry":{"type":"Polygon","coordinates":[[[24.789113,42.196072],[24.789072,42.196001],[24.789023,42.196016],[24.789063,42.196086],[24.789113,42.196072]]]},"properties":{"num":7}},{"type":"Feature","geometry":{"type":"Polygon","coordinates":[[[24.789312,42.19604],[24.789304,42.196032],[24.789347,42.196013],[24.789288,42.19594],[24.789207,42.195976],[24.789268,42.196058],[24.789312,42.19604]]]},"properties":{"num":1}},{"type":"Feature","geometry":{"type":"Polygon","coordinates":[[[24.789221,42.195993],[24.78918,42.196012],[24.789225,42.196065],[24.789259,42.196048],[24.789221,42.195993]]]},"properties":{"num":2}},{"type":"Feature","geometry":{"type":"Polygon","coordinates":[[[24.789212,42.196071],[24.789237,42.196094],[24.789268,42.196139],[24.789318,42.196122],[24.789259,42.196048],[24.789212,42.196071]]]},"properties":{"num":3}},{"type":"Feature","geometry":{"type":"Polygon","coordinates":[[[24.789486,42.196032],[24.789427,42.196052],[24.789444,42.196081],[24.789504,42.196061],[24.789486,42.196032]]]},"properties":{"num":4}},{"type":"Feature","geometry":{"type":"Polygon","coordinates":[[[24.789539,42.196022],[24.78949,42.196038],[24.789504,42.196061],[24.789557,42.196043],[24.789539,42.196022]]]},"properties":{"num":5}},{"type":"Feature","geometry":{"type":"Polygon","coordinates":[[[24.789527,42.195936],[24.789539,42.195928],[24.789551,42.195938],[24.789594,42.19591],[24.789531,42.195857],[24.789508,42.195872],[24.78947,42.195841],[24.789412,42.195879],[24.789462,42.195921],[24.789457,42.195925],[24.789528,42.195985],[24.78956,42.195964],[24.789527,42.195936]]]},"properties":{"num":1}},{"type":"Feature","geometry":{"type":"Polygon","coordinates":[[[24.789533,42.195579],[24.789467,42.195521],[24.78937,42.195581],[24.789435,42.195638],[24.789533,42.195579]]]},"properties":{"num":1}},{"type":"Feature","geometry":{"type":"Polygon","coordinates":[[[24.789668,42.195547],[24.789642,42.195523],[24.789548,42.195577],[24.789574,42.195601],[24.789668,42.195547]]]},"properties":{"num":2}},{"type":"Feature","geometry":{"type":"Polygon","coordinates":[[[24.789317,42.195616],[24.789376,42.195671],[24.789412,42.19565],[24.789351,42.195595],[24.789317,42.195616]]]},"properties":{"num":3}},{"type":"Feature","geometry":{"type":"Polygon","coordinates":[[[24.78985,42.195529],[24.789932,42.195481],[24.789863,42.195424],[24.789784,42.195472],[24.78985,42.195529]]]},"properties":{"num":1}},{"type":"Feature","geometry":{"type":"Polygon","coordinates":[[[24.789989,42.195506],[24.789946,42.195472],[24.78985,42.195529],[24.789859,42.195537],[24.78983,42.195555],[24.789868,42.195589],[24.789989,42.195506]]]},"properties":{"num":2}},{"type":"Feature","geometry":{"type":"Polygon","coordinates":[[[24.78976,42.195451],[24.789784,42.195472],[24.789851,42.195431],[24.789827,42.195409],[24.78976,42.195451]]]},"properties":{"num":3}},{"type":"Feature","geometry":{"type":"Polygon","coordinates":[[[24.789876,42.195378],[24.789827,42.195409],[24.789851,42.195431],[24.789863,42.195424],[24.789867,42.195427],[24.789905,42.195404],[24.789876,42.195378]]]},"properties":{"num":4}},{"type":"Feature","geometry":{"type":"Polygon","coordinates":[[[24.790105,42.195426],[24.790209,42.195353],[24.790174,42.195328],[24.790071,42.1954],[24.790105,42.195426]]]},"properties":{"num":5}},{"type":"Feature","geometry":{"type":"Polygon","coordinates":[[[24.789764,42.195305],[24.789665,42.195364],[24.789736,42.195426],[24.789839,42.195365],[24.789764,42.195305]]]},"properties":{"num":1}},{"type":"Feature","geometry":{"type":"Polygon","coordinates":[[[24.789734,42.195467],[24.789861,42.195387],[24.789839,42.195365],[24.789736,42.195426],[24.789711,42.195403],[24.789683,42.195423],[24.789734,42.195467]]]},"properties":{"num":2}},{"type":"Feature","geometry":{"type":"Polygon","coordinates":[[[24.789873,42.195183],[24.790014,42.195287],[24.790069,42.195253],[24.789927,42.195149],[24.789873,42.195183]]]},"properties":{"num":3}},{"type":"Feature","geometry":{"type":"Polygon","coordinates":[[[24.789664,42.195287],[24.789659,42.195283],[24.789703,42.195255],[24.789639,42.195196],[24.789543,42.195253],[24.789613,42.195318],[24.789664,42.195287]]]},"properties":{"num":1}},{"type":"Feature","geometry":{"type":"Polygon","coordinates":[[[24.789486,42.195243],[24.789511,42.195264],[24.78963,42.195187],[24.789607,42.195167],[24.789486,42.195243]]]},"properties":{"num":2}},{"type":"Feature","geometry":{"type":"Polygon","coordinates":[[[24.789873,42.195183],[24.789927,42.195149],[24.789785,42.195049],[24.789731,42.195086],[24.789873,42.195183]]]},"properties":{"num":3}},{"type":"Feature","geometry":{"type":"Polygon","coordinates":[[[24.789497,42.195199],[24.789577,42.195152],[24.7895,42.195082],[24.789415,42.195134],[24.789457,42.195171],[24.789462,42.195168],[24.789497,42.195199]]]},"properties":{"num":1}},{"type":"Feature","geometry":{"type":"Polygon","coordinates":[[[24.789598,42.195172],[24.789577,42.195152],[24.789497,42.195199],[24.789483,42.195187],[24.789451,42.19521],[24.789486,42.195243],[24.789598,42.195172]]]},"properties":{"num":2}},{"type":"Feature","geometry":{"type":"Polygon","coordinates":[[[24.789731,42.195086],[24.789785,42.195049],[24.789724,42.195005],[24.78967,42.19504],[24.789731,42.195086]]]},"properties":{"num":3}},{"type":"Feature","geometry":{"type":"Polygon","coordinates":[[[24.789673,42.195042],[24.78967,42.19504],[24.789724,42.195005],[24.789674,42.19497],[24.789614,42.195009],[24.789662,42.195049],[24.789673,42.195042]]]},"properties":{"num":4}},{"type":"Feature","geometry":{"type":"Polygon","coordinates":[[[24.793707,42.19736],[24.793782,42.197265],[24.793688,42.197224],[24.793611,42.19732],[24.793707,42.19736]]]},"properties":{"num":1}},{"type":"Feature","geometry":{"type":"Polygon","coordinates":[[[24.793617,42.197254],[24.793651,42.197269],[24.793696,42.197218],[24.793663,42.197202],[24.793617,42.197254]]]},"properties":{"num":2}},{"type":"Feature","geometry":{"type":"Polygon","coordinates":[[[24.793707,42.19736],[24.793721,42.197367],[24.793755,42.197325],[24.79374,42.197319],[24.793707,42.19736]]]},"properties":{"num":3}},{"type":"Feature","geometry":{"type":"Polygon","coordinates":[[[24.789348,42.195072],[24.789357,42.195066],[24.789381,42.195088],[24.789473,42.195031],[24.789391,42.194964],[24.789366,42.194979],[24.789358,42.194973],[24.789287,42.195017],[24.789348,42.195072]]]},"properties":{"num":1}},{"type":"Feature","geometry":{"type":"Polygon","coordinates":[[[24.789408,42.194912],[24.789438,42.194934],[24.789539,42.194873],[24.78951,42.194852],[24.789408,42.194912]]]},"properties":{"num":2}},{"type":"Feature","geometry":{"type":"Polygon","coordinates":[[[24.789164,42.194903],[24.789242,42.194976],[24.789338,42.194919],[24.78926,42.194846],[24.789164,42.194903]]]},"properties":{"num":1}},{"type":"Feature","geometry":{"type":"Polygon","coordinates":[[[24.789236,42.195014],[24.789362,42.19494],[24.789338,42.194919],[24.789242,42.194976],[24.789234,42.194969],[24.789206,42.194987],[24.789236,42.195014]]]},"properties":{"num":2}},{"type":"Feature","geometry":{"type":"Polygon","coordinates":[[[24.789159,42.194837],[24.789188,42.194868],[24.789241,42.194835],[24.789212,42.194804],[24.789159,42.194837]]]},"properties":{"num":3}},{"type":"Feature","geometry":{"type":"Polygon","coordinates":[[[24.789408,42.194912],[24.78951,42.194852],[24.789472,42.194824],[24.78937,42.194884],[24.789408,42.194912]]]},"properties":{"num":4}},{"type":"Feature","geometry":{"type":"Polygon","coordinates":[[[24.78907,42.194808],[24.789104,42.194839],[24.789185,42.194793],[24.789106,42.194719],[24.789018,42.194767],[24.789065,42.194811],[24.78907,42.194808]]]},"properties":{"num":1}},{"type":"Feature","geometry":{"type":"Polygon","coordinates":[[[24.789212,42.194804],[24.789195,42.194786],[24.789139,42.194819],[24.789159,42.194837],[24.789212,42.194804]]]},"properties":{"num":2}},{"type":"Feature","geometry":{"type":"Polygon","coordinates":[[[24.789304,42.194701],[24.789221,42.194638],[24.789197,42.194654],[24.78928,42.194717],[24.789304,42.194701]]]},"properties":{"num":3}},{"type":"Feature","geometry":{"type":"Polygon","coordinates":[[[24.78913,42.195166],[24.789065,42.195106],[24.788942,42.195181],[24.789007,42.195242],[24.78913,42.195166]]]},"properties":{"num":1}},{"type":"Feature","geometry":{"type":"Polygon","coordinates":[[[24.789007,42.195242],[24.78905,42.195278],[24.789118,42.195237],[24.789077,42.195198],[24.789007,42.195242]]]},"properties":{"num":2}},{"type":"Feature","geometry":{"type":"Polygon","coordinates":[[[24.789266,42.195282],[24.789224,42.195242],[24.789158,42.19528],[24.789224,42.195343],[24.789281,42.19531],[24.789257,42.195287],[24.789266,42.195282]]]},"properties":{"num":1}},{"type":"Feature","geometry":{"type":"Polygon","coordinates":[[[24.789333,42.195315],[24.789309,42.195293],[24.789183,42.195367],[24.789208,42.195391],[24.789333,42.195315]]]},"properties":{"num":2}},{"type":"Feature","geometry":{"type":"Polygon","coordinates":[[[24.789224,42.195343],[24.789158,42.19528],[24.789118,42.195304],[24.789183,42.195367],[24.789224,42.195343]]]},"properties":{"num":3}},{"type":"Feature","geometry":{"type":"Polygon","coordinates":[[[24.789309,42.195293],[24.789283,42.195268],[24.789257,42.195287],[24.789281,42.19531],[24.789309,42.195293]]]},"properties":{"num":4}},{"type":"Feature","geometry":{"type":"Polygon","coordinates":[[[24.789397,42.195447],[24.789331,42.195388],[24.789237,42.195443],[24.789303,42.195502],[24.789397,42.195447]]]},"properties":{"num":1}},{"type":"Feature","geometry":{"type":"Polygon","coordinates":[[[24.789537,42.19543],[24.789462,42.19536],[24.789394,42.1954],[24.789468,42.195468],[24.789537,42.19543]]]},"properties":{"num":2}},{"type":"Feature","geometry":{"type":"Polygon","coordinates":[[[24.788431,42.195135],[24.788414,42.195145],[24.788385,42.195117],[24.788338,42.195144],[24.788415,42.195221],[24.788481,42.195184],[24.788431,42.195135]]]},"properties":{"num":1}},{"type":"Feature","geometry":{"type":"Polygon","coordinates":[[[24.788249,42.195115],[24.788301,42.195165],[24.788359,42.195132],[24.788307,42.195082],[24.788249,42.195115]]]},"properties":{"num":2}},{"type":"Feature","geometry":{"type":"Polygon","coordinates":[[[24.788338,42.195144],[24.788301,42.195165],[24.788338,42.195198],[24.788373,42.195179],[24.788338,42.195144]]]},"properties":{"num":3}},{"type":"Feature","geometry":{"type":"Polygon","coordinates":[[[24.78853,42.19528],[24.788456,42.195213],[24.788415,42.195238],[24.788491,42.195303],[24.78853,42.19528]]]},"properties":{"num":4}},{"type":"Feature","geometry":{"type":"Polygon","coordinates":[[[24.788286,42.19522],[24.788265,42.195232],[24.788234,42.195203],[24.788191,42.195228],[24.788268,42.195302],[24.788333,42.195264],[24.788286,42.19522]]]},"properties":{"num":1}},{"type":"Feature","geometry":{"type":"Polygon","coordinates":[[[24.788075,42.195322],[24.788036,42.195345],[24.788083,42.19539],[24.788189,42.19533],[24.788123,42.195266],[24.788056,42.195305],[24.788075,42.195322]]]},"properties":{"num":1}},{"type":"Feature","geometry":{"type":"Polygon","coordinates":[[[24.787924,42.195503],[24.788016,42.19545],[24.787978,42.195415],[24.787927,42.195442],[24.78784,42.195371],[24.787793,42.195398],[24.787924,42.195503]]]},"properties":{"num":2}},{"type":"Feature","geometry":{"type":"Polygon","coordinates":[[[24.787215,42.195813],[24.787296,42.195857],[24.787371,42.195781],[24.787292,42.195738],[24.787215,42.195813]]]},"properties":{"num":1}},{"type":"Feature","geometry":{"type":"Polygon","coordinates":[[[24.787091,42.195839],[24.787131,42.19586],[24.787237,42.195756],[24.787197,42.195736],[24.787091,42.195839]]]},"properties":{"num":2}},{"type":"Feature","geometry":{"type":"Polygon","coordinates":[[[24.787197,42.195736],[24.787237,42.195756],[24.787268,42.195726],[24.787284,42.195734],[24.787297,42.195722],[24.787247,42.195687],[24.787197,42.195736]]]},"properties":{"num":3}},{"type":"Feature","geometry":{"type":"Polygon","coordinates":[[[24.787585,42.196018],[24.787652,42.195952],[24.787584,42.195912],[24.787517,42.195978],[24.787585,42.196018]]]},"properties":{"num":1}},{"type":"Feature","geometry":{"type":"Polygon","coordinates":[[[24.787706,42.195959],[24.787668,42.195936],[24.787585,42.196018],[24.787617,42.196036],[24.787706,42.195959]]]},"properties":{"num":2}},{"type":"Feature","geometry":{"type":"Polygon","coordinates":[[[24.787855,42.196055],[24.787774,42.196009],[24.787696,42.196085],[24.787778,42.196131],[24.787855,42.196055]]]},"properties":{"num":1}},{"type":"Feature","geometry":{"type":"Polygon","coordinates":[[[24.788014,42.196006],[24.787952,42.195958],[24.787882,42.196006],[24.787893,42.196014],[24.787843,42.196066],[24.787885,42.196098],[24.788014,42.196006]]]},"properties":{"num":2}},{"type":"Feature","geometry":{"type":"Polygon","coordinates":[[[24.787967,42.196235],[24.788023,42.196174],[24.787989,42.196155],[24.788003,42.19614],[24.787931,42.196102],[24.787858,42.196176],[24.787967,42.196235]]]},"properties":{"num":1}},{"type":"Feature","geometry":{"type":"Polygon","coordinates":[[[24.788044,42.195985],[24.788014,42.196006],[24.787885,42.196098],[24.787916,42.196117],[24.787931,42.196102],[24.787965,42.19612],[24.787992,42.196089],[24.788088,42.196019],[24.788044,42.195985]]]},"properties":{"num":2}},{"type":"Feature","geometry":{"type":"Polygon","coordinates":[[[24.788088,42.196019],[24.787992,42.196089],[24.788033,42.196115],[24.788126,42.196048],[24.788088,42.196019]]]},"properties":{"num":3}},{"type":"Feature","geometry":{"type":"Polygon","coordinates":[[[24.788117,42.196336],[24.788084,42.196301],[24.788073,42.196306],[24.788064,42.196296],[24.78803,42.196314],[24.788038,42.196324],[24.787978,42.196356],[24.788027,42.196384],[24.788117,42.196336]]]},"properties":{"num":4}},{"type":"Feature","geometry":{"type":"Polygon","coordinates":[[[24.787811,42.196805],[24.787765,42.19674],[24.787635,42.196791],[24.78768,42.196855],[24.787811,42.196805]]]},"properties":{"num":1}},{"type":"Feature","geometry":{"type":"Polygon","coordinates":[[[24.78782,42.196825],[24.787836,42.196854],[24.787928,42.196825],[24.787908,42.196788],[24.787863,42.196802],[24.787868,42.19681],[24.78782,42.196825]]]},"properties":{"num":2}},{"type":"Feature","geometry":{"type":"Polygon","coordinates":[[[24.787797,42.196823],[24.787807,42.19684],[24.787825,42.196834],[24.787815,42.196817],[24.787797,42.196823]]]},"properties":{"num":3}},{"type":"Feature","geometry":{"type":"Polygon","coordinates":[[[24.787781,42.196543],[24.787756,42.196529],[24.787682,42.196602],[24.787782,42.196659],[24.787859,42.196583],[24.787784,42.19654],[24.787781,42.196543]]]},"properties":{"num":1}},{"type":"Feature","geometry":{"type":"Polygon","coordinates":[[[24.787576,42.196761],[24.787607,42.196729],[24.787533,42.196688],[24.787502,42.19672],[24.787576,42.196761]]]},"properties":{"num":2}},{"type":"Feature","geometry":{"type":"Polygon","coordinates":[[[24.787502,42.19672],[24.787525,42.196696],[24.787511,42.196689],[24.787488,42.196712],[24.787502,42.19672]]]},"properties":{"num":3}},{"type":"Feature","geometry":{"type":"Polygon","coordinates":[[[24.787574,42.196539],[24.787586,42.196527],[24.787613,42.196542],[24.787678,42.196479],[24.787581,42.196424],[24.787516,42.196487],[24.787544,42.196503],[24.787531,42.196516],[24.787574,42.196539]]]},"properties":{"num":1}},{"type":"Feature","geometry":{"type":"Polygon","coordinates":[[[24.787461,42.196334],[24.787397,42.196394],[24.787412,42.196403],[24.787408,42.196407],[24.787418,42.196413],[24.787422,42.196409],[24.787484,42.196445],[24.787541,42.19639],[24.787493,42.196362],[24.787499,42.196356],[24.787461,42.196334]]]},"properties":{"num":1}},{"type":"Feature","geometry":{"type":"Polygon","coordinates":[[[24.787475,42.196455],[24.787464,42.196448],[24.787461,42.196451],[24.787397,42.196415],[24.787377,42.196434],[24.787394,42.196444],[24.787385,42.196453],[24.787413,42.19647],[24.787422,42.196461],[24.787451,42.196478],[24.787475,42.196455]]]},"properties":{"num":2}},{"type":"Feature","geometry":{"type":"Polygon","coordinates":[[[24.787459,42.196517],[24.787371,42.196467],[24.787281,42.196555],[24.787293,42.196562],[24.787283,42.196572],[24.787356,42.196617],[24.787459,42.196517]]]},"properties":{"num":3}},{"type":"Feature","geometry":{"type":"Polygon","coordinates":[[[24.787356,42.196617],[24.787292,42.196577],[24.787225,42.196642],[24.787293,42.196679],[24.787356,42.196617]]]},"properties":{"num":4}},{"type":"Feature","geometry":{"type":"Polygon","coordinates":[[[24.787173,42.196568],[24.787232,42.196607],[24.787271,42.196568],[24.787215,42.196532],[24.787173,42.196568]]]},"properties":{"num":5}},{"type":"Feature","geometry":{"type":"Polygon","coordinates":[[[24.787339,42.19636],[24.787408,42.196293],[24.787379,42.196276],[24.787392,42.196264],[24.787326,42.196224],[24.787252,42.196295],[24.787294,42.196319],[24.787285,42.196328],[24.787339,42.19636]]]},"properties":{"num":1}},{"type":"Feature","geometry":{"type":"Polygon","coordinates":[[[24.787434,42.196317],[24.787402,42.196299],[24.787347,42.196353],[24.787379,42.196371],[24.787434,42.196317]]]},"properties":{"num":2}},{"type":"Feature","geometry":{"type":"Polygon","coordinates":[[[24.787084,42.196308],[24.787128,42.196264],[24.787014,42.196201],[24.78697,42.196244],[24.787084,42.196308]]]},"properties":{"num":1}},{"type":"Feature","geometry":{"type":"Polygon","coordinates":[[[24.78712,42.196328],[24.787165,42.196285],[24.787128,42.196264],[24.787084,42.196308],[24.78712,42.196328]]]},"properties":{"num":3}},{"type":"Feature","geometry":{"type":"Polygon","coordinates":[[[24.786976,42.196025],[24.786884,42.195974],[24.786791,42.196062],[24.786885,42.196114],[24.786976,42.196025]]]},"properties":{"num":1}},{"type":"Feature","geometry":{"type":"Polygon","coordinates":[[[24.786638,42.195921],[24.786705,42.19596],[24.786806,42.195871],[24.786736,42.19583],[24.786638,42.195921]]]},"properties":{"num":2}},{"type":"Feature","geometry":{"type":"Polygon","coordinates":[[[24.786689,42.195952],[24.786638,42.195921],[24.786611,42.195946],[24.786656,42.195982],[24.786689,42.195952]]]},"properties":{"num":3}},{"type":"Feature","geometry":{"type":"Polygon","coordinates":[[[24.786656,42.195982],[24.786611,42.195946],[24.78658,42.195974],[24.786624,42.19601],[24.786656,42.195982]]]},"properties":{"num":4}},{"type":"Feature","geometry":{"type":"Polygon","coordinates":[[[24.78659,42.196183],[24.786624,42.196239],[24.786598,42.196251],[24.786636,42.196302],[24.786774,42.196245],[24.786829,42.196174],[24.786773,42.196149],[24.786734,42.196207],[24.786681,42.196224],[24.786638,42.196164],[24.78659,42.196183]]]},"properties":{"num":5}},{"type":"Feature","geometry":{"type":"Polygon","coordinates":[[[24.786391,42.196057],[24.786457,42.196166],[24.78651,42.196148],[24.786483,42.196104],[24.786502,42.196098],[24.786485,42.19607],[24.786466,42.196076],[24.786444,42.196039],[24.786391,42.196057]]]},"properties":{"num":1}},{"type":"Feature","geometry":{"type":"Polygon","coordinates":[[[24.786638,42.196164],[24.786611,42.196128],[24.786516,42.196165],[24.786542,42.196202],[24.786638,42.196164]]]},"properties":{"num":2}},{"type":"Feature","geometry":{"type":"Polygon","coordinates":[[[24.786491,42.196222],[24.786542,42.196202],[24.786516,42.196165],[24.786521,42.196163],[24.78651,42.196148],[24.786457,42.196166],[24.786491,42.196222]]]},"properties":{"num":3}},{"type":"Feature","geometry":{"type":"Polygon","coordinates":[[[24.786295,42.196089],[24.786318,42.196127],[24.786414,42.196095],[24.786391,42.196057],[24.786295,42.196089]]]},"properties":{"num":4}},{"type":"Feature","geometry":{"type":"Polygon","coordinates":[[[24.785999,42.196523],[24.786099,42.196584],[24.786143,42.196543],[24.786151,42.196547],[24.786167,42.196532],[24.786161,42.196499],[24.786144,42.196501],[24.786131,42.196442],[24.786097,42.196445],[24.786079,42.196459],[24.786047,42.196439],[24.786007,42.196477],[24.786009,42.196492],[24.786021,42.196502],[24.785999,42.196523]]]},"properties":{"num":1}},{"type":"Feature","geometry":{"type":"Polygon","coordinates":[[[24.786151,42.196547],[24.786143,42.196543],[24.786072,42.196605],[24.786111,42.196628],[24.786188,42.196555],[24.786161,42.196537],[24.786151,42.196547]]]},"properties":{"num":2}},{"type":"Feature","geometry":{"type":"Polygon","coordinates":[[[24.786525,42.196726],[24.786624,42.196772],[24.786709,42.196675],[24.786607,42.196628],[24.786525,42.196726]]]},"properties":{"num":1}},{"type":"Feature","geometry":{"type":"Polygon","coordinates":[[[24.786512,42.196809],[24.786564,42.196831],[24.786615,42.196777],[24.786563,42.196755],[24.786512,42.196809]]]},"properties":{"num":2}},{"type":"Feature","geometry":{"type":"Polygon","coordinates":[[[24.786796,42.196873],[24.786828,42.196831],[24.786854,42.196842],[24.786887,42.196798],[24.786782,42.196755],[24.786724,42.196842],[24.786796,42.196873]]]},"properties":{"num":1}},{"type":"Feature","geometry":{"type":"Polygon","coordinates":[[[24.787093,42.196599],[24.78695,42.196519],[24.786879,42.196598],[24.786923,42.196624],[24.786964,42.196579],[24.787062,42.196634],[24.787093,42.196599]]]},"properties":{"num":2}},{"type":"Feature","geometry":{"type":"Polygon","coordinates":[[[24.786744,42.19674],[24.786762,42.196721],[24.78674,42.196711],[24.786723,42.19673],[24.786744,42.19674]]]},"properties":{"num":3}},{"type":"Feature","geometry":{"type":"Polygon","coordinates":[[[24.786695,42.196884],[24.786721,42.196853],[24.786631,42.196817],[24.786602,42.196847],[24.786695,42.196884]]]},"properties":{"num":4}},{"type":"Feature","geometry":{"type":"Polygon","coordinates":[[[24.787266,42.196712],[24.787203,42.196649],[24.787091,42.196713],[24.787164,42.196787],[24.787216,42.196757],[24.787205,42.196748],[24.787266,42.196712]]]},"properties":{"num":1}},{"type":"Feature","geometry":{"type":"Polygon","coordinates":[[[24.787277,42.196723],[24.787266,42.196712],[24.787205,42.196748],[24.787228,42.196768],[24.787277,42.196723]]]},"properties":{"num":3}},{"type":"Feature","geometry":{"type":"Polygon","coordinates":[[[24.787211,42.196875],[24.787152,42.196933],[24.787248,42.196982],[24.787304,42.196922],[24.787211,42.196875]]]},"properties":{"num":1}},{"type":"Feature","geometry":{"type":"Polygon","coordinates":[[[24.787661,42.196907],[24.787646,42.196873],[24.787597,42.196848],[24.787537,42.196865],[24.78758,42.196932],[24.787661,42.196907]]]},"properties":{"num":2}},{"type":"Feature","geometry":{"type":"Polygon","coordinates":[[[24.78643,42.197303],[24.786556,42.197251],[24.786501,42.197176],[24.786375,42.197228],[24.78643,42.197303]]]},"properties":{"num":1}},{"type":"Feature","geometry":{"type":"Polygon","coordinates":[[[24.786641,42.197237],[24.786571,42.197265],[24.78659,42.197289],[24.786658,42.197257],[24.786641,42.197237]]]},"properties":{"num":2}},{"type":"Feature","geometry":{"type":"Polygon","coordinates":[[[24.786641,42.197237],[24.786658,42.197257],[24.786764,42.197208],[24.786747,42.197188],[24.786641,42.197237]]]},"properties":{"num":3}},{"type":"Feature","geometry":{"type":"Polygon","coordinates":[[[24.786719,42.197148],[24.786695,42.197119],[24.786711,42.197112],[24.786695,42.197091],[24.786678,42.197099],[24.786654,42.197071],[24.786608,42.197093],[24.786673,42.197169],[24.786719,42.197148]]]},"properties":{"num":4}},{"type":"Feature","geometry":{"type":"Polygon","coordinates":[[[24.786608,42.197093],[24.786654,42.197071],[24.786642,42.197058],[24.786596,42.197079],[24.786608,42.197093]]]},"properties":{"num":5}},{"type":"Feature","geometry":{"type":"Polygon","coordinates":[[[24.786286,42.197077],[24.786231,42.197101],[24.786292,42.19718],[24.786367,42.197146],[24.786321,42.197087],[24.786301,42.197096],[24.786286,42.197077]]]},"properties":{"num":1}},{"type":"Feature","geometry":{"type":"Polygon","coordinates":[[[24.786187,42.197122],[24.786281,42.197079],[24.786254,42.197044],[24.786159,42.197086],[24.786187,42.197122]]]},"properties":{"num":3}},{"type":"Feature","geometry":{"type":"Polygon","coordinates":[[[24.786282,42.197027],[24.786285,42.19703],[24.786277,42.197034],[24.786285,42.197044],[24.786314,42.197031],[24.786303,42.197017],[24.786282,42.197027]]]},"properties":{"num":4}},{"type":"Feature","geometry":{"type":"Polygon","coordinates":[[[24.786303,42.197017],[24.786324,42.197041],[24.786351,42.197028],[24.78633,42.197004],[24.786303,42.197017]]]},"properties":{"num":5}},{"type":"Feature","geometry":{"type":"Polygon","coordinates":[[[24.786458,42.196942],[24.78633,42.197004],[24.786351,42.197028],[24.78648,42.196967],[24.786458,42.196942]]]},"properties":{"num":6}},{"type":"Feature","geometry":{"type":"Polygon","coordinates":[[[24.786458,42.196942],[24.78648,42.196967],[24.786555,42.19693],[24.786516,42.196915],[24.786458,42.196942]]]},"properties":{"num":7}},{"type":"Feature","geometry":{"type":"Polygon","coordinates":[[[24.786516,42.196915],[24.786463,42.196891],[24.786326,42.196956],[24.786357,42.196991],[24.786516,42.196915]]]},"properties":{"num":1}},{"type":"Feature","geometry":{"type":"Polygon","coordinates":[[[24.786434,42.196878],[24.786326,42.196829],[24.786235,42.196874],[24.786297,42.196945],[24.786434,42.196878]]]},"properties":{"num":2}},{"type":"Feature","geometry":{"type":"Polygon","coordinates":[[[24.786048,42.196726],[24.786008,42.196701],[24.785938,42.196734],[24.785979,42.196785],[24.786064,42.196745],[24.786048,42.196726]]]},"properties":{"num":1}},{"type":"Feature","geometry":{"type":"Polygon","coordinates":[[[24.785482,42.196388],[24.78535,42.196403],[24.785376,42.196514],[24.785508,42.196499],[24.785482,42.196388]]]},"properties":{"num":1}},{"type":"Feature","geometry":{"type":"Polygon","coordinates":[[[24.785541,42.19636],[24.785513,42.196367],[24.785523,42.196385],[24.785552,42.196376],[24.785541,42.19636]]]},"properties":{"num":2}},{"type":"Feature","geometry":{"type":"Polygon","coordinates":[[[24.785523,42.196663],[24.785542,42.196696],[24.78565,42.196665],[24.785633,42.196632],[24.785523,42.196663]]]},"properties":{"num":3}},{"type":"Feature","geometry":{"type":"Polygon","coordinates":[[[24.785542,42.196696],[24.785507,42.196631],[24.785428,42.196654],[24.785463,42.196719],[24.785542,42.196696]]]},"properties":{"num":4}},{"type":"Feature","geometry":{"type":"Polygon","coordinates":[[[24.785719,42.196608],[24.785633,42.196632],[24.78565,42.196665],[24.78574,42.19664],[24.785719,42.196608]]]},"properties":{"num":5}},{"type":"Feature","geometry":{"type":"Polygon","coordinates":[[[24.785661,42.196857],[24.785797,42.1968],[24.785741,42.196725],[24.785606,42.196778],[24.785661,42.196857]]]},"properties":{"num":1}},{"type":"Feature","geometry":{"type":"Polygon","coordinates":[[[24.78551,42.196884],[24.785634,42.196853],[24.785615,42.196811],[24.78549,42.196842],[24.78551,42.196884]]]},"properties":{"num":2}},{"type":"Feature","geometry":{"type":"Polygon","coordinates":[[[24.785896,42.19694],[24.785865,42.196899],[24.785749,42.196944],[24.785784,42.196991],[24.785862,42.19696],[24.785859,42.196956],[24.785896,42.19694]]]},"properties":{"num":1}},{"type":"Feature","geometry":{"type":"Polygon","coordinates":[[[24.785749,42.196944],[24.785865,42.196899],[24.785835,42.196857],[24.7858,42.196871],[24.785796,42.196867],[24.785716,42.196897],[24.785749,42.196944]]]},"properties":{"num":2}},{"type":"Feature","geometry":{"type":"Polygon","coordinates":[[[24.78596,42.196933],[24.785892,42.196959],[24.785904,42.196981],[24.785975,42.196954],[24.78596,42.196933]]]},"properties":{"num":3}},{"type":"Feature","geometry":{"type":"Polygon","coordinates":[[[24.785943,42.196911],[24.785889,42.196932],[24.785896,42.19694],[24.785884,42.196945],[24.785892,42.196959],[24.78596,42.196933],[24.785943,42.196911]]]},"properties":{"num":4}},{"type":"Feature","geometry":{"type":"Polygon","coordinates":[[[24.785831,42.197057],[24.785881,42.197138],[24.785997,42.197099],[24.785975,42.197067],[24.785987,42.197062],[24.785963,42.197026],[24.785912,42.197044],[24.785904,42.197031],[24.785831,42.197057]]]},"properties":{"num":1}},{"type":"Feature","geometry":{"type":"Polygon","coordinates":[[[24.785975,42.196954],[24.785904,42.196981],[24.785927,42.197013],[24.785999,42.196987],[24.785975,42.196954]]]},"properties":{"num":2}},{"type":"Feature","geometry":{"type":"Polygon","coordinates":[[[24.785864,42.19711],[24.785831,42.197057],[24.785781,42.197074],[24.785815,42.197128],[24.785864,42.19711]]]},"properties":{"num":3}},{"type":"Feature","geometry":{"type":"Polygon","coordinates":[[[24.785281,42.197353],[24.785392,42.197312],[24.78535,42.197245],[24.785237,42.197285],[24.785281,42.197353]]]},"properties":{"num":4}},{"type":"Feature","geometry":{"type":"Polygon","coordinates":[[[24.785945,42.197308],[24.7861,42.197251],[24.786058,42.197188],[24.786024,42.1972],[24.786017,42.197188],[24.78593,42.19722],[24.785937,42.197231],[24.785902,42.197244],[24.785945,42.197308]]]},"properties":{"num":1}},{"type":"Feature","geometry":{"type":"Polygon","coordinates":[[[24.786158,42.197214],[24.786091,42.197238],[24.7861,42.197251],[24.786054,42.197268],[24.786067,42.197287],[24.786179,42.197246],[24.786158,42.197214]]]},"properties":{"num":2}},{"type":"Feature","geometry":{"type":"Polygon","coordinates":[[[24.786099,42.197139],[24.786081,42.197113],[24.785999,42.197146],[24.786018,42.197174],[24.786099,42.197139]]]},"properties":{"num":3}},{"type":"Feature","geometry":{"type":"Polygon","coordinates":[[[24.785686,42.197355],[24.785778,42.19731],[24.785713,42.197239],[24.785614,42.197274],[24.785686,42.197355]]]},"properties":{"num":4}},{"type":"Feature","geometry":{"type":"Polygon","coordinates":[[[24.785688,42.197543],[24.785589,42.197591],[24.785663,42.19767],[24.785748,42.197628],[24.785722,42.197601],[24.785736,42.197594],[24.785688,42.197543]]]},"properties":{"num":1}},{"type":"Feature","geometry":{"type":"Polygon","coordinates":[[[24.78556,42.197605],[24.785595,42.197588],[24.785539,42.197519],[24.785503,42.197537],[24.78556,42.197605]]]},"properties":{"num":2}},{"type":"Feature","geometry":{"type":"Polygon","coordinates":[[[24.785503,42.197537],[24.785531,42.197523],[24.78547,42.197452],[24.785442,42.197466],[24.785503,42.197537]]]},"properties":{"num":3}},{"type":"Feature","geometry":{"type":"Polygon","coordinates":[[[24.785417,42.197392],[24.78539,42.197403],[24.785442,42.197466],[24.78547,42.197452],[24.785417,42.197392]]]},"properties":{"num":4}},{"type":"Feature","geometry":{"type":"Polygon","coordinates":[[[24.785548,42.197726],[24.785493,42.19766],[24.78537,42.197718],[24.785427,42.197783],[24.785548,42.197726]]]},"properties":{"num":1}},{"type":"Feature","geometry":{"type":"Polygon","coordinates":[[[24.782843,42.19777],[24.782908,42.197796],[24.782966,42.197713],[24.7829,42.197687],[24.782843,42.19777]]]},"properties":{"num":1}},{"type":"Feature","geometry":{"type":"Polygon","coordinates":[[[24.782966,42.197713],[24.782949,42.197738],[24.782983,42.197751],[24.78301,42.197714],[24.782933,42.197684],[24.782924,42.197696],[24.782966,42.197713]]]},"properties":{"num":2}},{"type":"Feature","geometry":{"type":"Polygon","coordinates":[[[24.78298,42.197849],[24.78297,42.19788],[24.783052,42.197895],[24.783064,42.19786],[24.782991,42.197847],[24.78298,42.197849]]]},"properties":{"num":3}},{"type":"Feature","geometry":{"type":"Polygon","coordinates":[[[24.78298,42.197849],[24.782864,42.197828],[24.78287,42.197814],[24.782835,42.197807],[24.782805,42.197849],[24.78297,42.19788],[24.78298,42.197849]]]},"properties":{"num":4}},{"type":"Feature","geometry":{"type":"Polygon","coordinates":[[[24.782837,42.197779],[24.782852,42.197785],[24.782858,42.197776],[24.782843,42.19777],[24.782837,42.197779]]]},"properties":{"num":5}},{"type":"Feature","geometry":{"type":"Polygon","coordinates":[[[24.7829,42.197687],[24.782837,42.197662],[24.782779,42.197744],[24.782843,42.19777],[24.7829,42.197687]]]},"properties":{"num":1}},{"type":"Feature","geometry":{"type":"Polygon","coordinates":[[[24.782843,42.19777],[24.782779,42.197744],[24.782762,42.197769],[24.782826,42.197794],[24.782843,42.19777]]]},"properties":{"num":3}},{"type":"Feature","geometry":{"type":"Polygon","coordinates":[[[24.782789,42.197813],[24.782643,42.197788],[24.782632,42.197818],[24.782779,42.197845],[24.782789,42.197813]]]},"properties":{"num":4}},{"type":"Feature","geometry":{"type":"Polygon","coordinates":[[[24.782964,42.197643],[24.783007,42.197587],[24.782935,42.197559],[24.782924,42.197573],[24.782882,42.197555],[24.78285,42.197596],[24.782964,42.197643]]]},"properties":{"num":1}},{"type":"Feature","geometry":{"type":"Polygon","coordinates":[[[24.782913,42.197641],[24.782924,42.197626],[24.782868,42.197603],[24.782857,42.197619],[24.782913,42.197641]]]},"properties":{"num":2}},{"type":"Feature","geometry":{"type":"Polygon","coordinates":[[[24.783072,42.197545],[24.782966,42.197502],[24.782949,42.197525],[24.783055,42.19757],[24.783072,42.197545]]]},"properties":{"num":3}},{"type":"Feature","geometry":{"type":"Polygon","coordinates":[[[24.783072,42.197545],[24.783052,42.197573],[24.783234,42.197651],[24.783258,42.19762],[24.783072,42.197545]]]},"properties":{"num":4}},{"type":"Feature","geometry":{"type":"Polygon","coordinates":[[[24.782951,42.197464],[24.783065,42.19751],[24.783107,42.197455],[24.783035,42.197426],[24.783024,42.197441],[24.782982,42.197424],[24.782951,42.197464]]]},"properties":{"num":1}},{"type":"Feature","geometry":{"type":"Polygon","coordinates":[[[24.783004,42.197518],[24.783022,42.197493],[24.782944,42.197459],[24.782925,42.197484],[24.783004,42.197518]]]},"properties":{"num":2}},{"type":"Feature","geometry":{"type":"Polygon","coordinates":[[[24.783325,42.197527],[24.783283,42.197511],[24.783221,42.197599],[24.783261,42.197614],[24.783325,42.197527]]]},"properties":{"num":3}},{"type":"Feature","geometry":{"type":"Polygon","coordinates":[[[24.783348,42.197492],[24.783304,42.197473],[24.783278,42.197509],[24.783325,42.197527],[24.783348,42.197492]]]},"properties":{"num":4}},{"type":"Feature","geometry":{"type":"Polygon","coordinates":[[[24.783054,42.197538],[24.783073,42.197513],[24.783022,42.197493],[24.783004,42.197518],[24.783054,42.197538]]]},"properties":{"num":5}},{"type":"Feature","geometry":{"type":"Polygon","coordinates":[[[24.783034,42.197334],[24.783125,42.197371],[24.783168,42.197314],[24.78313,42.197298],[24.783135,42.197293],[24.783093,42.197276],[24.783066,42.19731],[24.783055,42.197305],[24.783034,42.197334]]]},"properties":{"num":1}},{"type":"Feature","geometry":{"type":"Polygon","coordinates":[[[24.783193,42.197403],[24.783219,42.197368],[24.783149,42.197339],[24.783125,42.197371],[24.783118,42.197374],[24.783193,42.197403]]]},"properties":{"num":2}},{"type":"Feature","geometry":{"type":"Polygon","coordinates":[[[24.783086,42.197388],[24.783103,42.197362],[24.783039,42.197336],[24.783021,42.197362],[24.783086,42.197388]]]},"properties":{"num":3}},{"type":"Feature","geometry":{"type":"Polygon","coordinates":[[[24.783351,42.197493],[24.783381,42.197449],[24.783342,42.197435],[24.783315,42.197478],[24.783351,42.197493]]]},"properties":{"num":4}},{"type":"Feature","geometry":{"type":"Polygon","coordinates":[[[24.783353,42.197439],[24.783381,42.197449],[24.78339,42.197436],[24.783363,42.197425],[24.783353,42.197439]]]},"properties":{"num":5}},{"type":"Feature","geometry":{"type":"Polygon","coordinates":[[[24.783373,42.197406],[24.78336,42.197424],[24.78339,42.197436],[24.783403,42.197418],[24.783373,42.197406]]]},"properties":{"num":6}},{"type":"Feature","geometry":{"type":"Polygon","coordinates":[[[24.783407,42.197347],[24.783366,42.197404],[24.783403,42.197418],[24.783442,42.197363],[24.783407,42.197347]]]},"properties":{"num":7}},{"type":"Feature","geometry":{"type":"Polygon","coordinates":[[[24.78319,42.197142],[24.783142,42.197208],[24.783251,42.197252],[24.783292,42.197195],[24.783251,42.197178],[24.783257,42.197169],[24.78319,42.197142]]]},"properties":{"num":1}},{"type":"Feature","geometry":{"type":"Polygon","coordinates":[[[24.783124,42.197104],[24.783189,42.19713],[24.783211,42.197104],[24.783145,42.197076],[24.783124,42.197104]]]},"properties":{"num":2}},{"type":"Feature","geometry":{"type":"Polygon","coordinates":[[[24.783375,42.197039],[24.783292,42.197004],[24.783267,42.197037],[24.783251,42.19703],[24.783216,42.197077],[24.783315,42.197117],[24.783375,42.197039]]]},"properties":{"num":1}},{"type":"Feature","geometry":{"type":"Polygon","coordinates":[[[24.783148,42.197078],[24.78318,42.197091],[24.783197,42.197069],[24.783162,42.197055],[24.783148,42.197078]]]},"properties":{"num":2}},{"type":"Feature","geometry":{"type":"Polygon","coordinates":[[[24.783536,42.197238],[24.783571,42.197189],[24.783539,42.197177],[24.783504,42.197226],[24.783536,42.197238]]]},"properties":{"num":3}},{"type":"Feature","geometry":{"type":"Polygon","coordinates":[[[24.783492,42.196927],[24.783381,42.196884],[24.783332,42.196951],[24.783442,42.196995],[24.783492,42.196927]]]},"properties":{"num":1}},{"type":"Feature","geometry":{"type":"Polygon","coordinates":[[[24.783721,42.19699],[24.783675,42.19697],[24.78361,42.197058],[24.783656,42.197078],[24.783721,42.19699]]]},"properties":{"num":2}},{"type":"Feature","geometry":{"type":"Polygon","coordinates":[[[24.78372,42.196977],[24.783714,42.196987],[24.783727,42.196993],[24.783733,42.196983],[24.78372,42.196977]]]},"properties":{"num":3}},{"type":"Feature","geometry":{"type":"Polygon","coordinates":[[[24.783567,42.196792],[24.783477,42.196756],[24.783455,42.196785],[24.783462,42.196788],[24.783432,42.196828],[24.783516,42.196862],[24.783567,42.196792]]]},"properties":{"num":1}},{"type":"Feature","geometry":{"type":"Polygon","coordinates":[[[24.783434,42.196738],[24.783401,42.196726],[24.78337,42.196774],[24.783404,42.196786],[24.783434,42.196738]]]},"properties":{"num":2}},{"type":"Feature","geometry":{"type":"Polygon","coordinates":[[[24.783516,42.196862],[24.783546,42.196874],[24.783574,42.196836],[24.783544,42.196824],[24.783516,42.196862]]]},"properties":{"num":3}},{"type":"Feature","geometry":{"type":"Polygon","coordinates":[[[24.783532,42.196766],[24.783525,42.196775],[24.783545,42.196783],[24.783552,42.196773],[24.783532,42.196766]]]},"properties":{"num":4}},{"type":"Feature","geometry":{"type":"Polygon","coordinates":[[[24.783695,42.196947],[24.783738,42.196965],[24.78381,42.19687],[24.783768,42.196852],[24.783695,42.196947]]]},"properties":{"num":5}},{"type":"Feature","geometry":{"type":"Polygon","coordinates":[[[24.783733,42.196983],[24.783745,42.196968],[24.783732,42.196962],[24.78372,42.196977],[24.783733,42.196983]]]},"properties":{"num":6}},{"type":"Feature","geometry":{"type":"Polygon","coordinates":[[[24.783828,42.196848],[24.783842,42.196831],[24.783794,42.196812],[24.783781,42.196829],[24.783828,42.196848]]]},"properties":{"num":1}},{"type":"Feature","geometry":{"type":"Polygon","coordinates":[[[24.783663,42.196663],[24.783617,42.196644],[24.783612,42.196649],[24.783571,42.196631],[24.783541,42.19667],[24.783552,42.196675],[24.783536,42.196696],[24.783586,42.196717],[24.783583,42.196721],[24.783611,42.196732],[24.783663,42.196663]]]},"properties":{"num":2}},{"type":"Feature","geometry":{"type":"Polygon","coordinates":[[[24.78393,42.196234],[24.783877,42.196305],[24.783991,42.196352],[24.784043,42.19628],[24.78393,42.196234]]]},"properties":{"num":1}},{"type":"Feature","geometry":{"type":"Polygon","coordinates":[[[24.783877,42.196268],[24.783857,42.196297],[24.783877,42.196305],[24.783898,42.196277],[24.783877,42.196268]]]},"properties":{"num":2}},{"type":"Feature","geometry":{"type":"Polygon","coordinates":[[[24.784144,42.196415],[24.784186,42.196362],[24.784142,42.196342],[24.784099,42.196395],[24.784144,42.196415]]]},"properties":{"num":3}},{"type":"Feature","geometry":{"type":"Polygon","coordinates":[[[24.784172,42.196305],[24.784142,42.196342],[24.784186,42.196362],[24.784218,42.196324],[24.784172,42.196305]]]},"properties":{"num":4}},{"type":"Feature","geometry":{"type":"Polygon","coordinates":[[[24.784173,42.196125],[24.784048,42.196073],[24.783986,42.196158],[24.784113,42.19621],[24.784173,42.196125]]]},"properties":{"num":1}},{"type":"Feature","geometry":{"type":"Polygon","coordinates":[[[24.784276,42.19624],[24.784232,42.196222],[24.784209,42.196253],[24.784253,42.196271],[24.784276,42.19624]]]},"properties":{"num":3}},{"type":"Feature","geometry":{"type":"Polygon","coordinates":[[[24.7843,42.196208],[24.784255,42.19619],[24.784232,42.196222],[24.784276,42.19624],[24.7843,42.196208]]]},"properties":{"num":4}},{"type":"Feature","geometry":{"type":"Polygon","coordinates":[[[24.784282,42.195942],[24.784274,42.1959],[24.784256,42.195902],[24.784249,42.195866],[24.784123,42.195879],[24.784136,42.195946],[24.784209,42.195938],[24.784211,42.195949],[24.784282,42.195942]]]},"properties":{"num":1}},{"type":"Feature","geometry":{"type":"Polygon","coordinates":[[[24.784138,42.195956],[24.784121,42.195874],[24.784076,42.195879],[24.784091,42.19596],[24.784138,42.195956]]]},"properties":{"num":2}},{"type":"Feature","geometry":{"type":"Polygon","coordinates":[[[24.784142,42.19598],[24.784138,42.195956],[24.784091,42.19596],[24.784095,42.195985],[24.784142,42.19598]]]},"properties":{"num":3}},{"type":"Feature","geometry":{"type":"Polygon","coordinates":[[[24.784391,42.195876],[24.784444,42.195825],[24.784364,42.195777],[24.784338,42.195778],[24.784293,42.195819],[24.784391,42.195876]]]},"properties":{"num":4}},{"type":"Feature","geometry":{"type":"Polygon","coordinates":[[[24.784361,42.195876],[24.784373,42.195865],[24.784346,42.19585],[24.784335,42.19586],[24.784361,42.195876]]]},"properties":{"num":5}},{"type":"Feature","geometry":{"type":"Polygon","coordinates":[[[24.784413,42.195856],[24.784437,42.19587],[24.784458,42.195849],[24.784434,42.195835],[24.784413,42.195856]]]},"properties":{"num":6}},{"type":"Feature","geometry":{"type":"Polygon","coordinates":[[[24.784697,42.196002],[24.784685,42.19593],[24.784629,42.195937],[24.784632,42.19595],[24.784531,42.19596],[24.784541,42.196019],[24.784697,42.196002]]]},"properties":{"num":1}},{"type":"Feature","geometry":{"type":"Polygon","coordinates":[[[24.784654,42.196036],[24.78465,42.196007],[24.784541,42.196019],[24.784554,42.196074],[24.784595,42.196068],[24.784654,42.196036]]]},"properties":{"num":2}},{"type":"Feature","geometry":{"type":"Polygon","coordinates":[[[24.784575,42.196111],[24.784518,42.196078],[24.784404,42.196183],[24.784462,42.196217],[24.784575,42.196111]]]},"properties":{"num":3}},{"type":"Feature","geometry":{"type":"Polygon","coordinates":[[[24.784576,42.196223],[24.784597,42.19633],[24.784638,42.196325],[24.784632,42.196291],[24.784703,42.196283],[24.78469,42.196207],[24.784576,42.196223]]]},"properties":{"num":1}},{"type":"Feature","geometry":{"type":"Polygon","coordinates":[[[24.784568,42.196313],[24.784594,42.196311],[24.784588,42.196286],[24.784564,42.196288],[24.784568,42.196313]]]},"properties":{"num":2}},{"type":"Feature","geometry":{"type":"Polygon","coordinates":[[[24.784634,42.1963],[24.784665,42.196297],[24.784664,42.196287],[24.784632,42.196291],[24.784634,42.1963]]]},"properties":{"num":3}},{"type":"Feature","geometry":{"type":"Polygon","coordinates":[[[24.785177,42.196514],[24.785212,42.19651],[24.785208,42.196491],[24.785259,42.196485],[24.785255,42.196469],[24.785237,42.196472],[24.785225,42.196417],[24.785114,42.196431],[24.785129,42.1965],[24.785174,42.196494],[24.785177,42.196514]]]},"properties":{"num":1}},{"type":"Feature","geometry":{"type":"Polygon","coordinates":[[[24.785129,42.1965],[24.785114,42.196415],[24.785067,42.196422],[24.785088,42.196505],[24.785129,42.1965]]]},"properties":{"num":2}},{"type":"Feature","geometry":{"type":"Polygon","coordinates":[[[24.78507,42.196436],[24.785029,42.196442],[24.785046,42.19651],[24.785088,42.196505],[24.78507,42.196436]]]},"properties":{"num":3}},{"type":"Feature","geometry":{"type":"Polygon","coordinates":[[[24.785249,42.196737],[24.785241,42.196717],[24.785222,42.196722],[24.78523,42.196741],[24.785249,42.196737]]]},"properties":{"num":4}},{"type":"Feature","geometry":{"type":"Polygon","coordinates":[[[24.785029,42.196476],[24.785018,42.196439],[24.784975,42.196447],[24.784987,42.196483],[24.785029,42.196476]]]},"properties":{"num":5}},{"type":"Feature","geometry":{"type":"Polygon","coordinates":[[[24.785361,42.19676],[24.785341,42.196725],[24.785255,42.196751],[24.785273,42.196786],[24.785361,42.19676]]]},"properties":{"num":6}},{"type":"Feature","geometry":{"type":"Polygon","coordinates":[[[24.785355,42.196749],[24.785411,42.19673],[24.785396,42.196706],[24.785341,42.196725],[24.785355,42.196749]]]},"properties":{"num":7}},{"type":"Feature","geometry":{"type":"Polygon","coordinates":[[[24.785355,42.19672],[24.785396,42.196706],[24.785378,42.196677],[24.785336,42.196689],[24.785355,42.19672]]]},"properties":{"num":8}},{"type":"Feature","geometry":{"type":"Polygon","coordinates":[[[24.785903,42.196192],[24.785821,42.196148],[24.785749,42.196225],[24.785832,42.196269],[24.785903,42.196192]]]},"properties":{"num":1}},{"type":"Feature","geometry":{"type":"Polygon","coordinates":[[[24.785839,42.196328],[24.785877,42.196292],[24.785807,42.196256],[24.785771,42.196291],[24.785839,42.196328]]]},"properties":{"num":2}},{"type":"Feature","geometry":{"type":"Polygon","coordinates":[[[24.785385,42.195931],[24.785296,42.195869],[24.785224,42.195929],[24.785312,42.19599],[24.785385,42.195931]]]},"properties":{"num":1}},{"type":"Feature","geometry":{"type":"Polygon","coordinates":[[[24.785149,42.195754],[24.785065,42.195825],[24.785147,42.19588],[24.78523,42.195808],[24.785149,42.195754]]]},"properties":{"num":1}},{"type":"Feature","geometry":{"type":"Polygon","coordinates":[[[24.785017,42.195774],[24.784966,42.195819],[24.785005,42.195844],[24.785057,42.195797],[24.785017,42.195774]]]},"properties":{"num":2}},{"type":"Feature","geometry":{"type":"Polygon","coordinates":[[[24.785155,42.195655],[24.785119,42.195685],[24.785164,42.195712],[24.7852,42.195681],[24.785155,42.195655]]]},"properties":{"num":3}},{"type":"Feature","geometry":{"type":"Polygon","coordinates":[[[24.785155,42.195655],[24.7852,42.195681],[24.785264,42.195626],[24.785219,42.1956],[24.785155,42.195655]]]},"properties":{"num":4}},{"type":"Feature","geometry":{"type":"Polygon","coordinates":[[[24.784742,42.19567],[24.78476,42.195651],[24.784666,42.195598],[24.784593,42.195672],[24.784675,42.195718],[24.78473,42.195662],[24.784742,42.19567]]]},"properties":{"num":1}},{"type":"Feature","geometry":{"type":"Polygon","coordinates":[[[24.78473,42.195662],[24.784717,42.195676],[24.784728,42.195683],[24.784742,42.19567],[24.78473,42.195662]]]},"properties":{"num":2}},{"type":"Feature","geometry":{"type":"Polygon","coordinates":[[[24.784739,42.195737],[24.784702,42.195715],[24.784658,42.195754],[24.784694,42.195776],[24.784739,42.195737]]]},"properties":{"num":3}},{"type":"Feature","geometry":{"type":"Polygon","coordinates":[[[24.784495,42.19566],[24.784531,42.195681],[24.784638,42.195581],[24.784601,42.195562],[24.784495,42.19566]]]},"properties":{"num":4}},{"type":"Feature","geometry":{"type":"Polygon","coordinates":[[[24.784522,42.195466],[24.784549,42.195452],[24.784533,42.195435],[24.784609,42.195397],[24.784557,42.195329],[24.784447,42.195382],[24.784522,42.195466]]]},"properties":{"num":1}},{"type":"Feature","geometry":{"type":"Polygon","coordinates":[[[24.784383,42.195389],[24.784404,42.195414],[24.784447,42.195382],[24.784421,42.195353],[24.784383,42.195389]]]},"properties":{"num":2}},{"type":"Feature","geometry":{"type":"Polygon","coordinates":[[[24.784537,42.195484],[24.784447,42.195382],[24.784404,42.195414],[24.78436,42.195435],[24.784443,42.195529],[24.784537,42.195484]]]},"properties":{"num":6}},{"type":"Feature","geometry":{"type":"Polygon","coordinates":[[[24.784585,42.195535],[24.784537,42.195484],[24.784443,42.195529],[24.784431,42.195515],[24.784339,42.195515],[24.784354,42.19558],[24.784495,42.19566],[24.784601,42.195562],[24.784585,42.195535]]]},"properties":{"num":7}},{"type":"Feature","geometry":{"type":"Polygon","coordinates":[[[24.785459,42.19527],[24.785503,42.195227],[24.785531,42.195244],[24.785561,42.195215],[24.785545,42.195206],[24.785534,42.195216],[24.785522,42.19521],[24.785529,42.195203],[24.785447,42.195158],[24.785378,42.195223],[24.785459,42.19527]]]},"properties":{"num":1}},{"type":"Feature","geometry":{"type":"Polygon","coordinates":[[[24.785464,42.195265],[24.785509,42.195292],[24.785549,42.195254],[24.785503,42.195227],[24.785464,42.195265]]]},"properties":{"num":3}},{"type":"Feature","geometry":{"type":"Polygon","coordinates":[[[24.78559,42.195279],[24.785549,42.195254],[24.785478,42.19532],[24.785519,42.195342],[24.78559,42.195279]]]},"properties":{"num":4}},{"type":"Feature","geometry":{"type":"Polygon","coordinates":[[[24.785438,42.195413],[24.785519,42.195342],[24.785467,42.195314],[24.78539,42.195383],[24.785438,42.195413]]]},"properties":{"num":5}},{"type":"Feature","geometry":{"type":"Polygon","coordinates":[[[24.785378,42.195223],[24.785349,42.195249],[24.785478,42.19532],[24.785507,42.19529],[24.785464,42.195265],[24.785459,42.19527],[24.785378,42.195223]]]},"properties":{"num":6}},{"type":"Feature","geometry":{"type":"Polygon","coordinates":[[[24.785735,42.195324],[24.785669,42.195285],[24.785611,42.195336],[24.785614,42.195338],[24.78559,42.19536],[24.785653,42.195397],[24.785735,42.195324]]]},"properties":{"num":1}},{"type":"Feature","geometry":{"type":"Polygon","coordinates":[[[24.785495,42.195365],[24.78555,42.195396],[24.785614,42.195338],[24.785611,42.195336],[24.785713,42.195249],[24.785658,42.195219],[24.785495,42.195365]]]},"properties":{"num":2}},{"type":"Feature","geometry":{"type":"Polygon","coordinates":[[[24.785442,42.195411],[24.785499,42.195447],[24.785527,42.195422],[24.78547,42.195386],[24.785442,42.195411]]]},"properties":{"num":3}},{"type":"Feature","geometry":{"type":"Polygon","coordinates":[[[24.785797,42.195294],[24.785654,42.195424],[24.785694,42.195448],[24.785836,42.195317],[24.785797,42.195294]]]},"properties":{"num":4}},{"type":"Feature","geometry":{"type":"Polygon","coordinates":[[[24.785694,42.195448],[24.785657,42.195426],[24.785609,42.195471],[24.785646,42.195493],[24.785694,42.195448]]]},"properties":{"num":5}},{"type":"Feature","geometry":{"type":"Polygon","coordinates":[[[24.785802,42.195413],[24.785733,42.195485],[24.785848,42.195547],[24.785919,42.195476],[24.785802,42.195413]]]},"properties":{"num":1}},{"type":"Feature","geometry":{"type":"Polygon","coordinates":[[[24.785771,42.195547],[24.785798,42.19552],[24.785733,42.195485],[24.785706,42.195512],[24.785771,42.195547]]]},"properties":{"num":2}},{"type":"Feature","geometry":{"type":"Polygon","coordinates":[[[24.785559,42.19557],[24.785597,42.195593],[24.785671,42.195524],[24.785633,42.195501],[24.785559,42.19557]]]},"properties":{"num":3}},{"type":"Feature","geometry":{"type":"Polygon","coordinates":[[[24.785552,42.195689],[24.785576,42.195667],[24.785523,42.19564],[24.7855,42.195663],[24.785552,42.195689]]]},"properties":{"num":4}},{"type":"Feature","geometry":{"type":"Polygon","coordinates":[[[24.786965,42.195614],[24.787049,42.19554],[24.786995,42.1955],[24.787001,42.195496],[24.786965,42.19547],[24.786867,42.195551],[24.786965,42.195614]]]},"properties":{"num":1}},{"type":"Feature","geometry":{"type":"Polygon","coordinates":[[[24.786686,42.195566],[24.786729,42.19559],[24.786748,42.19557],[24.786773,42.195584],[24.786818,42.195539],[24.786752,42.195501],[24.786686,42.195566]]]},"properties":{"num":2}},{"type":"Feature","geometry":{"type":"Polygon","coordinates":[[[24.786791,42.195482],[24.786808,42.1955],[24.786862,42.195474],[24.786846,42.195455],[24.786791,42.195482]]]},"properties":{"num":3}},{"type":"Feature","geometry":{"type":"Polygon","coordinates":[[[24.786752,42.195501],[24.786656,42.195448],[24.78659,42.195512],[24.786686,42.195566],[24.786752,42.195501]]]},"properties":{"num":1}},{"type":"Feature","geometry":{"type":"Polygon","coordinates":[[[24.786846,42.195455],[24.786829,42.195436],[24.786775,42.195463],[24.786791,42.195482],[24.786846,42.195455]]]},"properties":{"num":2}},{"type":"Feature","geometry":{"type":"Polygon","coordinates":[[[24.786534,42.195507],[24.786558,42.195522],[24.786589,42.195496],[24.786534,42.195457],[24.786506,42.195478],[24.786538,42.195504],[24.786534,42.195507]]]},"properties":{"num":3}},{"type":"Feature","geometry":{"type":"Polygon","coordinates":[[[24.786433,42.195479],[24.786503,42.195431],[24.786471,42.195404],[24.786393,42.195456],[24.786433,42.195479]]]},"properties":{"num":4}},{"type":"Feature","geometry":{"type":"Polygon","coordinates":[[[24.786602,42.195368],[24.78657,42.195339],[24.786471,42.195404],[24.786503,42.195431],[24.786602,42.195368]]]},"properties":{"num":5}},{"type":"Feature","geometry":{"type":"Polygon","coordinates":[[[24.785709,42.194897],[24.78574,42.194866],[24.785639,42.194806],[24.785568,42.194877],[24.785648,42.19492],[24.785684,42.194883],[24.785709,42.194897]]]},"properties":{"num":1}},{"type":"Feature","geometry":{"type":"Polygon","coordinates":[[[24.785415,42.194891],[24.785452,42.194912],[24.785465,42.194901],[24.785513,42.194928],[24.785559,42.194885],[24.785545,42.194864],[24.785541,42.194833],[24.785518,42.194834],[24.785517,42.194822],[24.785499,42.194824],[24.785415,42.194891]]]},"properties":{"num":3}},{"type":"Feature","geometry":{"type":"Polygon","coordinates":[[[24.78589,42.194777],[24.785856,42.194757],[24.785785,42.194815],[24.785816,42.194835],[24.78589,42.194777]]]},"properties":{"num":4}},{"type":"Feature","geometry":{"type":"Polygon","coordinates":[[[24.785866,42.194723],[24.78584,42.194747],[24.785898,42.194782],[24.785924,42.19476],[24.785866,42.194723]]]},"properties":{"num":5}},{"type":"Feature","geometry":{"type":"Polygon","coordinates":[[[24.786033,42.194557],[24.786057,42.194539],[24.786102,42.19457],[24.786142,42.194538],[24.786131,42.19453],[24.786158,42.194511],[24.786082,42.194457],[24.785994,42.194529],[24.786033,42.194557]]]},"properties":{"num":1}},{"type":"Feature","geometry":{"type":"Polygon","coordinates":[[[24.786329,42.194402],[24.786354,42.194383],[24.78637,42.194395],[24.786421,42.194357],[24.786419,42.19434],[24.786471,42.194301],[24.786444,42.194282],[24.786451,42.194277],[24.786452,42.194264],[24.78644,42.194255],[24.786393,42.194251],[24.786393,42.194244],[24.786372,42.194228],[24.786336,42.194254],[24.786319,42.194255],[24.786301,42.194269],[24.786301,42.19428],[24.786314,42.194289],[24.786282,42.194313],[24.786274,42.194308],[24.786239,42.194334],[24.786329,42.194402]]]},"properties":{"num":1}},{"type":"Feature","geometry":{"type":"Polygon","coordinates":[[[24.786534,42.194386],[24.786605,42.194444],[24.786708,42.194374],[24.786635,42.194318],[24.786534,42.194386]]]},"properties":{"num":1}},{"type":"Feature","geometry":{"type":"Polygon","coordinates":[[[24.786644,42.194256],[24.786552,42.194316],[24.786591,42.194347],[24.786682,42.194287],[24.786644,42.194256]]]},"properties":{"num":2}},{"type":"Feature","geometry":{"type":"Polygon","coordinates":[[[24.786517,42.194535],[24.786617,42.194467],[24.786548,42.194418],[24.786448,42.194486],[24.786517,42.194535]]]},"properties":{"num":3}},{"type":"Feature","geometry":{"type":"Polygon","coordinates":[[[24.786758,42.194435],[24.786697,42.194474],[24.786682,42.194461],[24.786647,42.194486],[24.786702,42.194537],[24.786729,42.19452],[24.786756,42.194542],[24.786831,42.194499],[24.786758,42.194435]]]},"properties":{"num":1}},{"type":"Feature","geometry":{"type":"Polygon","coordinates":[[[24.786538,42.194521],[24.786571,42.194553],[24.786649,42.194504],[24.786616,42.194472],[24.786538,42.194521]]]},"properties":{"num":3}},{"type":"Feature","geometry":{"type":"Polygon","coordinates":[[[24.786854,42.19455],[24.786936,42.194487],[24.786883,42.194445],[24.786819,42.194488],[24.786831,42.194499],[24.786756,42.194542],[24.786743,42.194531],[24.786669,42.19458],[24.786713,42.19462],[24.786841,42.194539],[24.786854,42.19455]]]},"properties":{"num":4}},{"type":"Feature","geometry":{"type":"Polygon","coordinates":[[[24.787073,42.194841],[24.787178,42.194771],[24.787096,42.194705],[24.786992,42.194776],[24.787073,42.194841]]]},"properties":{"num":1}},{"type":"Feature","geometry":{"type":"Polygon","coordinates":[[[24.787009,42.194893],[24.786979,42.19487],[24.786972,42.19487],[24.786943,42.194889],[24.786931,42.19488],[24.786885,42.194914],[24.786929,42.194949],[24.787009,42.194893]]]},"properties":{"num":2}},{"type":"Feature","geometry":{"type":"Polygon","coordinates":[[[24.787048,42.194738],[24.787163,42.194661],[24.787128,42.194632],[24.787018,42.194713],[24.787048,42.194738]]]},"properties":{"num":3}},{"type":"Feature","geometry":{"type":"Polygon","coordinates":[[[24.787237,42.19472],[24.787192,42.194752],[24.78722,42.194776],[24.787266,42.194744],[24.787237,42.19472]]]},"properties":{"num":4}},{"type":"Feature","geometry":{"type":"Polygon","coordinates":[[[24.788173,42.194988],[24.78809,42.194906],[24.787995,42.19496],[24.788043,42.195007],[24.788052,42.195004],[24.788088,42.195037],[24.788173,42.194988]]]},"properties":{"num":1}},{"type":"Feature","geometry":{"type":"Polygon","coordinates":[[[24.788326,42.194958],[24.788294,42.194927],[24.788223,42.194967],[24.788255,42.194998],[24.788326,42.194958]]]},"properties":{"num":2}},{"type":"Feature","geometry":{"type":"Polygon","coordinates":[[[24.78837,42.194933],[24.788338,42.1949],[24.788294,42.194927],[24.788326,42.194958],[24.78837,42.194933]]]},"properties":{"num":3}},{"type":"Feature","geometry":{"type":"Polygon","coordinates":[[[24.788376,42.194864],[24.788327,42.19489],[24.78837,42.194933],[24.788418,42.194906],[24.788376,42.194864]]]},"properties":{"num":4}},{"type":"Feature","geometry":{"type":"Polygon","coordinates":[[[24.78831,42.194799],[24.788262,42.194826],[24.788327,42.19489],[24.788376,42.194864],[24.78831,42.194799]]]},"properties":{"num":5}},{"type":"Feature","geometry":{"type":"Polygon","coordinates":[[[24.78831,42.194799],[24.788287,42.194777],[24.78824,42.194804],[24.788262,42.194826],[24.78831,42.194799]]]},"properties":{"num":6}},{"type":"Feature","geometry":{"type":"Polygon","coordinates":[[[24.787908,42.194923],[24.787944,42.194902],[24.787924,42.194882],[24.787888,42.194902],[24.787908,42.194923]]]},"properties":{"num":7}},{"type":"Feature","geometry":{"type":"Polygon","coordinates":[[[24.788646,42.194718],[24.788552,42.194634],[24.788475,42.194682],[24.788567,42.194764],[24.788646,42.194718]]]},"properties":{"num":1}},{"type":"Feature","geometry":{"type":"Polygon","coordinates":[[[24.788687,42.194681],[24.788641,42.194707],[24.788688,42.194753],[24.788734,42.194726],[24.788687,42.194681]]]},"properties":{"num":2}},{"type":"Feature","geometry":{"type":"Polygon","coordinates":[[[24.788215,42.194706],[24.788418,42.194906],[24.788455,42.194884],[24.788371,42.194799],[24.788381,42.194793],[24.788265,42.194676],[24.788215,42.194706]]]},"properties":{"num":3}},{"type":"Feature","geometry":{"type":"Polygon","coordinates":[[[24.788262,42.194674],[24.788381,42.194793],[24.788408,42.194779],[24.788288,42.194656],[24.788262,42.194674]]]},"properties":{"num":4}},{"type":"Feature","geometry":{"type":"Polygon","coordinates":[[[24.788822,42.194576],[24.788845,42.194597],[24.788912,42.194556],[24.788841,42.194492],[24.788762,42.19454],[24.788809,42.194583],[24.788822,42.194576]]]},"properties":{"num":1}},{"type":"Feature","geometry":{"type":"Polygon","coordinates":[[[24.788783,42.194698],[24.788691,42.194604],[24.788651,42.194625],[24.788744,42.19472],[24.788783,42.194698]]]},"properties":{"num":2}},{"type":"Feature","geometry":{"type":"Polygon","coordinates":[[[24.788749,42.194453],[24.788715,42.194424],[24.788692,42.194439],[24.788725,42.194469],[24.788749,42.194453]]]},"properties":{"num":3}},{"type":"Feature","geometry":{"type":"Polygon","coordinates":[[[24.788692,42.194439],[24.78866,42.194458],[24.788694,42.194489],[24.788725,42.194469],[24.788692,42.194439]]]},"properties":{"num":4}},{"type":"Feature","geometry":{"type":"Polygon","coordinates":[[[24.788594,42.194552],[24.788694,42.194489],[24.78866,42.194458],[24.788557,42.194523],[24.788594,42.194552]]]},"properties":{"num":5}},{"type":"Feature","geometry":{"type":"Polygon","coordinates":[[[24.788323,42.194297],[24.788397,42.194355],[24.788506,42.194279],[24.788431,42.194218],[24.788323,42.194297]]]},"properties":{"num":1}},{"type":"Feature","geometry":{"type":"Polygon","coordinates":[[[24.788542,42.194298],[24.788512,42.194274],[24.788449,42.194318],[24.788479,42.194341],[24.788542,42.194298]]]},"properties":{"num":2}},{"type":"Feature","geometry":{"type":"Polygon","coordinates":[[[24.788342,42.19416],[24.788257,42.194108],[24.788162,42.194195],[24.788244,42.194246],[24.788342,42.19416]]]},"properties":{"num":1}},{"type":"Feature","geometry":{"type":"Polygon","coordinates":[[[24.788148,42.194088],[24.788189,42.194051],[24.788206,42.194062],[24.788236,42.194036],[24.78813,42.193962],[24.788058,42.194029],[24.788148,42.194088]]]},"properties":{"num":1}},{"type":"Feature","geometry":{"type":"Polygon","coordinates":[[[24.788122,42.19411],[24.788148,42.194088],[24.788058,42.194029],[24.788033,42.194053],[24.788122,42.19411]]]},"properties":{"num":4}},{"type":"Feature","geometry":{"type":"Polygon","coordinates":[[[24.787722,42.194264],[24.787747,42.194285],[24.787844,42.194219],[24.787878,42.194246],[24.787914,42.19422],[24.787849,42.194168],[24.787722,42.194264]]]},"properties":{"num":5}},{"type":"Feature","geometry":{"type":"Polygon","coordinates":[[[24.787821,42.194344],[24.787917,42.194278],[24.787844,42.194219],[24.787747,42.194285],[24.787821,42.194344]]]},"properties":{"num":6}},{"type":"Feature","geometry":{"type":"Polygon","coordinates":[[[24.787822,42.194124],[24.787865,42.194079],[24.78783,42.194061],[24.787781,42.1941],[24.787822,42.194124]]]},"properties":{"num":1}},{"type":"Feature","geometry":{"type":"Polygon","coordinates":[[[24.787715,42.19427],[24.787689,42.194248],[24.787721,42.194226],[24.787673,42.194186],[24.787605,42.194241],[24.787675,42.194298],[24.787715,42.19427]]]},"properties":{"num":2}},{"type":"Feature","geometry":{"type":"Polygon","coordinates":[[[24.788,42.193852],[24.787942,42.193915],[24.78783,42.194061],[24.787877,42.194085],[24.78806,42.19388],[24.788,42.193852]]]},"properties":{"num":3}},{"type":"Feature","geometry":{"type":"Polygon","coordinates":[[[24.787942,42.193915],[24.787862,42.19388],[24.787822,42.193934],[24.787815,42.193931],[24.787789,42.193966],[24.787874,42.194004],[24.787942,42.193915]]]},"properties":{"num":1}},{"type":"Feature","geometry":{"type":"Polygon","coordinates":[[[24.787942,42.193915],[24.787996,42.193857],[24.787947,42.193835],[24.787901,42.193897],[24.787942,42.193915]]]},"properties":{"num":2}},{"type":"Feature","geometry":{"type":"Polygon","coordinates":[[[24.787605,42.194241],[24.78783,42.194061],[24.787874,42.194004],[24.787803,42.193972],[24.787767,42.194019],[24.787779,42.194027],[24.78758,42.194186],[24.787567,42.194178],[24.787542,42.194198],[24.787605,42.194241]]]},"properties":{"num":3}},{"type":"Feature","geometry":{"type":"Polygon","coordinates":[[[24.787412,42.193769],[24.787365,42.193768],[24.787366,42.193763],[24.787278,42.193761],[24.787274,42.193833],[24.787408,42.193837],[24.787412,42.193769]]]},"properties":{"num":1}},{"type":"Feature","geometry":{"type":"Polygon","coordinates":[[[24.787223,42.193866],[24.787322,42.19387],[24.787324,42.193844],[24.78733,42.193844],[24.78733,42.193835],[24.787274,42.193833],[24.787275,42.193811],[24.78723,42.19381],[24.787223,42.193866]]]},"properties":{"num":2}},{"type":"Feature","geometry":{"type":"Polygon","coordinates":[[[24.787511,42.193814],[24.787462,42.193812],[24.787456,42.193874],[24.787505,42.193875],[24.787511,42.193814]]]},"properties":{"num":3}},{"type":"Feature","geometry":{"type":"Polygon","coordinates":[[[24.787456,42.193874],[24.787449,42.193943],[24.787499,42.193945],[24.787505,42.193875],[24.787456,42.193874]]]},"properties":{"num":4}},{"type":"Feature","geometry":{"type":"Polygon","coordinates":[[[24.787362,42.194475],[24.787283,42.194529],[24.787317,42.194557],[24.787399,42.194505],[24.787362,42.194475]]]},"properties":{"num":1}},{"type":"Feature","geometry":{"type":"Polygon","coordinates":[[[24.787388,42.194457],[24.787362,42.194475],[24.787399,42.194505],[24.787425,42.194488],[24.787388,42.194457]]]},"properties":{"num":2}},{"type":"Feature","geometry":{"type":"Polygon","coordinates":[[[24.787297,42.194571],[24.787358,42.194622],[24.787375,42.194623],[24.787402,42.194606],[24.787406,42.19461],[24.787478,42.194563],[24.787434,42.194526],[24.787447,42.194518],[24.787417,42.194493],[24.787297,42.194571]]]},"properties":{"num":3}},{"type":"Feature","geometry":{"type":"Polygon","coordinates":[[[24.787183,42.194442],[24.787248,42.194494],[24.787323,42.194444],[24.787256,42.194392],[24.787183,42.194442]]]},"properties":{"num":1}},{"type":"Feature","geometry":{"type":"Polygon","coordinates":[[[24.787362,42.194475],[24.787323,42.194444],[24.787248,42.194494],[24.787287,42.194526],[24.787362,42.194475]]]},"properties":{"num":2}},{"type":"Feature","geometry":{"type":"Polygon","coordinates":[[[24.787211,42.194575],[24.787287,42.194526],[24.787231,42.194481],[24.787155,42.194531],[24.787211,42.194575]]]},"properties":{"num":3}},{"type":"Feature","geometry":{"type":"Polygon","coordinates":[[[24.787545,42.194344],[24.787519,42.194323],[24.787476,42.194353],[24.787503,42.194374],[24.787545,42.194344]]]},"properties":{"num":5}},{"type":"Feature","geometry":{"type":"Polygon","coordinates":[[[24.787657,42.194284],[24.787605,42.194241],[24.787546,42.194289],[24.787589,42.194326],[24.787657,42.194284]]]},"properties":{"num":6}},{"type":"Feature","geometry":{"type":"Polygon","coordinates":[[[24.787542,42.194198],[24.787509,42.194224],[24.787572,42.194268],[24.787605,42.194241],[24.787542,42.194198]]]},"properties":{"num":7}},{"type":"Feature","geometry":{"type":"Polygon","coordinates":[[[24.787103,42.194423],[24.787189,42.19436],[24.787149,42.194329],[24.787156,42.194323],[24.787123,42.194297],[24.787115,42.194301],[24.787082,42.194275],[24.786998,42.194333],[24.787033,42.19436],[24.787013,42.194372],[24.787057,42.194408],[24.787071,42.194398],[24.787103,42.194423]]]},"properties":{"num":1}},{"type":"Feature","geometry":{"type":"Polygon","coordinates":[[[24.787073,42.194264],[24.787108,42.194244],[24.78708,42.194218],[24.787046,42.194238],[24.787073,42.194264]]]},"properties":{"num":2}},{"type":"Feature","geometry":{"type":"Polygon","coordinates":[[[24.78708,42.194218],[24.787108,42.194244],[24.787173,42.194205],[24.787145,42.19418],[24.78708,42.194218]]]},"properties":{"num":3}},{"type":"Feature","geometry":{"type":"Polygon","coordinates":[[[24.786995,42.194382],[24.786979,42.194393],[24.787,42.19441],[24.787016,42.194398],[24.786995,42.194382]]]},"properties":{"num":4}},{"type":"Feature","geometry":{"type":"Polygon","coordinates":[[[24.786919,42.194291],[24.786949,42.194271],[24.786938,42.194262],[24.786993,42.194227],[24.78693,42.194171],[24.786844,42.194228],[24.786919,42.194291]]]},"properties":{"num":1}},{"type":"Feature","geometry":{"type":"Polygon","coordinates":[[[24.78671,42.194182],[24.786739,42.194204],[24.786841,42.194136],[24.786808,42.194112],[24.78671,42.194182]]]},"properties":{"num":3}},{"type":"Feature","geometry":{"type":"Polygon","coordinates":[[[24.787092,42.194206],[24.787068,42.194179],[24.787018,42.194206],[24.787042,42.194233],[24.787092,42.194206]]]},"properties":{"num":4}},{"type":"Feature","geometry":{"type":"Polygon","coordinates":[[[24.786659,42.19407],[24.786736,42.194022],[24.786683,42.193976],[24.786606,42.194023],[24.786659,42.19407]]]},"properties":{"num":1}},{"type":"Feature","geometry":{"type":"Polygon","coordinates":[[[24.78671,42.194182],[24.786808,42.194112],[24.786776,42.194085],[24.786677,42.194155],[24.78671,42.194182]]]},"properties":{"num":2}},{"type":"Feature","geometry":{"type":"Polygon","coordinates":[[[24.786452,42.193722],[24.786494,42.193798],[24.786615,42.193761],[24.786573,42.193685],[24.786452,42.193722]]]},"properties":{"num":1}},{"type":"Feature","geometry":{"type":"Polygon","coordinates":[[[24.78605,42.193775],[24.78607,42.193774],[24.786065,42.19374],[24.786057,42.193741],[24.786052,42.193704],[24.785994,42.193708],[24.785993,42.193699],[24.785959,42.193702],[24.785965,42.193793],[24.786051,42.193782],[24.78605,42.193775]]]},"properties":{"num":1}},{"type":"Feature","geometry":{"type":"Polygon","coordinates":[[[24.785909,42.193668],[24.785928,42.193805],[24.785966,42.193803],[24.785956,42.193665],[24.785909,42.193668]]]},"properties":{"num":2}},{"type":"Feature","geometry":{"type":"Polygon","coordinates":[[[24.786036,42.193809],[24.786053,42.193794],[24.786051,42.193782],[24.785965,42.193793],[24.785967,42.193814],[24.786036,42.193809]]]},"properties":{"num":4}},{"type":"Feature","geometry":{"type":"Polygon","coordinates":[[[24.786098,42.193656],[24.786101,42.193684],[24.78615,42.193681],[24.786151,42.193689],[24.78618,42.193685],[24.786176,42.193652],[24.786098,42.193656]]]},"properties":{"num":5}},{"type":"Feature","geometry":{"type":"Polygon","coordinates":[[[24.786215,42.193649],[24.786176,42.193652],[24.78618,42.193685],[24.786218,42.193684],[24.786215,42.193649]]]},"properties":{"num":6}},{"type":"Feature","geometry":{"type":"Polygon","coordinates":[[[24.786148,42.193986],[24.78624,42.19405],[24.786328,42.193982],[24.786236,42.193917],[24.786148,42.193986]]]},"properties":{"num":1}},{"type":"Feature","geometry":{"type":"Polygon","coordinates":[[[24.786227,42.193801],[24.786178,42.193836],[24.786228,42.193877],[24.786279,42.193838],[24.786227,42.193801]]]},"properties":{"num":2}},{"type":"Feature","geometry":{"type":"Polygon","coordinates":[[[24.786298,42.193852],[24.786265,42.193877],[24.786279,42.193885],[24.786293,42.193874],[24.786327,42.193898],[24.786343,42.193886],[24.786298,42.193852]]]},"properties":{"num":3}},{"type":"Feature","geometry":{"type":"Polygon","coordinates":[[[24.786087,42.194059],[24.786033,42.1941],[24.786111,42.194152],[24.786161,42.194112],[24.786087,42.194059]]]},"properties":{"num":1}},{"type":"Feature","geometry":{"type":"Polygon","coordinates":[[[24.785963,42.194268],[24.786045,42.194204],[24.785971,42.19415],[24.785959,42.19416],[24.785941,42.194148],[24.785882,42.194196],[24.785952,42.194245],[24.785942,42.194252],[24.785963,42.194268]]]},"properties":{"num":1}},{"type":"Feature","geometry":{"type":"Polygon","coordinates":[[[24.785976,42.194257],[24.78599,42.194267],[24.786015,42.194248],[24.786001,42.194238],[24.785976,42.194257]]]},"properties":{"num":3}},{"type":"Feature","geometry":{"type":"Polygon","coordinates":[[[24.786074,42.194167],[24.786044,42.194188],[24.786099,42.194226],[24.786127,42.194205],[24.786074,42.194167]]]},"properties":{"num":4}},{"type":"Feature","geometry":{"type":"Polygon","coordinates":[[[24.785836,42.194039],[24.785856,42.19405],[24.785874,42.194032],[24.785854,42.19402],[24.785836,42.194039]]]},"properties":{"num":5}},{"type":"Feature","geometry":{"type":"Polygon","coordinates":[[[24.785738,42.194089],[24.785772,42.194106],[24.785827,42.194051],[24.785794,42.194033],[24.785738,42.194089]]]},"properties":{"num":6}},{"type":"Feature","geometry":{"type":"Polygon","coordinates":[[[24.785783,42.194112],[24.785738,42.194089],[24.785717,42.194113],[24.785752,42.194139],[24.785783,42.194112]]]},"properties":{"num":7}},{"type":"Feature","geometry":{"type":"Polygon","coordinates":[[[24.785746,42.194305],[24.785833,42.194369],[24.785894,42.194321],[24.785805,42.194258],[24.785746,42.194305]]]},"properties":{"num":1}},{"type":"Feature","geometry":{"type":"Polygon","coordinates":[[[24.785798,42.194382],[24.785824,42.194362],[24.785746,42.194305],[24.785718,42.194325],[24.785798,42.194382]]]},"properties":{"num":2}},{"type":"Feature","geometry":{"type":"Polygon","coordinates":[[[24.785636,42.194262],[24.785752,42.194139],[24.785717,42.194113],[24.785601,42.19424],[24.785636,42.194262]]]},"properties":{"num":3}},{"type":"Feature","geometry":{"type":"Polygon","coordinates":[[[24.785852,42.19442],[24.785877,42.194401],[24.785836,42.194367],[24.785833,42.194369],[24.785824,42.194362],[24.785798,42.194382],[24.785852,42.19442]]]},"properties":{"num":4}},{"type":"Feature","geometry":{"type":"Polygon","coordinates":[[[24.785676,42.194494],[24.785751,42.194433],[24.785655,42.194367],[24.78558,42.194427],[24.785676,42.194494]]]},"properties":{"num":1}},{"type":"Feature","geometry":{"type":"Polygon","coordinates":[[[24.785852,42.19442],[24.785798,42.194382],[24.785762,42.19441],[24.785815,42.194448],[24.785852,42.19442]]]},"properties":{"num":2}},{"type":"Feature","geometry":{"type":"Polygon","coordinates":[[[24.78575,42.194348],[24.785717,42.194374],[24.785765,42.194407],[24.785798,42.194382],[24.78575,42.194348]]]},"properties":{"num":3}},{"type":"Feature","geometry":{"type":"Polygon","coordinates":[[[24.785675,42.194357],[24.785703,42.194377],[24.785717,42.194374],[24.78575,42.194348],[24.785718,42.194325],[24.785675,42.194357]]]},"properties":{"num":4}},{"type":"Feature","geometry":{"type":"Polygon","coordinates":[[[24.785422,42.194554],[24.785517,42.19462],[24.785593,42.19456],[24.785497,42.194494],[24.785422,42.194554]]]},"properties":{"num":1}},{"type":"Feature","geometry":{"type":"Polygon","coordinates":[[[24.785436,42.194612],[24.785472,42.194589],[24.785393,42.194533],[24.78536,42.194557],[24.785436,42.194612]]]},"properties":{"num":2}},{"type":"Feature","geometry":{"type":"Polygon","coordinates":[[[24.785641,42.194585],[24.785695,42.194544],[24.785623,42.194491],[24.785569,42.194532],[24.785641,42.194585]]]},"properties":{"num":3}},{"type":"Feature","geometry":{"type":"Polygon","coordinates":[[[24.785228,42.194696],[24.785276,42.19473],[24.785261,42.194741],[24.785314,42.194778],[24.78539,42.194718],[24.785299,42.194655],[24.785261,42.194686],[24.78525,42.194679],[24.785228,42.194696]]]},"properties":{"num":1}},{"type":"Feature","geometry":{"type":"Polygon","coordinates":[[[24.785201,42.194771],[24.785265,42.194722],[24.785195,42.194674],[24.785137,42.194735],[24.785201,42.194771]]]},"properties":{"num":2}},{"type":"Feature","geometry":{"type":"Polygon","coordinates":[[[24.785356,42.194807],[24.785261,42.194741],[24.785214,42.194778],[24.785288,42.194821],[24.78534,42.19482],[24.785356,42.194807]]]},"properties":{"num":3}},{"type":"Feature","geometry":{"type":"Polygon","coordinates":[[[24.785138,42.194609],[24.785176,42.194551],[24.785193,42.194556],[24.785221,42.194511],[24.785124,42.194477],[24.785055,42.194578],[24.785138,42.194609]]]},"properties":{"num":1}},{"type":"Feature","geometry":{"type":"Polygon","coordinates":[[[24.785215,42.194334],[24.78516,42.194418],[24.78527,42.194459],[24.785316,42.194387],[24.785286,42.194376],[24.785295,42.194364],[24.785215,42.194334]]]},"properties":{"num":1}},{"type":"Feature","geometry":{"type":"Polygon","coordinates":[[[24.785328,42.194185],[24.785295,42.194173],[24.785233,42.194265],[24.785375,42.194316],[24.785426,42.194239],[24.78532,42.194197],[24.785328,42.194185]]]},"properties":{"num":1}},{"type":"Feature","geometry":{"type":"Polygon","coordinates":[[[24.785538,42.194304],[24.785572,42.19427],[24.785509,42.194246],[24.785485,42.194278],[24.785538,42.194304]]]},"properties":{"num":2}},{"type":"Feature","geometry":{"type":"Polygon","coordinates":[[[24.785496,42.194202],[24.785475,42.194233],[24.785572,42.19427],[24.785601,42.19424],[24.785496,42.194202]]]},"properties":{"num":3}},{"type":"Feature","geometry":{"type":"Polygon","coordinates":[[[24.785539,42.194093],[24.785406,42.194045],[24.785356,42.19412],[24.785489,42.194165],[24.785539,42.194093]]]},"properties":{"num":1}},{"type":"Feature","geometry":{"type":"Polygon","coordinates":[[[24.785601,42.19424],[24.785643,42.194194],[24.785605,42.194176],[24.785563,42.194226],[24.785601,42.19424]]]},"properties":{"num":2}},{"type":"Feature","geometry":{"type":"Polygon","coordinates":[[[24.785495,42.193909],[24.785447,42.193982],[24.785565,42.194025],[24.785614,42.193952],[24.785495,42.193909]]]},"properties":{"num":1}},{"type":"Feature","geometry":{"type":"Polygon","coordinates":[[[24.785535,42.194014],[24.78547,42.19399],[24.785462,42.194002],[24.785527,42.194026],[24.785535,42.194014]]]},"properties":{"num":2}},{"type":"Feature","geometry":{"type":"Polygon","coordinates":[[[24.785603,42.193879],[24.785689,42.193906],[24.785733,42.193836],[24.785705,42.193827],[24.785718,42.193806],[24.785665,42.193787],[24.785603,42.193879]]]},"properties":{"num":1}},{"type":"Feature","geometry":{"type":"Polygon","coordinates":[[[24.785603,42.193879],[24.785657,42.193799],[24.785581,42.193773],[24.785532,42.193851],[24.785603,42.193879]]]},"properties":{"num":2}},{"type":"Feature","geometry":{"type":"Polygon","coordinates":[[[24.785875,42.19367],[24.78588,42.19372],[24.785916,42.193718],[24.785909,42.193668],[24.785875,42.19367]]]},"properties":{"num":3}},{"type":"Feature","geometry":{"type":"Polygon","coordinates":[[[24.785831,42.193723],[24.78588,42.19372],[24.785875,42.19367],[24.785825,42.193673],[24.785831,42.193723]]]},"properties":{"num":4}},{"type":"Feature","geometry":{"type":"Polygon","coordinates":[[[24.785243,42.193826],[24.785149,42.193792],[24.785101,42.193866],[24.785143,42.193881],[24.78515,42.19387],[24.7852,42.193889],[24.785243,42.193826]]]},"properties":{"num":1}},{"type":"Feature","geometry":{"type":"Polygon","coordinates":[[[24.785256,42.193906],[24.78515,42.19387],[24.785122,42.193904],[24.78523,42.193943],[24.785256,42.193906]]]},"properties":{"num":3}},{"type":"Feature","geometry":{"type":"Polygon","coordinates":[[[24.785051,42.194047],[24.785075,42.194042],[24.785103,42.193998],[24.785116,42.193944],[24.785108,42.193929],[24.78506,42.193912],[24.785053,42.193922],[24.785026,42.193918],[24.785011,42.193922],[24.784991,42.193951],[24.784978,42.193949],[24.78497,42.193953],[24.784941,42.193997],[24.784993,42.194017],[24.784987,42.194025],[24.785051,42.194047]]]},"properties":{"num":1}},{"type":"Feature","geometry":{"type":"Polygon","coordinates":[[[24.784715,42.193955],[24.784742,42.193915],[24.784712,42.193905],[24.784685,42.193945],[24.784715,42.193955]]]},"properties":{"num":2}},{"type":"Feature","geometry":{"type":"Polygon","coordinates":[[[24.785004,42.194211],[24.785011,42.194213],[24.785028,42.194186],[24.785035,42.194189],[24.785053,42.194159],[24.785034,42.194152],[24.785049,42.194129],[24.784958,42.194096],[24.784939,42.194128],[24.784932,42.194125],[24.784916,42.19413],[24.784885,42.194173],[24.784928,42.194189],[24.784923,42.194196],[24.784927,42.194204],[24.784993,42.194228],[24.785004,42.194211]]]},"properties":{"num":1}},{"type":"Feature","geometry":{"type":"Polygon","coordinates":[[[24.784802,42.194181],[24.784823,42.194148],[24.784744,42.194121],[24.784732,42.194141],[24.784706,42.194132],[24.784699,42.194145],[24.784802,42.194181]]]},"properties":{"num":2}},{"type":"Feature","geometry":{"type":"Polygon","coordinates":[[[24.784847,42.194328],[24.784851,42.194322],[24.784901,42.194339],[24.784947,42.194272],[24.784852,42.194239],[24.784804,42.194313],[24.784847,42.194328]]]},"properties":{"num":1}},{"type":"Feature","geometry":{"type":"Polygon","coordinates":[[[24.784843,42.194334],[24.784867,42.194343],[24.784876,42.19433],[24.784851,42.194322],[24.784843,42.194334]]]},"properties":{"num":2}},{"type":"Feature","geometry":{"type":"Polygon","coordinates":[[[24.784909,42.194435],[24.784938,42.19439],[24.784824,42.194348],[24.784792,42.194394],[24.784909,42.194435]]]},"properties":{"num":3}},{"type":"Feature","geometry":{"type":"Polygon","coordinates":[[[24.78473,42.194359],[24.784792,42.194394],[24.784821,42.194353],[24.784754,42.194328],[24.78473,42.194359]]]},"properties":{"num":4}},{"type":"Feature","geometry":{"type":"Polygon","coordinates":[[[24.783968,42.195175],[24.78391,42.195243],[24.783996,42.195283],[24.784054,42.195217],[24.783968,42.195175]]]},"properties":{"num":1}},{"type":"Feature","geometry":{"type":"Polygon","coordinates":[[[24.783849,42.195265],[24.783882,42.195279],[24.783946,42.1952],[24.783917,42.195187],[24.783849,42.195265]]]},"properties":{"num":2}},{"type":"Feature","geometry":{"type":"Polygon","coordinates":[[[24.783911,42.195244],[24.783892,42.195266],[24.78395,42.195292],[24.783969,42.19527],[24.783911,42.195244]]]},"properties":{"num":3}},{"type":"Feature","geometry":{"type":"Polygon","coordinates":[[[24.784017,42.195302],[24.783989,42.195334],[24.784018,42.195347],[24.784045,42.195315],[24.784017,42.195302]]]},"properties":{"num":4}},{"type":"Feature","geometry":{"type":"Polygon","coordinates":[[[24.784108,42.195345],[24.784045,42.195315],[24.784018,42.195347],[24.784082,42.195377],[24.784108,42.195345]]]},"properties":{"num":5}},{"type":"Feature","geometry":{"type":"Polygon","coordinates":[[[24.783837,42.195209],[24.783885,42.195155],[24.783775,42.195102],[24.783728,42.195157],[24.783837,42.195209]]]},"properties":{"num":1}},{"type":"Feature","geometry":{"type":"Polygon","coordinates":[[[24.783849,42.195265],[24.783889,42.195219],[24.783849,42.195196],[24.783837,42.195209],[24.783821,42.195201],[24.78379,42.195236],[24.783849,42.195265]]]},"properties":{"num":2}},{"type":"Feature","geometry":{"type":"Polygon","coordinates":[[[24.783695,42.195196],[24.78379,42.195236],[24.783821,42.195201],[24.783728,42.195157],[24.783695,42.195196]]]},"properties":{"num":3}},{"type":"Feature","geometry":{"type":"Polygon","coordinates":[[[24.783663,42.195182],[24.783695,42.195196],[24.783728,42.195157],[24.783696,42.195142],[24.783663,42.195182]]]},"properties":{"num":4}},{"type":"Feature","geometry":{"type":"Polygon","coordinates":[[[24.783685,42.195081],[24.783646,42.195062],[24.783658,42.195048],[24.783586,42.195014],[24.783541,42.195067],[24.783652,42.19512],[24.783685,42.195081]]]},"properties":{"num":1}},{"type":"Feature","geometry":{"type":"Polygon","coordinates":[[[24.783512,42.195054],[24.783541,42.195067],[24.783586,42.195014],[24.783555,42.195],[24.783512,42.195054]]]},"properties":{"num":2}},{"type":"Feature","geometry":{"type":"Polygon","coordinates":[[[24.783663,42.195182],[24.783679,42.195162],[24.783628,42.195138],[24.783634,42.19513],[24.783608,42.195119],[24.783586,42.195143],[24.783663,42.195182]]]},"properties":{"num":3}},{"type":"Feature","geometry":{"type":"Polygon","coordinates":[[[24.783676,42.195133],[24.783692,42.195141],[24.783706,42.195125],[24.78369,42.195117],[24.783676,42.195133]]]},"properties":{"num":4}},{"type":"Feature","geometry":{"type":"Polygon","coordinates":[[[24.783357,42.194979],[24.783392,42.194996],[24.783378,42.195011],[24.783421,42.195032],[24.783434,42.195016],[24.783474,42.195035],[24.783522,42.194981],[24.783405,42.194924],[24.783357,42.194979]]]},"properties":{"num":1}},{"type":"Feature","geometry":{"type":"Polygon","coordinates":[[[24.783357,42.194979],[24.783405,42.194924],[24.783375,42.194909],[24.783327,42.194964],[24.783357,42.194979]]]},"properties":{"num":2}},{"type":"Feature","geometry":{"type":"Polygon","coordinates":[[[24.783481,42.19509],[24.783498,42.195071],[24.783437,42.195038],[24.78342,42.195057],[24.783481,42.19509]]]},"properties":{"num":3}},{"type":"Feature","geometry":{"type":"Polygon","coordinates":[[[24.783448,42.194827],[24.783485,42.194844],[24.783526,42.194794],[24.78349,42.194777],[24.783448,42.194827]]]},"properties":{"num":4}},{"type":"Feature","geometry":{"type":"Polygon","coordinates":[[[24.783293,42.194873],[24.783219,42.194838],[24.783175,42.194891],[24.783287,42.194943],[24.783319,42.194905],[24.783281,42.194887],[24.783293,42.194873]]]},"properties":{"num":1}},{"type":"Feature","geometry":{"type":"Polygon","coordinates":[[[24.783114,42.194911],[24.783149,42.194925],[24.783175,42.194891],[24.783142,42.194877],[24.783114,42.194911]]]},"properties":{"num":2}},{"type":"Feature","geometry":{"type":"Polygon","coordinates":[[[24.783309,42.194985],[24.78334,42.194949],[24.783298,42.194929],[24.783287,42.194943],[24.783175,42.194891],[24.783156,42.194913],[24.783309,42.194985]]]},"properties":{"num":3}},{"type":"Feature","geometry":{"type":"Polygon","coordinates":[[[24.783299,42.194997],[24.783309,42.194985],[24.783235,42.194952],[24.783226,42.194963],[24.783299,42.194997]]]},"properties":{"num":4}},{"type":"Feature","geometry":{"type":"Polygon","coordinates":[[[24.783236,42.194767],[24.783288,42.194792],[24.783353,42.194714],[24.783301,42.19469],[24.783236,42.194767]]]},"properties":{"num":5}},{"type":"Feature","geometry":{"type":"Polygon","coordinates":[[[24.783429,42.194849],[24.78349,42.194777],[24.783452,42.194759],[24.78339,42.194832],[24.783429,42.194849]]]},"properties":{"num":6}},{"type":"Feature","geometry":{"type":"Polygon","coordinates":[[[24.783084,42.194848],[24.783122,42.194867],[24.783172,42.194811],[24.783059,42.194758],[24.783011,42.194814],[24.783056,42.194835],[24.783044,42.194849],[24.783071,42.194862],[24.783084,42.194848]]]},"properties":{"num":1}},{"type":"Feature","geometry":{"type":"Polygon","coordinates":[[[24.78291,42.194935],[24.782864,42.19499],[24.782867,42.195004],[24.782959,42.195046],[24.783013,42.19498],[24.783006,42.194968],[24.782923,42.194931],[24.78291,42.194935]]]},"properties":{"num":1}},{"type":"Feature","geometry":{"type":"Polygon","coordinates":[[[24.782922,42.195091],[24.782959,42.195046],[24.782888,42.195013],[24.78285,42.195057],[24.782922,42.195091]]]},"properties":{"num":2}},{"type":"Feature","geometry":{"type":"Polygon","coordinates":[[[24.783117,42.19513],[24.783157,42.195078],[24.783054,42.195031],[24.783015,42.195082],[24.783117,42.19513]]]},"properties":{"num":1}},{"type":"Feature","geometry":{"type":"Polygon","coordinates":[[[24.783211,42.195103],[24.783157,42.195078],[24.783125,42.19512],[24.783139,42.195126],[24.783098,42.195175],[24.783137,42.195193],[24.783211,42.195103]]]},"properties":{"num":2}},{"type":"Feature","geometry":{"type":"Polygon","coordinates":[[[24.783082,42.195044],[24.783099,42.195024],[24.783076,42.195012],[24.783058,42.195033],[24.783082,42.195044]]]},"properties":{"num":3}},{"type":"Feature","geometry":{"type":"Polygon","coordinates":[[[24.783069,42.194966],[24.783102,42.194981],[24.783149,42.194925],[24.783114,42.194911],[24.783069,42.194966]]]},"properties":{"num":4}},{"type":"Feature","geometry":{"type":"Polygon","coordinates":[[[24.783286,42.195221],[24.783346,42.195151],[24.783248,42.195106],[24.783195,42.195167],[24.783204,42.195172],[24.783197,42.19518],[24.783286,42.195221]]]},"properties":{"num":1}},{"type":"Feature","geometry":{"type":"Polygon","coordinates":[[[24.783137,42.195193],[24.783173,42.19521],[24.783204,42.195172],[24.783195,42.195167],[24.783242,42.195113],[24.783215,42.195099],[24.783137,42.195193]]]},"properties":{"num":3}},{"type":"Feature","geometry":{"type":"Polygon","coordinates":[[[24.783429,42.195152],[24.783389,42.195133],[24.783333,42.195199],[24.783376,42.195218],[24.783429,42.195152]]]},"properties":{"num":4}},{"type":"Feature","geometry":{"type":"Polygon","coordinates":[[[24.783429,42.195197],[24.783381,42.195254],[24.783454,42.195288],[24.783503,42.195231],[24.783429,42.195197]]]},"properties":{"num":1}},{"type":"Feature","geometry":{"type":"Polygon","coordinates":[[[24.78343,42.195295],[24.783441,42.195282],[24.78341,42.195268],[24.7834,42.19528],[24.78343,42.195295]]]},"properties":{"num":2}},{"type":"Feature","geometry":{"type":"Polygon","coordinates":[[[24.783456,42.195343],[24.783504,42.195288],[24.783469,42.195271],[24.783418,42.195325],[24.783456,42.195343]]]},"properties":{"num":3}},{"type":"Feature","geometry":{"type":"Polygon","coordinates":[[[24.783539,42.195247],[24.783503,42.195231],[24.783469,42.195271],[24.783504,42.195288],[24.783539,42.195247]]]},"properties":{"num":4}},{"type":"Feature","geometry":{"type":"Polygon","coordinates":[[[24.783566,42.195342],[24.783639,42.195377],[24.783711,42.195294],[24.783637,42.195259],[24.783614,42.195286],[24.783601,42.195279],[24.783577,42.195307],[24.783591,42.195313],[24.783566,42.195342]]]},"properties":{"num":1}},{"type":"Feature","geometry":{"type":"Polygon","coordinates":[[[24.783654,42.195438],[24.783695,42.195393],[24.78366,42.195376],[24.783619,42.195421],[24.783654,42.195438]]]},"properties":{"num":2}},{"type":"Feature","geometry":{"type":"Polygon","coordinates":[[[24.783619,42.195421],[24.783642,42.195396],[24.783602,42.195376],[24.783579,42.195402],[24.783619,42.195421]]]},"properties":{"num":3}},{"type":"Feature","geometry":{"type":"Polygon","coordinates":[[[24.783579,42.195402],[24.783602,42.195376],[24.783554,42.195354],[24.783531,42.195379],[24.783579,42.195402]]]},"properties":{"num":4}},{"type":"Feature","geometry":{"type":"Polygon","coordinates":[[[24.783642,42.195205],[24.783657,42.195213],[24.783668,42.195201],[24.78368,42.195207],[24.783692,42.195194],[24.783663,42.195182],[24.783642,42.195205]]]},"properties":{"num":6}},{"type":"Feature","geometry":{"type":"Polygon","coordinates":[[[24.783849,42.195265],[24.783767,42.195225],[24.783753,42.195242],[24.783836,42.19528],[24.783849,42.195265]]]},"properties":{"num":7}},{"type":"Feature","geometry":{"type":"Polygon","coordinates":[[[24.78382,42.195348],[24.783748,42.19543],[24.783817,42.195462],[24.783844,42.195432],[24.783862,42.195441],[24.783907,42.195388],[24.78382,42.195348]]]},"properties":{"num":1}},{"type":"Feature","geometry":{"type":"Polygon","coordinates":[[[24.78378,42.195465],[24.783792,42.19545],[24.783757,42.195434],[24.783745,42.195449],[24.78378,42.195465]]]},"properties":{"num":2}},{"type":"Feature","geometry":{"type":"Polygon","coordinates":[[[24.783731,42.195448],[24.783708,42.195438],[24.783694,42.195455],[24.783717,42.195465],[24.783731,42.195448]]]},"properties":{"num":3}},{"type":"Feature","geometry":{"type":"Polygon","coordinates":[[[24.783939,42.195573],[24.783964,42.195542],[24.783848,42.195488],[24.783822,42.195518],[24.783939,42.195573]]]},"properties":{"num":4}},{"type":"Feature","geometry":{"type":"Polygon","coordinates":[[[24.783914,42.195479],[24.78389,42.195507],[24.783964,42.195542],[24.783988,42.195511],[24.783914,42.195479]]]},"properties":{"num":5}},{"type":"Feature","geometry":{"type":"Polygon","coordinates":[[[24.783668,42.195717],[24.783756,42.19576],[24.783846,42.195654],[24.783841,42.195639],[24.783763,42.195603],[24.783668,42.195717]]]},"properties":{"num":1}},{"type":"Feature","geometry":{"type":"Polygon","coordinates":[[[24.783862,42.195696],[24.783825,42.195679],[24.783756,42.19576],[24.783796,42.195779],[24.783862,42.195696]]]},"properties":{"num":2}},{"type":"Feature","geometry":{"type":"Polygon","coordinates":[[[24.783707,42.195776],[24.783732,42.195748],[24.783671,42.195719],[24.783647,42.195747],[24.783707,42.195776]]]},"properties":{"num":3}},{"type":"Feature","geometry":{"type":"Polygon","coordinates":[[[24.783623,42.195736],[24.783637,42.195719],[24.783606,42.195705],[24.783592,42.195721],[24.783623,42.195736]]]},"properties":{"num":4}},{"type":"Feature","geometry":{"type":"Polygon","coordinates":[[[24.783592,42.195721],[24.783616,42.195695],[24.783522,42.195649],[24.783498,42.195677],[24.783592,42.195721]]]},"properties":{"num":5}},{"type":"Feature","geometry":{"type":"Polygon","coordinates":[[[24.783636,42.195698],[24.783671,42.195714],[24.78372,42.195655],[24.783686,42.195639],[24.783636,42.195698]]]},"properties":{"num":6}},{"type":"Feature","geometry":{"type":"Polygon","coordinates":[[[24.783529,42.195641],[24.783623,42.195686],[24.783683,42.195615],[24.783588,42.195571],[24.783529,42.195641]]]},"properties":{"num":7}},{"type":"Feature","geometry":{"type":"Polygon","coordinates":[[[24.783799,42.195781],[24.783732,42.195748],[24.783706,42.195777],[24.783778,42.195808],[24.783799,42.195781]]]},"properties":{"num":8}},{"type":"Feature","geometry":{"type":"Polygon","coordinates":[[[24.783588,42.195571],[24.783502,42.195529],[24.783442,42.1956],[24.783529,42.195641],[24.783588,42.195571]]]},"properties":{"num":1}},{"type":"Feature","geometry":{"type":"Polygon","coordinates":[[[24.783522,42.195649],[24.783479,42.195628],[24.783454,42.195657],[24.783498,42.195677],[24.783522,42.195649]]]},"properties":{"num":2}},{"type":"Feature","geometry":{"type":"Polygon","coordinates":[[[24.78343,42.195613],[24.78341,42.195636],[24.783437,42.195649],[24.783457,42.195625],[24.78343,42.195613]]]},"properties":{"num":3}},{"type":"Feature","geometry":{"type":"Polygon","coordinates":[[[24.783477,42.195558],[24.783462,42.195551],[24.783442,42.195574],[24.783458,42.195582],[24.783477,42.195558]]]},"properties":{"num":4}},{"type":"Feature","geometry":{"type":"Polygon","coordinates":[[[24.783465,42.195414],[24.783394,42.195497],[24.783436,42.195517],[24.783506,42.195435],[24.783465,42.195414]]]},"properties":{"num":5}},{"type":"Feature","geometry":{"type":"Polygon","coordinates":[[[24.783506,42.195429],[24.783476,42.195471],[24.783498,42.195481],[24.783532,42.195441],[24.783506,42.195429]]]},"properties":{"num":6}},{"type":"Feature","geometry":{"type":"Polygon","coordinates":[[[24.783161,42.195467],[24.783248,42.195507],[24.783308,42.195439],[24.783226,42.1954],[24.783161,42.195467]]]},"properties":{"num":1}},{"type":"Feature","geometry":{"type":"Polygon","coordinates":[[[24.783465,42.195414],[24.783433,42.195398],[24.783433,42.195394],[24.78339,42.195445],[24.783424,42.195462],[24.783465,42.195414]]]},"properties":{"num":2}},{"type":"Feature","geometry":{"type":"Polygon","coordinates":[[[24.783154,42.195518],[24.783258,42.195566],[24.783276,42.195542],[24.783174,42.195493],[24.783154,42.195518]]]},"properties":{"num":3}},{"type":"Feature","geometry":{"type":"Polygon","coordinates":[[[24.783161,42.195467],[24.783226,42.1954],[24.783131,42.195356],[24.78307,42.195424],[24.783161,42.195467]]]},"properties":{"num":1}},{"type":"Feature","geometry":{"type":"Polygon","coordinates":[[[24.783057,42.195294],[24.783093,42.19531],[24.783144,42.195257],[24.783102,42.195238],[24.783057,42.195294]]]},"properties":{"num":2}},{"type":"Feature","geometry":{"type":"Polygon","coordinates":[[[24.78313,42.195506],[24.783149,42.195481],[24.783051,42.195434],[24.783031,42.195458],[24.78313,42.195506]]]},"properties":{"num":3}},{"type":"Feature","geometry":{"type":"Polygon","coordinates":[[[24.782795,42.195299],[24.782892,42.195342],[24.782949,42.195272],[24.782851,42.195226],[24.782795,42.195299]]]},"properties":{"num":1}},{"type":"Feature","geometry":{"type":"Polygon","coordinates":[[[24.782851,42.195226],[24.782897,42.195248],[24.782907,42.195235],[24.782897,42.195231],[24.782901,42.195225],[24.782866,42.195208],[24.782851,42.195226]]]},"properties":{"num":2}},{"type":"Feature","geometry":{"type":"Polygon","coordinates":[[[24.782885,42.19534],[24.782854,42.195326],[24.782842,42.195341],[24.782869,42.195353],[24.782885,42.19534]]]},"properties":{"num":4}},{"type":"Feature","geometry":{"type":"Polygon","coordinates":[[[24.782862,42.195382],[24.782923,42.195409],[24.782943,42.195384],[24.782882,42.195359],[24.782862,42.195382]]]},"properties":{"num":5}},{"type":"Feature","geometry":{"type":"Polygon","coordinates":[[[24.783102,42.195238],[24.783064,42.19522],[24.783005,42.195293],[24.783043,42.19531],[24.783102,42.195238]]]},"properties":{"num":6}},{"type":"Feature","geometry":{"type":"Polygon","coordinates":[[[24.782851,42.195226],[24.782775,42.195192],[24.782715,42.195263],[24.782795,42.195299],[24.782851,42.195226]]]},"properties":{"num":1}},{"type":"Feature","geometry":{"type":"Polygon","coordinates":[[[24.782573,42.195252],[24.782645,42.195283],[24.782707,42.195207],[24.782745,42.195225],[24.782785,42.195178],[24.782744,42.195158],[24.782775,42.195121],[24.782706,42.195091],[24.782573,42.195252]]]},"properties":{"num":2}},{"type":"Feature","geometry":{"type":"Polygon","coordinates":[[[24.782783,42.195312],[24.782664,42.19526],[24.782645,42.195283],[24.782762,42.195336],[24.782783,42.195312]]]},"properties":{"num":3}},{"type":"Feature","geometry":{"type":"Polygon","coordinates":[[[24.782604,42.195498],[24.782626,42.195473],[24.782599,42.19546],[24.782635,42.195416],[24.782542,42.195373],[24.782486,42.195443],[24.782604,42.195498]]]},"properties":{"num":1}},{"type":"Feature","geometry":{"type":"Polygon","coordinates":[[[24.782473,42.195372],[24.78251,42.195389],[24.782528,42.195368],[24.782491,42.19535],[24.782473,42.195372]]]},"properties":{"num":2}},{"type":"Feature","geometry":{"type":"Polygon","coordinates":[[[24.782532,42.1953],[24.782572,42.195319],[24.782583,42.195306],[24.782615,42.195319],[24.782623,42.195309],[24.782741,42.19536],[24.782762,42.195336],[24.782573,42.195252],[24.782532,42.1953]]]},"properties":{"num":3}},{"type":"Feature","geometry":{"type":"Polygon","coordinates":[[[24.782826,42.195491],[24.78272,42.195441],[24.782652,42.195521],[24.782759,42.19557],[24.782826,42.195491]]]},"properties":{"num":1}},{"type":"Feature","geometry":{"type":"Polygon","coordinates":[[[24.782809,42.195586],[24.782771,42.195569],[24.782734,42.195612],[24.782771,42.19563],[24.782809,42.195586]]]},"properties":{"num":2}},{"type":"Feature","geometry":{"type":"Polygon","coordinates":[[[24.782891,42.195541],[24.78284,42.195608],[24.782946,42.195657],[24.783008,42.195578],[24.782939,42.195547],[24.78293,42.195558],[24.782891,42.195541]]]},"properties":{"num":1}},{"type":"Feature","geometry":{"type":"Polygon","coordinates":[[[24.782976,42.19562],[24.782997,42.195629],[24.783012,42.195608],[24.782991,42.195599],[24.782976,42.19562]]]},"properties":{"num":2}},{"type":"Feature","geometry":{"type":"Polygon","coordinates":[[[24.782895,42.195634],[24.782883,42.195647],[24.782904,42.195657],[24.782916,42.195643],[24.782895,42.195634]]]},"properties":{"num":3}},{"type":"Feature","geometry":{"type":"Polygon","coordinates":[[[24.782847,42.195665],[24.78286,42.19565],[24.782854,42.195647],[24.782873,42.195623],[24.78284,42.195608],[24.782807,42.195647],[24.782847,42.195665]]]},"properties":{"num":4}},{"type":"Feature","geometry":{"type":"Polygon","coordinates":[[[24.782771,42.19563],[24.782807,42.195647],[24.782845,42.195601],[24.782809,42.195586],[24.782771,42.19563]]]},"properties":{"num":5}},{"type":"Feature","geometry":{"type":"Polygon","coordinates":[[[24.783228,42.195691],[24.783085,42.195625],[24.783028,42.195696],[24.783169,42.195762],[24.783228,42.195691]]]},"properties":{"num":1}},{"type":"Feature","geometry":{"type":"Polygon","coordinates":[[[24.782957,42.195716],[24.782998,42.195736],[24.783078,42.195633],[24.783037,42.195616],[24.782957,42.195716]]]},"properties":{"num":2}},{"type":"Feature","geometry":{"type":"Polygon","coordinates":[[[24.783194,42.195537],[24.783166,42.195566],[24.783275,42.195619],[24.783303,42.195586],[24.783194,42.195537]]]},"properties":{"num":3}},{"type":"Feature","geometry":{"type":"Polygon","coordinates":[[[24.783169,42.195762],[24.783248,42.195798],[24.783307,42.195727],[24.783228,42.195691],[24.783169,42.195762]]]},"properties":{"num":1}},{"type":"Feature","geometry":{"type":"Polygon","coordinates":[[[24.783417,42.195772],[24.783379,42.195751],[24.783284,42.195868],[24.783321,42.195886],[24.783417,42.195772]]]},"properties":{"num":2}},{"type":"Feature","geometry":{"type":"Polygon","coordinates":[[[24.783498,42.195677],[24.783461,42.19566],[24.783382,42.195753],[24.783419,42.19577],[24.783498,42.195677]]]},"properties":{"num":3}},{"type":"Feature","geometry":{"type":"Polygon","coordinates":[[[24.783461,42.19566],[24.783313,42.195591],[24.783292,42.195615],[24.783442,42.195682],[24.783461,42.19566]]]},"properties":{"num":4}},{"type":"Feature","geometry":{"type":"Polygon","coordinates":[[[24.78356,42.195835],[24.783445,42.195784],[24.783383,42.195862],[24.783497,42.195914],[24.78356,42.195835]]]},"properties":{"num":1}},{"type":"Feature","geometry":{"type":"Polygon","coordinates":[[[24.783363,42.195906],[24.783394,42.195867],[24.783383,42.195862],[24.783445,42.195784],[24.783417,42.195772],[24.783321,42.195886],[24.783363,42.195906]]]},"properties":{"num":2}},{"type":"Feature","geometry":{"type":"Polygon","coordinates":[[[24.783498,42.195677],[24.783417,42.195772],[24.78348,42.1958],[24.783483,42.195795],[24.783473,42.195789],[24.783485,42.195774],[24.7835,42.195781],[24.783522,42.195755],[24.783506,42.195748],[24.783528,42.195721],[24.783566,42.195736],[24.783583,42.195717],[24.783498,42.195677]]]},"properties":{"num":3}},{"type":"Feature","geometry":{"type":"Polygon","coordinates":[[[24.783742,42.195857],[24.783667,42.195826],[24.783651,42.195846],[24.783725,42.195877],[24.783742,42.195857]]]},"properties":{"num":4}},{"type":"Feature","geometry":{"type":"Polygon","coordinates":[[[24.78376,42.195833],[24.783686,42.195802],[24.783667,42.195826],[24.783742,42.195857],[24.78376,42.195833]]]},"properties":{"num":5}},{"type":"Feature","geometry":{"type":"Polygon","coordinates":[[[24.783706,42.195777],[24.783686,42.195802],[24.78376,42.195833],[24.783778,42.195808],[24.783706,42.195777]]]},"properties":{"num":6}},{"type":"Feature","geometry":{"type":"Polygon","coordinates":[[[24.783299,42.195965],[24.783232,42.196048],[24.783319,42.196088],[24.783387,42.196005],[24.783299,42.195965]]]},"properties":{"num":1}},{"type":"Feature","geometry":{"type":"Polygon","coordinates":[[[24.783454,42.196005],[24.783432,42.196036],[24.783506,42.196071],[24.783531,42.196041],[24.783454,42.196005]]]},"properties":{"num":2}},{"type":"Feature","geometry":{"type":"Polygon","coordinates":[[[24.783531,42.196041],[24.783506,42.196071],[24.783558,42.196095],[24.783582,42.196065],[24.783531,42.196041]]]},"properties":{"num":3}},{"type":"Feature","geometry":{"type":"Polygon","coordinates":[[[24.783544,42.196121],[24.783418,42.196069],[24.783378,42.196123],[24.783504,42.196175],[24.783544,42.196121]]]},"properties":{"num":4}},{"type":"Feature","geometry":{"type":"Polygon","coordinates":[[[24.783058,42.19597],[24.783157,42.196015],[24.783223,42.195934],[24.783123,42.195889],[24.783058,42.19597]]]},"properties":{"num":1}},{"type":"Feature","geometry":{"type":"Polygon","coordinates":[[[24.78307,42.195889],[24.783107,42.195907],[24.783145,42.19586],[24.783107,42.195841],[24.78307,42.195889]]]},"properties":{"num":2}},{"type":"Feature","geometry":{"type":"Polygon","coordinates":[[[24.783103,42.196094],[24.783144,42.196109],[24.783186,42.196055],[24.783145,42.19604],[24.783103,42.196094]]]},"properties":{"num":3}},{"type":"Feature","geometry":{"type":"Polygon","coordinates":[[[24.783004,42.196119],[24.7831,42.196158],[24.783124,42.196128],[24.783026,42.196088],[24.783004,42.196119]]]},"properties":{"num":4}},{"type":"Feature","geometry":{"type":"Polygon","coordinates":[[[24.782976,42.196084],[24.782959,42.196103],[24.782978,42.196112],[24.782995,42.196093],[24.782976,42.196084]]]},"properties":{"num":5}},{"type":"Feature","geometry":{"type":"Polygon","coordinates":[[[24.782909,42.196088],[24.782955,42.196109],[24.782998,42.196057],[24.782951,42.196037],[24.782909,42.196088]]]},"properties":{"num":6}},{"type":"Feature","geometry":{"type":"Polygon","coordinates":[[[24.782879,42.195889],[24.782959,42.195928],[24.783019,42.195855],[24.782938,42.195817],[24.782879,42.195889]]]},"properties":{"num":1}},{"type":"Feature","geometry":{"type":"Polygon","coordinates":[[[24.782959,42.195928],[24.782934,42.195916],[24.782918,42.195938],[24.782944,42.19595],[24.782959,42.195928]]]},"properties":{"num":2}},{"type":"Feature","geometry":{"type":"Polygon","coordinates":[[[24.782741,42.195978],[24.782788,42.196],[24.782867,42.195903],[24.78282,42.19588],[24.782741,42.195978]]]},"properties":{"num":3}},{"type":"Feature","geometry":{"type":"Polygon","coordinates":[[[24.782805,42.196043],[24.782857,42.196061],[24.782881,42.196028],[24.782829,42.196009],[24.782805,42.196043]]]},"properties":{"num":4}},{"type":"Feature","geometry":{"type":"Polygon","coordinates":[[[24.783107,42.195841],[24.783075,42.195827],[24.783056,42.195851],[24.783089,42.195865],[24.783107,42.195841]]]},"properties":{"num":5}},{"type":"Feature","geometry":{"type":"Polygon","coordinates":[[[24.782681,42.195806],[24.782793,42.195856],[24.782857,42.195773],[24.782749,42.195723],[24.782681,42.195806]]]},"properties":{"num":1}},{"type":"Feature","geometry":{"type":"Polygon","coordinates":[[[24.782515,42.19593],[24.782552,42.195947],[24.782558,42.19594],[24.78259,42.195955],[24.782674,42.195856],[24.782643,42.195842],[24.782669,42.195811],[24.782661,42.195808],[24.782674,42.195792],[24.782643,42.195777],[24.782515,42.19593]]]},"properties":{"num":2}},{"type":"Feature","geometry":{"type":"Polygon","coordinates":[[[24.782496,42.195699],[24.782554,42.195726],[24.782544,42.195738],[24.782582,42.195755],[24.78263,42.195696],[24.782536,42.195653],[24.782496,42.195699]]]},"properties":{"num":1}},{"type":"Feature","geometry":{"type":"Polygon","coordinates":[[[24.782734,42.19567],[24.782692,42.195651],[24.782652,42.195703],[24.782691,42.19572],[24.782734,42.19567]]]},"properties":{"num":2}},{"type":"Feature","geometry":{"type":"Polygon","coordinates":[[[24.782671,42.195641],[24.782641,42.195678],[24.782662,42.195688],[24.782692,42.195651],[24.782671,42.195641]]]},"properties":{"num":3}},{"type":"Feature","geometry":{"type":"Polygon","coordinates":[[[24.782337,42.195867],[24.782445,42.195911],[24.782467,42.195879],[24.78236,42.195835],[24.782337,42.195867]]]},"properties":{"num":4}},{"type":"Feature","geometry":{"type":"Polygon","coordinates":[[[24.782462,42.195603],[24.782376,42.195566],[24.78232,42.195637],[24.782401,42.195676],[24.782462,42.195603]]]},"properties":{"num":1}},{"type":"Feature","geometry":{"type":"Polygon","coordinates":[[[24.78224,42.195774],[24.782203,42.19576],[24.782183,42.195787],[24.78222,42.195801],[24.78224,42.195774]]]},"properties":{"num":3}},{"type":"Feature","geometry":{"type":"Polygon","coordinates":[[[24.801702,42.205075],[24.801796,42.205035],[24.8018,42.205023],[24.801764,42.204977],[24.801724,42.204994],[24.801699,42.204963],[24.801706,42.204959],[24.801681,42.204927],[24.801511,42.205002],[24.801554,42.205055],[24.801583,42.205043],[24.801604,42.20507],[24.801674,42.20504],[24.801702,42.205075]]]},"properties":{"num":1}},{"type":"Feature","geometry":{"type":"Polygon","coordinates":[[[24.800614,42.205209],[24.800561,42.205231],[24.80062,42.205308],[24.800673,42.205286],[24.800614,42.205209]]]},"properties":{"num":1}},{"type":"Feature","geometry":{"type":"Polygon","coordinates":[[[24.801764,42.204869],[24.801835,42.204965],[24.801897,42.204937],[24.801827,42.204843],[24.801764,42.204869]]]},"properties":{"num":1}},{"type":"Feature","geometry":{"type":"Polygon","coordinates":[[[24.786893,42.193837],[24.786927,42.193886],[24.786943,42.19388],[24.786959,42.193906],[24.787028,42.193881],[24.786977,42.193806],[24.786893,42.193837]]]},"properties":{"num":1}},{"type":"Feature","geometry":{"type":"Polygon","coordinates":[[[24.786959,42.193906],[24.786985,42.193945],[24.787022,42.193931],[24.786996,42.193892],[24.786959,42.193906]]]},"properties":{"num":2}},{"type":"Feature","geometry":{"type":"Polygon","coordinates":[[[24.786945,42.193961],[24.786978,42.193991],[24.787121,42.194003],[24.787096,42.193916],[24.786945,42.193961]]]},"properties":{"num":4}},{"type":"Feature","geometry":{"type":"Polygon","coordinates":[[[24.786977,42.193806],[24.787016,42.193863],[24.787058,42.193848],[24.787019,42.19379],[24.786977,42.193806]]]},"properties":{"num":5}},{"type":"Feature","geometry":{"type":"Polygon","coordinates":[[[24.787192,42.193814],[24.787105,42.19381],[24.787094,42.193903],[24.787181,42.193907],[24.787192,42.193814]]]},"properties":{"num":6}},{"type":"Feature","geometry":{"type":"Polygon","coordinates":[[[24.787138,42.193905],[24.787129,42.193977],[24.787172,42.193978],[24.787181,42.193907],[24.787138,42.193905]]]},"properties":{"num":7}},{"type":"Feature","geometry":{"type":"Polygon","coordinates":[[[24.802476,42.204807],[24.802595,42.204761],[24.802575,42.204731],[24.802455,42.20478],[24.802476,42.204807]]]},"properties":{"num":1}},{"type":"Feature","geometry":{"type":"Polygon","coordinates":[[[24.802454,42.204576],[24.802395,42.204606],[24.802421,42.204633],[24.80248,42.204603],[24.802454,42.204576]]]},"properties":{"num":2}},{"type":"Feature","geometry":{"type":"Polygon","coordinates":[[[24.793604,42.202931],[24.793586,42.202911],[24.793579,42.202914],[24.793555,42.20289],[24.793557,42.202881],[24.793542,42.202865],[24.793517,42.202864],[24.793479,42.202884],[24.793474,42.202903],[24.793484,42.202913],[24.793471,42.20292],[24.793465,42.202913],[24.793419,42.202938],[24.793476,42.202999],[24.793604,42.202931]]]},"properties":{"num":1}},{"type":"Feature","geometry":{"type":"Polygon","coordinates":[[[24.801241,42.203381],[24.801277,42.203404],[24.801366,42.203321],[24.801329,42.203299],[24.801241,42.203381]]]},"properties":{"num":1}},{"type":"Feature","geometry":{"type":"Polygon","coordinates":[[[24.801329,42.203299],[24.801366,42.203321],[24.801442,42.203251],[24.801407,42.20323],[24.801329,42.203299]]]},"properties":{"num":2}},{"type":"Feature","geometry":{"type":"Polygon","coordinates":[[[24.801458,42.203422],[24.80141,42.203391],[24.801397,42.203403],[24.801366,42.203383],[24.801313,42.203427],[24.801393,42.203478],[24.801458,42.203422]]]},"properties":{"num":3}},{"type":"Feature","geometry":{"type":"Polygon","coordinates":[[[24.800956,42.203196],[24.800988,42.203172],[24.800973,42.203161],[24.80101,42.203135],[24.800964,42.203103],[24.800895,42.203154],[24.800956,42.203196]]]},"properties":{"num":1}},{"type":"Feature","geometry":{"type":"Polygon","coordinates":[[[24.800964,42.203103],[24.80101,42.203135],[24.80106,42.203095],[24.801016,42.203065],[24.800964,42.203103]]]},"properties":{"num":2}},{"type":"Feature","geometry":{"type":"Polygon","coordinates":[[[24.798134,42.203569],[24.798069,42.203511],[24.798057,42.203519],[24.798024,42.20349],[24.797986,42.203492],[24.797962,42.203507],[24.797953,42.203536],[24.798051,42.203621],[24.798134,42.203569]]]},"properties":{"num":2}},{"type":"Feature","geometry":{"type":"Polygon","coordinates":[[[24.797925,42.203497],[24.797873,42.20345],[24.797818,42.203484],[24.797938,42.203589],[24.797974,42.203567],[24.797908,42.203507],[24.797925,42.203497]]]},"properties":{"num":3}},{"type":"Feature","geometry":{"type":"Polygon","coordinates":[[[24.79339,42.198969],[24.793301,42.198957],[24.793306,42.198936],[24.793244,42.198928],[24.793218,42.199033],[24.793231,42.199035],[24.793221,42.199075],[24.793332,42.19909],[24.79339,42.198969]]]},"properties":{"num":1}},{"type":"Feature","geometry":{"type":"Polygon","coordinates":[[[24.793635,42.198974],[24.793652,42.198901],[24.793594,42.198876],[24.793513,42.198864],[24.793491,42.198951],[24.793635,42.198974]]]},"properties":{"num":1}},{"type":"Feature","geometry":{"type":"Polygon","coordinates":[[[24.799794,42.202366],[24.799833,42.202388],[24.799914,42.202312],[24.799873,42.20229],[24.799794,42.202366]]]},"properties":{"num":1}},{"type":"Feature","geometry":{"type":"Polygon","coordinates":[[[24.799749,42.20241],[24.799786,42.202434],[24.799833,42.202388],[24.799794,42.202366],[24.799749,42.20241]]]},"properties":{"num":3}},{"type":"Feature","geometry":{"type":"Polygon","coordinates":[[[24.783703,42.193767],[24.783679,42.193793],[24.783775,42.193851],[24.783806,42.193822],[24.783703,42.193767]]]},"properties":{"num":1}},{"type":"Feature","geometry":{"type":"Polygon","coordinates":[[[24.784185,42.193936],[24.784143,42.193922],[24.784081,42.194023],[24.784122,42.194037],[24.784185,42.193936]]]},"properties":{"num":2}},{"type":"Feature","geometry":{"type":"Polygon","coordinates":[[[24.784453,42.19411],[24.784262,42.194049],[24.784214,42.194127],[24.784401,42.194191],[24.784453,42.19411]]]},"properties":{"num":1}},{"type":"Feature","geometry":{"type":"Polygon","coordinates":[[[24.784282,42.194056],[24.784326,42.193986],[24.784191,42.193939],[24.784107,42.194072],[24.784205,42.194106],[24.784189,42.194111],[24.784184,42.194122],[24.784192,42.19413],[24.784205,42.194131],[24.784214,42.194127],[24.784262,42.194049],[24.784282,42.194056]]]},"properties":{"num":2}},{"type":"Feature","geometry":{"type":"Polygon","coordinates":[[[24.784282,42.194056],[24.784332,42.194072],[24.78435,42.194045],[24.784299,42.194028],[24.784282,42.194056]]]},"properties":{"num":4}},{"type":"Feature","geometry":{"type":"Polygon","coordinates":[[[24.784398,42.194062],[24.78435,42.194045],[24.784332,42.194072],[24.784382,42.194088],[24.784398,42.194062]]]},"properties":{"num":5}},{"type":"Feature","geometry":{"type":"Polygon","coordinates":[[[24.78456,42.194138],[24.784533,42.194129],[24.784507,42.194168],[24.784534,42.194178],[24.78456,42.194138]]]},"properties":{"num":6}},{"type":"Feature","geometry":{"type":"Polygon","coordinates":[[[24.7845,42.194222],[24.784471,42.194212],[24.784451,42.194214],[24.784446,42.194222],[24.784415,42.19423],[24.7844,42.194253],[24.784412,42.194276],[24.784457,42.194289],[24.7845,42.194222]]]},"properties":{"num":7}},{"type":"Feature","geometry":{"type":"Polygon","coordinates":[[[24.784651,42.194425],[24.784693,42.194449],[24.784734,42.194445],[24.784738,42.194474],[24.784811,42.19451],[24.784859,42.194457],[24.784829,42.194445],[24.784835,42.194436],[24.784772,42.194411],[24.784706,42.194375],[24.784651,42.194425]]]},"properties":{"num":1}},{"type":"Feature","geometry":{"type":"Polygon","coordinates":[[[24.784888,42.194467],[24.784859,42.194457],[24.784811,42.19451],[24.784829,42.194519],[24.784857,42.194517],[24.784888,42.194467]]]},"properties":{"num":2}},{"type":"Feature","geometry":{"type":"Polygon","coordinates":[[[24.784792,42.194394],[24.784772,42.194411],[24.784835,42.194436],[24.784829,42.194445],[24.784888,42.194467],[24.784909,42.194435],[24.784792,42.194394]]]},"properties":{"num":3}},{"type":"Feature","geometry":{"type":"Polygon","coordinates":[[[24.78473,42.194359],[24.78472,42.194372],[24.784766,42.194395],[24.784775,42.194384],[24.78473,42.194359]]]},"properties":{"num":4}},{"type":"Feature","geometry":{"type":"Polygon","coordinates":[[[24.784703,42.194306],[24.784668,42.194346],[24.78472,42.194372],[24.784754,42.194328],[24.784703,42.194306]]]},"properties":{"num":5}},{"type":"Feature","geometry":{"type":"Polygon","coordinates":[[[24.784663,42.193756],[24.78465,42.193762],[24.784634,42.193786],[24.784635,42.193796],[24.784607,42.193802],[24.784575,42.193853],[24.784665,42.193886],[24.784681,42.193881],[24.784699,42.193855],[24.784694,42.193841],[24.784706,42.193823],[24.784719,42.193825],[24.784745,42.193785],[24.784739,42.193773],[24.784709,42.193762],[24.784693,42.193764],[24.784663,42.193756]]]},"properties":{"num":1}},{"type":"Feature","geometry":{"type":"Polygon","coordinates":[[[24.800678,42.201908],[24.80069,42.201921],[24.800714,42.201911],[24.800703,42.201898],[24.800678,42.201908]]]},"properties":{"num":1}},{"type":"Feature","geometry":{"type":"Polygon","coordinates":[[[24.796131,42.202429],[24.796069,42.202373],[24.796042,42.202387],[24.796025,42.202387],[24.795954,42.202431],[24.796023,42.202494],[24.796131,42.202429]]]},"properties":{"num":1}},{"type":"Feature","geometry":{"type":"Polygon","coordinates":[[[24.799269,42.199959],[24.799253,42.199976],[24.799295,42.199998],[24.799311,42.199982],[24.799269,42.199959]]]},"properties":{"num":1}},{"type":"Feature","geometry":{"type":"Polygon","coordinates":[[[24.799381,42.19995],[24.799433,42.199885],[24.799387,42.199865],[24.79937,42.199888],[24.799349,42.199879],[24.799329,42.199903],[24.79935,42.199913],[24.799336,42.199931],[24.799381,42.19995]]]},"properties":{"num":2}},{"type":"Feature","geometry":{"type":"Polygon","coordinates":[[[24.799523,42.200012],[24.799558,42.199969],[24.799515,42.199949],[24.799477,42.199991],[24.799523,42.200012]]]},"properties":{"num":3}},{"type":"Feature","geometry":{"type":"Polygon","coordinates":[[[24.798081,42.202541],[24.79805,42.202513],[24.797977,42.202558],[24.798067,42.202638],[24.79813,42.202599],[24.798072,42.202547],[24.798081,42.202541]]]},"properties":{"num":2}},{"type":"Feature","geometry":{"type":"Polygon","coordinates":[[[24.798793,42.199306],[24.798672,42.19925],[24.798614,42.19932],[24.798806,42.199408],[24.798853,42.199352],[24.798783,42.199318],[24.798793,42.199306]]]},"properties":{"num":1}},{"type":"Feature","geometry":{"type":"Polygon","coordinates":[[[24.787524,42.198643],[24.787634,42.198654],[24.787645,42.198578],[24.787536,42.198567],[24.787524,42.198643]]]},"properties":{"num":1}},{"type":"Feature","geometry":{"type":"Polygon","coordinates":[[[24.787672,42.198469],[24.787585,42.19846],[24.787581,42.198482],[24.787684,42.198492],[24.787688,42.198476],[24.787671,42.198474],[24.787672,42.198469]]]},"properties":{"num":2}},{"type":"Feature","geometry":{"type":"Polygon","coordinates":[[[24.795332,42.198748],[24.795305,42.198666],[24.795229,42.198681],[24.795256,42.198763],[24.795332,42.198748]]]},"properties":{"num":1}},{"type":"Feature","geometry":{"type":"Polygon","coordinates":[[[24.795315,42.19865],[24.795294,42.198544],[24.795213,42.198554],[24.795237,42.19866],[24.795315,42.19865]]]},"properties":{"num":2}},{"type":"Feature","geometry":{"type":"Polygon","coordinates":[[[24.792321,42.198324],[24.792381,42.198326],[24.792381,42.198268],[24.792317,42.19827],[24.792321,42.198324]]]},"properties":{"num":1}},{"type":"Feature","geometry":{"type":"Polygon","coordinates":[[[24.785328,42.196139],[24.785453,42.196211],[24.785503,42.196169],[24.785378,42.196097],[24.785328,42.196139]]]},"properties":{"num":1}},{"type":"Feature","geometry":{"type":"Polygon","coordinates":[[[24.784958,42.195224],[24.78495,42.195212],[24.784985,42.195197],[24.784969,42.195175],[24.784951,42.195182],[24.784927,42.19515],[24.78484,42.195188],[24.784869,42.195226],[24.784879,42.195229],[24.784896,42.19525],[24.784958,42.195224]]]},"properties":{"num":1}},{"type":"Feature","geometry":{"type":"Polygon","coordinates":[[[24.784723,42.195163],[24.784755,42.195132],[24.784687,42.195091],[24.784659,42.195125],[24.784723,42.195163]]]},"properties":{"num":2}},{"type":"Feature","geometry":{"type":"Polygon","coordinates":[[[24.784785,42.195198],[24.78481,42.195189],[24.784822,42.195207],[24.784828,42.195205],[24.784845,42.195225],[24.784869,42.195226],[24.78484,42.195188],[24.784824,42.195145],[24.784796,42.195157],[24.784755,42.195132],[24.784723,42.195163],[24.784785,42.195198]]]},"properties":{"num":3}},{"type":"Feature","geometry":{"type":"Polygon","coordinates":[[[24.784892,42.195165],[24.784864,42.195124],[24.784824,42.195145],[24.78484,42.195188],[24.784892,42.195165]]]},"properties":{"num":4}},{"type":"Feature","geometry":{"type":"Polygon","coordinates":[[[24.784949,42.195228],[24.784907,42.195245],[24.784955,42.195289],[24.784992,42.195267],[24.784949,42.195228]]]},"properties":{"num":5}},{"type":"Feature","geometry":{"type":"Polygon","coordinates":[[[24.784992,42.195267],[24.784955,42.195289],[24.785004,42.195335],[24.785042,42.195317],[24.784992,42.195267]]]},"properties":{"num":6}},{"type":"Feature","geometry":{"type":"Polygon","coordinates":[[[24.785092,42.19539],[24.78511,42.195374],[24.78509,42.19536],[24.785069,42.195377],[24.785092,42.19539]]]},"properties":{"num":7}},{"type":"Feature","geometry":{"type":"Polygon","coordinates":[[[24.785007,42.194976],[24.785093,42.1949],[24.785016,42.194854],[24.784981,42.194859],[24.784964,42.194878],[24.785021,42.19491],[24.784971,42.194958],[24.785007,42.194976]]]},"properties":{"num":1}},{"type":"Feature","geometry":{"type":"Polygon","coordinates":[[[24.793779,42.198205],[24.793704,42.198295],[24.793799,42.19834],[24.793877,42.198252],[24.793779,42.198205]]]},"properties":{"num":1}},{"type":"Feature","geometry":{"type":"Polygon","coordinates":[[[24.793693,42.198384],[24.793734,42.198356],[24.793667,42.198304],[24.793626,42.198332],[24.793693,42.198384]]]},"properties":{"num":2}},{"type":"Feature","geometry":{"type":"Polygon","coordinates":[[[24.794059,42.198131],[24.793988,42.198095],[24.793892,42.198199],[24.793963,42.198237],[24.794059,42.198131]]]},"properties":{"num":3}},{"type":"Feature","geometry":{"type":"Polygon","coordinates":[[[24.796639,42.196318],[24.796564,42.196308],[24.796567,42.196297],[24.796519,42.19629],[24.796498,42.196375],[24.796619,42.196392],[24.796639,42.196318]]]},"properties":{"num":1}},{"type":"Feature","geometry":{"type":"Polygon","coordinates":[[[24.796078,42.198569],[24.79609,42.198552],[24.796065,42.198484],[24.796044,42.198473],[24.795919,42.198499],[24.795954,42.198595],[24.796078,42.198569]]]},"properties":{"num":1}},{"type":"Feature","geometry":{"type":"Polygon","coordinates":[[[24.790368,42.20012],[24.790325,42.200135],[24.790366,42.200211],[24.790409,42.200198],[24.790368,42.20012]]]},"properties":{"num":1}},{"type":"Feature","geometry":{"type":"Polygon","coordinates":[[[24.796396,42.196396],[24.796422,42.196311],[24.79638,42.196304],[24.796382,42.196297],[24.796308,42.196287],[24.796291,42.196342],[24.796281,42.196341],[24.796272,42.196375],[24.796396,42.196396]]]},"properties":{"num":1}},{"type":"Feature","geometry":{"type":"Polygon","coordinates":[[[24.79668,42.196709],[24.796646,42.1967],[24.796625,42.196731],[24.796657,42.196744],[24.79668,42.196709]]]},"properties":{"num":1}},{"type":"Feature","geometry":{"type":"Polygon","coordinates":[[[24.791807,42.199918],[24.791784,42.199882],[24.791691,42.199916],[24.79171,42.199953],[24.791807,42.199918]]]},"properties":{"num":1}},{"type":"Feature","geometry":{"type":"Polygon","coordinates":[[[24.79171,42.199953],[24.791691,42.199916],[24.791655,42.199929],[24.791648,42.199917],[24.791614,42.19993],[24.791609,42.199919],[24.791556,42.199938],[24.791584,42.199998],[24.79171,42.199953]]]},"properties":{"num":2}},{"type":"Feature","geometry":{"type":"Polygon","coordinates":[[[24.791516,42.199952],[24.791545,42.200012],[24.791584,42.199998],[24.791556,42.199938],[24.791516,42.199952]]]},"properties":{"num":3}},{"type":"Feature","geometry":{"type":"Polygon","coordinates":[[[24.791418,42.199766],[24.791479,42.199754],[24.791459,42.199701],[24.79139,42.199719],[24.791418,42.199766]]]},"properties":{"num":4}},{"type":"Feature","geometry":{"type":"Polygon","coordinates":[[[24.791368,42.199683],[24.79139,42.199719],[24.791459,42.199701],[24.791461,42.199705],[24.791491,42.199697],[24.791465,42.199653],[24.791368,42.199683]]]},"properties":{"num":5}},{"type":"Feature","geometry":{"type":"Polygon","coordinates":[[[24.791465,42.199653],[24.791491,42.199697],[24.791619,42.199653],[24.791595,42.199613],[24.791465,42.199653]]]},"properties":{"num":6}},{"type":"Feature","geometry":{"type":"Polygon","coordinates":[[[24.799049,42.205541],[24.799049,42.20551],[24.799037,42.20551],[24.799037,42.205486],[24.799026,42.205487],[24.799025,42.205458],[24.799017,42.205452],[24.798976,42.205452],[24.798969,42.205459],[24.798969,42.205487],[24.798922,42.205487],[24.798923,42.205542],[24.799049,42.205541]]]},"properties":{"num":1}},{"type":"Feature","geometry":{"type":"Polygon","coordinates":[[[24.8001,42.205453],[24.800071,42.205393],[24.800018,42.205408],[24.800012,42.205395],[24.799961,42.20541],[24.799996,42.205481],[24.8001,42.205453]]]},"properties":{"num":1}},{"type":"Feature","geometry":{"type":"Polygon","coordinates":[[[24.800293,42.205336],[24.800347,42.205388],[24.80043,42.20534],[24.800384,42.205297],[24.800341,42.205322],[24.800332,42.205313],[24.800293,42.205336]]]},"properties":{"num":1}},{"type":"Feature","geometry":{"type":"Polygon","coordinates":[[[24.801808,42.20359],[24.801744,42.203644],[24.80183,42.2037],[24.801894,42.203646],[24.801808,42.20359]]]},"properties":{"num":1}},{"type":"Feature","geometry":{"type":"Polygon","coordinates":[[[24.801951,42.203482],[24.802053,42.203552],[24.802129,42.203491],[24.802108,42.203476],[24.802119,42.203466],[24.802036,42.203414],[24.801951,42.203482]]]},"properties":{"num":1}},{"type":"Feature","geometry":{"type":"Polygon","coordinates":[[[24.802266,42.203466],[24.802112,42.203358],[24.802069,42.203394],[24.802222,42.203501],[24.802266,42.203466]]]},"properties":{"num":2}},{"type":"Feature","geometry":{"type":"Polygon","coordinates":[[[24.801964,42.203125],[24.802029,42.203168],[24.802103,42.20311],[24.802036,42.203066],[24.801964,42.203125]]]},"properties":{"num":1}},{"type":"Feature","geometry":{"type":"Polygon","coordinates":[[[24.802068,42.203193],[24.802024,42.203165],[24.802,42.203187],[24.802044,42.203213],[24.802068,42.203193]]]},"properties":{"num":2}},{"type":"Feature","geometry":{"type":"Polygon","coordinates":[[[24.795562,42.203907],[24.795689,42.203842],[24.795629,42.20378],[24.795613,42.203776],[24.795554,42.203807],[24.795562,42.203816],[24.795534,42.20383],[24.795531,42.203843],[24.795552,42.203865],[24.795542,42.203871],[24.79554,42.203883],[24.795562,42.203907]]]},"properties":{"num":1}},{"type":"Feature","geometry":{"type":"Polygon","coordinates":[[[24.794974,42.203863],[24.794988,42.203855],[24.794992,42.203859],[24.795111,42.203796],[24.795082,42.203767],[24.795073,42.203772],[24.795046,42.203745],[24.794938,42.203802],[24.794964,42.203829],[24.794949,42.203837],[24.794947,42.203851],[24.794957,42.203862],[24.794974,42.203863]]]},"properties":{"num":1}},{"type":"Feature","geometry":{"type":"Polygon","coordinates":[[[24.795654,42.203533],[24.7957,42.203585],[24.795709,42.20358],[24.795739,42.203614],[24.795768,42.203599],[24.795762,42.203593],[24.795803,42.203571],[24.795763,42.203526],[24.795779,42.203516],[24.795746,42.20348],[24.795685,42.20351],[24.79569,42.203515],[24.795654,42.203533]]]},"properties":{"num":1}},{"type":"Feature","geometry":{"type":"Polygon","coordinates":[[[24.795925,42.203578],[24.795899,42.203551],[24.795717,42.203643],[24.795745,42.203673],[24.795925,42.203578]]]},"properties":{"num":2}},{"type":"Feature","geometry":{"type":"Polygon","coordinates":[[[24.79524,42.19614],[24.795249,42.19611],[24.795089,42.196085],[24.79508,42.196115],[24.79524,42.19614]]]},"properties":{"num":1}},{"type":"Feature","geometry":{"type":"Polygon","coordinates":[[[24.795611,42.196261],[24.795623,42.196226],[24.795647,42.19623],[24.795657,42.196204],[24.795529,42.19618],[24.795507,42.196242],[24.795611,42.196261]]]},"properties":{"num":1}},{"type":"Feature","geometry":{"type":"Polygon","coordinates":[[[24.79571,42.196323],[24.795724,42.196282],[24.79538,42.196219],[24.795367,42.19626],[24.79571,42.196323]]]},"properties":{"num":2}},{"type":"Feature","geometry":{"type":"Polygon","coordinates":[[[24.7965,42.201742],[24.796562,42.201802],[24.796635,42.201762],[24.796575,42.201701],[24.7965,42.201742]]]},"properties":{"num":1}},{"type":"Feature","geometry":{"type":"Polygon","coordinates":[[[24.796635,42.201762],[24.796671,42.201743],[24.796648,42.201718],[24.796611,42.201738],[24.796635,42.201762]]]},"properties":{"num":2}},{"type":"Feature","geometry":{"type":"Polygon","coordinates":[[[24.79692,42.201883],[24.796977,42.20184],[24.796963,42.201829],[24.796991,42.201809],[24.796962,42.201786],[24.796973,42.201779],[24.796925,42.201741],[24.796852,42.201794],[24.79686,42.201801],[24.796832,42.20182],[24.79692,42.201883]]]},"properties":{"num":1}},{"type":"Feature","geometry":{"type":"Polygon","coordinates":[[[24.794158,42.20305],[24.794083,42.202979],[24.794043,42.203001],[24.794028,42.202988],[24.793991,42.203009],[24.794082,42.203094],[24.794158,42.20305]]]},"properties":{"num":1}},{"type":"Feature","geometry":{"type":"Polygon","coordinates":[[[24.794023,42.202979],[24.794115,42.202935],[24.794096,42.202912],[24.794004,42.202955],[24.794023,42.202979]]]},"properties":{"num":2}},{"type":"Feature","geometry":{"type":"Polygon","coordinates":[[[24.793972,42.203009],[24.793962,42.202998],[24.794016,42.202971],[24.794004,42.202955],[24.7939,42.203003],[24.793923,42.203032],[24.793972,42.203009]]]},"properties":{"num":3}},{"type":"Feature","geometry":{"type":"Polygon","coordinates":[[[24.793459,42.202612],[24.793493,42.202597],[24.793496,42.202602],[24.793586,42.202557],[24.793581,42.202552],[24.793621,42.202532],[24.793551,42.202455],[24.793511,42.202474],[24.793507,42.20247],[24.793419,42.202513],[24.793423,42.202517],[24.793389,42.202534],[24.793459,42.202612]]]},"properties":{"num":1}},{"type":"Feature","geometry":{"type":"Polygon","coordinates":[[[24.793131,42.202505],[24.793189,42.202565],[24.793292,42.202515],[24.793253,42.202471],[24.793248,42.202473],[24.793237,42.202461],[24.79326,42.202426],[24.793211,42.202408],[24.793189,42.202419],[24.793177,42.20244],[24.793151,42.202432],[24.793086,42.202464],[24.793125,42.202508],[24.793131,42.202505]]]},"properties":{"num":1}},{"type":"Feature","geometry":{"type":"Polygon","coordinates":[[[24.793077,42.202557],[24.793116,42.202601],[24.793189,42.202565],[24.793147,42.202522],[24.793077,42.202557]]]},"properties":{"num":2}},{"type":"Feature","geometry":{"type":"Polygon","coordinates":[[[24.793311,42.202291],[24.793344,42.202274],[24.79335,42.202261],[24.793335,42.202246],[24.793341,42.202237],[24.793315,42.202209],[24.793286,42.2022],[24.793271,42.202207],[24.793241,42.202198],[24.793177,42.202231],[24.793183,42.202252],[24.793172,42.202257],[24.793174,42.202282],[24.793194,42.202301],[24.793208,42.202295],[24.793231,42.202319],[24.793289,42.202289],[24.793292,42.202293],[24.793311,42.202291]]]},"properties":{"num":1}},{"type":"Feature","geometry":{"type":"Polygon","coordinates":[[[24.793054,42.201883],[24.792991,42.20193],[24.793089,42.202025],[24.793152,42.20198],[24.793054,42.201883]]]},"properties":{"num":2}},{"type":"Feature","geometry":{"type":"Polygon","coordinates":[[[24.79361,42.203128],[24.793682,42.203094],[24.793672,42.203083],[24.79372,42.203058],[24.793648,42.20298],[24.79353,42.203042],[24.79361,42.203128]]]},"properties":{"num":1}},{"type":"Feature","geometry":{"type":"Polygon","coordinates":[[[24.792391,42.202209],[24.792325,42.202194],[24.7923,42.202239],[24.792367,42.202255],[24.792391,42.202209]]]},"properties":{"num":1}},{"type":"Feature","geometry":{"type":"Polygon","coordinates":[[[24.793085,42.200955],[24.793195,42.20091],[24.793149,42.200835],[24.793105,42.200852],[24.793092,42.200833],[24.793019,42.200862],[24.793085,42.200955]]]},"properties":{"num":1}},{"type":"Feature","geometry":{"type":"Polygon","coordinates":[[[24.793061,42.200953],[24.793004,42.200884],[24.792933,42.200911],[24.792993,42.200978],[24.793061,42.200953]]]},"properties":{"num":2}},{"type":"Feature","geometry":{"type":"Polygon","coordinates":[[[24.792856,42.200941],[24.79291,42.201008],[24.792993,42.200978],[24.792933,42.200911],[24.792856,42.200941]]]},"properties":{"num":3}},{"type":"Feature","geometry":{"type":"Polygon","coordinates":[[[24.792819,42.200889],[24.792856,42.200941],[24.792899,42.200923],[24.792862,42.200872],[24.792819,42.200889]]]},"properties":{"num":4}},{"type":"Feature","geometry":{"type":"Polygon","coordinates":[[[24.794838,42.199968],[24.794865,42.199952],[24.794841,42.19993],[24.794814,42.199947],[24.794838,42.199968]]]},"properties":{"num":4}},{"type":"Feature","geometry":{"type":"Polygon","coordinates":[[[24.794629,42.199513],[24.794608,42.199533],[24.794635,42.19955],[24.794657,42.199531],[24.794629,42.199513]]]},"properties":{"num":1}},{"type":"Feature","geometry":{"type":"Polygon","coordinates":[[[24.793706,42.200186],[24.793782,42.20027],[24.793878,42.200222],[24.793802,42.200138],[24.793706,42.200186]]]},"properties":{"num":1}},{"type":"Feature","geometry":{"type":"Polygon","coordinates":[[[24.793892,42.200307],[24.793849,42.200261],[24.793805,42.200284],[24.793849,42.20033],[24.793892,42.200307]]]},"properties":{"num":2}},{"type":"Feature","geometry":{"type":"Polygon","coordinates":[[[24.793849,42.20033],[24.793805,42.200284],[24.793798,42.200287],[24.793767,42.200253],[24.793736,42.200265],[24.793814,42.20035],[24.793849,42.20033]]]},"properties":{"num":3}},{"type":"Feature","geometry":{"type":"Polygon","coordinates":[[[24.790906,42.200545],[24.790832,42.200428],[24.790738,42.200461],[24.790767,42.200504],[24.790758,42.200508],[24.790799,42.200573],[24.790845,42.200557],[24.790849,42.200564],[24.790906,42.200545]]]},"properties":{"num":1}},{"type":"Feature","geometry":{"type":"Polygon","coordinates":[[[24.790939,42.200324],[24.790904,42.200336],[24.790929,42.200382],[24.790969,42.200369],[24.790939,42.200324]]]},"properties":{"num":1}},{"type":"Feature","geometry":{"type":"Polygon","coordinates":[[[24.791119,42.20011],[24.791114,42.200101],[24.791166,42.200085],[24.791126,42.200016],[24.79107,42.200034],[24.791075,42.200042],[24.791038,42.200053],[24.791081,42.200123],[24.791119,42.20011]]]},"properties":{"num":1}},{"type":"Feature","geometry":{"type":"Polygon","coordinates":[[[24.791001,42.200154],[24.790938,42.200037],[24.790924,42.200041],[24.790906,42.200007],[24.790842,42.200027],[24.790859,42.20006],[24.790846,42.200064],[24.790908,42.200181],[24.791001,42.200154]]]},"properties":{"num":1}},{"type":"Feature","geometry":{"type":"Polygon","coordinates":[[[24.790844,42.200227],[24.790784,42.200115],[24.79071,42.200136],[24.790689,42.200096],[24.790613,42.200119],[24.790673,42.200231],[24.790747,42.200209],[24.790769,42.200249],[24.790844,42.200227]]]},"properties":{"num":2}},{"type":"Feature","geometry":{"type":"Polygon","coordinates":[[[24.790673,42.200231],[24.790613,42.200119],[24.790536,42.200142],[24.790558,42.200182],[24.790485,42.200204],[24.790546,42.200316],[24.790622,42.200293],[24.7906,42.200253],[24.790673,42.200231]]]},"properties":{"num":1}},{"type":"Feature","geometry":{"type":"Polygon","coordinates":[[[24.790414,42.19954],[24.790443,42.199531],[24.790447,42.199538],[24.790519,42.199517],[24.790471,42.199429],[24.790251,42.199495],[24.790299,42.199582],[24.790418,42.199547],[24.790414,42.19954]]]},"properties":{"num":1}},{"type":"Feature","geometry":{"type":"Polygon","coordinates":[[[24.793824,42.200454],[24.793861,42.20049],[24.793961,42.200432],[24.793924,42.200397],[24.793824,42.200454]]]},"properties":{"num":1}},{"type":"Feature","geometry":{"type":"Polygon","coordinates":[[[24.794101,42.200708],[24.794229,42.200648],[24.794171,42.200579],[24.794096,42.200614],[24.794091,42.200608],[24.794076,42.200605],[24.794041,42.200622],[24.794038,42.200632],[24.794067,42.200667],[24.794051,42.200674],[24.794072,42.200699],[24.794088,42.200692],[24.794101,42.200708]]]},"properties":{"num":2}},{"type":"Feature","geometry":{"type":"Polygon","coordinates":[[[24.796004,42.19604],[24.795458,42.195937],[24.795416,42.196044],[24.795962,42.196145],[24.796004,42.19604]]]},"properties":{"num":1}},{"type":"Feature","geometry":{"type":"Polygon","coordinates":[[[24.796,42.196039],[24.796025,42.19597],[24.795484,42.195868],[24.795458,42.195937],[24.796,42.196039]]]},"properties":{"num":2}},{"type":"Feature","geometry":{"type":"Polygon","coordinates":[[[24.78679,42.197627],[24.786863,42.197596],[24.786819,42.197536],[24.786746,42.197567],[24.78679,42.197627]]]},"properties":{"num":1}},{"type":"Feature","geometry":{"type":"Polygon","coordinates":[[[24.786746,42.197567],[24.786785,42.19755],[24.786752,42.197508],[24.786709,42.197524],[24.786746,42.197567]]]},"properties":{"num":2}},{"type":"Feature","geometry":{"type":"Polygon","coordinates":[[[24.786837,42.197473],[24.786804,42.197486],[24.786833,42.197529],[24.786849,42.197522],[24.78686,42.197535],[24.786877,42.197527],[24.786837,42.197473]]]},"properties":{"num":3}},{"type":"Feature","geometry":{"type":"Polygon","coordinates":[[[24.788085,42.197066],[24.788044,42.19702],[24.788015,42.197035],[24.788056,42.19708],[24.788085,42.197066]]]},"properties":{"num":1}},{"type":"Feature","geometry":{"type":"Polygon","coordinates":[[[24.795162,42.195867],[24.795128,42.19597],[24.795241,42.195989],[24.795275,42.195886],[24.795162,42.195867]]]},"properties":{"num":1}},{"type":"Feature","geometry":{"type":"Polygon","coordinates":[[[24.795292,42.195859],[24.795301,42.19583],[24.795252,42.195821],[24.795243,42.19585],[24.795292,42.195859]]]},"properties":{"num":2}},{"type":"Feature","geometry":{"type":"Polygon","coordinates":[[[24.790363,42.198203],[24.790293,42.19815],[24.790206,42.198214],[24.790277,42.198266],[24.790363,42.198203]]]},"properties":{"num":1}},{"type":"Feature","geometry":{"type":"Polygon","coordinates":[[[24.790251,42.198121],[24.790293,42.19815],[24.790375,42.198086],[24.790335,42.198057],[24.790251,42.198121]]]},"properties":{"num":2}},{"type":"Feature","geometry":{"type":"Polygon","coordinates":[[[24.790221,42.198323],[24.790228,42.198301],[24.790236,42.198302],[24.790243,42.198281],[24.79009,42.198241],[24.790072,42.198257],[24.79007,42.198281],[24.790221,42.198323]]]},"properties":{"num":3}},{"type":"Feature","geometry":{"type":"Polygon","coordinates":[[[24.790458,42.198347],[24.790379,42.198325],[24.79036,42.198364],[24.790441,42.198384],[24.790458,42.198347]]]},"properties":{"num":4}},{"type":"Feature","geometry":{"type":"Polygon","coordinates":[[[24.790494,42.198266],[24.790452,42.198255],[24.79043,42.198301],[24.790472,42.198313],[24.790494,42.198266]]]},"properties":{"num":5}},{"type":"Feature","geometry":{"type":"Polygon","coordinates":[[[24.790108,42.198228],[24.790148,42.198256],[24.790282,42.198158],[24.790241,42.198129],[24.790108,42.198228]]]},"properties":{"num":6}},{"type":"Feature","geometry":{"type":"Polygon","coordinates":[[[24.790728,42.197856],[24.790724,42.197834],[24.790697,42.197811],[24.790644,42.197852],[24.790647,42.197876],[24.790659,42.197877],[24.79069,42.197896],[24.790722,42.197869],[24.790716,42.197865],[24.790728,42.197856]]]},"properties":{"num":1}},{"type":"Feature","geometry":{"type":"Polygon","coordinates":[[[24.79061,42.197829],[24.790644,42.197852],[24.790697,42.197811],[24.790662,42.197788],[24.79061,42.197829]]]},"properties":{"num":2}},{"type":"Feature","geometry":{"type":"Polygon","coordinates":[[[24.796027,42.203456],[24.796083,42.203424],[24.796086,42.203428],[24.79609,42.203425],[24.796161,42.20338],[24.796116,42.203339],[24.79613,42.203332],[24.796127,42.203329],[24.796122,42.203332],[24.796102,42.203312],[24.796014,42.203358],[24.796018,42.203362],[24.795963,42.203393],[24.796027,42.203456]]]},"properties":{"num":1}},{"type":"Feature","geometry":{"type":"Polygon","coordinates":[[[24.788462,42.195075],[24.788541,42.19515],[24.788607,42.195112],[24.78856,42.195067],[24.788537,42.195081],[24.788505,42.19505],[24.788462,42.195075]]]},"properties":{"num":1}},{"type":"Feature","geometry":{"type":"Polygon","coordinates":[[[24.788424,42.195084],[24.788462,42.195062],[24.788418,42.195018],[24.78838,42.19504],[24.788424,42.195084]]]},"properties":{"num":2}},{"type":"Feature","geometry":{"type":"Polygon","coordinates":[[[24.788704,42.195289],[24.788643,42.195228],[24.788599,42.195254],[24.788662,42.195314],[24.788704,42.195289]]]},"properties":{"num":3}},{"type":"Feature","geometry":{"type":"Polygon","coordinates":[[[24.788607,42.195246],[24.788644,42.195223],[24.78856,42.195139],[24.788541,42.19515],[24.788518,42.195128],[24.788498,42.195141],[24.788607,42.195246]]]},"properties":{"num":4}},{"type":"Feature","geometry":{"type":"Polygon","coordinates":[[[24.785859,42.197487],[24.785914,42.197548],[24.785994,42.197508],[24.785938,42.197447],[24.785859,42.197487]]]},"properties":{"num":1}},{"type":"Feature","geometry":{"type":"Polygon","coordinates":[[[24.78588,42.197565],[24.785914,42.197548],[24.785859,42.197487],[24.785822,42.197506],[24.78588,42.197565]]]},"properties":{"num":2}},{"type":"Feature","geometry":{"type":"Polygon","coordinates":[[[24.786206,42.197267],[24.786188,42.197243],[24.786111,42.197272],[24.786125,42.197295],[24.786206,42.197267]]]},"properties":{"num":3}},{"type":"Feature","geometry":{"type":"Polygon","coordinates":[[[24.785705,42.197427],[24.785612,42.197325],[24.785553,42.197351],[24.785641,42.197458],[24.785705,42.197427]]]},"properties":{"num":1}},{"type":"Feature","geometry":{"type":"Polygon","coordinates":[[[24.787402,42.195099],[24.787311,42.195029],[24.787203,42.195107],[24.787285,42.19517],[24.787308,42.195154],[24.787317,42.195161],[24.787402,42.195099]]]},"properties":{"num":1}},{"type":"Feature","geometry":{"type":"Polygon","coordinates":[[[24.783672,42.196524],[24.783586,42.19649],[24.783536,42.196559],[24.783621,42.196593],[24.783672,42.196524]]]},"properties":{"num":1}},{"type":"Feature","geometry":{"type":"Polygon","coordinates":[[[24.786541,42.195358],[24.786441,42.19527],[24.786339,42.195338],[24.786442,42.195423],[24.786541,42.195358]]]},"properties":{"num":5}},{"type":"Feature","geometry":{"type":"Polygon","coordinates":[[[24.786599,42.19521],[24.786568,42.195185],[24.786483,42.195242],[24.786491,42.195249],[24.786449,42.195277],[24.786525,42.195344],[24.786553,42.195325],[24.786533,42.195308],[24.786598,42.195263],[24.786564,42.195235],[24.786599,42.19521]]]},"properties":{"num":6}},{"type":"Feature","geometry":{"type":"Polygon","coordinates":[[[24.786922,42.194701],[24.787013,42.194634],[24.786979,42.194608],[24.786993,42.194598],[24.786969,42.19458],[24.786955,42.19459],[24.786921,42.194564],[24.786884,42.19459],[24.786889,42.194593],[24.786854,42.194618],[24.786858,42.194621],[24.786849,42.194628],[24.786857,42.194663],[24.786879,42.194681],[24.786886,42.194675],[24.786922,42.194701]]]},"properties":{"num":1}},{"type":"Feature","geometry":{"type":"Polygon","coordinates":[[[24.786854,42.19455],[24.786881,42.194574],[24.786968,42.19451],[24.786936,42.194487],[24.786854,42.19455]]]},"properties":{"num":2}},{"type":"Feature","geometry":{"type":"Polygon","coordinates":[[[24.79245,42.200276],[24.792428,42.200246],[24.792385,42.200263],[24.79237,42.200259],[24.792346,42.200269],[24.792342,42.20028],[24.792297,42.200298],[24.79231,42.200315],[24.792303,42.200327],[24.792318,42.200346],[24.792334,42.200348],[24.792357,42.200379],[24.792487,42.200327],[24.792472,42.200305],[24.792476,42.200293],[24.792466,42.20028],[24.79245,42.200276]]]},"properties":{"num":1}},{"type":"Feature","geometry":{"type":"Polygon","coordinates":[[[24.793757,42.197483],[24.793732,42.197509],[24.793761,42.197523],[24.793785,42.197498],[24.793757,42.197483]]]},"properties":{"num":1}},{"type":"Feature","geometry":{"type":"Polygon","coordinates":[[[24.793621,42.197608],[24.793513,42.197556],[24.793449,42.197629],[24.793557,42.197681],[24.793621,42.197608]]]},"properties":{"num":2}},{"type":"Feature","geometry":{"type":"Polygon","coordinates":[[[24.789022,42.195065],[24.788924,42.194974],[24.788829,42.19503],[24.788926,42.195121],[24.789022,42.195065]]]},"properties":{"num":1}},{"type":"Feature","geometry":{"type":"Polygon","coordinates":[[[24.796735,42.195971],[24.796711,42.196038],[24.79684,42.196063],[24.796864,42.195996],[24.796735,42.195971]]]},"properties":{"num":1}},{"type":"Feature","geometry":{"type":"Polygon","coordinates":[[[24.79643,42.195813],[24.79641,42.195876],[24.796455,42.195884],[24.796451,42.195897],[24.796503,42.195907],[24.796508,42.195895],[24.796539,42.195901],[24.79656,42.195837],[24.79643,42.195813]]]},"properties":{"num":1}},{"type":"Feature","geometry":{"type":"Polygon","coordinates":[[[24.79624,42.195859],[24.79626,42.195802],[24.796313,42.195812],[24.79633,42.195764],[24.796337,42.195765],[24.796345,42.195742],[24.796232,42.195719],[24.796223,42.195743],[24.796179,42.195735],[24.796169,42.195768],[24.796149,42.195764],[24.796123,42.195836],[24.79624,42.195859]]]},"properties":{"num":1}},{"type":"Feature","geometry":{"type":"Polygon","coordinates":[[[24.796846,42.196448],[24.796862,42.196398],[24.79682,42.19639],[24.796824,42.19638],[24.79678,42.196372],[24.796751,42.196391],[24.796728,42.196441],[24.796782,42.196452],[24.796784,42.196446],[24.796832,42.196455],[24.796846,42.196448]]]},"properties":{"num":1}},{"type":"Feature","geometry":{"type":"Polygon","coordinates":[[[24.797065,42.196472],[24.797056,42.196499],[24.797092,42.196505],[24.797101,42.196479],[24.797065,42.196472]]]},"properties":{"num":1}},{"type":"Feature","geometry":{"type":"Polygon","coordinates":[[[24.795177,42.204168],[24.795207,42.204198],[24.795193,42.204208],[24.795189,42.204222],[24.795199,42.204235],[24.79522,42.204238],[24.795347,42.20417],[24.79532,42.20414],[24.795308,42.204147],[24.795277,42.204116],[24.795177,42.204168]]]},"properties":{"num":1}},{"type":"Feature","geometry":{"type":"Polygon","coordinates":[[[24.799854,42.205319],[24.799691,42.205167],[24.799649,42.205192],[24.799812,42.205345],[24.799854,42.205319]]]},"properties":{"num":2}},{"type":"Feature","geometry":{"type":"Polygon","coordinates":[[[24.799758,42.205011],[24.799698,42.204965],[24.799578,42.205042],[24.799586,42.205079],[24.799702,42.205081],[24.799752,42.20505],[24.799728,42.205029],[24.799758,42.205011]]]},"properties":{"num":3}},{"type":"Feature","geometry":{"type":"Polygon","coordinates":[[[24.799732,42.202226],[24.799657,42.20229],[24.799709,42.202324],[24.799715,42.202318],[24.79976,42.202346],[24.799827,42.202286],[24.799732,42.202226]]]},"properties":{"num":1}},{"type":"Feature","geometry":{"type":"Polygon","coordinates":[[[24.798881,42.204063],[24.79882,42.204099],[24.79888,42.204155],[24.798979,42.204096],[24.798945,42.204063],[24.798906,42.204086],[24.798881,42.204063]]]},"properties":{"num":1}},{"type":"Feature","geometry":{"type":"Polygon","coordinates":[[[24.798682,42.204359],[24.798828,42.20426],[24.798778,42.204219],[24.798733,42.20425],[24.798705,42.204226],[24.798639,42.204271],[24.798602,42.20424],[24.798566,42.204265],[24.798682,42.204359]]]},"properties":{"num":1}},{"type":"Feature","geometry":{"type":"Polygon","coordinates":[[[24.798642,42.204328],[24.798566,42.204265],[24.798538,42.204284],[24.798615,42.204346],[24.798642,42.204328]]]},"properties":{"num":2}},{"type":"Feature","geometry":{"type":"Polygon","coordinates":[[[24.800231,42.203309],[24.800314,42.203364],[24.800416,42.203285],[24.800332,42.203229],[24.800231,42.203309]]]},"properties":{"num":1}},{"type":"Feature","geometry":{"type":"Polygon","coordinates":[[[24.800044,42.203323],[24.8001,42.203376],[24.800142,42.203352],[24.800135,42.203346],[24.800164,42.203327],[24.800146,42.203307],[24.800115,42.203326],[24.800086,42.203298],[24.800044,42.203323]]]},"properties":{"num":2}},{"type":"Feature","geometry":{"type":"Polygon","coordinates":[[[24.800146,42.203307],[24.800164,42.203327],[24.8002,42.203304],[24.800179,42.203288],[24.800146,42.203307]]]},"properties":{"num":3}},{"type":"Feature","geometry":{"type":"Polygon","coordinates":[[[24.786336,42.194462],[24.786372,42.194436],[24.786299,42.194389],[24.786262,42.194415],[24.786336,42.194462]]]},"properties":{"num":1}},{"type":"Feature","geometry":{"type":"Polygon","coordinates":[[[24.786033,42.194408],[24.786084,42.194443],[24.786187,42.194364],[24.786134,42.194329],[24.786033,42.194408]]]},"properties":{"num":2}},{"type":"Feature","geometry":{"type":"Polygon","coordinates":[[[24.790192,42.196996],[24.790152,42.196859],[24.790052,42.196864],[24.79007,42.196923],[24.790052,42.196926],[24.790079,42.197016],[24.790192,42.196996]]]},"properties":{"num":1}},{"type":"Feature","geometry":{"type":"Polygon","coordinates":[[[24.789788,42.196974],[24.789864,42.196995],[24.789894,42.196927],[24.789817,42.196909],[24.789788,42.196974]]]},"properties":{"num":2}},{"type":"Feature","geometry":{"type":"Polygon","coordinates":[[[24.790835,42.196674],[24.790793,42.196675],[24.790797,42.196748],[24.79084,42.196747],[24.790835,42.196674]]]},"properties":{"num":1}},{"type":"Feature","geometry":{"type":"Polygon","coordinates":[[[24.796912,42.203703],[24.796977,42.203766],[24.79709,42.203703],[24.797024,42.20364],[24.796912,42.203703]]]},"properties":{"num":1}},{"type":"Feature","geometry":{"type":"Polygon","coordinates":[[[24.79718,42.203764],[24.797146,42.203733],[24.797052,42.203782],[24.797085,42.203814],[24.79718,42.203764]]]},"properties":{"num":2}},{"type":"Feature","geometry":{"type":"Polygon","coordinates":[[[24.796812,42.203723],[24.79696,42.203879],[24.796992,42.203863],[24.796847,42.203704],[24.796812,42.203723]]]},"properties":{"num":3}},{"type":"Feature","geometry":{"type":"Polygon","coordinates":[[[24.797561,42.204416],[24.797624,42.204377],[24.797593,42.204351],[24.797578,42.20436],[24.79754,42.204326],[24.797546,42.204322],[24.79751,42.204292],[24.797457,42.204325],[24.797476,42.204341],[24.79744,42.204364],[24.797499,42.204415],[24.797535,42.204393],[24.797561,42.204416]]]},"properties":{"num":1}},{"type":"Feature","geometry":{"type":"Polygon","coordinates":[[[24.797454,42.20416],[24.797433,42.204141],[24.797415,42.204138],[24.797403,42.204145],[24.797372,42.204115],[24.797268,42.204176],[24.797368,42.204268],[24.797471,42.204207],[24.797443,42.204181],[24.797454,42.204174],[24.797454,42.20416]]]},"properties":{"num":1}},{"type":"Feature","geometry":{"type":"Polygon","coordinates":[[[24.791867,42.196536],[24.791869,42.196591],[24.791917,42.196591],[24.791915,42.196535],[24.791867,42.196536]]]},"properties":{"num":1}},{"type":"Feature","geometry":{"type":"Polygon","coordinates":[[[24.791991,42.196533],[24.791992,42.196572],[24.792107,42.196568],[24.792106,42.19653],[24.791991,42.196533]]]},"properties":{"num":2}},{"type":"Feature","geometry":{"type":"Polygon","coordinates":[[[24.792106,42.19653],[24.792107,42.196568],[24.792239,42.196564],[24.792237,42.196527],[24.792106,42.19653]]]},"properties":{"num":3}},{"type":"Feature","geometry":{"type":"Polygon","coordinates":[[[24.795225,42.204075],[24.795159,42.204004],[24.79503,42.204072],[24.795098,42.204143],[24.795225,42.204075]]]},"properties":{"num":1}},{"type":"Feature","geometry":{"type":"Polygon","coordinates":[[[24.79701,42.203107],[24.797096,42.203182],[24.79718,42.203129],[24.797095,42.203054],[24.79701,42.203107]]]},"properties":{"num":1}},{"type":"Feature","geometry":{"type":"Polygon","coordinates":[[[24.797033,42.202999],[24.796928,42.203057],[24.796963,42.203092],[24.797068,42.20303],[24.797033,42.202999]]]},"properties":{"num":2}},{"type":"Feature","geometry":{"type":"Polygon","coordinates":[[[24.797294,42.205543],[24.797155,42.205544],[24.797156,42.205613],[24.797294,42.205612],[24.797294,42.205543]]]},"properties":{"num":2}},{"type":"Feature","geometry":{"type":"Polygon","coordinates":[[[24.795357,42.203134],[24.795482,42.203061],[24.795489,42.203068],[24.79557,42.203021],[24.795532,42.202985],[24.795516,42.202994],[24.795482,42.202961],[24.795417,42.203],[24.795429,42.203011],[24.795413,42.20302],[24.795406,42.203013],[24.79533,42.203057],[24.795338,42.203064],[24.795304,42.203084],[24.795357,42.203134]]]},"properties":{"num":1}},{"type":"Feature","geometry":{"type":"Polygon","coordinates":[[[24.799194,42.204],[24.799267,42.20396],[24.799193,42.203885],[24.799121,42.203925],[24.799194,42.204]]]},"properties":{"num":1}},{"type":"Feature","geometry":{"type":"Polygon","coordinates":[[[24.793536,42.202768],[24.793538,42.202748],[24.793526,42.202734],[24.793501,42.202729],[24.793479,42.202706],[24.793439,42.2027],[24.793345,42.202747],[24.793355,42.202759],[24.79331,42.202781],[24.793341,42.202814],[24.793346,42.202811],[24.79338,42.202848],[24.793536,42.202768]]]},"properties":{"num":1}},{"type":"Feature","geometry":{"type":"Polygon","coordinates":[[[24.796097,42.201354],[24.796161,42.201416],[24.796251,42.201366],[24.796216,42.20133],[24.796197,42.20134],[24.796171,42.201312],[24.796097,42.201354]]]},"properties":{"num":1}},{"type":"Feature","geometry":{"type":"Polygon","coordinates":[[[24.796314,42.201408],[24.796454,42.201337],[24.796401,42.201285],[24.796261,42.201356],[24.796314,42.201408]]]},"properties":{"num":2}},{"type":"Feature","geometry":{"type":"Polygon","coordinates":[[[24.796277,42.201398],[24.796251,42.201366],[24.79618,42.201405],[24.796207,42.201434],[24.796277,42.201398]]]},"properties":{"num":3}},{"type":"Feature","geometry":{"type":"Polygon","coordinates":[[[24.796137,42.201469],[24.796187,42.201443],[24.796159,42.201413],[24.796108,42.201438],[24.796137,42.201469]]]},"properties":{"num":4}},{"type":"Feature","geometry":{"type":"Polygon","coordinates":[[[24.794435,42.200933],[24.79439,42.200947],[24.794385,42.200934],[24.794351,42.200945],[24.794358,42.200957],[24.794308,42.200974],[24.794334,42.201014],[24.794457,42.200969],[24.794435,42.200933]]]},"properties":{"num":1}},{"type":"Feature","geometry":{"type":"Polygon","coordinates":[[[24.794239,42.200918],[24.794309,42.201023],[24.794334,42.201014],[24.794308,42.200974],[24.794327,42.200967],[24.794284,42.200901],[24.794239,42.200918]]]},"properties":{"num":2}},{"type":"Feature","geometry":{"type":"Polygon","coordinates":[[[24.794219,42.200959],[24.794256,42.201016],[24.794295,42.201002],[24.794257,42.200945],[24.794219,42.200959]]]},"properties":{"num":3}},{"type":"Feature","geometry":{"type":"Polygon","coordinates":[[[24.79957,42.203466],[24.799481,42.203381],[24.799428,42.203411],[24.799517,42.203496],[24.79957,42.203466]]]},"properties":{"num":2}},{"type":"Feature","geometry":{"type":"Polygon","coordinates":[[[24.799508,42.203365],[24.799433,42.203293],[24.799354,42.20334],[24.799428,42.203411],[24.799508,42.203365]]]},"properties":{"num":3}},{"type":"Feature","geometry":{"type":"Polygon","coordinates":[[[24.79576,42.202406],[24.795756,42.202402],[24.795785,42.202384],[24.795744,42.202347],[24.795756,42.202339],[24.795728,42.202315],[24.795684,42.202342],[24.79568,42.202339],[24.795611,42.202383],[24.795641,42.202411],[24.795652,42.202405],[24.795695,42.202445],[24.79576,42.202406]]]},"properties":{"num":1}},{"type":"Feature","geometry":{"type":"Polygon","coordinates":[[[24.797297,42.198751],[24.797348,42.198688],[24.797239,42.198639],[24.797227,42.198639],[24.797178,42.198697],[24.797297,42.198751]]]},"properties":{"num":1}},{"type":"Feature","geometry":{"type":"Polygon","coordinates":[[[24.797199,42.198808],[24.797249,42.19883],[24.797272,42.198799],[24.797222,42.198777],[24.797199,42.198808]]]},"properties":{"num":2}},{"type":"Feature","geometry":{"type":"Polygon","coordinates":[[[24.797205,42.198508],[24.797182,42.198544],[24.797261,42.198572],[24.797288,42.198535],[24.797205,42.198508]]]},"properties":{"num":3}},{"type":"Feature","geometry":{"type":"Polygon","coordinates":[[[24.797288,42.198535],[24.797261,42.198572],[24.797374,42.19861],[24.797397,42.198572],[24.797288,42.198535]]]},"properties":{"num":4}},{"type":"Feature","geometry":{"type":"Polygon","coordinates":[[[24.797107,42.198665],[24.797129,42.198672],[24.797141,42.198656],[24.797117,42.198648],[24.797107,42.198665]]]},"properties":{"num":5}},{"type":"Feature","geometry":{"type":"Polygon","coordinates":[[[24.797141,42.198656],[24.797155,42.198638],[24.797129,42.198628],[24.797117,42.198648],[24.797141,42.198656]]]},"properties":{"num":6}},{"type":"Feature","geometry":{"type":"Polygon","coordinates":[[[24.787643,42.197459],[24.787599,42.19748],[24.78762,42.197505],[24.787664,42.197484],[24.787643,42.197459]]]},"properties":{"num":1}},{"type":"Feature","geometry":{"type":"Polygon","coordinates":[[[24.787514,42.1975],[24.787531,42.197518],[24.787592,42.197488],[24.787575,42.197469],[24.787514,42.1975]]]},"properties":{"num":2}},{"type":"Feature","geometry":{"type":"Polygon","coordinates":[[[24.787863,42.197709],[24.78787,42.197704],[24.787828,42.197671],[24.787796,42.197695],[24.787787,42.197689],[24.787721,42.197739],[24.787805,42.197806],[24.787898,42.197737],[24.787863,42.197709]]]},"properties":{"num":1}},{"type":"Feature","geometry":{"type":"Polygon","coordinates":[[[24.787653,42.197942],[24.787697,42.19792],[24.787621,42.197854],[24.787584,42.197874],[24.787653,42.197942]]]},"properties":{"num":2}},{"type":"Feature","geometry":{"type":"Polygon","coordinates":[[[24.787834,42.197785],[24.787858,42.197803],[24.787921,42.197755],[24.787898,42.197737],[24.787834,42.197785]]]},"properties":{"num":3}},{"type":"Feature","geometry":{"type":"Polygon","coordinates":[[[24.792586,42.201492],[24.792511,42.201607],[24.792551,42.201621],[24.792626,42.201506],[24.792586,42.201492]]]},"properties":{"num":1}},{"type":"Feature","geometry":{"type":"Polygon","coordinates":[[[24.792362,42.201556],[24.792474,42.201595],[24.792507,42.201536],[24.792442,42.201514],[24.792426,42.201535],[24.792381,42.20152],[24.792362,42.201556]]]},"properties":{"num":2}},{"type":"Feature","geometry":{"type":"Polygon","coordinates":[[[24.792356,42.20157],[24.792375,42.201531],[24.792309,42.201511],[24.79229,42.201547],[24.792356,42.20157]]]},"properties":{"num":3}},{"type":"Feature","geometry":{"type":"Polygon","coordinates":[[[24.792404,42.201571],[24.792389,42.201594],[24.792419,42.201605],[24.792435,42.201582],[24.792404,42.201571]]]},"properties":{"num":4}},{"type":"Feature","geometry":{"type":"Polygon","coordinates":[[[24.791767,42.200558],[24.791837,42.200547],[24.79181,42.200444],[24.791736,42.200454],[24.791767,42.200558]]]},"properties":{"num":1}},{"type":"Feature","geometry":{"type":"Polygon","coordinates":[[[24.791867,42.200461],[24.791848,42.200386],[24.7918,42.200391],[24.791819,42.200467],[24.791867,42.200461]]]},"properties":{"num":2}},{"type":"Feature","geometry":{"type":"Polygon","coordinates":[[[24.791484,42.20059],[24.791436,42.200605],[24.791474,42.200658],[24.791522,42.200643],[24.791484,42.20059]]]},"properties":{"num":1}},{"type":"Feature","geometry":{"type":"Polygon","coordinates":[[[24.789919,42.19885],[24.789919,42.198811],[24.789834,42.198813],[24.789836,42.198852],[24.789919,42.19885]]]},"properties":{"num":1}},{"type":"Feature","geometry":{"type":"Polygon","coordinates":[[[24.792816,42.197613],[24.792688,42.197604],[24.79268,42.197678],[24.792807,42.197687],[24.792816,42.197613]]]},"properties":{"num":1}},{"type":"Feature","geometry":{"type":"Polygon","coordinates":[[[24.792802,42.197687],[24.792798,42.197715],[24.792868,42.197721],[24.792875,42.197686],[24.792808,42.197681],[24.792807,42.197687],[24.792802,42.197687]]]},"properties":{"num":2}},{"type":"Feature","geometry":{"type":"Polygon","coordinates":[[[24.792649,42.197705],[24.792769,42.197712],[24.792772,42.197685],[24.792653,42.197677],[24.792649,42.197705]]]},"properties":{"num":3}},{"type":"Feature","geometry":{"type":"Polygon","coordinates":[[[24.794492,42.19732],[24.794433,42.197391],[24.794544,42.197441],[24.794602,42.197371],[24.794492,42.19732]]]},"properties":{"num":2}},{"type":"Feature","geometry":{"type":"Polygon","coordinates":[[[24.794712,42.197365],[24.79466,42.197341],[24.794643,42.197361],[24.794695,42.197385],[24.794712,42.197365]]]},"properties":{"num":3}},{"type":"Feature","geometry":{"type":"Polygon","coordinates":[[[24.794565,42.197248],[24.794536,42.197284],[24.794712,42.197365],[24.79474,42.197331],[24.794565,42.197248]]]},"properties":{"num":4}},{"type":"Feature","geometry":{"type":"Polygon","coordinates":[[[24.79487,42.197161],[24.794946,42.197077],[24.794895,42.197056],[24.794825,42.197141],[24.79487,42.197161]]]},"properties":{"num":4}},{"type":"Feature","geometry":{"type":"Polygon","coordinates":[[[24.794979,42.197036],[24.79493,42.197014],[24.794895,42.197056],[24.794946,42.197077],[24.794979,42.197036]]]},"properties":{"num":1}},{"type":"Feature","geometry":{"type":"Polygon","coordinates":[[[24.794948,42.196987],[24.79493,42.197014],[24.794979,42.197036],[24.795,42.197009],[24.794948,42.196987]]]},"properties":{"num":2}},{"type":"Feature","geometry":{"type":"Polygon","coordinates":[[[24.794972,42.196956],[24.794948,42.196987],[24.795,42.197009],[24.795024,42.196978],[24.794972,42.196956]]]},"properties":{"num":3}},{"type":"Feature","geometry":{"type":"Polygon","coordinates":[[[24.794992,42.196783],[24.794932,42.196863],[24.79503,42.196899],[24.795053,42.196867],[24.795033,42.196859],[24.795067,42.196812],[24.794992,42.196783]]]},"properties":{"num":1}},{"type":"Feature","geometry":{"type":"Polygon","coordinates":[[[24.794932,42.196863],[24.79491,42.196894],[24.795049,42.196948],[24.795074,42.196917],[24.794932,42.196863]]]},"properties":{"num":2}},{"type":"Feature","geometry":{"type":"Polygon","coordinates":[[[24.79463,42.197751],[24.7948,42.197804],[24.794816,42.197769],[24.794648,42.197718],[24.79463,42.197751]]]},"properties":{"num":1}},{"type":"Feature","geometry":{"type":"Polygon","coordinates":[[[24.794877,42.197724],[24.794927,42.197739],[24.794962,42.197676],[24.794913,42.19766],[24.794877,42.197724]]]},"properties":{"num":2}},{"type":"Feature","geometry":{"type":"Polygon","coordinates":[[[24.794879,42.197828],[24.794927,42.197739],[24.794877,42.197724],[24.794844,42.197777],[24.794816,42.197769],[24.7948,42.197804],[24.794879,42.197828]]]},"properties":{"num":3}},{"type":"Feature","geometry":{"type":"Polygon","coordinates":[[[24.796597,42.197719],[24.796658,42.197637],[24.796569,42.1976],[24.796508,42.197683],[24.796597,42.197719]]]},"properties":{"num":1}},{"type":"Feature","geometry":{"type":"Polygon","coordinates":[[[24.79527,42.198387],[24.795116,42.198369],[24.795104,42.198419],[24.795259,42.198436],[24.79527,42.198387]]]},"properties":{"num":3}},{"type":"Feature","geometry":{"type":"Polygon","coordinates":[[[24.79506,42.198384],[24.795042,42.198422],[24.795079,42.198434],[24.795097,42.198395],[24.79506,42.198384]]]},"properties":{"num":4}},{"type":"Feature","geometry":{"type":"Polygon","coordinates":[[[24.795073,42.19837],[24.795066,42.198386],[24.795083,42.198391],[24.795091,42.198376],[24.795073,42.19837]]]},"properties":{"num":5}},{"type":"Feature","geometry":{"type":"Polygon","coordinates":[[[24.795039,42.198441],[24.795057,42.198443],[24.795064,42.198429],[24.795042,42.198422],[24.795039,42.198441]]]},"properties":{"num":6}},{"type":"Feature","geometry":{"type":"Polygon","coordinates":[[[24.795245,42.198298],[24.795287,42.198313],[24.795318,42.198264],[24.795278,42.198249],[24.795245,42.198298]]]},"properties":{"num":7}},{"type":"Feature","geometry":{"type":"Polygon","coordinates":[[[24.795322,42.198184],[24.795205,42.198142],[24.795132,42.198256],[24.795245,42.198298],[24.795322,42.198184]]]},"properties":{"num":8}},{"type":"Feature","geometry":{"type":"Polygon","coordinates":[[[24.790889,42.196442],[24.790891,42.196403],[24.790745,42.196403],[24.790739,42.196358],[24.790655,42.19636],[24.790683,42.196446],[24.790889,42.196442]]]},"properties":{"num":1}},{"type":"Feature","geometry":{"type":"Polygon","coordinates":[[[24.798481,42.200993],[24.798383,42.20108],[24.798458,42.201123],[24.798465,42.201117],[24.798511,42.201144],[24.798603,42.201061],[24.798481,42.200993]]]},"properties":{"num":1}},{"type":"Feature","geometry":{"type":"Polygon","coordinates":[[[24.798562,42.201098],[24.798584,42.20111],[24.798615,42.201082],[24.798593,42.20107],[24.798562,42.201098]]]},"properties":{"num":2}},{"type":"Feature","geometry":{"type":"Polygon","coordinates":[[[24.796749,42.197119],[24.796652,42.197083],[24.796649,42.197089],[24.796613,42.197075],[24.79658,42.197122],[24.796587,42.197125],[24.796568,42.197153],[24.796656,42.197185],[24.796659,42.197179],[24.796698,42.197193],[24.796749,42.197119]]]},"properties":{"num":1}},{"type":"Feature","geometry":{"type":"Polygon","coordinates":[[[24.796508,42.197131],[24.796568,42.197153],[24.796587,42.197125],[24.796527,42.197102],[24.796508,42.197131]]]},"properties":{"num":2}},{"type":"Feature","geometry":{"type":"Polygon","coordinates":[[[24.795274,42.195626],[24.795299,42.195631],[24.795288,42.195664],[24.795392,42.195682],[24.795421,42.195591],[24.795309,42.195571],[24.795298,42.195603],[24.795283,42.1956],[24.795274,42.195626]]]},"properties":{"num":1}},{"type":"Feature","geometry":{"type":"Polygon","coordinates":[[[24.790403,42.196418],[24.790347,42.196418],[24.790359,42.19647],[24.790272,42.1965],[24.790263,42.196547],[24.790365,42.196495],[24.790412,42.196479],[24.790403,42.196418]]]},"properties":{"num":1}},{"type":"Feature","geometry":{"type":"Polygon","coordinates":[[[24.790404,42.196359],[24.790328,42.196359],[24.790328,42.196379],[24.79028,42.196379],[24.79028,42.196419],[24.790403,42.196418],[24.790404,42.196359]]]},"properties":{"num":2}},{"type":"Feature","geometry":{"type":"Polygon","coordinates":[[[24.78677,42.196431],[24.786832,42.196403],[24.786762,42.196308],[24.7867,42.196336],[24.78677,42.196431]]]},"properties":{"num":1}},{"type":"Feature","geometry":{"type":"Polygon","coordinates":[[[24.7867,42.196336],[24.786762,42.196308],[24.786731,42.19627],[24.786669,42.196298],[24.7867,42.196336]]]},"properties":{"num":2}},{"type":"Feature","geometry":{"type":"Polygon","coordinates":[[[24.786885,42.196114],[24.786979,42.196166],[24.787067,42.196076],[24.786976,42.196025],[24.786885,42.196114]]]},"properties":{"num":4}},{"type":"Feature","geometry":{"type":"Polygon","coordinates":[[[24.786144,42.196043],[24.786251,42.196007],[24.786225,42.195968],[24.786094,42.196015],[24.786144,42.196043]]]},"properties":{"num":1}},{"type":"Feature","geometry":{"type":"Polygon","coordinates":[[[24.786505,42.195878],[24.786455,42.195895],[24.786477,42.19593],[24.786527,42.195913],[24.786505,42.195878]]]},"properties":{"num":2}},{"type":"Feature","geometry":{"type":"Polygon","coordinates":[[[24.786477,42.19593],[24.786443,42.195874],[24.786354,42.195904],[24.786389,42.195959],[24.786477,42.19593]]]},"properties":{"num":3}},{"type":"Feature","geometry":{"type":"Polygon","coordinates":[[[24.786339,42.195976],[24.786389,42.195959],[24.786354,42.195904],[24.786304,42.19592],[24.786339,42.195976]]]},"properties":{"num":4}},{"type":"Feature","geometry":{"type":"Polygon","coordinates":[[[24.786339,42.195976],[24.786314,42.195937],[24.786225,42.195968],[24.786251,42.196007],[24.786339,42.195976]]]},"properties":{"num":5}},{"type":"Feature","geometry":{"type":"Polygon","coordinates":[[[24.786175,42.195986],[24.786048,42.195831],[24.785996,42.195849],[24.786126,42.196003],[24.786175,42.195986]]]},"properties":{"num":7}},{"type":"Feature","geometry":{"type":"Polygon","coordinates":[[[24.786398,42.195795],[24.786504,42.195857],[24.786573,42.195793],[24.786528,42.195767],[24.786522,42.195773],[24.786502,42.195761],[24.786508,42.195756],[24.786464,42.19573],[24.786398,42.195795]]]},"properties":{"num":8}},{"type":"Feature","geometry":{"type":"Polygon","coordinates":[[[24.78764,42.195502],[24.787537,42.195565],[24.787595,42.195617],[24.787698,42.195554],[24.78764,42.195502]]]},"properties":{"num":1}},{"type":"Feature","geometry":{"type":"Polygon","coordinates":[[[24.787698,42.195554],[24.787595,42.195617],[24.78766,42.195675],[24.787764,42.195613],[24.787698,42.195554]]]},"properties":{"num":2}},{"type":"Feature","geometry":{"type":"Polygon","coordinates":[[[24.795359,42.20044],[24.795329,42.200458],[24.795352,42.20048],[24.795382,42.200462],[24.795359,42.20044]]]},"properties":{"num":1}},{"type":"Feature","geometry":{"type":"Polygon","coordinates":[[[24.795392,42.200518],[24.795422,42.200499],[24.795382,42.200462],[24.795352,42.20048],[24.795392,42.200518]]]},"properties":{"num":2}},{"type":"Feature","geometry":{"type":"Polygon","coordinates":[[[24.799529,42.203814],[24.799454,42.203737],[24.799372,42.203782],[24.799448,42.203858],[24.799529,42.203814]]]},"properties":{"num":1}},{"type":"Feature","geometry":{"type":"Polygon","coordinates":[[[24.799421,42.203924],[24.799483,42.203972],[24.799522,42.203942],[24.799459,42.203894],[24.799421,42.203924]]]},"properties":{"num":2}},{"type":"Feature","geometry":{"type":"Polygon","coordinates":[[[24.799953,42.203707],[24.799814,42.203591],[24.799731,42.203647],[24.79987,42.203762],[24.799953,42.203707]]]},"properties":{"num":1}},{"type":"Feature","geometry":{"type":"Polygon","coordinates":[[[24.791514,42.200022],[24.791493,42.199987],[24.791471,42.199993],[24.791452,42.199961],[24.791366,42.199991],[24.791389,42.200026],[24.791405,42.20002],[24.791426,42.200054],[24.791514,42.200022]]]},"properties":{"num":1}},{"type":"Feature","geometry":{"type":"Polygon","coordinates":[[[24.791234,42.200122],[24.791319,42.200092],[24.791295,42.200055],[24.791215,42.200084],[24.791234,42.200122]]]},"properties":{"num":2}},{"type":"Feature","geometry":{"type":"Polygon","coordinates":[[[24.791362,42.200077],[24.791337,42.200039],[24.791295,42.200055],[24.791319,42.200092],[24.791362,42.200077]]]},"properties":{"num":3}},{"type":"Feature","geometry":{"type":"Polygon","coordinates":[[[24.785276,42.195059],[24.785198,42.195015],[24.78513,42.19508],[24.785207,42.195127],[24.785276,42.195059]]]},"properties":{"num":1}},{"type":"Feature","geometry":{"type":"Polygon","coordinates":[[[24.785161,42.195098],[24.78513,42.19508],[24.785112,42.195097],[24.785063,42.195069],[24.785029,42.195102],[24.78511,42.195149],[24.785161,42.195098]]]},"properties":{"num":2}},{"type":"Feature","geometry":{"type":"Polygon","coordinates":[[[24.78511,42.195149],[24.785029,42.195102],[24.785019,42.195112],[24.785101,42.195158],[24.78511,42.195149]]]},"properties":{"num":3}},{"type":"Feature","geometry":{"type":"Polygon","coordinates":[[[24.785007,42.194976],[24.785049,42.195002],[24.785135,42.194926],[24.785093,42.1949],[24.785007,42.194976]]]},"properties":{"num":4}},{"type":"Feature","geometry":{"type":"Polygon","coordinates":[[[24.785207,42.195127],[24.785234,42.195142],[24.785267,42.195108],[24.785241,42.195093],[24.785207,42.195127]]]},"properties":{"num":1}},{"type":"Feature","geometry":{"type":"Polygon","coordinates":[[[24.78525,42.195243],[24.785293,42.195199],[24.785216,42.195154],[24.785168,42.195196],[24.78525,42.195243]]]},"properties":{"num":2}},{"type":"Feature","geometry":{"type":"Polygon","coordinates":[[[24.785279,42.195261],[24.785349,42.1952],[24.785312,42.195178],[24.78525,42.195243],[24.785279,42.195261]]]},"properties":{"num":3}},{"type":"Feature","geometry":{"type":"Polygon","coordinates":[[[24.785291,42.195178],[24.785277,42.19519],[24.785293,42.195199],[24.785305,42.195186],[24.785291,42.195178]]]},"properties":{"num":4}},{"type":"Feature","geometry":{"type":"Polygon","coordinates":[[[24.792881,42.200715],[24.792837,42.200652],[24.792814,42.20066],[24.792797,42.200636],[24.792769,42.200647],[24.792753,42.200624],[24.792706,42.200642],[24.792783,42.200753],[24.792881,42.200715]]]},"properties":{"num":1}},{"type":"Feature","geometry":{"type":"Polygon","coordinates":[[[24.79297,42.20062],[24.792928,42.200641],[24.792994,42.20072],[24.79304,42.200702],[24.79297,42.20062]]]},"properties":{"num":2}},{"type":"Feature","geometry":{"type":"Polygon","coordinates":[[[24.792698,42.200836],[24.792741,42.200819],[24.792603,42.200673],[24.792564,42.200694],[24.792698,42.200836]]]},"properties":{"num":3}},{"type":"Feature","geometry":{"type":"Polygon","coordinates":[[[24.792525,42.200468],[24.792556,42.200504],[24.792581,42.200492],[24.792584,42.200496],[24.792698,42.20044],[24.792659,42.200384],[24.792633,42.20038],[24.792592,42.200398],[24.792585,42.200388],[24.792539,42.200409],[24.792543,42.200414],[24.792502,42.200433],[24.792498,42.200443],[24.79252,42.20047],[24.792525,42.200468]]]},"properties":{"num":1}},{"type":"Feature","geometry":{"type":"Polygon","coordinates":[[[24.790461,42.196746],[24.790454,42.196682],[24.790378,42.196684],[24.790379,42.196687],[24.790322,42.196691],[24.790324,42.196704],[24.7903,42.196725],[24.790328,42.196741],[24.79033,42.196754],[24.790461,42.196746]]]},"properties":{"num":1}},{"type":"Feature","geometry":{"type":"Polygon","coordinates":[[[24.790829,42.196963],[24.790824,42.196864],[24.790768,42.196865],[24.790771,42.196922],[24.790735,42.196922],[24.790738,42.196963],[24.790829,42.196963]]]},"properties":{"num":1}},{"type":"Feature","geometry":{"type":"Polygon","coordinates":[[[24.790846,42.196848],[24.79084,42.196747],[24.790797,42.196748],[24.790799,42.196785],[24.790788,42.196786],[24.790792,42.19685],[24.790846,42.196848]]]},"properties":{"num":2}},{"type":"Feature","geometry":{"type":"Polygon","coordinates":[[[24.798415,42.203729],[24.798408,42.203722],[24.798335,42.203768],[24.798342,42.203774],[24.798286,42.203809],[24.798385,42.203896],[24.798514,42.203816],[24.798468,42.203775],[24.798469,42.203757],[24.798438,42.20373],[24.798415,42.203729]]]},"properties":{"num":1}},{"type":"Feature","geometry":{"type":"Polygon","coordinates":[[[24.798385,42.203896],[24.798286,42.203809],[24.79829,42.203806],[24.798283,42.203801],[24.798225,42.203838],[24.798275,42.203881],[24.798301,42.203864],[24.798358,42.203914],[24.798385,42.203896]]]},"properties":{"num":2}},{"type":"Feature","geometry":{"type":"Polygon","coordinates":[[[24.798333,42.203701],[24.798257,42.203635],[24.79815,42.203705],[24.798224,42.203769],[24.798333,42.203701]]]},"properties":{"num":1}},{"type":"Feature","geometry":{"type":"Polygon","coordinates":[[[24.791489,42.197658],[24.791485,42.197585],[24.791404,42.197588],[24.791405,42.197618],[24.79136,42.19762],[24.791362,42.197662],[24.791489,42.197658]]]},"properties":{"num":1}},{"type":"Feature","geometry":{"type":"Polygon","coordinates":[[[24.791399,42.197538],[24.791396,42.19745],[24.791344,42.197451],[24.791344,42.197437],[24.791301,42.197439],[24.791301,42.197451],[24.79124,42.197453],[24.791242,42.197505],[24.791251,42.197506],[24.791252,42.197541],[24.791399,42.197538]]]},"properties":{"num":1}},{"type":"Feature","geometry":{"type":"Polygon","coordinates":[[[24.791038,42.197491],[24.791032,42.197437],[24.790894,42.197446],[24.790901,42.197503],[24.791038,42.197491]]]},"properties":{"num":2}},{"type":"Feature","geometry":{"type":"Polygon","coordinates":[[[24.791084,42.19749],[24.791073,42.197435],[24.791032,42.197437],[24.791038,42.197491],[24.791084,42.19749]]]},"properties":{"num":3}},{"type":"Feature","geometry":{"type":"Polygon","coordinates":[[[24.793306,42.197741],[24.793254,42.197733],[24.793253,42.197738],[24.79322,42.197733],[24.793218,42.197739],[24.793202,42.197737],[24.79317,42.197848],[24.79329,42.197866],[24.793313,42.197778],[24.793297,42.197775],[24.793306,42.197741]]]},"properties":{"num":1}},{"type":"Feature","geometry":{"type":"Polygon","coordinates":[[[24.793918,42.197598],[24.79382,42.197557],[24.793766,42.19763],[24.793863,42.19767],[24.793918,42.197598]]]},"properties":{"num":1}},{"type":"Feature","geometry":{"type":"Polygon","coordinates":[[[24.79071,42.197667],[24.790684,42.197579],[24.790555,42.197598],[24.790582,42.197686],[24.79071,42.197667]]]},"properties":{"num":1}},{"type":"Feature","geometry":{"type":"Polygon","coordinates":[[[24.790576,42.197667],[24.790566,42.197633],[24.790507,42.197643],[24.790516,42.197677],[24.790576,42.197667]]]},"properties":{"num":2}},{"type":"Feature","geometry":{"type":"Polygon","coordinates":[[[24.790532,42.197443],[24.790524,42.197406],[24.79044,42.19741],[24.79045,42.197447],[24.790532,42.197443]]]},"properties":{"num":1}},{"type":"Feature","geometry":{"type":"Polygon","coordinates":[[[24.790698,42.197523],[24.790697,42.197442],[24.790575,42.197443],[24.790577,42.197525],[24.790698,42.197523]]]},"properties":{"num":2}},{"type":"Feature","geometry":{"type":"Polygon","coordinates":[[[24.796311,42.198805],[24.796433,42.19878],[24.7964,42.198686],[24.796276,42.198711],[24.796311,42.198805]]]},"properties":{"num":1}},{"type":"Feature","geometry":{"type":"Polygon","coordinates":[[[24.796843,42.198627],[24.796965,42.19854],[24.796863,42.198462],[24.796742,42.198549],[24.796843,42.198627]]]},"properties":{"num":1}},{"type":"Feature","geometry":{"type":"Polygon","coordinates":[[[24.796995,42.198616],[24.796921,42.19859],[24.796898,42.198627],[24.796972,42.198654],[24.796995,42.198616]]]},"properties":{"num":2}},{"type":"Feature","geometry":{"type":"Polygon","coordinates":[[[24.796794,42.198871],[24.796741,42.198853],[24.796707,42.198906],[24.79676,42.198926],[24.796794,42.198871]]]},"properties":{"num":3}},{"type":"Feature","geometry":{"type":"Polygon","coordinates":[[[24.796842,42.198795],[24.796791,42.198775],[24.796741,42.198853],[24.796794,42.198871],[24.796842,42.198795]]]},"properties":{"num":4}},{"type":"Feature","geometry":{"type":"Polygon","coordinates":[[[24.796699,42.199021],[24.796646,42.199002],[24.796637,42.199016],[24.79658,42.198996],[24.796555,42.199034],[24.796658,42.199087],[24.796699,42.199021]]]},"properties":{"num":5}},{"type":"Feature","geometry":{"type":"Polygon","coordinates":[[[24.796637,42.199016],[24.796695,42.198926],[24.796588,42.198888],[24.796565,42.198895],[24.796544,42.198927],[24.796522,42.198919],[24.796492,42.198965],[24.796637,42.199016]]]},"properties":{"num":6}},{"type":"Feature","geometry":{"type":"Polygon","coordinates":[[[24.787101,42.195339],[24.787057,42.195298],[24.787054,42.1953],[24.786992,42.195239],[24.786892,42.195301],[24.787,42.1954],[24.787101,42.195339]]]},"properties":{"num":2}},{"type":"Feature","geometry":{"type":"Polygon","coordinates":[[[24.787365,42.195348],[24.787293,42.195277],[24.787257,42.195298],[24.787249,42.195291],[24.787192,42.195323],[24.787287,42.195416],[24.787362,42.195373],[24.787365,42.195348]]]},"properties":{"num":1}},{"type":"Feature","geometry":{"type":"Polygon","coordinates":[[[24.788496,42.196828],[24.788456,42.196832],[24.788428,42.196843],[24.788412,42.196859],[24.788403,42.196854],[24.788356,42.196873],[24.788299,42.196925],[24.788422,42.197002],[24.788572,42.196873],[24.788496,42.196828]]]},"properties":{"num":1}},{"type":"Feature","geometry":{"type":"Polygon","coordinates":[[[24.79843,42.205335],[24.798379,42.20529],[24.798277,42.205355],[24.798328,42.2054],[24.79843,42.205335]]]},"properties":{"num":1}},{"type":"Feature","geometry":{"type":"Polygon","coordinates":[[[24.798542,42.205462],[24.79845,42.20539],[24.798392,42.205432],[24.798484,42.205503],[24.798542,42.205462]]]},"properties":{"num":2}},{"type":"Feature","geometry":{"type":"Polygon","coordinates":[[[24.787707,42.195255],[24.787651,42.195196],[24.787587,42.195231],[24.787615,42.195256],[24.78758,42.195275],[24.787613,42.195308],[24.787707,42.195255]]]},"properties":{"num":1}},{"type":"Feature","geometry":{"type":"Polygon","coordinates":[[[24.787651,42.195196],[24.787617,42.195164],[24.787553,42.195199],[24.787587,42.195231],[24.787651,42.195196]]]},"properties":{"num":2}},{"type":"Feature","geometry":{"type":"Polygon","coordinates":[[[24.787778,42.19527],[24.787735,42.195225],[24.7877,42.195245],[24.787742,42.195292],[24.787778,42.19527]]]},"properties":{"num":3}},{"type":"Feature","geometry":{"type":"Polygon","coordinates":[[[24.787589,42.19538],[24.787557,42.195347],[24.787463,42.195401],[24.787496,42.195433],[24.787589,42.19538]]]},"properties":{"num":4}},{"type":"Feature","geometry":{"type":"Polygon","coordinates":[[[24.788049,42.195109],[24.787974,42.195023],[24.787928,42.19504],[24.78792,42.195027],[24.787875,42.195044],[24.787868,42.195031],[24.787821,42.195047],[24.787812,42.195034],[24.78774,42.195062],[24.787756,42.195087],[24.787722,42.195106],[24.787712,42.195095],[24.787679,42.195114],[24.787709,42.195156],[24.787805,42.195247],[24.788049,42.195109]]]},"properties":{"num":1}},{"type":"Feature","geometry":{"type":"Polygon","coordinates":[[[24.796339,42.19663],[24.796276,42.196621],[24.796048,42.196955],[24.796373,42.197096],[24.796646,42.1967],[24.796339,42.19663]]]},"properties":{"num":1}},{"type":"Feature","geometry":{"type":"Polygon","coordinates":[[[24.796093,42.196889],[24.795939,42.196834],[24.795927,42.19685],[24.795849,42.196869],[24.796048,42.196955],[24.796093,42.196889]]]},"properties":{"num":2}},{"type":"Feature","geometry":{"type":"Polygon","coordinates":[[[24.795841,42.196827],[24.795734,42.196783],[24.795713,42.196813],[24.795819,42.196857],[24.795841,42.196827]]]},"properties":{"num":3}},{"type":"Feature","geometry":{"type":"Polygon","coordinates":[[[24.796276,42.196621],[24.796144,42.196604],[24.796131,42.196649],[24.796231,42.196687],[24.796276,42.196621]]]},"properties":{"num":4}},{"type":"Feature","geometry":{"type":"Polygon","coordinates":[[[24.784782,42.195341],[24.784842,42.195423],[24.784929,42.195389],[24.784876,42.195304],[24.784782,42.195341]]]},"properties":{"num":1}},{"type":"Feature","geometry":{"type":"Polygon","coordinates":[[[24.795072,42.19675],[24.795023,42.19673],[24.795007,42.196752],[24.795056,42.196772],[24.795072,42.19675]]]},"properties":{"num":1}},{"type":"Feature","geometry":{"type":"Polygon","coordinates":[[[24.795185,42.196688],[24.795073,42.19664],[24.79503,42.196695],[24.795142,42.196743],[24.795185,42.196688]]]},"properties":{"num":2}},{"type":"Feature","geometry":{"type":"Polygon","coordinates":[[[24.794325,42.197828],[24.794266,42.1978],[24.794275,42.197789],[24.794284,42.197794],[24.794312,42.19776],[24.79421,42.197712],[24.794185,42.197742],[24.794176,42.197738],[24.794151,42.197766],[24.794141,42.197762],[24.794139,42.197764],[24.794214,42.197799],[24.794204,42.197812],[24.7943,42.197857],[24.794325,42.197828]]]},"properties":{"num":3}},{"type":"Feature","geometry":{"type":"Polygon","coordinates":[[[24.794092,42.197831],[24.794027,42.197903],[24.794146,42.197962],[24.794208,42.197893],[24.794092,42.197831]]]},"properties":{"num":1}},{"type":"Feature","geometry":{"type":"Polygon","coordinates":[[[24.794181,42.197993],[24.794203,42.197969],[24.794179,42.197957],[24.794157,42.197982],[24.794181,42.197993]]]},"properties":{"num":2}},{"type":"Feature","geometry":{"type":"Polygon","coordinates":[[[24.794139,42.198041],[24.794065,42.198004],[24.794075,42.197993],[24.794027,42.197969],[24.793973,42.19803],[24.794094,42.198092],[24.794139,42.198041]]]},"properties":{"num":1}},{"type":"Feature","geometry":{"type":"Polygon","coordinates":[[[24.796017,42.202292],[24.795974,42.202253],[24.795836,42.202331],[24.79588,42.20237],[24.796017,42.202292]]]},"properties":{"num":1}},{"type":"Feature","geometry":{"type":"Polygon","coordinates":[[[24.796443,42.202227],[24.796207,42.20201],[24.796174,42.202028],[24.796199,42.20205],[24.796069,42.202127],[24.796282,42.202324],[24.796443,42.202227]]]},"properties":{"num":2}},{"type":"Feature","geometry":{"type":"Polygon","coordinates":[[[24.800254,42.2016],[24.800325,42.201554],[24.800223,42.201465],[24.800152,42.201511],[24.800254,42.2016]]]},"properties":{"num":1}},{"type":"Feature","geometry":{"type":"Polygon","coordinates":[[[24.791546,42.196751],[24.791555,42.196864],[24.791623,42.196862],[24.79162,42.196748],[24.791546,42.196751]]]},"properties":{"num":3}},{"type":"Feature","geometry":{"type":"Polygon","coordinates":[[[24.791626,42.197026],[24.791632,42.19711],[24.791703,42.197109],[24.791702,42.197095],[24.791744,42.197093],[24.791739,42.197022],[24.791626,42.197026]]]},"properties":{"num":1}},{"type":"Feature","geometry":{"type":"Polygon","coordinates":[[[24.79156,42.196937],[24.791566,42.197004],[24.791641,42.197],[24.791635,42.196933],[24.79156,42.196937]]]},"properties":{"num":2}},{"type":"Feature","geometry":{"type":"Polygon","coordinates":[[[24.789007,42.197712],[24.788963,42.197688],[24.78886,42.197793],[24.788898,42.197821],[24.789007,42.197712]]]},"properties":{"num":1}},{"type":"Feature","geometry":{"type":"Polygon","coordinates":[[[24.789126,42.197523],[24.789236,42.197581],[24.789269,42.197547],[24.78923,42.197526],[24.789256,42.1975],[24.789185,42.197463],[24.789126,42.197523]]]},"properties":{"num":1}},{"type":"Feature","geometry":{"type":"Polygon","coordinates":[[[24.789103,42.197547],[24.789164,42.19758],[24.789188,42.197556],[24.789126,42.197523],[24.789103,42.197547]]]},"properties":{"num":2}},{"type":"Feature","geometry":{"type":"Polygon","coordinates":[[[24.789239,42.197408],[24.789294,42.197438],[24.78936,42.197369],[24.789305,42.197338],[24.789239,42.197408]]]},"properties":{"num":3}},{"type":"Feature","geometry":{"type":"Polygon","coordinates":[[[24.789385,42.197606],[24.789369,42.197605],[24.789366,42.197615],[24.789343,42.197612],[24.789338,42.197628],[24.789379,42.197635],[24.789385,42.197606]]]},"properties":{"num":4}},{"type":"Feature","geometry":{"type":"Polygon","coordinates":[[[24.789025,42.197626],[24.789073,42.197653],[24.78915,42.197573],[24.789103,42.197547],[24.789025,42.197626]]]},"properties":{"num":5}},{"type":"Feature","geometry":{"type":"Polygon","coordinates":[[[24.786082,42.194767],[24.786048,42.194741],[24.785979,42.194793],[24.786014,42.194819],[24.786082,42.194767]]]},"properties":{"num":1}},{"type":"Feature","geometry":{"type":"Polygon","coordinates":[[[24.785885,42.194591],[24.785814,42.194647],[24.785899,42.194707],[24.785969,42.194653],[24.785885,42.194591]]]},"properties":{"num":1}},{"type":"Feature","geometry":{"type":"Polygon","coordinates":[[[24.785948,42.19471],[24.785996,42.194674],[24.785969,42.194653],[24.78592,42.194691],[24.785948,42.19471]]]},"properties":{"num":2}},{"type":"Feature","geometry":{"type":"Polygon","coordinates":[[[24.785918,42.194756],[24.785939,42.194735],[24.785907,42.194712],[24.785897,42.194721],[24.785881,42.194711],[24.785866,42.194723],[24.785918,42.194756]]]},"properties":{"num":3}},{"type":"Feature","geometry":{"type":"Polygon","coordinates":[[[24.796221,42.204087],[24.796301,42.204171],[24.796324,42.204159],[24.796312,42.204139],[24.79635,42.204119],[24.796285,42.204053],[24.796221,42.204087]]]},"properties":{"num":1}},{"type":"Feature","geometry":{"type":"Polygon","coordinates":[[[24.796233,42.204136],[24.796261,42.204161],[24.796281,42.204151],[24.796255,42.204123],[24.796233,42.204136]]]},"properties":{"num":2}},{"type":"Feature","geometry":{"type":"Polygon","coordinates":[[[24.796473,42.203988],[24.796415,42.203925],[24.796372,42.203949],[24.796432,42.20401],[24.796473,42.203988]]]},"properties":{"num":3}},{"type":"Feature","geometry":{"type":"Polygon","coordinates":[[[24.796521,42.203962],[24.796462,42.203901],[24.796415,42.203925],[24.796473,42.203988],[24.796521,42.203962]]]},"properties":{"num":1}},{"type":"Feature","geometry":{"type":"Polygon","coordinates":[[[24.793235,42.200094],[24.793205,42.200059],[24.793164,42.20008],[24.793138,42.200055],[24.793074,42.200091],[24.793129,42.200149],[24.793235,42.200094]]]},"properties":{"num":1}},{"type":"Feature","geometry":{"type":"Polygon","coordinates":[[[24.792973,42.200177],[24.793037,42.200153],[24.792981,42.200072],[24.792917,42.200094],[24.792973,42.200177]]]},"properties":{"num":2}},{"type":"Feature","geometry":{"type":"Polygon","coordinates":[[[24.793037,42.200153],[24.792973,42.200177],[24.792994,42.200208],[24.793058,42.200185],[24.793037,42.200153]]]},"properties":{"num":3}},{"type":"Feature","geometry":{"type":"Polygon","coordinates":[[[24.793179,42.200034],[24.793146,42.2],[24.793041,42.200058],[24.793074,42.200091],[24.793179,42.200034]]]},"properties":{"num":4}},{"type":"Feature","geometry":{"type":"Polygon","coordinates":[[[24.792813,42.199864],[24.793003,42.199808],[24.79296,42.199726],[24.792769,42.199782],[24.792813,42.199864]]]},"properties":{"num":1}},{"type":"Feature","geometry":{"type":"Polygon","coordinates":[[[24.792732,42.19981],[24.792771,42.199798],[24.792735,42.199743],[24.792696,42.199755],[24.792732,42.19981]]]},"properties":{"num":2}},{"type":"Feature","geometry":{"type":"Polygon","coordinates":[[[24.792917,42.200094],[24.792961,42.200078],[24.792892,42.199973],[24.792847,42.199986],[24.792917,42.200094]]]},"properties":{"num":3}},{"type":"Feature","geometry":{"type":"Polygon","coordinates":[[[24.795858,42.199208],[24.795936,42.19928],[24.796043,42.199216],[24.795965,42.199144],[24.795858,42.199208]]]},"properties":{"num":1}},{"type":"Feature","geometry":{"type":"Polygon","coordinates":[[[24.796375,42.199316],[24.7964,42.199274],[24.796286,42.199234],[24.796251,42.199289],[24.796325,42.199315],[24.796332,42.199301],[24.796375,42.199316]]]},"properties":{"num":1}},{"type":"Feature","geometry":{"type":"Polygon","coordinates":[[[24.796406,42.199264],[24.796384,42.199301],[24.796497,42.19934],[24.79652,42.199303],[24.796406,42.199264]]]},"properties":{"num":2}},{"type":"Feature","geometry":{"type":"Polygon","coordinates":[[[24.796497,42.19934],[24.796475,42.199332],[24.796466,42.199347],[24.796488,42.199355],[24.796497,42.19934]]]},"properties":{"num":3}},{"type":"Feature","geometry":{"type":"Polygon","coordinates":[[[24.79664,42.202632],[24.796572,42.202671],[24.796554,42.202653],[24.796508,42.20268],[24.796521,42.202693],[24.796491,42.202713],[24.796518,42.202744],[24.796553,42.202723],[24.796602,42.202768],[24.796709,42.202707],[24.79664,42.202632]]]},"properties":{"num":1}},{"type":"Feature","geometry":{"type":"Polygon","coordinates":[[[24.796434,42.202411],[24.796288,42.202492],[24.796353,42.202553],[24.796411,42.202517],[24.796389,42.202498],[24.796472,42.202445],[24.796434,42.202411]]]},"properties":{"num":1}},{"type":"Feature","geometry":{"type":"Polygon","coordinates":[[[24.796602,42.202556],[24.796517,42.202482],[24.79646,42.202516],[24.796541,42.202594],[24.796602,42.202556]]]},"properties":{"num":2}},{"type":"Feature","geometry":{"type":"Polygon","coordinates":[[[24.793553,42.19638],[24.793377,42.196369],[24.793366,42.196459],[24.793541,42.196471],[24.793553,42.19638]]]},"properties":{"num":1}},{"type":"Feature","geometry":{"type":"Polygon","coordinates":[[[24.793397,42.196549],[24.793398,42.196495],[24.793294,42.196496],[24.793294,42.196544],[24.793397,42.196549]]]},"properties":{"num":2}},{"type":"Feature","geometry":{"type":"Polygon","coordinates":[[[24.793396,42.196184],[24.793291,42.196166],[24.793291,42.196255],[24.793396,42.196255],[24.793396,42.196184]]]},"properties":{"num":3}},{"type":"Feature","geometry":{"type":"Polygon","coordinates":[[[24.793413,42.196124],[24.79332,42.196109],[24.79329,42.196124],[24.793291,42.196166],[24.793396,42.196184],[24.793413,42.196124]]]},"properties":{"num":4}},{"type":"Feature","geometry":{"type":"Polygon","coordinates":[[[24.793396,42.196303],[24.793396,42.196255],[24.793291,42.196255],[24.793291,42.196302],[24.793396,42.196303]]]},"properties":{"num":5}},{"type":"Feature","geometry":{"type":"Polygon","coordinates":[[[24.790943,42.198638],[24.791041,42.198668],[24.791101,42.198559],[24.791001,42.19853],[24.790943,42.198638]]]},"properties":{"num":1}},{"type":"Feature","geometry":{"type":"Polygon","coordinates":[[[24.791013,42.198467],[24.790968,42.198453],[24.790926,42.198544],[24.790971,42.198557],[24.791013,42.198467]]]},"properties":{"num":2}},{"type":"Feature","geometry":{"type":"Polygon","coordinates":[[[24.790892,42.198619],[24.790932,42.198629],[24.790966,42.198555],[24.790926,42.198544],[24.790892,42.198619]]]},"properties":{"num":4}},{"type":"Feature","geometry":{"type":"Polygon","coordinates":[[[24.79098,42.198429],[24.790968,42.198453],[24.79102,42.198469],[24.790995,42.198512],[24.791082,42.198541],[24.791101,42.19851],[24.791154,42.198527],[24.791203,42.198445],[24.790994,42.198375],[24.79098,42.198429]]]},"properties":{"num":6}},{"type":"Feature","geometry":{"type":"Polygon","coordinates":[[[24.791391,42.198657],[24.791253,42.198616],[24.791212,42.198691],[24.79135,42.198732],[24.791391,42.198657]]]},"properties":{"num":1}},{"type":"Feature","geometry":{"type":"Polygon","coordinates":[[[24.791286,42.198905],[24.791359,42.198778],[24.791284,42.198754],[24.791203,42.198879],[24.791286,42.198905]]]},"properties":{"num":2}},{"type":"Feature","geometry":{"type":"Polygon","coordinates":[[[24.791253,42.198965],[24.791286,42.198905],[24.791203,42.198879],[24.791164,42.198941],[24.791253,42.198965]]]},"properties":{"num":3}},{"type":"Feature","geometry":{"type":"Polygon","coordinates":[[[24.799521,42.204647],[24.79947,42.204607],[24.799438,42.204628],[24.79949,42.20467],[24.799521,42.204647]]]},"properties":{"num":1}},{"type":"Feature","geometry":{"type":"Polygon","coordinates":[[[24.799718,42.204761],[24.799817,42.204697],[24.799792,42.204676],[24.799749,42.204704],[24.799734,42.204691],[24.799687,42.204722],[24.799694,42.204729],[24.799686,42.204735],[24.799718,42.204761]]]},"properties":{"num":2}},{"type":"Feature","geometry":{"type":"Polygon","coordinates":[[[24.7997,42.204603],[24.799653,42.204636],[24.79968,42.204656],[24.7997,42.204641],[24.799743,42.204674],[24.799768,42.204655],[24.7997,42.204603]]]},"properties":{"num":3}},{"type":"Feature","geometry":{"type":"Polygon","coordinates":[[[24.799653,42.204803],[24.799718,42.204761],[24.799686,42.204735],[24.799677,42.204741],[24.799631,42.204704],[24.799577,42.204738],[24.799653,42.204803]]]},"properties":{"num":4}},{"type":"Feature","geometry":{"type":"Polygon","coordinates":[[[24.79947,42.204607],[24.799424,42.204571],[24.799392,42.204591],[24.799438,42.204628],[24.79947,42.204607]]]},"properties":{"num":1}},{"type":"Feature","geometry":{"type":"Polygon","coordinates":[[[24.799375,42.204507],[24.799402,42.204488],[24.799411,42.204495],[24.799446,42.20447],[24.799369,42.204409],[24.799336,42.204431],[24.799327,42.204425],[24.799298,42.204446],[24.799375,42.204507]]]},"properties":{"num":2}},{"type":"Feature","geometry":{"type":"Polygon","coordinates":[[[24.79448,42.197564],[24.794367,42.197512],[24.794293,42.197603],[24.794406,42.197655],[24.79448,42.197564]]]},"properties":{"num":1}},{"type":"Feature","geometry":{"type":"Polygon","coordinates":[[[24.79931,42.203562],[24.799279,42.203532],[24.799295,42.203523],[24.799246,42.203476],[24.799134,42.203541],[24.799052,42.203468],[24.799011,42.203494],[24.799216,42.203672],[24.799288,42.203631],[24.799251,42.203596],[24.79931,42.203562]]]},"properties":{"num":1}},{"type":"Feature","geometry":{"type":"Polygon","coordinates":[[[24.790877,42.197271],[24.790593,42.197276],[24.790595,42.197304],[24.790631,42.197303],[24.790633,42.197331],[24.79088,42.197327],[24.790877,42.197271]]]},"properties":{"num":1}},{"type":"Feature","geometry":{"type":"Polygon","coordinates":[[[24.792718,42.201914],[24.792748,42.201883],[24.792726,42.201873],[24.792725,42.201868],[24.792758,42.201831],[24.792683,42.201794],[24.79268,42.201797],[24.792665,42.201789],[24.792673,42.20178],[24.792632,42.201761],[24.792563,42.201838],[24.792667,42.201894],[24.79267,42.201891],[24.792718,42.201914]]]},"properties":{"num":1}},{"type":"Feature","geometry":{"type":"Polygon","coordinates":[[[24.793332,42.201679],[24.793354,42.201695],[24.793501,42.201723],[24.793517,42.20171],[24.793548,42.201734],[24.793566,42.201721],[24.793584,42.20172],[24.7936,42.201708],[24.793601,42.201695],[24.793624,42.201677],[24.793633,42.201678],[24.793639,42.201634],[24.793669,42.201636],[24.793697,42.201557],[24.79365,42.201547],[24.793648,42.201554],[24.793578,42.20154],[24.793561,42.201582],[24.793571,42.201596],[24.793557,42.201606],[24.79352,42.201599],[24.793507,42.201638],[24.793497,42.201637],[24.793487,42.201665],[24.79338,42.201643],[24.793332,42.201679]]]},"properties":{"num":1}},{"type":"Feature","geometry":{"type":"Polygon","coordinates":[[[24.797448,42.205139],[24.797522,42.205179],[24.797551,42.205149],[24.797436,42.205082],[24.797403,42.205109],[24.797448,42.205139]]]},"properties":{"num":1}},{"type":"Feature","geometry":{"type":"Polygon","coordinates":[[[24.797522,42.205179],[24.797656,42.205256],[24.797696,42.205216],[24.797562,42.205139],[24.797522,42.205179]]]},"properties":{"num":2}},{"type":"Feature","geometry":{"type":"Polygon","coordinates":[[[24.797621,42.20502],[24.797655,42.204992],[24.797602,42.204957],[24.797569,42.204985],[24.797621,42.20502]]]},"properties":{"num":1}},{"type":"Feature","geometry":{"type":"Polygon","coordinates":[[[24.79769,42.204965],[24.79763,42.204925],[24.797595,42.204953],[24.797655,42.204992],[24.79769,42.204965]]]},"properties":{"num":2}},{"type":"Feature","geometry":{"type":"Polygon","coordinates":[[[24.782092,42.201185],[24.781909,42.201179],[24.781905,42.201245],[24.782088,42.201252],[24.782092,42.201185]]]},"properties":{"num":1}},{"type":"Feature","geometry":{"type":"Polygon","coordinates":[[[24.800009,42.204514],[24.799941,42.204451],[24.799841,42.204512],[24.799913,42.204576],[24.800009,42.204514]]]},"properties":{"num":1}},{"type":"Feature","geometry":{"type":"Polygon","coordinates":[[[24.800144,42.204487],[24.80011,42.204458],[24.800085,42.204473],[24.800065,42.204453],[24.800035,42.204472],[24.800056,42.204491],[24.800034,42.204506],[24.800069,42.204536],[24.800144,42.204487]]]},"properties":{"num":2}},{"type":"Feature","geometry":{"type":"Polygon","coordinates":[[[24.799944,42.204615],[24.799887,42.204572],[24.799852,42.204594],[24.79991,42.204638],[24.799944,42.204615]]]},"properties":{"num":3}},{"type":"Feature","geometry":{"type":"Polygon","coordinates":[[[24.800343,42.204363],[24.800258,42.2043],[24.800223,42.204324],[24.800304,42.204387],[24.800343,42.204363]]]},"properties":{"num":2}},{"type":"Feature","geometry":{"type":"Polygon","coordinates":[[[24.800259,42.204356],[24.800183,42.20429],[24.800112,42.204334],[24.800158,42.204375],[24.800136,42.204388],[24.800166,42.204414],[24.800259,42.204356]]]},"properties":{"num":3}},{"type":"Feature","geometry":{"type":"Polygon","coordinates":[[[24.799458,42.205257],[24.799488,42.205237],[24.7995,42.205247],[24.799595,42.205183],[24.799509,42.205118],[24.799406,42.205186],[24.799422,42.205199],[24.799403,42.205211],[24.799458,42.205257]]]},"properties":{"num":2}},{"type":"Feature","geometry":{"type":"Polygon","coordinates":[[[24.79967,42.205464],[24.799765,42.205546],[24.799859,42.205486],[24.799765,42.205404],[24.799737,42.205421],[24.799713,42.205401],[24.799674,42.205425],[24.799698,42.205446],[24.79967,42.205464]]]},"properties":{"num":1}},{"type":"Feature","geometry":{"type":"Polygon","coordinates":[[[24.79779,42.203811],[24.797856,42.203771],[24.797824,42.203742],[24.797838,42.203733],[24.797783,42.203685],[24.797702,42.203733],[24.79779,42.203811]]]},"properties":{"num":1}},{"type":"Feature","geometry":{"type":"Polygon","coordinates":[[[24.797716,42.203882],[24.797688,42.203857],[24.797517,42.203954],[24.797546,42.203978],[24.797716,42.203882]]]},"properties":{"num":2}},{"type":"Feature","geometry":{"type":"Polygon","coordinates":[[[24.797733,42.203794],[24.797673,42.203738],[24.797606,42.203776],[24.797666,42.203833],[24.797733,42.203794]]]},"properties":{"num":1}},{"type":"Feature","geometry":{"type":"Polygon","coordinates":[[[24.792355,42.20185],[24.792239,42.201825],[24.792205,42.201912],[24.792321,42.201936],[24.792355,42.20185]]]},"properties":{"num":1}},{"type":"Feature","geometry":{"type":"Polygon","coordinates":[[[24.792612,42.201937],[24.792511,42.201883],[24.792438,42.201959],[24.79254,42.202012],[24.792612,42.201937]]]},"properties":{"num":1}},{"type":"Feature","geometry":{"type":"Polygon","coordinates":[[[24.78629,42.195141],[24.786206,42.195092],[24.786113,42.19518],[24.786197,42.195229],[24.78629,42.195141]]]},"properties":{"num":1}},{"type":"Feature","geometry":{"type":"Polygon","coordinates":[[[24.786337,42.195303],[24.786309,42.195278],[24.786206,42.195348],[24.786241,42.195369],[24.786337,42.195303]]]},"properties":{"num":2}},{"type":"Feature","geometry":{"type":"Polygon","coordinates":[[[24.786447,42.195229],[24.786413,42.195204],[24.786309,42.195278],[24.786337,42.195303],[24.786447,42.195229]]]},"properties":{"num":3}},{"type":"Feature","geometry":{"type":"Polygon","coordinates":[[[24.786363,42.195063],[24.786291,42.195024],[24.786266,42.195049],[24.786338,42.195089],[24.786363,42.195063]]]},"properties":{"num":4}},{"type":"Feature","geometry":{"type":"Polygon","coordinates":[[[24.786486,42.194922],[24.78631,42.194797],[24.786264,42.194831],[24.786443,42.194955],[24.786486,42.194922]]]},"properties":{"num":5}},{"type":"Feature","geometry":{"type":"Polygon","coordinates":[[[24.786011,42.195236],[24.786071,42.195178],[24.785993,42.195134],[24.785934,42.195192],[24.785958,42.195206],[24.785972,42.195205],[24.785985,42.195212],[24.785987,42.195223],[24.786011,42.195236]]]},"properties":{"num":1}},{"type":"Feature","geometry":{"type":"Polygon","coordinates":[[[24.786041,42.195161],[24.786137,42.195069],[24.786088,42.195041],[24.785993,42.195134],[24.786041,42.195161]]]},"properties":{"num":4}},{"type":"Feature","geometry":{"type":"Polygon","coordinates":[[[24.795698,42.199644],[24.795617,42.199593],[24.795561,42.199643],[24.795582,42.199656],[24.795549,42.199685],[24.795609,42.199722],[24.795698,42.199644]]]},"properties":{"num":1}},{"type":"Feature","geometry":{"type":"Polygon","coordinates":[[[24.795696,42.199697],[24.795663,42.199674],[24.795609,42.199722],[24.795642,42.199743],[24.795696,42.199697]]]},"properties":{"num":2}},{"type":"Feature","geometry":{"type":"Polygon","coordinates":[[[24.80018,42.203103],[24.80014,42.20307],[24.800114,42.203085],[24.800084,42.203059],[24.800034,42.203093],[24.800063,42.203118],[24.79999,42.203163],[24.80003,42.203197],[24.80018,42.203103]]]},"properties":{"num":1}},{"type":"Feature","geometry":{"type":"Polygon","coordinates":[[[24.799928,42.20317],[24.799921,42.203174],[24.799913,42.203166],[24.799897,42.203177],[24.799905,42.203184],[24.79989,42.203194],[24.799906,42.203207],[24.799943,42.203184],[24.799928,42.20317]]]},"properties":{"num":2}},{"type":"Feature","geometry":{"type":"Polygon","coordinates":[[[24.79989,42.202981],[24.799958,42.203038],[24.800023,42.202994],[24.799953,42.202935],[24.79989,42.202981]]]},"properties":{"num":1}},{"type":"Feature","geometry":{"type":"Polygon","coordinates":[[[24.799953,42.202935],[24.799933,42.20292],[24.799893,42.20295],[24.79991,42.202964],[24.799953,42.202935]]]},"properties":{"num":2}},{"type":"Feature","geometry":{"type":"Polygon","coordinates":[[[24.797791,42.201913],[24.797721,42.201851],[24.797641,42.2019],[24.797708,42.201965],[24.797791,42.201913]]]},"properties":{"num":1}},{"type":"Feature","geometry":{"type":"Polygon","coordinates":[[[24.797856,42.2022],[24.797963,42.202139],[24.797928,42.202107],[24.797887,42.202131],[24.79786,42.202106],[24.797796,42.202143],[24.797856,42.2022]]]},"properties":{"num":2}},{"type":"Feature","geometry":{"type":"Polygon","coordinates":[[[24.797973,42.202152],[24.797997,42.202138],[24.797963,42.202107],[24.797942,42.20212],[24.797973,42.202152]]]},"properties":{"num":3}},{"type":"Feature","geometry":{"type":"Polygon","coordinates":[[[24.797463,42.201825],[24.797492,42.201806],[24.797451,42.201761],[24.797422,42.20178],[24.797463,42.201825]]]},"properties":{"num":4}},{"type":"Feature","geometry":{"type":"Polygon","coordinates":[[[24.797874,42.201862],[24.7978,42.201801],[24.797721,42.201851],[24.797791,42.201913],[24.797874,42.201862]]]},"properties":{"num":1}},{"type":"Feature","geometry":{"type":"Polygon","coordinates":[[[24.797648,42.201628],[24.797607,42.201656],[24.797746,42.201773],[24.797758,42.201765],[24.797774,42.201779],[24.797806,42.20176],[24.797648,42.201628]]]},"properties":{"num":2}},{"type":"Feature","geometry":{"type":"Polygon","coordinates":[[[24.79755,42.201694],[24.797672,42.201805],[24.797734,42.201763],[24.797607,42.201656],[24.79755,42.201694]]]},"properties":{"num":3}},{"type":"Feature","geometry":{"type":"Polygon","coordinates":[[[24.789702,42.195578],[24.789668,42.195547],[24.789575,42.1956],[24.78961,42.195632],[24.789702,42.195578]]]},"properties":{"num":1}},{"type":"Feature","geometry":{"type":"Polygon","coordinates":[[[24.789646,42.195677],[24.789617,42.195649],[24.789546,42.19569],[24.789555,42.195699],[24.789523,42.195718],[24.789553,42.195747],[24.789541,42.195754],[24.789585,42.195795],[24.789689,42.195734],[24.789634,42.195683],[24.789646,42.195677]]]},"properties":{"num":2}},{"type":"Feature","geometry":{"type":"Polygon","coordinates":[[[24.789726,42.195846],[24.789708,42.195824],[24.789634,42.195857],[24.789711,42.195931],[24.789763,42.195908],[24.789718,42.19585],[24.789726,42.195846]]]},"properties":{"num":1}},{"type":"Feature","geometry":{"type":"Polygon","coordinates":[[[24.789809,42.195857],[24.789787,42.19583],[24.789724,42.195858],[24.789746,42.195885],[24.789809,42.195857]]]},"properties":{"num":2}},{"type":"Feature","geometry":{"type":"Polygon","coordinates":[[[24.789869,42.195844],[24.789906,42.195825],[24.789863,42.195781],[24.789811,42.19581],[24.789843,42.195843],[24.78986,42.195834],[24.789869,42.195844]]]},"properties":{"num":3}},{"type":"Feature","geometry":{"type":"Polygon","coordinates":[[[24.78998,42.195831],[24.789899,42.195759],[24.789863,42.195781],[24.789937,42.195856],[24.78998,42.195831]]]},"properties":{"num":4}},{"type":"Feature","geometry":{"type":"Polygon","coordinates":[[[24.794196,42.198716],[24.794159,42.198692],[24.794135,42.198712],[24.794171,42.198736],[24.794196,42.198716]]]},"properties":{"num":1}},{"type":"Feature","geometry":{"type":"Polygon","coordinates":[[[24.794098,42.198685],[24.79415,42.198638],[24.794165,42.198648],[24.794186,42.19863],[24.794163,42.198616],[24.794289,42.198504],[24.794164,42.198426],[24.794113,42.198471],[24.794156,42.198496],[24.794081,42.198563],[24.794058,42.19855],[24.794038,42.198567],[24.794053,42.198576],[24.794,42.198623],[24.794098,42.198685]]]},"properties":{"num":2}},{"type":"Feature","geometry":{"type":"Polygon","coordinates":[[[24.790165,42.197639],[24.790064,42.197561],[24.790034,42.197615],[24.790037,42.197622],[24.790097,42.197669],[24.790165,42.197639]]]},"properties":{"num":1}},{"type":"Feature","geometry":{"type":"Polygon","coordinates":[[[24.790354,42.197527],[24.790328,42.197442],[24.790223,42.19746],[24.790249,42.197545],[24.790354,42.197527]]]},"properties":{"num":1}},{"type":"Feature","geometry":{"type":"Polygon","coordinates":[[[24.790328,42.197442],[24.790299,42.197346],[24.790216,42.19736],[24.790224,42.197385],[24.790261,42.197379],[24.790282,42.19745],[24.790328,42.197442]]]},"properties":{"num":2}},{"type":"Feature","geometry":{"type":"Polygon","coordinates":[[[24.794668,42.198938],[24.794444,42.198796],[24.794369,42.198859],[24.794594,42.199001],[24.794668,42.198938]]]},"properties":{"num":1}},{"type":"Feature","geometry":{"type":"Polygon","coordinates":[[[24.794626,42.19883],[24.794498,42.198749],[24.794444,42.198796],[24.794616,42.198905],[24.794646,42.198879],[24.794626,42.19883]]]},"properties":{"num":2}},{"type":"Feature","geometry":{"type":"Polygon","coordinates":[[[24.794779,42.198861],[24.794733,42.198635],[24.794665,42.198646],[24.794713,42.198874],[24.794779,42.198861]]]},"properties":{"num":3}},{"type":"Feature","geometry":{"type":"Polygon","coordinates":[[[24.794733,42.198635],[24.794726,42.198617],[24.794712,42.198621],[24.794695,42.198579],[24.794652,42.198587],[24.794665,42.198646],[24.794733,42.198635]]]},"properties":{"num":4}},{"type":"Feature","geometry":{"type":"Polygon","coordinates":[[[24.794356,42.198819],[24.794294,42.198781],[24.794264,42.198808],[24.794327,42.198847],[24.794356,42.198819]]]},"properties":{"num":5}},{"type":"Feature","geometry":{"type":"Polygon","coordinates":[[[24.794253,42.198755],[24.794206,42.198727],[24.794182,42.198748],[24.794229,42.198777],[24.794253,42.198755]]]},"properties":{"num":6}},{"type":"Feature","geometry":{"type":"Polygon","coordinates":[[[24.792994,42.19708],[24.793015,42.19708],[24.793016,42.197115],[24.793112,42.197114],[24.793111,42.197094],[24.793145,42.197094],[24.793144,42.197028],[24.793077,42.197028],[24.793077,42.197015],[24.792992,42.197017],[24.792994,42.19708]]]},"properties":{"num":1}},{"type":"Feature","geometry":{"type":"Polygon","coordinates":[[[24.79318,42.196996],[24.793179,42.196911],[24.793129,42.196913],[24.793133,42.196996],[24.79318,42.196996]]]},"properties":{"num":2}},{"type":"Feature","geometry":{"type":"Polygon","coordinates":[[[24.793179,42.196874],[24.793097,42.196874],[24.793098,42.196913],[24.793179,42.196911],[24.793179,42.196874]]]},"properties":{"num":3}},{"type":"Feature","geometry":{"type":"Polygon","coordinates":[[[24.792812,42.196931],[24.792683,42.196935],[24.792687,42.197006],[24.792816,42.197001],[24.792812,42.196931]]]},"properties":{"num":1}},{"type":"Feature","geometry":{"type":"Polygon","coordinates":[[[24.799781,42.202882],[24.799747,42.202911],[24.799728,42.202898],[24.799673,42.202944],[24.799754,42.202997],[24.799843,42.202923],[24.799781,42.202882]]]},"properties":{"num":1}},{"type":"Feature","geometry":{"type":"Polygon","coordinates":[[[24.799857,42.202907],[24.799807,42.202953],[24.799839,42.202974],[24.799893,42.20293],[24.799857,42.202907]]]},"properties":{"num":2}},{"type":"Feature","geometry":{"type":"Polygon","coordinates":[[[24.799884,42.204278],[24.799817,42.204225],[24.799676,42.204324],[24.799742,42.204377],[24.799884,42.204278]]]},"properties":{"num":1}},{"type":"Feature","geometry":{"type":"Polygon","coordinates":[[[24.79995,42.20433],[24.799884,42.204278],[24.799742,42.204377],[24.799809,42.204429],[24.79995,42.20433]]]},"properties":{"num":2}},{"type":"Feature","geometry":{"type":"Polygon","coordinates":[[[24.788457,42.195924],[24.788385,42.195861],[24.788307,42.195911],[24.78835,42.195949],[24.788362,42.195942],[24.788389,42.195966],[24.788457,42.195924]]]},"properties":{"num":1}},{"type":"Feature","geometry":{"type":"Polygon","coordinates":[[[24.788274,42.19583],[24.788314,42.195864],[24.788402,42.195805],[24.788361,42.195771],[24.788274,42.19583]]]},"properties":{"num":2}},{"type":"Feature","geometry":{"type":"Polygon","coordinates":[[[24.796997,42.201603],[24.796979,42.201597],[24.796911,42.201642],[24.79692,42.201655],[24.797037,42.201752],[24.797116,42.201698],[24.796997,42.201603]]]},"properties":{"num":1}},{"type":"Feature","geometry":{"type":"Polygon","coordinates":[[[24.797265,42.201685],[24.797219,42.201651],[24.797138,42.201713],[24.797185,42.201747],[24.797265,42.201685]]]},"properties":{"num":2}},{"type":"Feature","geometry":{"type":"Polygon","coordinates":[[[24.797226,42.201656],[24.797265,42.201685],[24.797356,42.201615],[24.797316,42.201578],[24.797253,42.201626],[24.797258,42.20163],[24.797226,42.201656]]]},"properties":{"num":1}},{"type":"Feature","geometry":{"type":"Polygon","coordinates":[[[24.797396,42.201586],[24.797342,42.20154],[24.797304,42.201569],[24.797356,42.201615],[24.797396,42.201586]]]},"properties":{"num":2}},{"type":"Feature","geometry":{"type":"Polygon","coordinates":[[[24.794859,42.2021],[24.794746,42.201988],[24.794692,42.202017],[24.794805,42.202129],[24.794859,42.2021]]]},"properties":{"num":1}},{"type":"Feature","geometry":{"type":"Polygon","coordinates":[[[24.794064,42.199102],[24.793825,42.19895],[24.793673,42.199082],[24.793707,42.199131],[24.793629,42.19916],[24.793717,42.199285],[24.794063,42.199147],[24.794064,42.199102]]]},"properties":{"num":1}},{"type":"Feature","geometry":{"type":"Polygon","coordinates":[[[24.797553,42.205377],[24.797508,42.205347],[24.797498,42.205355],[24.797469,42.205335],[24.797478,42.205328],[24.797438,42.205301],[24.797405,42.20533],[24.797413,42.205335],[24.79737,42.205373],[24.797476,42.205443],[24.797553,42.205377]]]},"properties":{"num":1}},{"type":"Feature","geometry":{"type":"Polygon","coordinates":[[[24.79774,42.205475],[24.797695,42.205443],[24.79766,42.205472],[24.797616,42.205441],[24.797556,42.20549],[24.797644,42.205552],[24.79774,42.205475]]]},"properties":{"num":1}},{"type":"Feature","geometry":{"type":"Polygon","coordinates":[[[24.793357,42.196774],[24.793359,42.196847],[24.793367,42.196847],[24.793371,42.196876],[24.793463,42.196874],[24.79346,42.196854],[24.793513,42.196853],[24.793511,42.196771],[24.793357,42.196774]]]},"properties":{"num":1}},{"type":"Feature","geometry":{"type":"Polygon","coordinates":[[[24.793335,42.196778],[24.793335,42.196742],[24.793296,42.196742],[24.793297,42.196779],[24.793335,42.196778]]]},"properties":{"num":2}},{"type":"Feature","geometry":{"type":"Polygon","coordinates":[[[24.793828,42.196804],[24.793752,42.196813],[24.793758,42.196845],[24.793833,42.196836],[24.793828,42.196804]]]},"properties":{"num":3}},{"type":"Feature","geometry":{"type":"Polygon","coordinates":[[[24.793293,42.196585],[24.793376,42.196588],[24.793378,42.196546],[24.793294,42.196544],[24.793293,42.196585]]]},"properties":{"num":1}},{"type":"Feature","geometry":{"type":"Polygon","coordinates":[[[24.793294,42.196636],[24.79333,42.196637],[24.793333,42.196586],[24.793293,42.196585],[24.793294,42.196636]]]},"properties":{"num":2}},{"type":"Feature","geometry":{"type":"Polygon","coordinates":[[[24.796904,42.204764],[24.796883,42.204776],[24.796939,42.204827],[24.797016,42.20478],[24.796944,42.204712],[24.796886,42.204747],[24.796904,42.204764]]]},"properties":{"num":1}},{"type":"Feature","geometry":{"type":"Polygon","coordinates":[[[24.796967,42.204852],[24.797043,42.204803],[24.797016,42.20478],[24.796939,42.204827],[24.796967,42.204852]]]},"properties":{"num":2}},{"type":"Feature","geometry":{"type":"Polygon","coordinates":[[[24.796834,42.204756],[24.796789,42.20472],[24.796753,42.204742],[24.796798,42.204778],[24.796834,42.204756]]]},"properties":{"num":3}},{"type":"Feature","geometry":{"type":"Polygon","coordinates":[[[24.796682,42.204633],[24.796632,42.204666],[24.796732,42.204754],[24.796789,42.20472],[24.796682,42.204633]]]},"properties":{"num":1}},{"type":"Feature","geometry":{"type":"Polygon","coordinates":[[[24.784948,42.195459],[24.784927,42.195427],[24.784862,42.195451],[24.784882,42.195483],[24.784948,42.195459]]]},"properties":{"num":1}},{"type":"Feature","geometry":{"type":"Polygon","coordinates":[[[24.784948,42.195459],[24.784996,42.195442],[24.784975,42.195409],[24.784927,42.195427],[24.784948,42.195459]]]},"properties":{"num":2}}]}