{"type":"FeatureCollection","features":[{"type":"Feature","geometry":{"type":"Polygon","coordinates":[[[24.787665,42.273225],[24.787661,42.273252],[24.787697,42.273255],[24.787701,42.273228],[24.787665,42.273225]]]},"properties":{"num":1}},{"type":"Feature","geometry":{"type":"Polygon","coordinates":[[[24.792863,42.268068],[24.792855,42.268014],[24.792565,42.268043],[24.792572,42.268097],[24.792863,42.268068]]]},"properties":{"num":1}},{"type":"Feature","geometry":{"type":"Polygon","coordinates":[[[24.792391,42.268244],[24.792366,42.268064],[24.792228,42.268077],[24.792254,42.268256],[24.792391,42.268244]]]},"properties":{"num":2}},{"type":"Feature","geometry":{"type":"Polygon","coordinates":[[[24.792417,42.268422],[24.792391,42.268244],[24.792254,42.268256],[24.792279,42.268434],[24.792417,42.268422]]]},"properties":{"num":3}},{"type":"Feature","geometry":{"type":"Polygon","coordinates":[[[24.79241,42.268676],[24.79237,42.268426],[24.792279,42.268434],[24.792315,42.268684],[24.79241,42.268676]]]},"properties":{"num":4}},{"type":"Feature","geometry":{"type":"Polygon","coordinates":[[[24.789692,42.270092],[24.789392,42.270138],[24.789407,42.270197],[24.789709,42.270151],[24.789692,42.270092]]]},"properties":{"num":1}},{"type":"Feature","geometry":{"type":"Polygon","coordinates":[[[24.789692,42.270092],[24.78956,42.269615],[24.789261,42.26966],[24.789394,42.270138],[24.789692,42.270092]]]},"properties":{"num":2}},{"type":"Feature","geometry":{"type":"Polygon","coordinates":[[[24.78924,42.269585],[24.789821,42.269496],[24.789745,42.269225],[24.789165,42.269314],[24.78924,42.269585]]]},"properties":{"num":3}},{"type":"Feature","geometry":{"type":"Polygon","coordinates":[[[24.788835,42.269148],[24.788769,42.269157],[24.788782,42.269207],[24.788848,42.269197],[24.788835,42.269148]]]},"properties":{"num":4}},{"type":"Feature","geometry":{"type":"Polygon","coordinates":[[[24.789259,42.270219],[24.789247,42.270175],[24.789187,42.270184],[24.789199,42.270228],[24.789259,42.270219]]]},"properties":{"num":5}},{"type":"Feature","geometry":{"type":"Polygon","coordinates":[[[24.794496,42.267339],[24.794226,42.266537],[24.794088,42.266563],[24.794358,42.267364],[24.794496,42.267339]]]},"properties":{"num":1}},{"type":"Feature","geometry":{"type":"Polygon","coordinates":[[[24.795078,42.267708],[24.795076,42.267701],[24.795065,42.267703],[24.794941,42.267294],[24.794827,42.267313],[24.794954,42.267729],[24.795078,42.267708]]]},"properties":{"num":1}},{"type":"Feature","geometry":{"type":"Polygon","coordinates":[[[24.795103,42.267793],[24.795078,42.267708],[24.795016,42.267719],[24.795042,42.267804],[24.795103,42.267793]]]},"properties":{"num":2}},{"type":"Feature","geometry":{"type":"Polygon","coordinates":[[[24.795048,42.268113],[24.795023,42.268028],[24.794987,42.268033],[24.795011,42.268119],[24.795048,42.268113]]]},"properties":{"num":1}},{"type":"Feature","geometry":{"type":"Polygon","coordinates":[[[24.795013,42.268123],[24.794987,42.268033],[24.794918,42.268044],[24.794944,42.268135],[24.795013,42.268123]]]},"properties":{"num":2}},{"type":"Feature","geometry":{"type":"Polygon","coordinates":[[[24.795243,42.268079],[24.795868,42.267975],[24.795852,42.26792],[24.795788,42.26793],[24.795784,42.267917],[24.795313,42.267996],[24.795301,42.267957],[24.795209,42.267971],[24.795243,42.268079]]]},"properties":{"num":1}},{"type":"Feature","geometry":{"type":"Polygon","coordinates":[[[24.795974,42.267957],[24.795958,42.267902],[24.795852,42.26792],[24.795868,42.267975],[24.795974,42.267957]]]},"properties":{"num":1}},{"type":"Feature","geometry":{"type":"Polygon","coordinates":[[[24.795034,42.269365],[24.79514,42.269355],[24.795132,42.269306],[24.795122,42.269306],[24.795117,42.269278],[24.795127,42.269277],[24.79512,42.269233],[24.79506,42.269239],[24.795059,42.269232],[24.795013,42.269236],[24.795014,42.269243],[24.795002,42.269244],[24.79501,42.269288],[24.795021,42.269287],[24.795034,42.269365]]]},"properties":{"num":1}},{"type":"Feature","geometry":{"type":"Polygon","coordinates":[[[24.794027,42.268895],[24.794015,42.268819],[24.793963,42.268823],[24.793958,42.268794],[24.793891,42.2688],[24.793905,42.268885],[24.793969,42.268879],[24.793972,42.2689],[24.794027,42.268895]]]},"properties":{"num":1}},{"type":"Feature","geometry":{"type":"Polygon","coordinates":[[[24.795108,42.268638],[24.795121,42.268728],[24.79522,42.26872],[24.795215,42.268689],[24.795239,42.268687],[24.795234,42.268658],[24.795211,42.26866],[24.795207,42.26863],[24.795108,42.268638]]]},"properties":{"num":1}},{"type":"Feature","geometry":{"type":"Polygon","coordinates":[[[24.793994,42.268657],[24.793968,42.268564],[24.793868,42.26858],[24.793873,42.268596],[24.793824,42.268604],[24.79384,42.268662],[24.793889,42.268655],[24.793894,42.268673],[24.793994,42.268657]]]},"properties":{"num":1}},{"type":"Feature","geometry":{"type":"Polygon","coordinates":[[[24.799985,42.260962],[24.799726,42.260457],[24.799545,42.260508],[24.799804,42.261013],[24.799985,42.260962]]]},"properties":{"num":1}},{"type":"Feature","geometry":{"type":"Polygon","coordinates":[[[24.802427,42.263768],[24.802319,42.263716],[24.802263,42.263782],[24.80237,42.263834],[24.802427,42.263768]]]},"properties":{"num":1}},{"type":"Feature","geometry":{"type":"Polygon","coordinates":[[[24.801836,42.263551],[24.801813,42.263541],[24.801795,42.263561],[24.801817,42.263571],[24.801836,42.263551]]]},"properties":{"num":2}},{"type":"Feature","geometry":{"type":"Polygon","coordinates":[[[24.801797,42.263521],[24.801863,42.263436],[24.801775,42.263396],[24.801756,42.26342],[24.801774,42.263428],[24.801727,42.263488],[24.801679,42.263464],[24.801653,42.263493],[24.801795,42.263561],[24.801821,42.263532],[24.801797,42.263521]]]},"properties":{"num":3}},{"type":"Feature","geometry":{"type":"Polygon","coordinates":[[[24.795893,42.27206],[24.795898,42.272001],[24.795775,42.271995],[24.795772,42.272053],[24.795893,42.27206]]]},"properties":{"num":1}},{"type":"Feature","geometry":{"type":"Polygon","coordinates":[[[24.795898,42.272001],[24.795893,42.27206],[24.795946,42.272063],[24.79595,42.272003],[24.795898,42.272001]]]},"properties":{"num":2}},{"type":"Feature","geometry":{"type":"Polygon","coordinates":[[[24.795736,42.271994],[24.795731,42.272049],[24.795772,42.272051],[24.795775,42.271996],[24.795736,42.271994]]]},"properties":{"num":3}},{"type":"Feature","geometry":{"type":"Polygon","coordinates":[[[24.795612,42.271828],[24.795612,42.271868],[24.795696,42.271867],[24.795697,42.27183],[24.795612,42.271828]]]},"properties":{"num":1}},{"type":"Feature","geometry":{"type":"Polygon","coordinates":[[[24.7958,42.271866],[24.795798,42.27191],[24.795905,42.27191],[24.795907,42.271866],[24.7958,42.271866]]]},"properties":{"num":2}},{"type":"Feature","geometry":{"type":"Polygon","coordinates":[[[24.795643,42.271767],[24.795559,42.27177],[24.795558,42.27181],[24.795642,42.271807],[24.795643,42.271767]]]},"properties":{"num":1}},{"type":"Feature","geometry":{"type":"Polygon","coordinates":[[[24.795932,42.271787],[24.795932,42.27175],[24.795913,42.27175],[24.795912,42.271701],[24.795833,42.271702],[24.795834,42.271786],[24.795932,42.271787]]]},"properties":{"num":2}},{"type":"Feature","geometry":{"type":"Polygon","coordinates":[[[24.795559,42.27176],[24.795511,42.271762],[24.795514,42.271812],[24.795558,42.27181],[24.795559,42.27176]]]},"properties":{"num":3}},{"type":"Feature","geometry":{"type":"Polygon","coordinates":[[[24.79578,42.271728],[24.79573,42.271727],[24.79573,42.271761],[24.795778,42.271762],[24.79578,42.271728]]]},"properties":{"num":4}},{"type":"Feature","geometry":{"type":"Polygon","coordinates":[[[24.795779,42.271702],[24.795778,42.271786],[24.795834,42.271786],[24.795833,42.271702],[24.795779,42.271702]]]},"properties":{"num":5}},{"type":"Feature","geometry":{"type":"Polygon","coordinates":[[[24.795962,42.271673],[24.795964,42.271616],[24.795957,42.271616],[24.795957,42.2716],[24.795861,42.271599],[24.795861,42.27159],[24.795777,42.271588],[24.795773,42.271651],[24.795857,42.271653],[24.795856,42.27167],[24.795962,42.271673]]]},"properties":{"num":1}},{"type":"Feature","geometry":{"type":"Polygon","coordinates":[[[24.795766,42.271589],[24.795766,42.271562],[24.795696,42.271561],[24.795696,42.271588],[24.795766,42.271589]]]},"properties":{"num":2}},{"type":"Feature","geometry":{"type":"Polygon","coordinates":[[[24.795735,42.271648],[24.795773,42.271649],[24.795776,42.2716],[24.795736,42.271599],[24.795735,42.271648]]]},"properties":{"num":3}},{"type":"Feature","geometry":{"type":"Polygon","coordinates":[[[24.795783,42.271464],[24.795781,42.271532],[24.795912,42.271534],[24.795914,42.271491],[24.795867,42.271491],[24.795867,42.271465],[24.795783,42.271464]]]},"properties":{"num":1}},{"type":"Feature","geometry":{"type":"Polygon","coordinates":[[[24.795914,42.271491],[24.795912,42.271534],[24.795974,42.271534],[24.795975,42.271492],[24.795914,42.271491]]]},"properties":{"num":2}},{"type":"Feature","geometry":{"type":"Polygon","coordinates":[[[24.795806,42.271289],[24.7958,42.27136],[24.795934,42.271366],[24.795938,42.271325],[24.795884,42.271322],[24.795887,42.271292],[24.795806,42.271289]]]},"properties":{"num":1}},{"type":"Feature","geometry":{"type":"Polygon","coordinates":[[[24.795796,42.271206],[24.795755,42.2712],[24.795759,42.271174],[24.795675,42.271163],[24.795659,42.271226],[24.795784,42.271246],[24.795796,42.271206]]]},"properties":{"num":1}},{"type":"Feature","geometry":{"type":"Polygon","coordinates":[[[24.795864,42.271216],[24.795796,42.271206],[24.795784,42.271246],[24.795853,42.271257],[24.795864,42.271216]]]},"properties":{"num":2}},{"type":"Feature","geometry":{"type":"Polygon","coordinates":[[[24.795866,42.27108],[24.795884,42.271044],[24.795764,42.271013],[24.795747,42.271049],[24.795866,42.27108]]]},"properties":{"num":1}},{"type":"Feature","geometry":{"type":"Polygon","coordinates":[[[24.795872,42.270842],[24.79585,42.270895],[24.795966,42.270921],[24.795981,42.270886],[24.795934,42.270875],[24.795941,42.270858],[24.795872,42.270842]]]},"properties":{"num":1}},{"type":"Feature","geometry":{"type":"Polygon","coordinates":[[[24.796025,42.270896],[24.795981,42.270886],[24.795966,42.270921],[24.796011,42.270931],[24.796025,42.270896]]]},"properties":{"num":2}},{"type":"Feature","geometry":{"type":"Polygon","coordinates":[[[24.795844,42.270909],[24.795872,42.270842],[24.795799,42.270826],[24.795772,42.270893],[24.795844,42.270909]]]},"properties":{"num":3}},{"type":"Feature","geometry":{"type":"Polygon","coordinates":[[[24.795899,42.270715],[24.795894,42.270776],[24.795992,42.270781],[24.795996,42.270736],[24.795949,42.270733],[24.79595,42.270718],[24.795899,42.270715]]]},"properties":{"num":1}},{"type":"Feature","geometry":{"type":"Polygon","coordinates":[[[24.795871,42.270592],[24.795862,42.270656],[24.795991,42.270666],[24.795998,42.270624],[24.795946,42.270619],[24.79595,42.270598],[24.795871,42.270592]]]},"properties":{"num":1}},{"type":"Feature","geometry":{"type":"Polygon","coordinates":[[[24.795999,42.270616],[24.795991,42.270666],[24.796041,42.270669],[24.796048,42.27062],[24.795999,42.270616]]]},"properties":{"num":2}},{"type":"Feature","geometry":{"type":"Polygon","coordinates":[[[24.796028,42.270549],[24.796026,42.270572],[24.796054,42.270574],[24.796057,42.270551],[24.796028,42.270549]]]},"properties":{"num":3}},{"type":"Feature","geometry":{"type":"Polygon","coordinates":[[[24.795815,42.270652],[24.795862,42.270656],[24.795871,42.270592],[24.795825,42.270588],[24.795815,42.270652]]]},"properties":{"num":4}},{"type":"Feature","geometry":{"type":"Polygon","coordinates":[[[24.795824,42.27054],[24.795944,42.270545],[24.795949,42.270488],[24.795903,42.270486],[24.795903,42.270463],[24.795829,42.27046],[24.795824,42.27054]]]},"properties":{"num":1}},{"type":"Feature","geometry":{"type":"Polygon","coordinates":[[[24.796073,42.270454],[24.796077,42.270415],[24.795886,42.270396],[24.79588,42.270426],[24.795979,42.270436],[24.795978,42.270449],[24.796073,42.270454]]]},"properties":{"num":2}},{"type":"Feature","geometry":{"type":"Polygon","coordinates":[[[24.795995,42.270547],[24.796,42.27049],[24.795949,42.270488],[24.795944,42.270545],[24.795995,42.270547]]]},"properties":{"num":3}},{"type":"Feature","geometry":{"type":"Polygon","coordinates":[[[24.795974,42.27036],[24.795975,42.270344],[24.795892,42.270336],[24.795886,42.270396],[24.796017,42.270409],[24.796025,42.270365],[24.795974,42.27036]]]},"properties":{"num":1}},{"type":"Feature","geometry":{"type":"Polygon","coordinates":[[[24.796083,42.27037],[24.796025,42.270365],[24.796017,42.270409],[24.796077,42.270415],[24.796083,42.27037]]]},"properties":{"num":2}},{"type":"Feature","geometry":{"type":"Polygon","coordinates":[[[24.795885,42.270403],[24.795889,42.270372],[24.795854,42.27037],[24.795849,42.2704],[24.795885,42.270403]]]},"properties":{"num":3}},{"type":"Feature","geometry":{"type":"Polygon","coordinates":[[[24.796042,42.270232],[24.795977,42.270228],[24.795979,42.270209],[24.795925,42.270205],[24.795917,42.270263],[24.796037,42.270271],[24.796042,42.270232]]]},"properties":{"num":1}},{"type":"Feature","geometry":{"type":"Polygon","coordinates":[[[24.796017,42.270303],[24.796022,42.27027],[24.795917,42.270263],[24.795913,42.270292],[24.796017,42.270303]]]},"properties":{"num":2}},{"type":"Feature","geometry":{"type":"Polygon","coordinates":[[[24.79592,42.270147],[24.796052,42.270156],[24.796056,42.270112],[24.796009,42.270108],[24.796011,42.270088],[24.795926,42.270082],[24.79592,42.270147]]]},"properties":{"num":1}},{"type":"Feature","geometry":{"type":"Polygon","coordinates":[[[24.796052,42.270156],[24.796111,42.27016],[24.796115,42.270111],[24.796057,42.270106],[24.796052,42.270156]]]},"properties":{"num":2}},{"type":"Feature","geometry":{"type":"Polygon","coordinates":[[[24.796063,42.270038],[24.79607,42.269986],[24.79602,42.269983],[24.796023,42.26996],[24.795939,42.269953],[24.795928,42.270028],[24.796063,42.270038]]]},"properties":{"num":1}},{"type":"Feature","geometry":{"type":"Polygon","coordinates":[[[24.796121,42.270042],[24.796126,42.269993],[24.79607,42.269989],[24.796063,42.270038],[24.796121,42.270042]]]},"properties":{"num":2}},{"type":"Feature","geometry":{"type":"Polygon","coordinates":[[[24.796062,42.269887],[24.79607,42.26982],[24.796019,42.269818],[24.796021,42.269804],[24.795939,42.269801],[24.795929,42.26988],[24.796062,42.269887]]]},"properties":{"num":1}},{"type":"Feature","geometry":{"type":"Polygon","coordinates":[[[24.796146,42.269875],[24.796064,42.269871],[24.796059,42.269904],[24.79614,42.269907],[24.796146,42.269875]]]},"properties":{"num":2}},{"type":"Feature","geometry":{"type":"Polygon","coordinates":[[[24.795634,42.269622],[24.795768,42.269611],[24.795762,42.269571],[24.795713,42.269576],[24.795709,42.269548],[24.795624,42.269556],[24.795634,42.269622]]]},"properties":{"num":1}},{"type":"Feature","geometry":{"type":"Polygon","coordinates":[[[24.795897,42.269563],[24.795762,42.269574],[24.795768,42.269611],[24.795902,42.269598],[24.795897,42.269563]]]},"properties":{"num":2}},{"type":"Feature","geometry":{"type":"Polygon","coordinates":[[[24.796077,42.269663],[24.796006,42.269661],[24.796002,42.269747],[24.796104,42.269751],[24.796109,42.26971],[24.796071,42.269708],[24.796077,42.269663]]]},"properties":{"num":1}},{"type":"Feature","geometry":{"type":"Polygon","coordinates":[[[24.796107,42.269752],[24.796058,42.26975],[24.796055,42.269771],[24.796105,42.269773],[24.796107,42.269752]]]},"properties":{"num":3}},{"type":"Feature","geometry":{"type":"Polygon","coordinates":[[[24.796381,42.26955],[24.796298,42.269551],[24.796299,42.269602],[24.796456,42.269598],[24.796455,42.269538],[24.796381,42.26954],[24.796381,42.26955]]]},"properties":{"num":1}},{"type":"Feature","geometry":{"type":"Polygon","coordinates":[[[24.796313,42.269432],[24.796313,42.269473],[24.79639,42.269471],[24.796384,42.269426],[24.796313,42.269432]]]},"properties":{"num":2}},{"type":"Feature","geometry":{"type":"Polygon","coordinates":[[[24.796457,42.269627],[24.796511,42.269625],[24.796509,42.269596],[24.796456,42.269598],[24.796457,42.269627]]]},"properties":{"num":3}},{"type":"Feature","geometry":{"type":"Polygon","coordinates":[[[24.796583,42.269621],[24.796709,42.26963],[24.796719,42.26959],[24.796668,42.269586],[24.796672,42.269563],[24.796594,42.269554],[24.796583,42.269621]]]},"properties":{"num":1}},{"type":"Feature","geometry":{"type":"Polygon","coordinates":[[[24.796709,42.26963],[24.796809,42.269641],[24.796816,42.269604],[24.79681,42.269603],[24.796812,42.269585],[24.796723,42.269575],[24.796709,42.26963]]]},"properties":{"num":2}},{"type":"Feature","geometry":{"type":"Polygon","coordinates":[[[24.796815,42.269565],[24.796789,42.269564],[24.796785,42.269582],[24.796812,42.269585],[24.796815,42.269565]]]},"properties":{"num":3}},{"type":"Feature","geometry":{"type":"Polygon","coordinates":[[[24.796291,42.26966],[24.796433,42.269665],[24.796437,42.269627],[24.796295,42.269623],[24.796291,42.26966]]]},"properties":{"num":1}},{"type":"Feature","geometry":{"type":"Polygon","coordinates":[[[24.796581,42.26966],[24.796579,42.269623],[24.796437,42.269627],[24.796433,42.269665],[24.796581,42.26966]]]},"properties":{"num":2}},{"type":"Feature","geometry":{"type":"Polygon","coordinates":[[[24.796321,42.269869],[24.796316,42.269947],[24.796352,42.26995],[24.796349,42.269969],[24.796445,42.269975],[24.79646,42.269878],[24.796321,42.269869]]]},"properties":{"num":1}},{"type":"Feature","geometry":{"type":"Polygon","coordinates":[[[24.796364,42.270194],[24.796371,42.27013],[24.796247,42.270123],[24.796244,42.270142],[24.796239,42.270141],[24.796233,42.270184],[24.796364,42.270194]]]},"properties":{"num":1}},{"type":"Feature","geometry":{"type":"Polygon","coordinates":[[[24.796715,42.27022],[24.796721,42.270178],[24.796697,42.270176],[24.796699,42.270157],[24.796662,42.270154],[24.79666,42.270172],[24.79663,42.270171],[24.796634,42.270123],[24.796584,42.27012],[24.79658,42.270167],[24.796532,42.270163],[24.796524,42.270206],[24.796715,42.27022]]]},"properties":{"num":1}},{"type":"Feature","geometry":{"type":"Polygon","coordinates":[[[24.796749,42.270399],[24.796831,42.270404],[24.796836,42.270364],[24.796753,42.270358],[24.796749,42.270399]]]},"properties":{"num":1}},{"type":"Feature","geometry":{"type":"Polygon","coordinates":[[[24.796718,42.270309],[24.796715,42.270351],[24.796758,42.270353],[24.796762,42.270311],[24.796718,42.270309]]]},"properties":{"num":1}},{"type":"Feature","geometry":{"type":"Polygon","coordinates":[[[24.796571,42.27042],[24.796684,42.270426],[24.796691,42.270354],[24.796578,42.270347],[24.796571,42.27042]]]},"properties":{"num":2}},{"type":"Feature","geometry":{"type":"Polygon","coordinates":[[[24.796214,42.27027],[24.79621,42.270301],[24.796243,42.270303],[24.796246,42.270272],[24.796214,42.27027]]]},"properties":{"num":1}},{"type":"Feature","geometry":{"type":"Polygon","coordinates":[[[24.796329,42.270641],[24.79634,42.270575],[24.79624,42.270566],[24.796238,42.270575],[24.796217,42.270573],[24.79621,42.270627],[24.796329,42.270641]]]},"properties":{"num":1}},{"type":"Feature","geometry":{"type":"Polygon","coordinates":[[[24.796209,42.270636],[24.796217,42.270573],[24.796174,42.270569],[24.796166,42.270632],[24.796209,42.270636]]]},"properties":{"num":2}},{"type":"Feature","geometry":{"type":"Polygon","coordinates":[[[24.796369,42.270645],[24.796378,42.270592],[24.796338,42.270588],[24.796329,42.270641],[24.796369,42.270645]]]},"properties":{"num":3}},{"type":"Feature","geometry":{"type":"Polygon","coordinates":[[[24.796478,42.270658],[24.796485,42.270615],[24.796376,42.270605],[24.796369,42.270645],[24.796478,42.270658]]]},"properties":{"num":4}},{"type":"Feature","geometry":{"type":"Polygon","coordinates":[[[24.79622,42.270545],[24.796233,42.270445],[24.796191,42.270442],[24.796178,42.270542],[24.79622,42.270545]]]},"properties":{"num":5}},{"type":"Feature","geometry":{"type":"Polygon","coordinates":[[[24.796214,42.270793],[24.796324,42.2708],[24.796332,42.270705],[24.796218,42.2707],[24.796214,42.270793]]]},"properties":{"num":1}},{"type":"Feature","geometry":{"type":"Polygon","coordinates":[[[24.796578,42.270942],[24.796666,42.270945],[24.796671,42.270901],[24.796583,42.270897],[24.796578,42.270942]]]},"properties":{"num":1}},{"type":"Feature","geometry":{"type":"Polygon","coordinates":[[[24.796557,42.270689],[24.796562,42.270659],[24.796523,42.270655],[24.796518,42.270686],[24.796557,42.270689]]]},"properties":{"num":2}},{"type":"Feature","geometry":{"type":"Polygon","coordinates":[[[24.796194,42.271028],[24.796197,42.270987],[24.796142,42.270985],[24.79614,42.271026],[24.796194,42.271028]]]},"properties":{"num":1}},{"type":"Feature","geometry":{"type":"Polygon","coordinates":[[[24.796202,42.270977],[24.796313,42.270981],[24.796318,42.2709],[24.796207,42.270895],[24.796202,42.270977]]]},"properties":{"num":2}},{"type":"Feature","geometry":{"type":"Polygon","coordinates":[[[24.796235,42.271321],[24.79624,42.271277],[24.796149,42.271271],[24.796147,42.271317],[24.796235,42.271321]]]},"properties":{"num":1}},{"type":"Feature","geometry":{"type":"Polygon","coordinates":[[[24.79618,42.271272],[24.796312,42.271282],[24.796319,42.271223],[24.796329,42.271224],[24.796332,42.271187],[24.796188,42.271176],[24.79618,42.271272]]]},"properties":{"num":2}},{"type":"Feature","geometry":{"type":"Polygon","coordinates":[[[24.796448,42.271325],[24.796391,42.271325],[24.79639,42.271358],[24.796448,42.271358],[24.796448,42.271325]]]},"properties":{"num":3}},{"type":"Feature","geometry":{"type":"Polygon","coordinates":[[[24.7967,42.271226],[24.796682,42.271226],[24.796682,42.271198],[24.79659,42.271198],[24.796587,42.271268],[24.7967,42.271272],[24.7967,42.271226]]]},"properties":{"num":1}},{"type":"Feature","geometry":{"type":"Polygon","coordinates":[[[24.796201,42.271439],[24.796201,42.271455],[24.796157,42.271455],[24.796157,42.271499],[24.796279,42.271498],[24.796277,42.271439],[24.796201,42.271439]]]},"properties":{"num":1}},{"type":"Feature","geometry":{"type":"Polygon","coordinates":[[[24.796455,42.271677],[24.796459,42.271638],[24.796382,42.271634],[24.796379,42.271673],[24.796455,42.271677]]]},"properties":{"num":1}},{"type":"Feature","geometry":{"type":"Polygon","coordinates":[[[24.796596,42.271596],[24.796515,42.271592],[24.796513,42.271614],[24.796461,42.271612],[24.796457,42.271657],[24.796594,42.27166],[24.796596,42.271596]]]},"properties":{"num":2}},{"type":"Feature","geometry":{"type":"Polygon","coordinates":[[[24.796436,42.271698],[24.796542,42.271701],[24.796544,42.271659],[24.796457,42.271657],[24.796455,42.271677],[24.796438,42.271676],[24.796436,42.271698]]]},"properties":{"num":3}},{"type":"Feature","geometry":{"type":"Polygon","coordinates":[[[24.796092,42.271797],[24.796133,42.2718],[24.796136,42.27176],[24.796092,42.271759],[24.796092,42.271797]]]},"properties":{"num":1}},{"type":"Feature","geometry":{"type":"Polygon","coordinates":[[[24.796158,42.27176],[24.796156,42.271803],[24.796288,42.271809],[24.796293,42.271744],[24.796212,42.27174],[24.79621,42.271763],[24.796158,42.27176]]]},"properties":{"num":2}},{"type":"Feature","geometry":{"type":"Polygon","coordinates":[[[24.796503,42.271838],[24.796605,42.27184],[24.796606,42.271799],[24.796504,42.271796],[24.796503,42.271838]]]},"properties":{"num":3}},{"type":"Feature","geometry":{"type":"Polygon","coordinates":[[[24.79671,42.271837],[24.796711,42.271782],[24.79662,42.271781],[24.796619,42.271835],[24.79671,42.271837]]]},"properties":{"num":4}},{"type":"Feature","geometry":{"type":"Polygon","coordinates":[[[24.796303,42.272075],[24.796303,42.272033],[24.796085,42.27203],[24.796084,42.272067],[24.796303,42.272075]]]},"properties":{"num":1}},{"type":"Feature","geometry":{"type":"Polygon","coordinates":[[[24.796267,42.271903],[24.796151,42.271899],[24.796151,42.271937],[24.796128,42.271937],[24.796128,42.271985],[24.79618,42.271984],[24.79618,42.27198],[24.796252,42.271982],[24.796254,42.27196],[24.796262,42.27196],[24.796267,42.271903]]]},"properties":{"num":2}},{"type":"Feature","geometry":{"type":"Polygon","coordinates":[[[24.796224,42.271856],[24.79622,42.271901],[24.796267,42.271903],[24.796266,42.271921],[24.79629,42.271923],[24.796292,42.27186],[24.796224,42.271856]]]},"properties":{"num":3}},{"type":"Feature","geometry":{"type":"Polygon","coordinates":[[[24.79609,42.271825],[24.796088,42.271868],[24.796153,42.27187],[24.796155,42.271827],[24.79609,42.271825]]]},"properties":{"num":4}},{"type":"Feature","geometry":{"type":"Polygon","coordinates":[[[24.796303,42.272075],[24.7965,42.272081],[24.7965,42.27204],[24.796303,42.272033],[24.796303,42.272075]]]},"properties":{"num":1}},{"type":"Feature","geometry":{"type":"Polygon","coordinates":[[[24.796515,42.272082],[24.79666,42.272087],[24.796664,42.272046],[24.796518,42.272039],[24.796515,42.272082]]]},"properties":{"num":1}},{"type":"Feature","geometry":{"type":"Polygon","coordinates":[[[24.796713,42.27188],[24.79668,42.271879],[24.796671,42.27198],[24.796704,42.271982],[24.796713,42.27188]]]},"properties":{"num":2}},{"type":"Feature","geometry":{"type":"Polygon","coordinates":[[[24.796823,42.272092],[24.796826,42.272054],[24.796779,42.272052],[24.796781,42.272034],[24.796747,42.272033],[24.796746,42.272051],[24.796699,42.272049],[24.796696,42.272088],[24.796823,42.272092]]]},"properties":{"num":1}},{"type":"Feature","geometry":{"type":"Polygon","coordinates":[[[24.796823,42.272092],[24.796873,42.272094],[24.796879,42.272034],[24.796847,42.272033],[24.796846,42.272055],[24.796826,42.272054],[24.796823,42.272092]]]},"properties":{"num":2}},{"type":"Feature","geometry":{"type":"Polygon","coordinates":[[[24.796764,42.271862],[24.79676,42.271952],[24.79682,42.271954],[24.79682,42.271962],[24.796871,42.271962],[24.796876,42.271862],[24.796764,42.271862]]]},"properties":{"num":3}},{"type":"Feature","geometry":{"type":"Polygon","coordinates":[[[24.796708,42.271932],[24.796702,42.272002],[24.796747,42.272004],[24.796754,42.271934],[24.796708,42.271932]]]},"properties":{"num":4}},{"type":"Feature","geometry":{"type":"Polygon","coordinates":[[[24.797169,42.271906],[24.797058,42.271905],[24.797054,42.272007],[24.797099,42.272007],[24.797099,42.271995],[24.797165,42.271997],[24.797169,42.271906]]]},"properties":{"num":1}},{"type":"Feature","geometry":{"type":"Polygon","coordinates":[[[24.796808,42.271809],[24.796942,42.271812],[24.796945,42.271771],[24.796809,42.271769],[24.796808,42.271809]]]},"properties":{"num":1}},{"type":"Feature","geometry":{"type":"Polygon","coordinates":[[[24.797049,42.271773],[24.797109,42.271773],[24.797108,42.271739],[24.797048,42.271739],[24.797049,42.271773]]]},"properties":{"num":2}},{"type":"Feature","geometry":{"type":"Polygon","coordinates":[[[24.797095,42.271205],[24.796999,42.271203],[24.796995,42.271271],[24.79709,42.271273],[24.797095,42.271205]]]},"properties":{"num":1}},{"type":"Feature","geometry":{"type":"Polygon","coordinates":[[[24.79712,42.270333],[24.797115,42.270373],[24.797163,42.270377],[24.797167,42.270349],[24.797141,42.270348],[24.797143,42.270334],[24.79712,42.270333]]]},"properties":{"num":1}},{"type":"Feature","geometry":{"type":"Polygon","coordinates":[[[24.79715,42.270255],[24.79716,42.270185],[24.797062,42.270178],[24.797055,42.270247],[24.79715,42.270255]]]},"properties":{"num":1}},{"type":"Feature","geometry":{"type":"Polygon","coordinates":[[[24.797288,42.270264],[24.797293,42.270221],[24.797241,42.270218],[24.797245,42.270192],[24.79716,42.270185],[24.79715,42.270255],[24.797288,42.270264]]]},"properties":{"num":2}},{"type":"Feature","geometry":{"type":"Polygon","coordinates":[[[24.797351,42.270226],[24.797293,42.270221],[24.797288,42.270264],[24.797344,42.270268],[24.797351,42.270226]]]},"properties":{"num":3}},{"type":"Feature","geometry":{"type":"Polygon","coordinates":[[[24.796795,42.270173],[24.79692,42.270183],[24.796933,42.270087],[24.796807,42.270079],[24.796795,42.270173]]]},"properties":{"num":2}},{"type":"Feature","geometry":{"type":"Polygon","coordinates":[[[24.797332,42.269964],[24.797203,42.269956],[24.797194,42.270037],[24.797321,42.270046],[24.797332,42.269964]]]},"properties":{"num":1}},{"type":"Feature","geometry":{"type":"Polygon","coordinates":[[[24.797371,42.269864],[24.797406,42.269866],[24.797411,42.269833],[24.797375,42.26983],[24.797371,42.269864]]]},"properties":{"num":1}},{"type":"Feature","geometry":{"type":"Polygon","coordinates":[[[24.797346,42.269857],[24.797356,42.269781],[24.797227,42.269772],[24.797217,42.269847],[24.797346,42.269857]]]},"properties":{"num":2}},{"type":"Feature","geometry":{"type":"Polygon","coordinates":[[[24.797282,42.269689],[24.797281,42.269725],[24.797425,42.269738],[24.79743,42.269692],[24.797282,42.269689]]]},"properties":{"num":3}},{"type":"Feature","geometry":{"type":"Polygon","coordinates":[[[24.797047,42.269526],[24.796973,42.269525],[24.796974,42.2695],[24.796927,42.269499],[24.796922,42.269563],[24.797043,42.269565],[24.797047,42.269526]]]},"properties":{"num":1}},{"type":"Feature","geometry":{"type":"Polygon","coordinates":[[[24.797149,42.269568],[24.797152,42.269507],[24.797048,42.269505],[24.797044,42.269566],[24.797149,42.269568]]]},"properties":{"num":2}},{"type":"Feature","geometry":{"type":"Polygon","coordinates":[[[24.797144,42.2694],[24.797109,42.269401],[24.797116,42.269506],[24.797152,42.269507],[24.797144,42.2694]]]},"properties":{"num":3}},{"type":"Feature","geometry":{"type":"Polygon","coordinates":[[[24.796907,42.269386],[24.796882,42.269388],[24.796884,42.269407],[24.79691,42.269405],[24.796907,42.269386]]]},"properties":{"num":4}},{"type":"Feature","geometry":{"type":"Polygon","coordinates":[[[24.797152,42.269666],[24.797363,42.269668],[24.797364,42.269616],[24.797243,42.269615],[24.797243,42.26963],[24.797206,42.26963],[24.797206,42.269604],[24.797151,42.269605],[24.797152,42.269666]]]},"properties":{"num":1}},{"type":"Feature","geometry":{"type":"Polygon","coordinates":[[[24.797439,42.269617],[24.797364,42.269616],[24.797363,42.26969],[24.79743,42.269692],[24.797439,42.269617]]]},"properties":{"num":2}},{"type":"Feature","geometry":{"type":"Polygon","coordinates":[[[24.797151,42.269605],[24.797203,42.269604],[24.797201,42.269535],[24.797151,42.269533],[24.797151,42.269605]]]},"properties":{"num":3}},{"type":"Feature","geometry":{"type":"Polygon","coordinates":[[[24.797151,42.269533],[24.797174,42.269534],[24.797174,42.269515],[24.797152,42.269515],[24.797151,42.269533]]]},"properties":{"num":4}},{"type":"Feature","geometry":{"type":"Polygon","coordinates":[[[24.79739,42.269538],[24.797387,42.269564],[24.797447,42.269564],[24.79745,42.269538],[24.79739,42.269538]]]},"properties":{"num":5}},{"type":"Feature","geometry":{"type":"Polygon","coordinates":[[[24.797253,42.26938],[24.797292,42.269378],[24.797292,42.269355],[24.797254,42.269358],[24.797253,42.26938]]]},"properties":{"num":6}},{"type":"Feature","geometry":{"type":"Polygon","coordinates":[[[24.79745,42.26917],[24.797438,42.269087],[24.7973,42.269095],[24.797312,42.26918],[24.79745,42.26917]]]},"properties":{"num":1}},{"type":"Feature","geometry":{"type":"Polygon","coordinates":[[[24.797489,42.269012],[24.797432,42.26902],[24.797452,42.269092],[24.797509,42.269085],[24.797489,42.269012]]]},"properties":{"num":2}},{"type":"Feature","geometry":{"type":"Polygon","coordinates":[[[24.797482,42.268991],[24.797461,42.268995],[24.797466,42.269011],[24.797487,42.269007],[24.797482,42.268991]]]},"properties":{"num":3}},{"type":"Feature","geometry":{"type":"Polygon","coordinates":[[[24.797471,42.268955],[24.797417,42.268965],[24.797428,42.269001],[24.797482,42.268991],[24.797471,42.268955]]]},"properties":{"num":4}},{"type":"Feature","geometry":{"type":"Polygon","coordinates":[[[24.796954,42.269157],[24.796962,42.269208],[24.797091,42.269197],[24.797083,42.269117],[24.796965,42.269124],[24.79697,42.269156],[24.796954,42.269157]]]},"properties":{"num":1}},{"type":"Feature","geometry":{"type":"Polygon","coordinates":[[[24.796897,42.269043],[24.796903,42.269079],[24.796944,42.269075],[24.796938,42.269039],[24.796897,42.269043]]]},"properties":{"num":2}},{"type":"Feature","geometry":{"type":"Polygon","coordinates":[[[24.796696,42.269224],[24.79673,42.269221],[24.796712,42.269102],[24.796675,42.269105],[24.796696,42.269224]]]},"properties":{"num":1}},{"type":"Feature","geometry":{"type":"Polygon","coordinates":[[[24.79673,42.269226],[24.796851,42.269214],[24.796837,42.269129],[24.796792,42.269133],[24.796791,42.269123],[24.796717,42.269129],[24.79673,42.269226]]]},"properties":{"num":2}},{"type":"Feature","geometry":{"type":"Polygon","coordinates":[[[24.796935,42.269256],[24.796914,42.269149],[24.796869,42.269154],[24.796886,42.26926],[24.796935,42.269256]]]},"properties":{"num":3}},{"type":"Feature","geometry":{"type":"Polygon","coordinates":[[[24.796913,42.269143],[24.796902,42.269074],[24.796864,42.269078],[24.796877,42.269147],[24.796913,42.269143]]]},"properties":{"num":4}},{"type":"Feature","geometry":{"type":"Polygon","coordinates":[[[24.796898,42.269048],[24.796871,42.26905],[24.796876,42.269077],[24.796902,42.269074],[24.796898,42.269048]]]},"properties":{"num":5}},{"type":"Feature","geometry":{"type":"Polygon","coordinates":[[[24.796649,42.26915],[24.796507,42.269161],[24.79652,42.269246],[24.79666,42.269233],[24.796649,42.26915]]]},"properties":{"num":1}},{"type":"Feature","geometry":{"type":"Polygon","coordinates":[[[24.796514,42.269206],[24.796507,42.269161],[24.796471,42.269165],[24.796478,42.269209],[24.796514,42.269206]]]},"properties":{"num":2}},{"type":"Feature","geometry":{"type":"Polygon","coordinates":[[[24.796478,42.269297],[24.796468,42.269231],[24.796382,42.26924],[24.796389,42.269277],[24.796413,42.269275],[24.796417,42.269303],[24.796478,42.269297]]]},"properties":{"num":3}},{"type":"Feature","geometry":{"type":"Polygon","coordinates":[[[24.796475,42.269014],[24.796459,42.269016],[24.796454,42.268989],[24.796334,42.269001],[24.796347,42.26907],[24.796482,42.269057],[24.796475,42.269014]]]},"properties":{"num":1}},{"type":"Feature","geometry":{"type":"Polygon","coordinates":[[[24.796479,42.269014],[24.796475,42.268987],[24.796454,42.268989],[24.796459,42.269016],[24.796479,42.269014]]]},"properties":{"num":2}},{"type":"Feature","geometry":{"type":"Polygon","coordinates":[[[24.796647,42.268926],[24.79664,42.268878],[24.796591,42.268882],[24.796599,42.26893],[24.796647,42.268926]]]},"properties":{"num":3}},{"type":"Feature","geometry":{"type":"Polygon","coordinates":[[[24.79631,42.268874],[24.796424,42.268867],[24.796407,42.268778],[24.796294,42.268789],[24.79631,42.268874]]]},"properties":{"num":1}},{"type":"Feature","geometry":{"type":"Polygon","coordinates":[[[24.79646,42.268857],[24.796453,42.268824],[24.796416,42.268828],[24.796422,42.268862],[24.79646,42.268857]]]},"properties":{"num":2}},{"type":"Feature","geometry":{"type":"Polygon","coordinates":[[[24.797161,42.268377],[24.797166,42.268394],[24.797212,42.268387],[24.797207,42.26837],[24.797161,42.268377]]]},"properties":{"num":1}},{"type":"Feature","geometry":{"type":"Polygon","coordinates":[[[24.797127,42.268381],[24.79724,42.268365],[24.797221,42.268297],[24.797107,42.268315],[24.797127,42.268381]]]},"properties":{"num":2}},{"type":"Feature","geometry":{"type":"Polygon","coordinates":[[[24.797173,42.268304],[24.797221,42.268297],[24.797217,42.268284],[24.797169,42.26829],[24.797173,42.268304]]]},"properties":{"num":3}},{"type":"Feature","geometry":{"type":"Polygon","coordinates":[[[24.797248,42.268314],[24.797288,42.268309],[24.797271,42.268249],[24.797231,42.268254],[24.797248,42.268314]]]},"properties":{"num":4}},{"type":"Feature","geometry":{"type":"Polygon","coordinates":[[[24.797238,42.268461],[24.797233,42.268432],[24.797129,42.268441],[24.797134,42.268471],[24.797238,42.268461]]]},"properties":{"num":5}},{"type":"Feature","geometry":{"type":"Polygon","coordinates":[[[24.796338,42.268676],[24.796338,42.268682],[24.796388,42.268677],[24.796371,42.268588],[24.796258,42.268599],[24.796273,42.268681],[24.796338,42.268676]]]},"properties":{"num":1}},{"type":"Feature","geometry":{"type":"Polygon","coordinates":[[[24.796243,42.268504],[24.796355,42.268498],[24.796337,42.268404],[24.796227,42.268416],[24.796243,42.268504]]]},"properties":{"num":1}},{"type":"Feature","geometry":{"type":"Polygon","coordinates":[[[24.796312,42.268107],[24.796284,42.26811],[24.79628,42.268074],[24.796172,42.268084],[24.796186,42.268178],[24.796318,42.268168],[24.796312,42.268107]]]},"properties":{"num":1}},{"type":"Feature","geometry":{"type":"Polygon","coordinates":[[[24.799009,42.270221],[24.798895,42.270219],[24.798892,42.270289],[24.799006,42.270291],[24.799009,42.270221]]]},"properties":{"num":1}},{"type":"Feature","geometry":{"type":"Polygon","coordinates":[[[24.797673,42.269561],[24.797703,42.269562],[24.797701,42.269581],[24.797732,42.269582],[24.797736,42.269535],[24.797719,42.269534],[24.79772,42.269522],[24.797677,42.26952],[24.797673,42.269561]]]},"properties":{"num":1}},{"type":"Feature","geometry":{"type":"Polygon","coordinates":[[[24.797738,42.269523],[24.797733,42.269564],[24.797867,42.269571],[24.797874,42.269508],[24.797791,42.269502],[24.797789,42.269526],[24.797738,42.269523]]]},"properties":{"num":2}},{"type":"Feature","geometry":{"type":"Polygon","coordinates":[[[24.797684,42.269464],[24.797734,42.269468],[24.797741,42.269411],[24.797691,42.269408],[24.797684,42.269464]]]},"properties":{"num":3}},{"type":"Feature","geometry":{"type":"Polygon","coordinates":[[[24.797713,42.269768],[24.797708,42.269811],[24.797833,42.269818],[24.797839,42.269742],[24.797721,42.269736],[24.797718,42.269768],[24.797713,42.269768]]]},"properties":{"num":1}},{"type":"Feature","geometry":{"type":"Polygon","coordinates":[[[24.79789,42.269758],[24.797889,42.269736],[24.79785,42.269737],[24.797851,42.269758],[24.79789,42.269758]]]},"properties":{"num":2}},{"type":"Feature","geometry":{"type":"Polygon","coordinates":[[[24.79766,42.269641],[24.797725,42.269646],[24.797732,42.26959],[24.797668,42.269587],[24.79766,42.269641]]]},"properties":{"num":3}},{"type":"Feature","geometry":{"type":"Polygon","coordinates":[[[24.797732,42.26959],[24.797728,42.269621],[24.797785,42.269624],[24.797788,42.269594],[24.797732,42.26959]]]},"properties":{"num":4}},{"type":"Feature","geometry":{"type":"Polygon","coordinates":[[[24.797834,42.269596],[24.797813,42.269595],[24.79781,42.26962],[24.797831,42.26962],[24.797834,42.269596]]]},"properties":{"num":5}},{"type":"Feature","geometry":{"type":"Polygon","coordinates":[[[24.797844,42.269597],[24.797841,42.269625],[24.79793,42.269628],[24.797933,42.269602],[24.797844,42.269597]]]},"properties":{"num":6}},{"type":"Feature","geometry":{"type":"Polygon","coordinates":[[[24.797674,42.270054],[24.797708,42.270056],[24.79771,42.270044],[24.797718,42.270045],[24.797722,42.27002],[24.797678,42.270017],[24.797674,42.270054]]]},"properties":{"num":1}},{"type":"Feature","geometry":{"type":"Polygon","coordinates":[[[24.797871,42.270066],[24.797875,42.270024],[24.797744,42.270017],[24.797741,42.270059],[24.797871,42.270066]]]},"properties":{"num":2}},{"type":"Feature","geometry":{"type":"Polygon","coordinates":[[[24.797952,42.270069],[24.797955,42.270032],[24.797874,42.270027],[24.797871,42.270066],[24.797952,42.270069]]]},"properties":{"num":3}},{"type":"Feature","geometry":{"type":"Polygon","coordinates":[[[24.797977,42.270067],[24.797979,42.270036],[24.797955,42.270035],[24.797952,42.270066],[24.797977,42.270067]]]},"properties":{"num":4}},{"type":"Feature","geometry":{"type":"Polygon","coordinates":[[[24.798079,42.270055],[24.798082,42.270024],[24.798026,42.270021],[24.798023,42.270052],[24.798079,42.270055]]]},"properties":{"num":5}},{"type":"Feature","geometry":{"type":"Polygon","coordinates":[[[24.797912,42.269946],[24.797911,42.269973],[24.797947,42.269974],[24.797948,42.269947],[24.797912,42.269946]]]},"properties":{"num":6}},{"type":"Feature","geometry":{"type":"Polygon","coordinates":[[[24.797584,42.27028],[24.797886,42.27029],[24.797889,42.270249],[24.79784,42.270248],[24.797841,42.270227],[24.797768,42.270225],[24.797766,42.270244],[24.797696,42.270241],[24.797695,42.270251],[24.797657,42.27025],[24.797658,42.270227],[24.797625,42.270226],[24.797623,42.270246],[24.797587,42.270245],[24.797584,42.27028]]]},"properties":{"num":1}},{"type":"Feature","geometry":{"type":"Polygon","coordinates":[[[24.798173,42.270299],[24.798178,42.270259],[24.797936,42.270249],[24.797934,42.270292],[24.798173,42.270299]]]},"properties":{"num":2}},{"type":"Feature","geometry":{"type":"Polygon","coordinates":[[[24.798338,42.270269],[24.798227,42.270266],[24.798226,42.270301],[24.798339,42.270304],[24.798338,42.270269]]]},"properties":{"num":1}},{"type":"Feature","geometry":{"type":"Polygon","coordinates":[[[24.798488,42.270307],[24.798493,42.270249],[24.798393,42.270252],[24.798395,42.270307],[24.798488,42.270307]]]},"properties":{"num":2}},{"type":"Feature","geometry":{"type":"Polygon","coordinates":[[[24.79852,42.270171],[24.798482,42.270169],[24.798476,42.27022],[24.798514,42.270223],[24.79852,42.270171]]]},"properties":{"num":3}},{"type":"Feature","geometry":{"type":"Polygon","coordinates":[[[24.798864,42.270316],[24.798864,42.270259],[24.798805,42.270258],[24.798801,42.270316],[24.798864,42.270316]]]},"properties":{"num":1}},{"type":"Feature","geometry":{"type":"Polygon","coordinates":[[[24.798682,42.270313],[24.798801,42.270316],[24.798805,42.270258],[24.798731,42.270257],[24.798731,42.270275],[24.798683,42.270273],[24.798682,42.270313]]]},"properties":{"num":2}},{"type":"Feature","geometry":{"type":"Polygon","coordinates":[[[24.798682,42.270313],[24.798682,42.270277],[24.798597,42.270275],[24.798594,42.270311],[24.798682,42.270313]]]},"properties":{"num":3}},{"type":"Feature","geometry":{"type":"Polygon","coordinates":[[[24.79852,42.270171],[24.798503,42.270308],[24.798594,42.270311],[24.798597,42.270275],[24.798549,42.270273],[24.798561,42.270174],[24.79852,42.270171]]]},"properties":{"num":4}},{"type":"Feature","geometry":{"type":"Polygon","coordinates":[[[24.798392,42.270443],[24.798247,42.270439],[24.798246,42.270506],[24.798391,42.27051],[24.798392,42.270443]]]},"properties":{"num":1}},{"type":"Feature","geometry":{"type":"Polygon","coordinates":[[[24.799145,42.271023],[24.799091,42.271025],[24.79909,42.271088],[24.798951,42.271095],[24.798953,42.271134],[24.799152,42.271132],[24.799145,42.271023]]]},"properties":{"num":1}},{"type":"Feature","geometry":{"type":"Polygon","coordinates":[[[24.799031,42.271026],[24.79903,42.271012],[24.798944,42.271017],[24.798951,42.271095],[24.79909,42.271088],[24.799091,42.271023],[24.799031,42.271026]]]},"properties":{"num":2}},{"type":"Feature","geometry":{"type":"Polygon","coordinates":[[[24.799069,42.270854],[24.798967,42.27086],[24.798972,42.270904],[24.799073,42.270898],[24.799069,42.270854]]]},"properties":{"num":1}},{"type":"Feature","geometry":{"type":"Polygon","coordinates":[[[24.799128,42.27085],[24.799077,42.270853],[24.799082,42.27091],[24.799132,42.270907],[24.799128,42.27085]]]},"properties":{"num":2}},{"type":"Feature","geometry":{"type":"Polygon","coordinates":[[[24.799054,42.270683],[24.799007,42.270685],[24.799005,42.270664],[24.798926,42.270668],[24.798931,42.270729],[24.799058,42.270723],[24.799054,42.270683]]]},"properties":{"num":1}},{"type":"Feature","geometry":{"type":"Polygon","coordinates":[[[24.799013,42.270589],[24.799017,42.270633],[24.799113,42.270631],[24.799109,42.270587],[24.799013,42.270589]]]},"properties":{"num":2}},{"type":"Feature","geometry":{"type":"Polygon","coordinates":[[[24.798911,42.270533],[24.799042,42.270525],[24.799037,42.270482],[24.79899,42.270485],[24.798987,42.270467],[24.798906,42.270471],[24.798911,42.270533]]]},"properties":{"num":1}},{"type":"Feature","geometry":{"type":"Polygon","coordinates":[[[24.799104,42.270541],[24.799097,42.270479],[24.799037,42.270482],[24.799042,42.270525],[24.799065,42.270524],[24.799067,42.270542],[24.799104,42.270541]]]},"properties":{"num":2}},{"type":"Feature","geometry":{"type":"Polygon","coordinates":[[[24.798986,42.270563],[24.799045,42.27056],[24.799042,42.270525],[24.798982,42.270529],[24.798986,42.270563]]]},"properties":{"num":3}},{"type":"Feature","geometry":{"type":"Polygon","coordinates":[[[24.798927,42.270566],[24.798986,42.270563],[24.798982,42.270529],[24.798923,42.270532],[24.798927,42.270566]]]},"properties":{"num":4}},{"type":"Feature","geometry":{"type":"Polygon","coordinates":[[[24.799364,42.271348],[24.799367,42.271341],[24.799457,42.271338],[24.799461,42.271345],[24.799453,42.271259],[24.799344,42.271264],[24.799349,42.271298],[24.799359,42.271297],[24.799364,42.271348]]]},"properties":{"num":1}},{"type":"Feature","geometry":{"type":"Polygon","coordinates":[[[24.799366,42.271391],[24.799369,42.271356],[24.799282,42.271353],[24.799285,42.271388],[24.799366,42.271391]]]},"properties":{"num":2}},{"type":"Feature","geometry":{"type":"Polygon","coordinates":[[[24.799449,42.271394],[24.799451,42.271368],[24.799368,42.271365],[24.799366,42.271391],[24.799449,42.271394]]]},"properties":{"num":3}},{"type":"Feature","geometry":{"type":"Polygon","coordinates":[[[24.799813,42.270568],[24.799915,42.270571],[24.799916,42.27055],[24.799815,42.270547],[24.799813,42.270568]]]},"properties":{"num":1}},{"type":"Feature","geometry":{"type":"Polygon","coordinates":[[[24.799923,42.270551],[24.799927,42.270509],[24.799878,42.270508],[24.799881,42.270485],[24.799799,42.270482],[24.799791,42.270546],[24.799923,42.270551]]]},"properties":{"num":2}},{"type":"Feature","geometry":{"type":"Polygon","coordinates":[[[24.799746,42.270562],[24.799777,42.270448],[24.799713,42.270449],[24.799673,42.270543],[24.799746,42.270562]]]},"properties":{"num":3}},{"type":"Feature","geometry":{"type":"Polygon","coordinates":[[[24.800418,42.27035],[24.80048,42.270337],[24.800475,42.2703],[24.800407,42.27031],[24.800407,42.270316],[24.800319,42.270314],[24.800322,42.27036],[24.800418,42.27035]]]},"properties":{"num":1}},{"type":"Feature","geometry":{"type":"Polygon","coordinates":[[[24.800319,42.270314],[24.800407,42.270316],[24.80041,42.270244],[24.800323,42.270242],[24.800319,42.270314]]]},"properties":{"num":2}},{"type":"Feature","geometry":{"type":"Polygon","coordinates":[[[24.800354,42.270188],[24.800323,42.270187],[24.800323,42.270242],[24.800352,42.270242],[24.800354,42.270188]]]},"properties":{"num":3}},{"type":"Feature","geometry":{"type":"Polygon","coordinates":[[[24.800161,42.270356],[24.800163,42.270315],[24.80011,42.270313],[24.800112,42.270279],[24.800028,42.270277],[24.800025,42.270353],[24.800161,42.270356]]]},"properties":{"num":1}},{"type":"Feature","geometry":{"type":"Polygon","coordinates":[[[24.800322,42.27036],[24.800321,42.270276],[24.800283,42.270275],[24.800281,42.27036],[24.800322,42.27036]]]},"properties":{"num":2}},{"type":"Feature","geometry":{"type":"Polygon","coordinates":[[[24.799904,42.27035],[24.800025,42.270353],[24.800027,42.270313],[24.799963,42.270312],[24.79997,42.270195],[24.799915,42.270193],[24.799904,42.27035]]]},"properties":{"num":3}},{"type":"Feature","geometry":{"type":"Polygon","coordinates":[[[24.799635,42.270275],[24.799632,42.270342],[24.799675,42.270343],[24.799678,42.270277],[24.799635,42.270275]]]},"properties":{"num":1}},{"type":"Feature","geometry":{"type":"Polygon","coordinates":[[[24.799771,42.270346],[24.799779,42.270281],[24.799678,42.270277],[24.799675,42.270343],[24.799771,42.270346]]]},"properties":{"num":2}},{"type":"Feature","geometry":{"type":"Polygon","coordinates":[[[24.799639,42.27021],[24.799635,42.270275],[24.799678,42.270277],[24.799681,42.270211],[24.799639,42.27021]]]},"properties":{"num":3}},{"type":"Feature","geometry":{"type":"Polygon","coordinates":[[[24.799349,42.270337],[24.79955,42.270341],[24.799552,42.270295],[24.799518,42.270295],[24.799433,42.270308],[24.799429,42.270294],[24.799337,42.270293],[24.799349,42.270337]]]},"properties":{"num":1}},{"type":"Feature","geometry":{"type":"Polygon","coordinates":[[[24.799433,42.270308],[24.799531,42.270292],[24.799513,42.27023],[24.799462,42.270238],[24.799465,42.270248],[24.799417,42.270255],[24.799433,42.270308]]]},"properties":{"num":2}},{"type":"Feature","geometry":{"type":"Polygon","coordinates":[[[24.799337,42.270293],[24.799376,42.270293],[24.799376,42.270278],[24.799333,42.270279],[24.799337,42.270293]]]},"properties":{"num":3}},{"type":"Feature","geometry":{"type":"Polygon","coordinates":[[[24.799632,42.270342],[24.799634,42.270296],[24.799552,42.270295],[24.79955,42.270341],[24.799632,42.270342]]]},"properties":{"num":4}},{"type":"Feature","geometry":{"type":"Polygon","coordinates":[[[24.799369,42.27016],[24.799363,42.270131],[24.799294,42.270136],[24.799303,42.270166],[24.799369,42.27016]]]},"properties":{"num":1}},{"type":"Feature","geometry":{"type":"Polygon","coordinates":[[[24.799466,42.270148],[24.799458,42.270113],[24.799361,42.270124],[24.799369,42.27016],[24.799466,42.270148]]]},"properties":{"num":2}},{"type":"Feature","geometry":{"type":"Polygon","coordinates":[[[24.799399,42.270107],[24.799402,42.270119],[24.799458,42.270113],[24.799446,42.270059],[24.799386,42.270066],[24.799393,42.270107],[24.799399,42.270107]]]},"properties":{"num":3}},{"type":"Feature","geometry":{"type":"Polygon","coordinates":[[[24.799332,42.270116],[24.799322,42.270082],[24.799279,42.270089],[24.79929,42.270123],[24.799332,42.270116]]]},"properties":{"num":4}},{"type":"Feature","geometry":{"type":"Polygon","coordinates":[[[24.799248,42.269988],[24.799333,42.269975],[24.799324,42.269933],[24.799234,42.269949],[24.799248,42.269988]]]},"properties":{"num":1}},{"type":"Feature","geometry":{"type":"Polygon","coordinates":[[[24.799399,42.269963],[24.799396,42.269951],[24.799392,42.269951],[24.799385,42.269908],[24.79932,42.269918],[24.799333,42.269975],[24.799399,42.269963]]]},"properties":{"num":2}},{"type":"Feature","geometry":{"type":"Polygon","coordinates":[[[24.799436,42.269908],[24.799386,42.26991],[24.799392,42.269951],[24.799525,42.269943],[24.799521,42.269902],[24.799472,42.269905],[24.799471,42.269891],[24.799434,42.269893],[24.799436,42.269908]]]},"properties":{"num":3}},{"type":"Feature","geometry":{"type":"Polygon","coordinates":[[[24.800395,42.269901],[24.800386,42.269862],[24.800325,42.269867],[24.80033,42.269905],[24.800395,42.269901]]]},"properties":{"num":1}},{"type":"Feature","geometry":{"type":"Polygon","coordinates":[[[24.800388,42.269877],[24.800522,42.269867],[24.800518,42.269826],[24.800469,42.269829],[24.800465,42.269791],[24.800377,42.269796],[24.800388,42.269877]]]},"properties":{"num":2}},{"type":"Feature","geometry":{"type":"Polygon","coordinates":[[[24.800576,42.269821],[24.800518,42.269826],[24.80052,42.269849],[24.800579,42.269845],[24.800576,42.269821]]]},"properties":{"num":3}},{"type":"Feature","geometry":{"type":"Polygon","coordinates":[[[24.800584,42.269888],[24.800579,42.269845],[24.80052,42.269849],[24.800522,42.269867],[24.800482,42.26987],[24.800485,42.269895],[24.800584,42.269888]]]},"properties":{"num":4}},{"type":"Feature","geometry":{"type":"Polygon","coordinates":[[[24.80056,42.269687],[24.800408,42.269698],[24.800413,42.269739],[24.800565,42.26973],[24.80056,42.269687]]]},"properties":{"num":5}},{"type":"Feature","geometry":{"type":"Polygon","coordinates":[[[24.800548,42.269596],[24.800457,42.269603],[24.800462,42.269636],[24.80042,42.269639],[24.800425,42.26968],[24.800557,42.269669],[24.800548,42.269596]]]},"properties":{"num":1}},{"type":"Feature","geometry":{"type":"Polygon","coordinates":[[[24.79919,42.269745],[24.799139,42.26976],[24.799176,42.269826],[24.799303,42.269787],[24.799279,42.269744],[24.799202,42.269768],[24.79919,42.269745]]]},"properties":{"num":1}},{"type":"Feature","geometry":{"type":"Polygon","coordinates":[[[24.799227,42.26969],[24.799209,42.269657],[24.799165,42.269671],[24.799184,42.269703],[24.799227,42.26969]]]},"properties":{"num":2}},{"type":"Feature","geometry":{"type":"Polygon","coordinates":[[[24.799156,42.269674],[24.799268,42.269639],[24.799231,42.269573],[24.799118,42.269608],[24.799156,42.269674]]]},"properties":{"num":3}},{"type":"Feature","geometry":{"type":"Polygon","coordinates":[[[24.799239,42.269502],[24.799186,42.269524],[24.799211,42.26956],[24.799267,42.269539],[24.799239,42.269502]]]},"properties":{"num":4}},{"type":"Feature","geometry":{"type":"Polygon","coordinates":[[[24.799314,42.269807],[24.799415,42.269779],[24.799397,42.269744],[24.799296,42.269774],[24.799314,42.269807]]]},"properties":{"num":5}},{"type":"Feature","geometry":{"type":"Polygon","coordinates":[[[24.799333,42.269485],[24.799327,42.269446],[24.799239,42.269458],[24.79925,42.269498],[24.799333,42.269485]]]},"properties":{"num":1}},{"type":"Feature","geometry":{"type":"Polygon","coordinates":[[[24.799384,42.269326],[24.799378,42.2693],[24.799268,42.269315],[24.799275,42.26934],[24.799384,42.269326]]]},"properties":{"num":2}},{"type":"Feature","geometry":{"type":"Polygon","coordinates":[[[24.799244,42.269253],[24.79926,42.269316],[24.799389,42.269299],[24.79938,42.269259],[24.79933,42.269266],[24.799324,42.269242],[24.799244,42.269253]]]},"properties":{"num":3}},{"type":"Feature","geometry":{"type":"Polygon","coordinates":[[[24.799247,42.269298],[24.799198,42.269304],[24.799227,42.269413],[24.799276,42.269407],[24.799247,42.269298]]]},"properties":{"num":4}},{"type":"Feature","geometry":{"type":"Polygon","coordinates":[[[24.799228,42.269274],[24.799201,42.269278],[24.799207,42.269303],[24.799233,42.2693],[24.799228,42.269274]]]},"properties":{"num":5}},{"type":"Feature","geometry":{"type":"Polygon","coordinates":[[[24.799924,42.269272],[24.799882,42.269273],[24.799883,42.269285],[24.799925,42.269283],[24.799924,42.269272]]]},"properties":{"num":1}},{"type":"Feature","geometry":{"type":"Polygon","coordinates":[[[24.799922,42.269272],[24.799919,42.269235],[24.799875,42.269236],[24.799878,42.269273],[24.799922,42.269272]]]},"properties":{"num":2}},{"type":"Feature","geometry":{"type":"Polygon","coordinates":[[[24.800074,42.269196],[24.799996,42.2692],[24.800001,42.269241],[24.800126,42.269234],[24.80012,42.269171],[24.800072,42.269172],[24.800074,42.269196]]]},"properties":{"num":3}},{"type":"Feature","geometry":{"type":"Polygon","coordinates":[[[24.800151,42.269231],[24.800145,42.269169],[24.80012,42.269171],[24.800126,42.269234],[24.800151,42.269231]]]},"properties":{"num":4}},{"type":"Feature","geometry":{"type":"Polygon","coordinates":[[[24.799669,42.26925],[24.799717,42.269244],[24.799704,42.269181],[24.799655,42.269185],[24.799669,42.26925]]]},"properties":{"num":5}},{"type":"Feature","geometry":{"type":"Polygon","coordinates":[[[24.799677,42.269184],[24.799674,42.269171],[24.799653,42.269172],[24.799655,42.269185],[24.799677,42.269184]]]},"properties":{"num":6}},{"type":"Feature","geometry":{"type":"Polygon","coordinates":[[[24.799919,42.269235],[24.799922,42.269272],[24.800003,42.269269],[24.799999,42.269228],[24.799919,42.269235]]]},"properties":{"num":7}},{"type":"Feature","geometry":{"type":"Polygon","coordinates":[[[24.801616,42.269274],[24.801609,42.269356],[24.801701,42.269361],[24.801695,42.269424],[24.801806,42.26943],[24.80182,42.269286],[24.801616,42.269274]]]},"properties":{"num":1}},{"type":"Feature","geometry":{"type":"Polygon","coordinates":[[[24.801554,42.269125],[24.801544,42.269196],[24.801592,42.269197],[24.801602,42.269126],[24.801554,42.269125]]]},"properties":{"num":2}},{"type":"Feature","geometry":{"type":"Polygon","coordinates":[[[24.801561,42.269303],[24.801529,42.269301],[24.801527,42.269334],[24.801558,42.269335],[24.801561,42.269303]]]},"properties":{"num":3}},{"type":"Feature","geometry":{"type":"Polygon","coordinates":[[[24.801643,42.269924],[24.8016,42.269862],[24.801545,42.269881],[24.801588,42.269944],[24.801643,42.269924]]]},"properties":{"num":4}},{"type":"Feature","geometry":{"type":"Polygon","coordinates":[[[24.801826,42.270813],[24.801827,42.27078],[24.801674,42.270777],[24.801672,42.270809],[24.801826,42.270813]]]},"properties":{"num":1}},{"type":"Feature","geometry":{"type":"Polygon","coordinates":[[[24.801675,42.270758],[24.801674,42.270777],[24.801767,42.27078],[24.801767,42.270688],[24.801722,42.270685],[24.801721,42.270697],[24.801674,42.270694],[24.801668,42.270757],[24.801675,42.270758]]]},"properties":{"num":2}},{"type":"Feature","geometry":{"type":"Polygon","coordinates":[[[24.801051,42.270394],[24.801135,42.270388],[24.801132,42.27035],[24.801047,42.270354],[24.801051,42.270394]]]},"properties":{"num":1}},{"type":"Feature","geometry":{"type":"Polygon","coordinates":[[[24.80086,42.270446],[24.800975,42.270402],[24.800949,42.270364],[24.800908,42.27038],[24.800894,42.27036],[24.80082,42.270388],[24.80086,42.270446]]]},"properties":{"num":2}},{"type":"Feature","geometry":{"type":"Polygon","coordinates":[[[24.800728,42.270466],[24.800748,42.270504],[24.800874,42.270458],[24.800844,42.270423],[24.800728,42.270466]]]},"properties":{"num":3}},{"type":"Feature","geometry":{"type":"Polygon","coordinates":[[[24.800874,42.270458],[24.800963,42.27043],[24.800952,42.27041],[24.800864,42.270444],[24.800874,42.270458]]]},"properties":{"num":4}},{"type":"Feature","geometry":{"type":"Polygon","coordinates":[[[24.801065,42.270261],[24.801047,42.270229],[24.800997,42.270246],[24.801016,42.270277],[24.801065,42.270261]]]},"properties":{"num":5}},{"type":"Feature","geometry":{"type":"Polygon","coordinates":[[[24.801791,42.271105],[24.801715,42.271099],[24.801712,42.271117],[24.801788,42.271123],[24.801791,42.271105]]]},"properties":{"num":1}},{"type":"Feature","geometry":{"type":"Polygon","coordinates":[[[24.801796,42.271071],[24.801736,42.271066],[24.80173,42.271101],[24.801791,42.271105],[24.801796,42.271071]]]},"properties":{"num":2}},{"type":"Feature","geometry":{"type":"Polygon","coordinates":[[[24.80173,42.271101],[24.801743,42.271027],[24.801624,42.271018],[24.801611,42.271091],[24.80173,42.271101]]]},"properties":{"num":3}},{"type":"Feature","geometry":{"type":"Polygon","coordinates":[[[24.801799,42.271049],[24.80174,42.271043],[24.801736,42.271066],[24.801796,42.271071],[24.801799,42.271049]]]},"properties":{"num":4}},{"type":"Feature","geometry":{"type":"Polygon","coordinates":[[[24.800623,42.270837],[24.800648,42.27084],[24.800655,42.27081],[24.800631,42.270806],[24.800623,42.270837]]]},"properties":{"num":1}},{"type":"Feature","geometry":{"type":"Polygon","coordinates":[[[24.800648,42.27084],[24.800684,42.270845],[24.800695,42.270814],[24.800655,42.27081],[24.800648,42.27084]]]},"properties":{"num":2}},{"type":"Feature","geometry":{"type":"Polygon","coordinates":[[[24.800755,42.270847],[24.80076,42.270828],[24.80069,42.270819],[24.800675,42.270878],[24.800767,42.270891],[24.800778,42.27085],[24.800755,42.270847]]]},"properties":{"num":3}},{"type":"Feature","geometry":{"type":"Polygon","coordinates":[[[24.800507,42.271443],[24.800523,42.271376],[24.800481,42.271371],[24.800464,42.271441],[24.800507,42.271443]]]},"properties":{"num":1}},{"type":"Feature","geometry":{"type":"Polygon","coordinates":[[[24.800523,42.271376],[24.800531,42.271346],[24.80049,42.27134],[24.800481,42.271371],[24.800523,42.271376]]]},"properties":{"num":2}},{"type":"Feature","geometry":{"type":"Polygon","coordinates":[[[24.800784,42.271453],[24.800786,42.271424],[24.800694,42.271421],[24.800695,42.271395],[24.800609,42.271392],[24.800606,42.271447],[24.800784,42.271453]]]},"properties":{"num":3}},{"type":"Feature","geometry":{"type":"Polygon","coordinates":[[[24.80055,42.271445],[24.800553,42.271422],[24.800513,42.27142],[24.800507,42.271443],[24.80055,42.271445]]]},"properties":{"num":4}},{"type":"Feature","geometry":{"type":"Polygon","coordinates":[[[24.800964,42.271459],[24.800969,42.271407],[24.800788,42.271399],[24.800784,42.271453],[24.800964,42.271459]]]},"properties":{"num":1}},{"type":"Feature","geometry":{"type":"Polygon","coordinates":[[[24.8011,42.271406],[24.801048,42.271403],[24.801045,42.271464],[24.80109,42.271466],[24.8011,42.271406]]]},"properties":{"num":2}},{"type":"Feature","geometry":{"type":"Polygon","coordinates":[[[24.80109,42.271466],[24.801127,42.271468],[24.801137,42.271409],[24.8011,42.271406],[24.80109,42.271466]]]},"properties":{"num":1}},{"type":"Feature","geometry":{"type":"Polygon","coordinates":[[[24.801282,42.271434],[24.801141,42.271428],[24.801136,42.271468],[24.801278,42.271476],[24.801282,42.271434]]]},"properties":{"num":2}},{"type":"Feature","geometry":{"type":"Polygon","coordinates":[[[24.801648,42.271384],[24.801569,42.271379],[24.801563,42.271459],[24.801643,42.271462],[24.801648,42.271384]]]},"properties":{"num":3}},{"type":"Feature","geometry":{"type":"Polygon","coordinates":[[[24.8016,42.271381],[24.801648,42.271384],[24.801651,42.271366],[24.801603,42.271364],[24.8016,42.271381]]]},"properties":{"num":4}},{"type":"Feature","geometry":{"type":"Polygon","coordinates":[[[24.802376,42.269657],[24.802228,42.269658],[24.802231,42.269713],[24.80238,42.269712],[24.802376,42.269657]]]},"properties":{"num":1}},{"type":"Feature","geometry":{"type":"Polygon","coordinates":[[[24.802291,42.269598],[24.802225,42.269596],[24.802228,42.269658],[24.802292,42.269657],[24.802291,42.269598]]]},"properties":{"num":2}},{"type":"Feature","geometry":{"type":"Polygon","coordinates":[[[24.802388,42.269761],[24.80255,42.26976],[24.802549,42.269711],[24.80238,42.269712],[24.802388,42.269761]]]},"properties":{"num":1}},{"type":"Feature","geometry":{"type":"Polygon","coordinates":[[[24.802689,42.269748],[24.802687,42.269785],[24.802763,42.269787],[24.802763,42.269751],[24.802689,42.269748]]]},"properties":{"num":2}},{"type":"Feature","geometry":{"type":"Polygon","coordinates":[[[24.802567,42.269674],[24.802563,42.269733],[24.802694,42.269738],[24.802699,42.269659],[24.802615,42.269656],[24.802614,42.269676],[24.802567,42.269674]]]},"properties":{"num":3}},{"type":"Feature","geometry":{"type":"Polygon","coordinates":[[[24.802717,42.269615],[24.802713,42.269672],[24.802766,42.269674],[24.802769,42.269618],[24.802717,42.269615]]]},"properties":{"num":4}},{"type":"Feature","geometry":{"type":"Polygon","coordinates":[[[24.803225,42.269799],[24.803221,42.269853],[24.803344,42.269857],[24.803351,42.269787],[24.803269,42.269784],[24.803268,42.269801],[24.803225,42.269799]]]},"properties":{"num":1}},{"type":"Feature","geometry":{"type":"Polygon","coordinates":[[[24.803327,42.269683],[24.803276,42.269751],[24.803343,42.269778],[24.803389,42.269713],[24.803327,42.269683]]]},"properties":{"num":2}},{"type":"Feature","geometry":{"type":"Polygon","coordinates":[[[24.803369,42.269858],[24.803444,42.269862],[24.803446,42.269843],[24.803371,42.269839],[24.803369,42.269858]]]},"properties":{"num":3}},{"type":"Feature","geometry":{"type":"Polygon","coordinates":[[[24.803356,42.269571],[24.803397,42.269519],[24.803342,42.269493],[24.803337,42.269562],[24.803356,42.269571]]]},"properties":{"num":1}},{"type":"Feature","geometry":{"type":"Polygon","coordinates":[[[24.803446,42.269542],[24.803397,42.269519],[24.803367,42.269555],[24.803471,42.269603],[24.803521,42.269545],[24.803465,42.269519],[24.803446,42.269542]]]},"properties":{"num":2}},{"type":"Feature","geometry":{"type":"Polygon","coordinates":[[[24.80336,42.269235],[24.803426,42.269237],[24.803427,42.269165],[24.803363,42.269184],[24.80336,42.269235]]]},"properties":{"num":3}},{"type":"Feature","geometry":{"type":"Polygon","coordinates":[[[24.803643,42.269707],[24.803685,42.269658],[24.803535,42.269584],[24.803491,42.269634],[24.803643,42.269707]]]},"properties":{"num":4}},{"type":"Feature","geometry":{"type":"Polygon","coordinates":[[[24.804775,42.269664],[24.804795,42.269703],[24.804903,42.269676],[24.80489,42.26964],[24.804848,42.269649],[24.804842,42.269633],[24.804816,42.269638],[24.804822,42.269654],[24.804775,42.269664]]]},"properties":{"num":1}},{"type":"Feature","geometry":{"type":"Polygon","coordinates":[[[24.805135,42.269538],[24.805055,42.26956],[24.805085,42.269623],[24.805211,42.26959],[24.805192,42.26955],[24.805147,42.269562],[24.805135,42.269538]]]},"properties":{"num":1}},{"type":"Feature","geometry":{"type":"Polygon","coordinates":[[[24.805198,42.269562],[24.805213,42.269594],[24.805284,42.269575],[24.805269,42.269543],[24.805198,42.269562]]]},"properties":{"num":2}},{"type":"Feature","geometry":{"type":"Polygon","coordinates":[[[24.804871,42.26905],[24.804822,42.269062],[24.804836,42.269094],[24.804885,42.269081],[24.804871,42.26905]]]},"properties":{"num":1}},{"type":"Feature","geometry":{"type":"Polygon","coordinates":[[[24.804875,42.26906],[24.804968,42.269036],[24.80495,42.269002],[24.804927,42.269008],[24.804919,42.268991],[24.804881,42.269003],[24.804889,42.269018],[24.804858,42.269026],[24.804875,42.26906]]]},"properties":{"num":2}},{"type":"Feature","geometry":{"type":"Polygon","coordinates":[[[24.804885,42.269081],[24.804978,42.269057],[24.804968,42.269036],[24.804875,42.26906],[24.804885,42.269081]]]},"properties":{"num":3}},{"type":"Feature","geometry":{"type":"Polygon","coordinates":[[[24.804804,42.268891],[24.804787,42.268843],[24.804744,42.268852],[24.804764,42.2689],[24.804804,42.268891]]]},"properties":{"num":1}},{"type":"Feature","geometry":{"type":"Polygon","coordinates":[[[24.804804,42.268891],[24.804875,42.268874],[24.80486,42.268838],[24.804792,42.268854],[24.804804,42.268891]]]},"properties":{"num":2}},{"type":"Feature","geometry":{"type":"Polygon","coordinates":[[[24.804264,42.267478],[24.804186,42.2675],[24.8042,42.267523],[24.804151,42.267536],[24.804172,42.267577],[24.804296,42.267543],[24.804264,42.267478]]]},"properties":{"num":1}},{"type":"Feature","geometry":{"type":"Polygon","coordinates":[[[24.804198,42.26757],[24.804172,42.267577],[24.804166,42.267566],[24.804114,42.26758],[24.804137,42.267626],[24.804215,42.267605],[24.804198,42.26757]]]},"properties":{"num":2}},{"type":"Feature","geometry":{"type":"Polygon","coordinates":[[[24.803924,42.26778],[24.803848,42.267784],[24.803854,42.267844],[24.803984,42.26784],[24.803976,42.267764],[24.803923,42.267766],[24.803924,42.26778]]]},"properties":{"num":1}},{"type":"Feature","geometry":{"type":"Polygon","coordinates":[[[24.80398,42.267804],[24.803984,42.26784],[24.804057,42.267834],[24.804051,42.2678],[24.80398,42.267804]]]},"properties":{"num":2}},{"type":"Feature","geometry":{"type":"Polygon","coordinates":[[[24.804051,42.2678],[24.804046,42.267763],[24.803977,42.267767],[24.80398,42.267804],[24.804051,42.2678]]]},"properties":{"num":3}},{"type":"Feature","geometry":{"type":"Polygon","coordinates":[[[24.803277,42.267944],[24.8032,42.267929],[24.803188,42.267963],[24.803265,42.267978],[24.803277,42.267944]]]},"properties":{"num":1}},{"type":"Feature","geometry":{"type":"Polygon","coordinates":[[[24.803264,42.267751],[24.80329,42.26775],[24.803293,42.267737],[24.803267,42.267738],[24.803264,42.267751]]]},"properties":{"num":2}},{"type":"Feature","geometry":{"type":"Polygon","coordinates":[[[24.803072,42.268287],[24.803135,42.2683],[24.803138,42.26829],[24.80326,42.26831],[24.803281,42.268252],[24.803205,42.268239],[24.803198,42.268258],[24.803089,42.268239],[24.803072,42.268287]]]},"properties":{"num":1}},{"type":"Feature","geometry":{"type":"Polygon","coordinates":[[[24.803107,42.26819],[24.803158,42.268201],[24.803217,42.268043],[24.803165,42.268032],[24.803107,42.26819]]]},"properties":{"num":2}},{"type":"Feature","geometry":{"type":"Polygon","coordinates":[[[24.804304,42.268767],[24.804501,42.268699],[24.804482,42.26866],[24.80428,42.26873],[24.804304,42.268767]]]},"properties":{"num":2}},{"type":"Feature","geometry":{"type":"Polygon","coordinates":[[[24.80422,42.268796],[24.804198,42.268764],[24.804192,42.268766],[24.804161,42.268717],[24.804099,42.268738],[24.80409,42.268723],[24.804051,42.268734],[24.804109,42.268834],[24.80422,42.268796]]]},"properties":{"num":3}},{"type":"Feature","geometry":{"type":"Polygon","coordinates":[[[24.802923,42.268698],[24.803053,42.268725],[24.803081,42.268651],[24.802998,42.268634],[24.80299,42.268654],[24.802942,42.268645],[24.802923,42.268698]]]},"properties":{"num":1}},{"type":"Feature","geometry":{"type":"Polygon","coordinates":[[[24.803211,42.268787],[24.803227,42.268749],[24.803057,42.268715],[24.803043,42.268752],[24.803211,42.268787]]]},"properties":{"num":2}},{"type":"Feature","geometry":{"type":"Polygon","coordinates":[[[24.802972,42.268559],[24.803053,42.268573],[24.803066,42.268539],[24.802985,42.268525],[24.802972,42.268559]]]},"properties":{"num":3}},{"type":"Feature","geometry":{"type":"Polygon","coordinates":[[[24.803259,42.268687],[24.803273,42.268665],[24.803219,42.268648],[24.803206,42.26867],[24.803259,42.268687]]]},"properties":{"num":4}},{"type":"Feature","geometry":{"type":"Polygon","coordinates":[[[24.803237,42.268618],[24.803219,42.268648],[24.803273,42.268665],[24.803291,42.268635],[24.803237,42.268618]]]},"properties":{"num":5}},{"type":"Feature","geometry":{"type":"Polygon","coordinates":[[[24.803007,42.268466],[24.803083,42.268482],[24.803144,42.268314],[24.803068,42.268299],[24.803007,42.268466]]]},"properties":{"num":6}},{"type":"Feature","geometry":{"type":"Polygon","coordinates":[[[24.802914,42.268377],[24.802893,42.268372],[24.80288,42.268412],[24.8029,42.268415],[24.802914,42.268377]]]},"properties":{"num":1}},{"type":"Feature","geometry":{"type":"Polygon","coordinates":[[[24.80284,42.268339],[24.802846,42.26832],[24.802799,42.268312],[24.802773,42.268394],[24.802879,42.268414],[24.802892,42.268375],[24.802856,42.268368],[24.802864,42.268344],[24.80284,42.268339]]]},"properties":{"num":2}},{"type":"Feature","geometry":{"type":"Polygon","coordinates":[[[24.802894,42.268431],[24.802686,42.26839],[24.802673,42.268425],[24.802881,42.268466],[24.802894,42.268431]]]},"properties":{"num":3}},{"type":"Feature","geometry":{"type":"Polygon","coordinates":[[[24.802673,42.268425],[24.802686,42.26839],[24.802588,42.26837],[24.802575,42.268405],[24.802673,42.268425]]]},"properties":{"num":4}},{"type":"Feature","geometry":{"type":"Polygon","coordinates":[[[24.802059,42.268237],[24.802165,42.26823],[24.802161,42.268201],[24.802058,42.268208],[24.802059,42.268237]]]},"properties":{"num":1}},{"type":"Feature","geometry":{"type":"Polygon","coordinates":[[[24.802051,42.268091],[24.802152,42.268089],[24.802148,42.268028],[24.802103,42.26803],[24.802101,42.267991],[24.802046,42.267993],[24.802051,42.268091]]]},"properties":{"num":1}},{"type":"Feature","geometry":{"type":"Polygon","coordinates":[[[24.802103,42.26803],[24.802148,42.268028],[24.802147,42.26801],[24.802102,42.268011],[24.802103,42.26803]]]},"properties":{"num":2}},{"type":"Feature","geometry":{"type":"Polygon","coordinates":[[[24.802116,42.268205],[24.802161,42.268201],[24.802159,42.268151],[24.802113,42.268154],[24.802116,42.268205]]]},"properties":{"num":3}},{"type":"Feature","geometry":{"type":"Polygon","coordinates":[[[24.802938,42.267635],[24.802885,42.267634],[24.802886,42.267675],[24.803017,42.267678],[24.803017,42.267637],[24.802968,42.267636],[24.802968,42.267621],[24.802938,42.267621],[24.802938,42.267635]]]},"properties":{"num":1}},{"type":"Feature","geometry":{"type":"Polygon","coordinates":[[[24.803153,42.26764],[24.803017,42.267637],[24.803017,42.267678],[24.803155,42.26768],[24.803153,42.26764]]]},"properties":{"num":2}},{"type":"Feature","geometry":{"type":"Polygon","coordinates":[[[24.802878,42.267701],[24.802875,42.267756],[24.802926,42.267757],[24.802928,42.267702],[24.802878,42.267701]]]},"properties":{"num":3}},{"type":"Feature","geometry":{"type":"Polygon","coordinates":[[[24.802929,42.267676],[24.802879,42.267675],[24.802878,42.267701],[24.802928,42.267702],[24.802929,42.267676]]]},"properties":{"num":4}},{"type":"Feature","geometry":{"type":"Polygon","coordinates":[[[24.802736,42.267874],[24.802733,42.267809],[24.802692,42.267809],[24.802694,42.267836],[24.802643,42.267838],[24.802644,42.267876],[24.802736,42.267874]]]},"properties":{"num":1}},{"type":"Feature","geometry":{"type":"Polygon","coordinates":[[[24.802042,42.267897],[24.802181,42.267893],[24.802178,42.26785],[24.802127,42.267851],[24.802125,42.26782],[24.802039,42.267822],[24.802042,42.267897]]]},"properties":{"num":1}},{"type":"Feature","geometry":{"type":"Polygon","coordinates":[[[24.802028,42.267592],[24.802034,42.267736],[24.802096,42.267735],[24.802092,42.267634],[24.802169,42.267633],[24.802168,42.26759],[24.802028,42.267592]]]},"properties":{"num":2}},{"type":"Feature","geometry":{"type":"Polygon","coordinates":[[[24.801599,42.267967],[24.801609,42.268],[24.801711,42.267993],[24.801709,42.267961],[24.801599,42.267967]]]},"properties":{"num":1}},{"type":"Feature","geometry":{"type":"Polygon","coordinates":[[[24.801796,42.267941],[24.80177,42.267942],[24.801771,42.267958],[24.801797,42.267957],[24.801796,42.267941]]]},"properties":{"num":2}},{"type":"Feature","geometry":{"type":"Polygon","coordinates":[[[24.80184,42.26794],[24.801837,42.267867],[24.80172,42.267869],[24.801723,42.267951],[24.801771,42.26795],[24.80177,42.267942],[24.80184,42.26794]]]},"properties":{"num":3}},{"type":"Feature","geometry":{"type":"Polygon","coordinates":[[[24.801885,42.267598],[24.801827,42.267603],[24.801837,42.267779],[24.801893,42.267779],[24.801885,42.267598]]]},"properties":{"num":4}},{"type":"Feature","geometry":{"type":"Polygon","coordinates":[[[24.801006,42.268022],[24.801058,42.267985],[24.800936,42.267881],[24.800884,42.267917],[24.801006,42.268022]]]},"properties":{"num":1}},{"type":"Feature","geometry":{"type":"Polygon","coordinates":[[[24.801082,42.267876],[24.800984,42.267921],[24.801025,42.267956],[24.801115,42.267916],[24.801082,42.267876]]]},"properties":{"num":2}},{"type":"Feature","geometry":{"type":"Polygon","coordinates":[[[24.801115,42.267916],[24.801234,42.267862],[24.801203,42.267821],[24.801102,42.267863],[24.801105,42.267866],[24.801082,42.267876],[24.801115,42.267916]]]},"properties":{"num":3}},{"type":"Feature","geometry":{"type":"Polygon","coordinates":[[[24.800884,42.267917],[24.800924,42.267889],[24.800831,42.267807],[24.800788,42.267836],[24.800884,42.267917]]]},"properties":{"num":4}},{"type":"Feature","geometry":{"type":"Polygon","coordinates":[[[24.800892,42.267859],[24.800904,42.267852],[24.800918,42.267865],[24.80096,42.267838],[24.800906,42.26779],[24.800831,42.267807],[24.800892,42.267859]]]},"properties":{"num":5}},{"type":"Feature","geometry":{"type":"Polygon","coordinates":[[[24.801039,42.267853],[24.801053,42.267846],[24.801014,42.267798],[24.800987,42.267809],[24.801018,42.267847],[24.801029,42.267842],[24.801039,42.267853]]]},"properties":{"num":6}},{"type":"Feature","geometry":{"type":"Polygon","coordinates":[[[24.801036,42.26776],[24.801062,42.267796],[24.801186,42.267766],[24.801171,42.267728],[24.801036,42.26776]]]},"properties":{"num":7}},{"type":"Feature","geometry":{"type":"Polygon","coordinates":[[[24.801176,42.268164],[24.801269,42.268104],[24.801202,42.268047],[24.801126,42.268098],[24.801116,42.268089],[24.8011,42.268099],[24.801176,42.268164]]]},"properties":{"num":1}},{"type":"Feature","geometry":{"type":"Polygon","coordinates":[[[24.801006,42.268022],[24.801029,42.268042],[24.801087,42.268002],[24.801063,42.267982],[24.801006,42.268022]]]},"properties":{"num":2}},{"type":"Feature","geometry":{"type":"Polygon","coordinates":[[[24.801063,42.267982],[24.801087,42.268002],[24.801129,42.267974],[24.801104,42.267953],[24.801063,42.267982]]]},"properties":{"num":3}},{"type":"Feature","geometry":{"type":"Polygon","coordinates":[[[24.801607,42.267985],[24.80159,42.267946],[24.801433,42.267984],[24.801452,42.268023],[24.801607,42.267985]]]},"properties":{"num":5}},{"type":"Feature","geometry":{"type":"Polygon","coordinates":[[[24.80143,42.268199],[24.801399,42.268173],[24.801383,42.268183],[24.801357,42.268161],[24.801331,42.268178],[24.801306,42.268156],[24.801241,42.268198],[24.801418,42.268346],[24.801481,42.268305],[24.80139,42.268228],[24.80143,42.268199]]]},"properties":{"num":1}},{"type":"Feature","geometry":{"type":"Polygon","coordinates":[[[24.80163,42.268133],[24.801557,42.26807],[24.801399,42.268173],[24.80143,42.268199],[24.80139,42.268228],[24.801466,42.268293],[24.801643,42.268178],[24.801608,42.268146],[24.80163,42.268133]]]},"properties":{"num":2}},{"type":"Feature","geometry":{"type":"Polygon","coordinates":[[[24.801902,42.267982],[24.8016,42.268001],[24.801605,42.268081],[24.801905,42.268063],[24.801902,42.267982]]]},"properties":{"num":1}},{"type":"Feature","geometry":{"type":"Polygon","coordinates":[[[24.801785,42.268397],[24.801641,42.268486],[24.801736,42.26857],[24.80188,42.268481],[24.801785,42.268397]]]},"properties":{"num":1}},{"type":"Feature","geometry":{"type":"Polygon","coordinates":[[[24.801531,42.268842],[24.80153,42.268813],[24.801522,42.268813],[24.801521,42.2688],[24.801396,42.2688],[24.801396,42.268856],[24.801521,42.268856],[24.801521,42.268842],[24.801531,42.268842]]]},"properties":{"num":1}},{"type":"Feature","geometry":{"type":"Polygon","coordinates":[[[24.801396,42.268821],[24.801396,42.2688],[24.80136,42.2688],[24.801359,42.268821],[24.801396,42.268821]]]},"properties":{"num":2}},{"type":"Feature","geometry":{"type":"Polygon","coordinates":[[[24.800633,42.268939],[24.800601,42.268937],[24.800598,42.268961],[24.800631,42.268962],[24.800633,42.268939]]]},"properties":{"num":1}},{"type":"Feature","geometry":{"type":"Polygon","coordinates":[[[24.800323,42.268909],[24.800411,42.268905],[24.800407,42.268866],[24.800393,42.268867],[24.800391,42.268845],[24.800373,42.268846],[24.80037,42.268808],[24.800317,42.268811],[24.800323,42.268909]]]},"properties":{"num":1}},{"type":"Feature","geometry":{"type":"Polygon","coordinates":[[[24.800478,42.268921],[24.800214,42.268944],[24.80022,42.268985],[24.800474,42.268963],[24.800478,42.268921]]]},"properties":{"num":2}},{"type":"Feature","geometry":{"type":"Polygon","coordinates":[[[24.800323,42.268583],[24.800462,42.268585],[24.800463,42.268512],[24.800324,42.26851],[24.800323,42.268583]]]},"properties":{"num":1}},{"type":"Feature","geometry":{"type":"Polygon","coordinates":[[[24.800462,42.268604],[24.800462,42.268585],[24.800349,42.268583],[24.800348,42.268602],[24.800462,42.268604]]]},"properties":{"num":2}},{"type":"Feature","geometry":{"type":"Polygon","coordinates":[[[24.800235,42.268271],[24.800164,42.268268],[24.800157,42.268322],[24.80023,42.268325],[24.800235,42.268271]]]},"properties":{"num":1}},{"type":"Feature","geometry":{"type":"Polygon","coordinates":[[[24.800548,42.268222],[24.800474,42.268218],[24.800471,42.26824],[24.800421,42.268238],[24.800414,42.268292],[24.800381,42.26829],[24.800377,42.268332],[24.800537,42.268339],[24.800548,42.268222]]]},"properties":{"num":2}},{"type":"Feature","geometry":{"type":"Polygon","coordinates":[[[24.800451,42.268223],[24.800423,42.268222],[24.800421,42.268238],[24.80045,42.268239],[24.800451,42.268223]]]},"properties":{"num":3}},{"type":"Feature","geometry":{"type":"Polygon","coordinates":[[[24.800463,42.268136],[24.80047,42.26807],[24.800409,42.268067],[24.800402,42.268133],[24.800463,42.268136]]]},"properties":{"num":4}},{"type":"Feature","geometry":{"type":"Polygon","coordinates":[[[24.800569,42.26801],[24.800412,42.268009],[24.80041,42.268049],[24.800565,42.268051],[24.800569,42.26801]]]},"properties":{"num":5}},{"type":"Feature","geometry":{"type":"Polygon","coordinates":[[[24.800235,42.268271],[24.80023,42.268325],[24.800377,42.268332],[24.800382,42.268278],[24.800235,42.268271]]]},"properties":{"num":6}},{"type":"Feature","geometry":{"type":"Polygon","coordinates":[[[24.800501,42.268138],[24.800503,42.268115],[24.800465,42.268113],[24.800463,42.268136],[24.800501,42.268138]]]},"properties":{"num":7}},{"type":"Feature","geometry":{"type":"Polygon","coordinates":[[[24.80041,42.268009],[24.800415,42.267958],[24.800369,42.267955],[24.800363,42.268008],[24.80041,42.268009]]]},"properties":{"num":1}},{"type":"Feature","geometry":{"type":"Polygon","coordinates":[[[24.800445,42.26796],[24.800446,42.267947],[24.800513,42.267951],[24.800518,42.267894],[24.800406,42.267888],[24.8004,42.267957],[24.800445,42.26796]]]},"properties":{"num":2}},{"type":"Feature","geometry":{"type":"Polygon","coordinates":[[[24.800362,42.267945],[24.800368,42.267915],[24.800345,42.267913],[24.800339,42.267942],[24.800362,42.267945]]]},"properties":{"num":3}},{"type":"Feature","geometry":{"type":"Polygon","coordinates":[[[24.800523,42.267749],[24.800502,42.267717],[24.800386,42.267753],[24.800404,42.267786],[24.800523,42.267749]]]},"properties":{"num":4}},{"type":"Feature","geometry":{"type":"Polygon","coordinates":[[[24.800449,42.26789],[24.800475,42.267892],[24.800477,42.267866],[24.800451,42.267864],[24.800449,42.26789]]]},"properties":{"num":5}},{"type":"Feature","geometry":{"type":"Polygon","coordinates":[[[24.800581,42.267875],[24.800584,42.267845],[24.800533,42.267843],[24.80053,42.267873],[24.800581,42.267875]]]},"properties":{"num":6}},{"type":"Feature","geometry":{"type":"Polygon","coordinates":[[[24.800584,42.267845],[24.800585,42.267831],[24.800552,42.267829],[24.800551,42.267843],[24.800584,42.267845]]]},"properties":{"num":7}},{"type":"Feature","geometry":{"type":"Polygon","coordinates":[[[24.800523,42.267749],[24.800478,42.267763],[24.800512,42.267808],[24.800555,42.267791],[24.800523,42.267749]]]},"properties":{"num":8}},{"type":"Feature","geometry":{"type":"Polygon","coordinates":[[[24.800435,42.267709],[24.800421,42.267685],[24.800414,42.267687],[24.800406,42.267672],[24.800371,42.267682],[24.800365,42.267671],[24.800348,42.267675],[24.800343,42.267666],[24.800279,42.267684],[24.800289,42.267701],[24.800295,42.267699],[24.800316,42.267741],[24.800435,42.267709]]]},"properties":{"num":1}},{"type":"Feature","geometry":{"type":"Polygon","coordinates":[[[24.800502,42.267717],[24.800481,42.267693],[24.800406,42.267717],[24.800419,42.267743],[24.800502,42.267717]]]},"properties":{"num":2}},{"type":"Feature","geometry":{"type":"Polygon","coordinates":[[[24.800419,42.267743],[24.800406,42.267717],[24.800316,42.267741],[24.800295,42.267699],[24.800229,42.267719],[24.800242,42.267743],[24.800203,42.267755],[24.80022,42.267787],[24.800325,42.267761],[24.800386,42.267753],[24.800419,42.267743]]]},"properties":{"num":3}},{"type":"Feature","geometry":{"type":"Polygon","coordinates":[[[24.800414,42.267607],[24.800321,42.267488],[24.800285,42.267503],[24.800378,42.267623],[24.800414,42.267607]]]},"properties":{"num":4}},{"type":"Feature","geometry":{"type":"Polygon","coordinates":[[[24.800289,42.267701],[24.800206,42.267557],[24.800147,42.267575],[24.800229,42.267719],[24.800289,42.267701]]]},"properties":{"num":5}},{"type":"Feature","geometry":{"type":"Polygon","coordinates":[[[24.800242,42.267743],[24.800209,42.267682],[24.800012,42.26774],[24.800051,42.267806],[24.800084,42.267797],[24.80008,42.26779],[24.800242,42.267743]]]},"properties":{"num":6}},{"type":"Feature","geometry":{"type":"Polygon","coordinates":[[[24.800136,42.267674],[24.800095,42.2676],[24.799965,42.26764],[24.800005,42.267713],[24.800136,42.267674]]]},"properties":{"num":7}},{"type":"Feature","geometry":{"type":"Polygon","coordinates":[[[24.800303,42.267527],[24.800285,42.267503],[24.800236,42.267524],[24.800243,42.267534],[24.800236,42.267537],[24.800247,42.267551],[24.800303,42.267527]]]},"properties":{"num":8}},{"type":"Feature","geometry":{"type":"Polygon","coordinates":[[[24.799659,42.267893],[24.799592,42.267767],[24.799533,42.267783],[24.799595,42.26791],[24.799659,42.267893]]]},"properties":{"num":9}},{"type":"Feature","geometry":{"type":"Polygon","coordinates":[[[24.799698,42.26792],[24.799684,42.267892],[24.799619,42.267909],[24.799632,42.267937],[24.799698,42.26792]]]},"properties":{"num":10}},{"type":"Feature","geometry":{"type":"Polygon","coordinates":[[[24.800308,42.267544],[24.800298,42.267542],[24.800267,42.267555],[24.800279,42.267569],[24.800309,42.267556],[24.800308,42.267544]]]},"properties":{"num":11}},{"type":"Feature","geometry":{"type":"Polygon","coordinates":[[[24.800187,42.267519],[24.80017,42.26749],[24.800043,42.26753],[24.800061,42.267561],[24.800187,42.267519]]]},"properties":{"num":12}},{"type":"Feature","geometry":{"type":"Polygon","coordinates":[[[24.800233,42.267372],[24.800104,42.267417],[24.800125,42.267454],[24.800255,42.267403],[24.800233,42.267372]]]},"properties":{"num":2}},{"type":"Feature","geometry":{"type":"Polygon","coordinates":[[[24.799908,42.267206],[24.799972,42.267336],[24.800008,42.267326],[24.799944,42.267197],[24.799908,42.267206]]]},"properties":{"num":4}},{"type":"Feature","geometry":{"type":"Polygon","coordinates":[[[24.80008,42.267159],[24.799962,42.267192],[24.80012,42.267412],[24.800233,42.267372],[24.80008,42.267159]]]},"properties":{"num":5}},{"type":"Feature","geometry":{"type":"Polygon","coordinates":[[[24.799658,42.267672],[24.799634,42.267629],[24.799533,42.26766],[24.799556,42.267703],[24.799658,42.267672]]]},"properties":{"num":1}},{"type":"Feature","geometry":{"type":"Polygon","coordinates":[[[24.799673,42.267697],[24.799658,42.267672],[24.7995,42.26772],[24.799516,42.267749],[24.799673,42.267697]]]},"properties":{"num":2}},{"type":"Feature","geometry":{"type":"Polygon","coordinates":[[[24.799375,42.267859],[24.799295,42.267875],[24.799318,42.267942],[24.799444,42.267917],[24.799431,42.267879],[24.799382,42.267887],[24.799375,42.267859]]]},"properties":{"num":1}},{"type":"Feature","geometry":{"type":"Polygon","coordinates":[[[24.799295,42.267946],[24.799318,42.267942],[24.799295,42.267875],[24.799272,42.267879],[24.799295,42.267946]]]},"properties":{"num":2}},{"type":"Feature","geometry":{"type":"Polygon","coordinates":[[[24.799281,42.267907],[24.79924,42.267915],[24.799234,42.267897],[24.799159,42.267912],[24.799176,42.267969],[24.799295,42.267946],[24.799281,42.267907]]]},"properties":{"num":3}},{"type":"Feature","geometry":{"type":"Polygon","coordinates":[[[24.798825,42.267635],[24.798947,42.267601],[24.798916,42.26754],[24.79884,42.267562],[24.798851,42.267584],[24.798805,42.267597],[24.798825,42.267635]]]},"properties":{"num":1}},{"type":"Feature","geometry":{"type":"Polygon","coordinates":[[[24.798964,42.267554],[24.798928,42.267564],[24.798974,42.267652],[24.799011,42.267641],[24.798964,42.267554]]]},"properties":{"num":2}},{"type":"Feature","geometry":{"type":"Polygon","coordinates":[[[24.798651,42.26762],[24.79866,42.267636],[24.798614,42.267648],[24.798634,42.267689],[24.79875,42.267658],[24.798721,42.267601],[24.798651,42.26762]]]},"properties":{"num":1}},{"type":"Feature","geometry":{"type":"Polygon","coordinates":[[[24.798972,42.268334],[24.799098,42.26829],[24.799071,42.268247],[24.799033,42.268262],[24.799006,42.268215],[24.798964,42.268231],[24.798972,42.268244],[24.798924,42.268261],[24.798972,42.268334]]]},"properties":{"num":1}},{"type":"Feature","geometry":{"type":"Polygon","coordinates":[[[24.799406,42.268091],[24.799419,42.268125],[24.799497,42.268107],[24.799483,42.268072],[24.799406,42.268091]]]},"properties":{"num":2}},{"type":"Feature","geometry":{"type":"Polygon","coordinates":[[[24.799197,42.268256],[24.79939,42.268191],[24.799363,42.268147],[24.799171,42.268213],[24.799197,42.268256]]]},"properties":{"num":3}},{"type":"Feature","geometry":{"type":"Polygon","coordinates":[[[24.799197,42.268256],[24.799171,42.268213],[24.799147,42.268221],[24.799173,42.268264],[24.799197,42.268256]]]},"properties":{"num":4}},{"type":"Feature","geometry":{"type":"Polygon","coordinates":[[[24.799173,42.268264],[24.799147,42.268221],[24.799071,42.268247],[24.799098,42.26829],[24.799173,42.268264]]]},"properties":{"num":5}},{"type":"Feature","geometry":{"type":"Polygon","coordinates":[[[24.798875,42.268225],[24.798837,42.268237],[24.798846,42.268255],[24.798885,42.268243],[24.798875,42.268225]]]},"properties":{"num":6}},{"type":"Feature","geometry":{"type":"Polygon","coordinates":[[[24.799464,42.26817],[24.799482,42.268202],[24.799605,42.268172],[24.799587,42.268139],[24.799464,42.26817]]]},"properties":{"num":1}},{"type":"Feature","geometry":{"type":"Polygon","coordinates":[[[24.799413,42.268185],[24.79943,42.268217],[24.799482,42.268202],[24.799464,42.26817],[24.799413,42.268185]]]},"properties":{"num":2}},{"type":"Feature","geometry":{"type":"Polygon","coordinates":[[[24.799708,42.268473],[24.799736,42.268529],[24.79978,42.268509],[24.799756,42.26846],[24.799708,42.268473]]]},"properties":{"num":1}},{"type":"Feature","geometry":{"type":"Polygon","coordinates":[[[24.799751,42.269026],[24.799736,42.268947],[24.799657,42.268955],[24.79967,42.269033],[24.799751,42.269026]]]},"properties":{"num":1}},{"type":"Feature","geometry":{"type":"Polygon","coordinates":[[[24.799848,42.268862],[24.799752,42.268865],[24.799755,42.268892],[24.79977,42.268892],[24.799773,42.26892],[24.799794,42.268918],[24.799797,42.268945],[24.799803,42.268944],[24.799808,42.269021],[24.799857,42.269017],[24.799848,42.268862]]]},"properties":{"num":2}},{"type":"Feature","geometry":{"type":"Polygon","coordinates":[[[24.79978,42.268509],[24.799736,42.268529],[24.799764,42.268602],[24.799811,42.268592],[24.79978,42.268509]]]},"properties":{"num":3}},{"type":"Feature","geometry":{"type":"Polygon","coordinates":[[[24.799535,42.268916],[24.799564,42.269042],[24.799624,42.269037],[24.799601,42.268928],[24.799587,42.268929],[24.799583,42.26891],[24.799535,42.268916]]]},"properties":{"num":4}},{"type":"Feature","geometry":{"type":"Polygon","coordinates":[[[24.799512,42.26881],[24.799525,42.268868],[24.799553,42.268865],[24.79954,42.268807],[24.799512,42.26881]]]},"properties":{"num":5}},{"type":"Feature","geometry":{"type":"Polygon","coordinates":[[[24.799525,42.268868],[24.799535,42.268916],[24.799583,42.26891],[24.799573,42.268862],[24.799525,42.268868]]]},"properties":{"num":6}},{"type":"Feature","geometry":{"type":"Polygon","coordinates":[[[24.799533,42.2688],[24.79953,42.26879],[24.799508,42.268792],[24.79951,42.268803],[24.799533,42.2688]]]},"properties":{"num":7}},{"type":"Feature","geometry":{"type":"Polygon","coordinates":[[[24.799781,42.268763],[24.799768,42.268676],[24.79968,42.268683],[24.799683,42.268698],[24.799643,42.268702],[24.799649,42.268737],[24.799661,42.268736],[24.799663,42.268773],[24.799781,42.268763]]]},"properties":{"num":8}},{"type":"Feature","geometry":{"type":"Polygon","coordinates":[[[24.799442,42.269053],[24.799433,42.269013],[24.799451,42.26901],[24.799447,42.268988],[24.799416,42.268991],[24.799413,42.268977],[24.799368,42.268981],[24.799383,42.269058],[24.799442,42.269053]]]},"properties":{"num":1}},{"type":"Feature","geometry":{"type":"Polygon","coordinates":[[[24.799459,42.269051],[24.799451,42.26901],[24.799433,42.269013],[24.799442,42.269053],[24.799459,42.269051]]]},"properties":{"num":2}},{"type":"Feature","geometry":{"type":"Polygon","coordinates":[[[24.799535,42.268916],[24.799485,42.26892],[24.799502,42.268993],[24.79955,42.268987],[24.799535,42.268916]]]},"properties":{"num":3}},{"type":"Feature","geometry":{"type":"Polygon","coordinates":[[[24.799531,42.268899],[24.799481,42.268905],[24.799485,42.26892],[24.799534,42.268914],[24.799531,42.268899]]]},"properties":{"num":4}},{"type":"Feature","geometry":{"type":"Polygon","coordinates":[[[24.799527,42.268878],[24.799476,42.268884],[24.799481,42.268905],[24.799531,42.268899],[24.799527,42.268878]]]},"properties":{"num":5}},{"type":"Feature","geometry":{"type":"Polygon","coordinates":[[[24.799527,42.268878],[24.799522,42.268854],[24.799471,42.26886],[24.799476,42.268884],[24.799527,42.268878]]]},"properties":{"num":6}},{"type":"Feature","geometry":{"type":"Polygon","coordinates":[[[24.799349,42.26906],[24.799383,42.269058],[24.799368,42.268981],[24.79932,42.268985],[24.799343,42.269026],[24.799349,42.26906]]]},"properties":{"num":7}},{"type":"Feature","geometry":{"type":"Polygon","coordinates":[[[24.799128,42.269079],[24.799176,42.269055],[24.799148,42.269024],[24.799163,42.269016],[24.799144,42.268995],[24.799115,42.269009],[24.799106,42.268999],[24.799071,42.269016],[24.799128,42.269079]]]},"properties":{"num":1}},{"type":"Feature","geometry":{"type":"Polygon","coordinates":[[[24.799179,42.269032],[24.799163,42.269016],[24.799148,42.269024],[24.799162,42.26904],[24.799179,42.269032]]]},"properties":{"num":2}},{"type":"Feature","geometry":{"type":"Polygon","coordinates":[[[24.799281,42.269066],[24.799276,42.269031],[24.799162,42.26904],[24.799176,42.269055],[24.799128,42.269079],[24.799281,42.269066]]]},"properties":{"num":3}},{"type":"Feature","geometry":{"type":"Polygon","coordinates":[[[24.799343,42.269026],[24.799276,42.269031],[24.799281,42.269066],[24.799349,42.26906],[24.799343,42.269026]]]},"properties":{"num":4}},{"type":"Feature","geometry":{"type":"Polygon","coordinates":[[[24.798831,42.268679],[24.798841,42.268694],[24.798837,42.268695],[24.798866,42.268735],[24.798956,42.2687],[24.798906,42.268632],[24.798833,42.268664],[24.798841,42.268675],[24.798831,42.268679]]]},"properties":{"num":1}},{"type":"Feature","geometry":{"type":"Polygon","coordinates":[[[24.798828,42.26875],[24.798866,42.268735],[24.798837,42.268695],[24.798795,42.268712],[24.798828,42.26875]]]},"properties":{"num":2}},{"type":"Feature","geometry":{"type":"Polygon","coordinates":[[[24.798733,42.268642],[24.798789,42.268615],[24.798773,42.268597],[24.798716,42.268623],[24.798733,42.268642]]]},"properties":{"num":3}},{"type":"Feature","geometry":{"type":"Polygon","coordinates":[[[24.798697,42.268601],[24.798807,42.268546],[24.798761,42.268496],[24.798692,42.26853],[24.798703,42.268542],[24.798662,42.268561],[24.798697,42.268601]]]},"properties":{"num":1}},{"type":"Feature","geometry":{"type":"Polygon","coordinates":[[[24.798716,42.268623],[24.798773,42.268597],[24.798752,42.268574],[24.798697,42.268601],[24.798716,42.268623]]]},"properties":{"num":2}},{"type":"Feature","geometry":{"type":"Polygon","coordinates":[[[24.798579,42.268465],[24.798612,42.268504],[24.798695,42.268465],[24.798675,42.268432],[24.798579,42.268465]]]},"properties":{"num":3}},{"type":"Feature","geometry":{"type":"Polygon","coordinates":[[[24.798048,42.267871],[24.798088,42.267851],[24.798013,42.267767],[24.797972,42.267787],[24.798048,42.267871]]]},"properties":{"num":1}},{"type":"Feature","geometry":{"type":"Polygon","coordinates":[[[24.798088,42.267851],[24.798048,42.267871],[24.798061,42.267886],[24.798101,42.267866],[24.798088,42.267851]]]},"properties":{"num":2}},{"type":"Feature","geometry":{"type":"Polygon","coordinates":[[[24.797783,42.267698],[24.797775,42.267654],[24.797694,42.267666],[24.797707,42.26771],[24.797783,42.267698]]]},"properties":{"num":1}},{"type":"Feature","geometry":{"type":"Polygon","coordinates":[[[24.797648,42.26772],[24.797636,42.26768],[24.797585,42.267688],[24.797582,42.267674],[24.797546,42.26768],[24.79755,42.267694],[24.7975,42.267703],[24.797512,42.267741],[24.797648,42.26772]]]},"properties":{"num":2}},{"type":"Feature","geometry":{"type":"Polygon","coordinates":[[[24.797681,42.267714],[24.797672,42.267684],[24.797698,42.26768],[24.797694,42.267666],[24.797636,42.26768],[24.797648,42.26772],[24.797681,42.267714]]]},"properties":{"num":3}},{"type":"Feature","geometry":{"type":"Polygon","coordinates":[[[24.797707,42.26771],[24.797698,42.26768],[24.797672,42.267684],[24.797681,42.267714],[24.797707,42.26771]]]},"properties":{"num":4}},{"type":"Feature","geometry":{"type":"Polygon","coordinates":[[[24.79757,42.267448],[24.797675,42.267438],[24.797666,42.267379],[24.797561,42.267389],[24.79757,42.267448]]]},"properties":{"num":1}},{"type":"Feature","geometry":{"type":"Polygon","coordinates":[[[24.797741,42.26746],[24.797735,42.267425],[24.797675,42.267435],[24.797686,42.26747],[24.797741,42.26746]]]},"properties":{"num":2}},{"type":"Feature","geometry":{"type":"Polygon","coordinates":[[[24.797585,42.267182],[24.797582,42.267162],[24.797504,42.26717],[24.797515,42.267231],[24.797639,42.267219],[24.797632,42.267177],[24.797585,42.267182]]]},"properties":{"num":1}},{"type":"Feature","geometry":{"type":"Polygon","coordinates":[[[24.797698,42.26719],[24.797635,42.267196],[24.797642,42.267233],[24.797704,42.267227],[24.797698,42.26719]]]},"properties":{"num":2}},{"type":"Feature","geometry":{"type":"Polygon","coordinates":[[[24.797643,42.267238],[24.797639,42.267219],[24.797595,42.267224],[24.797598,42.267243],[24.797643,42.267238]]]},"properties":{"num":3}},{"type":"Feature","geometry":{"type":"Polygon","coordinates":[[[24.797519,42.267257],[24.797599,42.267249],[24.797595,42.267224],[24.797515,42.267231],[24.797519,42.267257]]]},"properties":{"num":4}},{"type":"Feature","geometry":{"type":"Polygon","coordinates":[[[24.797038,42.267108],[24.79712,42.267078],[24.79709,42.26702],[24.797003,42.267048],[24.797038,42.267108]]]},"properties":{"num":1}},{"type":"Feature","geometry":{"type":"Polygon","coordinates":[[[24.797871,42.266977],[24.797861,42.266921],[24.797774,42.26693],[24.797791,42.267025],[24.797844,42.26702],[24.797837,42.26698],[24.797871,42.266977]]]},"properties":{"num":1}},{"type":"Feature","geometry":{"type":"Polygon","coordinates":[[[24.797774,42.26693],[24.797822,42.266925],[24.797811,42.266869],[24.797765,42.266872],[24.797774,42.26693]]]},"properties":{"num":2}},{"type":"Feature","geometry":{"type":"Polygon","coordinates":[[[24.797808,42.267138],[24.797824,42.267228],[24.797882,42.267221],[24.797868,42.267141],[24.797808,42.267138]]]},"properties":{"num":3}},{"type":"Feature","geometry":{"type":"Polygon","coordinates":[[[24.797808,42.267138],[24.797919,42.267144],[24.797922,42.26709],[24.797872,42.267087],[24.79787,42.2671],[24.797802,42.267097],[24.797808,42.267138]]]},"properties":{"num":4}},{"type":"Feature","geometry":{"type":"Polygon","coordinates":[[[24.797913,42.26709],[24.797917,42.26705],[24.797897,42.267049],[24.797893,42.267088],[24.797913,42.26709]]]},"properties":{"num":5}},{"type":"Feature","geometry":{"type":"Polygon","coordinates":[[[24.79849,42.266899],[24.798489,42.266859],[24.798374,42.26686],[24.798374,42.2669],[24.79849,42.266899]]]},"properties":{"num":1}},{"type":"Feature","geometry":{"type":"Polygon","coordinates":[[[24.797855,42.267403],[24.797953,42.267393],[24.797943,42.267342],[24.797903,42.267347],[24.797897,42.267322],[24.797843,42.267329],[24.797855,42.267403]]]},"properties":{"num":1}},{"type":"Feature","geometry":{"type":"Polygon","coordinates":[[[24.797972,42.267347],[24.797944,42.26735],[24.797953,42.267393],[24.797981,42.26739],[24.797972,42.267347]]]},"properties":{"num":2}},{"type":"Feature","geometry":{"type":"Polygon","coordinates":[[[24.797833,42.267272],[24.797891,42.267266],[24.797882,42.267221],[24.797824,42.267228],[24.797833,42.267272]]]},"properties":{"num":3}},{"type":"Feature","geometry":{"type":"Polygon","coordinates":[[[24.797892,42.267617],[24.798016,42.267607],[24.79801,42.267567],[24.797963,42.267571],[24.797959,42.26755],[24.797883,42.267557],[24.797892,42.267617]]]},"properties":{"num":1}},{"type":"Feature","geometry":{"type":"Polygon","coordinates":[[[24.798145,42.267601],[24.798128,42.267567],[24.79803,42.267594],[24.798047,42.267628],[24.798145,42.267601]]]},"properties":{"num":2}},{"type":"Feature","geometry":{"type":"Polygon","coordinates":[[[24.799283,42.267115],[24.799178,42.267141],[24.799194,42.267175],[24.799202,42.267173],[24.799222,42.267217],[24.79932,42.267193],[24.799283,42.267115]]]},"properties":{"num":1}},{"type":"Feature","geometry":{"type":"Polygon","coordinates":[[[24.799204,42.267306],[24.799185,42.267268],[24.798925,42.267342],[24.798944,42.267379],[24.799204,42.267306]]]},"properties":{"num":2}},{"type":"Feature","geometry":{"type":"Polygon","coordinates":[[[24.799368,42.267188],[24.799332,42.267198],[24.799365,42.267261],[24.799401,42.267251],[24.799368,42.267188]]]},"properties":{"num":3}},{"type":"Feature","geometry":{"type":"Polygon","coordinates":[[[24.798637,42.266998],[24.798635,42.266967],[24.79856,42.266969],[24.798563,42.267038],[24.798688,42.267035],[24.798686,42.266996],[24.798637,42.266998]]]},"properties":{"num":1}},{"type":"Feature","geometry":{"type":"Polygon","coordinates":[[[24.79849,42.266969],[24.798543,42.266969],[24.798542,42.266899],[24.79849,42.266899],[24.79849,42.266969]]]},"properties":{"num":2}},{"type":"Feature","geometry":{"type":"Polygon","coordinates":[[[24.798489,42.266821],[24.79849,42.266899],[24.798542,42.266899],[24.798541,42.266817],[24.798489,42.266821]]]},"properties":{"num":3}},{"type":"Feature","geometry":{"type":"Polygon","coordinates":[[[24.799668,42.266598],[24.799654,42.266557],[24.799607,42.266565],[24.799603,42.266551],[24.799574,42.266556],[24.799568,42.266539],[24.799517,42.266548],[24.799542,42.26662],[24.799668,42.266598]]]},"properties":{"num":1}},{"type":"Feature","geometry":{"type":"Polygon","coordinates":[[[24.79966,42.266572],[24.799668,42.266598],[24.79972,42.266589],[24.799712,42.266563],[24.79966,42.266572]]]},"properties":{"num":2}},{"type":"Feature","geometry":{"type":"Polygon","coordinates":[[[24.799477,42.266509],[24.799489,42.266543],[24.799517,42.266538],[24.799505,42.266503],[24.799477,42.266509]]]},"properties":{"num":3}},{"type":"Feature","geometry":{"type":"Polygon","coordinates":[[[24.799452,42.266411],[24.799392,42.266371],[24.799354,42.266403],[24.799414,42.266442],[24.799452,42.266411]]]},"properties":{"num":4}},{"type":"Feature","geometry":{"type":"Polygon","coordinates":[[[24.799534,42.266597],[24.799523,42.266565],[24.799382,42.266592],[24.799393,42.266624],[24.799534,42.266597]]]},"properties":{"num":5}},{"type":"Feature","geometry":{"type":"Polygon","coordinates":[[[24.799484,42.266673],[24.799449,42.26663],[24.799337,42.266678],[24.799368,42.266722],[24.799484,42.266673]]]},"properties":{"num":6}},{"type":"Feature","geometry":{"type":"Polygon","coordinates":[[[24.799655,42.266757],[24.799646,42.26676],[24.799632,42.266734],[24.79959,42.266747],[24.799585,42.266738],[24.799539,42.266753],[24.799583,42.266828],[24.799611,42.266818],[24.799608,42.266813],[24.799675,42.266792],[24.799655,42.266757]]]},"properties":{"num":1}},{"type":"Feature","geometry":{"type":"Polygon","coordinates":[[[24.79977,42.266861],[24.799743,42.266818],[24.799713,42.266829],[24.799702,42.266812],[24.799667,42.266824],[24.799677,42.266842],[24.799642,42.266854],[24.799669,42.266897],[24.79977,42.266861]]]},"properties":{"num":2}},{"type":"Feature","geometry":{"type":"Polygon","coordinates":[[[24.799587,42.266639],[24.799604,42.266685],[24.799743,42.266657],[24.799726,42.266611],[24.799587,42.266639]]]},"properties":{"num":3}},{"type":"Feature","geometry":{"type":"Polygon","coordinates":[[[24.799806,42.266796],[24.799743,42.266818],[24.79977,42.266861],[24.799828,42.266838],[24.799806,42.266796]]]},"properties":{"num":4}},{"type":"Feature","geometry":{"type":"Polygon","coordinates":[[[24.799528,42.266653],[24.79955,42.266704],[24.799581,42.266697],[24.799574,42.266677],[24.799599,42.266672],[24.799587,42.266639],[24.799528,42.266653]]]},"properties":{"num":5}},{"type":"Feature","geometry":{"type":"Polygon","coordinates":[[[24.799462,42.267189],[24.799534,42.267169],[24.799516,42.267118],[24.799479,42.267128],[24.799473,42.267115],[24.799405,42.267137],[24.799401,42.267147],[24.799425,42.267196],[24.799461,42.267186],[24.799462,42.267189]]]},"properties":{"num":1}},{"type":"Feature","geometry":{"type":"Polygon","coordinates":[[[24.799449,42.267237],[24.799414,42.267172],[24.799367,42.267185],[24.799401,42.267251],[24.799449,42.267237]]]},"properties":{"num":2}},{"type":"Feature","geometry":{"type":"Polygon","coordinates":[[[24.800006,42.267084],[24.799976,42.267043],[24.79994,42.267054],[24.799971,42.267095],[24.800006,42.267084]]]},"properties":{"num":3}},{"type":"Feature","geometry":{"type":"Polygon","coordinates":[[[24.800484,42.267233],[24.80039,42.267273],[24.800429,42.267323],[24.800455,42.267315],[24.800453,42.267312],[24.800467,42.267306],[24.800476,42.267317],[24.800532,42.267292],[24.800484,42.267233]]]},"properties":{"num":1}},{"type":"Feature","geometry":{"type":"Polygon","coordinates":[[[24.800587,42.267306],[24.800564,42.267277],[24.800476,42.267317],[24.800497,42.267344],[24.800587,42.267306]]]},"properties":{"num":2}},{"type":"Feature","geometry":{"type":"Polygon","coordinates":[[[24.800488,42.267],[24.80053,42.266972],[24.800476,42.266929],[24.800433,42.266957],[24.800488,42.267]]]},"properties":{"num":1}},{"type":"Feature","geometry":{"type":"Polygon","coordinates":[[[24.80059,42.266919],[24.80058,42.266911],[24.800558,42.266925],[24.800568,42.266933],[24.800528,42.266959],[24.80059,42.267011],[24.800695,42.266945],[24.800631,42.266892],[24.80059,42.266919]]]},"properties":{"num":2}},{"type":"Feature","geometry":{"type":"Polygon","coordinates":[[[24.800727,42.26677],[24.800829,42.266858],[24.800874,42.266829],[24.800772,42.266741],[24.800727,42.26677]]]},"properties":{"num":3}},{"type":"Feature","geometry":{"type":"Polygon","coordinates":[[[24.800862,42.266819],[24.800905,42.26679],[24.800869,42.26676],[24.800884,42.26675],[24.800866,42.266735],[24.800885,42.266723],[24.800848,42.266692],[24.800772,42.266741],[24.800862,42.266819]]]},"properties":{"num":1}},{"type":"Feature","geometry":{"type":"Polygon","coordinates":[[[24.800943,42.266711],[24.800969,42.266745],[24.800933,42.26676],[24.80096,42.266796],[24.801054,42.266762],[24.801005,42.266688],[24.800943,42.266711]]]},"properties":{"num":2}},{"type":"Feature","geometry":{"type":"Polygon","coordinates":[[[24.801001,42.26669],[24.801005,42.266688],[24.801028,42.266724],[24.801053,42.266715],[24.801015,42.266662],[24.800989,42.266672],[24.801001,42.26669]]]},"properties":{"num":3}},{"type":"Feature","geometry":{"type":"Polygon","coordinates":[[[24.8009,42.267698],[24.800883,42.267661],[24.80079,42.267683],[24.800777,42.267654],[24.800704,42.267673],[24.800733,42.267739],[24.8009,42.267698]]]},"properties":{"num":1}},{"type":"Feature","geometry":{"type":"Polygon","coordinates":[[[24.801068,42.267659],[24.801051,42.267619],[24.800981,42.267636],[24.801,42.267676],[24.801068,42.267659]]]},"properties":{"num":2}},{"type":"Feature","geometry":{"type":"Polygon","coordinates":[[[24.801,42.267676],[24.800981,42.267636],[24.800938,42.267647],[24.800954,42.267686],[24.801,42.267676]]]},"properties":{"num":3}},{"type":"Feature","geometry":{"type":"Polygon","coordinates":[[[24.801644,42.267527],[24.801879,42.267508],[24.801876,42.267458],[24.801785,42.267464],[24.801783,42.267451],[24.801625,42.267462],[24.801644,42.267527]]]},"properties":{"num":1}},{"type":"Feature","geometry":{"type":"Polygon","coordinates":[[[24.801625,42.267462],[24.801685,42.267457],[24.801646,42.267319],[24.801698,42.267311],[24.801686,42.26727],[24.801575,42.267285],[24.801625,42.267462]]]},"properties":{"num":2}},{"type":"Feature","geometry":{"type":"Polygon","coordinates":[[[24.801858,42.267117],[24.801747,42.26712],[24.801755,42.267275],[24.801866,42.267273],[24.801858,42.267117]]]},"properties":{"num":3}},{"type":"Feature","geometry":{"type":"Polygon","coordinates":[[[24.801679,42.266961],[24.801642,42.266965],[24.801649,42.267],[24.801773,42.266986],[24.801765,42.266934],[24.801732,42.266938],[24.801733,42.266943],[24.801677,42.26695],[24.801679,42.266961]]]},"properties":{"num":1}},{"type":"Feature","geometry":{"type":"Polygon","coordinates":[[[24.801599,42.266392],[24.801555,42.266401],[24.801561,42.266419],[24.801605,42.26641],[24.801599,42.266392]]]},"properties":{"num":1}},{"type":"Feature","geometry":{"type":"Polygon","coordinates":[[[24.801561,42.26636],[24.801514,42.266369],[24.801526,42.266406],[24.801647,42.266383],[24.801626,42.266321],[24.801553,42.266336],[24.801561,42.26636]]]},"properties":{"num":2}},{"type":"Feature","geometry":{"type":"Polygon","coordinates":[[[24.801537,42.266423],[24.801521,42.266391],[24.801422,42.266409],[24.801433,42.266443],[24.801537,42.266423]]]},"properties":{"num":3}},{"type":"Feature","geometry":{"type":"Polygon","coordinates":[[[24.801376,42.266414],[24.801341,42.266382],[24.801286,42.266417],[24.801322,42.266448],[24.801376,42.266414]]]},"properties":{"num":4}},{"type":"Feature","geometry":{"type":"Polygon","coordinates":[[[24.801852,42.266373],[24.801961,42.266362],[24.801948,42.266311],[24.801915,42.266315],[24.801913,42.266303],[24.801873,42.266307],[24.801875,42.266319],[24.801838,42.266323],[24.801852,42.266373]]]},"properties":{"num":1}},{"type":"Feature","geometry":{"type":"Polygon","coordinates":[[[24.801857,42.266401],[24.802025,42.266383],[24.80202,42.266355],[24.801852,42.266373],[24.801857,42.266401]]]},"properties":{"num":2}},{"type":"Feature","geometry":{"type":"Polygon","coordinates":[[[24.80204,42.266555],[24.801958,42.266564],[24.801966,42.2666],[24.802048,42.26659],[24.80204,42.266555]]]},"properties":{"num":1}},{"type":"Feature","geometry":{"type":"Polygon","coordinates":[[[24.802076,42.266551],[24.80204,42.266555],[24.802048,42.26659],[24.802083,42.266586],[24.802076,42.266551]]]},"properties":{"num":2}},{"type":"Feature","geometry":{"type":"Polygon","coordinates":[[[24.802014,42.266809],[24.802027,42.266889],[24.802083,42.266884],[24.802075,42.266834],[24.802086,42.266833],[24.802081,42.266803],[24.802014,42.266809]]]},"properties":{"num":1}},{"type":"Feature","geometry":{"type":"Polygon","coordinates":[[[24.80196,42.266846],[24.802019,42.26684],[24.802014,42.266809],[24.801953,42.266815],[24.80196,42.266846]]]},"properties":{"num":2}},{"type":"Feature","geometry":{"type":"Polygon","coordinates":[[[24.802025,42.267502],[24.80216,42.267502],[24.802157,42.267455],[24.802021,42.267452],[24.802025,42.267502]]]},"properties":{"num":1}},{"type":"Feature","geometry":{"type":"Polygon","coordinates":[[[24.802389,42.267498],[24.802388,42.26746],[24.802158,42.267464],[24.80216,42.267502],[24.802389,42.267498]]]},"properties":{"num":2}},{"type":"Feature","geometry":{"type":"Polygon","coordinates":[[[24.802155,42.267417],[24.80208,42.26742],[24.802082,42.267456],[24.802157,42.267455],[24.802155,42.267417]]]},"properties":{"num":3}},{"type":"Feature","geometry":{"type":"Polygon","coordinates":[[[24.802417,42.267413],[24.802419,42.267453],[24.802501,42.267452],[24.8025,42.267411],[24.802417,42.267413]]]},"properties":{"num":1}},{"type":"Feature","geometry":{"type":"Polygon","coordinates":[[[24.802477,42.267412],[24.8025,42.267411],[24.802499,42.267388],[24.802477,42.267388],[24.802477,42.267412]]]},"properties":{"num":2}},{"type":"Feature","geometry":{"type":"Polygon","coordinates":[[[24.802563,42.267431],[24.802587,42.267431],[24.802587,42.267412],[24.802562,42.267413],[24.802563,42.267431]]]},"properties":{"num":1}},{"type":"Feature","geometry":{"type":"Polygon","coordinates":[[[24.802562,42.267413],[24.802617,42.267412],[24.802616,42.267375],[24.80256,42.267377],[24.802562,42.267413]]]},"properties":{"num":2}},{"type":"Feature","geometry":{"type":"Polygon","coordinates":[[[24.802671,42.267448],[24.802721,42.267448],[24.802721,42.267386],[24.80267,42.267386],[24.802671,42.267448]]]},"properties":{"num":3}},{"type":"Feature","geometry":{"type":"Polygon","coordinates":[[[24.802656,42.267448],[24.802656,42.267463],[24.802672,42.267463],[24.802671,42.267448],[24.802656,42.267448]]]},"properties":{"num":4}},{"type":"Feature","geometry":{"type":"Polygon","coordinates":[[[24.802671,42.267448],[24.802671,42.267432],[24.802656,42.267432],[24.802656,42.267448],[24.802671,42.267448]]]},"properties":{"num":5}},{"type":"Feature","geometry":{"type":"Polygon","coordinates":[[[24.802754,42.267493],[24.802751,42.267373],[24.802716,42.267374],[24.802716,42.267386],[24.802721,42.267386],[24.802721,42.267448],[24.802703,42.267448],[24.802704,42.267493],[24.802754,42.267493]]]},"properties":{"num":6}},{"type":"Feature","geometry":{"type":"Polygon","coordinates":[[[24.802754,42.267493],[24.802777,42.267492],[24.802777,42.267471],[24.802754,42.267471],[24.802754,42.267493]]]},"properties":{"num":1}},{"type":"Feature","geometry":{"type":"Polygon","coordinates":[[[24.802928,42.26738],[24.802968,42.267379],[24.802966,42.267358],[24.802926,42.26736],[24.802928,42.26738]]]},"properties":{"num":1}},{"type":"Feature","geometry":{"type":"Polygon","coordinates":[[[24.802922,42.26736],[24.802966,42.267358],[24.802963,42.267324],[24.802919,42.267326],[24.802922,42.26736]]]},"properties":{"num":2}},{"type":"Feature","geometry":{"type":"Polygon","coordinates":[[[24.803241,42.267364],[24.803156,42.267374],[24.803163,42.2674],[24.803155,42.267401],[24.803161,42.267436],[24.803187,42.267433],[24.803188,42.267439],[24.803244,42.267432],[24.80324,42.267415],[24.803251,42.267413],[24.803241,42.267364]]]},"properties":{"num":1}},{"type":"Feature","geometry":{"type":"Polygon","coordinates":[[[24.803281,42.267425],[24.803288,42.267479],[24.803441,42.26747],[24.803434,42.267417],[24.803281,42.267425]]]},"properties":{"num":2}},{"type":"Feature","geometry":{"type":"Polygon","coordinates":[[[24.803643,42.267106],[24.803649,42.267147],[24.803704,42.267143],[24.803699,42.267101],[24.803643,42.267106]]]},"properties":{"num":1}},{"type":"Feature","geometry":{"type":"Polygon","coordinates":[[[24.803553,42.267155],[24.803649,42.267147],[24.803643,42.267106],[24.80359,42.26711],[24.803589,42.267099],[24.803546,42.267102],[24.803553,42.267155]]]},"properties":{"num":2}},{"type":"Feature","geometry":{"type":"Polygon","coordinates":[[[24.803609,42.266917],[24.803568,42.266929],[24.803615,42.267019],[24.803656,42.267008],[24.803609,42.266917]]]},"properties":{"num":3}},{"type":"Feature","geometry":{"type":"Polygon","coordinates":[[[24.803449,42.266872],[24.803477,42.266926],[24.803596,42.266893],[24.803576,42.266854],[24.803524,42.266869],[24.803516,42.266853],[24.803449,42.266872]]]},"properties":{"num":1}},{"type":"Feature","geometry":{"type":"Polygon","coordinates":[[[24.803508,42.266827],[24.803555,42.266813],[24.803514,42.266737],[24.803467,42.266751],[24.803508,42.266827]]]},"properties":{"num":2}},{"type":"Feature","geometry":{"type":"Polygon","coordinates":[[[24.802991,42.266655],[24.802998,42.266718],[24.803095,42.266713],[24.803087,42.26665],[24.802991,42.266655]]]},"properties":{"num":1}},{"type":"Feature","geometry":{"type":"Polygon","coordinates":[[[24.803093,42.2667],[24.803133,42.266698],[24.803131,42.266679],[24.803124,42.26668],[24.803121,42.266649],[24.803087,42.266651],[24.803093,42.2667]]]},"properties":{"num":2}},{"type":"Feature","geometry":{"type":"Polygon","coordinates":[[[24.803102,42.266884],[24.803102,42.266866],[24.803044,42.266867],[24.803045,42.266885],[24.803102,42.266884]]]},"properties":{"num":3}},{"type":"Feature","geometry":{"type":"Polygon","coordinates":[[[24.803099,42.266931],[24.803098,42.266883],[24.803005,42.266887],[24.803011,42.266936],[24.803099,42.266931]]]},"properties":{"num":4}},{"type":"Feature","geometry":{"type":"Polygon","coordinates":[[[24.802843,42.266549],[24.802849,42.26658],[24.802954,42.266571],[24.802949,42.26654],[24.802843,42.266549]]]},"properties":{"num":1}},{"type":"Feature","geometry":{"type":"Polygon","coordinates":[[[24.802983,42.266575],[24.802977,42.266537],[24.802949,42.26654],[24.802956,42.266578],[24.802983,42.266575]]]},"properties":{"num":2}},{"type":"Feature","geometry":{"type":"Polygon","coordinates":[[[24.803186,42.266437],[24.803205,42.266472],[24.803314,42.26644],[24.803295,42.266404],[24.803271,42.266411],[24.803258,42.266386],[24.803212,42.2664],[24.803226,42.266425],[24.803186,42.266437]]]},"properties":{"num":1}},{"type":"Feature","geometry":{"type":"Polygon","coordinates":[[[24.803198,42.266426],[24.803222,42.266419],[24.803212,42.2664],[24.803188,42.266407],[24.803198,42.266426]]]},"properties":{"num":2}},{"type":"Feature","geometry":{"type":"Polygon","coordinates":[[[24.803205,42.266472],[24.803186,42.266437],[24.803141,42.266451],[24.803161,42.266485],[24.803205,42.266472]]]},"properties":{"num":3}},{"type":"Feature","geometry":{"type":"Polygon","coordinates":[[[24.802692,42.266067],[24.802655,42.266073],[24.802653,42.266066],[24.802607,42.266072],[24.80262,42.266129],[24.802705,42.266117],[24.802692,42.266067]]]},"properties":{"num":1}},{"type":"Feature","geometry":{"type":"Polygon","coordinates":[[[24.802816,42.265988],[24.802775,42.265994],[24.802798,42.266093],[24.802839,42.266087],[24.802816,42.265988]]]},"properties":{"num":2}},{"type":"Feature","geometry":{"type":"Polygon","coordinates":[[[24.802839,42.266087],[24.802785,42.266095],[24.802805,42.266176],[24.80286,42.266168],[24.802839,42.266087]]]},"properties":{"num":3}},{"type":"Feature","geometry":{"type":"Polygon","coordinates":[[[24.802866,42.266193],[24.802818,42.266199],[24.802833,42.266261],[24.802848,42.266259],[24.802853,42.266279],[24.802838,42.266281],[24.802872,42.26643],[24.802832,42.266436],[24.802852,42.266521],[24.802838,42.266523],[24.802843,42.266549],[24.802948,42.26654],[24.802866,42.266193]]]},"properties":{"num":4}},{"type":"Feature","geometry":{"type":"Polygon","coordinates":[[[24.802979,42.266087],[24.803095,42.266056],[24.803066,42.265999],[24.80295,42.26603],[24.802979,42.266087]]]},"properties":{"num":1}},{"type":"Feature","geometry":{"type":"Polygon","coordinates":[[[24.802842,42.266098],[24.802891,42.266091],[24.802866,42.265981],[24.802816,42.265988],[24.802842,42.266098]]]},"properties":{"num":2}},{"type":"Feature","geometry":{"type":"Polygon","coordinates":[[[24.802194,42.265935],[24.80219,42.26592],[24.802232,42.265914],[24.80222,42.265871],[24.802101,42.265887],[24.802114,42.265946],[24.802194,42.265935]]]},"properties":{"num":1}},{"type":"Feature","geometry":{"type":"Polygon","coordinates":[[[24.80229,42.265925],[24.802298,42.265965],[24.802358,42.265957],[24.80235,42.265918],[24.80229,42.265925]]]},"properties":{"num":2}},{"type":"Feature","geometry":{"type":"Polygon","coordinates":[[[24.803093,42.265546],[24.803076,42.265511],[24.80303,42.265525],[24.803047,42.265557],[24.803093,42.265546]]]},"properties":{"num":1}},{"type":"Feature","geometry":{"type":"Polygon","coordinates":[[[24.803164,42.265526],[24.803142,42.265483],[24.803119,42.265489],[24.803123,42.265499],[24.803076,42.265511],[24.803093,42.265546],[24.803164,42.265526]]]},"properties":{"num":2}},{"type":"Feature","geometry":{"type":"Polygon","coordinates":[[[24.803015,42.265455],[24.803009,42.265445],[24.802993,42.26545],[24.802999,42.26546],[24.803015,42.265455]]]},"properties":{"num":3}},{"type":"Feature","geometry":{"type":"Polygon","coordinates":[[[24.803532,42.265362],[24.803399,42.265398],[24.803382,42.265362],[24.803325,42.265377],[24.803361,42.265452],[24.803551,42.265401],[24.803532,42.265362]]]},"properties":{"num":4}},{"type":"Feature","geometry":{"type":"Polygon","coordinates":[[[24.803532,42.265362],[24.803517,42.265322],[24.803288,42.265376],[24.803304,42.265414],[24.803339,42.265406],[24.803325,42.265377],[24.803382,42.265362],[24.803399,42.265398],[24.803532,42.265362]]]},"properties":{"num":5}},{"type":"Feature","geometry":{"type":"Polygon","coordinates":[[[24.803093,42.265546],[24.803111,42.26558],[24.803157,42.265569],[24.80316,42.265578],[24.803184,42.265572],[24.803164,42.265526],[24.803093,42.265546]]]},"properties":{"num":1}},{"type":"Feature","geometry":{"type":"Polygon","coordinates":[[[24.803047,42.265557],[24.803064,42.265588],[24.803108,42.265575],[24.803093,42.265546],[24.803047,42.265557]]]},"properties":{"num":2}},{"type":"Feature","geometry":{"type":"Polygon","coordinates":[[[24.803217,42.265653],[24.803115,42.265682],[24.80313,42.265713],[24.803232,42.265684],[24.803217,42.265653]]]},"properties":{"num":1}},{"type":"Feature","geometry":{"type":"Polygon","coordinates":[[[24.803396,42.266216],[24.803407,42.266236],[24.803433,42.266229],[24.803423,42.266209],[24.803396,42.266216]]]},"properties":{"num":1}},{"type":"Feature","geometry":{"type":"Polygon","coordinates":[[[24.803443,42.266305],[24.803501,42.266293],[24.803487,42.266253],[24.803422,42.266267],[24.803443,42.266305]]]},"properties":{"num":2}},{"type":"Feature","geometry":{"type":"Polygon","coordinates":[[[24.803501,42.266293],[24.80364,42.266264],[24.803626,42.266224],[24.803579,42.266234],[24.803574,42.266221],[24.803533,42.26623],[24.803537,42.266242],[24.803487,42.266253],[24.803501,42.266293]]]},"properties":{"num":3}},{"type":"Feature","geometry":{"type":"Polygon","coordinates":[[[24.803626,42.266224],[24.80364,42.266264],[24.803685,42.266253],[24.80367,42.266215],[24.803626,42.266224]]]},"properties":{"num":4}},{"type":"Feature","geometry":{"type":"Polygon","coordinates":[[[24.803651,42.266515],[24.803566,42.266541],[24.803575,42.266557],[24.80366,42.266533],[24.803651,42.266515]]]},"properties":{"num":1}},{"type":"Feature","geometry":{"type":"Polygon","coordinates":[[[24.803829,42.266551],[24.803797,42.266492],[24.803575,42.266557],[24.803595,42.266596],[24.803723,42.266558],[24.803732,42.266581],[24.803829,42.266551]]]},"properties":{"num":2}},{"type":"Feature","geometry":{"type":"Polygon","coordinates":[[[24.804003,42.266504],[24.803973,42.266444],[24.803797,42.266492],[24.803829,42.266551],[24.804003,42.266504]]]},"properties":{"num":3}},{"type":"Feature","geometry":{"type":"Polygon","coordinates":[[[24.804271,42.266357],[24.804283,42.266381],[24.80429,42.266379],[24.804295,42.266389],[24.80436,42.266371],[24.804364,42.266379],[24.804391,42.266372],[24.80437,42.266333],[24.804357,42.266336],[24.804341,42.266305],[24.804241,42.266332],[24.804256,42.266361],[24.804271,42.266357]]]},"properties":{"num":2}},{"type":"Feature","geometry":{"type":"Polygon","coordinates":[[[24.804408,42.266386],[24.804456,42.266373],[24.804446,42.266354],[24.804398,42.266367],[24.804408,42.266386]]]},"properties":{"num":4}},{"type":"Feature","geometry":{"type":"Polygon","coordinates":[[[24.80438,42.266287],[24.80441,42.266278],[24.804302,42.26607],[24.804272,42.266077],[24.80438,42.266287]]]},"properties":{"num":5}},{"type":"Feature","geometry":{"type":"Polygon","coordinates":[[[24.803875,42.26683],[24.803819,42.266845],[24.803821,42.266849],[24.803801,42.266854],[24.803823,42.266899],[24.803778,42.266913],[24.803798,42.266948],[24.803916,42.266913],[24.803875,42.26683]]]},"properties":{"num":1}},{"type":"Feature","geometry":{"type":"Polygon","coordinates":[[[24.803873,42.266772],[24.803836,42.266783],[24.803848,42.266805],[24.803885,42.266794],[24.803873,42.266772]]]},"properties":{"num":2}},{"type":"Feature","geometry":{"type":"Polygon","coordinates":[[[24.803732,42.266857],[24.803777,42.266845],[24.80372,42.266727],[24.803672,42.26674],[24.803732,42.266857]]]},"properties":{"num":3}},{"type":"Feature","geometry":{"type":"Polygon","coordinates":[[[24.804084,42.267343],[24.804062,42.267311],[24.803988,42.267337],[24.804006,42.267372],[24.804084,42.267343]]]},"properties":{"num":1}},{"type":"Feature","geometry":{"type":"Polygon","coordinates":[[[24.80405,42.267288],[24.804065,42.267315],[24.804135,42.267295],[24.804099,42.267229],[24.804006,42.267258],[24.804027,42.267295],[24.80405,42.267288]]]},"properties":{"num":2}},{"type":"Feature","geometry":{"type":"Polygon","coordinates":[[[24.803954,42.267274],[24.803996,42.267262],[24.80398,42.267235],[24.80394,42.267247],[24.803954,42.267274]]]},"properties":{"num":3}},{"type":"Feature","geometry":{"type":"Polygon","coordinates":[[[24.804685,42.266678],[24.804719,42.266759],[24.804754,42.26675],[24.804719,42.26667],[24.804685,42.266678]]]},"properties":{"num":1}},{"type":"Feature","geometry":{"type":"Polygon","coordinates":[[[24.804768,42.266654],[24.804718,42.266666],[24.804754,42.26675],[24.804806,42.266736],[24.804768,42.266654]]]},"properties":{"num":2}},{"type":"Feature","geometry":{"type":"Polygon","coordinates":[[[24.804672,42.266652],[24.804685,42.266678],[24.804719,42.26667],[24.804707,42.266643],[24.804672,42.266652]]]},"properties":{"num":3}},{"type":"Feature","geometry":{"type":"Polygon","coordinates":[[[24.804706,42.266643],[24.804699,42.266629],[24.804666,42.266638],[24.804672,42.266652],[24.804706,42.266643]]]},"properties":{"num":1}},{"type":"Feature","geometry":{"type":"Polygon","coordinates":[[[24.804491,42.266142],[24.804449,42.266153],[24.804484,42.266226],[24.804527,42.266214],[24.804491,42.266142]]]},"properties":{"num":1}},{"type":"Feature","geometry":{"type":"Polygon","coordinates":[[[24.804657,42.266218],[24.804628,42.266226],[24.804639,42.266245],[24.804587,42.26626],[24.80461,42.266303],[24.804746,42.266264],[24.804723,42.26622],[24.804667,42.266236],[24.804657,42.266218]]]},"properties":{"num":2}},{"type":"Feature","geometry":{"type":"Polygon","coordinates":[[[24.804865,42.26618],[24.804723,42.26622],[24.804746,42.266264],[24.804889,42.266222],[24.804865,42.26618]]]},"properties":{"num":3}},{"type":"Feature","geometry":{"type":"Polygon","coordinates":[[[24.80491,42.266167],[24.804865,42.26618],[24.804889,42.266222],[24.804932,42.266209],[24.80491,42.266167]]]},"properties":{"num":4}},{"type":"Feature","geometry":{"type":"Polygon","coordinates":[[[24.804312,42.265482],[24.804224,42.265506],[24.80425,42.265562],[24.804338,42.265538],[24.804312,42.265482]]]},"properties":{"num":1}},{"type":"Feature","geometry":{"type":"Polygon","coordinates":[[[24.804398,42.265459],[24.804312,42.265482],[24.804338,42.265538],[24.804425,42.265514],[24.804398,42.265459]]]},"properties":{"num":2}},{"type":"Feature","geometry":{"type":"Polygon","coordinates":[[[24.801666,42.265467],[24.801674,42.265497],[24.8017,42.265493],[24.801705,42.265512],[24.801786,42.265501],[24.80178,42.265464],[24.801737,42.265469],[24.801734,42.265458],[24.801666,42.265467]]]},"properties":{"num":1}},{"type":"Feature","geometry":{"type":"Polygon","coordinates":[[[24.801602,42.265088],[24.801597,42.265063],[24.801537,42.265071],[24.801543,42.265096],[24.801602,42.265088]]]},"properties":{"num":1}},{"type":"Feature","geometry":{"type":"Polygon","coordinates":[[[24.801537,42.265071],[24.801585,42.265065],[24.801575,42.265016],[24.801526,42.265022],[24.801537,42.265071]]]},"properties":{"num":2}},{"type":"Feature","geometry":{"type":"Polygon","coordinates":[[[24.801706,42.26505],[24.801691,42.264979],[24.801619,42.264987],[24.801626,42.26502],[24.801575,42.265027],[24.801585,42.265065],[24.801706,42.26505]]]},"properties":{"num":3}},{"type":"Feature","geometry":{"type":"Polygon","coordinates":[[[24.801509,42.264954],[24.801515,42.264978],[24.801541,42.264975],[24.801535,42.264951],[24.801509,42.264954]]]},"properties":{"num":4}},{"type":"Feature","geometry":{"type":"Polygon","coordinates":[[[24.8015,42.264914],[24.801509,42.264954],[24.801573,42.264945],[24.801563,42.264905],[24.8015,42.264914]]]},"properties":{"num":5}},{"type":"Feature","geometry":{"type":"Polygon","coordinates":[[[24.801941,42.264994],[24.801778,42.265013],[24.801783,42.265047],[24.801946,42.265029],[24.801941,42.264994]]]},"properties":{"num":6}},{"type":"Feature","geometry":{"type":"Polygon","coordinates":[[[24.801451,42.264448],[24.801468,42.264516],[24.801554,42.264505],[24.801536,42.264436],[24.801451,42.264448]]]},"properties":{"num":1}},{"type":"Feature","geometry":{"type":"Polygon","coordinates":[[[24.801394,42.264258],[24.801493,42.264246],[24.801478,42.264179],[24.80139,42.26419],[24.8014,42.264234],[24.801389,42.264235],[24.801394,42.264258]]]},"properties":{"num":1}},{"type":"Feature","geometry":{"type":"Polygon","coordinates":[[[24.80088,42.264394],[24.801002,42.264434],[24.801042,42.264368],[24.800991,42.264351],[24.800983,42.264362],[24.800914,42.264338],[24.80088,42.264394]]]},"properties":{"num":1}},{"type":"Feature","geometry":{"type":"Polygon","coordinates":[[[24.800902,42.264426],[24.800915,42.264405],[24.80088,42.264394],[24.800898,42.264365],[24.800816,42.264337],[24.800785,42.264386],[24.800902,42.264426]]]},"properties":{"num":2}},{"type":"Feature","geometry":{"type":"Polygon","coordinates":[[[24.800896,42.264209],[24.80088,42.264235],[24.800925,42.264251],[24.800941,42.264225],[24.800896,42.264209]]]},"properties":{"num":3}},{"type":"Feature","geometry":{"type":"Polygon","coordinates":[[[24.801237,42.264429],[24.801227,42.264384],[24.801046,42.264407],[24.801057,42.264452],[24.801237,42.264429]]]},"properties":{"num":4}},{"type":"Feature","geometry":{"type":"Polygon","coordinates":[[[24.801089,42.264401],[24.801084,42.264382],[24.801041,42.264387],[24.801046,42.264407],[24.801089,42.264401]]]},"properties":{"num":5}},{"type":"Feature","geometry":{"type":"Polygon","coordinates":[[[24.801185,42.264389],[24.801227,42.264384],[24.801205,42.264288],[24.801086,42.264303],[24.801092,42.264331],[24.80117,42.264322],[24.801185,42.264389]]]},"properties":{"num":6}},{"type":"Feature","geometry":{"type":"Polygon","coordinates":[[[24.801197,42.264257],[24.801156,42.264261],[24.801163,42.264293],[24.801205,42.264288],[24.801197,42.264257]]]},"properties":{"num":7}},{"type":"Feature","geometry":{"type":"Polygon","coordinates":[[[24.800733,42.26475],[24.800873,42.264798],[24.800922,42.264719],[24.800783,42.264671],[24.800779,42.264678],[24.800755,42.264692],[24.800756,42.264714],[24.800733,42.26475]]]},"properties":{"num":1}},{"type":"Feature","geometry":{"type":"Polygon","coordinates":[[[24.800458,42.264912],[24.80056,42.264947],[24.800578,42.264918],[24.800522,42.264899],[24.800527,42.264891],[24.800482,42.264876],[24.800458,42.264912]]]},"properties":{"num":1}},{"type":"Feature","geometry":{"type":"Polygon","coordinates":[[[24.800647,42.26494],[24.800687,42.264875],[24.800607,42.264848],[24.800596,42.264866],[24.800551,42.264852],[24.800522,42.264899],[24.800647,42.26494]]]},"properties":{"num":2}},{"type":"Feature","geometry":{"type":"Polygon","coordinates":[[[24.801035,42.264973],[24.801043,42.26501],[24.801076,42.265005],[24.801068,42.264969],[24.801035,42.264973]]]},"properties":{"num":1}},{"type":"Feature","geometry":{"type":"Polygon","coordinates":[[[24.801317,42.265014],[24.801293,42.264913],[24.801184,42.264926],[24.801209,42.265027],[24.801317,42.265014]]]},"properties":{"num":2}},{"type":"Feature","geometry":{"type":"Polygon","coordinates":[[[24.801382,42.265035],[24.801375,42.265005],[24.801209,42.265027],[24.801181,42.265028],[24.801187,42.265055],[24.801382,42.265035]]]},"properties":{"num":3}},{"type":"Feature","geometry":{"type":"Polygon","coordinates":[[[24.800696,42.265328],[24.800675,42.265392],[24.800773,42.265407],[24.800789,42.265345],[24.800696,42.265328]]]},"properties":{"num":1}},{"type":"Feature","geometry":{"type":"Polygon","coordinates":[[[24.800271,42.265561],[24.800193,42.265533],[24.80018,42.265554],[24.800134,42.265538],[24.800111,42.265575],[24.800235,42.265618],[24.800271,42.265561]]]},"properties":{"num":1}},{"type":"Feature","geometry":{"type":"Polygon","coordinates":[[[24.800193,42.265533],[24.800262,42.265558],[24.800286,42.265516],[24.800215,42.265496],[24.800193,42.265533]]]},"properties":{"num":2}},{"type":"Feature","geometry":{"type":"Polygon","coordinates":[[[24.800215,42.265496],[24.800258,42.265508],[24.800277,42.265447],[24.800243,42.265441],[24.800215,42.265496]]]},"properties":{"num":3}},{"type":"Feature","geometry":{"type":"Polygon","coordinates":[[[24.800277,42.265447],[24.800265,42.265485],[24.800452,42.265517],[24.800464,42.265479],[24.800277,42.265447]]]},"properties":{"num":4}},{"type":"Feature","geometry":{"type":"Polygon","coordinates":[[[24.800716,42.265615],[24.800636,42.265603],[24.80063,42.265626],[24.800581,42.265618],[24.80057,42.265658],[24.800698,42.265678],[24.800716,42.265615]]]},"properties":{"num":1}},{"type":"Feature","geometry":{"type":"Polygon","coordinates":[[[24.800762,42.265622],[24.800716,42.265615],[24.800698,42.265678],[24.800745,42.265685],[24.800762,42.265622]]]},"properties":{"num":2}},{"type":"Feature","geometry":{"type":"Polygon","coordinates":[[[24.80074,42.265525],[24.800722,42.265592],[24.800769,42.265599],[24.800787,42.265534],[24.80074,42.265525]]]},"properties":{"num":3}},{"type":"Feature","geometry":{"type":"Polygon","coordinates":[[[24.800651,42.265511],[24.80064,42.265551],[24.800677,42.265556],[24.800668,42.265583],[24.800722,42.265592],[24.80074,42.265525],[24.800651,42.265511]]]},"properties":{"num":4}},{"type":"Feature","geometry":{"type":"Polygon","coordinates":[[[24.800881,42.265549],[24.800872,42.265579],[24.801003,42.2656],[24.801012,42.265571],[24.800881,42.265549]]]},"properties":{"num":5}},{"type":"Feature","geometry":{"type":"Polygon","coordinates":[[[24.800999,42.265615],[24.800835,42.265589],[24.800824,42.265627],[24.800896,42.265639],[24.800889,42.265661],[24.80098,42.265676],[24.800999,42.265615]]]},"properties":{"num":6}},{"type":"Feature","geometry":{"type":"Polygon","coordinates":[[[24.801553,42.265762],[24.801474,42.265774],[24.801481,42.265803],[24.801431,42.265811],[24.801442,42.26585],[24.801572,42.265831],[24.801553,42.265762]]]},"properties":{"num":1}},{"type":"Feature","geometry":{"type":"Polygon","coordinates":[[[24.801585,42.265887],[24.80158,42.265864],[24.801512,42.265868],[24.801511,42.265857],[24.801443,42.265862],[24.801442,42.265855],[24.801336,42.265862],[24.801345,42.265904],[24.801585,42.265887]]]},"properties":{"num":2}},{"type":"Feature","geometry":{"type":"Polygon","coordinates":[[[24.801012,42.265571],[24.801005,42.265593],[24.80106,42.265602],[24.801067,42.265579],[24.801012,42.265571]]]},"properties":{"num":3}},{"type":"Feature","geometry":{"type":"Polygon","coordinates":[[[24.801451,42.266133],[24.801412,42.266061],[24.801331,42.266086],[24.80137,42.266158],[24.801451,42.266133]]]},"properties":{"num":1}},{"type":"Feature","geometry":{"type":"Polygon","coordinates":[[[24.801399,42.266225],[24.801374,42.266204],[24.801169,42.266335],[24.801193,42.266356],[24.801399,42.266225]]]},"properties":{"num":2}},{"type":"Feature","geometry":{"type":"Polygon","coordinates":[[[24.801451,42.266133],[24.801402,42.266148],[24.801449,42.266193],[24.801479,42.266174],[24.801451,42.266133]]]},"properties":{"num":3}},{"type":"Feature","geometry":{"type":"Polygon","coordinates":[[[24.800615,42.266722],[24.80058,42.266693],[24.800553,42.26671],[24.80054,42.266699],[24.80053,42.266706],[24.800513,42.266691],[24.800452,42.266731],[24.800515,42.266786],[24.800615,42.266722]]]},"properties":{"num":1}},{"type":"Feature","geometry":{"type":"Polygon","coordinates":[[[24.800485,42.266805],[24.800515,42.266786],[24.800375,42.266672],[24.800352,42.266687],[24.800485,42.266805]]]},"properties":{"num":2}},{"type":"Feature","geometry":{"type":"Polygon","coordinates":[[[24.800239,42.266961],[24.800185,42.266906],[24.800074,42.266957],[24.800128,42.267023],[24.800239,42.266961]]]},"properties":{"num":1}},{"type":"Feature","geometry":{"type":"Polygon","coordinates":[[[24.800341,42.266897],[24.800311,42.266871],[24.800246,42.266911],[24.800275,42.266937],[24.800341,42.266897]]]},"properties":{"num":2}},{"type":"Feature","geometry":{"type":"Polygon","coordinates":[[[24.799893,42.266668],[24.799915,42.266709],[24.799987,42.266688],[24.79998,42.266656],[24.799893,42.266668]]]},"properties":{"num":3}},{"type":"Feature","geometry":{"type":"Polygon","coordinates":[[[24.799987,42.266843],[24.800042,42.266827],[24.799964,42.266695],[24.799915,42.266709],[24.799987,42.266843]]]},"properties":{"num":4}},{"type":"Feature","geometry":{"type":"Polygon","coordinates":[[[24.800352,42.266687],[24.800325,42.266703],[24.800424,42.26679],[24.800335,42.266845],[24.800372,42.266877],[24.800485,42.266805],[24.800352,42.266687]]]},"properties":{"num":5}},{"type":"Feature","geometry":{"type":"Polygon","coordinates":[[[24.800079,42.266645],[24.800068,42.266592],[24.800015,42.266599],[24.800012,42.266583],[24.79997,42.266587],[24.799973,42.266602],[24.799918,42.266609],[24.79993,42.266662],[24.800079,42.266645]]]},"properties":{"num":1}},{"type":"Feature","geometry":{"type":"Polygon","coordinates":[[[24.799893,42.266668],[24.79993,42.266662],[24.799918,42.266609],[24.799877,42.266614],[24.799893,42.266668]]]},"properties":{"num":2}},{"type":"Feature","geometry":{"type":"Polygon","coordinates":[[[24.799865,42.266574],[24.79989,42.26657],[24.799884,42.266549],[24.799859,42.266553],[24.799865,42.266574]]]},"properties":{"num":3}},{"type":"Feature","geometry":{"type":"Polygon","coordinates":[[[24.800273,42.266572],[24.800068,42.266592],[24.800079,42.266645],[24.800282,42.266626],[24.800273,42.266572]]]},"properties":{"num":4}},{"type":"Feature","geometry":{"type":"Polygon","coordinates":[[[24.79996,42.265946],[24.799945,42.265969],[24.799883,42.265949],[24.799848,42.266005],[24.799871,42.266013],[24.799863,42.266027],[24.799932,42.26605],[24.799974,42.265979],[24.799981,42.265981],[24.799995,42.265957],[24.79996,42.265946]]]},"properties":{"num":1}},{"type":"Feature","geometry":{"type":"Polygon","coordinates":[[[24.799911,42.265785],[24.799888,42.265825],[24.799999,42.265861],[24.800005,42.265851],[24.800058,42.265868],[24.800075,42.265838],[24.799911,42.265785]]]},"properties":{"num":3}},{"type":"Feature","geometry":{"type":"Polygon","coordinates":[[[24.799489,42.265509],[24.799496,42.265569],[24.799543,42.265565],[24.799545,42.26558],[24.799611,42.265575],[24.799601,42.265501],[24.799489,42.265509]]]},"properties":{"num":1}},{"type":"Feature","geometry":{"type":"Polygon","coordinates":[[[24.799496,42.265569],[24.799498,42.265584],[24.799545,42.26558],[24.799543,42.265565],[24.799496,42.265569]]]},"properties":{"num":2}},{"type":"Feature","geometry":{"type":"Polygon","coordinates":[[[24.799844,42.265469],[24.799805,42.265496],[24.799891,42.265564],[24.799916,42.265526],[24.799844,42.265469]]]},"properties":{"num":3}},{"type":"Feature","geometry":{"type":"Polygon","coordinates":[[[24.799292,42.265517],[24.799198,42.265527],[24.799205,42.265564],[24.799299,42.265554],[24.799292,42.265517]]]},"properties":{"num":1}},{"type":"Feature","geometry":{"type":"Polygon","coordinates":[[[24.799313,42.265553],[24.799307,42.265515],[24.799292,42.265517],[24.799299,42.265554],[24.799313,42.265553]]]},"properties":{"num":2}},{"type":"Feature","geometry":{"type":"Polygon","coordinates":[[[24.798646,42.265634],[24.798754,42.265625],[24.798745,42.265566],[24.798636,42.265575],[24.798646,42.265634]]]},"properties":{"num":1}},{"type":"Feature","geometry":{"type":"Polygon","coordinates":[[[24.798851,42.265655],[24.798902,42.265651],[24.798893,42.265574],[24.798841,42.265578],[24.798851,42.265655]]]},"properties":{"num":2}},{"type":"Feature","geometry":{"type":"Polygon","coordinates":[[[24.799313,42.266179],[24.799255,42.266138],[24.799193,42.266189],[24.799284,42.266252],[24.799324,42.266219],[24.799291,42.266197],[24.799313,42.266179]]]},"properties":{"num":1}},{"type":"Feature","geometry":{"type":"Polygon","coordinates":[[[24.799259,42.266277],[24.799292,42.266255],[24.799244,42.266224],[24.799216,42.266243],[24.799259,42.266277]]]},"properties":{"num":2}},{"type":"Feature","geometry":{"type":"Polygon","coordinates":[[[24.799358,42.266268],[24.799336,42.266254],[24.79931,42.266276],[24.799331,42.26629],[24.799358,42.266268]]]},"properties":{"num":3}},{"type":"Feature","geometry":{"type":"Polygon","coordinates":[[[24.798741,42.2667],[24.79873,42.266657],[24.798701,42.266661],[24.798697,42.266645],[24.798653,42.266651],[24.798657,42.266667],[24.798581,42.266677],[24.798589,42.26672],[24.798741,42.2667]]]},"properties":{"num":1}},{"type":"Feature","geometry":{"type":"Polygon","coordinates":[[[24.798752,42.266565],[24.79881,42.266641],[24.798898,42.266604],[24.79884,42.266529],[24.798752,42.266565]]]},"properties":{"num":2}},{"type":"Feature","geometry":{"type":"Polygon","coordinates":[[[24.798831,42.266669],[24.798916,42.266625],[24.798898,42.266604],[24.79881,42.266641],[24.798831,42.266669]]]},"properties":{"num":3}},{"type":"Feature","geometry":{"type":"Polygon","coordinates":[[[24.798938,42.26661],[24.798931,42.266602],[24.798917,42.26661],[24.798925,42.266619],[24.798938,42.26661]]]},"properties":{"num":4}},{"type":"Feature","geometry":{"type":"Polygon","coordinates":[[[24.798986,42.266575],[24.798933,42.266521],[24.798885,42.266556],[24.798938,42.26661],[24.798986,42.266575]]]},"properties":{"num":5}},{"type":"Feature","geometry":{"type":"Polygon","coordinates":[[[24.799175,42.266419],[24.799124,42.266363],[24.79907,42.266391],[24.799131,42.266456],[24.799175,42.266419]]]},"properties":{"num":6}},{"type":"Feature","geometry":{"type":"Polygon","coordinates":[[[24.798581,42.266677],[24.79862,42.266672],[24.798607,42.266604],[24.798568,42.266609],[24.798581,42.266677]]]},"properties":{"num":7}},{"type":"Feature","geometry":{"type":"Polygon","coordinates":[[[24.797742,42.266738],[24.797796,42.266733],[24.797792,42.266697],[24.797823,42.266695],[24.797813,42.266636],[24.797725,42.266644],[24.797742,42.266738]]]},"properties":{"num":1}},{"type":"Feature","geometry":{"type":"Polygon","coordinates":[[[24.797914,42.266735],[24.797867,42.266738],[24.797872,42.266773],[24.797918,42.26677],[24.797914,42.266735]]]},"properties":{"num":2}},{"type":"Feature","geometry":{"type":"Polygon","coordinates":[[[24.798006,42.266764],[24.798,42.26673],[24.797914,42.266735],[24.797918,42.26677],[24.798006,42.266764]]]},"properties":{"num":3}},{"type":"Feature","geometry":{"type":"Polygon","coordinates":[[[24.79805,42.266703],[24.797997,42.266705],[24.798006,42.266764],[24.798054,42.266761],[24.79805,42.266703]]]},"properties":{"num":4}},{"type":"Feature","geometry":{"type":"Polygon","coordinates":[[[24.797702,42.266513],[24.797762,42.266508],[24.797729,42.26632],[24.797668,42.266321],[24.797702,42.266513]]]},"properties":{"num":5}},{"type":"Feature","geometry":{"type":"Polygon","coordinates":[[[24.797748,42.266781],[24.797785,42.266778],[24.797778,42.266734],[24.797742,42.266738],[24.797748,42.266781]]]},"properties":{"num":6}},{"type":"Feature","geometry":{"type":"Polygon","coordinates":[[[24.797668,42.266321],[24.797775,42.26632],[24.797774,42.266277],[24.797661,42.266276],[24.797668,42.266321]]]},"properties":{"num":1}},{"type":"Feature","geometry":{"type":"Polygon","coordinates":[[[24.79788,42.266319],[24.79788,42.266277],[24.797774,42.266277],[24.797775,42.26632],[24.79788,42.266319]]]},"properties":{"num":2}},{"type":"Feature","geometry":{"type":"Polygon","coordinates":[[[24.798076,42.266253],[24.797921,42.266251],[24.797921,42.26627],[24.79788,42.26627],[24.79788,42.266319],[24.798071,42.266317],[24.798076,42.266253]]]},"properties":{"num":3}},{"type":"Feature","geometry":{"type":"Polygon","coordinates":[[[24.797731,42.265906],[24.797602,42.265917],[24.797609,42.265955],[24.797738,42.265943],[24.797731,42.265906]]]},"properties":{"num":1}},{"type":"Feature","geometry":{"type":"Polygon","coordinates":[[[24.797632,42.265733],[24.797665,42.26573],[24.797664,42.265724],[24.797719,42.265718],[24.797707,42.265644],[24.79762,42.265653],[24.797632,42.265733]]]},"properties":{"num":2}},{"type":"Feature","geometry":{"type":"Polygon","coordinates":[[[24.797408,42.265821],[24.797404,42.265774],[24.797381,42.265778],[24.797383,42.265796],[24.797299,42.265799],[24.797305,42.265838],[24.797408,42.265821]]]},"properties":{"num":1}},{"type":"Feature","geometry":{"type":"Polygon","coordinates":[[[24.797383,42.265796],[24.797378,42.265734],[24.797299,42.265741],[24.797303,42.265765],[24.797293,42.265766],[24.797299,42.265799],[24.797383,42.265796]]]},"properties":{"num":2}},{"type":"Feature","geometry":{"type":"Polygon","coordinates":[[[24.796649,42.265793],[24.796784,42.265783],[24.796785,42.265795],[24.796839,42.26579],[24.796827,42.265701],[24.796776,42.265706],[24.796777,42.265712],[24.796719,42.265716],[24.796721,42.26573],[24.796685,42.265733],[24.796682,42.265708],[24.796635,42.265712],[24.796649,42.265793]]]},"properties":{"num":1}},{"type":"Feature","geometry":{"type":"Polygon","coordinates":[[[24.796637,42.265712],[24.796682,42.265708],[24.796677,42.265673],[24.796631,42.265677],[24.796637,42.265712]]]},"properties":{"num":2}},{"type":"Feature","geometry":{"type":"Polygon","coordinates":[[[24.796838,42.265779],[24.796892,42.265775],[24.796886,42.265737],[24.796914,42.265736],[24.796911,42.265701],[24.796828,42.265707],[24.796838,42.265779]]]},"properties":{"num":3}},{"type":"Feature","geometry":{"type":"Polygon","coordinates":[[[24.796664,42.26588],[24.796705,42.265877],[24.79669,42.26579],[24.796649,42.265793],[24.796664,42.26588]]]},"properties":{"num":4}},{"type":"Feature","geometry":{"type":"Polygon","coordinates":[[[24.796677,42.265673],[24.796685,42.265733],[24.796721,42.26573],[24.796712,42.265671],[24.796677,42.265673]]]},"properties":{"num":5}},{"type":"Feature","geometry":{"type":"Polygon","coordinates":[[[24.79736,42.265968],[24.797362,42.265977],[24.79743,42.265968],[24.797421,42.2659],[24.797327,42.265912],[24.797332,42.265939],[24.797325,42.26594],[24.797332,42.265971],[24.79736,42.265968]]]},"properties":{"num":1}},{"type":"Feature","geometry":{"type":"Polygon","coordinates":[[[24.797371,42.266004],[24.79736,42.265968],[24.797332,42.265971],[24.797341,42.266008],[24.797371,42.266004]]]},"properties":{"num":2}},{"type":"Feature","geometry":{"type":"Polygon","coordinates":[[[24.797451,42.266099],[24.797444,42.266057],[24.797335,42.266068],[24.797348,42.26615],[24.797454,42.266141],[24.797447,42.266099],[24.797451,42.266099]]]},"properties":{"num":1}},{"type":"Feature","geometry":{"type":"Polygon","coordinates":[[[24.797261,42.266363],[24.797395,42.266341],[24.797391,42.266327],[24.797437,42.26632],[24.79741,42.26623],[24.797315,42.266246],[24.797319,42.266259],[24.797234,42.266274],[24.797261,42.266363]]]},"properties":{"num":1}},{"type":"Feature","geometry":{"type":"Polygon","coordinates":[[[24.797385,42.26652],[24.797517,42.266508],[24.797506,42.266446],[24.797423,42.266454],[24.79742,42.266441],[24.797371,42.266445],[24.797385,42.26652]]]},"properties":{"num":1}},{"type":"Feature","geometry":{"type":"Polygon","coordinates":[[[24.797386,42.26637],[24.797402,42.266421],[24.797461,42.266411],[24.797456,42.266396],[24.797475,42.266393],[24.797464,42.266357],[24.797386,42.26637]]]},"properties":{"num":2}},{"type":"Feature","geometry":{"type":"Polygon","coordinates":[[[24.797392,42.266555],[24.797467,42.266548],[24.797461,42.266513],[24.797385,42.26652],[24.797392,42.266555]]]},"properties":{"num":3}},{"type":"Feature","geometry":{"type":"Polygon","coordinates":[[[24.797524,42.266542],[24.797517,42.266508],[24.797461,42.266513],[24.797467,42.266548],[24.797524,42.266542]]]},"properties":{"num":4}},{"type":"Feature","geometry":{"type":"Polygon","coordinates":[[[24.797554,42.266711],[24.79751,42.266713],[24.797507,42.266693],[24.79742,42.266699],[24.797431,42.266759],[24.79756,42.26675],[24.797554,42.266711]]]},"properties":{"num":1}},{"type":"Feature","geometry":{"type":"Polygon","coordinates":[[[24.796548,42.265506],[24.796451,42.265512],[24.796463,42.265583],[24.79656,42.265575],[24.796548,42.265506]]]},"properties":{"num":1}},{"type":"Feature","geometry":{"type":"Polygon","coordinates":[[[24.796616,42.2656],[24.796589,42.265445],[24.796556,42.265448],[24.79656,42.265472],[24.796542,42.265474],[24.796565,42.265604],[24.796616,42.2656]]]},"properties":{"num":2}},{"type":"Feature","geometry":{"type":"Polygon","coordinates":[[[24.796616,42.2656],[24.796658,42.265596],[24.796636,42.265498],[24.796599,42.265501],[24.796616,42.2656]]]},"properties":{"num":1}},{"type":"Feature","geometry":{"type":"Polygon","coordinates":[[[24.796646,42.265556],[24.796731,42.265548],[24.79672,42.265489],[24.796636,42.265498],[24.796646,42.265556]]]},"properties":{"num":2}},{"type":"Feature","geometry":{"type":"Polygon","coordinates":[[[24.797001,42.265471],[24.797012,42.265539],[24.797096,42.265534],[24.797085,42.265465],[24.797001,42.265471]]]},"properties":{"num":1}},{"type":"Feature","geometry":{"type":"Polygon","coordinates":[[[24.797142,42.265553],[24.797121,42.265412],[24.797076,42.265416],[24.797096,42.265534],[24.797092,42.265534],[24.797095,42.265558],[24.797142,42.265553]]]},"properties":{"num":2}},{"type":"Feature","geometry":{"type":"Polygon","coordinates":[[[24.797142,42.265553],[24.797187,42.26555],[24.797159,42.265404],[24.797121,42.265408],[24.797142,42.265553]]]},"properties":{"num":1}},{"type":"Feature","geometry":{"type":"Polygon","coordinates":[[[24.797167,42.265454],[24.797179,42.265527],[24.797264,42.26552],[24.797255,42.265447],[24.797167,42.265454]]]},"properties":{"num":2}},{"type":"Feature","geometry":{"type":"Polygon","coordinates":[[[24.798726,42.26543],[24.798859,42.26542],[24.798854,42.265383],[24.798721,42.265393],[24.798726,42.26543]]]},"properties":{"num":1}},{"type":"Feature","geometry":{"type":"Polygon","coordinates":[[[24.798824,42.265335],[24.798775,42.265339],[24.798781,42.265381],[24.798904,42.26537],[24.798893,42.265301],[24.79882,42.265307],[24.798824,42.265335]]]},"properties":{"num":2}},{"type":"Feature","geometry":{"type":"Polygon","coordinates":[[[24.79875,42.265304],[24.798805,42.265299],[24.798799,42.265267],[24.798745,42.265271],[24.79875,42.265304]]]},"properties":{"num":3}},{"type":"Feature","geometry":{"type":"Polygon","coordinates":[[[24.798834,42.265265],[24.798837,42.265292],[24.798887,42.265289],[24.798884,42.265261],[24.798834,42.265265]]]},"properties":{"num":4}},{"type":"Feature","geometry":{"type":"Polygon","coordinates":[[[24.799078,42.265349],[24.79904,42.265352],[24.799049,42.265406],[24.799086,42.265404],[24.799078,42.265349]]]},"properties":{"num":5}},{"type":"Feature","geometry":{"type":"Polygon","coordinates":[[[24.798888,42.265293],[24.798887,42.265289],[24.798837,42.265292],[24.798834,42.265265],[24.798799,42.265267],[24.798805,42.265299],[24.798888,42.265293]]]},"properties":{"num":6}},{"type":"Feature","geometry":{"type":"Polygon","coordinates":[[[24.799282,42.265389],[24.799278,42.265351],[24.79915,42.26536],[24.799155,42.265398],[24.799282,42.265389]]]},"properties":{"num":1}},{"type":"Feature","geometry":{"type":"Polygon","coordinates":[[[24.79919,42.265357],[24.799235,42.265353],[24.799232,42.265331],[24.799187,42.265334],[24.79919,42.265357]]]},"properties":{"num":2}},{"type":"Feature","geometry":{"type":"Polygon","coordinates":[[[24.799055,42.265202],[24.799075,42.26533],[24.799106,42.265328],[24.799087,42.265199],[24.799055,42.265202]]]},"properties":{"num":3}},{"type":"Feature","geometry":{"type":"Polygon","coordinates":[[[24.799354,42.26536],[24.799355,42.265383],[24.799395,42.26538],[24.799392,42.265358],[24.799354,42.26536]]]},"properties":{"num":1}},{"type":"Feature","geometry":{"type":"Polygon","coordinates":[[[24.799544,42.265369],[24.799538,42.26533],[24.799431,42.265338],[24.799437,42.265377],[24.799544,42.265369]]]},"properties":{"num":2}},{"type":"Feature","geometry":{"type":"Polygon","coordinates":[[[24.799459,42.265315],[24.799463,42.265336],[24.799505,42.265332],[24.799502,42.265312],[24.799459,42.265315]]]},"properties":{"num":3}},{"type":"Feature","geometry":{"type":"Polygon","coordinates":[[[24.79973,42.265354],[24.799724,42.265314],[24.799672,42.265319],[24.799668,42.265295],[24.799585,42.265302],[24.799597,42.265365],[24.79973,42.265354]]]},"properties":{"num":1}},{"type":"Feature","geometry":{"type":"Polygon","coordinates":[[[24.799665,42.265252],[24.799777,42.265254],[24.799778,42.265212],[24.799666,42.26521],[24.799665,42.265252]]]},"properties":{"num":2}},{"type":"Feature","geometry":{"type":"Polygon","coordinates":[[[24.799722,42.265253],[24.79969,42.265253],[24.799689,42.265265],[24.799722,42.265265],[24.799722,42.265253]]]},"properties":{"num":3}},{"type":"Feature","geometry":{"type":"Polygon","coordinates":[[[24.799955,42.265237],[24.799924,42.265231],[24.799919,42.265245],[24.799878,42.265237],[24.799854,42.265294],[24.799976,42.265321],[24.799999,42.265261],[24.79995,42.265251],[24.799955,42.265237]]]},"properties":{"num":1}},{"type":"Feature","geometry":{"type":"Polygon","coordinates":[[[24.800042,42.265272],[24.799999,42.265261],[24.799976,42.265321],[24.800007,42.265327],[24.800042,42.265272]]]},"properties":{"num":2}},{"type":"Feature","geometry":{"type":"Polygon","coordinates":[[[24.800148,42.264947],[24.800157,42.264934],[24.800112,42.264918],[24.800079,42.264972],[24.800172,42.265003],[24.800196,42.264964],[24.800148,42.264947]]]},"properties":{"num":1}},{"type":"Feature","geometry":{"type":"Polygon","coordinates":[[[24.800115,42.265008],[24.800156,42.26502],[24.800167,42.265001],[24.800127,42.264988],[24.800115,42.265008]]]},"properties":{"num":2}},{"type":"Feature","geometry":{"type":"Polygon","coordinates":[[[24.800245,42.264995],[24.800189,42.264976],[24.800153,42.265024],[24.800214,42.265045],[24.800245,42.264995]]]},"properties":{"num":3}},{"type":"Feature","geometry":{"type":"Polygon","coordinates":[[[24.800347,42.264834],[24.800214,42.264782],[24.800192,42.264813],[24.800327,42.264866],[24.800347,42.264834]]]},"properties":{"num":4}},{"type":"Feature","geometry":{"type":"Polygon","coordinates":[[[24.800146,42.264602],[24.800124,42.264604],[24.800121,42.264575],[24.800031,42.264582],[24.800037,42.264645],[24.800151,42.264636],[24.800146,42.264602]]]},"properties":{"num":1}},{"type":"Feature","geometry":{"type":"Polygon","coordinates":[[[24.800011,42.264706],[24.800033,42.264714],[24.800047,42.264677],[24.800043,42.264644],[24.800001,42.264647],[24.800011,42.264706]]]},"properties":{"num":2}},{"type":"Feature","geometry":{"type":"Polygon","coordinates":[[[24.799955,42.264611],[24.79988,42.264617],[24.799882,42.26463],[24.79983,42.264634],[24.799836,42.264675],[24.799964,42.264664],[24.799955,42.264611]]]},"properties":{"num":1}},{"type":"Feature","geometry":{"type":"Polygon","coordinates":[[[24.799527,42.264795],[24.799533,42.264855],[24.799638,42.26485],[24.799631,42.264777],[24.799563,42.26478],[24.799564,42.264793],[24.799527,42.264795]]]},"properties":{"num":1}},{"type":"Feature","geometry":{"type":"Polygon","coordinates":[[[24.799472,42.264587],[24.799479,42.264628],[24.799612,42.264616],[24.799605,42.264575],[24.799472,42.264587]]]},"properties":{"num":2}},{"type":"Feature","geometry":{"type":"Polygon","coordinates":[[[24.799605,42.264575],[24.799609,42.264598],[24.799641,42.264597],[24.799639,42.264572],[24.799605,42.264575]]]},"properties":{"num":3}},{"type":"Feature","geometry":{"type":"Polygon","coordinates":[[[24.799354,42.264837],[24.799348,42.264756],[24.799198,42.264762],[24.799204,42.264843],[24.799354,42.264837]]]},"properties":{"num":1}},{"type":"Feature","geometry":{"type":"Polygon","coordinates":[[[24.799204,42.26452],[24.799262,42.264515],[24.799258,42.26448],[24.799275,42.264478],[24.799266,42.264442],[24.79925,42.264443],[24.799245,42.264404],[24.799187,42.264409],[24.799204,42.26452]]]},"properties":{"num":1}},{"type":"Feature","geometry":{"type":"Polygon","coordinates":[[[24.799187,42.264409],[24.799245,42.264404],[24.799239,42.264351],[24.799179,42.264356],[24.799187,42.264409]]]},"properties":{"num":2}},{"type":"Feature","geometry":{"type":"Polygon","coordinates":[[[24.799162,42.264242],[24.799179,42.264356],[24.799239,42.264351],[24.79923,42.264284],[24.799274,42.264281],[24.799267,42.264235],[24.799162,42.264242]]]},"properties":{"num":3}},{"type":"Feature","geometry":{"type":"Polygon","coordinates":[[[24.799358,42.264383],[24.799332,42.264384],[24.799333,42.264407],[24.799359,42.264406],[24.799358,42.264383]]]},"properties":{"num":4}},{"type":"Feature","geometry":{"type":"Polygon","coordinates":[[[24.800192,42.263941],[24.799918,42.263775],[24.799795,42.263875],[24.800077,42.264046],[24.800192,42.263941]]]},"properties":{"num":1}},{"type":"Feature","geometry":{"type":"Polygon","coordinates":[[[24.800126,42.264438],[24.800197,42.264432],[24.800191,42.26438],[24.80012,42.264386],[24.800126,42.264438]]]},"properties":{"num":1}},{"type":"Feature","geometry":{"type":"Polygon","coordinates":[[[24.800224,42.264331],[24.800202,42.264346],[24.800242,42.264381],[24.800265,42.264366],[24.800224,42.264331]]]},"properties":{"num":2}},{"type":"Feature","geometry":{"type":"Polygon","coordinates":[[[24.800195,42.264306],[24.800265,42.264366],[24.800364,42.264304],[24.800329,42.264273],[24.800271,42.264309],[24.800236,42.264279],[24.800195,42.264306]]]},"properties":{"num":3}},{"type":"Feature","geometry":{"type":"Polygon","coordinates":[[[24.800619,42.264394],[24.80066,42.264323],[24.800608,42.264306],[24.800584,42.26435],[24.800484,42.26436],[24.800493,42.264407],[24.800619,42.264394]]]},"properties":{"num":1}},{"type":"Feature","geometry":{"type":"Polygon","coordinates":[[[24.800686,42.264282],[24.800631,42.264265],[24.800608,42.264306],[24.80066,42.264323],[24.800686,42.264282]]]},"properties":{"num":2}},{"type":"Feature","geometry":{"type":"Polygon","coordinates":[[[24.800585,42.26425],[24.800519,42.26423],[24.80051,42.264249],[24.800574,42.264269],[24.800585,42.26425]]]},"properties":{"num":3}},{"type":"Feature","geometry":{"type":"Polygon","coordinates":[[[24.800526,42.264218],[24.800519,42.26423],[24.800555,42.264242],[24.800567,42.26422],[24.800544,42.264213],[24.800539,42.264222],[24.800526,42.264218]]]},"properties":{"num":1}},{"type":"Feature","geometry":{"type":"Polygon","coordinates":[[[24.800555,42.264242],[24.800635,42.264266],[24.800649,42.264242],[24.80059,42.264221],[24.800592,42.264218],[24.800572,42.26421],[24.800555,42.264242]]]},"properties":{"num":2}},{"type":"Feature","geometry":{"type":"Polygon","coordinates":[[[24.80059,42.264221],[24.800649,42.264242],[24.800687,42.26418],[24.80061,42.264153],[24.800594,42.26418],[24.800588,42.264177],[24.800569,42.264209],[24.800592,42.264218],[24.80059,42.264221]]]},"properties":{"num":3}},{"type":"Feature","geometry":{"type":"Polygon","coordinates":[[[24.800527,42.264183],[24.800517,42.2642],[24.800542,42.264208],[24.800552,42.26419],[24.800527,42.264183]]]},"properties":{"num":4}},{"type":"Feature","geometry":{"type":"Polygon","coordinates":[[[24.800535,42.264167],[24.800468,42.264146],[24.80045,42.264179],[24.800517,42.2642],[24.800535,42.264167]]]},"properties":{"num":5}},{"type":"Feature","geometry":{"type":"Polygon","coordinates":[[[24.800663,42.264065],[24.800707,42.264079],[24.800726,42.264045],[24.800682,42.264031],[24.800663,42.264065]]]},"properties":{"num":1}},{"type":"Feature","geometry":{"type":"Polygon","coordinates":[[[24.800692,42.263908],[24.80069,42.263883],[24.800677,42.263872],[24.800691,42.263862],[24.800655,42.263833],[24.800645,42.26384],[24.800614,42.263815],[24.800526,42.263877],[24.800549,42.263895],[24.800559,42.263889],[24.800635,42.263948],[24.800692,42.263908]]]},"properties":{"num":4}},{"type":"Feature","geometry":{"type":"Polygon","coordinates":[[[24.800594,42.263784],[24.800558,42.263755],[24.800543,42.263765],[24.80053,42.263754],[24.800493,42.263753],[24.800436,42.263793],[24.800513,42.263852],[24.800504,42.263858],[24.800526,42.263877],[24.800614,42.263815],[24.800584,42.26379],[24.800594,42.263784]]]},"properties":{"num":5}},{"type":"Feature","geometry":{"type":"Polygon","coordinates":[[[24.795778,42.269239],[24.795631,42.269251],[24.795641,42.269316],[24.795788,42.269303],[24.795778,42.269239]]]},"properties":{"num":1}},{"type":"Feature","geometry":{"type":"Polygon","coordinates":[[[24.796125,42.269288],[24.796119,42.269256],[24.79611,42.269256],[24.796104,42.269212],[24.796009,42.269221],[24.796021,42.269297],[24.796125,42.269288]]]},"properties":{"num":1}},{"type":"Feature","geometry":{"type":"Polygon","coordinates":[[[24.796091,42.269098],[24.796148,42.269094],[24.796135,42.269032],[24.796078,42.269037],[24.796091,42.269098]]]},"properties":{"num":1}},{"type":"Feature","geometry":{"type":"Polygon","coordinates":[[[24.796062,42.268956],[24.796119,42.26895],[24.796105,42.268884],[24.796048,42.268889],[24.796062,42.268956]]]},"properties":{"num":1}},{"type":"Feature","geometry":{"type":"Polygon","coordinates":[[[24.796029,42.268649],[24.796014,42.268577],[24.795932,42.268586],[24.795947,42.268659],[24.796029,42.268649]]]},"properties":{"num":1}},{"type":"Feature","geometry":{"type":"Polygon","coordinates":[[[24.795394,42.268531],[24.7954,42.26853],[24.795402,42.268541],[24.795396,42.268541],[24.795399,42.268559],[24.795474,42.268551],[24.795462,42.26849],[24.795388,42.268497],[24.795394,42.268531]]]},"properties":{"num":1}},{"type":"Feature","geometry":{"type":"Polygon","coordinates":[[[24.795457,42.268849],[24.795589,42.268835],[24.795574,42.268756],[24.795442,42.26877],[24.795457,42.268849]]]},"properties":{"num":1}},{"type":"Feature","geometry":{"type":"Polygon","coordinates":[[[24.796493,42.265254],[24.796484,42.265184],[24.796432,42.265189],[24.796431,42.265176],[24.796372,42.265179],[24.79638,42.265262],[24.796493,42.265254]]]},"properties":{"num":1}},{"type":"Feature","geometry":{"type":"Polygon","coordinates":[[[24.797214,42.265193],[24.797224,42.265197],[24.797235,42.265196],[24.797236,42.265202],[24.797303,42.265196],[24.797293,42.26514],[24.797274,42.265129],[24.797206,42.265135],[24.797214,42.265193]]]},"properties":{"num":1}},{"type":"Feature","geometry":{"type":"Polygon","coordinates":[[[24.797269,42.265011],[24.797262,42.264976],[24.797253,42.264977],[24.797247,42.264947],[24.797203,42.264952],[24.7972,42.264942],[24.797155,42.264947],[24.79717,42.265027],[24.797198,42.265024],[24.797197,42.26502],[24.797269,42.265011]]]},"properties":{"num":1}},{"type":"Feature","geometry":{"type":"Polygon","coordinates":[[[24.797239,42.264948],[24.797236,42.264926],[24.797193,42.264931],[24.797203,42.264952],[24.797239,42.264948]]]},"properties":{"num":2}},{"type":"Feature","geometry":{"type":"Polygon","coordinates":[[[24.799449,42.271174],[24.799439,42.271098],[24.79934,42.271106],[24.799349,42.27118],[24.799449,42.271174]]]},"properties":{"num":1}},{"type":"Feature","geometry":{"type":"Polygon","coordinates":[[[24.799449,42.271174],[24.799349,42.27118],[24.799351,42.271209],[24.799453,42.271213],[24.799449,42.271174]]]},"properties":{"num":2}},{"type":"Feature","geometry":{"type":"Polygon","coordinates":[[[24.801337,42.27123],[24.801226,42.271223],[24.801242,42.271127],[24.801185,42.271122],[24.801158,42.271266],[24.80133,42.271273],[24.801337,42.27123]]]},"properties":{"num":1}},{"type":"Feature","geometry":{"type":"Polygon","coordinates":[[[24.801631,42.270979],[24.801677,42.270981],[24.8017,42.270848],[24.801649,42.270846],[24.801631,42.270979]]]},"properties":{"num":1}},{"type":"Feature","geometry":{"type":"Polygon","coordinates":[[[24.801509,42.270072],[24.801533,42.270119],[24.801582,42.270101],[24.801558,42.270055],[24.801509,42.270072]]]},"properties":{"num":1}},{"type":"Feature","geometry":{"type":"Polygon","coordinates":[[[24.801702,42.270051],[24.801698,42.270117],[24.801823,42.270122],[24.801827,42.270084],[24.801784,42.270083],[24.801786,42.270054],[24.801702,42.270051]]]},"properties":{"num":2}},{"type":"Feature","geometry":{"type":"Polygon","coordinates":[[[24.801857,42.270245],[24.801857,42.270226],[24.801824,42.270226],[24.801825,42.270245],[24.801857,42.270245]]]},"properties":{"num":3}},{"type":"Feature","geometry":{"type":"Polygon","coordinates":[[[24.801582,42.270101],[24.801533,42.270119],[24.801532,42.27013],[24.801702,42.270136],[24.801699,42.270105],[24.801582,42.270101]]]},"properties":{"num":4}},{"type":"Feature","geometry":{"type":"Polygon","coordinates":[[[24.80276,42.26996],[24.802761,42.269987],[24.802798,42.269988],[24.8028,42.269964],[24.80276,42.26996]]]},"properties":{"num":1}},{"type":"Feature","geometry":{"type":"Polygon","coordinates":[[[24.802837,42.269942],[24.802836,42.269987],[24.803023,42.26999],[24.803019,42.269945],[24.802837,42.269942]]]},"properties":{"num":2}},{"type":"Feature","geometry":{"type":"Polygon","coordinates":[[[24.803074,42.269918],[24.80302,42.269917],[24.803019,42.26996],[24.80315,42.269962],[24.803153,42.269885],[24.803075,42.269884],[24.803074,42.269918]]]},"properties":{"num":3}},{"type":"Feature","geometry":{"type":"Polygon","coordinates":[[[24.802782,42.269619],[24.80278,42.269644],[24.802887,42.269649],[24.802889,42.269623],[24.802782,42.269619]]]},"properties":{"num":5}},{"type":"Feature","geometry":{"type":"Polygon","coordinates":[[[24.803802,42.269056],[24.803833,42.269118],[24.803876,42.269106],[24.803864,42.269086],[24.803858,42.269088],[24.803836,42.269046],[24.803802,42.269056]]]},"properties":{"num":1}},{"type":"Feature","geometry":{"type":"Polygon","coordinates":[[[24.803858,42.269088],[24.803864,42.269086],[24.803876,42.269106],[24.803948,42.269087],[24.803937,42.269064],[24.803918,42.269069],[24.803898,42.269029],[24.803836,42.269046],[24.803858,42.269088]]]},"properties":{"num":2}},{"type":"Feature","geometry":{"type":"Polygon","coordinates":[[[24.799925,42.270533],[24.799919,42.270571],[24.799972,42.270573],[24.799975,42.270535],[24.799925,42.270533]]]},"properties":{"num":1}},{"type":"Feature","geometry":{"type":"Polygon","coordinates":[[[24.799976,42.270514],[24.799972,42.270573],[24.800038,42.270576],[24.800042,42.270517],[24.799976,42.270514]]]},"properties":{"num":2}},{"type":"Feature","geometry":{"type":"Polygon","coordinates":[[[24.800158,42.270446],[24.800062,42.270443],[24.800059,42.270488],[24.800109,42.27049],[24.800106,42.270548],[24.80015,42.270549],[24.800158,42.270446]]]},"properties":{"num":3}},{"type":"Feature","geometry":{"type":"Polygon","coordinates":[[[24.799396,42.270841],[24.799388,42.270765],[24.799305,42.270769],[24.799314,42.270846],[24.799396,42.270841]]]},"properties":{"num":1}},{"type":"Feature","geometry":{"type":"Polygon","coordinates":[[[24.799361,42.270427],[24.799362,42.270577],[24.799407,42.270578],[24.799406,42.270428],[24.799361,42.270427]]]},"properties":{"num":1}},{"type":"Feature","geometry":{"type":"Polygon","coordinates":[[[24.799406,42.270467],[24.799469,42.270468],[24.799471,42.270429],[24.799406,42.270428],[24.799406,42.270467]]]},"properties":{"num":2}},{"type":"Feature","geometry":{"type":"Polygon","coordinates":[[[24.79968,42.270434],[24.799637,42.270535],[24.799673,42.270543],[24.799716,42.270434],[24.79968,42.270434]]]},"properties":{"num":3}},{"type":"Feature","geometry":{"type":"Polygon","coordinates":[[[24.803628,42.266659],[24.803678,42.266645],[24.803658,42.266608],[24.803609,42.266622],[24.803628,42.266659]]]},"properties":{"num":1}},{"type":"Feature","geometry":{"type":"Polygon","coordinates":[[[24.803672,42.26674],[24.80372,42.266727],[24.803678,42.266645],[24.803628,42.266659],[24.803672,42.26674]]]},"properties":{"num":2}},{"type":"Feature","geometry":{"type":"Polygon","coordinates":[[[24.801269,42.264803],[24.801245,42.264706],[24.801109,42.264725],[24.801132,42.264821],[24.801269,42.264803]]]},"properties":{"num":1}},{"type":"Feature","geometry":{"type":"Polygon","coordinates":[[[24.800211,42.265307],[24.80019,42.265341],[24.800285,42.265358],[24.800297,42.265322],[24.800211,42.265307]]]},"properties":{"num":1}},{"type":"Feature","geometry":{"type":"Polygon","coordinates":[[[24.800414,42.265378],[24.800423,42.265342],[24.800297,42.265322],[24.800285,42.265358],[24.800414,42.265378]]]},"properties":{"num":2}},{"type":"Feature","geometry":{"type":"Polygon","coordinates":[[[24.796957,42.266807],[24.796947,42.266733],[24.796868,42.266738],[24.79686,42.266745],[24.796867,42.266813],[24.796957,42.266807]]]},"properties":{"num":1}},{"type":"Feature","geometry":{"type":"Polygon","coordinates":[[[24.796197,42.268251],[24.796214,42.268335],[24.79635,42.26832],[24.796334,42.268234],[24.796197,42.268251]]]},"properties":{"num":1}},{"type":"Feature","geometry":{"type":"Polygon","coordinates":[[[24.796199,42.268247],[24.796135,42.268254],[24.796142,42.268284],[24.796202,42.268277],[24.796199,42.268247]]]},"properties":{"num":2}},{"type":"Feature","geometry":{"type":"Polygon","coordinates":[[[24.796887,42.270973],[24.796736,42.270965],[24.796733,42.271005],[24.796884,42.271013],[24.796887,42.270973]]]},"properties":{"num":1}},{"type":"Feature","geometry":{"type":"Polygon","coordinates":[[[24.797217,42.270847],[24.797121,42.270845],[24.797115,42.270952],[24.797211,42.270954],[24.797217,42.270847]]]},"properties":{"num":1}},{"type":"Feature","geometry":{"type":"Polygon","coordinates":[[[24.797248,42.27059],[24.797248,42.270553],[24.797176,42.270552],[24.797176,42.270589],[24.797248,42.27059]]]},"properties":{"num":1}},{"type":"Feature","geometry":{"type":"Polygon","coordinates":[[[24.800857,42.269647],[24.800809,42.26965],[24.800812,42.269669],[24.800745,42.269673],[24.800751,42.269708],[24.800865,42.2697],[24.800857,42.269647]]]},"properties":{"num":1}},{"type":"Feature","geometry":{"type":"Polygon","coordinates":[[[24.800629,42.270192],[24.800577,42.270195],[24.80058,42.270218],[24.800505,42.270223],[24.80051,42.270264],[24.800636,42.270256],[24.800629,42.270192]]]},"properties":{"num":1}},{"type":"Feature","geometry":{"type":"Polygon","coordinates":[[[24.797509,42.266956],[24.797506,42.266935],[24.797453,42.266939],[24.797462,42.267003],[24.797599,42.266993],[24.797594,42.266952],[24.797509,42.266956]]]},"properties":{"num":1}},{"type":"Feature","geometry":{"type":"Polygon","coordinates":[[[24.797406,42.266897],[24.797407,42.266913],[24.797457,42.266909],[24.797455,42.266893],[24.797406,42.266897]]]},"properties":{"num":2}},{"type":"Feature","geometry":{"type":"Polygon","coordinates":[[[24.797391,42.266898],[24.797395,42.266927],[24.797458,42.266923],[24.797457,42.266909],[24.797407,42.266913],[24.797406,42.266897],[24.797391,42.266898]]]},"properties":{"num":3}},{"type":"Feature","geometry":{"type":"Polygon","coordinates":[[[24.799096,42.270092],[24.799079,42.270037],[24.798986,42.270051],[24.79901,42.27014],[24.799087,42.270129],[24.799077,42.270096],[24.799096,42.270092]]]},"properties":{"num":1}},{"type":"Feature","geometry":{"type":"Polygon","coordinates":[[[24.802318,42.269103],[24.802445,42.269158],[24.802493,42.269097],[24.802449,42.269077],[24.802428,42.269103],[24.802348,42.269067],[24.802318,42.269103]]]},"properties":{"num":2}},{"type":"Feature","geometry":{"type":"Polygon","coordinates":[[[24.802415,42.269061],[24.802393,42.269087],[24.802428,42.269103],[24.802449,42.269077],[24.802415,42.269061]]]},"properties":{"num":3}},{"type":"Feature","geometry":{"type":"Polygon","coordinates":[[[24.796538,42.267039],[24.796523,42.267013],[24.79649,42.267025],[24.796504,42.267051],[24.796538,42.267039]]]},"properties":{"num":1}},{"type":"Feature","geometry":{"type":"Polygon","coordinates":[[[24.798457,42.268093],[24.798429,42.268062],[24.798389,42.268081],[24.798371,42.26806],[24.798304,42.268092],[24.798352,42.268145],[24.798457,42.268093]]]},"properties":{"num":1}},{"type":"Feature","geometry":{"type":"Polygon","coordinates":[[[24.798331,42.268187],[24.798371,42.268167],[24.798299,42.268085],[24.798258,42.268105],[24.798331,42.268187]]]},"properties":{"num":2}},{"type":"Feature","geometry":{"type":"Polygon","coordinates":[[[24.798536,42.268086],[24.798526,42.268075],[24.798501,42.268087],[24.798511,42.268098],[24.798536,42.268086]]]},"properties":{"num":3}},{"type":"Feature","geometry":{"type":"Polygon","coordinates":[[[24.79832,42.267649],[24.798363,42.267736],[24.79848,42.267703],[24.798462,42.267667],[24.79839,42.267687],[24.798365,42.267636],[24.79832,42.267649]]]},"properties":{"num":1}},{"type":"Feature","geometry":{"type":"Polygon","coordinates":[[[24.798507,42.267654],[24.798462,42.267667],[24.79848,42.267703],[24.798525,42.267691],[24.798507,42.267654]]]},"properties":{"num":2}},{"type":"Feature","geometry":{"type":"Polygon","coordinates":[[[24.798478,42.267756],[24.798489,42.267778],[24.798432,42.267794],[24.798481,42.267888],[24.798634,42.267835],[24.798578,42.267727],[24.798544,42.267736],[24.798517,42.267732],[24.798495,42.267738],[24.798478,42.267756]]]},"properties":{"num":3}},{"type":"Feature","geometry":{"type":"Polygon","coordinates":[[[24.802078,42.268636],[24.80208,42.268664],[24.802156,42.268662],[24.802153,42.268633],[24.802078,42.268636]]]},"properties":{"num":1}},{"type":"Feature","geometry":{"type":"Polygon","coordinates":[[[24.802081,42.268705],[24.802159,42.268701],[24.802156,42.268662],[24.80208,42.268664],[24.802081,42.268705]]]},"properties":{"num":2}},{"type":"Feature","geometry":{"type":"Polygon","coordinates":[[[24.802087,42.268802],[24.802193,42.268798],[24.80219,42.268753],[24.80215,42.268753],[24.802149,42.268742],[24.802084,42.268744],[24.802087,42.268802]]]},"properties":{"num":3}},{"type":"Feature","geometry":{"type":"Polygon","coordinates":[[[24.802193,42.268798],[24.802342,42.268793],[24.802339,42.268748],[24.802292,42.268749],[24.802292,42.268735],[24.802213,42.268738],[24.802214,42.268752],[24.80219,42.268753],[24.802193,42.268798]]]},"properties":{"num":4}},{"type":"Feature","geometry":{"type":"Polygon","coordinates":[[[24.802425,42.268635],[24.802368,42.268632],[24.802364,42.268677],[24.80242,42.26868],[24.802425,42.268635]]]},"properties":{"num":5}},{"type":"Feature","geometry":{"type":"Polygon","coordinates":[[[24.802431,42.268566],[24.802375,42.268563],[24.802368,42.268632],[24.802425,42.268635],[24.802431,42.268566]]]},"properties":{"num":6}},{"type":"Feature","geometry":{"type":"Polygon","coordinates":[[[24.802216,42.268921],[24.802216,42.268909],[24.80215,42.268909],[24.802153,42.268977],[24.802214,42.268976],[24.802214,42.268988],[24.802266,42.268988],[24.802265,42.26892],[24.802216,42.268921]]]},"properties":{"num":1}},{"type":"Feature","geometry":{"type":"Polygon","coordinates":[[[24.80186,42.266116],[24.801863,42.26613],[24.801901,42.266125],[24.801898,42.266111],[24.80186,42.266116]]]},"properties":{"num":1}},{"type":"Feature","geometry":{"type":"Polygon","coordinates":[[[24.801847,42.266182],[24.801832,42.266119],[24.801789,42.266126],[24.801804,42.266188],[24.801847,42.266182]]]},"properties":{"num":2}},{"type":"Feature","geometry":{"type":"Polygon","coordinates":[[[24.801101,42.267652],[24.801363,42.267589],[24.801349,42.267555],[24.801086,42.267617],[24.801101,42.267652]]]},"properties":{"num":1}},{"type":"Feature","geometry":{"type":"Polygon","coordinates":[[[24.798459,42.267464],[24.79856,42.267436],[24.798527,42.267372],[24.798428,42.2674],[24.798459,42.267464]]]},"properties":{"num":1}},{"type":"Feature","geometry":{"type":"Polygon","coordinates":[[[24.798357,42.267187],[24.798388,42.267186],[24.798387,42.26717],[24.798357,42.267171],[24.798357,42.267187]]]},"properties":{"num":3}},{"type":"Feature","geometry":{"type":"Polygon","coordinates":[[[24.798387,42.26717],[24.798388,42.267186],[24.798438,42.267184],[24.798438,42.267168],[24.798387,42.26717]]]},"properties":{"num":4}},{"type":"Feature","geometry":{"type":"Polygon","coordinates":[[[24.80065,42.266658],[24.800678,42.266683],[24.80071,42.266662],[24.800682,42.266637],[24.80065,42.266658]]]},"properties":{"num":1}},{"type":"Feature","geometry":{"type":"Polygon","coordinates":[[[24.801109,42.26641],[24.801074,42.26638],[24.800676,42.266632],[24.80071,42.266662],[24.801109,42.26641]]]},"properties":{"num":2}},{"type":"Feature","geometry":{"type":"Polygon","coordinates":[[[24.800305,42.270485],[24.800301,42.270445],[24.800223,42.27045],[24.800223,42.27049],[24.800305,42.270485]]]},"properties":{"num":1}},{"type":"Feature","geometry":{"type":"Polygon","coordinates":[[[24.800252,42.270582],[24.800247,42.270541],[24.800154,42.270549],[24.800156,42.270591],[24.800252,42.270582]]]},"properties":{"num":2}},{"type":"Feature","geometry":{"type":"Polygon","coordinates":[[[24.8003,42.270575],[24.800298,42.270562],[24.80025,42.270565],[24.800252,42.270579],[24.8003,42.270575]]]},"properties":{"num":3}},{"type":"Feature","geometry":{"type":"Polygon","coordinates":[[[24.800461,42.270579],[24.800457,42.27056],[24.800411,42.270565],[24.800415,42.270585],[24.800461,42.270579]]]},"properties":{"num":1}},{"type":"Feature","geometry":{"type":"Polygon","coordinates":[[[24.800548,42.270569],[24.800539,42.270528],[24.800456,42.270538],[24.800461,42.270579],[24.800548,42.270569]]]},"properties":{"num":2}},{"type":"Feature","geometry":{"type":"Polygon","coordinates":[[[24.798393,42.266742],[24.798385,42.2667],[24.798327,42.266702],[24.798327,42.266685],[24.798292,42.266686],[24.798293,42.266705],[24.798241,42.266708],[24.798245,42.266752],[24.798393,42.266742]]]},"properties":{"num":1}},{"type":"Feature","geometry":{"type":"Polygon","coordinates":[[[24.798245,42.266752],[24.798241,42.266708],[24.798127,42.266715],[24.79812,42.266611],[24.798044,42.266613],[24.798054,42.266761],[24.798245,42.266752]]]},"properties":{"num":2}},{"type":"Feature","geometry":{"type":"Polygon","coordinates":[[[24.798287,42.265671],[24.798275,42.265594],[24.798243,42.265597],[24.798241,42.265586],[24.798185,42.265591],[24.798188,42.265609],[24.798134,42.265613],[24.798144,42.265682],[24.798287,42.265671]]]},"properties":{"num":1}},{"type":"Feature","geometry":{"type":"Polygon","coordinates":[[[24.798097,42.265795],[24.798073,42.265572],[24.798011,42.265578],[24.798037,42.265799],[24.798097,42.265795]]]},"properties":{"num":3}},{"type":"Feature","geometry":{"type":"Polygon","coordinates":[[[24.798157,42.265611],[24.798151,42.265566],[24.798116,42.265569],[24.798122,42.265614],[24.798157,42.265611]]]},"properties":{"num":4}},{"type":"Feature","geometry":{"type":"Polygon","coordinates":[[[24.798442,42.265666],[24.79843,42.265576],[24.798366,42.265582],[24.798363,42.265562],[24.798301,42.265567],[24.798312,42.265644],[24.798284,42.265646],[24.798287,42.265671],[24.798281,42.265671],[24.798283,42.265678],[24.798442,42.265666]]]},"properties":{"num":5}},{"type":"Feature","geometry":{"type":"Polygon","coordinates":[[[24.79879,42.269563],[24.798761,42.269483],[24.798655,42.269507],[24.798689,42.269601],[24.798744,42.269588],[24.798739,42.269574],[24.79879,42.269563]]]},"properties":{"num":1}},{"type":"Feature","geometry":{"type":"Polygon","coordinates":[[[24.798583,42.269305],[24.798412,42.269317],[24.7984,42.269321],[24.798394,42.269338],[24.798401,42.269347],[24.798413,42.269351],[24.798423,42.269411],[24.798594,42.269399],[24.798586,42.269337],[24.798599,42.269329],[24.798601,42.269319],[24.798594,42.26931],[24.798583,42.269305]]]},"properties":{"num":1}},{"type":"Feature","geometry":{"type":"Polygon","coordinates":[[[24.798244,42.269402],[24.798232,42.269321],[24.798094,42.269333],[24.798106,42.269414],[24.798244,42.269402]]]},"properties":{"num":1}},{"type":"Feature","geometry":{"type":"Polygon","coordinates":[[[24.798282,42.269399],[24.798274,42.269348],[24.798236,42.269351],[24.798244,42.269402],[24.798282,42.269399]]]},"properties":{"num":2}},{"type":"Feature","geometry":{"type":"Polygon","coordinates":[[[24.798364,42.269441],[24.798344,42.26927],[24.798297,42.269274],[24.798317,42.269444],[24.798364,42.269441]]]},"properties":{"num":3}},{"type":"Feature","geometry":{"type":"Polygon","coordinates":[[[24.798354,42.269578],[24.798316,42.269578],[24.798316,42.269615],[24.798353,42.269616],[24.798354,42.269578]]]},"properties":{"num":4}},{"type":"Feature","geometry":{"type":"Polygon","coordinates":[[[24.798724,42.268381],[24.79868,42.268321],[24.798579,42.268359],[24.798623,42.268423],[24.798724,42.268381]]]},"properties":{"num":1}},{"type":"Feature","geometry":{"type":"Polygon","coordinates":[[[24.797295,42.268728],[24.797214,42.268737],[24.797211,42.26872],[24.79716,42.268725],[24.797175,42.268805],[24.797307,42.26879],[24.797295,42.268728]]]},"properties":{"num":1}},{"type":"Feature","geometry":{"type":"Polygon","coordinates":[[[24.797319,42.268595],[24.797301,42.268532],[24.797192,42.268548],[24.797213,42.268623],[24.797271,42.268615],[24.797268,42.268603],[24.797319,42.268595]]]},"properties":{"num":1}},{"type":"Feature","geometry":{"type":"Polygon","coordinates":[[[24.798753,42.265002],[24.798748,42.264964],[24.798663,42.264967],[24.798668,42.265006],[24.798753,42.265002]]]},"properties":{"num":2}},{"type":"Feature","geometry":{"type":"Polygon","coordinates":[[[24.798748,42.264964],[24.798753,42.265002],[24.79888,42.264996],[24.798878,42.264958],[24.798748,42.264964]]]},"properties":{"num":3}},{"type":"Feature","geometry":{"type":"Polygon","coordinates":[[[24.799022,42.264991],[24.79902,42.264952],[24.798992,42.264952],[24.798991,42.264936],[24.798927,42.264938],[24.798928,42.264952],[24.798879,42.264955],[24.79888,42.264996],[24.799022,42.264991]]]},"properties":{"num":1}},{"type":"Feature","geometry":{"type":"Polygon","coordinates":[[[24.799143,42.264988],[24.799141,42.264964],[24.799068,42.264966],[24.799066,42.264951],[24.79902,42.264952],[24.799022,42.264991],[24.799143,42.264988]]]},"properties":{"num":2}},{"type":"Feature","geometry":{"type":"Polygon","coordinates":[[[24.802838,42.268276],[24.802857,42.268217],[24.802869,42.268219],[24.802881,42.26818],[24.802783,42.268163],[24.802752,42.268261],[24.802838,42.268276]]]},"properties":{"num":1}},{"type":"Feature","geometry":{"type":"Polygon","coordinates":[[[24.801404,42.265478],[24.801318,42.265465],[24.8013,42.265527],[24.80143,42.265547],[24.801444,42.265497],[24.801401,42.26549],[24.801404,42.265478]]]},"properties":{"num":1}},{"type":"Feature","geometry":{"type":"Polygon","coordinates":[[[24.801497,42.265517],[24.801444,42.265499],[24.80143,42.265547],[24.801506,42.265555],[24.801497,42.265517]]]},"properties":{"num":2}},{"type":"Feature","geometry":{"type":"Polygon","coordinates":[[[24.801477,42.26543],[24.801472,42.265408],[24.801439,42.265413],[24.801444,42.265434],[24.801477,42.26543]]]},"properties":{"num":3}},{"type":"Feature","geometry":{"type":"Polygon","coordinates":[[[24.802898,42.268988],[24.802928,42.268994],[24.80294,42.268958],[24.802837,42.268938],[24.802812,42.269003],[24.802888,42.269018],[24.802898,42.268988]]]},"properties":{"num":1}},{"type":"Feature","geometry":{"type":"Polygon","coordinates":[[[24.802971,42.269087],[24.803034,42.269091],[24.803051,42.269039],[24.802995,42.269029],[24.802971,42.269087]]]},"properties":{"num":2}},{"type":"Feature","geometry":{"type":"Polygon","coordinates":[[[24.803324,42.269041],[24.803355,42.26909],[24.803426,42.269066],[24.803398,42.269016],[24.803324,42.269041]]]},"properties":{"num":1}},{"type":"Feature","geometry":{"type":"Polygon","coordinates":[[[24.803598,42.269009],[24.803568,42.26896],[24.803398,42.269016],[24.803426,42.269066],[24.803598,42.269009]]]},"properties":{"num":2}}]}