{"type":"FeatureCollection","features":[{"type":"Feature","geometry":{"type":"Polygon","coordinates":[[[24.789534,42.274095],[24.789678,42.273034],[24.787614,42.272879],[24.787465,42.27394],[24.789534,42.274095]]]},"properties":{"cadnum":"21169.1.19","purptype":"Земеделска","usetype":"Овощна градина","proptype":"Частна","immaddr":"с. Динк","place":"ГОРЕН ГЕРЕН","area":20305.29274542,"cadreg":1,"pnum":"19"}},{"type":"Feature","geometry":{"type":"Polygon","coordinates":[[[24.78639,42.281815],[24.787276,42.275288],[24.787921,42.270683],[24.78792,42.270672],[24.787873,42.27068],[24.787228,42.275284],[24.786336,42.28185],[24.789925,42.281905],[24.791753,42.274497],[24.792865,42.270139],[24.792945,42.270079],[24.793259,42.269923],[24.793202,42.269925],[24.793074,42.269972],[24.792914,42.270051],[24.79282,42.270121],[24.79181,42.274081],[24.789885,42.281869],[24.78639,42.281815]]]},"properties":{"cadnum":"21169.1.30","purptype":"Земеделска","usetype":"За селскостопански, горски, ведомствен път","proptype":"Частна","immaddr":"с. Динк","place":"ГОРЕН ГЕРЕН","area":11603.767812514,"cadreg":1,"pnum":"30"}},{"type":"Feature","geometry":{"type":"Polygon","coordinates":[[[24.787757,42.270693],[24.7872,42.2748],[24.7862,42.281956],[24.78631,42.281962],[24.786336,42.28185],[24.787228,42.275284],[24.787873,42.27068],[24.787757,42.270693]]]},"properties":{"cadnum":"21169.1.40","purptype":"Територия, заета от води и водни обекти","usetype":"Напоителен канал","proptype":"Държавна частна","immaddr":"с. Динк","area":11223.696368035,"cadreg":1,"pnum":"40"}},{"type":"Feature","geometry":{"type":"Polygon","coordinates":[[[24.791297,42.276143],[24.79137,42.275847],[24.789317,42.275693],[24.789277,42.275992],[24.791297,42.276143]]]},"properties":{"cadnum":"21169.1.67","purptype":"Земеделска","usetype":"Овощна градина","proptype":"Частна","immaddr":"с. Динк","place":"ГОРЕН ГЕРЕН","area":5636.3511819441,"cadreg":1,"pnum":"67"}},{"type":"Feature","geometry":{"type":"Polygon","coordinates":[[[24.795052,42.269473],[24.787792,42.270622],[24.787786,42.270653],[24.787757,42.270693],[24.793599,42.269781],[24.795244,42.269528],[24.795414,42.269512],[24.795397,42.269425],[24.795052,42.269473]]]},"properties":{"cadnum":"21169.1.70","purptype":"Земеделска","usetype":"За местен път","proptype":"Общинска публична","immaddr":"с. Динк","place":"ГОРЕН ГЕРЕН","area":5232.0114494245,"cadreg":1,"pnum":"70"}},{"type":"Feature","geometry":{"type":"Polygon","coordinates":[[[24.793599,42.269781],[24.78792,42.270672],[24.787614,42.272879],[24.789678,42.273034],[24.789534,42.274095],[24.787465,42.27394],[24.78639,42.281815],[24.789885,42.281869],[24.791297,42.276143],[24.789277,42.275992],[24.789317,42.275693],[24.79137,42.275847],[24.79181,42.274081],[24.79282,42.270121],[24.792914,42.270051],[24.793074,42.269972],[24.793202,42.269925],[24.793259,42.269923],[24.793375,42.269896],[24.793599,42.269781]]]},"properties":{"cadnum":"21169.1.72","purptype":"Земеделска","usetype":"Овощна градина","proptype":"Частна","immaddr":"с. Динк","place":"ГОРЕН ГЕРЕН","area":413981.90250012,"cadreg":1,"pnum":"72"}},{"type":"Feature","geometry":{"type":"Polygon","coordinates":[[[24.79173,42.281933],[24.791925,42.280903],[24.790258,42.280878],[24.790001,42.281907],[24.79173,42.281933]]]},"properties":{"cadnum":"21169.2.1","purptype":"Земеделска","usetype":"Овощна градина","proptype":"Частна","immaddr":"с. Динк","place":"ГОРЕН ГЕРЕН","area":16067.295175452,"cadreg":2,"pnum":"1"}},{"type":"Feature","geometry":{"type":"Polygon","coordinates":[[[24.790879,42.280272],[24.790387,42.28036],[24.790258,42.280878],[24.791925,42.280903],[24.792193,42.279491],[24.791656,42.279483],[24.790968,42.280245],[24.790879,42.280272]]]},"properties":{"cadnum":"21169.2.2","purptype":"Земеделска","usetype":"Овощна градина","proptype":"Частна","immaddr":"с. Динк","place":"ГОРЕН ГЕРЕН","area":15093.906792026,"cadreg":2,"pnum":"2"}},{"type":"Feature","geometry":{"type":"Polygon","coordinates":[[[24.791656,42.279483],[24.792193,42.279491],[24.792529,42.277711],[24.79248,42.277707],[24.792415,42.27773],[24.79235,42.277779],[24.792265,42.277867],[24.791867,42.279228],[24.791811,42.279312],[24.791656,42.279483]]]},"properties":{"cadnum":"21169.2.3","purptype":"Земеделска","usetype":"Нива","proptype":"Частна","immaddr":"с. Динк","place":"ГОРЕН ГЕРЕН","area":5108.712672001,"cadreg":2,"pnum":"3"}},{"type":"Feature","geometry":{"type":"Polygon","coordinates":[[[24.791811,42.279312],[24.791867,42.279228],[24.792265,42.277867],[24.79235,42.277779],[24.792415,42.27773],[24.79248,42.277707],[24.792529,42.277711],[24.792533,42.277674],[24.792469,42.277672],[24.792386,42.277701],[24.792313,42.277755],[24.79222,42.277853],[24.791821,42.279216],[24.791769,42.279294],[24.790935,42.280216],[24.790865,42.280238],[24.790397,42.280322],[24.790387,42.28036],[24.790879,42.280272],[24.790968,42.280245],[24.791811,42.279312]]]},"properties":{"cadnum":"21169.2.4","purptype":"Земеделска","usetype":"За селскостопански, горски, ведомствен път","proptype":"Общинска публична","immaddr":"с. Динк","place":"ГОРЕН ГЕРЕН","area":1478.1978875451,"cadreg":2,"pnum":"4"}},{"type":"Feature","geometry":{"type":"Polygon","coordinates":[[[24.797287,42.280121],[24.79712,42.280719],[24.797174,42.280758],[24.797199,42.28085],[24.797196,42.280911],[24.796925,42.281781],[24.797613,42.281782],[24.797612,42.282019],[24.798422,42.282021],[24.798883,42.280366],[24.797287,42.280121]]]},"properties":{"cadnum":"21169.3.5","purptype":"Земеделска","usetype":"Лозе","proptype":"Частна","immaddr":"с. Динк","place":"КЮЧУК КОРИЯ","area":24247.222213499,"cadreg":3,"pnum":"5"}},{"type":"Feature","geometry":{"type":"Polygon","coordinates":[[[24.794032,42.279232],[24.793882,42.279995],[24.795422,42.280162],[24.795572,42.279399],[24.794032,42.279232]]]},"properties":{"cadnum":"21169.3.10","purptype":"Земеделска","usetype":"Нива","proptype":"Частна","immaddr":"с. Динк","place":"КЮЧУК КОРИЯ","area":10997.063812498,"cadreg":3,"pnum":"10"}},{"type":"Feature","geometry":{"type":"Polygon","coordinates":[[[24.797514,42.279306],[24.797746,42.278473],[24.795844,42.278266],[24.795679,42.279106],[24.797514,42.279306]]]},"properties":{"cadnum":"21169.3.13","purptype":"Земеделска","usetype":"Нива","proptype":"Частна","immaddr":"с. Динк","place":"КЮЧУК КОРИЯ","area":14691.809824979,"cadreg":3,"pnum":"13"}},{"type":"Feature","geometry":{"type":"Polygon","coordinates":[[[24.793996,42.279416],[24.794163,42.278569],[24.792536,42.278393],[24.792369,42.27924],[24.793996,42.279416]]]},"properties":{"cadnum":"21169.3.15","purptype":"Земеделска","usetype":"Нива","proptype":"Частна","immaddr":"с. Динк","place":"КЮЧУК КОРИЯ","area":12895.403181507,"cadreg":3,"pnum":"15"}},{"type":"Feature","geometry":{"type":"Polygon","coordinates":[[[24.795729,42.278601],[24.795864,42.277921],[24.794302,42.277864],[24.794189,42.278434],[24.795729,42.278601]]]},"properties":{"cadnum":"21169.3.17","purptype":"Земеделска","usetype":"Нива","proptype":"Частна","immaddr":"с. Динк","place":"КЮЧУК КОРИЯ","area":9008.7011719852,"cadreg":3,"pnum":"17"}},{"type":"Feature","geometry":{"type":"Polygon","coordinates":[[[24.797,42.278392],[24.79711,42.277838],[24.796416,42.277928],[24.795912,42.277921],[24.795844,42.278266],[24.797,42.278392]]]},"properties":{"cadnum":"21169.3.18","purptype":"Земеделска","usetype":"Нива","proptype":"Частна","immaddr":"с. Динк","place":"КЮЧУК КОРИЯ","area":4635.3998744931,"cadreg":3,"pnum":"18"}},{"type":"Feature","geometry":{"type":"Polygon","coordinates":[[[24.797954,42.277726],[24.79711,42.277838],[24.797,42.278392],[24.797746,42.278473],[24.797954,42.277726]]]},"properties":{"cadnum":"21169.3.19","purptype":"Земеделска","usetype":"Нива","proptype":"Частна","immaddr":"с. Динк","place":"КЮЧУК КОРИЯ","area":4718.0445279774,"cadreg":3,"pnum":"19"}},{"type":"Feature","geometry":{"type":"Polygon","coordinates":[[[24.791837,42.281937],[24.792668,42.277719],[24.79262,42.277714],[24.791788,42.281935],[24.791837,42.281937]]]},"properties":{"cadnum":"21169.3.20","purptype":"Земеделска","usetype":"За селскостопански, горски, ведомствен път","proptype":"Общинска публична","immaddr":"с. Динк","place":"КЮЧУК КОРИЯ","area":1898.3114889821,"cadreg":3,"pnum":"20"}},{"type":"Feature","geometry":{"type":"Polygon","coordinates":[[[24.799137,42.27825],[24.798997,42.278426],[24.798974,42.27849],[24.799001,42.278527],[24.799067,42.278522],[24.799169,42.278465],[24.799243,42.278385],[24.799319,42.27829],[24.799362,42.278111],[24.799308,42.278089],[24.799257,42.278119],[24.799137,42.27825]]]},"properties":{"cadnum":"21169.3.22","purptype":"Земеделска","usetype":"Ями","proptype":"Общинска публична","immaddr":"с. Динк","place":"КЮЧУК КОРИЯ","area":678.73724149911,"cadreg":3,"pnum":"22"}},{"type":"Feature","geometry":{"type":"Polygon","coordinates":[[[24.792619,42.277631],[24.792569,42.277643],[24.792533,42.277674],[24.79173,42.281933],[24.791788,42.281935],[24.79262,42.277714],[24.794302,42.277864],[24.795864,42.277921],[24.796416,42.277928],[24.797954,42.277726],[24.799685,42.277488],[24.799708,42.2774],[24.796365,42.277838],[24.7959,42.277833],[24.794633,42.277778],[24.792619,42.277631]]]},"properties":{"cadnum":"21169.3.23","purptype":"Територия, заета от води и водни обекти","usetype":"Напоителен канал","proptype":"Общинска частна","immaddr":"с. Динк","place":"КЮЧУК КОРИЯ","area":9106.5779055217,"cadreg":3,"pnum":"23"}},{"type":"Feature","geometry":{"type":"Polygon","coordinates":[[[24.795804,42.282153],[24.798453,42.282098],[24.798467,42.282057],[24.797612,42.282055],[24.795958,42.28207],[24.791729,42.281969],[24.789913,42.281942],[24.789925,42.281905],[24.786336,42.28185],[24.78631,42.281962],[24.795804,42.282153]]]},"properties":{"cadnum":"21169.3.24","purptype":"Територия, заета от води и водни обекти","usetype":"Напоителен канал","proptype":"Общинска частна","immaddr":"с. Динк","place":"КЮЧУК КОРИЯ","area":10689.208453562,"cadreg":3,"pnum":"24"}},{"type":"Feature","geometry":{"type":"Polygon","coordinates":[[[24.797117,42.280717],[24.797033,42.280721],[24.796976,42.28076],[24.796908,42.280952],[24.796753,42.281281],[24.796667,42.281552],[24.79665,42.281811],[24.796667,42.281888],[24.796728,42.281985],[24.796775,42.281995],[24.796839,42.281987],[24.796876,42.281956],[24.796905,42.281888],[24.796925,42.281781],[24.797196,42.280911],[24.797199,42.28085],[24.797174,42.280758],[24.797117,42.280717]]]},"properties":{"cadnum":"21169.3.25","purptype":"Земеделска","usetype":"Ями","proptype":"Общинска публична","immaddr":"с. Динк","place":"КЮЧУК КОРИЯ","area":3263.8362300059,"cadreg":3,"pnum":"25"}},{"type":"Feature","geometry":{"type":"Polygon","coordinates":[[[24.795106,42.282014],[24.795459,42.280219],[24.795912,42.277921],[24.795864,42.277921],[24.795057,42.282013],[24.795106,42.282014]]]},"properties":{"cadnum":"21169.3.26","purptype":"Земеделска","usetype":"За селскостопански, горски, ведомствен път","proptype":"Общинска публична","immaddr":"с. Динк","place":"КЮЧУК КОРИЯ","area":1834.9818865059,"cadreg":3,"pnum":"26"}},{"type":"Feature","geometry":{"type":"Polygon","coordinates":[[[24.79173,42.281933],[24.789925,42.281905],[24.789913,42.281942],[24.791729,42.281969],[24.795958,42.28207],[24.797612,42.282055],[24.798467,42.282057],[24.798479,42.282021],[24.797612,42.282019],[24.795959,42.282034],[24.79173,42.281933]]]},"properties":{"cadnum":"21169.3.27","purptype":"Земеделска","usetype":"За селскостопански, горски, ведомствен път","proptype":"Частна","immaddr":"с. Динк","place":"КЮЧУК КОРИЯ","area":2811.1577609903,"cadreg":3,"pnum":"27"}},{"type":"Feature","geometry":{"type":"Polygon","coordinates":[[[24.797653,42.278809],[24.799249,42.279055],[24.799685,42.277488],[24.797954,42.277726],[24.797653,42.278809]],[[24.798997,42.278426],[24.799137,42.27825],[24.799257,42.278119],[24.799308,42.278089],[24.799362,42.278111],[24.799319,42.27829],[24.799169,42.278465],[24.799067,42.278522],[24.799001,42.278527],[24.798974,42.27849],[24.798997,42.278426]]]},"properties":{"cadnum":"21169.3.28","purptype":"Земеделска","usetype":"Овощна градина","proptype":"Частна","immaddr":"с. Динк","place":"КЮЧУК КОРИЯ","area":19530.919107508,"cadreg":3,"pnum":"28"}},{"type":"Feature","geometry":{"type":"Polygon","coordinates":[[[24.797514,42.279306],[24.795679,42.279106],[24.795106,42.282014],[24.795959,42.282034],[24.797612,42.282019],[24.797613,42.281782],[24.796925,42.281781],[24.796905,42.281888],[24.796876,42.281956],[24.796839,42.281987],[24.796775,42.281995],[24.796728,42.281985],[24.796692,42.281937],[24.796667,42.281888],[24.79665,42.281811],[24.796667,42.281552],[24.796707,42.281411],[24.796753,42.281281],[24.796908,42.280952],[24.796976,42.28076],[24.797033,42.280721],[24.79712,42.280719],[24.797514,42.279306]]]},"properties":{"cadnum":"21169.3.36","purptype":"Земеделска","usetype":"Нива","proptype":"Частна","immaddr":"с. Динк","place":"КЮЧУК КОРИЯ","area":45300.191286965,"cadreg":3,"pnum":"36"}},{"type":"Feature","geometry":{"type":"Polygon","coordinates":[[[24.797653,42.278809],[24.797287,42.280121],[24.798883,42.280366],[24.799249,42.279055],[24.797653,42.278809]]]},"properties":{"cadnum":"21169.3.37","purptype":"Земеделска","usetype":"Овощна градина","proptype":"Частна","immaddr":"с. Динк","place":"КЮЧУК КОРИЯ","area":19997.52075901,"cadreg":3,"pnum":"37"}},{"type":"Feature","geometry":{"type":"Polygon","coordinates":[[[24.795572,42.279399],[24.795651,42.279],[24.794111,42.278833],[24.794032,42.279232],[24.795572,42.279399]]]},"properties":{"cadnum":"21169.3.38","purptype":"Земеделска","usetype":"Нива","proptype":"Частна","immaddr":"с. Динк","place":"КЮЧУК КОРИЯ","area":5748.1034850069,"cadreg":3,"pnum":"38"}},{"type":"Feature","geometry":{"type":"Polygon","coordinates":[[[24.794189,42.278434],[24.794111,42.278833],[24.795651,42.279],[24.795729,42.278601],[24.794189,42.278434]]]},"properties":{"cadnum":"21169.3.39","purptype":"Земеделска","usetype":"Нива","proptype":"Частна","immaddr":"с. Динк","place":"КЮЧУК КОРИЯ","area":5749.2250199985,"cadreg":3,"pnum":"39"}},{"type":"Feature","geometry":{"type":"Polygon","coordinates":[[[24.793261,42.277771],[24.792668,42.277719],[24.792536,42.278393],[24.793126,42.278457],[24.793261,42.277771]]]},"properties":{"cadnum":"21169.3.40","purptype":"Земеделска","usetype":"Нива","proptype":"Частна","immaddr":"с. Динк","place":"КЮЧУК КОРИЯ","area":3751.6760429808,"cadreg":3,"pnum":"40"}},{"type":"Feature","geometry":{"type":"Polygon","coordinates":[[[24.793727,42.277813],[24.793261,42.277771],[24.793126,42.278457],[24.79359,42.278507],[24.793727,42.277813]]]},"properties":{"cadnum":"21169.3.41","purptype":"Земеделска","usetype":"Нива","proptype":"Частна","immaddr":"с. Динк","place":"КЮЧУК КОРИЯ","area":2999.405027491,"cadreg":3,"pnum":"41"}},{"type":"Feature","geometry":{"type":"Polygon","coordinates":[[[24.79359,42.278507],[24.794163,42.278569],[24.794302,42.277864],[24.793727,42.277813],[24.79359,42.278507]]]},"properties":{"cadnum":"21169.3.42","purptype":"Земеделска","usetype":"Нива","proptype":"Частна","immaddr":"с. Динк","place":"КЮЧУК КОРИЯ","area":3750.1015920021,"cadreg":3,"pnum":"42"}},{"type":"Feature","geometry":{"type":"Polygon","coordinates":[[[24.792369,42.27924],[24.791837,42.281937],[24.795057,42.282013],[24.795422,42.280162],[24.793882,42.279995],[24.793996,42.279416],[24.792369,42.27924]]]},"properties":{"cadnum":"21169.3.43","purptype":"Земеделска","usetype":"Нива","proptype":"Частна","immaddr":"с. Динк","place":"КЮЧУК КОРИЯ","area":67622.924055025,"cadreg":3,"pnum":"43"}},{"type":"Feature","geometry":{"type":"Polygon","coordinates":[[[24.803713,42.27135],[24.801795,42.27157],[24.801658,42.271945],[24.803703,42.271702],[24.803713,42.27135]]]},"properties":{"cadnum":"21169.4.1","purptype":"Земеделска","usetype":"Нива","proptype":"Частна","immaddr":"с. Динк","place":"КРАЙ СЕЛОТО","area":6436.5609289727,"cadreg":4,"pnum":"1"}},{"type":"Feature","geometry":{"type":"Polygon","coordinates":[[[24.806453,42.27097],[24.805882,42.26976],[24.805175,42.269879],[24.805845,42.271093],[24.806453,42.27097]]]},"properties":{"cadnum":"21169.4.3","purptype":"Земеделска","usetype":"Нива","proptype":"Частна","immaddr":"с. Динк","place":"КРАЙ СЕЛОТО","area":8001.8853699898,"cadreg":4,"pnum":"3"}},{"type":"Feature","geometry":{"type":"Polygon","coordinates":[[[24.806453,42.27097],[24.807081,42.270842],[24.806847,42.27018],[24.806154,42.270334],[24.806453,42.27097]]]},"properties":{"cadnum":"21169.4.4","purptype":"Земеделска","usetype":"Нива","proptype":"Частна","immaddr":"с. Динк","place":"КРАЙ СЕЛОТО","area":4270.9298325101,"cadreg":4,"pnum":"4"}},{"type":"Feature","geometry":{"type":"Polygon","coordinates":[[[24.806847,42.27018],[24.806652,42.269629],[24.805882,42.26976],[24.806154,42.270334],[24.806847,42.27018]]]},"properties":{"cadnum":"21169.4.5","purptype":"Земеделска","usetype":"Нива","proptype":"Частна","immaddr":"с. Динк","place":"КРАЙ СЕЛОТО","area":4078.4994500106,"cadreg":4,"pnum":"5"}},{"type":"Feature","geometry":{"type":"Polygon","coordinates":[[[24.801895,42.271353],[24.801868,42.271439],[24.801795,42.27157],[24.803713,42.27135],[24.803691,42.270953],[24.802645,42.271057],[24.80264,42.271037],[24.801937,42.271112],[24.801895,42.271353]]]},"properties":{"cadnum":"21169.4.6","purptype":"Земеделска","usetype":"Нива","proptype":"Частна","immaddr":"с. Динк","place":"КРАЙ СЕЛОТО","area":6990.8153925091,"cadreg":4,"pnum":"6"}},{"type":"Feature","geometry":{"type":"Polygon","coordinates":[[[24.803182,42.270548],[24.803176,42.271004],[24.803691,42.270953],[24.803673,42.27055],[24.803182,42.270548]]]},"properties":{"cadnum":"21169.4.7","purptype":"Земеделска","usetype":"Нива","proptype":"Частна","immaddr":"с. Динк","place":"КРАЙ СЕЛОТО","area":1980.6372815037,"cadreg":4,"pnum":"7"}},{"type":"Feature","geometry":{"type":"Polygon","coordinates":[[[24.80271,42.270546],[24.802686,42.271053],[24.803176,42.271004],[24.803182,42.270548],[24.80271,42.270546]]]},"properties":{"cadnum":"21169.4.8","purptype":"Земеделска","usetype":"Нива","proptype":"Частна","immaddr":"с. Динк","place":"КРАЙ СЕЛОТО","area":2121.2011710077,"cadreg":4,"pnum":"8"}},{"type":"Feature","geometry":{"type":"Polygon","coordinates":[[[24.802566,42.270546],[24.801985,42.270591],[24.801943,42.271056],[24.802689,42.270976],[24.80271,42.270546],[24.802566,42.270546]]]},"properties":{"cadnum":"21169.4.9","purptype":"Земеделска","usetype":"Нива","proptype":"Частна","immaddr":"с. Динк","place":"КРАЙ СЕЛОТО","area":3027.863198992,"cadreg":4,"pnum":"9"}},{"type":"Feature","geometry":{"type":"Polygon","coordinates":[[[24.801989,42.270543],[24.801985,42.270591],[24.802566,42.270546],[24.801989,42.270543]]]},"properties":{"cadnum":"21169.4.10","purptype":"Земеделска","usetype":"Нива","proptype":"Частна","immaddr":"с. Динк","place":"КРАЙ СЕЛОТО","area":125.66219800627,"cadreg":4,"pnum":"10"}},{"type":"Feature","geometry":{"type":"Polygon","coordinates":[[[24.798895,42.281003],[24.798629,42.281971],[24.800128,42.281956],[24.800157,42.281025],[24.798895,42.281003]]]},"properties":{"cadnum":"21169.4.11","purptype":"Земеделска","usetype":"Овощна градина","proptype":"Частна","immaddr":"с. Динк","place":"ГЕДЕНЛЮКА","area":12019.270708027,"cadreg":4,"pnum":"11"}},{"type":"Feature","geometry":{"type":"Polygon","coordinates":[[[24.800157,42.281025],[24.800172,42.280573],[24.799018,42.280553],[24.798895,42.281003],[24.800157,42.281025]]]},"properties":{"cadnum":"21169.4.12","purptype":"Земеделска","usetype":"Нива","proptype":"Частна","immaddr":"с. Динк","place":"ГЕДЕНЛЮКА","area":4997.9716654647,"cadreg":4,"pnum":"12"}},{"type":"Feature","geometry":{"type":"Polygon","coordinates":[[[24.800917,42.281952],[24.80118,42.281915],[24.801365,42.281898],[24.801516,42.281904],[24.801643,42.281916],[24.801681,42.280703],[24.80159,42.280702],[24.801594,42.280598],[24.800959,42.280587],[24.800917,42.281952]]]},"properties":{"cadnum":"21169.4.14","purptype":"Земеделска","usetype":"Нива","proptype":"Частна","immaddr":"с. Динк","place":"ГЕДЕНЛЮКА","area":8701.8253404905,"cadreg":4,"pnum":"14"}},{"type":"Feature","geometry":{"type":"Polygon","coordinates":[[[24.804195,42.282086],[24.806563,42.282135],[24.806424,42.280093],[24.80506,42.280069],[24.80505,42.280378],[24.803601,42.280353],[24.803548,42.282043],[24.803924,42.282045],[24.804129,42.282064],[24.804195,42.282086]]]},"properties":{"cadnum":"21169.4.16","purptype":"Земеделска","usetype":"Нива","proptype":"Частна","immaddr":"с. Динк","place":"ГОЛЯМ КАРАГЬОЛ","area":50059.061506494,"cadreg":4,"pnum":"16"}},{"type":"Feature","geometry":{"type":"Polygon","coordinates":[[[24.80361,42.280044],[24.803601,42.280353],[24.80505,42.280378],[24.80506,42.280069],[24.80361,42.280044]]]},"properties":{"cadnum":"21169.4.17","purptype":"Земеделска","usetype":"Нива","proptype":"Частна","immaddr":"с. Динк","place":"ГОЛЯМ КАРАГЬОЛ","area":4097.3295559996,"cadreg":4,"pnum":"17"}},{"type":"Feature","geometry":{"type":"Polygon","coordinates":[[[24.806481,42.280935],[24.806563,42.282135],[24.808483,42.282176],[24.808515,42.282169],[24.809371,42.282184],[24.809062,42.280649],[24.806481,42.280935]]]},"properties":{"cadnum":"21169.4.18","purptype":"Земеделска","usetype":"Друг вид нива","proptype":"Частна","immaddr":"с. Динк","place":"ГОЛЯМ КАРАГЬОЛ","area":34033.637367491,"cadreg":4,"pnum":"18"}},{"type":"Feature","geometry":{"type":"Polygon","coordinates":[[[24.809062,42.280649],[24.808978,42.280232],[24.806453,42.280512],[24.806481,42.280935],[24.809062,42.280649]]]},"properties":{"cadnum":"21169.4.19","purptype":"Земеделска","usetype":"Нива","proptype":"Частна","immaddr":"с. Динк","place":"ГОЛЯМ КАРАГЬОЛ","area":9961.8277849518,"cadreg":4,"pnum":"19"}},{"type":"Feature","geometry":{"type":"Polygon","coordinates":[[[24.808978,42.280232],[24.808892,42.279806],[24.806423,42.28008],[24.806453,42.280512],[24.808978,42.280232]]]},"properties":{"cadnum":"21169.4.20","purptype":"Земеделска","usetype":"Нива","proptype":"Частна","immaddr":"с. Динк","place":"ГОЛЯМ КАРАГЬОЛ","area":9956.9032280011,"cadreg":4,"pnum":"20"}},{"type":"Feature","geometry":{"type":"Polygon","coordinates":[[[24.808892,42.279806],[24.808849,42.279591],[24.806409,42.279862],[24.806423,42.28008],[24.808892,42.279806]]]},"properties":{"cadnum":"21169.4.21","purptype":"Земеделска","usetype":"Нива","proptype":"Частна","immaddr":"с. Динк","place":"ГОЛЯМ КАРАГЬОЛ","area":4954.8691235024,"cadreg":4,"pnum":"21"}},{"type":"Feature","geometry":{"type":"Polygon","coordinates":[[[24.803624,42.279611],[24.80361,42.280044],[24.806424,42.280093],[24.806395,42.279658],[24.803624,42.279611]]]},"properties":{"cadnum":"21169.4.22","purptype":"Земеделска","usetype":"Нива","proptype":"Частна","immaddr":"с. Динк","place":"ГОЛЯМ КАРАГЬОЛ","area":11099.208048023,"cadreg":4,"pnum":"22"}},{"type":"Feature","geometry":{"type":"Polygon","coordinates":[[[24.799259,42.279673],[24.799018,42.280553],[24.801594,42.280598],[24.801621,42.279714],[24.799259,42.279673]]]},"properties":{"cadnum":"21169.4.24","purptype":"Земеделска","usetype":"Нива","proptype":"Частна","immaddr":"с. Динк","place":"ГЕДЕНЛЮКА","area":20000.913083987,"cadreg":4,"pnum":"24"}},{"type":"Feature","geometry":{"type":"Polygon","coordinates":[[[24.801621,42.279714],[24.801652,42.278738],[24.799548,42.278702],[24.799259,42.279673],[24.801621,42.279714]]]},"properties":{"cadnum":"21169.4.25","purptype":"Земеделска","usetype":"Нива","proptype":"Частна","immaddr":"с. Динк","place":"ГЕДЕНЛЮКА","area":19970.279433047,"cadreg":4,"pnum":"25"}},{"type":"Feature","geometry":{"type":"Polygon","coordinates":[[[24.806395,42.279658],[24.806371,42.279305],[24.803635,42.279258],[24.803624,42.279611],[24.806395,42.279658]]]},"properties":{"cadnum":"21169.4.27","purptype":"Земеделска","usetype":"Нива","proptype":"Частна","immaddr":"с. Динк","place":"ГОЛЯМ КАРАГЬОЛ","area":8898.3999390068,"cadreg":4,"pnum":"27"}},{"type":"Feature","geometry":{"type":"Polygon","coordinates":[[[24.808849,42.279591],[24.80876,42.27915],[24.806379,42.279414],[24.806409,42.279862],[24.808849,42.279591]]]},"properties":{"cadnum":"21169.4.28","purptype":"Земеделска","usetype":"Нива","proptype":"Частна","immaddr":"с. Динк","place":"ГОЛЯМ КАРАГЬОЛ","area":9960.9125175408,"cadreg":4,"pnum":"28"}},{"type":"Feature","geometry":{"type":"Polygon","coordinates":[[[24.80876,42.27915],[24.808566,42.278184],[24.806312,42.278434],[24.806379,42.279414],[24.80876,42.27915]]]},"properties":{"cadnum":"21169.4.29","purptype":"Земеделска","usetype":"Нива","proptype":"Частна","immaddr":"с. Динк","place":"ГОЛЯМ КАРАГЬОЛ","area":20964.404077543,"cadreg":4,"pnum":"29"}},{"type":"Feature","geometry":{"type":"Polygon","coordinates":[[[24.806371,42.279305],[24.806305,42.278332],[24.803665,42.278287],[24.803635,42.279258],[24.806371,42.279305]]]},"properties":{"cadnum":"21169.4.30","purptype":"Земеделска","usetype":"Нива","proptype":"Частна","immaddr":"с. Динк","place":"ГОЛЯМ КАРАГЬОЛ","area":23934.009866027,"cadreg":4,"pnum":"30"}},{"type":"Feature","geometry":{"type":"Polygon","coordinates":[[[24.803699,42.27719],[24.806231,42.277234],[24.806171,42.276356],[24.803727,42.276314],[24.803699,42.27719]]]},"properties":{"cadnum":"21169.4.38","purptype":"Земеделска","usetype":"Нива","proptype":"Частна","immaddr":"с. Динк","place":"ГОЛЯМ КАРАГЬОЛ","area":19997.059768394,"cadreg":4,"pnum":"38"}},{"type":"Feature","geometry":{"type":"Polygon","coordinates":[[[24.80173,42.276232],[24.801703,42.277082],[24.803629,42.277115],[24.803655,42.276265],[24.80173,42.276232]]]},"properties":{"cadnum":"21169.4.39","purptype":"Земеделска","usetype":"Нива","proptype":"Частна","immaddr":"с. Динк","place":"ГЕДЕНЛЮКА","area":15002.991594942,"cadreg":4,"pnum":"39"}},{"type":"Feature","geometry":{"type":"Polygon","coordinates":[[[24.801747,42.275694],[24.803672,42.275727],[24.80369,42.275161],[24.801764,42.275128],[24.801747,42.275694]]]},"properties":{"cadnum":"21169.4.43","purptype":"Земеделска","usetype":"Нива","proptype":"Частна","immaddr":"с. Динк","place":"ГЕДЕНЛЮКА","area":9996.8372734623,"cadreg":4,"pnum":"43"}},{"type":"Feature","geometry":{"type":"Polygon","coordinates":[[[24.808182,42.276278],[24.807958,42.27517],[24.806105,42.275376],[24.806181,42.276501],[24.808182,42.276278]]]},"properties":{"cadnum":"21169.4.45","purptype":"Земеделска","usetype":"Овощна градина","proptype":"Частна","immaddr":"с. Динк","place":"ГОЛЯМ КАРАГЬОЛ","area":20005.319178944,"cadreg":4,"pnum":"45"}},{"type":"Feature","geometry":{"type":"Polygon","coordinates":[[[24.80369,42.275161],[24.803704,42.274713],[24.801778,42.27468],[24.801764,42.275128],[24.80369,42.275161]]]},"properties":{"cadnum":"21169.4.48","purptype":"Земеделска","usetype":"Нива","proptype":"Частна","immaddr":"с. Динк","place":"ГЕДЕНЛЮКА","area":7899.6978714498,"cadreg":4,"pnum":"48"}},{"type":"Feature","geometry":{"type":"Polygon","coordinates":[[[24.803826,42.273114],[24.803788,42.274335],[24.806038,42.274374],[24.805955,42.273151],[24.803826,42.273114]]]},"properties":{"cadnum":"21169.4.50","purptype":"Земеделска","usetype":"Нива","proptype":"Частна","immaddr":"с. Динк","place":"ГОЛЯМ КАРАГЬОЛ","area":24499.923868997,"cadreg":4,"pnum":"50"}},{"type":"Feature","geometry":{"type":"Polygon","coordinates":[[[24.807495,42.272867],[24.805947,42.273039],[24.806037,42.274363],[24.807758,42.274172],[24.807495,42.272867]]]},"properties":{"cadnum":"21169.4.51","purptype":"Земеделска","usetype":"Нива","proptype":"Частна","immaddr":"с. Динк","place":"ГОЛЯМ КАРАГЬОЛ","area":19981.968041493,"cadreg":4,"pnum":"51"}},{"type":"Feature","geometry":{"type":"Polygon","coordinates":[[[24.807205,42.271401],[24.805847,42.271552],[24.805947,42.273039],[24.807495,42.272867],[24.807205,42.271401]]]},"properties":{"cadnum":"21169.4.52","purptype":"Земеделска","usetype":"Нива","proptype":"Частна","immaddr":"с. Динк","place":"ГОЛЯМ КАРАГЬОЛ","area":19948.360819029,"cadreg":4,"pnum":"52"}},{"type":"Feature","geometry":{"type":"Polygon","coordinates":[[[24.805955,42.273151],[24.805884,42.2721],[24.803859,42.272065],[24.803826,42.273114],[24.805955,42.273151]]]},"properties":{"cadnum":"21169.4.53","purptype":"Земеделска","usetype":"Нива","proptype":"Частна","immaddr":"с. Динк","place":"ГОЛЯМ КАРАГЬОЛ","area":19970.527418495,"cadreg":4,"pnum":"53"}},{"type":"Feature","geometry":{"type":"Polygon","coordinates":[[[24.801147,42.273622],[24.803736,42.273666],[24.803761,42.272871],[24.801415,42.272831],[24.801147,42.273622]]]},"properties":{"cadnum":"21169.4.54","purptype":"Земеделска","usetype":"Нива","proptype":"Частна","immaddr":"с. Динк","place":"ГЕДЕНЛЮКА","area":17990.066917576,"cadreg":4,"pnum":"54"}},{"type":"Feature","geometry":{"type":"Polygon","coordinates":[[[24.802762,42.271859],[24.801701,42.271985],[24.801415,42.272831],[24.802731,42.272853],[24.802762,42.271859]]]},"properties":{"cadnum":"21169.4.55","purptype":"Земеделска","usetype":"Нива","proptype":"Частна","immaddr":"с. Динк","place":"ГЕДЕНЛЮКА","area":9946.3853269723,"cadreg":4,"pnum":"55"}},{"type":"Feature","geometry":{"type":"Polygon","coordinates":[[[24.803881,42.271405],[24.803859,42.272065],[24.805884,42.2721],[24.805818,42.27113],[24.80575,42.271119],[24.803881,42.271405]]]},"properties":{"cadnum":"21169.4.57","purptype":"Земеделска","usetype":"Овощна градина","proptype":"Частна","immaddr":"с. Динк","place":"ГОЛЯМ КАРАГЬОЛ","area":15010.909295498,"cadreg":4,"pnum":"57"}},{"type":"Feature","geometry":{"type":"Polygon","coordinates":[[[24.805818,42.27113],[24.805847,42.271552],[24.807205,42.271401],[24.807182,42.271286],[24.807038,42.270898],[24.805861,42.271136],[24.805818,42.27113]]]},"properties":{"cadnum":"21169.4.58","purptype":"Земеделска","usetype":"Нива","proptype":"Частна","immaddr":"с. Динк","place":"ГОЛЯМ КАРАГЬОЛ","area":5584.8618445209,"cadreg":4,"pnum":"58"}},{"type":"Feature","geometry":{"type":"Polygon","coordinates":[[[24.805541,42.269685],[24.803991,42.270013],[24.803917,42.270039],[24.803852,42.27009],[24.803824,42.270137],[24.803815,42.270172],[24.803798,42.270551],[24.803673,42.27055],[24.803713,42.27135],[24.803703,42.271702],[24.801717,42.271937],[24.801701,42.271985],[24.803869,42.27173],[24.803881,42.271405],[24.80575,42.271119],[24.805861,42.271136],[24.807038,42.270898],[24.807182,42.271286],[24.809371,42.282184],[24.808515,42.282169],[24.808483,42.282176],[24.804195,42.282086],[24.804129,42.282064],[24.803924,42.282045],[24.803364,42.282038],[24.803222,42.282019],[24.803024,42.282004],[24.802452,42.282008],[24.802129,42.28197],[24.801804,42.281943],[24.801695,42.281921],[24.801516,42.281904],[24.801365,42.281898],[24.80118,42.281915],[24.800776,42.281972],[24.800646,42.281977],[24.800558,42.281975],[24.800442,42.281959],[24.799873,42.281954],[24.799864,42.28196],[24.799873,42.281999],[24.800436,42.282003],[24.800551,42.28202],[24.800646,42.282022],[24.800783,42.282016],[24.80119,42.281959],[24.801367,42.281943],[24.801512,42.281948],[24.801683,42.281966],[24.801793,42.281987],[24.802122,42.282015],[24.802448,42.282053],[24.80302,42.282049],[24.803213,42.282064],[24.803357,42.282083],[24.80392,42.28209],[24.804112,42.282108],[24.804182,42.282131],[24.808501,42.28222],[24.808514,42.282214],[24.809442,42.282231],[24.807241,42.271277],[24.807081,42.270842],[24.805845,42.271093],[24.805175,42.269879],[24.805092,42.26989],[24.805738,42.271075],[24.803869,42.271361],[24.803888,42.270141],[24.804154,42.270086],[24.804116,42.270079],[24.804064,42.270057],[24.804063,42.270021],[24.804095,42.270008],[24.80555,42.269704],[24.805541,42.269685]]]},"properties":{"cadnum":"21169.4.60","purptype":"Земеделска","usetype":"За селскостопански, горски, ведомствен път","proptype":"Общинска публична","immaddr":"с. Динк","place":"КРАЙ СЕЛОТО","area":16179.968216994,"cadreg":4,"pnum":"60"}},{"type":"Feature","geometry":{"type":"Polygon","coordinates":[[[24.803796,42.271737],[24.803475,42.282042],[24.803548,42.282043],[24.803869,42.27173],[24.803796,42.271737]]]},"properties":{"cadnum":"21169.4.61","purptype":"Земеделска","usetype":"За селскостопански, горски, ведомствен път","proptype":"Общинска публична","immaddr":"с. Динк","place":"ГЕДЕНЛЮКА","area":6876.8428029906,"cadreg":4,"pnum":"61"}},{"type":"Feature","geometry":{"type":"Polygon","coordinates":[[[24.806099,42.269591],[24.804095,42.270008],[24.804063,42.270021],[24.804064,42.270057],[24.804116,42.270079],[24.804154,42.270086],[24.805092,42.26989],[24.806652,42.269629],[24.806567,42.269385],[24.806099,42.269591]]]},"properties":{"cadnum":"21169.4.62","purptype":"Територия, заета от води и водни обекти","usetype":"Отводнителен канал","proptype":"Общинска частна","immaddr":"с. Динк","place":"КРАЙ СЕЛОТО","area":2817.5020405012,"cadreg":4,"pnum":"62"}},{"type":"Feature","geometry":{"type":"Polygon","coordinates":[[[24.798629,42.281971],[24.799259,42.279673],[24.799548,42.278702],[24.800796,42.274663],[24.801717,42.271937],[24.801658,42.271945],[24.801771,42.271637],[24.801751,42.271634],[24.800822,42.274364],[24.800644,42.274911],[24.799388,42.279025],[24.798573,42.28201],[24.799873,42.281999],[24.799864,42.28196],[24.798629,42.281971]]]},"properties":{"cadnum":"21169.4.63","purptype":"Територия, заета от води и водни обекти","usetype":"Напоителен канал","proptype":"Общинска частна","immaddr":"с. Динк","place":"ГЕДЕНЛЮКА","area":6370.4844544883,"cadreg":4,"pnum":"63"}},{"type":"Feature","geometry":{"type":"Polygon","coordinates":[[[24.801937,42.271112],[24.80264,42.271037],[24.802645,42.271057],[24.802686,42.271053],[24.802689,42.270976],[24.801943,42.271056],[24.801937,42.271112]]]},"properties":{"cadnum":"21169.4.64","purptype":"Земеделска","usetype":"За селскостопански, горски, ведомствен път","proptype":"Общинска публична","immaddr":"с. Динк","place":"КРАЙ СЕЛОТО","area":392.5410695037,"cadreg":4,"pnum":"64"}},{"type":"Feature","geometry":{"type":"Polygon","coordinates":[[[24.801345,42.282131],[24.801335,42.282078],[24.803309,42.28211],[24.804182,42.282131],[24.804112,42.282108],[24.80392,42.28209],[24.803357,42.282083],[24.803213,42.282064],[24.80302,42.282049],[24.802448,42.282053],[24.802122,42.282015],[24.801793,42.281987],[24.801683,42.281966],[24.801512,42.281948],[24.801367,42.281943],[24.80119,42.281959],[24.800783,42.282016],[24.800646,42.282022],[24.800551,42.28202],[24.800436,42.282003],[24.800311,42.282001],[24.798573,42.28201],[24.798541,42.282102],[24.8013,42.282167],[24.801291,42.282129],[24.801345,42.282131]]]},"properties":{"cadnum":"21169.4.65","purptype":"Земеделска","usetype":"Пасище","proptype":"Общинска публична","immaddr":"с. Динк","place":"ГЕДЕНЛЮКА","area":4970.1589879925,"cadreg":4,"pnum":"65"}},{"type":"Feature","geometry":{"type":"Polygon","coordinates":[[[24.809447,42.282258],[24.808629,42.282249],[24.807343,42.282222],[24.804132,42.28217],[24.802947,42.282158],[24.801291,42.282129],[24.8013,42.282167],[24.801492,42.282174],[24.804237,42.28222],[24.804438,42.282218],[24.809445,42.282294],[24.809447,42.282258]]]},"properties":{"cadnum":"21169.4.66","purptype":"Територия, заета от води и водни обекти","usetype":"Напоителен канал","proptype":"Общинска частна","immaddr":"с. Динк","place":"ГЕДЕНЛЮКА","area":3023.2891165046,"cadreg":4,"pnum":"66"}},{"type":"Feature","geometry":{"type":"Polygon","coordinates":[[[24.804132,42.28217],[24.809447,42.282258],[24.809442,42.282231],[24.808514,42.282214],[24.808501,42.28222],[24.803309,42.28211],[24.801335,42.282078],[24.801345,42.282131],[24.802947,42.282158],[24.804132,42.28217]]]},"properties":{"cadnum":"21169.4.67","purptype":"Територия, заета от води и водни обекти","usetype":"Напоителен канал","proptype":"Общинска частна","immaddr":"с. Динк","place":"ГЕДЕНЛЮКА","area":2792.4442498526,"cadreg":4,"pnum":"67"}},{"type":"Feature","geometry":{"type":"Polygon","coordinates":[[[24.801669,42.271589],[24.800737,42.274365],[24.799763,42.277384],[24.798453,42.282098],[24.798541,42.282102],[24.798573,42.28201],[24.799388,42.279025],[24.800644,42.274911],[24.800822,42.274364],[24.801751,42.271634],[24.801771,42.271637],[24.801801,42.27155],[24.801771,42.271573],[24.801739,42.271585],[24.801669,42.271589]]]},"properties":{"cadnum":"21169.4.68","purptype":"Територия на транспорта","usetype":"За местен път","proptype":"Общинска публична","immaddr":"с. Динк","place":"ГЕДЕНЛЮКА","area":9196.8675160842,"cadreg":4,"pnum":"68"}},{"type":"Feature","geometry":{"type":"Polygon","coordinates":[[[24.808566,42.278184],[24.808479,42.277753],[24.806283,42.277997],[24.806312,42.278434],[24.808566,42.278184]]]},"properties":{"cadnum":"21169.4.70","purptype":"Земеделска","usetype":"Нива","proptype":"Частна","immaddr":"с. Динк","place":"ГОЛЯМ КАРАГЬОЛ","area":8981.654027435,"cadreg":4,"pnum":"70"}},{"type":"Feature","geometry":{"type":"Polygon","coordinates":[[[24.806252,42.277548],[24.806283,42.277997],[24.808479,42.277753],[24.808389,42.27731],[24.806252,42.277548]]]},"properties":{"cadnum":"21169.4.71","purptype":"Земеделска","usetype":"Нива","proptype":"Частна","immaddr":"с. Динк","place":"ГОЛЯМ КАРАГЬОЛ","area":8980.5356345579,"cadreg":4,"pnum":"71"}},{"type":"Feature","geometry":{"type":"Polygon","coordinates":[[[24.801735,42.276073],[24.801756,42.275397],[24.800576,42.275376],[24.800367,42.27605],[24.801735,42.276073]]]},"properties":{"cadnum":"21169.4.72","purptype":"Земеделска","usetype":"Нива","proptype":"Частна","immaddr":"с. Динк","place":"ГЕДЕНЛЮКА","area":7902.1113359412,"cadreg":4,"pnum":"72"}},{"type":"Feature","geometry":{"type":"Polygon","coordinates":[[[24.801756,42.275397],[24.801778,42.27468],[24.800796,42.274663],[24.800576,42.275376],[24.801756,42.275397]]]},"properties":{"cadnum":"21169.4.73","purptype":"Земеделска","usetype":"Нива","proptype":"Частна","immaddr":"с. Динк","place":"ГЕДЕНЛЮКА","area":7099.1658699928,"cadreg":4,"pnum":"73"}},{"type":"Feature","geometry":{"type":"Polygon","coordinates":[[[24.802289,42.274689],[24.802305,42.27418],[24.800967,42.274158],[24.800796,42.274663],[24.802289,42.274689]]]},"properties":{"cadnum":"21169.4.74","purptype":"Земеделска","usetype":"Нива","proptype":"Частна","immaddr":"с. Динк","place":"ГЕДЕНЛЮКА","area":6595.426975513,"cadreg":4,"pnum":"74"}},{"type":"Feature","geometry":{"type":"Polygon","coordinates":[[[24.803704,42.274713],[24.803719,42.274205],[24.802305,42.27418],[24.802289,42.274689],[24.803704,42.274713]]]},"properties":{"cadnum":"21169.4.75","purptype":"Земеделска","usetype":"Нива","proptype":"Частна","immaddr":"с. Динк","place":"ГЕДЕНЛЮКА","area":6593.2113845162,"cadreg":4,"pnum":"75"}},{"type":"Feature","geometry":{"type":"Polygon","coordinates":[[[24.801147,42.273622],[24.800967,42.274158],[24.802384,42.274182],[24.802401,42.273643],[24.801147,42.273622]]]},"properties":{"cadnum":"21169.4.76","purptype":"Земеделска","usetype":"Нива","proptype":"Частна","immaddr":"с. Динк","place":"ГЕДЕНЛЮКА","area":6592.2595500016,"cadreg":4,"pnum":"76"}},{"type":"Feature","geometry":{"type":"Polygon","coordinates":[[[24.802401,42.273643],[24.802384,42.274182],[24.803719,42.274205],[24.803736,42.273666],[24.802401,42.273643]]]},"properties":{"cadnum":"21169.4.77","purptype":"Земеделска","usetype":"Нива","proptype":"Частна","immaddr":"с. Динк","place":"ГЕДЕНЛЮКА","area":6594.9231749892,"cadreg":4,"pnum":"77"}},{"type":"Feature","geometry":{"type":"Polygon","coordinates":[[[24.804979,42.277212],[24.803699,42.27719],[24.803682,42.277745],[24.804962,42.277767],[24.804979,42.277212]]]},"properties":{"cadnum":"21169.4.79","purptype":"Земеделска","usetype":"Нива","proptype":"Частна","immaddr":"с. Динк","place":"ГОЛЯМ КАРАГЬОЛ","area":6499.3267970274,"cadreg":4,"pnum":"79"}},{"type":"Feature","geometry":{"type":"Polygon","coordinates":[[[24.806268,42.277789],[24.804988,42.277767],[24.804972,42.278309],[24.806305,42.278332],[24.806268,42.277789]]]},"properties":{"cadnum":"21169.4.80","purptype":"Земеделска","usetype":"Нива","proptype":"Частна","immaddr":"с. Динк","place":"ГОЛЯМ КАРАГЬОЛ","area":6498.6113699906,"cadreg":4,"pnum":"80"}},{"type":"Feature","geometry":{"type":"Polygon","coordinates":[[[24.804962,42.277767],[24.806268,42.277789],[24.806231,42.277234],[24.804979,42.277212],[24.804962,42.277767]]]},"properties":{"cadnum":"21169.4.81","purptype":"Земеделска","usetype":"Нива","proptype":"Частна","immaddr":"с. Динк","place":"ГОЛЯМ КАРАГЬОЛ","area":6498.6086040094,"cadreg":4,"pnum":"81"}},{"type":"Feature","geometry":{"type":"Polygon","coordinates":[[[24.807958,42.27517],[24.807893,42.274846],[24.806083,42.275047],[24.806105,42.275376],[24.807958,42.27517]]]},"properties":{"cadnum":"21169.4.82","purptype":"Земеделска","usetype":"Нива","proptype":"Частна","immaddr":"с. Динк","place":"ГОЛЯМ КАРАГЬОЛ","area":5566.9304945095,"cadreg":4,"pnum":"82"}},{"type":"Feature","geometry":{"type":"Polygon","coordinates":[[[24.807826,42.274513],[24.80606,42.274709],[24.806083,42.275047],[24.807893,42.274846],[24.807826,42.274513]]]},"properties":{"cadnum":"21169.4.83","purptype":"Земеделска","usetype":"Нива","proptype":"Частна","immaddr":"с. Динк","place":"ГОЛЯМ КАРАГЬОЛ","area":5567.3148739822,"cadreg":4,"pnum":"83"}},{"type":"Feature","geometry":{"type":"Polygon","coordinates":[[[24.806037,42.274363],[24.80606,42.274709],[24.807826,42.274513],[24.807758,42.274172],[24.806037,42.274363]]]},"properties":{"cadnum":"21169.4.84","purptype":"Земеделска","usetype":"Нива","proptype":"Частна","immaddr":"с. Динк","place":"ГОЛЯМ КАРАГЬОЛ","area":5567.6624034958,"cadreg":4,"pnum":"84"}},{"type":"Feature","geometry":{"type":"Polygon","coordinates":[[[24.800128,42.281956],[24.800442,42.281959],[24.800523,42.28197],[24.800566,42.28058],[24.800172,42.280573],[24.800128,42.281956]]]},"properties":{"cadnum":"21169.4.85","purptype":"Земеделска","usetype":"Нива","proptype":"Частна","immaddr":"с. Динк","place":"ГЕДЕНЛЮКА","area":4996.6726739875,"cadreg":4,"pnum":"85"}},{"type":"Feature","geometry":{"type":"Polygon","coordinates":[[[24.800959,42.280587],[24.800566,42.28058],[24.800523,42.28197],[24.800646,42.281977],[24.800776,42.281972],[24.800917,42.281952],[24.800959,42.280587]]]},"properties":{"cadnum":"21169.4.86","purptype":"Земеделска","usetype":"Нива","proptype":"Частна","immaddr":"с. Динк","place":"ГЕДЕНЛЮКА","area":5000.0603684851,"cadreg":4,"pnum":"86"}},{"type":"Feature","geometry":{"type":"Polygon","coordinates":[[[24.803663,42.275996],[24.801738,42.275963],[24.80173,42.276232],[24.803655,42.276265],[24.803663,42.275996]]]},"properties":{"cadnum":"21169.4.87","purptype":"Земеделска","usetype":"Нива","proptype":"Частна","immaddr":"с. Динк","place":"ГЕДЕНЛЮКА","area":4750.3765160473,"cadreg":4,"pnum":"87"}},{"type":"Feature","geometry":{"type":"Polygon","coordinates":[[[24.801738,42.275963],[24.803663,42.275996],[24.803672,42.275727],[24.801747,42.275694],[24.801738,42.275963]]]},"properties":{"cadnum":"21169.4.88","purptype":"Земеделска","usetype":"Нива","proptype":"Частна","immaddr":"с. Динк","place":"ГЕДЕНЛЮКА","area":4750.4527330182,"cadreg":4,"pnum":"88"}},{"type":"Feature","geometry":{"type":"Polygon","coordinates":[[[24.806242,42.277395],[24.806252,42.277548],[24.808389,42.27731],[24.808359,42.27716],[24.806242,42.277395]]]},"properties":{"cadnum":"21169.4.89","purptype":"Земеделска","usetype":"Нива","proptype":"Частна","immaddr":"с. Динк","place":"ГОЛЯМ КАРАГЬОЛ","area":3000.6311534118,"cadreg":4,"pnum":"89"}},{"type":"Feature","geometry":{"type":"Polygon","coordinates":[[[24.808359,42.27716],[24.808182,42.276278],[24.806181,42.276501],[24.806242,42.277395],[24.808359,42.27716]]]},"properties":{"cadnum":"21169.4.90","purptype":"Земеделска","usetype":"Нива","proptype":"Частна","immaddr":"с. Динк","place":"ГОЛЯМ КАРАГЬОЛ","area":17001.594078087,"cadreg":4,"pnum":"90"}},{"type":"Feature","geometry":{"type":"Polygon","coordinates":[[[24.802731,42.272853],[24.803263,42.272862],[24.803296,42.271796],[24.802762,42.271859],[24.802731,42.272853]]]},"properties":{"cadnum":"21169.4.97","purptype":"Земеделска","usetype":"Нива","proptype":"Частна","immaddr":"с. Динк","place":"ГЕДЕНЛЮКА","area":5022.7964139974,"cadreg":4,"pnum":"97"}},{"type":"Feature","geometry":{"type":"Polygon","coordinates":[[[24.803796,42.271737],[24.803296,42.271796],[24.803263,42.272862],[24.803761,42.272871],[24.803796,42.271737]]]},"properties":{"cadnum":"21169.4.98","purptype":"Земеделска","usetype":"Нива","proptype":"Частна","immaddr":"с. Динк","place":"ГЕДЕНЛЮКА","area":5022.0940019972,"cadreg":4,"pnum":"98"}},{"type":"Feature","geometry":{"type":"Polygon","coordinates":[[[24.800247,42.276439],[24.800135,42.276802],[24.801711,42.276829],[24.801723,42.276465],[24.800247,42.276439]]]},"properties":{"cadnum":"21169.4.100","purptype":"Земеделска","usetype":"Нива","proptype":"Частна","immaddr":"с. Динк","place":"ГЕДЕНЛЮКА","area":5099.1342434599,"cadreg":4,"pnum":"100"}},{"type":"Feature","geometry":{"type":"Polygon","coordinates":[[[24.801735,42.276073],[24.800367,42.27605],[24.800247,42.276439],[24.801723,42.276465],[24.801735,42.276073]]]},"properties":{"cadnum":"21169.4.101","purptype":"Земеделска","usetype":"Нива","proptype":"Частна","immaddr":"с. Динк","place":"ГЕДЕНЛЮКА","area":5099.2118135693,"cadreg":4,"pnum":"101"}},{"type":"Feature","geometry":{"type":"Polygon","coordinates":[[[24.804493,42.270015],[24.804825,42.271214],[24.805738,42.271075],[24.805092,42.26989],[24.804493,42.270015]]]},"properties":{"cadnum":"21169.4.103","purptype":"Земеделска","usetype":"Нива","proptype":"Частна","immaddr":"с. Динк","place":"КРАЙ СЕЛОТО","area":8851.1472020432,"cadreg":4,"pnum":"103"}},{"type":"Feature","geometry":{"type":"Polygon","coordinates":[[[24.803885,42.270321],[24.804157,42.270324],[24.804155,42.270186],[24.804121,42.270092],[24.803888,42.270141],[24.803885,42.270321]]]},"properties":{"cadnum":"21169.4.106","purptype":"Земеделска","usetype":"Нива","proptype":"Частна","immaddr":"с. Динк","place":"КРАЙ СЕЛОТО","area":500.30368049925,"cadreg":4,"pnum":"106"}},{"type":"Feature","geometry":{"type":"Polygon","coordinates":[[[24.804493,42.270015],[24.804121,42.270092],[24.804155,42.270186],[24.804157,42.270324],[24.803885,42.270321],[24.803869,42.271361],[24.804825,42.271214],[24.804493,42.270015]]]},"properties":{"cadnum":"21169.4.107","purptype":"Земеделска","usetype":"Нива","proptype":"Частна","immaddr":"с. Динк","place":"КРАЙ СЕЛОТО","area":8348.780340005,"cadreg":4,"pnum":"107"}},{"type":"Feature","geometry":{"type":"Polygon","coordinates":[[[24.803621,42.277381],[24.803629,42.277115],[24.801703,42.277082],[24.801695,42.277348],[24.803621,42.277381]]]},"properties":{"cadnum":"21169.4.109","purptype":"Земеделска","usetype":"Нива","proptype":"Частна","immaddr":"с. Динк","place":"ГЕДЕНЛЮКА","area":4698.2620660732,"cadreg":4,"pnum":"109"}},{"type":"Feature","geometry":{"type":"Polygon","coordinates":[[[24.803727,42.276314],[24.806171,42.276356],[24.806038,42.274374],[24.803788,42.274335],[24.803727,42.276314]]]},"properties":{"cadnum":"21169.4.113","purptype":"Земеделска","usetype":"Овощна градина","proptype":"Частна","immaddr":"с. Динк","place":"ГОЛЯМ КАРАГЬОЛ","area":42576.038290058,"cadreg":4,"pnum":"113"}},{"type":"Feature","geometry":{"type":"Polygon","coordinates":[[[24.801695,42.277348],[24.801711,42.276829],[24.800135,42.276802],[24.799548,42.278702],[24.801652,42.278738],[24.80159,42.280702],[24.801681,42.280703],[24.801643,42.281916],[24.801804,42.281943],[24.802129,42.28197],[24.802452,42.282008],[24.803024,42.282004],[24.803222,42.282019],[24.803364,42.282038],[24.803475,42.282042],[24.803621,42.277381],[24.801695,42.277348]]]},"properties":{"cadnum":"21169.4.114","purptype":"Земеделска","usetype":"Друг вид трайно насаждение","proptype":"Частна","immaddr":"с. Динк","place":"ГЕДЕНЛЮКА","area":112782.67148649,"cadreg":4,"pnum":"114"}},{"type":"Feature","geometry":{"type":"Polygon","coordinates":[[[24.80498,42.278038],[24.803673,42.278016],[24.803665,42.278287],[24.804972,42.278309],[24.80498,42.278038]]]},"properties":{"cadnum":"21169.4.117","purptype":"Земеделска","usetype":"Нива","proptype":"Частна","immaddr":"с. Динк","place":"КАРАТОПЛИЙСК.ЛИВАДИ","area":3248.5904570234,"cadreg":4,"pnum":"117"}},{"type":"Feature","geometry":{"type":"Polygon","coordinates":[[[24.804988,42.277767],[24.803682,42.277745],[24.803673,42.278016],[24.80498,42.278038],[24.804988,42.277767]]]},"properties":{"cadnum":"21169.4.118","purptype":"Земеделска","usetype":"Нива","proptype":"Частна","immaddr":"с. Динк","place":"ГОЛЯМ КАРАГЬОЛ","area":3248.5828879631,"cadreg":4,"pnum":"118"}},{"type":"Feature","geometry":{"type":"Polygon","coordinates":[[[24.811885,42.277622],[24.808565,42.277585],[24.809509,42.282292],[24.811794,42.282247],[24.811885,42.277622]]]},"properties":{"cadnum":"21169.5.1","purptype":"Земеделска","usetype":"Друг вид нива","proptype":"Частна","immaddr":"с. Динк","place":"МАЛЪК КАРАГЬОЛ","area":119828.72611998,"cadreg":5,"pnum":"1"}},{"type":"Feature","geometry":{"type":"Polygon","coordinates":[[[24.808372,42.276628],[24.808565,42.277585],[24.811885,42.277622],[24.811904,42.276667],[24.808372,42.276628]]]},"properties":{"cadnum":"21169.5.2","purptype":"Земеделска","usetype":"Нива","proptype":"Частна","immaddr":"с. Динк","place":"МАЛЪК КАРАГЬОЛ","area":29998.19563844,"cadreg":5,"pnum":"2"}},{"type":"Feature","geometry":{"type":"Polygon","coordinates":[[[24.811922,42.275765],[24.808191,42.275724],[24.808372,42.276628],[24.811904,42.276667],[24.811922,42.275765]]]},"properties":{"cadnum":"21169.5.3","purptype":"Земеделска","usetype":"Нива","proptype":"Частна","immaddr":"с. Динк","place":"МАЛЪК КАРАГЬОЛ","area":29998.173912594,"cadreg":5,"pnum":"3"}},{"type":"Feature","geometry":{"type":"Polygon","coordinates":[[[24.807753,42.273538],[24.807856,42.274051],[24.809544,42.274069],[24.80956,42.273338],[24.807753,42.273538]]]},"properties":{"cadnum":"21169.5.6","purptype":"Земеделска","usetype":"Овощна градина","proptype":"Частна","immaddr":"с. Динк","place":"МАЛЪК КАРАГЬОЛ","area":10003.533495502,"cadreg":5,"pnum":"6"}},{"type":"Feature","geometry":{"type":"Polygon","coordinates":[[[24.809574,42.272735],[24.809564,42.27318],[24.812018,42.273206],[24.812028,42.272762],[24.809574,42.272735]]]},"properties":{"cadnum":"21169.5.8","purptype":"Земеделска","usetype":"Нива","proptype":"Частна","immaddr":"с. Динк","place":"МАЛЪК КАРАГЬОЛ","area":9997.3072974171,"cadreg":5,"pnum":"8"}},{"type":"Feature","geometry":{"type":"Polygon","coordinates":[[[24.812028,42.272762],[24.812037,42.272317],[24.809583,42.272291],[24.809574,42.272735],[24.812028,42.272762]]]},"properties":{"cadnum":"21169.5.9","purptype":"Земеделска","usetype":"Друг вид трайно насаждение","proptype":"Частна","immaddr":"с. Динк","place":"МАЛЪК КАРАГЬОЛ","area":9997.2246145991,"cadreg":5,"pnum":"9"}},{"type":"Feature","geometry":{"type":"Polygon","coordinates":[[[24.807051,42.270575],[24.807198,42.270995],[24.809618,42.270727],[24.809627,42.27029],[24.807051,42.270575]]]},"properties":{"cadnum":"21169.5.14","purptype":"Земеделска","usetype":"Нива","proptype":"Частна","immaddr":"с. Динк","place":"МАЛЪК КАРАГЬОЛ","area":9994.8046700094,"cadreg":5,"pnum":"14"}},{"type":"Feature","geometry":{"type":"Polygon","coordinates":[[[24.809627,42.27029],[24.809636,42.269877],[24.806913,42.270178],[24.807051,42.270575],[24.809627,42.27029]]]},"properties":{"cadnum":"21169.5.15","purptype":"Земеделска","usetype":"Нива","proptype":"Частна","immaddr":"с. Динк","place":"МАЛЪК КАРАГЬОЛ","area":9997.840346949,"cadreg":5,"pnum":"15"}},{"type":"Feature","geometry":{"type":"Polygon","coordinates":[[[24.809636,42.269877],[24.809656,42.268987],[24.808206,42.269269],[24.808466,42.270006],[24.809636,42.269877]]]},"properties":{"cadnum":"21169.5.17","purptype":"Земеделска","usetype":"Нива","proptype":"Частна","immaddr":"с. Динк","place":"МАЛЪК КАРАГЬОЛ","area":9999.0874225144,"cadreg":5,"pnum":"17"}},{"type":"Feature","geometry":{"type":"Polygon","coordinates":[[[24.806664,42.269492],[24.806698,42.269561],[24.812121,42.268507],[24.812122,42.268439],[24.806664,42.269492]]]},"properties":{"cadnum":"21169.5.19","purptype":"Територия, заета от води и водни обекти","usetype":"Напоителен канал","proptype":"Общинска частна","immaddr":"с. Динк","place":"МАЛЪК КАРАГЬОЛ","area":3592.785082517,"cadreg":5,"pnum":"19"}},{"type":"Feature","geometry":{"type":"Polygon","coordinates":[[[24.808325,42.269607],[24.808206,42.269269],[24.806698,42.269561],[24.806816,42.2699],[24.808325,42.269607]]]},"properties":{"cadnum":"21169.5.21","purptype":"Земеделска","usetype":"Нива","proptype":"Частна","immaddr":"с. Динк","place":"МАЛЪК КАРАГЬОЛ","area":5002.5219959372,"cadreg":5,"pnum":"21"}},{"type":"Feature","geometry":{"type":"Polygon","coordinates":[[[24.808466,42.270006],[24.808325,42.269607],[24.806816,42.2699],[24.806913,42.270178],[24.808466,42.270006]]]},"properties":{"cadnum":"21169.5.22","purptype":"Земеделска","usetype":"Нива","proptype":"Частна","immaddr":"с. Динк","place":"МАЛЪК КАРАГЬОЛ","area":5003.9633405157,"cadreg":5,"pnum":"22"}},{"type":"Feature","geometry":{"type":"Polygon","coordinates":[[[24.810664,42.274896],[24.810647,42.275751],[24.811922,42.275765],[24.811939,42.27491],[24.810664,42.274896]]]},"properties":{"cadnum":"21169.5.23","purptype":"Земеделска","usetype":"Нива","proptype":"Частна","immaddr":"с. Динк","place":"МАЛЪК КАРАГЬОЛ","area":9994.7562784928,"cadreg":5,"pnum":"23"}},{"type":"Feature","geometry":{"type":"Polygon","coordinates":[[[24.810647,42.275751],[24.810656,42.275316],[24.808104,42.275288],[24.808191,42.275724],[24.810647,42.275751]]]},"properties":{"cadnum":"21169.5.24","purptype":"Земеделска","usetype":"Нива","proptype":"Частна","immaddr":"с. Динк","place":"МАЛЪК КАРАГЬОЛ","area":9996.6102419777,"cadreg":5,"pnum":"24"}},{"type":"Feature","geometry":{"type":"Polygon","coordinates":[[[24.808019,42.274867],[24.808104,42.275288],[24.810656,42.275316],[24.810664,42.274896],[24.808019,42.274867]]]},"properties":{"cadnum":"21169.5.25","purptype":"Земеделска","usetype":"Нива","proptype":"Частна","immaddr":"с. Динк","place":"МАЛЪК КАРАГЬОЛ","area":9994.2882435153,"cadreg":5,"pnum":"25"}},{"type":"Feature","geometry":{"type":"Polygon","coordinates":[[[24.807936,42.274454],[24.808019,42.274867],[24.811939,42.27491],[24.811947,42.274498],[24.807936,42.274454]]]},"properties":{"cadnum":"21169.5.26","purptype":"Земеделска","usetype":"Нива","proptype":"Частна","immaddr":"с. Динк","place":"МАЛЪК КАРАГЬОЛ","area":14988.179460868,"cadreg":5,"pnum":"26"}},{"type":"Feature","geometry":{"type":"Polygon","coordinates":[[[24.811947,42.274498],[24.811953,42.27423],[24.81199,42.274226],[24.811997,42.274096],[24.807856,42.274051],[24.807936,42.274454],[24.811947,42.274498]]]},"properties":{"cadnum":"21169.5.27","purptype":"Земеделска","usetype":"Нива","proptype":"Частна","immaddr":"с. Динк","place":"МАЛЪК КАРАГЬОЛ","area":14986.313344524,"cadreg":5,"pnum":"27"}},{"type":"Feature","geometry":{"type":"Polygon","coordinates":[[[24.807694,42.273248],[24.807753,42.273538],[24.80956,42.273338],[24.809567,42.27304],[24.807694,42.273248]]]},"properties":{"cadnum":"21169.5.28","purptype":"Земеделска","usetype":"Нива","proptype":"Частна","immaddr":"с. Динк","place":"МАЛЪК КАРАГЬОЛ","area":5000.1046995051,"cadreg":5,"pnum":"28"}},{"type":"Feature","geometry":{"type":"Polygon","coordinates":[[[24.807638,42.272967],[24.807694,42.273248],[24.809567,42.27304],[24.809573,42.272753],[24.807638,42.272967]]]},"properties":{"cadnum":"21169.5.29","purptype":"Земеделска","usetype":"Нива","proptype":"Частна","immaddr":"с. Динк","place":"МАЛЪК КАРАГЬОЛ","area":4999.3262355444,"cadreg":5,"pnum":"29"}},{"type":"Feature","geometry":{"type":"Polygon","coordinates":[[[24.807584,42.272696],[24.807638,42.272967],[24.809573,42.272753],[24.809579,42.272475],[24.807584,42.272696]]]},"properties":{"cadnum":"21169.5.30","purptype":"Земеделска","usetype":"Нива","proptype":"Частна","immaddr":"с. Динк","place":"МАЛЪК КАРАГЬОЛ","area":5000.1250964364,"cadreg":5,"pnum":"30"}},{"type":"Feature","geometry":{"type":"Polygon","coordinates":[[[24.809579,42.272475],[24.809585,42.272205],[24.807531,42.272432],[24.807584,42.272696],[24.809579,42.272475]]]},"properties":{"cadnum":"21169.5.31","purptype":"Земеделска","usetype":"Нива","proptype":"Частна","immaddr":"с. Динк","place":"МАЛЪК КАРАГЬОЛ","area":4998.1159819885,"cadreg":5,"pnum":"31"}},{"type":"Feature","geometry":{"type":"Polygon","coordinates":[[[24.809554,42.273624],[24.809544,42.274069],[24.811997,42.274096],[24.812008,42.273651],[24.809554,42.273624]]]},"properties":{"cadnum":"21169.5.32","purptype":"Земеделска","usetype":"Нива","proptype":"Частна","immaddr":"с. Динк","place":"МАЛЪК КАРАГЬОЛ","area":10001.115381089,"cadreg":5,"pnum":"32"}},{"type":"Feature","geometry":{"type":"Polygon","coordinates":[[[24.812008,42.273651],[24.812018,42.273206],[24.809564,42.27318],[24.809554,42.273624],[24.812008,42.273651]]]},"properties":{"cadnum":"21169.5.33","purptype":"Земеделска","usetype":"Нива","proptype":"Частна","immaddr":"с. Динк","place":"МАЛЪК КАРАГЬОЛ","area":10000.28125798,"cadreg":5,"pnum":"33"}},{"type":"Feature","geometry":{"type":"Polygon","coordinates":[[[24.812121,42.268507],[24.809656,42.268987],[24.809618,42.270727],[24.807198,42.270995],[24.80729,42.271257],[24.807531,42.272432],[24.809585,42.272205],[24.809583,42.272291],[24.812037,42.272317],[24.812121,42.268507]]]},"properties":{"cadnum":"21169.5.34","purptype":"Земеделска","usetype":"Нива","proptype":"Частна","immaddr":"с. Динк","place":"МАЛЪК КАРАГЬОЛ","area":109991.23750053,"cadreg":5,"pnum":"34"}},{"type":"Feature","geometry":{"type":"Polygon","coordinates":[[[24.812539,42.265704],[24.812629,42.265679],[24.81225,42.265736],[24.812181,42.266892],[24.812124,42.268302],[24.811997,42.274096],[24.81199,42.274226],[24.811953,42.27423],[24.811794,42.282247],[24.811869,42.282246],[24.811899,42.282221],[24.811915,42.282118],[24.81207,42.274276],[24.812285,42.266013],[24.812297,42.265942],[24.812324,42.265866],[24.812361,42.265808],[24.812407,42.265763],[24.812539,42.265704]]]},"properties":{"cadnum":"21169.5.37","purptype":"Земеделска","usetype":"За селскостопански, горски, ведомствен път","proptype":"Общинска публична","immaddr":"с. Динк","place":"МАЛЪК КАРАГЬОЛ","area":15455.46667547,"cadreg":5,"pnum":"37"}},{"type":"Feature","geometry":{"type":"Polygon","coordinates":[[[24.813951,42.265425],[24.813953,42.265394],[24.812278,42.265685],[24.81225,42.265736],[24.813179,42.265592],[24.813931,42.265465],[24.813951,42.265425]]]},"properties":{"cadnum":"21169.5.38","purptype":"Територия на транспорта","usetype":"За местен път","proptype":"Общинска публична","immaddr":"с. Динк","place":"МАЛЪК КАРАГЬОЛ","area":930.35971797692,"cadreg":5,"pnum":"38"}},{"type":"Feature","geometry":{"type":"Polygon","coordinates":[[[24.797891,42.271204],[24.797489,42.271185],[24.797401,42.272164],[24.797823,42.272172],[24.797891,42.271204]]]},"properties":{"cadnum":"21169.6.1","purptype":"Земеделска","usetype":"Нива","proptype":"Частна","immaddr":"с. Динк","place":"КРАЙ СЕЛОТО","area":3687.4915805071,"cadreg":6,"pnum":"1"}},{"type":"Feature","geometry":{"type":"Polygon","coordinates":[[[24.797891,42.271204],[24.797823,42.272172],[24.798253,42.27218],[24.798301,42.271223],[24.797891,42.271204]]]},"properties":{"cadnum":"21169.6.2","purptype":"Земеделска","usetype":"Нива","proptype":"Частна","immaddr":"с. Динк","place":"КРАЙ СЕЛОТО","area":3705.4484739935,"cadreg":6,"pnum":"2"}},{"type":"Feature","geometry":{"type":"Polygon","coordinates":[[[24.798301,42.271223],[24.798253,42.27218],[24.798557,42.272185],[24.798584,42.271237],[24.798301,42.271223]]]},"properties":{"cadnum":"21169.6.3","purptype":"Земеделска","usetype":"Нива","proptype":"Частна","immaddr":"с. Динк","place":"КРАЙ СЕЛОТО","area":2567.5735004989,"cadreg":6,"pnum":"3"}},{"type":"Feature","geometry":{"type":"Polygon","coordinates":[[[24.799156,42.271264],[24.798584,42.271237],[24.798557,42.272185],[24.79911,42.272195],[24.799156,42.271264]]]},"properties":{"cadnum":"21169.6.4","purptype":"Земеделска","usetype":"Нива","proptype":"Частна","immaddr":"с. Динк","place":"КРАЙ СЕЛОТО","area":4850.9937280094,"cadreg":6,"pnum":"4"}},{"type":"Feature","geometry":{"type":"Polygon","coordinates":[[[24.801286,42.272552],[24.801373,42.272293],[24.800328,42.272229],[24.799414,42.272185],[24.799433,42.272425],[24.801286,42.272552]]]},"properties":{"cadnum":"21169.6.5","purptype":"Земеделска","usetype":"Нива","proptype":"Частна","immaddr":"с. Динк","place":"КРАЙ СЕЛОТО","area":4454.0378695011,"cadreg":6,"pnum":"5"}},{"type":"Feature","geometry":{"type":"Polygon","coordinates":[[[24.799387,42.271483],[24.799414,42.272185],[24.800328,42.272229],[24.800283,42.271525],[24.799387,42.271483]]]},"properties":{"cadnum":"21169.6.6","purptype":"Земеделска","usetype":"Нива","proptype":"Частна","immaddr":"с. Динк","place":"КРАЙ СЕЛОТО","area":5821.1354360437,"cadreg":6,"pnum":"6"}},{"type":"Feature","geometry":{"type":"Polygon","coordinates":[[[24.80031,42.271954],[24.800328,42.272229],[24.801373,42.272293],[24.801476,42.271988],[24.80031,42.271954]]]},"properties":{"cadnum":"21169.6.7","purptype":"Земеделска","usetype":"Нива","proptype":"Частна","immaddr":"с. Динк","place":"КРАЙ СЕЛОТО","area":2958.070106504,"cadreg":6,"pnum":"7"}},{"type":"Feature","geometry":{"type":"Polygon","coordinates":[[[24.800298,42.271683],[24.80031,42.271954],[24.801476,42.271988],[24.801567,42.27172],[24.800298,42.271683]]]},"properties":{"cadnum":"21169.6.8","purptype":"Земеделска","usetype":"Нива","proptype":"Частна","immaddr":"с. Динк","place":"КРАЙ СЕЛОТО","area":3019.7776935024,"cadreg":6,"pnum":"8"}},{"type":"Feature","geometry":{"type":"Polygon","coordinates":[[[24.800283,42.271525],[24.800298,42.271683],[24.801567,42.27172],[24.801613,42.271586],[24.800283,42.271525]]]},"properties":{"cadnum":"21169.6.9","purptype":"Земеделска","usetype":"Нива","proptype":"Частна","immaddr":"с. Динк","place":"КРАЙ СЕЛОТО","area":1741.2122589713,"cadreg":6,"pnum":"9"}},{"type":"Feature","geometry":{"type":"Polygon","coordinates":[[[24.79841,42.275225],[24.798516,42.27444],[24.796459,42.274267],[24.796344,42.275052],[24.79841,42.275225]]]},"properties":{"cadnum":"21169.6.12","purptype":"Земеделска","usetype":"Нива","proptype":"Частна","immaddr":"с. Динк","place":"КЮЧУК КОРИЯ","area":15001.823438994,"cadreg":6,"pnum":"12"}},{"type":"Feature","geometry":{"type":"Polygon","coordinates":[[[24.798339,42.275748],[24.79841,42.275225],[24.796344,42.275052],[24.79627,42.275575],[24.798339,42.275748]]]},"properties":{"cadnum":"21169.6.13","purptype":"Земеделска","usetype":"Нива","proptype":"Частна","immaddr":"с. Динк","place":"КЮЧУК КОРИЯ","area":10026.264169494,"cadreg":6,"pnum":"13"}},{"type":"Feature","geometry":{"type":"Polygon","coordinates":[[[24.798304,42.276011],[24.798339,42.275748],[24.79627,42.275575],[24.796235,42.275838],[24.798304,42.276011]]]},"properties":{"cadnum":"21169.6.14","purptype":"Земеделска","usetype":"Нива","proptype":"Частна","immaddr":"с. Динк","place":"КЮЧУК КОРИЯ","area":5044.895437029,"cadreg":6,"pnum":"14"}},{"type":"Feature","geometry":{"type":"Polygon","coordinates":[[[24.798268,42.276275],[24.798304,42.276011],[24.796235,42.275838],[24.796199,42.276101],[24.798268,42.276275]]]},"properties":{"cadnum":"21169.6.15","purptype":"Земеделска","usetype":"Нива","proptype":"Частна","immaddr":"с. Динк","place":"КЮЧУК КОРИЯ","area":5050.5167195212,"cadreg":6,"pnum":"15"}},{"type":"Feature","geometry":{"type":"Polygon","coordinates":[[[24.796199,42.276101],[24.79609,42.276903],[24.79816,42.277076],[24.798268,42.276275],[24.796199,42.276101]]]},"properties":{"cadnum":"21169.6.16","purptype":"Земеделска","usetype":"Нива","proptype":"Частна","immaddr":"с. Динк","place":"КЮЧУК КОРИЯ","area":15369.438773014,"cadreg":6,"pnum":"16"}},{"type":"Feature","geometry":{"type":"Polygon","coordinates":[[[24.798397,42.275322],[24.798233,42.276537],[24.799882,42.276848],[24.800254,42.275671],[24.798397,42.275322]]]},"properties":{"cadnum":"21169.6.20","purptype":"Земеделска","usetype":"Нива","proptype":"Частна","immaddr":"с. Динк","place":"КЮЧУК КОРИЯ","area":20020.371481511,"cadreg":6,"pnum":"20"}},{"type":"Feature","geometry":{"type":"Polygon","coordinates":[[[24.798651,42.273442],[24.798584,42.27394],[24.800677,42.274334],[24.800841,42.273855],[24.798651,42.273442]]]},"properties":{"cadnum":"21169.6.23","purptype":"Земеделска","usetype":"Нива","proptype":"Частна","immaddr":"с. Динк","place":"КЮЧУК КОРИЯ","area":10015.805106082,"cadreg":6,"pnum":"23"}},{"type":"Feature","geometry":{"type":"Polygon","coordinates":[[[24.801074,42.273173],[24.801286,42.272552],[24.799433,42.272425],[24.799109,42.27224],[24.798814,42.272235],[24.798747,42.272735],[24.801074,42.273173]]]},"properties":{"cadnum":"21169.6.25","purptype":"Земеделска","usetype":"Овощна градина","proptype":"Частна","immaddr":"с. Динк","place":"КЮЧУК КОРИЯ","area":11793.83726096,"cadreg":6,"pnum":"25"}},{"type":"Feature","geometry":{"type":"Polygon","coordinates":[[[24.7959,42.277833],[24.795965,42.277833],[24.796344,42.275052],[24.796743,42.272395],[24.796784,42.272364],[24.796955,42.272274],[24.797198,42.272189],[24.7971,42.272186],[24.796974,42.272222],[24.796768,42.272291],[24.796679,42.272355],[24.7959,42.277833]]]},"properties":{"cadnum":"21169.6.26","purptype":"Земеделска","usetype":"За селскостопански, горски, ведомствен път","proptype":"Общинска публична","immaddr":"с. Динк","place":"КЮЧУК КОРИЯ","area":3057.8942590031,"cadreg":6,"pnum":"26"}},{"type":"Feature","geometry":{"type":"Polygon","coordinates":[[[24.799722,42.277353],[24.79636,42.277793],[24.795971,42.277788],[24.795965,42.277833],[24.796365,42.277838],[24.799708,42.2774],[24.799722,42.277353]]]},"properties":{"cadnum":"21169.6.27","purptype":"Земеделска","usetype":"За селскостопански, горски, ведомствен път","proptype":"Общинска публична","immaddr":"с. Динк","place":"КЮЧУК КОРИЯ","area":1534.5460080066,"cadreg":6,"pnum":"27"}},{"type":"Feature","geometry":{"type":"Polygon","coordinates":[[[24.801613,42.271586],[24.800677,42.274334],[24.799708,42.2774],[24.798422,42.282021],[24.798479,42.282021],[24.799763,42.277384],[24.800737,42.274365],[24.801669,42.271589],[24.801613,42.271586]]]},"properties":{"cadnum":"21169.6.29","purptype":"Територия, заета от води и водни обекти","usetype":"Напоителен канал","proptype":"Общинска частна","immaddr":"с. Динк","place":"КЮЧУК КОРИЯ","area":5355.8222454629,"cadreg":6,"pnum":"29"}},{"type":"Feature","geometry":{"type":"Polygon","coordinates":[[[24.800841,42.273855],[24.800951,42.273531],[24.798697,42.273107],[24.798651,42.273442],[24.800841,42.273855]]]},"properties":{"cadnum":"21169.6.30","purptype":"Земеделска","usetype":"Нива","proptype":"Частна","immaddr":"с. Динк","place":"КЮЧУК КОРИЯ","area":7009.3094269469,"cadreg":6,"pnum":"30"}},{"type":"Feature","geometry":{"type":"Polygon","coordinates":[[[24.798747,42.272735],[24.798697,42.273107],[24.800951,42.273531],[24.801074,42.273173],[24.798747,42.272735]]]},"properties":{"cadnum":"21169.6.31","purptype":"Земеделска","usetype":"Нива","proptype":"Частна","immaddr":"с. Динк","place":"КЮЧУК КОРИЯ","area":8000.1991900219,"cadreg":6,"pnum":"31"}},{"type":"Feature","geometry":{"type":"Polygon","coordinates":[[[24.798659,42.273384],[24.798731,42.272852],[24.7967,42.272682],[24.796619,42.273213],[24.798659,42.273384]]]},"properties":{"cadnum":"21169.6.32","purptype":"Земеделска","usetype":"Овощна градина","proptype":"Частна","immaddr":"с. Динк","place":"КЮЧУК КОРИЯ","area":10044.199090104,"cadreg":6,"pnum":"32"}},{"type":"Feature","geometry":{"type":"Polygon","coordinates":[[[24.797162,42.272205],[24.796955,42.272274],[24.796784,42.272364],[24.796743,42.272395],[24.7967,42.272682],[24.798731,42.272852],[24.798814,42.272235],[24.797162,42.272205]]]},"properties":{"cadnum":"21169.6.33","purptype":"Земеделска","usetype":"Нива","proptype":"Частна","immaddr":"с. Динк","place":"КЮЧУК КОРИЯ","area":10045.007638472,"cadreg":6,"pnum":"33"}},{"type":"Feature","geometry":{"type":"Polygon","coordinates":[[[24.800518,42.274838],[24.800603,42.274568],[24.798551,42.274182],[24.798513,42.27446],[24.800518,42.274838]]]},"properties":{"cadnum":"21169.6.34","purptype":"Земеделска","usetype":"Нива","proptype":"Частна","immaddr":"с. Динк","place":"КЮЧУК КОРИЯ","area":5314.2801294856,"cadreg":6,"pnum":"34"}},{"type":"Feature","geometry":{"type":"Polygon","coordinates":[[[24.798584,42.27394],[24.798551,42.274182],[24.800603,42.274568],[24.800677,42.274334],[24.798584,42.27394]]]},"properties":{"cadnum":"21169.6.35","purptype":"Земеделска","usetype":"Нива","proptype":"Частна","immaddr":"с. Динк","place":"КЮЧУК КОРИЯ","area":4704.788327434,"cadreg":6,"pnum":"35"}},{"type":"Feature","geometry":{"type":"Polygon","coordinates":[[[24.798516,42.27444],[24.798564,42.274089],[24.796512,42.273917],[24.796459,42.274267],[24.798516,42.27444]]]},"properties":{"cadnum":"21169.6.36","purptype":"Земеделска","usetype":"Нива","proptype":"Частна","immaddr":"с. Динк","place":"КЮЧУК КОРИЯ","area":6677.8240920573,"cadreg":6,"pnum":"36"}},{"type":"Feature","geometry":{"type":"Polygon","coordinates":[[[24.796512,42.273917],[24.798564,42.274089],[24.798611,42.273737],[24.796565,42.273566],[24.796512,42.273917]]]},"properties":{"cadnum":"21169.6.37","purptype":"Земеделска","usetype":"Нива","proptype":"Частна","immaddr":"с. Динк","place":"КЮЧУК КОРИЯ","area":6677.6214778983,"cadreg":6,"pnum":"37"}},{"type":"Feature","geometry":{"type":"Polygon","coordinates":[[[24.796619,42.273213],[24.796565,42.273566],[24.798611,42.273737],[24.798659,42.273384],[24.796619,42.273213]]]},"properties":{"cadnum":"21169.6.38","purptype":"Земеделска","usetype":"Нива","proptype":"Частна","immaddr":"с. Динк","place":"КЮЧУК КОРИЯ","area":6677.1846684674,"cadreg":6,"pnum":"38"}},{"type":"Feature","geometry":{"type":"Polygon","coordinates":[[[24.798541,42.277508],[24.799722,42.277353],[24.799882,42.276848],[24.798661,42.276618],[24.798541,42.277508]]]},"properties":{"cadnum":"21169.6.40","purptype":"Земеделска","usetype":"Нива","proptype":"Частна","immaddr":"с. Динк","place":"КЮЧУК КОРИЯ","area":7729.8793664559,"cadreg":6,"pnum":"40"}},{"type":"Feature","geometry":{"type":"Polygon","coordinates":[[[24.798437,42.275027],[24.798397,42.275322],[24.800254,42.275671],[24.800344,42.275386],[24.798437,42.275027]]]},"properties":{"cadnum":"21169.6.41","purptype":"Земеделска","usetype":"Нива","proptype":"Частна","immaddr":"с. Динк","place":"КЮЧУК КОРИЯ","area":5208.1172480057,"cadreg":6,"pnum":"41"}},{"type":"Feature","geometry":{"type":"Polygon","coordinates":[[[24.798476,42.27474],[24.798437,42.275027],[24.800344,42.275386],[24.800432,42.275109],[24.798476,42.27474]]]},"properties":{"cadnum":"21169.6.42","purptype":"Земеделска","usetype":"Нива","proptype":"Частна","immaddr":"с. Динк","place":"КЮЧУК КОРИЯ","area":5208.0531809329,"cadreg":6,"pnum":"42"}},{"type":"Feature","geometry":{"type":"Polygon","coordinates":[[[24.800432,42.275109],[24.800518,42.274838],[24.798513,42.27446],[24.798476,42.27474],[24.800432,42.275109]]]},"properties":{"cadnum":"21169.6.43","purptype":"Земеделска","usetype":"Нива","proptype":"Частна","immaddr":"с. Динк","place":"КЮЧУК КОРИЯ","area":5208.6251376038,"cadreg":6,"pnum":"43"}},{"type":"Feature","geometry":{"type":"Polygon","coordinates":[[[24.798661,42.276618],[24.798233,42.276537],[24.79816,42.277076],[24.79609,42.276903],[24.795971,42.277788],[24.79636,42.277793],[24.798541,42.277508],[24.798661,42.276618]]]},"properties":{"cadnum":"21169.6.45","purptype":"Земеделска","usetype":"Овощна градина","proptype":"Частна","immaddr":"с. Динк","place":"КЮЧУК КОРИЯ","area":17495.434394456,"cadreg":6,"pnum":"45"}},{"type":"Feature","geometry":{"type":"Polygon","coordinates":[[[24.798816,42.27219],[24.797401,42.272164],[24.797489,42.271185],[24.797382,42.27118],[24.797348,42.272193],[24.797198,42.272189],[24.797162,42.272205],[24.798814,42.272235],[24.798816,42.27219]]]},"properties":{"cadnum":"21169.6.46","purptype":"Земеделска","usetype":"За селскостопански, горски, ведомствен път","proptype":"Общинска публична","immaddr":"с. Динк","place":"КРАЙ СЕЛОТО","area":1350.0300624827,"cadreg":6,"pnum":"46"}},{"type":"Feature","geometry":{"type":"Polygon","coordinates":[[[24.799433,42.272425],[24.799414,42.272185],[24.799387,42.271483],[24.799183,42.271474],[24.799163,42.271264],[24.799156,42.271264],[24.79911,42.272195],[24.798816,42.27219],[24.798814,42.272235],[24.799109,42.27224],[24.799433,42.272425]]]},"properties":{"cadnum":"21169.6.47","purptype":"Земеделска","usetype":"Изоставена орна земя","proptype":"Общинска публична","immaddr":"с. Динк","place":"КРАЙ СЕЛОТО","area":2347.8066040099,"cadreg":6,"pnum":"47"}},{"type":"Feature","geometry":{"type":"Polygon","coordinates":[[[24.795998,42.272965],[24.795998,42.27243],[24.795299,42.272435],[24.795313,42.272953],[24.795998,42.272965]]]},"properties":{"cadnum":"21169.7.2","purptype":"Земеделска","usetype":"Гробищен парк","proptype":"Общинска публична","immaddr":"с. Динк","place":"КРАЙ СЕЛОТО","area":3351.295282473,"cadreg":7,"pnum":"2"}},{"type":"Feature","geometry":{"type":"Polygon","coordinates":[[[24.792619,42.277631],[24.792451,42.277624],[24.792338,42.277655],[24.792231,42.277772],[24.792158,42.277868],[24.791796,42.279132],[24.791753,42.27923],[24.790884,42.280185],[24.790844,42.280202],[24.790409,42.280283],[24.790397,42.280322],[24.790865,42.280238],[24.790935,42.280216],[24.791769,42.279294],[24.791821,42.279216],[24.79222,42.277853],[24.792313,42.277755],[24.792386,42.277701],[24.792469,42.277672],[24.792533,42.277674],[24.792569,42.277643],[24.792619,42.277631]]]},"properties":{"cadnum":"21169.7.3","purptype":"Територия, заета от води и водни обекти","usetype":"Напоителен канал","proptype":"Общинска частна","immaddr":"с. Динк","place":"КЮЧУК КОРИЯ","area":1741.0025500037,"cadreg":7,"pnum":"3"}},{"type":"Feature","geometry":{"type":"Polygon","coordinates":[[[24.789925,42.281905],[24.790001,42.281907],[24.792901,42.270243],[24.792976,42.27016],[24.793163,42.270037],[24.793329,42.269955],[24.793315,42.269909],[24.793259,42.269923],[24.792945,42.270079],[24.792865,42.270139],[24.791753,42.274497],[24.789925,42.281905]]]},"properties":{"cadnum":"21169.7.4","purptype":"Територия, заета от води и водни обекти","usetype":"Напоителен канал","proptype":"Общинска частна","immaddr":"с. Динк","place":"ГОРЕН ГЕРЕН","area":9192.3944250287,"cadreg":7,"pnum":"4"}},{"type":"Feature","geometry":{"type":"Polygon","coordinates":[[[24.795998,42.272965],[24.796062,42.272969],[24.796064,42.272158],[24.796,42.272156],[24.795998,42.272965]]]},"properties":{"cadnum":"21169.7.5","purptype":"Земеделска","usetype":"За селскостопански, горски, ведомствен път","proptype":"Общинска публична","immaddr":"с. Динк","place":"КРАЙ СЕЛОТО","area":470.29522949969,"cadreg":7,"pnum":"5"}},{"type":"Feature","geometry":{"type":"Polygon","coordinates":[[[24.792562,42.272254],[24.792495,42.272237],[24.792473,42.272287],[24.79254,42.272303],[24.792562,42.272254]]]},"properties":{"cadnum":"21169.7.6","purptype":"Земеделска","usetype":"Пасище","proptype":"Общинска частна","immaddr":"с. Динк","place":"КЮЧУК КОРИЯ","area":33.893225000148,"cadreg":7,"pnum":"6"}},{"type":"Feature","geometry":{"type":"Polygon","coordinates":[[[24.795091,42.272899],[24.795074,42.272948],[24.79514,42.272961],[24.795157,42.272912],[24.795091,42.272899]]]},"properties":{"cadnum":"21169.7.7","purptype":"Земеделска","usetype":"Пасище","proptype":"Общинска частна","immaddr":"с. Динк","place":"КЮЧУК КОРИЯ","area":32.028825499234,"cadreg":7,"pnum":"7"}},{"type":"Feature","geometry":{"type":"Polygon","coordinates":[[[24.796497,42.273132],[24.796507,42.273086],[24.796445,42.273079],[24.796435,42.273125],[24.796497,42.273132]]]},"properties":{"cadnum":"21169.7.8","purptype":"Земеделска","usetype":"Пасище","proptype":"Общинска частна","immaddr":"с. Динк","place":"КЮЧУК КОРИЯ","area":27.040408002358,"cadreg":7,"pnum":"8"}},{"type":"Feature","geometry":{"type":"Polygon","coordinates":[[[24.794165,42.273516],[24.795086,42.273502],[24.795037,42.271726],[24.794116,42.27174],[24.794165,42.273516]]]},"properties":{"cadnum":"21169.7.9","purptype":"Земеделска","usetype":"Пасище","proptype":"Общинска частна","immaddr":"с. Динк","place":"КЮЧУК КОРИЯ","area":14998.454555476,"cadreg":7,"pnum":"9"}},{"type":"Feature","geometry":{"type":"Polygon","coordinates":[[[24.790844,42.280202],[24.790884,42.280185],[24.791753,42.27923],[24.791796,42.279132],[24.792158,42.277868],[24.792231,42.277772],[24.792338,42.277655],[24.792451,42.277624],[24.792511,42.277623],[24.794633,42.277778],[24.7959,42.277833],[24.796679,42.272355],[24.796768,42.272291],[24.7971,42.272186],[24.796064,42.272158],[24.796062,42.272969],[24.795313,42.272953],[24.795299,42.272435],[24.795998,42.27243],[24.796,42.272156],[24.795461,42.272142],[24.795441,42.271225],[24.795628,42.269766],[24.795634,42.269622],[24.795612,42.269489],[24.795413,42.269503],[24.795414,42.269512],[24.795244,42.269528],[24.793599,42.269781],[24.793375,42.269896],[24.793315,42.269909],[24.793329,42.269955],[24.793163,42.270037],[24.792976,42.27016],[24.792901,42.270243],[24.790409,42.280283],[24.790844,42.280202]],[[24.792473,42.272287],[24.792495,42.272237],[24.792562,42.272254],[24.79254,42.272303],[24.792473,42.272287]],[[24.794116,42.27174],[24.795037,42.271726],[24.795086,42.273502],[24.794165,42.273516],[24.794116,42.27174]],[[24.795091,42.272899],[24.795157,42.272912],[24.79514,42.272961],[24.795074,42.272948],[24.795091,42.272899]],[[24.796445,42.273079],[24.796507,42.273086],[24.796497,42.273132],[24.796435,42.273125],[24.796445,42.273079]]]},"properties":{"cadnum":"21169.7.10","purptype":"Земеделска","usetype":"Пасище","proptype":"Общинска частна","immaddr":"с. Динк","place":"КЮЧУК КОРИЯ","area":299973.37682302,"cadreg":7,"pnum":"10"}},{"type":"Feature","geometry":{"type":"Polygon","coordinates":[[[24.790058,42.27015],[24.791368,42.269947],[24.791041,42.268784],[24.790939,42.268792],[24.790727,42.267302],[24.790118,42.26735],[24.790331,42.26884],[24.789703,42.268889],[24.790058,42.27015]]]},"properties":{"cadnum":"21169.8.2","purptype":"Земеделска","usetype":"Нива","proptype":"Частна","immaddr":"с. Динк","place":"СЕЛСКАТА ГРАДИНА","area":23594.381997479,"cadreg":8,"pnum":"2"}},{"type":"Feature","geometry":{"type":"Polygon","coordinates":[[[24.793286,42.269016],[24.79321,42.268613],[24.792114,42.2687],[24.792419,42.269784],[24.792996,42.269694],[24.793286,42.269016]]]},"properties":{"cadnum":"21169.8.4","purptype":"Земеделска","usetype":"За друг вид производствен, складов обект","proptype":"Частна","immaddr":"с. Динк","place":"СЕЛСКАТА ГРАДИНА","area":9106.4466964775,"cadreg":8,"pnum":"4"}},{"type":"Feature","geometry":{"type":"Polygon","coordinates":[[[24.789019,42.268943],[24.789744,42.268886],[24.789531,42.267396],[24.788807,42.267453],[24.789019,42.268943]]]},"properties":{"cadnum":"21169.8.6","purptype":"Земеделска","usetype":"Овощна градина","proptype":"Частна","immaddr":"с. Динк","place":"СЕЛСКАТА ГРАДИНА","area":10007.775162506,"cadreg":8,"pnum":"6"}},{"type":"Feature","geometry":{"type":"Polygon","coordinates":[[[24.790118,42.26735],[24.789531,42.267396],[24.789744,42.268886],[24.790331,42.26884],[24.790118,42.26735]]]},"properties":{"cadnum":"21169.8.7","purptype":"Земеделска","usetype":"Овощна градина","proptype":"Частна","immaddr":"с. Динк","place":"СЕЛСКАТА ГРАДИНА","area":8100.9056615064,"cadreg":8,"pnum":"7"}},{"type":"Feature","geometry":{"type":"Polygon","coordinates":[[[24.792315,42.268684],[24.792228,42.268077],[24.791913,42.268109],[24.791871,42.268092],[24.791835,42.267995],[24.791699,42.267421],[24.791635,42.267355],[24.791374,42.267317],[24.790847,42.267297],[24.790727,42.267302],[24.790939,42.268792],[24.792315,42.268684]]]},"properties":{"cadnum":"21169.8.8","purptype":"Земеделска","usetype":"Овощна градина","proptype":"Частна","immaddr":"с. Динк","place":"СЕЛСКАТА ГРАДИНА","area":15201.852679495,"cadreg":8,"pnum":"8"}},{"type":"Feature","geometry":{"type":"Polygon","coordinates":[[[24.793078,42.26802],[24.792995,42.268003],[24.79291,42.268009],[24.792228,42.268077],[24.792315,42.268684],[24.79321,42.268613],[24.793107,42.268072],[24.793078,42.26802]]]},"properties":{"cadnum":"21169.8.9","purptype":"Урбанизирана","usetype":"За друг вид производствен, складов обект","proptype":"Частна","immaddr":"с. Динк","place":"СЕЛСКАТА ГРАДИНА","area":5001.2186069988,"cadreg":8,"pnum":"9"}},{"type":"Feature","geometry":{"type":"Polygon","coordinates":[[[24.793898,42.262489],[24.795562,42.262461],[24.795573,42.262496],[24.795659,42.262495],[24.795648,42.262451],[24.798299,42.262386],[24.800748,42.262337],[24.800738,42.2623],[24.800377,42.262304],[24.795417,42.262422],[24.793846,42.26245],[24.793722,42.262635],[24.793714,42.262683],[24.793657,42.268133],[24.793604,42.268283],[24.792996,42.269694],[24.787851,42.270495],[24.78785,42.270613],[24.793079,42.269786],[24.793749,42.268229],[24.793765,42.268138],[24.793797,42.2656],[24.793794,42.265534],[24.793745,42.265534],[24.793776,42.262628],[24.793898,42.262489]]]},"properties":{"cadnum":"21169.8.11","purptype":"Територия, заета от води и водни обекти","usetype":"Напоителен канал","proptype":"Общинска публична","immaddr":"с. Динк","area":13900.680022786,"cadreg":8,"pnum":"11"}},{"type":"Feature","geometry":{"type":"Polygon","coordinates":[[[24.787758,42.261127],[24.787718,42.261123],[24.787739,42.262677],[24.787792,42.270622],[24.78785,42.270613],[24.787851,42.270495],[24.787828,42.267958],[24.787795,42.261324],[24.787789,42.26115],[24.787758,42.261127]]]},"properties":{"cadnum":"21169.8.12","purptype":"Територия, заета от води и водни обекти","usetype":"Напоителен канал","proptype":"Държавна частна","immaddr":"с. Динк","area":5161.0112580025,"cadreg":8,"pnum":"12"}},{"type":"Feature","geometry":{"type":"Polygon","coordinates":[[[24.787813,42.264988],[24.787909,42.264998],[24.791531,42.264173],[24.791782,42.264078],[24.793714,42.262683],[24.793722,42.262635],[24.793743,42.262604],[24.793719,42.262609],[24.791736,42.264013],[24.791646,42.26406],[24.791538,42.264102],[24.78786,42.264951],[24.787813,42.264988]]]},"properties":{"cadnum":"21169.8.13","purptype":"Територия, заета от води и водни обекти","usetype":"Напоителен канал","proptype":"Общинска частна","immaddr":"с. Динк","place":"СЕЛСКАТА ГРАДИНА","area":3811.3051688932,"cadreg":8,"pnum":"13"}},{"type":"Feature","geometry":{"type":"Polygon","coordinates":[[[24.788154,42.269011],[24.789019,42.268943],[24.788926,42.26829],[24.788156,42.268351],[24.788143,42.268395],[24.788135,42.268547],[24.78815,42.268715],[24.788154,42.269011]]]},"properties":{"cadnum":"21169.8.17","purptype":"Земеделска","usetype":"Нива","proptype":"Частна обществени организации","immaddr":"с. Динк","place":"СЕЛСКАТА ГРАДИНА","area":4996.1230445004,"cadreg":8,"pnum":"17"}},{"type":"Feature","geometry":{"type":"Polygon","coordinates":[[[24.788926,42.26829],[24.788807,42.267453],[24.788349,42.267491],[24.788284,42.267535],[24.788271,42.267601],[24.788234,42.267703],[24.788225,42.267797],[24.788211,42.267835],[24.788215,42.268098],[24.788156,42.268351],[24.788926,42.26829]]]},"properties":{"cadnum":"21169.8.18","purptype":"Земеделска","usetype":"Нива","proptype":"Частна","immaddr":"с. Динк","place":"СЕЛСКАТА ГРАДИНА","area":4995.3232449696,"cadreg":8,"pnum":"18"}},{"type":"Feature","geometry":{"type":"Polygon","coordinates":[[[24.793685,42.26513],[24.793714,42.262683],[24.791782,42.264078],[24.791531,42.264173],[24.787909,42.264998],[24.787813,42.264988],[24.787815,42.265273],[24.793685,42.26513]]]},"properties":{"cadnum":"21169.8.26","purptype":"Земеделска","usetype":"Пасище","proptype":"Общинска публична","immaddr":"с. Динк","place":"СЕЛСКАТА ГРАДИНА","area":54996.418825874,"cadreg":8,"pnum":"26"}},{"type":"Feature","geometry":{"type":"Polygon","coordinates":[[[24.791368,42.269947],[24.792419,42.269784],[24.792114,42.2687],[24.791041,42.268784],[24.791368,42.269947]]]},"properties":{"cadnum":"21169.8.27","purptype":"Земеделска","usetype":"Овощна градина","proptype":"Частна","immaddr":"с. Динк","place":"СЕЛСКАТА ГРАДИНА","area":11297.491595505,"cadreg":8,"pnum":"27"}},{"type":"Feature","geometry":{"type":"Polygon","coordinates":[[[24.788624,42.268974],[24.788154,42.269011],[24.788134,42.269324],[24.78803,42.27014],[24.788041,42.270287],[24.788085,42.270399],[24.788145,42.270447],[24.788575,42.270381],[24.78852,42.270187],[24.788947,42.27012],[24.788624,42.268974]]]},"properties":{"cadnum":"21169.8.29","purptype":"Земеделска","usetype":"Нива","proptype":"Частна","immaddr":"с. Динк","place":"СЕЛСКАТА ГРАДИНА","area":8576.9321435126,"cadreg":8,"pnum":"29"}},{"type":"Feature","geometry":{"type":"Polygon","coordinates":[[[24.789703,42.268889],[24.788624,42.268974],[24.788947,42.27012],[24.78852,42.270187],[24.788575,42.270381],[24.790058,42.27015],[24.789703,42.268889]]]},"properties":{"cadnum":"21169.8.30","purptype":"Земеделска","usetype":"За хранително-вкусовата промишленост","proptype":"Частна","immaddr":"с. Динк","place":"СЕЛСКАТА ГРАДИНА","area":13925.739434994,"cadreg":8,"pnum":"30"}},{"type":"Feature","geometry":{"type":"Polygon","coordinates":[[[24.788134,42.269324],[24.788154,42.269011],[24.788082,42.269011],[24.788062,42.268548],[24.788085,42.26834],[24.788142,42.268095],[24.788138,42.267828],[24.788162,42.267694],[24.788215,42.267508],[24.788344,42.267435],[24.78834,42.266193],[24.788241,42.26606],[24.788106,42.265939],[24.787821,42.26594],[24.787828,42.267958],[24.787851,42.270495],[24.788145,42.270447],[24.788085,42.270399],[24.788041,42.270287],[24.78803,42.27014],[24.788134,42.269324]]]},"properties":{"cadnum":"21169.8.35","purptype":"Земеделска","usetype":"Пасище","proptype":"Общинска публична","immaddr":"с. Динк","place":"СЕЛСКАТА ГРАДИНА","area":14351.058371008,"cadreg":8,"pnum":"35"}},{"type":"Feature","geometry":{"type":"Polygon","coordinates":[[[24.790778,42.267298],[24.791374,42.267317],[24.791635,42.267355],[24.791699,42.267421],[24.791835,42.267995],[24.791871,42.268092],[24.791913,42.268109],[24.792995,42.268003],[24.793078,42.26802],[24.793565,42.268373],[24.793591,42.268315],[24.793088,42.267943],[24.792901,42.267955],[24.791932,42.268053],[24.791747,42.267317],[24.791382,42.267263],[24.790804,42.267242],[24.788344,42.267435],[24.788215,42.267508],[24.788162,42.267694],[24.788138,42.267828],[24.788142,42.268095],[24.788085,42.26834],[24.788062,42.268548],[24.788082,42.269011],[24.788154,42.269011],[24.78815,42.268715],[24.788135,42.268547],[24.788143,42.268395],[24.788187,42.268242],[24.788215,42.268098],[24.788211,42.267835],[24.788225,42.267797],[24.788234,42.267703],[24.788271,42.267601],[24.788284,42.267535],[24.788349,42.267491],[24.790778,42.267298]]]},"properties":{"cadnum":"21169.8.36","purptype":"Земеделска","usetype":"За селскостопански, горски, ведомствен път","proptype":"Общинска публична","immaddr":"с. Динк","place":"СЕЛСКАТА ГРАДИНА","area":4259.9133249826,"cadreg":8,"pnum":"36"}},{"type":"Feature","geometry":{"type":"Polygon","coordinates":[[[24.793657,42.268133],[24.793685,42.26513],[24.787815,42.265273],[24.787821,42.26594],[24.788106,42.265939],[24.788241,42.26606],[24.78834,42.266193],[24.788344,42.267435],[24.790804,42.267242],[24.791382,42.267263],[24.791747,42.267317],[24.791932,42.268053],[24.792901,42.267955],[24.793088,42.267943],[24.793591,42.268315],[24.793657,42.268133]]]},"properties":{"cadnum":"21169.8.37","purptype":"Земеделска","usetype":"Пасище","proptype":"Общинска публична","immaddr":"с. Динк","place":"СЕЛСКАТА ГРАДИНА","area":119327.75314213,"cadreg":8,"pnum":"37"}},{"type":"Feature","geometry":{"type":"Polygon","coordinates":[[[24.793565,42.268373],[24.793078,42.26802],[24.793107,42.268072],[24.793286,42.269016],[24.793565,42.268373]]]},"properties":{"cadnum":"21169.8.38","purptype":"Земеделска","usetype":"Пасище","proptype":"Общинска публична","immaddr":"с. Динк","place":"СЕЛСКАТА ГРАДИНА","area":1805.5538114868,"cadreg":8,"pnum":"38"}},{"type":"Feature","geometry":{"type":"Polygon","coordinates":[[[24.795748,42.265192],[24.79567,42.264632],[24.793803,42.264664],[24.793794,42.265534],[24.795748,42.265192]]]},"properties":{"cadnum":"21169.9.3","purptype":"Земеделска","usetype":"Нива","proptype":"Частна","immaddr":"с. Динк","place":"СЕЛСКАТА ГРАДИНА","area":12571.993801566,"cadreg":9,"pnum":"3"}},{"type":"Feature","geometry":{"type":"Polygon","coordinates":[[[24.793815,42.263489],[24.79381,42.264007],[24.795578,42.263977],[24.795564,42.263933],[24.795563,42.263885],[24.795768,42.263878],[24.795708,42.263457],[24.793815,42.263489]]]},"properties":{"cadnum":"21169.9.5","purptype":"Земеделска","usetype":"Нива","proptype":"Частна религиозни организации","immaddr":"с. Динк","place":"СЕЛСКАТА ГРАДИНА","area":8983.9273505007,"cadreg":9,"pnum":"5"}},{"type":"Feature","geometry":{"type":"Polygon","coordinates":[[[24.795708,42.263457],[24.795659,42.263107],[24.793819,42.263139],[24.793815,42.263489],[24.795708,42.263457]]]},"properties":{"cadnum":"21169.9.6","purptype":"Земеделска","usetype":"Нива","proptype":"Общинска частна","immaddr":"с. Динк","place":"СЕЛСКАТА ГРАДИНА","area":5994.5432720294,"cadreg":9,"pnum":"6"}},{"type":"Feature","geometry":{"type":"Polygon","coordinates":[[[24.793924,42.262525],[24.793825,42.262638],[24.793819,42.263139],[24.795659,42.263107],[24.795573,42.262496],[24.793924,42.262525]]]},"properties":{"cadnum":"21169.9.7","purptype":"Земеделска","usetype":"Нива","proptype":"Частна","immaddr":"с. Динк","place":"СЕЛСКАТА ГРАДИНА","area":10017.707862454,"cadreg":9,"pnum":"7"}},{"type":"Feature","geometry":{"type":"Polygon","coordinates":[[[24.796346,42.262434],[24.796374,42.263812],[24.79738,42.263772],[24.797354,42.262409],[24.796346,42.262434]]]},"properties":{"cadnum":"21169.9.9","purptype":"Земеделска","usetype":"Нива","proptype":"Частна","immaddr":"с. Динк","place":"ПАМУЦИТЕ","area":12651.90457603,"cadreg":9,"pnum":"9"}},{"type":"Feature","geometry":{"type":"Polygon","coordinates":[[[24.798011,42.263748],[24.798347,42.263679],[24.798299,42.262386],[24.797354,42.262409],[24.79738,42.263772],[24.798011,42.263748]]]},"properties":{"cadnum":"21169.9.10","purptype":"Земеделска","usetype":"Нива","proptype":"Частна","immaddr":"с. Динк","place":"ПАМУЦИТЕ","area":11822.577248485,"cadreg":9,"pnum":"10"}},{"type":"Feature","geometry":{"type":"Polygon","coordinates":[[[24.798299,42.262386],[24.798347,42.263679],[24.799254,42.263502],[24.799213,42.262368],[24.798299,42.262386]]]},"properties":{"cadnum":"21169.9.11","purptype":"Земеделска","usetype":"Овощна градина","proptype":"Частна","immaddr":"с. Динк","place":"ПАМУЦИТЕ","area":10177.382991986,"cadreg":9,"pnum":"11"}},{"type":"Feature","geometry":{"type":"Polygon","coordinates":[[[24.799254,42.263502],[24.799738,42.263405],[24.7997,42.262358],[24.799213,42.262368],[24.799254,42.263502]]]},"properties":{"cadnum":"21169.9.12","purptype":"Земеделска","usetype":"Овощна градина","proptype":"Частна","immaddr":"с. Динк","place":"ПАМУЦИТЕ","area":4874.6542094981,"cadreg":9,"pnum":"12"}},{"type":"Feature","geometry":{"type":"Polygon","coordinates":[[[24.800974,42.263164],[24.800916,42.262956],[24.800341,42.263056],[24.800399,42.263278],[24.800974,42.263164]]]},"properties":{"cadnum":"21169.9.14","purptype":"Земеделска","usetype":"Нива","proptype":"Частна","immaddr":"с. Динк","place":"ПАМУЦИТЕ","area":1191.5469530003,"cadreg":9,"pnum":"14"}},{"type":"Feature","geometry":{"type":"Polygon","coordinates":[[[24.800571,42.263637],[24.800934,42.26393],[24.800985,42.263828],[24.801009,42.26373],[24.801039,42.263512],[24.801011,42.263279],[24.800993,42.263217],[24.800246,42.263356],[24.800571,42.263637]]]},"properties":{"cadnum":"21169.9.15","purptype":"Земеделска","usetype":"Нива","proptype":"Частна","immaddr":"с. Динк","place":"ПАМУЦИТЕ","area":2747.9560499986,"cadreg":9,"pnum":"15"}},{"type":"Feature","geometry":{"type":"Polygon","coordinates":[[[24.800214,42.263362],[24.799658,42.263478],[24.799796,42.263829],[24.799876,42.263741],[24.799846,42.263708],[24.800214,42.263362]]]},"properties":{"cadnum":"21169.9.17","purptype":"Земеделска","usetype":"Нива","proptype":"Частна","immaddr":"с. Динк","place":"ПАМУЦИТЕ","area":866.54143650183,"cadreg":9,"pnum":"17"}},{"type":"Feature","geometry":{"type":"Polygon","coordinates":[[[24.79969,42.263968],[24.799688,42.26395],[24.799796,42.263829],[24.799658,42.263478],[24.798873,42.263629],[24.798892,42.263713],[24.799091,42.263705],[24.799133,42.264015],[24.79969,42.263968]]]},"properties":{"cadnum":"21169.9.18","purptype":"Земеделска","usetype":"Нива","proptype":"Частна","immaddr":"с. Динк","place":"ПАМУЦИТЕ","area":2853.7891549953,"cadreg":9,"pnum":"18"}},{"type":"Feature","geometry":{"type":"Polygon","coordinates":[[[24.798892,42.263713],[24.798873,42.263629],[24.798325,42.263735],[24.798892,42.263713]]]},"properties":{"cadnum":"21169.9.19","purptype":"Земеделска","usetype":"Нива","proptype":"Общинска частна","immaddr":"с. Динк","place":"ПАМУЦИТЕ","area":217.75733801009,"cadreg":9,"pnum":"19"}},{"type":"Feature","geometry":{"type":"Polygon","coordinates":[[[24.800233,42.263345],[24.800246,42.263356],[24.800993,42.263217],[24.800974,42.263164],[24.798011,42.263748],[24.798325,42.263735],[24.799658,42.263478],[24.800214,42.263362],[24.800233,42.263345]]]},"properties":{"cadnum":"21169.9.20","purptype":"Земеделска","usetype":"За селскостопански, горски, ведомствен път","proptype":"Общинска публична","immaddr":"с. Динк","place":"ПАМУЦИТЕ","area":1350.6819755227,"cadreg":9,"pnum":"20"}},{"type":"Feature","geometry":{"type":"Polygon","coordinates":[[[24.795953,42.263836],[24.795868,42.263838],[24.795874,42.263873],[24.795959,42.26387],[24.795953,42.263836]]]},"properties":{"cadnum":"21169.9.21","purptype":"Земеделска","usetype":"За селскостопански, горски, ведомствен път","proptype":"Общинска публична","immaddr":"с. Динк","place":"ПАМУЦИТЕ","area":26.981535498066,"cadreg":9,"pnum":"21"}},{"type":"Feature","geometry":{"type":"Polygon","coordinates":[[[24.795874,42.263873],[24.795659,42.262495],[24.795573,42.262496],[24.795768,42.263878],[24.795874,42.263873]]]},"properties":{"cadnum":"21169.9.22","purptype":"Територия, заета от води и водни обекти","usetype":"Напоителен канал","proptype":"Общинска частна","immaddr":"с. Динк","place":"ПАМУЦИТЕ","area":1218.6954765006,"cadreg":9,"pnum":"22"}},{"type":"Feature","geometry":{"type":"Polygon","coordinates":[[[24.795573,42.262496],[24.795562,42.262461],[24.793898,42.262489],[24.793776,42.262628],[24.793745,42.265534],[24.793794,42.265534],[24.793825,42.262638],[24.793924,42.262525],[24.795573,42.262496]]]},"properties":{"cadnum":"21169.9.23","purptype":"Земеделска","usetype":"За селскостопански, горски, ведомствен път","proptype":"Общинска публична","immaddr":"с. Динк","place":"СЕЛСКАТА ГРАДИНА","area":1900.1657344749,"cadreg":9,"pnum":"23"}},{"type":"Feature","geometry":{"type":"Polygon","coordinates":[[[24.799876,42.263741],[24.799688,42.26395],[24.79969,42.263968],[24.799896,42.263762],[24.799876,42.263741]]]},"properties":{"cadnum":"21169.9.25","purptype":"Земеделска","usetype":"Друг вид земеделска земя","proptype":"Общинска частна","immaddr":"с. Динк","place":"ПАМУЦИТЕ","area":57.295514497162,"cadreg":9,"pnum":"25"}},{"type":"Feature","geometry":{"type":"Polygon","coordinates":[[[24.79567,42.264632],[24.795625,42.264309],[24.793806,42.26434],[24.793803,42.264664],[24.79567,42.264632]]]},"properties":{"cadnum":"21169.9.26","purptype":"Земеделска","usetype":"Нива","proptype":"Частна","immaddr":"с. Динк","place":"СЕЛСКАТА ГРАДИНА","area":5474.6949675023,"cadreg":9,"pnum":"26"}},{"type":"Feature","geometry":{"type":"Polygon","coordinates":[[[24.79381,42.264007],[24.793806,42.26434],[24.795625,42.264309],[24.795578,42.263977],[24.79381,42.264007]]]},"properties":{"cadnum":"21169.9.27","purptype":"Земеделска","usetype":"Нива","proptype":"Частна","immaddr":"с. Динк","place":"СЕЛСКАТА ГРАДИНА","area":5474.1013469745,"cadreg":9,"pnum":"27"}},{"type":"Feature","geometry":{"type":"Polygon","coordinates":[[[24.795648,42.262451],[24.795868,42.263838],[24.796074,42.263823],[24.796046,42.262441],[24.795648,42.262451]]]},"properties":{"cadnum":"21169.9.28","purptype":"Земеделска","usetype":"Нива","proptype":"Частна","immaddr":"с. Динк","place":"ПАМУЦИТЕ","area":3820.4022984978,"cadreg":9,"pnum":"28"}},{"type":"Feature","geometry":{"type":"Polygon","coordinates":[[[24.796046,42.262441],[24.796074,42.263823],[24.796374,42.263812],[24.796346,42.262434],[24.796046,42.262441]]]},"properties":{"cadnum":"21169.9.29","purptype":"Земеделска","usetype":"Нива","proptype":"Частна","immaddr":"с. Динк","place":"ПАМУЦИТЕ","area":3797.7762879975,"cadreg":9,"pnum":"29"}},{"type":"Feature","geometry":{"type":"Polygon","coordinates":[[[24.793765,42.268138],[24.793749,42.268229],[24.79368,42.268381],[24.794515,42.268242],[24.793795,42.265771],[24.793765,42.268138]]]},"properties":{"cadnum":"21169.9.30","purptype":"Земеделска","usetype":"За стопански двор","proptype":"Частна","immaddr":"с. Динк","place":"СЕЛСКАТА ГРАДИНА","area":9004.656296491,"cadreg":9,"pnum":"30"}},{"type":"Feature","geometry":{"type":"Polygon","coordinates":[[[24.7948,42.267943],[24.794503,42.267984],[24.794568,42.268211],[24.794867,42.268163],[24.7948,42.267943]]]},"properties":{"cadnum":"21169.9.35","purptype":"Земеделска","usetype":"За стопански двор","proptype":"Частна","quarter":"1 на стопански двор","immaddr":"с. Динк","place":"СЕЛСКАТА ГРАДИНА","area":639.1895364998,"cadreg":9,"pnum":"35"}},{"type":"Feature","geometry":{"type":"Polygon","coordinates":[[[24.7948,42.267943],[24.794627,42.26737],[24.794331,42.267415],[24.794503,42.267984],[24.7948,42.267943]]]},"properties":{"cadnum":"21169.9.36","purptype":"Земеделска","usetype":"За стопански двор","proptype":"Частна","quarter":"1 на стопански двор","immaddr":"с. Динк","place":"СЕЛСКАТА ГРАДИНА","area":1620.8638679877,"cadreg":9,"pnum":"36"}},{"type":"Feature","geometry":{"type":"Polygon","coordinates":[[[24.794309,42.267344],[24.794605,42.267298],[24.794381,42.266557],[24.794089,42.266605],[24.794309,42.267344]]]},"properties":{"cadnum":"21169.9.37","purptype":"Земеделска","usetype":"За стопански двор","proptype":"Частна","quarter":"I-стоп.двор","immaddr":"с. Динк","place":"СЕЛСКАТА ГРАДИНА","area":2084.6350390071,"cadreg":9,"pnum":"37"}},{"type":"Feature","geometry":{"type":"Polygon","coordinates":[[[24.794605,42.267298],[24.794971,42.267242],[24.794759,42.266496],[24.794381,42.266557],[24.794605,42.267298]]]},"properties":{"cadnum":"21169.9.38","purptype":"Земеделска","usetype":"За стопански двор","proptype":"Частна","immaddr":"с. Динк","place":"СЕЛСКАТА ГРАДИНА","area":2651.8688430083,"cadreg":9,"pnum":"38"}},{"type":"Feature","geometry":{"type":"Polygon","coordinates":[[[24.794874,42.267932],[24.795155,42.26789],[24.794971,42.267242],[24.794676,42.267287],[24.794874,42.267932]]]},"properties":{"cadnum":"21169.9.39","purptype":"Земеделска","usetype":"За стопански двор","proptype":"Частна","quarter":"Стопански двор с. Динк","immaddr":"с. Динк","place":"СЕЛСКАТА ГРАДИНА","area":1781.2453590009,"cadreg":9,"pnum":"39"}},{"type":"Feature","geometry":{"type":"Polygon","coordinates":[[[24.794942,42.26815],[24.795216,42.268105],[24.795155,42.26789],[24.794874,42.267932],[24.794942,42.26815]]]},"properties":{"cadnum":"21169.9.40","purptype":"Земеделска","usetype":"За стопански двор","proptype":"Частна","quarter":"1 на стопански двор","immaddr":"с. Динк","place":"СЕЛСКАТА ГРАДИНА","area":576.39750149655,"cadreg":9,"pnum":"40"}},{"type":"Feature","geometry":{"type":"Polygon","coordinates":[[[24.795876,42.268001],[24.795815,42.267793],[24.795155,42.26789],[24.795216,42.268105],[24.795876,42.268001]]]},"properties":{"cadnum":"21169.9.41","purptype":"Земеделска","usetype":"За стопански двор","proptype":"Частна","quarter":"1 на стопански двор","immaddr":"с. Динк","place":"СЕЛСКАТА ГРАДИНА","area":1334.8206850046,"cadreg":9,"pnum":"41"}},{"type":"Feature","geometry":{"type":"Polygon","coordinates":[[[24.796425,42.267913],[24.796368,42.267712],[24.795815,42.267793],[24.795876,42.268001],[24.796425,42.267913]]]},"properties":{"cadnum":"21169.9.42","purptype":"Земеделска","usetype":"За стопански двор","proptype":"Частна","quarter":"1 на стопански двор","immaddr":"с. Динк","place":"СЕЛСКАТА ГРАДИНА","area":1079.2532815048,"cadreg":9,"pnum":"42"}},{"type":"Feature","geometry":{"type":"Polygon","coordinates":[[[24.794942,42.26815],[24.794676,42.267287],[24.794309,42.267344],[24.794331,42.267415],[24.794627,42.26737],[24.794867,42.268163],[24.794942,42.26815]]]},"properties":{"cadnum":"21169.9.43","purptype":"Земеделска","usetype":"За стопански двор","proptype":"Държавна частна","immaddr":"с. Динк","place":"СЕЛСКАТА ГРАДИНА","area":807.57937000442,"cadreg":9,"pnum":"43"}},{"type":"Feature","geometry":{"type":"Polygon","coordinates":[[[24.796429,42.267929],[24.796425,42.267913],[24.794568,42.268211],[24.794089,42.266605],[24.79404,42.266613],[24.794515,42.268242],[24.795186,42.268131],[24.795184,42.268122],[24.796429,42.267929]]]},"properties":{"cadnum":"21169.9.44","purptype":"Земеделска","usetype":"За стопански двор","proptype":"Държавна частна","immaddr":"с. Динк","place":"СЕЛСКАТА ГРАДИНА","area":1161.5960544794,"cadreg":9,"pnum":"44"}},{"type":"Feature","geometry":{"type":"Polygon","coordinates":[[[24.793795,42.265771],[24.79404,42.266613],[24.794759,42.266496],[24.795155,42.26789],[24.796368,42.267712],[24.796429,42.267929],[24.796918,42.267844],[24.795913,42.265979],[24.795807,42.265648],[24.795748,42.265192],[24.793794,42.265534],[24.793795,42.265771]]]},"properties":{"cadnum":"21169.9.45","purptype":"Земеделска","usetype":"За стопански двор","proptype":"Държавна частна","immaddr":"с. Динк","place":"СЕЛСКАТА ГРАДИНА","area":41382.998268947,"cadreg":9,"pnum":"45"}},{"type":"Feature","geometry":{"type":"Polygon","coordinates":[[[24.800341,42.263056],[24.80027,42.262347],[24.7997,42.262358],[24.799738,42.263405],[24.800399,42.263278],[24.800341,42.263056]]]},"properties":{"cadnum":"21169.9.47","purptype":"Земеделска","usetype":"Нива","proptype":"Частна","immaddr":"с. Динк","place":"ПАМУЦИТЕ","area":5512.7821904867,"cadreg":9,"pnum":"47"}},{"type":"Feature","geometry":{"type":"Polygon","coordinates":[[[24.800916,42.262956],[24.800748,42.262337],[24.80027,42.262347],[24.800341,42.263056],[24.800916,42.262956]]]},"properties":{"cadnum":"21169.9.48","purptype":"Земеделска","usetype":"Овощна градина","proptype":"Частна","immaddr":"с. Динк","place":"ПАМУЦИТЕ","area":3262.8711855012,"cadreg":9,"pnum":"48"}},{"type":"Feature","geometry":{"type":"Polygon","coordinates":[[[24.79361,42.269659],[24.793566,42.26939],[24.793389,42.269418],[24.7933,42.269627],[24.793382,42.269694],[24.79361,42.269659]]]},"properties":{"cadnum":"21169.9.54","purptype":"Урбанизирана","usetype":"Ниско застрояване (до 10 m)","proptype":"Частна","quarter":"51","immaddr":"с. Динк, ул. Неизвестна","place":"СЕЛСКАТА ГРАДИНА","area":619.1451110133,"cadreg":9,"pnum":"54"}},{"type":"Feature","geometry":{"type":"Polygon","coordinates":[[[24.793808,42.269629],[24.793764,42.26936],[24.793566,42.26939],[24.79361,42.269659],[24.793808,42.269629]]]},"properties":{"cadnum":"21169.9.55","purptype":"Урбанизирана","usetype":"Ниско застрояване (до 10 m)","proptype":"Частна","quarter":"51","immaddr":"с. Динк, ул. Неизвестна","place":"СЕЛСКАТА ГРАДИНА","area":499.88297100174,"cadreg":9,"pnum":"55"}},{"type":"Feature","geometry":{"type":"Polygon","coordinates":[[[24.794006,42.269599],[24.793962,42.269329],[24.793764,42.26936],[24.793808,42.269629],[24.794006,42.269599]]]},"properties":{"cadnum":"21169.9.56","purptype":"Урбанизирана","usetype":"Ниско застрояване (до 10 m)","proptype":"Частна","quarter":"51","immaddr":"с. Динк, ул. Неизвестна","place":"СЕЛСКАТА ГРАДИНА","area":499.87676400169,"cadreg":9,"pnum":"56"}},{"type":"Feature","geometry":{"type":"Polygon","coordinates":[[[24.794599,42.269507],[24.794555,42.269238],[24.794357,42.269269],[24.794401,42.269538],[24.794599,42.269507]]]},"properties":{"cadnum":"21169.9.59","purptype":"Урбанизирана","usetype":"Ниско застрояване (до 10 m)","proptype":"Частна","quarter":"51","immaddr":"с. Динк","place":"СЕЛСКАТА ГРАДИНА","area":500.06286799556,"cadreg":9,"pnum":"59"}},{"type":"Feature","geometry":{"type":"Polygon","coordinates":[[[24.794797,42.269477],[24.794753,42.269208],[24.794555,42.269238],[24.794599,42.269507],[24.794797,42.269477]]]},"properties":{"cadnum":"21169.9.60","purptype":"Урбанизирана","usetype":"Ниско застрояване (до 10 m)","proptype":"Частна","quarter":"51","immaddr":"с. Динк","area":499.95275599794,"cadreg":9,"pnum":"60"}},{"type":"Feature","geometry":{"type":"Polygon","coordinates":[[[24.794995,42.269446],[24.794951,42.269177],[24.794753,42.269208],[24.794797,42.269477],[24.794995,42.269446]]]},"properties":{"cadnum":"21169.9.61","purptype":"Урбанизирана","usetype":"Ниско застрояване (до 10 m)","proptype":"Частна","quarter":"51","immaddr":"с. Динк","area":500.01320749325,"cadreg":9,"pnum":"61"}},{"type":"Feature","geometry":{"type":"Polygon","coordinates":[[[24.794995,42.269446],[24.795193,42.269416],[24.795149,42.269147],[24.794951,42.269177],[24.794995,42.269446]]]},"properties":{"cadnum":"21169.9.62","purptype":"Урбанизирана","usetype":"Ниско застрояване (до 10 m)","proptype":"Частна","quarter":"51","immaddr":"с. Динк","place":"СЕЛСКАТА ГРАДИНА","area":500.02989000149,"cadreg":9,"pnum":"62"}},{"type":"Feature","geometry":{"type":"Polygon","coordinates":[[[24.795386,42.269359],[24.795347,42.269117],[24.795149,42.269147],[24.795193,42.269416],[24.795356,42.269391],[24.795386,42.269359]]]},"properties":{"cadnum":"21169.9.63","purptype":"Урбанизирана","usetype":"Ниско застрояване (до 10 m)","proptype":"Частна","quarter":"51","immaddr":"с. Динк","place":"СЕЛСКАТА ГРАДИНА","area":495.60199300389,"cadreg":9,"pnum":"63"}},{"type":"Feature","geometry":{"type":"Polygon","coordinates":[[[24.795307,42.268872],[24.79527,42.268852],[24.795105,42.268878],[24.795149,42.269147],[24.795347,42.269117],[24.795307,42.268872]]]},"properties":{"cadnum":"21169.9.64","purptype":"Урбанизирана","usetype":"Ниско застрояване (до 10 m)","proptype":"Общинска частна","quarter":"51","immaddr":"с. Динк, ул. Неизвестна","place":"СЕЛСКАТА ГРАДИНА","area":496.22103549833,"cadreg":9,"pnum":"64"}},{"type":"Feature","geometry":{"type":"Polygon","coordinates":[[[24.795149,42.269147],[24.795105,42.268878],[24.794907,42.268908],[24.794951,42.269177],[24.795149,42.269147]]]},"properties":{"cadnum":"21169.9.65","purptype":"Урбанизирана","usetype":"Ниско застрояване (до 10 m)","proptype":"Общинска частна","quarter":"51","immaddr":"с. Динк, ул. Неизвестна","place":"СЕЛСКАТА ГРАДИНА","area":500.05349499923,"cadreg":9,"pnum":"65"}},{"type":"Feature","geometry":{"type":"Polygon","coordinates":[[[24.794951,42.269177],[24.794907,42.268908],[24.794709,42.268939],[24.794753,42.269208],[24.794951,42.269177]]]},"properties":{"cadnum":"21169.9.66","purptype":"Урбанизирана","usetype":"Ниско застрояване (до 10 m)","proptype":"Общинска частна","quarter":"51","immaddr":"с. Динк, ул. Неизвестна","place":"СЕЛСКАТА ГРАДИНА","area":500.09570549779,"cadreg":9,"pnum":"66"}},{"type":"Feature","geometry":{"type":"Polygon","coordinates":[[[24.794753,42.269208],[24.794709,42.268939],[24.794511,42.268969],[24.794555,42.269238],[24.794753,42.269208]]]},"properties":{"cadnum":"21169.9.67","purptype":"Урбанизирана","usetype":"Ниско застрояване (до 10 m)","proptype":"Общинска частна","quarter":"51","immaddr":"с. Динк, ул. Неизвестна","place":"СЕЛСКАТА ГРАДИНА","area":499.99949850362,"cadreg":9,"pnum":"67"}},{"type":"Feature","geometry":{"type":"Polygon","coordinates":[[[24.794555,42.269238],[24.794511,42.268969],[24.794314,42.269],[24.794357,42.269269],[24.794555,42.269238]]]},"properties":{"cadnum":"21169.9.68","purptype":"Земеделска","usetype":"Ниско застрояване (до 10 m)","proptype":"Общинска частна","quarter":"51","immaddr":"с. Динк, ул. Неизвестна","place":"СЕЛСКАТА ГРАДИНА","area":500.04866800386,"cadreg":9,"pnum":"68"}},{"type":"Feature","geometry":{"type":"Polygon","coordinates":[[[24.794357,42.269269],[24.794314,42.269],[24.794116,42.26903],[24.79416,42.269299],[24.794357,42.269269]]]},"properties":{"cadnum":"21169.9.69","purptype":"Урбанизирана","usetype":"Ниско застрояване (до 10 m)","proptype":"Общинска частна","quarter":"51","immaddr":"с. Динк, ул. Неизвестна","place":"СЕЛСКАТА ГРАДИНА","area":499.97496900477,"cadreg":9,"pnum":"69"}},{"type":"Feature","geometry":{"type":"Polygon","coordinates":[[[24.79416,42.269299],[24.794116,42.26903],[24.793918,42.26906],[24.793962,42.269329],[24.79416,42.269299]]]},"properties":{"cadnum":"21169.9.70","purptype":"Урбанизирана","usetype":"Ниско застрояване (до 10 m)","proptype":"Общинска частна","quarter":"51","immaddr":"с. Динк, ул. Неизвестна","place":"СЕЛСКАТА ГРАДИНА","area":499.98199700566,"cadreg":9,"pnum":"70"}},{"type":"Feature","geometry":{"type":"Polygon","coordinates":[[[24.793962,42.269329],[24.793918,42.26906],[24.79372,42.269091],[24.793764,42.26936],[24.793962,42.269329]]]},"properties":{"cadnum":"21169.9.71","purptype":"Урбанизирана","usetype":"Ниско застрояване (до 10 m)","proptype":"Общинска частна","quarter":"51","immaddr":"с. Динк, ул. Неизвестна","place":"СЕЛСКАТА ГРАДИНА","area":499.97463400518,"cadreg":9,"pnum":"71"}},{"type":"Feature","geometry":{"type":"Polygon","coordinates":[[[24.793745,42.269246],[24.79372,42.269091],[24.793557,42.269116],[24.793502,42.269152],[24.793443,42.269292],[24.793745,42.269246]]]},"properties":{"cadnum":"21169.9.72","purptype":"Урбанизирана","usetype":"Ниско застрояване (до 10 m)","proptype":"Частна","quarter":"51","immaddr":"с. Динк, ул. Неизвестна","place":"СЕЛСКАТА ГРАДИНА","area":363.64355550676,"cadreg":9,"pnum":"72"}},{"type":"Feature","geometry":{"type":"Polygon","coordinates":[[[24.793764,42.26936],[24.793745,42.269246],[24.793443,42.269292],[24.793389,42.269418],[24.793764,42.26936]]]},"properties":{"cadnum":"21169.9.73","purptype":"Урбанизирана","usetype":"Ниско застрояване (до 10 m)","proptype":"Частна","quarter":"51","immaddr":"с. Динк","place":"СЕЛСКАТА ГРАДИНА","area":363.77429799527,"cadreg":9,"pnum":"73"}},{"type":"Feature","geometry":{"type":"Polygon","coordinates":[[[24.793878,42.268975],[24.793835,42.26871],[24.793681,42.268734],[24.793582,42.268966],[24.793638,42.269012],[24.793878,42.268975]]]},"properties":{"cadnum":"21169.9.74","purptype":"Урбанизирана","usetype":"Ниско застрояване (до 10 m)","proptype":"Общинска частна","quarter":"52","immaddr":"с. Динк, ул. Неизвестна","place":"СЕЛСКАТА ГРАДИНА","area":568.02653599337,"cadreg":9,"pnum":"74"}},{"type":"Feature","geometry":{"type":"Polygon","coordinates":[[[24.794079,42.268944],[24.794036,42.268679],[24.793835,42.26871],[24.793878,42.268975],[24.794079,42.268944]]]},"properties":{"cadnum":"21169.9.75","purptype":"Урбанизирана","usetype":"Ниско застрояване (до 10 m)","proptype":"Общинска частна","quarter":"52","immaddr":"с. Динк, ул. Неизвестна","place":"СЕЛСКАТА ГРАДИНА","area":499.97397099076,"cadreg":9,"pnum":"75"}},{"type":"Feature","geometry":{"type":"Polygon","coordinates":[[[24.794281,42.268913],[24.794238,42.268648],[24.794036,42.268679],[24.794079,42.268944],[24.794281,42.268913]]]},"properties":{"cadnum":"21169.9.76","purptype":"Урбанизирана","usetype":"Ниско застрояване (до 10 m)","proptype":"Частна","quarter":"52","immaddr":"с. Динк","place":"СЕЛСКАТА ГРАДИНА","area":499.97397099151,"cadreg":9,"pnum":"76"}},{"type":"Feature","geometry":{"type":"Polygon","coordinates":[[[24.794482,42.268882],[24.794439,42.268618],[24.794238,42.268648],[24.794281,42.268913],[24.794482,42.268882]]]},"properties":{"cadnum":"21169.9.77","purptype":"Урбанизирана","usetype":"Ниско застрояване (до 10 m)","proptype":"Общинска частна","quarter":"52","immaddr":"с. Динк, ул. Неизвестна","place":"СЕЛСКАТА ГРАДИНА","area":499.99323149167,"cadreg":9,"pnum":"77"}},{"type":"Feature","geometry":{"type":"Polygon","coordinates":[[[24.794684,42.268851],[24.79464,42.268587],[24.794439,42.268618],[24.794482,42.268882],[24.794684,42.268851]]]},"properties":{"cadnum":"21169.9.78","purptype":"Урбанизирана","usetype":"Ниско застрояване (до 10 m)","proptype":"Общинска частна","quarter":"52","immaddr":"с. Динк, ул. Неизвестна","place":"СЕЛСКАТА ГРАДИНА","area":499.98036300131,"cadreg":9,"pnum":"78"}},{"type":"Feature","geometry":{"type":"Polygon","coordinates":[[[24.794885,42.26882],[24.794842,42.268556],[24.79464,42.268587],[24.794684,42.268851],[24.794885,42.26882]]]},"properties":{"cadnum":"21169.9.79","purptype":"Урбанизирана","usetype":"Ниско застрояване (до 10 m)","proptype":"Общинска частна","quarter":"52","immaddr":"с. Динк, ул. Неизвестна","place":"СЕЛСКАТА ГРАДИНА","area":499.97397100696,"cadreg":9,"pnum":"79"}},{"type":"Feature","geometry":{"type":"Polygon","coordinates":[[[24.795087,42.268789],[24.795043,42.268525],[24.794842,42.268556],[24.794885,42.26882],[24.795087,42.268789]]]},"properties":{"cadnum":"21169.9.80","purptype":"Урбанизирана","usetype":"Ниско застрояване (до 10 m)","proptype":"Общинска частна","quarter":"52","immaddr":"с. Динк, ул. Неизвестна","place":"СЕЛСКАТА ГРАДИНА","area":500.0454690062,"cadreg":9,"pnum":"80"}},{"type":"Feature","geometry":{"type":"Polygon","coordinates":[[[24.795087,42.268789],[24.795253,42.268763],[24.795284,42.268731],[24.795245,42.268494],[24.795043,42.268525],[24.795087,42.268789]]]},"properties":{"cadnum":"21169.9.81","purptype":"Урбанизирана","usetype":"Ниско застрояване (до 10 m)","proptype":"Общинска частна","quarter":"52","immaddr":"с. Динк","place":"СЕЛСКАТА ГРАДИНА","area":495.71550950387,"cadreg":9,"pnum":"81"}},{"type":"Feature","geometry":{"type":"Polygon","coordinates":[[[24.795206,42.268254],[24.79517,42.268235],[24.795001,42.268263],[24.795043,42.268525],[24.795245,42.268494],[24.795206,42.268254]]]},"properties":{"cadnum":"21169.9.82","purptype":"Урбанизирана","usetype":"Ниско застрояване (до 10 m)","proptype":"Общинска частна","quarter":"52","immaddr":"с. Динк","place":"СЕЛСКАТА ГРАДИНА","area":493.93548599831,"cadreg":9,"pnum":"82"}},{"type":"Feature","geometry":{"type":"Polygon","coordinates":[[[24.795043,42.268525],[24.795001,42.268263],[24.7948,42.268296],[24.794842,42.268556],[24.795043,42.268525]]]},"properties":{"cadnum":"21169.9.83","purptype":"Урбанизирана","usetype":"Ниско застрояване (до 10 m)","proptype":"Частна","quarter":"52","immaddr":"с. Динк","place":"СЕЛСКАТА ГРАДИНА","area":493.0349974941,"cadreg":9,"pnum":"83"}},{"type":"Feature","geometry":{"type":"Polygon","coordinates":[[[24.794842,42.268556],[24.7948,42.268296],[24.794598,42.26833],[24.79464,42.268587],[24.794842,42.268556]]]},"properties":{"cadnum":"21169.9.84","purptype":"Урбанизирана","usetype":"Ниско застрояване (до 10 m)","proptype":"Частна","quarter":"52","immaddr":"с. Динк","place":"СЕЛСКАТА ГРАДИНА","area":488.43767399055,"cadreg":9,"pnum":"84"}},{"type":"Feature","geometry":{"type":"Polygon","coordinates":[[[24.79464,42.268587],[24.794598,42.26833],[24.794397,42.268363],[24.794439,42.268618],[24.79464,42.268587]]]},"properties":{"cadnum":"21169.9.85","purptype":"Урбанизирана","usetype":"Ниско застрояване (до 10 m)","proptype":"Частна","quarter":"52","immaddr":"с. Динк","place":"СЕЛСКАТА ГРАДИНА","area":483.90073699567,"cadreg":9,"pnum":"85"}},{"type":"Feature","geometry":{"type":"Polygon","coordinates":[[[24.794439,42.268618],[24.794397,42.268363],[24.794196,42.268396],[24.794238,42.268648],[24.794439,42.268618]]]},"properties":{"cadnum":"21169.9.86","purptype":"Урбанизирана","usetype":"Ниско застрояване (до 10 m)","proptype":"Частна","quarter":"52","immaddr":"с. Динк","place":"СЕЛСКАТА ГРАДИНА","area":479.36819700278,"cadreg":9,"pnum":"86"}},{"type":"Feature","geometry":{"type":"Polygon","coordinates":[[[24.794238,42.268648],[24.794196,42.268396],[24.793995,42.26843],[24.794036,42.268679],[24.794238,42.268648]]]},"properties":{"cadnum":"21169.9.87","purptype":"Урбанизирана","usetype":"Ниско застрояване (до 10 m)","proptype":"Частна","quarter":"52","immaddr":"с. Динк","place":"СЕЛСКАТА ГРАДИНА","area":474.85561400118,"cadreg":9,"pnum":"87"}},{"type":"Feature","geometry":{"type":"Polygon","coordinates":[[[24.794036,42.268679],[24.793995,42.26843],[24.793833,42.268457],[24.793786,42.268488],[24.793681,42.268734],[24.794036,42.268679]]]},"properties":{"cadnum":"21169.9.88","purptype":"Урбанизирана","usetype":"Ниско застрояване (до 10 m)","proptype":"Частна","quarter":"52","immaddr":"с. Динк","place":"СЕЛСКАТА ГРАДИНА","area":641.02283899293,"cadreg":9,"pnum":"88"}},{"type":"Feature","geometry":{"type":"Polygon","coordinates":[[[24.795356,42.269391],[24.793382,42.269694],[24.7933,42.269627],[24.793502,42.269152],[24.793557,42.269116],[24.79527,42.268852],[24.795307,42.268872],[24.795284,42.268731],[24.795253,42.268763],[24.793638,42.269012],[24.793582,42.268966],[24.793786,42.268488],[24.793833,42.268457],[24.79517,42.268235],[24.795206,42.268254],[24.795186,42.268131],[24.79368,42.268381],[24.793079,42.269786],[24.795052,42.269473],[24.795397,42.269425],[24.795386,42.269359],[24.795356,42.269391]]]},"properties":{"cadnum":"21169.9.89","purptype":"Урбанизирана","usetype":"За второстепенна улица","proptype":"Общинска публична","quarter":"51,52","immaddr":"с. Динк, ул. \"ЯГОДА\"","place":"СЕЛСКАТА ГРАДИНА","area":5585.3160969795,"cadreg":9,"pnum":"89"}},{"type":"Feature","geometry":{"type":"Polygon","coordinates":[[[24.794204,42.269568],[24.794191,42.269489],[24.794143,42.269494],[24.794156,42.269575],[24.794204,42.269568]]]},"properties":{"cadnum":"21169.9.91","purptype":"Урбанизирана","usetype":"За второстепенна улица","proptype":"Общинска частна","quarter":"51","immaddr":"с. Динк","place":"СЕЛСКАТА ГРАДИНА","area":35.983512500449,"cadreg":9,"pnum":"91"}},{"type":"Feature","geometry":{"type":"Polygon","coordinates":[[[24.794143,42.269494],[24.794191,42.269489],[24.794204,42.269568],[24.794401,42.269538],[24.794357,42.269269],[24.793962,42.269329],[24.794006,42.269599],[24.794156,42.269575],[24.794143,42.269494]]]},"properties":{"cadnum":"21169.9.92","purptype":"Урбанизирана","usetype":"Ниско застрояване (до 10 m)","proptype":"Частна","immaddr":"с. Динк","area":963.80953899932,"cadreg":9,"pnum":"92"}},{"type":"Feature","geometry":{"type":"Polygon","coordinates":[[[24.78786,42.264951],[24.791538,42.264102],[24.791646,42.26406],[24.791736,42.264013],[24.793719,42.262609],[24.793743,42.262604],[24.793817,42.262483],[24.792881,42.263136],[24.792378,42.263263],[24.79168,42.263243],[24.791718,42.262598],[24.79033,42.262636],[24.789383,42.262686],[24.787919,42.262722],[24.787916,42.263458],[24.787804,42.263474],[24.787813,42.264988],[24.78786,42.264951]]]},"properties":{"cadnum":"21169.10.1","purptype":"Земеделска","usetype":"Пасище","proptype":"Общинска публична","immaddr":"с. Динк","place":"ДОНЧОВО КЕЛЕМЕ","area":69949.047178183,"cadreg":10,"pnum":"1"}},{"type":"Feature","geometry":{"type":"Polygon","coordinates":[[[24.789459,42.262682],[24.791074,42.262596],[24.791048,42.2618],[24.789983,42.261819],[24.789459,42.262682]]]},"properties":{"cadnum":"21169.10.3","purptype":"Земеделска","usetype":"Нива","proptype":"Частна","immaddr":"с. Динк","place":"ДОНЧОВО КЕЛЕМЕ","area":10071.711519481,"cadreg":10,"pnum":"3"}},{"type":"Feature","geometry":{"type":"Polygon","coordinates":[[[24.795966,42.262351],[24.795489,42.261419],[24.794909,42.26143],[24.79539,42.262368],[24.795966,42.262351]]]},"properties":{"cadnum":"21169.10.6","purptype":"Земеделска","usetype":"Нива","proptype":"Частна","immaddr":"с. Динк","place":"ПАМУЦИТЕ","area":5015.5063044884,"cadreg":10,"pnum":"6"}},{"type":"Feature","geometry":{"type":"Polygon","coordinates":[[[24.795966,42.262351],[24.796545,42.262337],[24.796068,42.261407],[24.795489,42.261419],[24.795966,42.262351]]]},"properties":{"cadnum":"21169.10.7","purptype":"Земеделска","usetype":"Овощна градина","proptype":"Частна","immaddr":"с. Динк","place":"ПАМУЦИТЕ","area":4998.2617300129,"cadreg":10,"pnum":"7"}},{"type":"Feature","geometry":{"type":"Polygon","coordinates":[[[24.797948,42.262308],[24.797473,42.261378],[24.796068,42.261407],[24.796545,42.262337],[24.797948,42.262308]]]},"properties":{"cadnum":"21169.10.8","purptype":"Земеделска","usetype":"Овощна градина","proptype":"Частна","immaddr":"с. Динк","place":"ПАМУЦИТЕ","area":12105.856962044,"cadreg":10,"pnum":"8"}},{"type":"Feature","geometry":{"type":"Polygon","coordinates":[[[24.800118,42.262257],[24.799646,42.261333],[24.797473,42.261378],[24.797948,42.262308],[24.800118,42.262257]]]},"properties":{"cadnum":"21169.10.9","purptype":"Земеделска","usetype":"Овощна градина","proptype":"Частна","immaddr":"с. Динк","place":"ПАМУЦИТЕ","area":18695.305221041,"cadreg":10,"pnum":"9"}},{"type":"Feature","geometry":{"type":"Polygon","coordinates":[[[24.800467,42.261315],[24.800213,42.260392],[24.799494,42.260407],[24.799964,42.261326],[24.800467,42.261315]]]},"properties":{"cadnum":"21169.10.11","purptype":"Земеделска","usetype":"Овощна градина","proptype":"Частна","immaddr":"с. Динк","place":"ПАМУЦИТЕ","area":5201.0909260173,"cadreg":10,"pnum":"11"}},{"type":"Feature","geometry":{"type":"Polygon","coordinates":[[[24.799964,42.261326],[24.799494,42.260407],[24.798906,42.26042],[24.799377,42.261338],[24.799964,42.261326]]]},"properties":{"cadnum":"21169.10.12","purptype":"Земеделска","usetype":"Овощна градина","proptype":"Частна","immaddr":"с. Динк","place":"ПАМУЦИТЕ","area":4998.005743473,"cadreg":10,"pnum":"12"}},{"type":"Feature","geometry":{"type":"Polygon","coordinates":[[[24.798906,42.26042],[24.797731,42.260444],[24.798201,42.261363],[24.799377,42.261338],[24.798906,42.26042]]]},"properties":{"cadnum":"21169.10.13","purptype":"Земеделска","usetype":"Овощна градина","proptype":"Частна","immaddr":"с. Динк","place":"ПАМУЦИТЕ","area":9998.2988269696,"cadreg":10,"pnum":"13"}},{"type":"Feature","geometry":{"type":"Polygon","coordinates":[[[24.796156,42.260477],[24.796626,42.261395],[24.798201,42.261363],[24.797731,42.260444],[24.796156,42.260477]]]},"properties":{"cadnum":"21169.10.14","purptype":"Земеделска","usetype":"Овощна градина","proptype":"Частна","immaddr":"с. Динк","place":"ПАМУЦИТЕ","area":13397.536957941,"cadreg":10,"pnum":"14"}},{"type":"Feature","geometry":{"type":"Polygon","coordinates":[[[24.79444,42.260512],[24.794909,42.26143],[24.796626,42.261395],[24.796156,42.260477],[24.79444,42.260512]]]},"properties":{"cadnum":"21169.10.15","purptype":"Земеделска","usetype":"Овощна градина","proptype":"Частна","immaddr":"с. Динк","place":"ПАМУЦИТЕ","area":14602.473017952,"cadreg":10,"pnum":"15"}},{"type":"Feature","geometry":{"type":"Polygon","coordinates":[[[24.795049,42.261805],[24.794826,42.261369],[24.792447,42.261411],[24.792462,42.261851],[24.795049,42.261805]]]},"properties":{"cadnum":"21169.10.16","purptype":"Земеделска","usetype":"Нива","proptype":"Частна","immaddr":"с. Динк","place":"ДОНЧОВО КЕЛЕМЕ","area":9997.3868724833,"cadreg":10,"pnum":"16"}},{"type":"Feature","geometry":{"type":"Polygon","coordinates":[[[24.794826,42.261369],[24.794583,42.260894],[24.792432,42.260932],[24.792447,42.261411],[24.794826,42.261369]]]},"properties":{"cadnum":"21169.10.17","purptype":"Земеделска","usetype":"Нива","proptype":"Частна","immaddr":"с. Динк","place":"ДОНЧОВО КЕЛЕМЕ","area":9957.0377910067,"cadreg":10,"pnum":"17"}},{"type":"Feature","geometry":{"type":"Polygon","coordinates":[[[24.792436,42.261044],[24.792414,42.26038],[24.79084,42.260408],[24.790432,42.26108],[24.792436,42.261044]]]},"properties":{"cadnum":"21169.10.19","purptype":"Земеделска","usetype":"Нива","proptype":"Частна","immaddr":"с. Динк","place":"ДОНЧОВО КЕЛЕМЕ","area":10898.056348014,"cadreg":10,"pnum":"19"}},{"type":"Feature","geometry":{"type":"Polygon","coordinates":[[[24.792414,42.26038],[24.792395,42.259762],[24.791219,42.259783],[24.79084,42.260408],[24.792414,42.26038]]]},"properties":{"cadnum":"21169.10.20","purptype":"Земеделска","usetype":"Нива","proptype":"Частна","immaddr":"с. Динк","place":"ДОНЧОВО КЕЛЕМЕ","area":7790.2520845145,"cadreg":10,"pnum":"20"}},{"type":"Feature","geometry":{"type":"Polygon","coordinates":[[[24.796758,42.259321],[24.795365,42.25935],[24.795917,42.260427],[24.797309,42.260399],[24.796758,42.259321]]]},"properties":{"cadnum":"21169.10.23","purptype":"Земеделска","usetype":"Нива","proptype":"Частна","immaddr":"с. Динк","place":"ПАМУЦИТЕ","area":13899.477241484,"cadreg":10,"pnum":"23"}},{"type":"Feature","geometry":{"type":"Polygon","coordinates":[[[24.797309,42.260399],[24.798311,42.260378],[24.79776,42.2593],[24.796758,42.259321],[24.797309,42.260399]]]},"properties":{"cadnum":"21169.10.24","purptype":"Земеделска","usetype":"Овощна градина","proptype":"Частна","immaddr":"с. Динк","place":"ПАМУЦИТЕ","area":10000.357800997,"cadreg":10,"pnum":"24"}},{"type":"Feature","geometry":{"type":"Polygon","coordinates":[[[24.798266,42.25929],[24.79776,42.2593],[24.798311,42.260378],[24.798818,42.260367],[24.798266,42.25929]]]},"properties":{"cadnum":"21169.10.25","purptype":"Земеделска","usetype":"Овощна градина","proptype":"Частна","immaddr":"с. Динк","place":"ПАМУЦИТЕ","area":5049.8351499909,"cadreg":10,"pnum":"25"}},{"type":"Feature","geometry":{"type":"Polygon","coordinates":[[[24.799324,42.260357],[24.798772,42.259279],[24.798266,42.25929],[24.798818,42.260367],[24.799324,42.260357]]]},"properties":{"cadnum":"21169.10.26","purptype":"Земеделска","usetype":"Овощна градина","proptype":"Частна","immaddr":"с. Динк","place":"ПАМУЦИТЕ","area":5048.9199495054,"cadreg":10,"pnum":"26"}},{"type":"Feature","geometry":{"type":"Polygon","coordinates":[[[24.799324,42.260357],[24.800198,42.260339],[24.799901,42.259256],[24.798772,42.259279],[24.799324,42.260357]]]},"properties":{"cadnum":"21169.10.27","purptype":"Земеделска","usetype":"Нива","proptype":"Частна","immaddr":"с. Динк","place":"ПАМУЦИТЕ","area":9999.5938765374,"cadreg":10,"pnum":"27"}},{"type":"Feature","geometry":{"type":"Polygon","coordinates":[[[24.79776,42.256924],[24.798259,42.257901],[24.799521,42.257874],[24.799149,42.256522],[24.79776,42.256924]]]},"properties":{"cadnum":"21169.10.29","purptype":"Земеделска","usetype":"Нива","proptype":"Частна","immaddr":"с. Динк","place":"ПАМУЦИТЕ","area":15002.692672056,"cadreg":10,"pnum":"29"}},{"type":"Feature","geometry":{"type":"Polygon","coordinates":[[[24.796244,42.257363],[24.795515,42.257574],[24.796412,42.259328],[24.797241,42.259311],[24.796244,42.257363]]]},"properties":{"cadnum":"21169.10.32","purptype":"Земеделска","usetype":"Овощна градина","proptype":"Частна","immaddr":"с. Динк","place":"ПАМУЦИТЕ","area":14200.95357248,"cadreg":10,"pnum":"32"}},{"type":"Feature","geometry":{"type":"Polygon","coordinates":[[[24.795515,42.257574],[24.794948,42.257735],[24.79577,42.259342],[24.796412,42.259328],[24.795515,42.257574]]]},"properties":{"cadnum":"21169.10.33","purptype":"Земеделска","usetype":"Овощна градина","proptype":"Частна","immaddr":"с. Динк","place":"ПАМУЦИТЕ","area":9987.1564145296,"cadreg":10,"pnum":"33"}},{"type":"Feature","geometry":{"type":"Polygon","coordinates":[[[24.796417,42.262394],[24.800738,42.2623],[24.800723,42.262246],[24.796545,42.262337],[24.79539,42.262368],[24.79444,42.260512],[24.800213,42.260392],[24.800198,42.260339],[24.794412,42.260459],[24.793268,42.258222],[24.793222,42.258235],[24.795347,42.262387],[24.793841,42.262414],[24.791713,42.262562],[24.79033,42.262636],[24.791718,42.262598],[24.793846,42.26245],[24.795417,42.262422],[24.796417,42.262394]]]},"properties":{"cadnum":"21169.10.37","purptype":"Земеделска","usetype":"За селскостопански, горски, ведомствен път","proptype":"Общинска публична","immaddr":"с. Динк","place":"ПАМУЦИТЕ","area":8919.0843500427,"cadreg":10,"pnum":"37"}},{"type":"Feature","geometry":{"type":"Polygon","coordinates":[[[24.79206,42.258398],[24.792388,42.258476],[24.799149,42.256522],[24.799132,42.256478],[24.795694,42.257463],[24.795417,42.257551],[24.792385,42.258426],[24.792185,42.258376],[24.792033,42.258354],[24.789419,42.262661],[24.789383,42.262686],[24.789459,42.262682],[24.79206,42.258398]]]},"properties":{"cadnum":"21169.10.38","purptype":"Земеделска","usetype":"За селскостопански, горски, ведомствен път","proptype":"Общинска публична","immaddr":"с. Динк","place":"ДОНЧОВО КЕЛЕМЕ","area":5473.1068150345,"cadreg":10,"pnum":"38"}},{"type":"Feature","geometry":{"type":"Polygon","coordinates":[[[24.801233,42.263342],[24.800924,42.26235],[24.800949,42.262235],[24.799525,42.257065],[24.799051,42.255397],[24.798843,42.255454],[24.799149,42.256522],[24.801011,42.263279],[24.801039,42.263512],[24.801028,42.26362],[24.800985,42.263828],[24.800934,42.26393],[24.801037,42.263986],[24.80107,42.263986],[24.801181,42.26375],[24.801239,42.263418],[24.801233,42.263342]]]},"properties":{"cadnum":"21169.10.39","purptype":"Територия на транспорта","usetype":"За местен път","proptype":"Общинска публична","immaddr":"с. Динк","place":"ПАМУЦИТЕ","area":17272.623670019,"cadreg":10,"pnum":"39"}},{"type":"Feature","geometry":{"type":"Polygon","coordinates":[[[24.798493,42.259285],[24.797346,42.257044],[24.796911,42.25717],[24.797999,42.259295],[24.798493,42.259285]]]},"properties":{"cadnum":"21169.10.40","purptype":"Земеделска","usetype":"Овощна градина","proptype":"Частна","immaddr":"с. Динк","place":"ПАМУЦИТЕ","area":9994.3816454681,"cadreg":10,"pnum":"40"}},{"type":"Feature","geometry":{"type":"Polygon","coordinates":[[[24.798963,42.259275],[24.798347,42.258072],[24.797934,42.258192],[24.798493,42.259285],[24.798963,42.259275]]]},"properties":{"cadnum":"21169.10.41","purptype":"Земеделска","usetype":"Овощна градина","proptype":"Частна","immaddr":"с. Динк","place":"ПАМУЦИТЕ","area":4998.2457134923,"cadreg":10,"pnum":"41"}},{"type":"Feature","geometry":{"type":"Polygon","coordinates":[[[24.798347,42.258072],[24.79776,42.256924],[24.797346,42.257044],[24.797934,42.258192],[24.798347,42.258072]]]},"properties":{"cadnum":"21169.10.42","purptype":"Земеделска","usetype":"Овощна градина","proptype":"Частна","immaddr":"с. Динк","place":"ПАМУЦИТЕ","area":4996.9263340096,"cadreg":10,"pnum":"42"}},{"type":"Feature","geometry":{"type":"Polygon","coordinates":[[[24.797694,42.2587],[24.797024,42.258889],[24.797241,42.259311],[24.797999,42.259295],[24.797694,42.2587]]]},"properties":{"cadnum":"21169.10.43","purptype":"Земеделска","usetype":"Овощна градина","proptype":"Частна","immaddr":"с. Динк","place":"ПАМУЦИТЕ","area":3576.0061165024,"cadreg":10,"pnum":"43"}},{"type":"Feature","geometry":{"type":"Polygon","coordinates":[[[24.797024,42.258889],[24.797694,42.2587],[24.797433,42.25819],[24.796764,42.258379],[24.797024,42.258889]]]},"properties":{"cadnum":"21169.10.44","purptype":"Земеделска","usetype":"Овощна градина","proptype":"Частна","immaddr":"с. Динк","place":"ПАМУЦИТЕ","area":3575.6860640084,"cadreg":10,"pnum":"44"}},{"type":"Feature","geometry":{"type":"Polygon","coordinates":[[[24.796764,42.258379],[24.797099,42.258285],[24.796578,42.257266],[24.796244,42.257363],[24.796764,42.258379]]]},"properties":{"cadnum":"21169.10.45","purptype":"Земеделска","usetype":"Овощна градина","proptype":"Частна","immaddr":"с. Динк","place":"ПАМУЦИТЕ","area":3576.2127435138,"cadreg":10,"pnum":"45"}},{"type":"Feature","geometry":{"type":"Polygon","coordinates":[[[24.796911,42.25717],[24.796578,42.257266],[24.797099,42.258285],[24.797433,42.25819],[24.796911,42.25717]]]},"properties":{"cadnum":"21169.10.46","purptype":"Земеделска","usetype":"Овощна градина","proptype":"Частна","immaddr":"с. Динк","place":"ПАМУЦИТЕ","area":3576.638463998,"cadreg":10,"pnum":"46"}},{"type":"Feature","geometry":{"type":"Polygon","coordinates":[[[24.792378,42.263263],[24.792486,42.263236],[24.792526,42.262542],[24.791718,42.262598],[24.79168,42.263243],[24.792378,42.263263]]]},"properties":{"cadnum":"21169.10.47","purptype":"Земеделска","usetype":"Нива","proptype":"Частна","immaddr":"с. Динк","place":"ДОНЧОВО КЕЛЕМЕ","area":5038.0093765158,"cadreg":10,"pnum":"47"}},{"type":"Feature","geometry":{"type":"Polygon","coordinates":[[[24.793846,42.26245],[24.792526,42.262542],[24.792486,42.263236],[24.792881,42.263136],[24.793817,42.262483],[24.793846,42.26245]]]},"properties":{"cadnum":"21169.10.48","purptype":"Земеделска","usetype":"Нива","proptype":"Частна","immaddr":"с. Динк","place":"ДОНЧОВО КЕЛЕМЕ","area":5039.0103549618,"cadreg":10,"pnum":"48"}},{"type":"Feature","geometry":{"type":"Polygon","coordinates":[[[24.794914,42.260448],[24.794362,42.259371],[24.79386,42.259381],[24.794412,42.260459],[24.794914,42.260448]]]},"properties":{"cadnum":"21169.10.49","purptype":"Земеделска","usetype":"Овощна градина","proptype":"Частна","immaddr":"с. Динк","place":"ПАМУЦИТЕ","area":5005.6171934897,"cadreg":10,"pnum":"49"}},{"type":"Feature","geometry":{"type":"Polygon","coordinates":[[[24.795415,42.260438],[24.794864,42.25936],[24.794362,42.259371],[24.794914,42.260448],[24.795415,42.260438]]]},"properties":{"cadnum":"21169.10.50","purptype":"Земеделска","usetype":"Овощна градина","proptype":"Частна","immaddr":"с. Динк","place":"ПАМУЦИТЕ","area":5004.3642740129,"cadreg":10,"pnum":"50"}},{"type":"Feature","geometry":{"type":"Polygon","coordinates":[[[24.795917,42.260427],[24.795365,42.25935],[24.794864,42.25936],[24.795415,42.260438],[24.795917,42.260427]]]},"properties":{"cadnum":"21169.10.51","purptype":"Земеделска","usetype":"Овощна градина","proptype":"Частна","immaddr":"с. Динк","place":"ПАМУЦИТЕ","area":5003.8035794879,"cadreg":10,"pnum":"51"}},{"type":"Feature","geometry":{"type":"Polygon","coordinates":[[[24.793704,42.259177],[24.791564,42.259215],[24.791219,42.259783],[24.793989,42.259734],[24.793704,42.259177]]]},"properties":{"cadnum":"21169.10.52","purptype":"Земеделска","usetype":"Друг вид нива","proptype":"Частна","immaddr":"с. Динк","place":"ДОНЧОВО КЕЛЕМЕ","area":12648.921049004,"cadreg":10,"pnum":"52"}},{"type":"Feature","geometry":{"type":"Polygon","coordinates":[[[24.791564,42.259215],[24.793704,42.259177],[24.793222,42.258235],[24.792388,42.258476],[24.79206,42.258398],[24.791564,42.259215]]]},"properties":{"cadnum":"21169.10.53","purptype":"Земеделска","usetype":"Нива","proptype":"Частна","immaddr":"с. Динк","place":"ДОНЧОВО КЕЛЕМЕ","area":12642.712312938,"cadreg":10,"pnum":"53"}},{"type":"Feature","geometry":{"type":"Polygon","coordinates":[[[24.800629,42.261904],[24.799944,42.261916],[24.800118,42.262257],[24.800723,42.262246],[24.800629,42.261904]]]},"properties":{"cadnum":"21169.10.54","purptype":"Земеделска","usetype":"Овощна градина","proptype":"Частна","immaddr":"с. Динк","place":"ПАМУЦИТЕ","area":2037.0421429945,"cadreg":10,"pnum":"54"}},{"type":"Feature","geometry":{"type":"Polygon","coordinates":[[[24.800629,42.261904],[24.800545,42.261597],[24.799788,42.26161],[24.799944,42.261916],[24.800629,42.261904]]]},"properties":{"cadnum":"21169.10.55","purptype":"Земеделска","usetype":"Овощна градина","proptype":"Частна","immaddr":"с. Динк","place":"ПАМУЦИТЕ","area":2036.3819649894,"cadreg":10,"pnum":"55"}},{"type":"Feature","geometry":{"type":"Polygon","coordinates":[[[24.800545,42.261597],[24.800467,42.261315],[24.799646,42.261333],[24.799788,42.26161],[24.800545,42.261597]]]},"properties":{"cadnum":"21169.10.56","purptype":"Земеделска","usetype":"Овощна градина","proptype":"Частна","immaddr":"с. Динк","place":"ПАМУЦИТЕ","area":2037.7354585094,"cadreg":10,"pnum":"56"}},{"type":"Feature","geometry":{"type":"Polygon","coordinates":[[[24.791463,42.261793],[24.791048,42.2618],[24.791074,42.262596],[24.791488,42.262574],[24.791463,42.261793]]]},"properties":{"cadnum":"21169.10.57","purptype":"Земеделска","usetype":"Нива","proptype":"Частна","immaddr":"с. Динк","place":"ДОНЧОВО КЕЛЕМЕ","area":2999.7360994858,"cadreg":10,"pnum":"57"}},{"type":"Feature","geometry":{"type":"Polygon","coordinates":[[[24.791886,42.261785],[24.791463,42.261793],[24.791488,42.262574],[24.791911,42.262549],[24.791886,42.261785]]]},"properties":{"cadnum":"21169.10.58","purptype":"Земеделска","usetype":"Нива","proptype":"Частна","immaddr":"с. Динк","place":"ДОНЧОВО КЕЛЕМЕ","area":2999.7921439955,"cadreg":10,"pnum":"58"}},{"type":"Feature","geometry":{"type":"Polygon","coordinates":[[[24.792482,42.262509],[24.792459,42.261775],[24.791886,42.261785],[24.791911,42.262549],[24.792482,42.262509]]]},"properties":{"cadnum":"21169.10.59","purptype":"Земеделска","usetype":"Нива","proptype":"Частна","immaddr":"с. Динк","place":"ДОНЧОВО КЕЛЕМЕ","area":3932.3412649847,"cadreg":10,"pnum":"59"}},{"type":"Feature","geometry":{"type":"Polygon","coordinates":[[[24.794583,42.260894],[24.794366,42.260471],[24.792418,42.260505],[24.792432,42.260932],[24.794583,42.260894]]]},"properties":{"cadnum":"21169.10.60","purptype":"Земеделска","usetype":"Нива","proptype":"Частна","immaddr":"с. Динк","place":"ДОНЧОВО КЕЛЕМЕ","area":8021.816076547,"cadreg":10,"pnum":"60"}},{"type":"Feature","geometry":{"type":"Polygon","coordinates":[[[24.794188,42.260122],[24.792407,42.260153],[24.792418,42.260505],[24.794366,42.260471],[24.794188,42.260122]]]},"properties":{"cadnum":"21169.10.61","purptype":"Земеделска","usetype":"Нива","proptype":"Частна","immaddr":"с. Динк","place":"ДОНЧОВО КЕЛЕМЕ","area":6021.871270465,"cadreg":10,"pnum":"61"}},{"type":"Feature","geometry":{"type":"Polygon","coordinates":[[[24.794091,42.259933],[24.792401,42.259963],[24.792407,42.260153],[24.794188,42.260122],[24.794091,42.259933]]]},"properties":{"cadnum":"21169.10.62","purptype":"Земеделска","usetype":"Нива","proptype":"Частна","immaddr":"с. Динк","place":"ДОНЧОВО КЕЛЕМЕ","area":3021.0040085293,"cadreg":10,"pnum":"62"}},{"type":"Feature","geometry":{"type":"Polygon","coordinates":[[[24.793989,42.259734],[24.792395,42.259762],[24.792401,42.259963],[24.794091,42.259933],[24.793989,42.259734]]]},"properties":{"cadnum":"21169.10.63","purptype":"Земеделска","usetype":"Нива","proptype":"Частна","immaddr":"с. Динк","place":"ДОНЧОВО КЕЛЕМЕ","area":3023.567008027,"cadreg":10,"pnum":"63"}},{"type":"Feature","geometry":{"type":"Polygon","coordinates":[[[24.798586,42.258538],[24.798963,42.259275],[24.799901,42.259256],[24.799697,42.258515],[24.798586,42.258538]]]},"properties":{"cadnum":"21169.10.64","purptype":"Земеделска","usetype":"Нива","proptype":"Частна обществени организации","immaddr":"с. Динк, ул. Неизвестна","place":"ПАМУЦИТЕ","area":6999.7282064861,"cadreg":10,"pnum":"64"}},{"type":"Feature","geometry":{"type":"Polygon","coordinates":[[[24.798417,42.258209],[24.798586,42.258538],[24.799697,42.258515],[24.799606,42.258184],[24.798417,42.258209]]]},"properties":{"cadnum":"21169.10.65","purptype":"Земеделска","usetype":"Овощна градина","proptype":"Частна","immaddr":"с. Динк","place":"ПАМУЦИТЕ","area":3499.5567180237,"cadreg":10,"pnum":"65"}},{"type":"Feature","geometry":{"type":"Polygon","coordinates":[[[24.799606,42.258184],[24.799521,42.257874],[24.798259,42.257901],[24.798417,42.258209],[24.799606,42.258184]]]},"properties":{"cadnum":"21169.10.66","purptype":"Земеделска","usetype":"Овощна градина","proptype":"Частна","immaddr":"с. Динк","place":"ПАМУЦИТЕ","area":3499.7125504544,"cadreg":10,"pnum":"66"}},{"type":"Feature","geometry":{"type":"Polygon","coordinates":[[[24.789983,42.261819],[24.792459,42.261775],[24.79245,42.261508],[24.790147,42.261549],[24.789983,42.261819]]]},"properties":{"cadnum":"21169.10.67","purptype":"Земеделска","usetype":"Нива","proptype":"Частна","immaddr":"с. Динк","place":"ДОНЧОВО КЕЛЕМЕ","area":5843.5201920161,"cadreg":10,"pnum":"67"}},{"type":"Feature","geometry":{"type":"Polygon","coordinates":[[[24.790147,42.261549],[24.79245,42.261508],[24.792443,42.261284],[24.790284,42.261323],[24.790147,42.261549]]]},"properties":{"cadnum":"21169.10.68","purptype":"Земеделска","usetype":"Нива","proptype":"Частна","immaddr":"с. Динк","place":"ДОНЧОВО КЕЛЕМЕ","area":4579.6346640518,"cadreg":10,"pnum":"68"}},{"type":"Feature","geometry":{"type":"Polygon","coordinates":[[[24.790432,42.26108],[24.790284,42.261323],[24.792443,42.261284],[24.792436,42.261044],[24.790432,42.26108]]]},"properties":{"cadnum":"21169.10.69","purptype":"Земеделска","usetype":"Нива","proptype":"Частна","immaddr":"с. Динк","place":"ДОНЧОВО КЕЛЕМЕ","area":4580.7652299791,"cadreg":10,"pnum":"69"}},{"type":"Feature","geometry":{"type":"Polygon","coordinates":[[[24.794338,42.257912],[24.795076,42.259356],[24.795432,42.259349],[24.794651,42.257821],[24.794338,42.257912]]]},"properties":{"cadnum":"21169.10.70","purptype":"Земеделска","usetype":"Овощна градина","proptype":"Частна","immaddr":"с. Динк","place":"ПАМУЦИТЕ","area":4900.5221540055,"cadreg":10,"pnum":"70"}},{"type":"Feature","geometry":{"type":"Polygon","coordinates":[[[24.794948,42.257735],[24.794651,42.257821],[24.795432,42.259349],[24.79577,42.259342],[24.794948,42.257735]]]},"properties":{"cadnum":"21169.10.71","purptype":"Земеделска","usetype":"Овощна градина","proptype":"Частна","immaddr":"с. Динк","place":"ПАМУЦИТЕ","area":4903.3700789771,"cadreg":10,"pnum":"71"}},{"type":"Feature","geometry":{"type":"Polygon","coordinates":[[[24.795076,42.259356],[24.794645,42.258512],[24.793429,42.258538],[24.79386,42.259381],[24.795076,42.259356]]]},"properties":{"cadnum":"21169.10.72","purptype":"Земеделска","usetype":"Овощна градина","proptype":"Частна","immaddr":"с. Динк","place":"ПАМУЦИТЕ","area":9499.5029929786,"cadreg":10,"pnum":"72"}},{"type":"Feature","geometry":{"type":"Polygon","coordinates":[[[24.794444,42.25812],[24.793556,42.258139],[24.793268,42.258222],[24.793429,42.258538],[24.794645,42.258512],[24.794444,42.25812]]]},"properties":{"cadnum":"21169.10.74","purptype":"Земеделска","usetype":"Овощна градина","proptype":"Частна","immaddr":"с. Динк","place":"ПАМУЦИТЕ","area":4299.4439430159,"cadreg":10,"pnum":"74"}},{"type":"Feature","geometry":{"type":"Polygon","coordinates":[[[24.794338,42.257912],[24.793556,42.258139],[24.794444,42.25812],[24.794338,42.257912]]]},"properties":{"cadnum":"21169.10.75","purptype":"Земеделска","usetype":"Овощна градина","proptype":"Общинска частна","immaddr":"с. Динк","place":"ПАМУЦИТЕ","area":855.95914601487,"cadreg":10,"pnum":"75"}},{"type":"Feature","geometry":{"type":"Polygon","coordinates":[[[24.793525,42.262436],[24.793506,42.261832],[24.792462,42.261851],[24.792482,42.262509],[24.793525,42.262436]]]},"properties":{"cadnum":"21169.10.78","purptype":"Земеделска","usetype":"Нива","proptype":"Частна","immaddr":"с. Динк","place":"ДОНЧОВО КЕЛЕМЕ","area":6043.6333454904,"cadreg":10,"pnum":"78"}},{"type":"Feature","geometry":{"type":"Polygon","coordinates":[[[24.794085,42.26241],[24.794067,42.261822],[24.793506,42.261832],[24.793525,42.262436],[24.793841,42.262414],[24.794085,42.26241]]]},"properties":{"cadnum":"21169.10.79","purptype":"Земеделска","usetype":"Нива","proptype":"Частна","immaddr":"с. Динк","place":"ДОНЧОВО КЕЛЕМЕ","area":3043.6829944862,"cadreg":10,"pnum":"79"}},{"type":"Feature","geometry":{"type":"Polygon","coordinates":[[[24.795347,42.262387],[24.795049,42.261805],[24.794067,42.261822],[24.794085,42.26241],[24.795347,42.262387]]]},"properties":{"cadnum":"21169.10.80","purptype":"Земеделска","usetype":"Нива","proptype":"Частна","immaddr":"с. Динк","place":"ДОНЧОВО КЕЛЕМЕ","area":6043.6524794667,"cadreg":10,"pnum":"80"}},{"type":"Feature","geometry":{"type":"Polygon","coordinates":[[[24.806013,42.269609],[24.805816,42.268889],[24.805296,42.269006],[24.805283,42.268981],[24.805228,42.268997],[24.805521,42.269639],[24.805565,42.26968],[24.805541,42.269685],[24.80555,42.269704],[24.806013,42.269609]]]},"properties":{"cadnum":"21169.11.1","purptype":"Земеделска","usetype":"Нива","proptype":"Частна","immaddr":"с. Динк","place":"КРАЙ СЕЛОТО","area":3619.7792749962,"cadreg":11,"pnum":"1"}},{"type":"Feature","geometry":{"type":"Polygon","coordinates":[[[24.806346,42.268762],[24.805816,42.268889],[24.806013,42.269609],[24.806099,42.269591],[24.806567,42.269385],[24.806346,42.268762]]]},"properties":{"cadnum":"21169.11.2","purptype":"Земеделска","usetype":"Нива","proptype":"Частна","immaddr":"с. Динк","place":"КРАЙ СЕЛОТО","area":3715.9953180103,"cadreg":11,"pnum":"2"}},{"type":"Feature","geometry":{"type":"Polygon","coordinates":[[[24.805028,42.268627],[24.805184,42.268898],[24.806291,42.268609],[24.806146,42.268199],[24.804988,42.268501],[24.805003,42.268532],[24.805014,42.268528],[24.805066,42.268615],[24.805028,42.268627]]]},"properties":{"cadnum":"21169.11.3","purptype":"Земеделска","usetype":"Нива","proptype":"Частна","immaddr":"с. Динк","place":"КРАЙ СЕЛОТО","area":4664.2490329887,"cadreg":11,"pnum":"3"}},{"type":"Feature","geometry":{"type":"Polygon","coordinates":[[[24.804632,42.268656],[24.805003,42.268532],[24.804801,42.268093],[24.804762,42.268103],[24.804758,42.268094],[24.804402,42.268179],[24.804632,42.268656]]]},"properties":{"cadnum":"21169.11.4","purptype":"Земеделска","usetype":"Нива","proptype":"Частна","immaddr":"с. Динк","place":"КРАЙ СЕЛОТО","area":1833.8302099973,"cadreg":11,"pnum":"4"}},{"type":"Feature","geometry":{"type":"Polygon","coordinates":[[[24.805995,42.267775],[24.804801,42.268093],[24.804988,42.268501],[24.806146,42.268199],[24.805995,42.267775]]]},"properties":{"cadnum":"21169.11.5","purptype":"Земеделска","usetype":"Нива","proptype":"Частна","immaddr":"с. Динк","place":"КРАЙ СЕЛОТО","area":4976.5484145298,"cadreg":11,"pnum":"5"}},{"type":"Feature","geometry":{"type":"Polygon","coordinates":[[[24.804634,42.267226],[24.804356,42.267334],[24.804473,42.26748],[24.804762,42.268103],[24.804989,42.268038],[24.804794,42.267572],[24.804634,42.267226]]]},"properties":{"cadnum":"21169.11.6","purptype":"Земеделска","usetype":"Нива","proptype":"Частна","immaddr":"с. Динк","place":"КРАЙ СЕЛОТО","area":2029.5347230203,"cadreg":11,"pnum":"6"}},{"type":"Feature","geometry":{"type":"Polygon","coordinates":[[[24.805535,42.267897],[24.805367,42.267434],[24.804794,42.267572],[24.804989,42.268038],[24.805535,42.267897]]]},"properties":{"cadnum":"21169.11.7","purptype":"Земеделска","usetype":"Овощна градина","proptype":"Частна","immaddr":"с. Динк","place":"КРАЙ СЕЛОТО","area":2614.194244504,"cadreg":11,"pnum":"7"}},{"type":"Feature","geometry":{"type":"Polygon","coordinates":[[[24.805367,42.267434],[24.805219,42.266998],[24.804634,42.267226],[24.804794,42.267572],[24.805367,42.267434]]]},"properties":{"cadnum":"21169.11.8","purptype":"Земеделска","usetype":"Нива","proptype":"Частна","immaddr":"с. Динк","place":"КРАЙ СЕЛОТО","area":2334.1993100057,"cadreg":11,"pnum":"8"}},{"type":"Feature","geometry":{"type":"Polygon","coordinates":[[[24.805995,42.267775],[24.805643,42.266784],[24.805305,42.266916],[24.805332,42.266954],[24.805219,42.266998],[24.805535,42.267897],[24.805995,42.267775]]]},"properties":{"cadnum":"21169.11.9","purptype":"Земеделска","usetype":"Нива","proptype":"Частна","immaddr":"с. Динк","place":"КРАЙ СЕЛОТО","area":4415.5863054903,"cadreg":11,"pnum":"9"}},{"type":"Feature","geometry":{"type":"Polygon","coordinates":[[[24.804905,42.266238],[24.805151,42.266768],[24.805224,42.26689],[24.805254,42.266878],[24.805238,42.266862],[24.805578,42.266726],[24.805366,42.266134],[24.804905,42.266238]]]},"properties":{"cadnum":"21169.11.10","purptype":"Земеделска","usetype":"Нива","proptype":"Частна","immaddr":"с. Динк","place":"КРАЙ СЕЛОТО","area":2670.4349109896,"cadreg":11,"pnum":"10"}},{"type":"Feature","geometry":{"type":"Polygon","coordinates":[[[24.8048,42.265954],[24.804923,42.266232],[24.805366,42.266134],[24.805264,42.265851],[24.8048,42.265954]]]},"properties":{"cadnum":"21169.11.11","purptype":"Земеделска","usetype":"Нива","proptype":"Частна","immaddr":"с. Динк","place":"КРАЙ СЕЛОТО","area":1269.5095054994,"cadreg":11,"pnum":"11"}},{"type":"Feature","geometry":{"type":"Polygon","coordinates":[[[24.805105,42.265406],[24.80461,42.265514],[24.8048,42.265954],[24.805264,42.265851],[24.805105,42.265406]]]},"properties":{"cadnum":"21169.11.12","purptype":"Земеделска","usetype":"Нива","proptype":"Частна","immaddr":"с. Динк","place":"КРАЙ СЕЛОТО","area":2114.4618225147,"cadreg":11,"pnum":"12"}},{"type":"Feature","geometry":{"type":"Polygon","coordinates":[[[24.804556,42.265397],[24.80461,42.265514],[24.805105,42.265406],[24.805062,42.265285],[24.804556,42.265397]]]},"properties":{"cadnum":"21169.11.13","purptype":"Земеделска","usetype":"Нива","proptype":"Частна","immaddr":"с. Динк","place":"КРАЙ СЕЛОТО","area":593.38910799029,"cadreg":11,"pnum":"13"}},{"type":"Feature","geometry":{"type":"Polygon","coordinates":[[[24.804416,42.265122],[24.804556,42.265397],[24.805062,42.265285],[24.804966,42.265017],[24.804416,42.265122]]]},"properties":{"cadnum":"21169.11.14","purptype":"Земеделска","usetype":"Нива","proptype":"Частна","immaddr":"с. Динк","place":"КРАЙ СЕЛОТО","area":1430.5573119996,"cadreg":11,"pnum":"14"}},{"type":"Feature","geometry":{"type":"Polygon","coordinates":[[[24.804723,42.264335],[24.803724,42.264535],[24.803971,42.265119],[24.804459,42.265002],[24.804445,42.265025],[24.804936,42.264925],[24.804723,42.264335]]]},"properties":{"cadnum":"21169.11.15","purptype":"Земеделска","usetype":"Нива","proptype":"Частна","immaddr":"с. Динк","place":"КРАЙ СЕЛОТО","area":5658.3955785018,"cadreg":11,"pnum":"15"}},{"type":"Feature","geometry":{"type":"Polygon","coordinates":[[[24.802028,42.265518],[24.80278,42.265429],[24.802835,42.265409],[24.802601,42.264978],[24.801902,42.265005],[24.802028,42.265518]]]},"properties":{"cadnum":"21169.11.17","purptype":"Земеделска","usetype":"Нива","proptype":"Частна","immaddr":"с. Динк","place":"КРАЙ СЕЛОТО","area":3417.6388575144,"cadreg":11,"pnum":"17"}},{"type":"Feature","geometry":{"type":"Polygon","coordinates":[[[24.801783,42.264511],[24.801902,42.265005],[24.802601,42.264978],[24.80233,42.264463],[24.801783,42.264511]]]},"properties":{"cadnum":"21169.11.18","purptype":"Земеделска","usetype":"Нива","proptype":"Частна","immaddr":"с. Динк","place":"КРАЙ СЕЛОТО","area":2944.9356899949,"cadreg":11,"pnum":"18"}},{"type":"Feature","geometry":{"type":"Polygon","coordinates":[[[24.803724,42.264535],[24.803502,42.264024],[24.8025,42.264156],[24.80246,42.264431],[24.802636,42.264758],[24.803724,42.264535]]]},"properties":{"cadnum":"21169.11.19","purptype":"Земеделска","usetype":"Нива","proptype":"Частна","immaddr":"с. Динк","place":"КРАЙ СЕЛОТО","area":5907.9224960167,"cadreg":11,"pnum":"19"}},{"type":"Feature","geometry":{"type":"Polygon","coordinates":[[[24.804723,42.264335],[24.804545,42.263839],[24.803502,42.264024],[24.803724,42.264535],[24.804723,42.264335]]]},"properties":{"cadnum":"21169.11.20","purptype":"Земеделска","usetype":"Нива","proptype":"Частна","immaddr":"с. Динк","place":"КРАЙ СЕЛОТО","area":5050.27454101,"cadreg":11,"pnum":"20"}},{"type":"Feature","geometry":{"type":"Polygon","coordinates":[[[24.803626,42.264006],[24.804586,42.263832],[24.803868,42.263369],[24.803575,42.263374],[24.803626,42.264006]]]},"properties":{"cadnum":"21169.11.21","purptype":"Земеделска","usetype":"Нива","proptype":"Частна","immaddr":"с. Динк","place":"КРАЙ СЕЛОТО","area":3469.0279144931,"cadreg":11,"pnum":"21"}},{"type":"Feature","geometry":{"type":"Polygon","coordinates":[[[24.802515,42.264059],[24.8025,42.264156],[24.803626,42.264006],[24.803575,42.263374],[24.802932,42.263393],[24.802515,42.264059]]]},"properties":{"cadnum":"21169.11.22","purptype":"Земеделска","usetype":"Нива","proptype":"Частна","immaddr":"с. Динк","place":"КРАЙ СЕЛОТО","area":5652.5168910077,"cadreg":11,"pnum":"22"}},{"type":"Feature","geometry":{"type":"Polygon","coordinates":[[[24.802932,42.263393],[24.803575,42.263374],[24.803868,42.263369],[24.803205,42.262949],[24.802932,42.263393]]]},"properties":{"cadnum":"21169.11.25","purptype":"Земеделска","usetype":"Нива","proptype":"Частна","immaddr":"с. Динк","place":"КРАЙ СЕЛОТО","area":1858.0164245138,"cadreg":11,"pnum":"25"}},{"type":"Feature","geometry":{"type":"Polygon","coordinates":[[[24.801181,42.26375],[24.801077,42.263964],[24.80107,42.263986],[24.801275,42.263971],[24.801294,42.263978],[24.80128,42.263753],[24.801352,42.263661],[24.801223,42.263544],[24.801181,42.26375]]]},"properties":{"cadnum":"21169.11.26","purptype":"Земеделска","usetype":"Изоставена орна земя","proptype":"Общинска частна","immaddr":"с. Динк","place":"КРАЙ СЕЛОТО","area":526.64484199673,"cadreg":11,"pnum":"26"}},{"type":"Feature","geometry":{"type":"Polygon","coordinates":[[[24.801352,42.263661],[24.801812,42.263071],[24.801149,42.263085],[24.801233,42.263342],[24.801239,42.263418],[24.801223,42.263544],[24.801352,42.263661]]]},"properties":{"cadnum":"21169.11.27","purptype":"Земеделска","usetype":"Нива","proptype":"Частна","immaddr":"с. Динк","place":"КРАЙ СЕЛОТО","area":1888.3306000042,"cadreg":11,"pnum":"27"}},{"type":"Feature","geometry":{"type":"Polygon","coordinates":[[[24.801149,42.263085],[24.801693,42.263075],[24.801713,42.262354],[24.800938,42.262386],[24.801149,42.263085]]]},"properties":{"cadnum":"21169.11.28","purptype":"Земеделска","usetype":"Нива","proptype":"Частна","immaddr":"с. Динк","place":"КРАЙ СЕЛОТО","area":4310.545616509,"cadreg":11,"pnum":"28"}},{"type":"Feature","geometry":{"type":"Polygon","coordinates":[[[24.801693,42.263075],[24.801812,42.263071],[24.801945,42.262907],[24.801969,42.262342],[24.801713,42.262354],[24.801693,42.263075]]]},"properties":{"cadnum":"21169.11.29","purptype":"Земеделска","usetype":"Нива","proptype":"Частна","immaddr":"с. Динк","place":"КРАЙ СЕЛОТО","area":1566.8882665013,"cadreg":11,"pnum":"29"}},{"type":"Feature","geometry":{"type":"Polygon","coordinates":[[[24.802194,42.262337],[24.801969,42.262342],[24.801945,42.262907],[24.802321,42.262426],[24.802194,42.262337]]]},"properties":{"cadnum":"21169.11.30","purptype":"Земеделска","usetype":"Нива","proptype":"Частна","immaddr":"с. Динк","place":"КРАЙ СЕЛОТО","area":1015.5543004953,"cadreg":11,"pnum":"30"}},{"type":"Feature","geometry":{"type":"Polygon","coordinates":[[[24.805273,42.266871],[24.805305,42.266916],[24.805643,42.266784],[24.80463,42.263917],[24.804586,42.263832],[24.804545,42.263839],[24.804936,42.264925],[24.804445,42.265025],[24.804404,42.265098],[24.804416,42.265122],[24.804966,42.265017],[24.805578,42.266726],[24.805238,42.266862],[24.805254,42.266878],[24.805273,42.266871]]]},"properties":{"cadnum":"21169.11.31","purptype":"Земеделска","usetype":"За селскостопански, горски, ведомствен път","proptype":"Общинска публична","immaddr":"с. Динк","place":"КРАЙ СЕЛОТО","area":2062.1654220082,"cadreg":11,"pnum":"31"}},{"type":"Feature","geometry":{"type":"Polygon","coordinates":[[[24.802406,42.262299],[24.801997,42.262305],[24.800924,42.26235],[24.800938,42.262386],[24.801969,42.262342],[24.802343,42.262333],[24.802406,42.262299]]]},"properties":{"cadnum":"21169.11.32","purptype":"Земеделска","usetype":"За селскостопански, горски, ведомствен път","proptype":"Общинска публична","immaddr":"с. Динк","place":"КРАЙ СЕЛОТО","area":467.13361646714,"cadreg":11,"pnum":"32"}},{"type":"Feature","geometry":{"type":"Polygon","coordinates":[[[24.802415,42.262379],[24.802321,42.262383],[24.804593,42.263838],[24.80463,42.263917],[24.805643,42.266784],[24.805645,42.266789],[24.805709,42.266777],[24.804688,42.263883],[24.804653,42.263806],[24.802415,42.262379]]]},"properties":{"cadnum":"21169.11.33","purptype":"Територия, заета от води и водни обекти","usetype":"Напоителен канал","proptype":"Общинска частна","immaddr":"с. Динк","area":3205.0046358703,"cadreg":11,"pnum":"33"}},{"type":"Feature","geometry":{"type":"Polygon","coordinates":[[[24.806291,42.268609],[24.805184,42.268898],[24.805228,42.268997],[24.805283,42.268981],[24.805296,42.269006],[24.806346,42.268762],[24.806291,42.268609]]]},"properties":{"cadnum":"21169.11.34","purptype":"Земеделска","usetype":"Нива","proptype":"Частна","immaddr":"с. Динк","place":"ГЕДЕНЛЮКА","area":1536.1767519888,"cadreg":11,"pnum":"34"}},{"type":"Feature","geometry":{"type":"Polygon","coordinates":[[[24.802954,42.263213],[24.802015,42.262817],[24.801768,42.263128],[24.802748,42.263541],[24.802954,42.263213]]]},"properties":{"cadnum":"21169.11.36","purptype":"Земеделска","usetype":"Нива","proptype":"Частна","immaddr":"с. Динк","place":"КРАЙ СЕЛОТО","area":3648.8113875037,"cadreg":11,"pnum":"36"}},{"type":"Feature","geometry":{"type":"Polygon","coordinates":[[[24.803125,42.262939],[24.802321,42.262426],[24.802015,42.262817],[24.802954,42.263213],[24.803125,42.262939]]]},"properties":{"cadnum":"21169.11.37","purptype":"Земеделска","usetype":"Нива","proptype":"Частна","immaddr":"с. Динк","place":"КРАЙ СЕЛОТО","area":3648.4840110104,"cadreg":11,"pnum":"37"}},{"type":"Feature","geometry":{"type":"Polygon","coordinates":[[[24.80344,42.265247],[24.803185,42.264646],[24.802636,42.264758],[24.802949,42.265365],[24.80344,42.265247]]]},"properties":{"cadnum":"21169.11.38","purptype":"Земеделска","usetype":"Нива","proptype":"Частна","immaddr":"с. Динк","place":"КРАЙ СЕЛОТО","area":3177.743545008,"cadreg":11,"pnum":"38"}},{"type":"Feature","geometry":{"type":"Polygon","coordinates":[[[24.803971,42.265119],[24.803724,42.264535],[24.803185,42.264646],[24.80344,42.265247],[24.803971,42.265119]]]},"properties":{"cadnum":"21169.11.39","purptype":"Земеделска","usetype":"Нива","proptype":"Частна","immaddr":"с. Динк","place":"КРАЙ СЕЛОТО","area":3177.8895070031,"cadreg":11,"pnum":"39"}},{"type":"Feature","geometry":{"type":"Polygon","coordinates":[[[24.805052,42.268678],[24.805484,42.269604],[24.805521,42.269639],[24.805165,42.268855],[24.805052,42.268678]]]},"properties":{"cadnum":"21169.11.40","purptype":"Земеделска","usetype":"За селскостопански, горски, ведомствен път","proptype":"Общинска частна","immaddr":"с. Динк","place":"КРАЙ СЕЛОТО","area":198.64121449536,"cadreg":11,"pnum":"40"}},{"type":"Feature","geometry":{"type":"Polygon","coordinates":[[[24.804393,42.265117],[24.804876,42.266176],[24.804905,42.266238],[24.804923,42.266232],[24.80461,42.265514],[24.804404,42.265098],[24.804393,42.265117]]]},"properties":{"cadnum":"21169.11.41","purptype":"Земеделска","usetype":"За селскостопански, горски, ведомствен път","proptype":"Общинска частна","immaddr":"с. Динк","place":"КРАЙ СЕЛОТО","area":312.97184550761,"cadreg":11,"pnum":"41"}},{"type":"Feature","geometry":{"type":"Polygon","coordinates":[[[24.802835,42.265409],[24.802984,42.265357],[24.802949,42.265365],[24.80246,42.264431],[24.8025,42.264156],[24.802515,42.264059],[24.803205,42.262949],[24.802321,42.262383],[24.802263,42.262385],[24.803125,42.262939],[24.802551,42.263855],[24.802504,42.263836],[24.802375,42.264057],[24.80233,42.264463],[24.802835,42.265409]]]},"properties":{"cadnum":"21169.11.42","purptype":"Земеделска","usetype":"За селскостопански, горски, ведомствен път","proptype":"Общинска частна","immaddr":"с. Динк","place":"КРАЙ СЕЛОТО","area":3091.3991464972,"cadreg":11,"pnum":"42"}},{"type":"Feature","geometry":{"type":"Polygon","coordinates":[[[24.802375,42.264057],[24.802475,42.263885],[24.801529,42.263433],[24.80128,42.263753],[24.801294,42.263978],[24.801648,42.263967],[24.801783,42.264511],[24.80233,42.264463],[24.802375,42.264057]]]},"properties":{"cadnum":"21169.11.43","purptype":"Земеделска","usetype":"Нива","proptype":"Частна","immaddr":"с. Динк","place":"КРАЙ СЕЛОТО","area":6592.6893305129,"cadreg":11,"pnum":"43"}},{"type":"Feature","geometry":{"type":"Polygon","coordinates":[[[24.802748,42.263541],[24.802728,42.263532],[24.802531,42.263847],[24.802551,42.263855],[24.802748,42.263541]]]},"properties":{"cadnum":"21169.11.46","purptype":"Земеделска","usetype":"За друг поземлен имот за движение и транспорт","proptype":"Частна","immaddr":"с. Динк","place":"КРАЙ СЕЛОТО","area":73.537297995916,"cadreg":11,"pnum":"46"}},{"type":"Feature","geometry":{"type":"Polygon","coordinates":[[[24.802475,42.263885],[24.802504,42.263836],[24.802531,42.263847],[24.802615,42.263713],[24.801665,42.263259],[24.801529,42.263433],[24.802475,42.263885]]]},"properties":{"cadnum":"21169.11.47","purptype":"Земеделска","usetype":"Ниско застрояване (до 10 m)","proptype":"Частна","immaddr":"с. Динк","place":"КРАЙ СЕЛОТО","area":2094.5263134651,"cadreg":11,"pnum":"47"}},{"type":"Feature","geometry":{"type":"Polygon","coordinates":[[[24.802728,42.263532],[24.801768,42.263128],[24.801665,42.263259],[24.802615,42.263713],[24.802728,42.263532]]]},"properties":{"cadnum":"21169.11.48","purptype":"Земеделска","usetype":"Ниско застрояване (до 10 m)","proptype":"Частна","immaddr":"с. Динк","place":"КРАЙ СЕЛОТО","area":1787.7840045268,"cadreg":11,"pnum":"48"}},{"type":"Feature","geometry":{"type":"Polygon","coordinates":[[[24.787833,42.261578],[24.787837,42.262636],[24.789272,42.262611],[24.789371,42.262587],[24.789763,42.261941],[24.787833,42.261578]]]},"properties":{"cadnum":"21169.12.1","purptype":"Земеделска","usetype":"Нива","proptype":"Частна","immaddr":"с. Динк","place":"ДОНЧОВО КЕЛЕМЕ","area":13938.53672648,"cadreg":12,"pnum":"1"}},{"type":"Feature","geometry":{"type":"Polygon","coordinates":[[[24.788655,42.259718],[24.788284,42.260347],[24.79048,42.26076],[24.79086,42.260133],[24.788655,42.259718]]]},"properties":{"cadnum":"21169.12.3","purptype":"Земеделска","usetype":"Нива","proptype":"Частна","immaddr":"с. Динк","place":"ДОНЧОВО КЕЛЕМЕ","area":14084.503719016,"cadreg":12,"pnum":"3"}},{"type":"Feature","geometry":{"type":"Polygon","coordinates":[[[24.789138,42.258899],[24.788655,42.259718],[24.79086,42.260133],[24.791355,42.259318],[24.789138,42.258899]]]},"properties":{"cadnum":"21169.12.4","purptype":"Земеделска","usetype":"Нива","proptype":"Частна","immaddr":"с. Динк","place":"ДОНЧОВО КЕЛЕМЕ","area":18412.169254565,"cadreg":12,"pnum":"4"}},{"type":"Feature","geometry":{"type":"Polygon","coordinates":[[[24.789503,42.258282],[24.791729,42.258701],[24.791932,42.258367],[24.7897,42.257947],[24.789503,42.258282]]]},"properties":{"cadnum":"21169.12.6","purptype":"Земеделска","usetype":"Нива","proptype":"Частна","immaddr":"с. Динк","place":"ДОНЧОВО КЕЛЕМЕ","area":7605.7108790356,"cadreg":12,"pnum":"6"}},{"type":"Feature","geometry":{"type":"Polygon","coordinates":[[[24.797296,42.256946],[24.796796,42.256],[24.789667,42.257908],[24.791949,42.258338],[24.791975,42.258296],[24.792381,42.258369],[24.797296,42.256946]]]},"properties":{"cadnum":"21169.12.7","purptype":"Земеделска","usetype":"Нива","proptype":"Частна","immaddr":"с. Динк","place":"ПАМУЦИТЕ","area":63761.010269934,"cadreg":12,"pnum":"7"}},{"type":"Feature","geometry":{"type":"Polygon","coordinates":[[[24.799119,42.256423],[24.798843,42.255454],[24.796796,42.256],[24.797296,42.256946],[24.799119,42.256423]]]},"properties":{"cadnum":"21169.12.8","purptype":"Земеделска","usetype":"Нива","proptype":"Частна","immaddr":"с. Динк","place":"ПАМУЦИТЕ","area":18887.722956485,"cadreg":12,"pnum":"8"}},{"type":"Feature","geometry":{"type":"Polygon","coordinates":[[[24.799132,42.256478],[24.799119,42.256423],[24.795681,42.257409],[24.792381,42.258369],[24.791975,42.258296],[24.789371,42.262587],[24.789272,42.262611],[24.7878,42.262636],[24.787804,42.263474],[24.787916,42.263458],[24.787919,42.262722],[24.789383,42.262686],[24.789419,42.262661],[24.792033,42.258354],[24.792185,42.258376],[24.792385,42.258426],[24.795417,42.257551],[24.795694,42.257463],[24.799132,42.256478]]]},"properties":{"cadnum":"21169.12.9","purptype":"Територия, заета от води и водни обекти","usetype":"Напоителен канал","proptype":"Общинска частна","immaddr":"с. Динк","place":"ПАМУЦИТЕ","area":9556.0662050416,"cadreg":12,"pnum":"9"}},{"type":"Feature","geometry":{"type":"Polygon","coordinates":[[[24.7878,42.262636],[24.787837,42.262636],[24.787833,42.26135],[24.787913,42.26126],[24.787976,42.261133],[24.788039,42.260938],[24.788088,42.260748],[24.788154,42.26057],[24.788246,42.260398],[24.788284,42.260347],[24.7897,42.257947],[24.791932,42.258367],[24.791949,42.258338],[24.789667,42.257908],[24.788137,42.260519],[24.78804,42.26074],[24.787994,42.260924],[24.78793,42.261123],[24.787869,42.261245],[24.78781,42.261318],[24.787795,42.261324],[24.7878,42.262636]]]},"properties":{"cadnum":"21169.12.10","purptype":"Земеделска","usetype":"За селскостопански, горски, ведомствен път","proptype":"Общинска публична","immaddr":"с. Динк","place":"ПАМУЦИТЕ","area":2637.5942199262,"cadreg":12,"pnum":"10"}},{"type":"Feature","geometry":{"type":"Polygon","coordinates":[[[24.789667,42.257908],[24.789644,42.257911],[24.787586,42.260982],[24.787692,42.26107],[24.787718,42.261123],[24.787758,42.261127],[24.787789,42.26115],[24.787795,42.261324],[24.78781,42.261318],[24.787869,42.261245],[24.78793,42.261123],[24.787994,42.260924],[24.78804,42.26074],[24.788137,42.260519],[24.789667,42.257908]]]},"properties":{"cadnum":"21169.12.11","purptype":"Територия, заета от води и водни обекти","usetype":"Отводнителен канал","proptype":"Държавна частна","immaddr":"с. Динк","area":5005.4090720597,"cadreg":12,"pnum":"11"}},{"type":"Feature","geometry":{"type":"Polygon","coordinates":[[[24.79048,42.26076],[24.788284,42.260347],[24.788246,42.260398],[24.788154,42.26057],[24.788088,42.260748],[24.788039,42.260938],[24.790133,42.261332],[24.79048,42.26076]]]},"properties":{"cadnum":"21169.12.12","purptype":"Земеделска","usetype":"Нива","proptype":"Частна","immaddr":"с. Динк","place":"ДОНЧОВО КЕЛЕМЕ","area":12649.970391427,"cadreg":12,"pnum":"12"}},{"type":"Feature","geometry":{"type":"Polygon","coordinates":[[[24.790133,42.261332],[24.788039,42.260938],[24.787976,42.261133],[24.787918,42.261251],[24.78995,42.261633],[24.790133,42.261332]]]},"properties":{"cadnum":"21169.12.13","purptype":"Земеделска","usetype":"Нива","proptype":"Частна","immaddr":"с. Динк","place":"ДОНЧОВО КЕЛЕМЕ","area":6325.0492830531,"cadreg":12,"pnum":"13"}},{"type":"Feature","geometry":{"type":"Polygon","coordinates":[[[24.78995,42.261633],[24.787918,42.261251],[24.787833,42.26135],[24.787833,42.261578],[24.789763,42.261941],[24.78995,42.261633]]]},"properties":{"cadnum":"21169.12.14","purptype":"Земеделска","usetype":"Нива","proptype":"Частна","immaddr":"с. Динк","place":"ДОНЧОВО КЕЛЕМЕ","area":6325.7105315073,"cadreg":12,"pnum":"14"}},{"type":"Feature","geometry":{"type":"Polygon","coordinates":[[[24.789138,42.258899],[24.791355,42.259318],[24.791542,42.259009],[24.78932,42.258591],[24.789138,42.258899]]]},"properties":{"cadnum":"21169.12.15","purptype":"Земеделска","usetype":"Нива","proptype":"Частна","immaddr":"с. Динк","place":"ДОНЧОВО КЕЛЕМЕ","area":6994.8355850237,"cadreg":12,"pnum":"15"}},{"type":"Feature","geometry":{"type":"Polygon","coordinates":[[[24.791729,42.258701],[24.789503,42.258282],[24.78932,42.258591],[24.791542,42.259009],[24.791729,42.258701]]]},"properties":{"cadnum":"21169.12.16","purptype":"Земеделска","usetype":"Нива","proptype":"Частна","immaddr":"с. Динк","place":"ДОНЧОВО КЕЛЕМЕ","area":6993.9195118969,"cadreg":12,"pnum":"16"}},{"type":"Feature","geometry":{"type":"Polygon","coordinates":[[[24.800789,42.261314],[24.802074,42.261117],[24.801738,42.259982],[24.800476,42.260188],[24.800789,42.261314]]]},"properties":{"cadnum":"21169.13.2","purptype":"Земеделска","usetype":"Нива","proptype":"Частна","immaddr":"с. Динк","place":"ЕНИ ТАРЛА","area":13800.442422521,"cadreg":13,"pnum":"2"}},{"type":"Feature","geometry":{"type":"Polygon","coordinates":[[[24.802488,42.259859],[24.801738,42.259982],[24.802393,42.262195],[24.803065,42.261809],[24.802488,42.259859]]]},"properties":{"cadnum":"21169.13.3","purptype":"Земеделска","usetype":"Нива","proptype":"Частна","immaddr":"с. Динк","place":"ЕНИ ТАРЛА","area":15003.799357494,"cadreg":13,"pnum":"3"}},{"type":"Feature","geometry":{"type":"Polygon","coordinates":[[[24.803065,42.261809],[24.803843,42.261362],[24.803356,42.259717],[24.802488,42.259859],[24.803065,42.261809]]]},"properties":{"cadnum":"21169.13.4","purptype":"Земеделска","usetype":"Нива","proptype":"Частна","immaddr":"с. Динк","place":"ЕНИ ТАРЛА","area":14996.076692992,"cadreg":13,"pnum":"4"}},{"type":"Feature","geometry":{"type":"Polygon","coordinates":[[[24.807617,42.25908],[24.807572,42.259042],[24.804428,42.259542],[24.804803,42.260811],[24.807617,42.25908]]]},"properties":{"cadnum":"21169.13.6","purptype":"Земеделска","usetype":"Нива","proptype":"Частна","immaddr":"с. Динк","place":"ЕНИ ТАРЛА","area":19989.604635955,"cadreg":13,"pnum":"6"}},{"type":"Feature","geometry":{"type":"Polygon","coordinates":[[[24.801592,42.25829],[24.800017,42.258545],[24.80045,42.260097],[24.80205,42.259837],[24.801592,42.25829]]]},"properties":{"cadnum":"21169.13.7","purptype":"Земеделска","usetype":"Нива","proptype":"Частна","immaddr":"с. Динк","place":"ЕНИ ТАРЛА","area":23595.748755982,"cadreg":13,"pnum":"7"}},{"type":"Feature","geometry":{"type":"Polygon","coordinates":[[[24.805361,42.257679],[24.804304,42.257851],[24.804762,42.259398],[24.805819,42.259227],[24.805361,42.257679]]]},"properties":{"cadnum":"21169.13.11","purptype":"Земеделска","usetype":"Нива","proptype":"Частна","immaddr":"с. Динк","place":"ЕНИ ТАРЛА","area":15701.126215469,"cadreg":13,"pnum":"11"}},{"type":"Feature","geometry":{"type":"Polygon","coordinates":[[[24.807177,42.257385],[24.806525,42.257491],[24.806983,42.259038],[24.807542,42.258947],[24.807177,42.257385]]]},"properties":{"cadnum":"21169.13.13","purptype":"Земеделска","usetype":"Нива","proptype":"Частна","immaddr":"с. Динк","place":"ЕНИ ТАРЛА","area":9002.308399468,"cadreg":13,"pnum":"13"}},{"type":"Feature","geometry":{"type":"Polygon","coordinates":[[[24.801404,42.258321],[24.801057,42.257149],[24.799689,42.25737],[24.800017,42.258545],[24.801404,42.258321]]]},"properties":{"cadnum":"21169.13.14","purptype":"Земеделска","usetype":"Нива","proptype":"Частна","immaddr":"с. Динк","place":"ЕНИ ТАРЛА","area":15502.746025948,"cadreg":13,"pnum":"14"}},{"type":"Feature","geometry":{"type":"Polygon","coordinates":[[[24.801057,42.257149],[24.801404,42.258321],[24.80318,42.258033],[24.802833,42.256861],[24.801057,42.257149]]]},"properties":{"cadnum":"21169.13.15","purptype":"Земеделска","usetype":"Нива","proptype":"Частна","immaddr":"с. Динк","place":"ЕНИ ТАРЛА","area":19999.043176491,"cadreg":13,"pnum":"15"}},{"type":"Feature","geometry":{"type":"Polygon","coordinates":[[[24.802833,42.256861],[24.80318,42.258033],[24.805436,42.257667],[24.805089,42.256495],[24.802833,42.256861]]]},"properties":{"cadnum":"21169.13.16","purptype":"Земеделска","usetype":"Нива","proptype":"Частна","immaddr":"с. Динк","place":"ЕНИ ТАРЛА","area":25397.005623033,"cadreg":13,"pnum":"16"}},{"type":"Feature","geometry":{"type":"Polygon","coordinates":[[[24.800128,42.256014],[24.799342,42.256141],[24.799677,42.257326],[24.800478,42.257196],[24.800128,42.256014]]]},"properties":{"cadnum":"21169.13.18","purptype":"Земеделска","usetype":"Нива","proptype":"Частна","immaddr":"с. Динк","place":"ЕНИ ТАРЛА","area":9005.3792164962,"cadreg":13,"pnum":"18"}},{"type":"Feature","geometry":{"type":"Polygon","coordinates":[[[24.802406,42.256884],[24.802056,42.255702],[24.800128,42.256014],[24.800478,42.257196],[24.802406,42.256884]]]},"properties":{"cadnum":"21169.13.19","purptype":"Земеделска","usetype":"Нива","proptype":"Частна","immaddr":"с. Динк","place":"ЕНИ ТАРЛА","area":21897.541525003,"cadreg":13,"pnum":"19"}},{"type":"Feature","geometry":{"type":"Polygon","coordinates":[[[24.80689,42.256157],[24.806627,42.254961],[24.803817,42.255416],[24.804166,42.256599],[24.80689,42.256157]]]},"properties":{"cadnum":"21169.13.21","purptype":"Земеделска","usetype":"Нива","proptype":"Частна","immaddr":"с. Динк","place":"ЕНИ ТАРЛА","area":31427.745960473,"cadreg":13,"pnum":"21"}},{"type":"Feature","geometry":{"type":"Polygon","coordinates":[[[24.799141,42.255436],[24.799342,42.256141],[24.801689,42.255761],[24.801231,42.254854],[24.799141,42.255436]]]},"properties":{"cadnum":"21169.13.22","purptype":"Земеделска","usetype":"Нива","proptype":"Частна","immaddr":"с. Динк","place":"ЕНИ ТАРЛА","area":17846.666497995,"cadreg":13,"pnum":"22"}},{"type":"Feature","geometry":{"type":"Polygon","coordinates":[[[24.802506,42.254499],[24.801231,42.254854],[24.801689,42.255761],[24.803033,42.255543],[24.802506,42.254499]]]},"properties":{"cadnum":"21169.13.23","purptype":"Земеделска","usetype":"Нива","proptype":"Частна","immaddr":"с. Динк","place":"ЕНИ ТАРЛА","area":12998.248384995,"cadreg":13,"pnum":"23"}},{"type":"Feature","geometry":{"type":"Polygon","coordinates":[[[24.803128,42.254326],[24.802506,42.254499],[24.803033,42.255543],[24.803688,42.255437],[24.803128,42.254326]]]},"properties":{"cadnum":"21169.13.24","purptype":"Земеделска","usetype":"Нива","proptype":"Частна","immaddr":"с. Динк","place":"ЕНИ ТАРЛА","area":7001.6056634885,"cadreg":13,"pnum":"24"}},{"type":"Feature","geometry":{"type":"Polygon","coordinates":[[[24.803591,42.254197],[24.803128,42.254326],[24.803688,42.255437],[24.804177,42.255358],[24.803591,42.254197]]]},"properties":{"cadnum":"21169.13.25","purptype":"Земеделска","usetype":"Нива","proptype":"Частна","immaddr":"с. Динк","place":"ЕНИ ТАРЛА","area":5497.5623995206,"cadreg":13,"pnum":"25"}},{"type":"Feature","geometry":{"type":"Polygon","coordinates":[[[24.804106,42.254054],[24.803591,42.254197],[24.804177,42.255358],[24.80472,42.25527],[24.804106,42.254054]]]},"properties":{"cadnum":"21169.13.26","purptype":"Земеделска","usetype":"Нива","proptype":"Частна","immaddr":"с. Динк","place":"ЕНИ ТАРЛА","area":6402.7847729745,"cadreg":13,"pnum":"26"}},{"type":"Feature","geometry":{"type":"Polygon","coordinates":[[[24.80472,42.25527],[24.805905,42.255078],[24.80523,42.253741],[24.804106,42.254054],[24.80472,42.25527]]]},"properties":{"cadnum":"21169.13.27","purptype":"Земеделска","usetype":"Нива","proptype":"Частна","immaddr":"с. Динк","place":"ЕНИ ТАРЛА","area":14998.189862041,"cadreg":13,"pnum":"27"}},{"type":"Feature","geometry":{"type":"Polygon","coordinates":[[[24.805671,42.254614],[24.805905,42.255078],[24.806627,42.254961],[24.806504,42.254382],[24.805671,42.254614]]]},"properties":{"cadnum":"21169.13.28","purptype":"Земеделска","usetype":"Нива","proptype":"Частна","immaddr":"с. Динк","place":"ЕНИ ТАРЛА","area":3999.6110670095,"cadreg":13,"pnum":"28"}},{"type":"Feature","geometry":{"type":"Polygon","coordinates":[[[24.806303,42.253442],[24.80523,42.253741],[24.805671,42.254614],[24.806504,42.254382],[24.806303,42.253442]]]},"properties":{"cadnum":"21169.13.29","purptype":"Земеделска","usetype":"Нива","proptype":"Частна","immaddr":"с. Динк","place":"ЕНИ ТАРЛА","area":8699.1097174979,"cadreg":13,"pnum":"29"}},{"type":"Feature","geometry":{"type":"Polygon","coordinates":[[[24.801069,42.262317],[24.799677,42.257326],[24.799121,42.255379],[24.799051,42.255397],[24.799525,42.257065],[24.800949,42.262235],[24.800931,42.262321],[24.801069,42.262317]]]},"properties":{"cadnum":"21169.13.30","purptype":"Територия, заета от води и водни обекти","usetype":"Напоителен канал","proptype":"Общинска частна","immaddr":"с. Динк","place":"ЕНИ ТАРЛА","area":5355.090693455,"cadreg":13,"pnum":"30"}},{"type":"Feature","geometry":{"type":"Polygon","coordinates":[[[24.799141,42.255436],[24.806303,42.253442],[24.806282,42.253379],[24.799121,42.255379],[24.799141,42.255436]]]},"properties":{"cadnum":"21169.13.31","purptype":"Земеделска","usetype":"За селскостопански, горски, ведомствен път","proptype":"Общинска публична","immaddr":"с. Динк","place":"ЕНИ ТАРЛА","area":4292.7608072356,"cadreg":13,"pnum":"31"}},{"type":"Feature","geometry":{"type":"Polygon","coordinates":[[[24.800463,42.260141],[24.800476,42.260188],[24.804428,42.259542],[24.807572,42.259042],[24.807551,42.258992],[24.800463,42.260141]]]},"properties":{"cadnum":"21169.13.32","purptype":"Територия, заета от води и водни обекти","usetype":"Напоителен канал","proptype":"Общинска частна","immaddr":"с. Динк","place":"ЕНИ ТАРЛА","area":3085.0721708584,"cadreg":13,"pnum":"32"}},{"type":"Feature","geometry":{"type":"Polygon","coordinates":[[[24.807707,42.25907],[24.807615,42.259025],[24.807577,42.258913],[24.806973,42.256157],[24.806911,42.255918],[24.806344,42.253362],[24.806282,42.253379],[24.806303,42.253442],[24.80689,42.256157],[24.807551,42.258992],[24.807572,42.259042],[24.807657,42.259103],[24.807707,42.25907]]]},"properties":{"cadnum":"21169.13.33","purptype":"Земеделска","usetype":"За селскостопански, горски, ведомствен път","proptype":"Общинска публична","immaddr":"с. Динк","place":"ЕНИ ТАРЛА","area":3501.1991010017,"cadreg":13,"pnum":"33"}},{"type":"Feature","geometry":{"type":"Polygon","coordinates":[[[24.807551,42.258992],[24.807542,42.258947],[24.804258,42.25948],[24.80045,42.260097],[24.800463,42.260141],[24.807551,42.258992]]]},"properties":{"cadnum":"21169.13.34","purptype":"Земеделска","usetype":"За селскостопански, горски, ведомствен път","proptype":"Общинска публична","immaddr":"с. Динк","place":"ЕНИ ТАРЛА","area":2990.6329627227,"cadreg":13,"pnum":"34"}},{"type":"Feature","geometry":{"type":"Polygon","coordinates":[[[24.807657,42.259103],[24.807617,42.25908],[24.804803,42.260811],[24.802322,42.262236],[24.801059,42.262282],[24.801069,42.262317],[24.80234,42.262272],[24.805269,42.26059],[24.805375,42.26054],[24.807657,42.259103]]]},"properties":{"cadnum":"21169.13.35","purptype":"Земеделска","usetype":"За селскостопански, горски, ведомствен път","proptype":"Общинска публична","immaddr":"с. Динк","place":"ЕНИ ТАРЛА","area":3088.2604060814,"cadreg":13,"pnum":"35"}},{"type":"Feature","geometry":{"type":"Polygon","coordinates":[[[24.80689,42.256157],[24.799677,42.257326],[24.799689,42.25737],[24.8069,42.256202],[24.80689,42.256157]]]},"properties":{"cadnum":"21169.13.36","purptype":"Земеделска","usetype":"За селскостопански, горски, ведомствен път","proptype":"Общинска публична","immaddr":"с. Динк","place":"ЕНИ ТАРЛА","area":3046.7816836164,"cadreg":13,"pnum":"36"}},{"type":"Feature","geometry":{"type":"Polygon","coordinates":[[[24.806434,42.253331],[24.806344,42.253362],[24.806911,42.255918],[24.806973,42.256157],[24.807577,42.258913],[24.807615,42.259025],[24.807707,42.25907],[24.806434,42.253331]]]},"properties":{"cadnum":"21169.13.37","purptype":"Територия, заета от води и водни обекти","usetype":"Напоителен канал","proptype":"Общинска частна","immaddr":"с. Динк","place":"ЕНИ ТАРЛА","area":4759.2769584963,"cadreg":13,"pnum":"37"}},{"type":"Feature","geometry":{"type":"Polygon","coordinates":[[[24.802406,42.262299],[24.803002,42.26197],[24.804856,42.260908],[24.805402,42.260605],[24.805534,42.260514],[24.807725,42.259142],[24.807707,42.25907],[24.805375,42.26054],[24.805269,42.26059],[24.80234,42.262272],[24.800931,42.262321],[24.800924,42.26235],[24.801997,42.262305],[24.802406,42.262299]]]},"properties":{"cadnum":"21169.13.38","purptype":"Територия, заета от води и водни обекти","usetype":"Напоителен канал","proptype":"Общинска частна","immaddr":"с. Динк","place":"ЕНИ ТАРЛА","area":4209.5626555667,"cadreg":13,"pnum":"38"}},{"type":"Feature","geometry":{"type":"Polygon","coordinates":[[[24.807177,42.257385],[24.80701,42.256669],[24.805226,42.256958],[24.805436,42.257667],[24.807177,42.257385]]]},"properties":{"cadnum":"21169.13.39","purptype":"Земеделска","usetype":"Овощна градина","proptype":"Частна","immaddr":"с. Динк","place":"ЕНИ ТАРЛА","area":11996.738183501,"cadreg":13,"pnum":"39"}},{"type":"Feature","geometry":{"type":"Polygon","coordinates":[[[24.80701,42.256669],[24.8069,42.256202],[24.805089,42.256495],[24.805226,42.256958],[24.80701,42.256669]]]},"properties":{"cadnum":"21169.13.40","purptype":"Земеделска","usetype":"Овощна градина","proptype":"Частна","immaddr":"с. Динк","place":"ЕНИ ТАРЛА","area":7998.052718491,"cadreg":13,"pnum":"40"}},{"type":"Feature","geometry":{"type":"Polygon","coordinates":[[[24.802993,42.256789],[24.802643,42.255606],[24.802056,42.255702],[24.802406,42.256884],[24.802993,42.256789]]]},"properties":{"cadnum":"21169.13.41","purptype":"Земеделска","usetype":"Нива","proptype":"Частна","immaddr":"с. Динк","place":"ЕНИ ТАРЛА","area":6669.1533840158,"cadreg":13,"pnum":"41"}},{"type":"Feature","geometry":{"type":"Polygon","coordinates":[[[24.80358,42.256694],[24.80323,42.255511],[24.802643,42.255606],[24.802993,42.256789],[24.80358,42.256694]]]},"properties":{"cadnum":"21169.13.42","purptype":"Земеделска","usetype":"Нива","proptype":"Частна","immaddr":"с. Динк","place":"ЕНИ ТАРЛА","area":6665.1178080131,"cadreg":13,"pnum":"42"}},{"type":"Feature","geometry":{"type":"Polygon","coordinates":[[[24.804166,42.256599],[24.803817,42.255416],[24.80323,42.255511],[24.80358,42.256694],[24.804166,42.256599]]]},"properties":{"cadnum":"21169.13.43","purptype":"Земеделска","usetype":"Нива","proptype":"Частна","immaddr":"с. Динк","place":"ЕНИ ТАРЛА","area":6665.53573351,"cadreg":13,"pnum":"43"}},{"type":"Feature","geometry":{"type":"Polygon","coordinates":[[[24.802275,42.25818],[24.801592,42.25829],[24.80205,42.259837],[24.802733,42.259727],[24.802275,42.25818]]]},"properties":{"cadnum":"21169.13.44","purptype":"Земеделска","usetype":"Нива","proptype":"Частна","immaddr":"с. Динк","place":"ЕНИ ТАРЛА","area":10148.327361989,"cadreg":13,"pnum":"44"}},{"type":"Feature","geometry":{"type":"Polygon","coordinates":[[[24.802733,42.259727],[24.803416,42.259616],[24.802959,42.258069],[24.802275,42.25818],[24.802733,42.259727]]]},"properties":{"cadnum":"21169.13.45","purptype":"Земеделска","usetype":"Нива","proptype":"Частна","immaddr":"с. Динк","place":"ЕНИ ТАРЛА","area":10150.367056488,"cadreg":13,"pnum":"45"}},{"type":"Feature","geometry":{"type":"Polygon","coordinates":[[[24.803843,42.261362],[24.804292,42.261104],[24.804088,42.260414],[24.803587,42.260496],[24.803843,42.261362]]]},"properties":{"cadnum":"21169.13.46","purptype":"Земеделска","usetype":"Нива","proptype":"Частна","immaddr":"с. Динк","place":"ЕНИ ТАРЛА","area":3749.7088350122,"cadreg":13,"pnum":"46"}},{"type":"Feature","geometry":{"type":"Polygon","coordinates":[[[24.803587,42.260496],[24.804088,42.260414],[24.803858,42.259635],[24.803356,42.259717],[24.803587,42.260496]]]},"properties":{"cadnum":"21169.13.47","purptype":"Земеделска","usetype":"Нива","proptype":"Частна","immaddr":"с. Динк","place":"ЕНИ ТАРЛА","area":3748.8269700056,"cadreg":13,"pnum":"47"}},{"type":"Feature","geometry":{"type":"Polygon","coordinates":[[[24.804428,42.259542],[24.803858,42.259635],[24.804292,42.261104],[24.804803,42.260811],[24.804428,42.259542]]]},"properties":{"cadnum":"21169.13.48","purptype":"Земеделска","usetype":"Нива","proptype":"Частна","immaddr":"с. Динк","place":"ЕНИ ТАРЛА","area":7499.2988274953,"cadreg":13,"pnum":"48"}},{"type":"Feature","geometry":{"type":"Polygon","coordinates":[[[24.803416,42.259616],[24.804762,42.259398],[24.804304,42.257851],[24.802959,42.258069],[24.803416,42.259616]]]},"properties":{"cadnum":"21169.13.49","purptype":"Земеделска","usetype":"Нива","proptype":"Частна","immaddr":"с. Динк","place":"ЕНИ ТАРЛА","area":19997.27953893,"cadreg":13,"pnum":"49"}},{"type":"Feature","geometry":{"type":"Polygon","coordinates":[[[24.801969,42.262249],[24.801671,42.261179],[24.800789,42.261314],[24.801059,42.262282],[24.801969,42.262249]]]},"properties":{"cadnum":"21169.13.55","purptype":"Земеделска","usetype":"Нива","proptype":"Частна","immaddr":"с. Динк","place":"ЕНИ ТАРЛА","area":8584.507333987,"cadreg":13,"pnum":"55"}},{"type":"Feature","geometry":{"type":"Polygon","coordinates":[[[24.802393,42.262195],[24.802074,42.261117],[24.801671,42.261179],[24.801969,42.262249],[24.802322,42.262236],[24.802393,42.262195]]]},"properties":{"cadnum":"21169.13.56","purptype":"Земеделска","usetype":"Нива","proptype":"Частна","immaddr":"с. Динк","place":"ЕНИ ТАРЛА","area":4292.7349005056,"cadreg":13,"pnum":"56"}},{"type":"Feature","geometry":{"type":"Polygon","coordinates":[[[24.806401,42.259132],[24.805943,42.257585],[24.805361,42.257679],[24.805819,42.259227],[24.806401,42.259132]]]},"properties":{"cadnum":"21169.13.57","purptype":"Земеделска","usetype":"Нива","proptype":"Частна","immaddr":"с. Динк","place":"ЕНИ ТАРЛА","area":8648.2766409697,"cadreg":13,"pnum":"57"}},{"type":"Feature","geometry":{"type":"Polygon","coordinates":[[[24.806983,42.259038],[24.806525,42.257491],[24.805943,42.257585],[24.806401,42.259132],[24.806983,42.259038]]]},"properties":{"cadnum":"21169.13.58","purptype":"Земеделска","usetype":"Нива","proptype":"Частна","immaddr":"с. Динк","place":"ЕНИ ТАРЛА","area":8648.1421310261,"cadreg":13,"pnum":"58"}},{"type":"Feature","geometry":{"type":"Polygon","coordinates":[[[24.806391,42.2666],[24.805826,42.264999],[24.805184,42.265111],[24.805749,42.266712],[24.806391,42.2666]]]},"properties":{"cadnum":"21169.14.1","purptype":"Земеделска","usetype":"Нива","proptype":"Частна","immaddr":"с. Динк","place":"БЕНТЛИКА","area":10008.453832992,"cadreg":14,"pnum":"1"}},{"type":"Feature","geometry":{"type":"Polygon","coordinates":[[[24.80774,42.266365],[24.807175,42.264764],[24.806468,42.264887],[24.807033,42.266488],[24.80774,42.266365]]]},"properties":{"cadnum":"21169.14.3","purptype":"Земеделска","usetype":"Нива","proptype":"Частна","immaddr":"с. Динк","place":"БЕНТЛИКА","area":11000.151654033,"cadreg":14,"pnum":"3"}},{"type":"Feature","geometry":{"type":"Polygon","coordinates":[[[24.814133,42.264439],[24.814125,42.264391],[24.814066,42.264282],[24.814057,42.264216],[24.814157,42.263715],[24.814213,42.263535],[24.812522,42.26383],[24.813087,42.265431],[24.813978,42.265276],[24.814133,42.264439]]]},"properties":{"cadnum":"21169.14.9","purptype":"Земеделска","usetype":"Нива","proptype":"Частна","immaddr":"с. Динк","place":"БЕНТЛИКА","area":19997.899323472,"cadreg":14,"pnum":"9"}},{"type":"Feature","geometry":{"type":"Polygon","coordinates":[[[24.807519,42.264703],[24.807053,42.263383],[24.804711,42.263792],[24.805184,42.265111],[24.807519,42.264703]]]},"properties":{"cadnum":"21169.14.10","purptype":"Земеделска","usetype":"Нива","proptype":"Частна","immaddr":"с. Динк","place":"БЕНТЛИКА","area":30034.756660497,"cadreg":14,"pnum":"10"}},{"type":"Feature","geometry":{"type":"Polygon","coordinates":[[[24.807519,42.264703],[24.809076,42.264432],[24.80861,42.263112],[24.807053,42.263383],[24.807519,42.264703]]]},"properties":{"cadnum":"21169.14.11","purptype":"Земеделска","usetype":"Нива","proptype":"Частна","immaddr":"с. Динк","place":"БЕНТЛИКА","area":19994.610415534,"cadreg":14,"pnum":"11"}},{"type":"Feature","geometry":{"type":"Polygon","coordinates":[[[24.810634,42.26416],[24.812386,42.263854],[24.811919,42.262534],[24.810168,42.26284],[24.810634,42.26416]]]},"properties":{"cadnum":"21169.14.13","purptype":"Земеделска","usetype":"Нива","proptype":"Частна","immaddr":"с. Динк","place":"БЕНТЛИКА","area":22498.068318484,"cadreg":14,"pnum":"13"}},{"type":"Feature","geometry":{"type":"Polygon","coordinates":[[[24.805183,42.262348],[24.80453,42.261932],[24.803094,42.262753],[24.803747,42.26317],[24.805183,42.262348]]]},"properties":{"cadnum":"21169.14.16","purptype":"Земеделска","usetype":"Нива","proptype":"Частна","immaddr":"с. Динк","place":"БЕНТЛИКА","area":10400.371510979,"cadreg":14,"pnum":"16"}},{"type":"Feature","geometry":{"type":"Polygon","coordinates":[[[24.803747,42.26317],[24.804374,42.263571],[24.80581,42.262749],[24.805183,42.262348],[24.803747,42.26317]]]},"properties":{"cadnum":"21169.14.17","purptype":"Земеделска","usetype":"Нива","proptype":"Частна","immaddr":"с. Динк","place":"БЕНТЛИКА","area":10000.444000069,"cadreg":14,"pnum":"17"}},{"type":"Feature","geometry":{"type":"Polygon","coordinates":[[[24.806297,42.261555],[24.804447,42.261878],[24.806789,42.263374],[24.807231,42.263297],[24.806297,42.261555]]]},"properties":{"cadnum":"21169.14.19","purptype":"Земеделска","usetype":"Нива","proptype":"Частна","immaddr":"с. Динк","place":"БЕНТЛИКА","area":20006.137441972,"cadreg":14,"pnum":"19"}},{"type":"Feature","geometry":{"type":"Polygon","coordinates":[[[24.807443,42.261355],[24.806297,42.261555],[24.807231,42.263297],[24.808377,42.263097],[24.807443,42.261355]]]},"properties":{"cadnum":"21169.14.20","purptype":"Земеделска","usetype":"Нива","proptype":"Частна","immaddr":"с. Динк","place":"БЕНТЛИКА","area":20001.635296021,"cadreg":14,"pnum":"20"}},{"type":"Feature","geometry":{"type":"Polygon","coordinates":[[[24.810145,42.258247],[24.810146,42.258154],[24.809898,42.257877],[24.809312,42.258241],[24.809954,42.25881],[24.810433,42.258578],[24.810145,42.258247]]]},"properties":{"cadnum":"21169.14.26","purptype":"Земеделска","usetype":"Нива","proptype":"Частна","immaddr":"с. Динк","place":"БЕНТЛИКА","area":4700.506843012,"cadreg":14,"pnum":"26"}},{"type":"Feature","geometry":{"type":"Polygon","coordinates":[[[24.809954,42.25881],[24.809312,42.258241],[24.807464,42.25939],[24.807918,42.259793],[24.809954,42.25881]]]},"properties":{"cadnum":"21169.14.27","purptype":"Земеделска","usetype":"Нива","proptype":"Частна","immaddr":"с. Динк","place":"БЕНТЛИКА","area":13996.168315969,"cadreg":14,"pnum":"27"}},{"type":"Feature","geometry":{"type":"Polygon","coordinates":[[[24.805709,42.266777],[24.813968,42.265333],[24.813978,42.265276],[24.805749,42.266712],[24.804711,42.263792],[24.814455,42.262091],[24.814455,42.262036],[24.80465,42.263747],[24.802464,42.262351],[24.802415,42.262379],[24.804653,42.263806],[24.804688,42.263883],[24.805709,42.266777]]]},"properties":{"cadnum":"21169.14.31","purptype":"Земеделска","usetype":"За селскостопански, горски, ведомствен път","proptype":"Общинска публична","immaddr":"с. Динк","place":"БЕНТЛИКА","area":12118.334543993,"cadreg":14,"pnum":"31"}},{"type":"Feature","geometry":{"type":"Polygon","coordinates":[[[24.814488,42.261816],[24.813784,42.261671],[24.813285,42.261551],[24.813164,42.261498],[24.813074,42.261448],[24.812926,42.261343],[24.812803,42.261219],[24.810193,42.258236],[24.8102,42.258151],[24.810168,42.258111],[24.809935,42.257853],[24.809898,42.257877],[24.810146,42.258154],[24.810145,42.258247],[24.812763,42.261239],[24.812889,42.261366],[24.813043,42.261476],[24.813138,42.261528],[24.813264,42.261583],[24.813771,42.261706],[24.81448,42.261851],[24.814488,42.261816]]]},"properties":{"cadnum":"21169.14.32","purptype":"Земеделска","usetype":"За селскостопански, горски, ведомствен път","proptype":"Общинска публична","immaddr":"с. Динк","place":"БЕНТЛИКА","area":2422.0470374096,"cadreg":14,"pnum":"32"}},{"type":"Feature","geometry":{"type":"Polygon","coordinates":[[[24.802263,42.262385],[24.802415,42.262379],[24.805465,42.260633],[24.809935,42.257853],[24.809887,42.257801],[24.807725,42.259142],[24.805534,42.260514],[24.805402,42.260605],[24.804856,42.260908],[24.803002,42.26197],[24.802343,42.262333],[24.802194,42.262337],[24.802263,42.262385]]]},"properties":{"cadnum":"21169.14.33","purptype":"Земеделска","usetype":"За селскостопански, горски, ведомствен път","proptype":"Общинска публична","immaddr":"с. Динк","place":"БЕНТЛИКА","area":5490.3310629062,"cadreg":14,"pnum":"33"}},{"type":"Feature","geometry":{"type":"Polygon","coordinates":[[[24.814677,42.261829],[24.81454,42.261823],[24.814531,42.26184],[24.814517,42.261974],[24.814515,42.262243],[24.814462,42.262468],[24.81439,42.26269],[24.814275,42.263536],[24.814121,42.264078],[24.814105,42.264173],[24.814119,42.264252],[24.814206,42.26445],[24.814677,42.261829]]]},"properties":{"cadnum":"21169.14.35","purptype":"Земеделска","usetype":"Пасище","proptype":"Общинска публична","immaddr":"с. Динк","place":"КРАЙ СЕЛОТО","area":2764.9063960085,"cadreg":14,"pnum":"35"}},{"type":"Feature","geometry":{"type":"Polygon","coordinates":[[[24.810276,42.265922],[24.80971,42.264321],[24.809261,42.264399],[24.809826,42.266001],[24.810276,42.265922]]]},"properties":{"cadnum":"21169.14.36","purptype":"Земеделска","usetype":"Нива","proptype":"Частна","immaddr":"с. Динк","place":"БЕНТЛИКА","area":6996.4362405046,"cadreg":14,"pnum":"36"}},{"type":"Feature","geometry":{"type":"Polygon","coordinates":[[[24.810725,42.265844],[24.810159,42.264243],[24.80971,42.264321],[24.810276,42.265922],[24.810725,42.265844]]]},"properties":{"cadnum":"21169.14.37","purptype":"Земеделска","usetype":"Нива","proptype":"Частна","immaddr":"с. Динк","place":"БЕНТЛИКА","area":6996.0998665013,"cadreg":14,"pnum":"37"}},{"type":"Feature","geometry":{"type":"Polygon","coordinates":[[[24.810917,42.26581],[24.810352,42.264209],[24.810159,42.264243],[24.810725,42.265844],[24.810917,42.26581]]]},"properties":{"cadnum":"21169.14.38","purptype":"Земеделска","usetype":"Нива","proptype":"Частна","immaddr":"с. Динк","place":"БЕНТЛИКА","area":2999.8706989926,"cadreg":14,"pnum":"38"}},{"type":"Feature","geometry":{"type":"Polygon","coordinates":[[[24.810917,42.26581],[24.81111,42.265776],[24.810545,42.264175],[24.810352,42.264209],[24.810917,42.26581]]]},"properties":{"cadnum":"21169.14.39","purptype":"Земеделска","usetype":"Нива","proptype":"Частна","immaddr":"с. Динк","place":"БЕНТЛИКА","area":3001.6137139904,"cadreg":14,"pnum":"39"}},{"type":"Feature","geometry":{"type":"Polygon","coordinates":[[[24.813087,42.265431],[24.812522,42.26383],[24.812201,42.263886],[24.812766,42.265487],[24.813087,42.265431]]]},"properties":{"cadnum":"21169.14.40","purptype":"Земеделска","usetype":"Друг вид трайно насаждение","proptype":"Частна","immaddr":"с. Динк","place":"БЕНТЛИКА","area":5002.3003505013,"cadreg":14,"pnum":"40"}},{"type":"Feature","geometry":{"type":"Polygon","coordinates":[[[24.812766,42.265487],[24.812201,42.263886],[24.81188,42.263942],[24.812445,42.265543],[24.812766,42.265487]]]},"properties":{"cadnum":"21169.14.41","purptype":"Земеделска","usetype":"Друг вид трайно насаждение","proptype":"Частна","immaddr":"с. Динк","place":"БЕНТЛИКА","area":5003.16313201,"cadreg":14,"pnum":"41"}},{"type":"Feature","geometry":{"type":"Polygon","coordinates":[[[24.80629,42.263461],[24.805475,42.262941],[24.804374,42.263571],[24.80465,42.263747],[24.80629,42.263461]]]},"properties":{"cadnum":"21169.14.42","purptype":"Земеделска","usetype":"Нива","proptype":"Частна","immaddr":"с. Динк","place":"БЕНТЛИКА","area":6666.0384114756,"cadreg":14,"pnum":"42"}},{"type":"Feature","geometry":{"type":"Polygon","coordinates":[[[24.810334,42.262004],[24.809172,42.262207],[24.80954,42.262894],[24.810703,42.262691],[24.810334,42.262004]]]},"properties":{"cadnum":"21169.14.43","purptype":"Земеделска","usetype":"Нива","proptype":"Частна","immaddr":"с. Динк","place":"БЕНТЛИКА","area":7998.8171699678,"cadreg":14,"pnum":"43"}},{"type":"Feature","geometry":{"type":"Polygon","coordinates":[[[24.809966,42.261318],[24.808803,42.261521],[24.809172,42.262207],[24.810334,42.262004],[24.809966,42.261318]]]},"properties":{"cadnum":"21169.14.44","purptype":"Земеделска","usetype":"Овощна градина","proptype":"Частна","immaddr":"с. Динк","place":"БЕНТЛИКА","area":7999.4977619935,"cadreg":14,"pnum":"44"}},{"type":"Feature","geometry":{"type":"Polygon","coordinates":[[[24.809768,42.260949],[24.810133,42.260886],[24.809355,42.259997],[24.808574,42.260375],[24.809312,42.261029],[24.808606,42.261152],[24.808803,42.261521],[24.809966,42.261318],[24.809768,42.260949]]]},"properties":{"cadnum":"21169.14.45","purptype":"Земеделска","usetype":"Нива","proptype":"Частна","immaddr":"с. Динк","place":"БЕНТЛИКА","area":11765.039904518,"cadreg":14,"pnum":"45"}},{"type":"Feature","geometry":{"type":"Polygon","coordinates":[[[24.810133,42.260886],[24.811237,42.260693],[24.810251,42.259565],[24.809355,42.259997],[24.810133,42.260886]]]},"properties":{"cadnum":"21169.14.46","purptype":"Земеделска","usetype":"Нива","proptype":"Частна","immaddr":"с. Динк","place":"БЕНТЛИКА","area":11764.542427992,"cadreg":14,"pnum":"46"}},{"type":"Feature","geometry":{"type":"Polygon","coordinates":[[[24.812146,42.260534],[24.810986,42.25921],[24.810251,42.259565],[24.811237,42.260693],[24.812146,42.260534]]]},"properties":{"cadnum":"21169.14.47","purptype":"Земеделска","usetype":"Нива","proptype":"Частна","immaddr":"с. Динк","place":"БЕНТЛИКА","area":11765.45099651,"cadreg":14,"pnum":"47"}},{"type":"Feature","geometry":{"type":"Polygon","coordinates":[[[24.81111,42.265776],[24.811803,42.265655],[24.811238,42.264054],[24.810545,42.264175],[24.81111,42.265776]]]},"properties":{"cadnum":"21169.14.48","purptype":"Земеделска","usetype":"Нива","proptype":"Частна","immaddr":"с. Динк","place":"БЕНТЛИКА","area":10797.100638474,"cadreg":14,"pnum":"48"}},{"type":"Feature","geometry":{"type":"Polygon","coordinates":[[[24.812124,42.265599],[24.811559,42.263998],[24.811238,42.264054],[24.811803,42.265655],[24.812124,42.265599]]]},"properties":{"cadnum":"21169.14.49","purptype":"Земеделска","usetype":"Нива","proptype":"Частна","immaddr":"с. Динк","place":"БЕНТЛИКА","area":4999.6620480157,"cadreg":14,"pnum":"49"}},{"type":"Feature","geometry":{"type":"Polygon","coordinates":[[[24.81188,42.263942],[24.811559,42.263998],[24.812124,42.265599],[24.812445,42.265543],[24.81188,42.263942]]]},"properties":{"cadnum":"21169.14.50","purptype":"Земеделска","usetype":"Нива","proptype":"Частна","immaddr":"с. Динк","place":"БЕНТЛИКА","area":4997.7279264665,"cadreg":14,"pnum":"50"}},{"type":"Feature","geometry":{"type":"Polygon","coordinates":[[[24.810628,42.260799],[24.811562,42.262541],[24.812135,42.262441],[24.811201,42.260699],[24.810628,42.260799]]]},"properties":{"cadnum":"21169.14.53","purptype":"Земеделска","usetype":"Нива","proptype":"Частна","immaddr":"с. Динк","place":"БЕНТЛИКА","area":10002.924544005,"cadreg":14,"pnum":"53"}},{"type":"Feature","geometry":{"type":"Polygon","coordinates":[[[24.810628,42.260799],[24.810055,42.260899],[24.810989,42.262641],[24.811562,42.262541],[24.810628,42.260799]]]},"properties":{"cadnum":"21169.14.54","purptype":"Земеделска","usetype":"Нива","proptype":"Частна","immaddr":"с. Динк","place":"БЕНТЛИКА","area":9998.2897960443,"cadreg":14,"pnum":"54"}},{"type":"Feature","geometry":{"type":"Polygon","coordinates":[[[24.810703,42.262691],[24.810989,42.262641],[24.810055,42.260899],[24.809768,42.260949],[24.810703,42.262691]]]},"properties":{"cadnum":"21169.14.55","purptype":"Земеделска","usetype":"Нива","proptype":"Частна","immaddr":"с. Динк","place":"БЕНТЛИКА","area":5000.2484969663,"cadreg":14,"pnum":"55"}},{"type":"Feature","geometry":{"type":"Polygon","coordinates":[[[24.808024,42.261254],[24.807443,42.261355],[24.808377,42.263097],[24.808959,42.262995],[24.808024,42.261254]]]},"properties":{"cadnum":"21169.14.56","purptype":"Земеделска","usetype":"Овощна градина","proptype":"Частна","immaddr":"с. Динк","place":"БЕНТЛИКА","area":10148.543166523,"cadreg":14,"pnum":"56"}},{"type":"Feature","geometry":{"type":"Polygon","coordinates":[[[24.808959,42.262995],[24.80954,42.262894],[24.808606,42.261152],[24.808024,42.261254],[24.808959,42.262995]]]},"properties":{"cadnum":"21169.14.57","purptype":"Земеделска","usetype":"Овощна градина","proptype":"Частна","immaddr":"с. Динк","place":"БЕНТЛИКА","area":10148.967292007,"cadreg":14,"pnum":"57"}},{"type":"Feature","geometry":{"type":"Polygon","coordinates":[[[24.805475,42.262941],[24.80629,42.263461],[24.806789,42.263374],[24.80581,42.262749],[24.805475,42.262941]]]},"properties":{"cadnum":"21169.14.58","purptype":"Земеделска","usetype":"Нива","proptype":"Частна","immaddr":"с. Динк","place":"БЕНТЛИКА","area":3332.2109309839,"cadreg":14,"pnum":"58"}},{"type":"Feature","geometry":{"type":"Polygon","coordinates":[[[24.802464,42.262351],[24.803094,42.262753],[24.803812,42.262342],[24.803182,42.26194],[24.802464,42.262351]]]},"properties":{"cadnum":"21169.14.59","purptype":"Земеделска","usetype":"Нива","proptype":"Частна","immaddr":"с. Динк","place":"БЕНТЛИКА","area":5023.4074330202,"cadreg":14,"pnum":"59"}},{"type":"Feature","geometry":{"type":"Polygon","coordinates":[[[24.803182,42.26194],[24.803812,42.262342],[24.80453,42.261932],[24.8039,42.261529],[24.803182,42.26194]]]},"properties":{"cadnum":"21169.14.60","purptype":"Земеделска","usetype":"Нива","proptype":"Частна","immaddr":"с. Динк","place":"БЕНТЛИКА","area":5021.6504740245,"cadreg":14,"pnum":"60"}},{"type":"Feature","geometry":{"type":"Polygon","coordinates":[[[24.8039,42.261529],[24.804447,42.261878],[24.805204,42.261746],[24.804544,42.26116],[24.8039,42.261529]]]},"properties":{"cadnum":"21169.14.61","purptype":"Земеделска","usetype":"Нива","proptype":"Частна","immaddr":"с. Динк","place":"БЕНТЛИКА","area":4385.0572325148,"cadreg":14,"pnum":"61"}},{"type":"Feature","geometry":{"type":"Polygon","coordinates":[[[24.804544,42.26116],[24.805204,42.261746],[24.80621,42.261571],[24.805275,42.260742],[24.804544,42.26116]]]},"properties":{"cadnum":"21169.14.62","purptype":"Земеделска","usetype":"Нива","proptype":"Частна","immaddr":"с. Динк","place":"БЕНТЛИКА","area":7800.2589949613,"cadreg":14,"pnum":"62"}},{"type":"Feature","geometry":{"type":"Polygon","coordinates":[[[24.805275,42.260742],[24.80621,42.261571],[24.806978,42.261436],[24.805822,42.260411],[24.805465,42.260633],[24.805275,42.260742]]]},"properties":{"cadnum":"21169.14.63","purptype":"Земеделска","usetype":"Нива","proptype":"Частна","immaddr":"с. Динк","place":"БЕНТЛИКА","area":7798.438923048,"cadreg":14,"pnum":"63"}},{"type":"Feature","geometry":{"type":"Polygon","coordinates":[[[24.806978,42.261436],[24.8074,42.261363],[24.806119,42.260226],[24.805822,42.260411],[24.806978,42.261436]]]},"properties":{"cadnum":"21169.14.64","purptype":"Земеделска","usetype":"Нива","proptype":"Държавна частна","immaddr":"с. Динк","place":"БЕНТЛИКА","area":5000.3174539654,"cadreg":14,"pnum":"64"}},{"type":"Feature","geometry":{"type":"Polygon","coordinates":[[[24.808574,42.260375],[24.810986,42.25921],[24.810796,42.258992],[24.808348,42.260174],[24.808574,42.260375]]]},"properties":{"cadnum":"21169.14.67","purptype":"Земеделска","usetype":"Нива","proptype":"Частна","immaddr":"с. Динк","place":"БЕНТЛИКА","area":6895.9167214957,"cadreg":14,"pnum":"67"}},{"type":"Feature","geometry":{"type":"Polygon","coordinates":[[[24.808348,42.260174],[24.810796,42.258992],[24.810613,42.258784],[24.808132,42.259982],[24.808348,42.260174]]]},"properties":{"cadnum":"21169.14.68","purptype":"Земеделска","usetype":"Нива","proptype":"Частна","immaddr":"с. Динк","place":"БЕНТЛИКА","area":6699.7007099359,"cadreg":14,"pnum":"68"}},{"type":"Feature","geometry":{"type":"Polygon","coordinates":[[[24.807918,42.259793],[24.808132,42.259982],[24.810613,42.258784],[24.810433,42.258578],[24.807918,42.259793]]]},"properties":{"cadnum":"21169.14.69","purptype":"Земеделска","usetype":"Нива","proptype":"Частна","immaddr":"с. Динк","place":"БЕНТЛИКА","area":6701.5680040458,"cadreg":14,"pnum":"69"}},{"type":"Feature","geometry":{"type":"Polygon","coordinates":[[[24.80801,42.266318],[24.807561,42.265046],[24.807291,42.265093],[24.80774,42.266365],[24.80801,42.266318]]]},"properties":{"cadnum":"21169.14.70","purptype":"Земеделска","usetype":"Нива","proptype":"Частна","immaddr":"с. Динк","place":"БЕНТЛИКА","area":3341.4397320264,"cadreg":14,"pnum":"70"}},{"type":"Feature","geometry":{"type":"Polygon","coordinates":[[[24.808248,42.266276],[24.807683,42.264675],[24.807175,42.264764],[24.807291,42.265093],[24.807561,42.265046],[24.80801,42.266318],[24.808248,42.266276]]]},"properties":{"cadnum":"21169.14.71","purptype":"Земеделска","usetype":"Нива","proptype":"Частна","immaddr":"с. Динк","place":"БЕНТЛИКА","area":4577.7841524693,"cadreg":14,"pnum":"71"}},{"type":"Feature","geometry":{"type":"Polygon","coordinates":[[[24.808542,42.266225],[24.807977,42.264624],[24.807683,42.264675],[24.808248,42.266276],[24.808542,42.266225]]]},"properties":{"cadnum":"21169.14.72","purptype":"Земеделска","usetype":"Нива","proptype":"Частна","immaddr":"с. Динк","place":"БЕНТЛИКА","area":4582.6102710054,"cadreg":14,"pnum":"72"}},{"type":"Feature","geometry":{"type":"Polygon","coordinates":[[[24.808863,42.266169],[24.808298,42.264568],[24.807977,42.264624],[24.808542,42.266225],[24.808863,42.266169]]]},"properties":{"cadnum":"21169.14.73","purptype":"Земеделска","usetype":"Нива","proptype":"Частна","immaddr":"с. Динк","place":"БЕНТЛИКА","area":5000.4781259746,"cadreg":14,"pnum":"73"}},{"type":"Feature","geometry":{"type":"Polygon","coordinates":[[[24.809184,42.266113],[24.808619,42.264511],[24.808298,42.264568],[24.808863,42.266169],[24.809184,42.266113]]]},"properties":{"cadnum":"21169.14.74","purptype":"Земеделска","usetype":"Нива","proptype":"Частна","immaddr":"с. Динк","place":"БЕНТЛИКА","area":5000.4273220041,"cadreg":14,"pnum":"74"}},{"type":"Feature","geometry":{"type":"Polygon","coordinates":[[[24.809505,42.266057],[24.80894,42.264455],[24.808619,42.264511],[24.809184,42.266113],[24.809505,42.266057]]]},"properties":{"cadnum":"21169.14.75","purptype":"Земеделска","usetype":"Нива","proptype":"Частна","immaddr":"с. Динк","place":"БЕНТЛИКА","area":5000.359743006,"cadreg":14,"pnum":"75"}},{"type":"Feature","geometry":{"type":"Polygon","coordinates":[[[24.809261,42.264399],[24.80894,42.264455],[24.809505,42.266057],[24.809826,42.266001],[24.809261,42.264399]]]},"properties":{"cadnum":"21169.14.76","purptype":"Земеделска","usetype":"Нива","proptype":"Частна","immaddr":"с. Динк","place":"БЕНТЛИКА","area":5000.259107981,"cadreg":14,"pnum":"76"}},{"type":"Feature","geometry":{"type":"Polygon","coordinates":[[[24.809312,42.261029],[24.807464,42.25939],[24.806119,42.260226],[24.8074,42.261363],[24.809312,42.261029]]]},"properties":{"cadnum":"21169.14.78","purptype":"Земеделска","usetype":"Нива","proptype":"Частна","immaddr":"с. Динк","place":"БЕНТЛИКА","area":29099.382771002,"cadreg":14,"pnum":"78"}},{"type":"Feature","geometry":{"type":"Polygon","coordinates":[[[24.809505,42.264357],[24.809038,42.263037],[24.80861,42.263112],[24.809076,42.264432],[24.809505,42.264357]]]},"properties":{"cadnum":"21169.14.79","purptype":"Земеделска","usetype":"Нива","proptype":"Частна","immaddr":"с. Динк","place":"БЕНТЛИКА","area":5500.4304905075,"cadreg":14,"pnum":"79"}},{"type":"Feature","geometry":{"type":"Polygon","coordinates":[[[24.809933,42.264282],[24.809467,42.262962],[24.809038,42.263037],[24.809505,42.264357],[24.809933,42.264282]]]},"properties":{"cadnum":"21169.14.80","purptype":"Земеделска","usetype":"Нива","proptype":"Частна","immaddr":"с. Динк","place":"БЕНТЛИКА","area":5500.5503764767,"cadreg":14,"pnum":"80"}},{"type":"Feature","geometry":{"type":"Polygon","coordinates":[[[24.810167,42.264241],[24.8097,42.262921],[24.809467,42.262962],[24.809933,42.264282],[24.810167,42.264241]]]},"properties":{"cadnum":"21169.14.81","purptype":"Земеделска","usetype":"Нива","proptype":"Частна","immaddr":"с. Динк","place":"БЕНТЛИКА","area":3000.4612384991,"cadreg":14,"pnum":"81"}},{"type":"Feature","geometry":{"type":"Polygon","coordinates":[[[24.810634,42.26416],[24.810168,42.26284],[24.8097,42.262921],[24.810167,42.264241],[24.810634,42.26416]]]},"properties":{"cadnum":"21169.14.82","purptype":"Земеделска","usetype":"Нива","proptype":"Частна","immaddr":"с. Динк","place":"БЕНТЛИКА","area":6000.2362670062,"cadreg":14,"pnum":"82"}},{"type":"Feature","geometry":{"type":"Polygon","coordinates":[[[24.806777,42.266533],[24.806212,42.264932],[24.805826,42.264999],[24.806391,42.2666],[24.806777,42.266533]]]},"properties":{"cadnum":"21169.14.83","purptype":"Земеделска","usetype":"Нива","proptype":"Частна","immaddr":"с. Динк","place":"БЕНТЛИКА","area":5999.9473900274,"cadreg":14,"pnum":"83"}},{"type":"Feature","geometry":{"type":"Polygon","coordinates":[[[24.807033,42.266488],[24.806468,42.264887],[24.806212,42.264932],[24.806777,42.266533],[24.807033,42.266488]]]},"properties":{"cadnum":"21169.14.84","purptype":"Земеделска","usetype":"Нива","proptype":"Частна","immaddr":"с. Динк","place":"БЕНТЛИКА","area":4000.2978725036,"cadreg":14,"pnum":"84"}},{"type":"Feature","geometry":{"type":"Polygon","coordinates":[[[24.814268,42.263246],[24.814286,42.263002],[24.812213,42.263364],[24.812386,42.263854],[24.814213,42.263535],[24.814268,42.263246]]]},"properties":{"cadnum":"21169.14.85","purptype":"Земеделска","usetype":"Нива","proptype":"Частна","immaddr":"с. Динк","place":"БЕНТЛИКА","area":9331.6434220065,"cadreg":14,"pnum":"85"}},{"type":"Feature","geometry":{"type":"Polygon","coordinates":[[[24.814386,42.262518],[24.812058,42.262925],[24.812213,42.263364],[24.814286,42.263002],[24.814328,42.262678],[24.814344,42.262603],[24.814386,42.262518]]]},"properties":{"cadnum":"21169.14.86","purptype":"Земеделска","usetype":"Нива","proptype":"Частна","immaddr":"с. Динк","place":"БЕНТЛИКА","area":9331.9103865253,"cadreg":14,"pnum":"86"}},{"type":"Feature","geometry":{"type":"Polygon","coordinates":[[[24.814386,42.262518],[24.814418,42.262455],[24.814444,42.262356],[24.81446,42.262254],[24.814455,42.262091],[24.811919,42.262534],[24.812058,42.262925],[24.814386,42.262518]]]},"properties":{"cadnum":"21169.14.87","purptype":"Земеделска","usetype":"Нива","proptype":"Частна","immaddr":"с. Динк","place":"БЕНТЛИКА","area":9331.9863884208,"cadreg":14,"pnum":"87"}},{"type":"Feature","geometry":{"type":"Polygon","coordinates":[[[24.81245,42.262386],[24.811516,42.260644],[24.811201,42.260699],[24.812135,42.262441],[24.81245,42.262386]]]},"properties":{"cadnum":"21169.14.88","purptype":"Земеделска","usetype":"Нива","proptype":"Частна","immaddr":"с. Динк","place":"БЕНТЛИКА","area":5500.6534920164,"cadreg":14,"pnum":"88"}},{"type":"Feature","geometry":{"type":"Polygon","coordinates":[[[24.812831,42.261314],[24.812146,42.260534],[24.811516,42.260644],[24.81245,42.262386],[24.814455,42.262036],[24.81448,42.261851],[24.813771,42.261706],[24.813264,42.261583],[24.813138,42.261528],[24.812947,42.261414],[24.812831,42.261314]]]},"properties":{"cadnum":"21169.14.89","purptype":"Земеделска","usetype":"Нива","proptype":"Частна","immaddr":"с. Динк","place":"БЕНТЛИКА","area":19801.204211957,"cadreg":14,"pnum":"89"}},{"type":"Feature","geometry":{"type":"Polygon","coordinates":[[[24.814016,42.265449],[24.814049,42.265316],[24.813968,42.265333],[24.813951,42.265425],[24.813931,42.265465],[24.814016,42.265449]]]},"properties":{"cadnum":"21169.14.92","purptype":"Територия на транспорта","usetype":"За местен път","proptype":"Общинска публична","immaddr":"с. Динк","place":"БЕНТЛИКА","area":94.328179002795,"cadreg":14,"pnum":"92"}},{"type":"Feature","geometry":{"type":"Polygon","coordinates":[[[24.81454,42.261823],[24.814488,42.261816],[24.814474,42.261874],[24.814455,42.262036],[24.81446,42.262254],[24.814444,42.262356],[24.814418,42.262455],[24.814344,42.262603],[24.814328,42.262678],[24.814295,42.262896],[24.814268,42.263246],[24.814213,42.263535],[24.814157,42.263715],[24.814068,42.264145],[24.814057,42.264216],[24.814066,42.264282],[24.814125,42.264391],[24.814133,42.264439],[24.813968,42.265333],[24.814049,42.265316],[24.814206,42.26445],[24.814119,42.264252],[24.814105,42.264173],[24.814179,42.263855],[24.814221,42.263743],[24.814275,42.263536],[24.81439,42.26269],[24.814462,42.262468],[24.814515,42.262243],[24.814522,42.26188],[24.81454,42.261823]]]},"properties":{"cadnum":"21169.14.93","purptype":"Земеделска","usetype":"За селскостопански, горски, ведомствен път","proptype":"Общинска публична","immaddr":"с. Динк","place":"БЕНТЛИКА","area":2014.6110234952,"cadreg":14,"pnum":"93"}},{"type":"Feature","geometry":{"type":"Polygon","coordinates":[[[24.807402,42.269303],[24.80844,42.269103],[24.807921,42.267636],[24.806877,42.267819],[24.807402,42.269303]]]},"properties":{"cadnum":"21169.15.2","purptype":"Земеделска","usetype":"Нива","proptype":"Частна","immaddr":"с. Динк","place":"КАРАТОПЛИЙСК.ЛИВАДИ","area":14998.314529522,"cadreg":15,"pnum":"2"}},{"type":"Feature","geometry":{"type":"Polygon","coordinates":[[[24.80844,42.269103],[24.809527,42.268893],[24.809015,42.267445],[24.807921,42.267636],[24.80844,42.269103]]]},"properties":{"cadnum":"21169.15.3","purptype":"Земеделска","usetype":"Нива","proptype":"Частна","immaddr":"с. Динк","place":"КАРАТОПЛИЙСК.ЛИВАДИ","area":15503.695289997,"cadreg":15,"pnum":"3"}},{"type":"Feature","geometry":{"type":"Polygon","coordinates":[[[24.805792,42.266864],[24.806176,42.267941],[24.807348,42.267736],[24.806967,42.266659],[24.805792,42.266864]]]},"properties":{"cadnum":"21169.15.6","purptype":"Земеделска","usetype":"Нива","proptype":"Частна","immaddr":"с. Динк","place":"КАРАТОПЛИЙСК.ЛИВАДИ","area":12295.11001747,"cadreg":15,"pnum":"6"}},{"type":"Feature","geometry":{"type":"Polygon","coordinates":[[[24.807348,42.267736],[24.808779,42.267486],[24.808398,42.266409],[24.806967,42.266659],[24.807348,42.267736]]]},"properties":{"cadnum":"21169.15.7","purptype":"Земеделска","usetype":"Нива","proptype":"Частна","immaddr":"с. Динк","place":"КАРАТОПЛИЙСК.ЛИВАДИ","area":14998.056303018,"cadreg":15,"pnum":"7"}},{"type":"Feature","geometry":{"type":"Polygon","coordinates":[[[24.81095,42.268618],[24.810446,42.267195],[24.809728,42.26732],[24.810235,42.268756],[24.81095,42.268618]]]},"properties":{"cadnum":"21169.15.12","purptype":"Земеделска","usetype":"Нива","proptype":"Частна","immaddr":"с. Динк","place":"КАРАТОПЛИЙСК.ЛИВАДИ","area":9997.5005870311,"cadreg":15,"pnum":"12"}},{"type":"Feature","geometry":{"type":"Polygon","coordinates":[[[24.812138,42.267954],[24.810805,42.26821],[24.81095,42.268618],[24.812123,42.268393],[24.812138,42.267954]]]},"properties":{"cadnum":"21169.15.13","purptype":"Земеделска","usetype":"Нива","proptype":"Частна","immaddr":"с. Динк","place":"КАРАТОПЛИЙСК.ЛИВАДИ","area":4999.4134024714,"cadreg":15,"pnum":"13"}},{"type":"Feature","geometry":{"type":"Polygon","coordinates":[[[24.812154,42.267562],[24.810677,42.267846],[24.810805,42.26821],[24.812138,42.267954],[24.812154,42.267562]]]},"properties":{"cadnum":"21169.15.14","purptype":"Земеделска","usetype":"Нива","proptype":"Частна","immaddr":"с. Динк","place":"КАРАТОПЛИЙСК.ЛИВАДИ","area":4999.7171600225,"cadreg":15,"pnum":"14"}},{"type":"Feature","geometry":{"type":"Polygon","coordinates":[[[24.812168,42.267206],[24.81056,42.267515],[24.810677,42.267846],[24.812154,42.267562],[24.812168,42.267206]]]},"properties":{"cadnum":"21169.15.15","purptype":"Земеделска","usetype":"Нива","proptype":"Частна","immaddr":"с. Динк","place":"КАРАТОПЛИЙСК.ЛИВАДИ","area":4999.2542370137,"cadreg":15,"pnum":"15"}},{"type":"Feature","geometry":{"type":"Polygon","coordinates":[[[24.812181,42.266892],[24.810446,42.267195],[24.81056,42.267515],[24.812168,42.267206],[24.812181,42.266892]]]},"properties":{"cadnum":"21169.15.16","purptype":"Земеделска","usetype":"Нива","proptype":"Частна","immaddr":"с. Динк","place":"КАРАТОПЛИЙСК.ЛИВАДИ","area":5002.3027034523,"cadreg":15,"pnum":"16"}},{"type":"Feature","geometry":{"type":"Polygon","coordinates":[[[24.8122,42.266567],[24.810819,42.266809],[24.810926,42.267111],[24.812181,42.266892],[24.8122,42.266567]]]},"properties":{"cadnum":"21169.15.17","purptype":"Земеделска","usetype":"Нива","proptype":"Частна","immaddr":"с. Динк","place":"КАРАТОПЛИЙСК.ЛИВАДИ","area":3877.561530011,"cadreg":15,"pnum":"17"}},{"type":"Feature","geometry":{"type":"Polygon","coordinates":[[[24.812218,42.26627],[24.810721,42.266532],[24.810819,42.266809],[24.8122,42.266567],[24.812218,42.26627]]]},"properties":{"cadnum":"21169.15.18","purptype":"Земеделска","usetype":"Нива","proptype":"Частна","immaddr":"с. Динк","place":"КАРАТОПЛИЙСК.ЛИВАДИ","area":3877.8478350263,"cadreg":15,"pnum":"18"}},{"type":"Feature","geometry":{"type":"Polygon","coordinates":[[[24.812234,42.265995],[24.810629,42.266275],[24.810721,42.266532],[24.812218,42.26627],[24.812234,42.265995]]]},"properties":{"cadnum":"21169.15.19","purptype":"Земеделска","usetype":"Нива","proptype":"Частна","immaddr":"с. Динк","place":"КАРАТОПЛИЙСК.ЛИВАДИ","area":3878.3548930043,"cadreg":15,"pnum":"19"}},{"type":"Feature","geometry":{"type":"Polygon","coordinates":[[[24.81225,42.265736],[24.810544,42.266034],[24.810629,42.266275],[24.812234,42.265995],[24.81225,42.265736]]]},"properties":{"cadnum":"21169.15.20","purptype":"Земеделска","usetype":"Нива","proptype":"Частна","immaddr":"с. Динк","place":"КАРАТОПЛИЙСК.ЛИВАДИ","area":3878.515266494,"cadreg":15,"pnum":"20"}},{"type":"Feature","geometry":{"type":"Polygon","coordinates":[[[24.806708,42.269437],[24.807402,42.269303],[24.807134,42.268546],[24.806437,42.268681],[24.806708,42.269437]]]},"properties":{"cadnum":"21169.15.21","purptype":"Земеделска","usetype":"Нива","proptype":"Частна","immaddr":"с. Динк","place":"КАРАТОПЛИЙСК.ЛИВАДИ","area":5152.9681324713,"cadreg":15,"pnum":"21"}},{"type":"Feature","geometry":{"type":"Polygon","coordinates":[[[24.806877,42.267819],[24.806176,42.267941],[24.806437,42.268681],[24.807134,42.268546],[24.806877,42.267819]]]},"properties":{"cadnum":"21169.15.22","purptype":"Земеделска","usetype":"Нива","proptype":"Частна","immaddr":"с. Динк","place":"КАРАТОПЛИЙСК.ЛИВАДИ","area":5000.7723490262,"cadreg":15,"pnum":"22"}},{"type":"Feature","geometry":{"type":"Polygon","coordinates":[[[24.809804,42.267537],[24.809728,42.26732],[24.809015,42.267445],[24.809527,42.268893],[24.809984,42.268805],[24.809553,42.267586],[24.809804,42.267537]]]},"properties":{"cadnum":"21169.15.23","purptype":"Земеделска","usetype":"Нива","proptype":"Частна","immaddr":"с. Динк","place":"КАРАТОПЛИЙСК.ЛИВАДИ","area":6999.9240569938,"cadreg":15,"pnum":"23"}},{"type":"Feature","geometry":{"type":"Polygon","coordinates":[[[24.809984,42.268805],[24.810235,42.268756],[24.809804,42.267537],[24.809553,42.267586],[24.809984,42.268805]]]},"properties":{"cadnum":"21169.15.24","purptype":"Земеделска","usetype":"Нива","proptype":"Частна","immaddr":"с. Динк","place":"КАРАТОПЛИЙСК.ЛИВАДИ","area":2998.8449685048,"cadreg":15,"pnum":"24"}},{"type":"Feature","geometry":{"type":"Polygon","coordinates":[[[24.809495,42.267361],[24.809113,42.266284],[24.808398,42.266409],[24.808779,42.267486],[24.809495,42.267361]]]},"properties":{"cadnum":"21169.15.202","purptype":"Земеделска","usetype":"Нива","proptype":"Частна","immaddr":"с. Динк","place":"КАРАТОПЛИЙСКИ ЛИВАДИ","area":7499.2840710194,"cadreg":15,"pnum":"202"}},{"type":"Feature","geometry":{"type":"Polygon","coordinates":[[[24.81021,42.267236],[24.809829,42.266159],[24.809113,42.266284],[24.809495,42.267361],[24.81021,42.267236]]]},"properties":{"cadnum":"21169.15.203","purptype":"Земеделска","usetype":"Нива","proptype":"Частна","immaddr":"с. Динк","place":"КАРАТОПЛИЙСКИ ЛИВАДИ","area":7499.4177460136,"cadreg":15,"pnum":"203"}},{"type":"Feature","geometry":{"type":"Polygon","coordinates":[[[24.810926,42.267111],[24.810544,42.266034],[24.809829,42.266159],[24.81021,42.267236],[24.810926,42.267111]]]},"properties":{"cadnum":"21169.15.204","purptype":"Земеделска","usetype":"Нива","proptype":"Частна","immaddr":"с. Динк","place":"КАРАТОПЛИЙСКИ ЛИВАДИ","area":7499.358234023,"cadreg":15,"pnum":"204"}},{"type":"Feature","geometry":{"type":"Polygon","coordinates":[[[24.813953,42.265394],[24.813968,42.265333],[24.805645,42.266789],[24.805679,42.266884],[24.805733,42.266875],[24.805718,42.266831],[24.813953,42.265394]]]},"properties":{"cadnum":"21169.15.205","purptype":"Територия, заета от води и водни обекти","usetype":"Напоителен канал","proptype":"Общинска публична","immaddr":"с. Динк","area":4305.6473749629,"cadreg":15,"pnum":"205"}},{"type":"Feature","geometry":{"type":"Polygon","coordinates":[[[24.806497,42.269025],[24.805733,42.266875],[24.805679,42.266884],[24.807241,42.271277],[24.809447,42.282258],[24.809445,42.282294],[24.809509,42.282292],[24.80729,42.271257],[24.806698,42.269561],[24.806664,42.269492],[24.806497,42.269025]]]},"properties":{"cadnum":"21169.15.206","purptype":"Територия, заета от води и водни обекти","usetype":"Напоителен канал","proptype":"Общинска публична","immaddr":"с. Динк","area":8365.4938850298,"cadreg":15,"pnum":"206"}},{"type":"Feature","geometry":{"type":"Polygon","coordinates":[[[24.806664,42.269492],[24.812122,42.268439],[24.812123,42.268393],[24.806708,42.269437],[24.805792,42.266864],[24.805733,42.266875],[24.806664,42.269492]]]},"properties":{"cadnum":"21169.15.207","purptype":"Земеделска","usetype":"За селскостопански, горски, ведомствен път","proptype":"Общинска публична","immaddr":"с. Динк","place":"КАРАТОПЛИЙСК.ЛИВАДИ","area":3823.0132789494,"cadreg":15,"pnum":"207"}},{"type":"Feature","geometry":{"type":"Polygon","coordinates":[[[24.81225,42.265736],[24.812278,42.265685],[24.805718,42.266831],[24.805733,42.266875],[24.81225,42.265736]]]},"properties":{"cadnum":"21169.15.208","purptype":"Територия на транспорта","usetype":"За местен път","proptype":"Общинска публична","immaddr":"с. Динк","place":"КАРАТОПЛИЙСК.ЛИВАДИ","area":2763.4533692712,"cadreg":15,"pnum":"208"}},{"type":"Feature","geometry":{"type":"Polygon","coordinates":[[[24.795459,42.271933],[24.795464,42.272052],[24.795947,42.272064],[24.795956,42.271933],[24.795459,42.271933]]]},"properties":{"cadnum":"21169.501.1","purptype":"Урбанизирана","usetype":"Ниско застрояване (до 10 m)","proptype":"Общинска частна","quarter":"2","immaddr":"с. Динк, ул. СТАРА ПЛАНИНА №35","area":568.20299050054,"cadreg":501,"pnum":"1"}},{"type":"Feature","geometry":{"type":"Polygon","coordinates":[[[24.795459,42.271933],[24.795956,42.271933],[24.795965,42.271814],[24.795457,42.271814],[24.795459,42.271933]]]},"properties":{"cadnum":"21169.501.2","purptype":"Урбанизирана","usetype":"Ниско застрояване (до 10 m)","proptype":"Общинска частна","quarter":"2","immaddr":"с. Динк, ул. СТАРА ПЛАНИНА №33","area":541.10817099972,"cadreg":501,"pnum":"2"}},{"type":"Feature","geometry":{"type":"Polygon","coordinates":[[[24.795975,42.271672],[24.795453,42.271659],[24.795457,42.271814],[24.795965,42.271814],[24.795975,42.271672]]]},"properties":{"cadnum":"21169.501.3","purptype":"Урбанизирана","usetype":"Ниско застрояване (до 10 m)","proptype":"Общинска частна","quarter":"2","immaddr":"с. Динк, ул. СТАРА ПЛАНИНА №31","area":696.30240001383,"cadreg":501,"pnum":"3"}},{"type":"Feature","geometry":{"type":"Polygon","coordinates":[[[24.795453,42.271659],[24.795975,42.271672],[24.795984,42.27155],[24.795451,42.271545],[24.795453,42.271659]]]},"properties":{"cadnum":"21169.501.4","purptype":"Урбанизирана","usetype":"Ниско застрояване (до 10 m)","proptype":"Общинска частна","quarter":"2","immaddr":"с. Динк, ул. СТАРА ПЛАНИНА №29","area":573.61334600643,"cadreg":501,"pnum":"4"}},{"type":"Feature","geometry":{"type":"Polygon","coordinates":[[[24.795984,42.27155],[24.795994,42.271407],[24.795446,42.271382],[24.795451,42.271545],[24.795984,42.27155]]]},"properties":{"cadnum":"21169.501.5","purptype":"Урбанизирана","usetype":"Ниско застрояване (до 10 m)","proptype":"Общинска частна","quarter":"2","immaddr":"с. Динк, ул. СТАРА ПЛАНИНА №27","area":759.17154697017,"cadreg":501,"pnum":"5"}},{"type":"Feature","geometry":{"type":"Polygon","coordinates":[[[24.796001,42.271296],[24.795444,42.271275],[24.795446,42.271382],[24.795994,42.271407],[24.796001,42.271296]]]},"properties":{"cadnum":"21169.501.6","purptype":"Урбанизирана","usetype":"Ниско застрояване (до 10 m)","proptype":"Общинска частна","quarter":"2","immaddr":"с. Динк, ул. СТАРА ПЛАНИНА №25","area":549.31284650945,"cadreg":501,"pnum":"6"}},{"type":"Feature","geometry":{"type":"Polygon","coordinates":[[[24.795444,42.271275],[24.796001,42.271296],[24.79601,42.271172],[24.795449,42.271157],[24.795444,42.271275]]]},"properties":{"cadnum":"21169.501.7","purptype":"Урбанизирана","usetype":"Ниско застрояване (до 10 m)","proptype":"Общинска частна","quarter":"2","immaddr":"с. Динк, ул. СТАРА ПЛАНИНА №23-а","area":626.78342849563,"cadreg":501,"pnum":"7"}},{"type":"Feature","geometry":{"type":"Polygon","coordinates":[[[24.796018,42.27106],[24.796026,42.270932],[24.795481,42.270914],[24.795464,42.271042],[24.796018,42.27106]]]},"properties":{"cadnum":"21169.501.8","purptype":"Урбанизирана","usetype":"Ниско застрояване (до 10 m)","proptype":"Общинска частна","quarter":"2","immaddr":"с. Динк, ул. СТАРА ПЛАНИНА №21","area":649.92829448798,"cadreg":501,"pnum":"8"}},{"type":"Feature","geometry":{"type":"Polygon","coordinates":[[[24.795481,42.270914],[24.796026,42.270932],[24.79604,42.270799],[24.795497,42.270788],[24.795481,42.270914]]]},"properties":{"cadnum":"21169.501.9","purptype":"Урбанизирана","usetype":"Ниско застрояване (до 10 m)","proptype":"Общинска частна","quarter":"2","immaddr":"с. Динк, ул. СТАРА ПЛАНИНА №19","area":643.40227401661,"cadreg":501,"pnum":"9"}},{"type":"Feature","geometry":{"type":"Polygon","coordinates":[[[24.796052,42.270686],[24.795513,42.270665],[24.795497,42.270788],[24.79604,42.270799],[24.796052,42.270686]]]},"properties":{"cadnum":"21169.501.10","purptype":"Урбанизирана","usetype":"Ниско застрояване (до 10 m)","proptype":"Общинска частна","quarter":"2","immaddr":"с. Динк, ул. СТАРА ПЛАНИНА №17","area":587.27409600532,"cadreg":501,"pnum":"10"}},{"type":"Feature","geometry":{"type":"Polygon","coordinates":[[[24.796066,42.270551],[24.79553,42.270535],[24.795513,42.270665],[24.796052,42.270686],[24.796066,42.270551]]]},"properties":{"cadnum":"21169.501.11","purptype":"Урбанизирана","usetype":"Ниско застрояване (до 10 m)","proptype":"Общинска частна","quarter":"2","immaddr":"с. Динк, ул. СТАРА ПЛАНИНА №15","area":664.14076249061,"cadreg":501,"pnum":"11"}},{"type":"Feature","geometry":{"type":"Polygon","coordinates":[[[24.79553,42.270535],[24.796066,42.270551],[24.796079,42.270421],[24.795549,42.270382],[24.79553,42.270535]]]},"properties":{"cadnum":"21169.501.12","purptype":"Урбанизирана","usetype":"Ниско застрояване (до 10 m)","proptype":"Общинска частна","quarter":"2","immaddr":"с. Динк, ул. СТАРА ПЛАНИНА №13","area":686.19368099123,"cadreg":501,"pnum":"12"}},{"type":"Feature","geometry":{"type":"Polygon","coordinates":[[[24.795562,42.27028],[24.795549,42.270382],[24.796079,42.270421],[24.79609,42.270314],[24.795562,42.27028]]]},"properties":{"cadnum":"21169.501.13","purptype":"Урбанизирана","usetype":"Ниско застрояване (до 10 m)","proptype":"Общинска частна","quarter":"2","immaddr":"с. Динк, ул. СТАРА ПЛАНИНА №11","area":512.11553851647,"cadreg":501,"pnum":"13"}},{"type":"Feature","geometry":{"type":"Polygon","coordinates":[[[24.795579,42.270155],[24.795562,42.27028],[24.79609,42.270314],[24.796109,42.270174],[24.795579,42.270155]]]},"properties":{"cadnum":"21169.501.14","purptype":"Урбанизирана","usetype":"Ниско застрояване (до 10 m)","proptype":"Общинска частна","quarter":"2","immaddr":"с. Динк, ул. СТАРА ПЛАНИНА №9","area":645.7378469793,"cadreg":501,"pnum":"14"}},{"type":"Feature","geometry":{"type":"Polygon","coordinates":[[[24.795928,42.270028],[24.795595,42.27003],[24.795579,42.270155],[24.796109,42.270174],[24.796121,42.270042],[24.795928,42.270028]]]},"properties":{"cadnum":"21169.501.15","purptype":"Урбанизирана","usetype":"Ниско застрояване (до 10 m)","proptype":"Общинска частна","quarter":"2","immaddr":"с. Динк, ул. СТАРА ПЛАНИНА №7","area":646.71860801955,"cadreg":501,"pnum":"15"}},{"type":"Feature","geometry":{"type":"Polygon","coordinates":[[[24.795928,42.270028],[24.796121,42.270042],[24.79614,42.269907],[24.795613,42.269903],[24.795595,42.27003],[24.795928,42.270028]]]},"properties":{"cadnum":"21169.501.16","purptype":"Урбанизирана","usetype":"Ниско застрояване (до 10 m)","proptype":"Общинска частна","quarter":"2","immaddr":"с. Динк, ул. СТАРА ПЛАНИНА №5","area":616.1691909844,"cadreg":501,"pnum":"16"}},{"type":"Feature","geometry":{"type":"Polygon","coordinates":[[[24.79614,42.269907],[24.796158,42.269781],[24.795628,42.269766],[24.795613,42.269903],[24.79614,42.269907]]]},"properties":{"cadnum":"21169.501.17","purptype":"Урбанизирана","usetype":"Ниско застрояване (до 10 m)","proptype":"Общинска частна","quarter":"2","immaddr":"с. Динк, ул. СТАРА ПЛАНИНА №3","area":638.1699165167,"cadreg":501,"pnum":"17"}},{"type":"Feature","geometry":{"type":"Polygon","coordinates":[[[24.795634,42.269622],[24.795628,42.269766],[24.795902,42.269771],[24.795905,42.269669],[24.795891,42.269563],[24.795891,42.269468],[24.795612,42.269489],[24.795634,42.269622]]]},"properties":{"cadnum":"21169.501.18","purptype":"Урбанизирана","usetype":"Ниско застрояване (до 10 m)","proptype":"Общинска частна","immaddr":"с. Динк, ул. ЮРИЙ ГАГАРИН №1","area":721.29837749893,"cadreg":501,"pnum":"18"}},{"type":"Feature","geometry":{"type":"Polygon","coordinates":[[[24.795905,42.269669],[24.795902,42.269771],[24.796158,42.269781],[24.796202,42.269441],[24.795891,42.269468],[24.795891,42.269563],[24.795905,42.269669]]]},"properties":{"cadnum":"21169.501.19","purptype":"Урбанизирана","usetype":"Ниско застрояване (до 10 m)","proptype":"Общинска частна","quarter":"2","immaddr":"с. Динк, ул. \"Стара планина\" №1","area":828.24803000079,"cadreg":501,"pnum":"19"}},{"type":"Feature","geometry":{"type":"Polygon","coordinates":[[[24.795449,42.271157],[24.79601,42.271172],[24.796018,42.27106],[24.795464,42.271042],[24.795449,42.271157]]]},"properties":{"cadnum":"21169.501.20","purptype":"Урбанизирана","usetype":"Ниско застрояване (до 10 m)","proptype":"Общинска частна","quarter":"2","immaddr":"с. Динк, ул. СТАРА ПЛАНИНА №23","area":579.54206401198,"cadreg":501,"pnum":"20"}},{"type":"Feature","geometry":{"type":"Polygon","coordinates":[[[24.796313,42.269432],[24.796295,42.269627],[24.796578,42.269643],[24.796618,42.269407],[24.796313,42.269432]]]},"properties":{"cadnum":"21169.501.21","purptype":"Урбанизирана","usetype":"Ниско застрояване (до 10 m)","proptype":"Общинска частна","quarter":"18","immaddr":"с. Динк, ул. ЮРИЙ ГАГАРИН №1","area":582.11083649755,"cadreg":501,"pnum":"21"}},{"type":"Feature","geometry":{"type":"Polygon","coordinates":[[[24.796618,42.269407],[24.796578,42.269643],[24.796823,42.269665],[24.796833,42.269389],[24.796618,42.269407]]]},"properties":{"cadnum":"21169.501.22","purptype":"Урбанизирана","usetype":"Ниско застрояване (до 10 m)","proptype":"Частна","quarter":"18","immaddr":"с. Динк, ул. ЮРИЙ ГАГАРИН №3","area":540.47368749046,"cadreg":501,"pnum":"22"}},{"type":"Feature","geometry":{"type":"Polygon","coordinates":[[[24.796295,42.269627],[24.796272,42.2698],[24.7968,42.269835],[24.796823,42.269665],[24.796295,42.269627]]]},"properties":{"cadnum":"21169.501.23","purptype":"Урбанизирана","usetype":"Ниско застрояване (до 10 m)","proptype":"Частна","quarter":"18","immaddr":"с. Динк, ул. СТАРА ПЛАНИНА №14","area":846.42492149993,"cadreg":501,"pnum":"23"}},{"type":"Feature","geometry":{"type":"Polygon","coordinates":[[[24.796255,42.26998],[24.796774,42.270014],[24.7968,42.269835],[24.796274,42.2698],[24.796255,42.26998]]]},"properties":{"cadnum":"21169.501.24","purptype":"Урбанизирана","usetype":"Ниско застрояване (до 10 m)","proptype":"Общинска частна","quarter":"18","immaddr":"с. Динк, ул. СТАРА ПЛАНИНА №16","area":866.81561250394,"cadreg":501,"pnum":"24"}},{"type":"Feature","geometry":{"type":"Polygon","coordinates":[[[24.796233,42.270184],[24.796464,42.2702],[24.796501,42.269996],[24.796255,42.26998],[24.796233,42.270184]]]},"properties":{"cadnum":"21169.501.25","purptype":"Урбанизирана","usetype":"Ниско застрояване (до 10 m)","proptype":"Частна","quarter":"18","immaddr":"с. Динк, ул. СТАРА ПЛАНИНА №18","area":449.47661749738,"cadreg":501,"pnum":"25"}},{"type":"Feature","geometry":{"type":"Polygon","coordinates":[[[24.796464,42.2702],[24.796743,42.270222],[24.796774,42.270014],[24.796501,42.269996],[24.796464,42.2702]]]},"properties":{"cadnum":"21169.501.26","purptype":"Урбанизирана","usetype":"Ниско застрояване (до 10 m)","proptype":"Общинска частна","quarter":"18","immaddr":"с. Динк, ул. ИГЛИКА №13","area":528.34701750804,"cadreg":501,"pnum":"26"}},{"type":"Feature","geometry":{"type":"Polygon","coordinates":[[[24.796757,42.27031],[24.796724,42.270696],[24.796914,42.270712],[24.796948,42.270325],[24.796757,42.27031]]]},"properties":{"cadnum":"21169.501.27","purptype":"Урбанизирана","usetype":"Ниско застрояване (до 10 m)","proptype":"Общинска частна","quarter":"5","immaddr":"с. Динк, ул. ПОБЕДА №14","area":676.86532499598,"cadreg":501,"pnum":"27"}},{"type":"Feature","geometry":{"type":"Polygon","coordinates":[[[24.796727,42.27067],[24.796757,42.27031],[24.79653,42.270291],[24.796496,42.270658],[24.796727,42.27067]]]},"properties":{"cadnum":"21169.501.28","purptype":"Урбанизирана","usetype":"Ниско застрояване (до 10 m)","proptype":"Общинска частна","quarter":"5","immaddr":"с. Динк, ул. ПОБЕДА №16","area":768.13344350572,"cadreg":501,"pnum":"28"}},{"type":"Feature","geometry":{"type":"Polygon","coordinates":[[[24.796214,42.27027],[24.796196,42.270442],[24.796515,42.270469],[24.79653,42.270291],[24.796214,42.27027]]]},"properties":{"cadnum":"21169.501.29","purptype":"Урбанизирана","usetype":"Ниско застрояване (до 10 m)","proptype":"Общинска частна","quarter":"5","immaddr":"с. Динк, ул. ПОБЕДА №18","area":513.87063899875,"cadreg":501,"pnum":"29"}},{"type":"Feature","geometry":{"type":"Polygon","coordinates":[[[24.796176,42.270632],[24.796496,42.270658],[24.796515,42.270469],[24.796196,42.270442],[24.796176,42.270632]]]},"properties":{"cadnum":"21169.501.30","purptype":"Урбанизирана","usetype":"Ниско застрояване (до 10 m)","proptype":"Общинска частна","quarter":"5","immaddr":"с. Динк, ул. СТАРА ПЛАНИНА №20","area":560.47087999539,"cadreg":501,"pnum":"30"}},{"type":"Feature","geometry":{"type":"Polygon","coordinates":[[[24.796176,42.270632],[24.796155,42.270825],[24.796478,42.270847],[24.796496,42.270658],[24.796176,42.270632]]]},"properties":{"cadnum":"21169.501.31","purptype":"Урбанизирана","usetype":"Ниско застрояване (до 10 m)","proptype":"Общинска частна","quarter":"5","immaddr":"с. Динк, ул. СТАРА ПЛАНИНА №22","area":566.21416300181,"cadreg":501,"pnum":"31"}},{"type":"Feature","geometry":{"type":"Polygon","coordinates":[[[24.796718,42.270774],[24.796727,42.27067],[24.796496,42.270658],[24.796457,42.271047],[24.796668,42.271057],[24.796718,42.270774]]]},"properties":{"cadnum":"21169.501.32","purptype":"Урбанизирана","usetype":"Ниско застрояване (до 10 m)","proptype":"Общинска частна","quarter":"5","immaddr":"с. Динк, ул. Явор №2","area":798.92852300229,"cadreg":501,"pnum":"32"}},{"type":"Feature","geometry":{"type":"Polygon","coordinates":[[[24.796478,42.270847],[24.796155,42.270825],[24.796133,42.271033],[24.796457,42.271047],[24.796478,42.270847]]]},"properties":{"cadnum":"21169.501.33","purptype":"Урбанизирана","usetype":"Ниско застрояване (до 10 m)","proptype":"Общинска частна","quarter":"5","immaddr":"с. Динк, ул. СТАРА ПЛАНИНА №18","area":607.93839299749,"cadreg":501,"pnum":"33"}},{"type":"Feature","geometry":{"type":"Polygon","coordinates":[[[24.796546,42.271376],[24.79656,42.271142],[24.796127,42.271122],[24.796112,42.27136],[24.796546,42.271376]]]},"properties":{"cadnum":"21169.501.34","purptype":"Урбанизирана","usetype":"Ниско застрояване (до 10 m)","proptype":"Общинска частна","quarter":"1","immaddr":"с. Динк, ул. СТАРА ПЛАНИНА №26","area":939.10722301346,"cadreg":501,"pnum":"34"}},{"type":"Feature","geometry":{"type":"Polygon","coordinates":[[[24.796915,42.271391],[24.796937,42.271159],[24.79656,42.271142],[24.796546,42.271376],[24.796915,42.271391]]]},"properties":{"cadnum":"21169.501.35","purptype":"Урбанизирана","usetype":"Ниско застрояване (до 10 m)","proptype":"Общинска частна","quarter":"1","immaddr":"с. Динк, ул. Явор №1","area":798.09332348806,"cadreg":501,"pnum":"35"}},{"type":"Feature","geometry":{"type":"Polygon","coordinates":[[[24.796673,42.271542],[24.796685,42.271382],[24.796112,42.27136],[24.7961,42.271531],[24.796673,42.271542]]]},"properties":{"cadnum":"21169.501.36","purptype":"Урбанизирана","usetype":"Ниско застрояване (до 10 m)","proptype":"Общинска частна","quarter":"1","immaddr":"с. Динк, ул. СТАРА ПЛАНИНА №28","area":871.13123447266,"cadreg":501,"pnum":"36"}},{"type":"Feature","geometry":{"type":"Polygon","coordinates":[[[24.796664,42.271683],[24.796673,42.271542],[24.7961,42.271531],[24.796092,42.271676],[24.796664,42.271683]]]},"properties":{"cadnum":"21169.501.37","purptype":"Урбанизирана","usetype":"Ниско застрояване (до 10 m)","proptype":"Общинска частна","quarter":"1","immaddr":"с. Динк, ул. СТАРА ПЛАНИНА №30","area":750.44411200963,"cadreg":501,"pnum":"37"}},{"type":"Feature","geometry":{"type":"Polygon","coordinates":[[[24.796083,42.271825],[24.796651,42.271836],[24.796664,42.271683],[24.796092,42.271676],[24.796083,42.271825]]]},"properties":{"cadnum":"21169.501.38","purptype":"Урбанизирана","usetype":"Ниско застрояване (до 10 m)","proptype":"Общинска частна","quarter":"1","immaddr":"с. Динк, ул. СТАРА ПЛАНИНА №32","area":792.67825599904,"cadreg":501,"pnum":"38"}},{"type":"Feature","geometry":{"type":"Polygon","coordinates":[[[24.796303,42.272075],[24.796316,42.27183],[24.796083,42.271825],[24.796068,42.272059],[24.796084,42.272067],[24.796303,42.272075]]]},"properties":{"cadnum":"21169.501.39","purptype":"Урбанизирана","usetype":"Ниско застрояване (до 10 m)","proptype":"Общинска частна","quarter":"1","immaddr":"с. Динк, ул. СТАРА ПЛАНИНА №34","area":521.50401150138,"cadreg":501,"pnum":"39"}},{"type":"Feature","geometry":{"type":"Polygon","coordinates":[[[24.796303,42.272075],[24.796515,42.272082],[24.796538,42.271834],[24.796316,42.27183],[24.796303,42.272075]]]},"properties":{"cadnum":"21169.501.40","purptype":"Урбанизирана","usetype":"Ниско застрояване (до 10 m)","proptype":"Общинска частна","quarter":"1","immaddr":"с. Динк, ул. ИГЛИКА","area":489.36552549577,"cadreg":501,"pnum":"40"}},{"type":"Feature","geometry":{"type":"Polygon","coordinates":[[[24.796696,42.272088],[24.796717,42.27184],[24.79671,42.271837],[24.796538,42.271834],[24.796515,42.272082],[24.796696,42.272088]]]},"properties":{"cadnum":"21169.501.41","purptype":"Урбанизирана","usetype":"Ниско застрояване (до 10 m)","proptype":"Общинска частна","quarter":"1","immaddr":"с. Динк, ул. ИГЛИКА","area":410.99098000204,"cadreg":501,"pnum":"41"}},{"type":"Feature","geometry":{"type":"Polygon","coordinates":[[[24.796696,42.272088],[24.796873,42.272094],[24.796883,42.271842],[24.796717,42.27184],[24.796696,42.272088]]]},"properties":{"cadnum":"21169.501.42","purptype":"Урбанизирана","usetype":"Ниско застрояване (до 10 m)","proptype":"Общинска частна","quarter":"1","immaddr":"с. Динк, ул. ИГЛИКА №6","area":399.22557250765,"cadreg":501,"pnum":"42"}},{"type":"Feature","geometry":{"type":"Polygon","coordinates":[[[24.796873,42.272094],[24.797136,42.272102],[24.797224,42.272085],[24.797232,42.271846],[24.796883,42.271842],[24.796873,42.272094]]]},"properties":{"cadnum":"21169.501.43","purptype":"Урбанизирана","usetype":"Ниско застрояване (до 10 m)","proptype":"Общинска частна","quarter":"1","immaddr":"с. Динк, ул. ИГЛИКА","area":801.11348001569,"cadreg":501,"pnum":"43"}},{"type":"Feature","geometry":{"type":"Polygon","coordinates":[[[24.796651,42.271836],[24.79705,42.271847],[24.797232,42.271846],[24.797237,42.271689],[24.796664,42.271683],[24.796651,42.271836]]]},"properties":{"cadnum":"21169.501.44","purptype":"Урбанизирана","usetype":"Ниско застрояване (до 10 m)","proptype":"Общинска частна","quarter":"1","immaddr":"с. Динк, ул. ХАДЖИ ДИМИТЪР №15","area":833.26691098934,"cadreg":501,"pnum":"44"}},{"type":"Feature","geometry":{"type":"Polygon","coordinates":[[[24.797242,42.271552],[24.797247,42.271401],[24.796685,42.271382],[24.796673,42.271542],[24.797242,42.271552]]]},"properties":{"cadnum":"21169.501.47","purptype":"Урбанизирана","usetype":"Ниско застрояване (до 10 m)","proptype":"Общинска частна","quarter":"1","immaddr":"с. Динк, ул. ХАДЖИ ДИМИТЪР №13","area":804.88251950942,"cadreg":501,"pnum":"47"}},{"type":"Feature","geometry":{"type":"Polygon","coordinates":[[[24.797247,42.271401],[24.797254,42.271174],[24.796937,42.271159],[24.796915,42.271391],[24.797247,42.271401]]]},"properties":{"cadnum":"21169.501.48","purptype":"Урбанизирана","usetype":"Ниско застрояване (до 10 m)","proptype":"Общинска частна","quarter":"1","immaddr":"с. Динк, ул. Явор №3","area":683.11510149379,"cadreg":501,"pnum":"48"}},{"type":"Feature","geometry":{"type":"Polygon","coordinates":[[[24.796919,42.270651],[24.796907,42.270786],[24.797286,42.270815],[24.797299,42.270684],[24.796919,42.270651]]]},"properties":{"cadnum":"21169.501.49","purptype":"Урбанизирана","usetype":"Ниско застрояване (до 10 m)","proptype":"Частна","quarter":"5","immaddr":"с. Динк, ул. ХАДЖИ ДИМИТЪР №11","area":467.50266150996,"cadreg":501,"pnum":"49"}},{"type":"Feature","geometry":{"type":"Polygon","coordinates":[[[24.796932,42.270508],[24.797313,42.270545],[24.797331,42.270357],[24.796948,42.270325],[24.796932,42.270508]]]},"properties":{"cadnum":"21169.501.50","purptype":"Урбанизирана","usetype":"Ниско застрояване (до 10 m)","proptype":"Общинска частна","quarter":"5","immaddr":"с. Динк, ул. ХАДЖИ ДИМИТЪР №7","area":655.25521950108,"cadreg":501,"pnum":"50"}},{"type":"Feature","geometry":{"type":"Polygon","coordinates":[[[24.797344,42.270268],[24.797379,42.270072],[24.797072,42.27004],[24.797055,42.270247],[24.797344,42.270268]]]},"properties":{"cadnum":"21169.501.51","purptype":"Урбанизирана","usetype":"Ниско застрояване (до 10 m)","proptype":"Общинска частна","quarter":"18","immaddr":"с. Динк, ул. ХАДЖИ ДИМИТЪР №5","area":554.21995999628,"cadreg":501,"pnum":"51"}},{"type":"Feature","geometry":{"type":"Polygon","coordinates":[[[24.796743,42.270222],[24.797055,42.270247],[24.797072,42.27004],[24.796774,42.270014],[24.796743,42.270222]]]},"properties":{"cadnum":"21169.501.52","purptype":"Урбанизирана","usetype":"Ниско застрояване (до 10 m)","proptype":"Общинска частна","quarter":"18","immaddr":"с. Динк, ул. ИГЛИКА №11","area":586.91988050243,"cadreg":501,"pnum":"52"}},{"type":"Feature","geometry":{"type":"Polygon","coordinates":[[[24.797404,42.269881],[24.7968,42.269835],[24.796774,42.270014],[24.797379,42.270072],[24.797404,42.269881]]]},"properties":{"cadnum":"21169.501.53","purptype":"Урбанизирана","usetype":"Ниско застрояване (до 10 m)","proptype":"Общинска частна","quarter":"18","immaddr":"с. Динк, ул. ХАДЖИ ДИМИТЪР №3","area":1031.0424829953,"cadreg":501,"pnum":"53"}},{"type":"Feature","geometry":{"type":"Polygon","coordinates":[[[24.79743,42.269692],[24.796823,42.269665],[24.7968,42.269835],[24.797404,42.269881],[24.79743,42.269692]]]},"properties":{"cadnum":"21169.501.54","purptype":"Урбанизирана","usetype":"Ниско застрояване (до 10 m)","proptype":"Общинска частна","quarter":"18","immaddr":"с. Динк, ул. ХАДЖИ ДИМИТЪР №1","area":999.3396995207,"cadreg":501,"pnum":"54"}},{"type":"Feature","geometry":{"type":"Polygon","coordinates":[[[24.797152,42.26968],[24.797141,42.269366],[24.796833,42.269389],[24.796823,42.269665],[24.797152,42.26968]]]},"properties":{"cadnum":"21169.501.55","purptype":"Урбанизирана","usetype":"Ниско застрояване (до 10 m)","proptype":"Общинска частна","quarter":"18","immaddr":"с. Динк, ул. ЮРИЙ ГАГАРИН №5","area":867.97818749301,"cadreg":501,"pnum":"55"}},{"type":"Feature","geometry":{"type":"Polygon","coordinates":[[[24.797141,42.269366],[24.797152,42.269515],[24.797152,42.26968],[24.79743,42.269692],[24.797475,42.269337],[24.797141,42.269366]]]},"properties":{"cadnum":"21169.501.56","purptype":"Урбанизирана","usetype":"Ниско застрояване (до 10 m)","proptype":"Общинска частна","quarter":"18","immaddr":"с. Динк, ул. ЮРИЙ ГАГАРИН №7","area":932.36043199894,"cadreg":501,"pnum":"56"}},{"type":"Feature","geometry":{"type":"Polygon","coordinates":[[[24.797544,42.269211],[24.797426,42.268811],[24.797094,42.268836],[24.797161,42.269237],[24.797544,42.269211]]]},"properties":{"cadnum":"21169.501.58","purptype":"Урбанизирана","usetype":"Ниско застрояване (до 10 m)","proptype":"Общинска частна","immaddr":"с. Динк, ул. КЕДЪР №2","area":1339.5535319985,"cadreg":501,"pnum":"58"}},{"type":"Feature","geometry":{"type":"Polygon","coordinates":[[[24.796935,42.269256],[24.797161,42.269237],[24.797094,42.268836],[24.796867,42.268855],[24.796935,42.269256]]]},"properties":{"cadnum":"21169.501.59","purptype":"Урбанизирана","usetype":"Ниско застрояване (до 10 m)","proptype":"Общинска частна","immaddr":"с. Динк, ул. ЮРИЙ ГАГАРИН","area":848.55736398998,"cadreg":501,"pnum":"59"}},{"type":"Feature","geometry":{"type":"Polygon","coordinates":[[[24.796639,42.268873],[24.796707,42.269277],[24.796935,42.269256],[24.796867,42.268855],[24.796639,42.268873]]]},"properties":{"cadnum":"21169.501.60","purptype":"Урбанизирана","usetype":"Ниско застрояване (до 10 m)","proptype":"Общинска частна","immaddr":"с. Динк, ул. ЮРИЙ ГАГАРИН №4","area":855.83044948989,"cadreg":501,"pnum":"60"}},{"type":"Feature","geometry":{"type":"Polygon","coordinates":[[[24.796309,42.269312],[24.796707,42.269277],[24.796669,42.269074],[24.796279,42.26911],[24.796309,42.269312]]]},"properties":{"cadnum":"21169.501.61","purptype":"Урбанизирана","usetype":"Ниско застрояване (до 10 m)","proptype":"Общинска частна","quarter":"19","immaddr":"с. Динк, ул. ЮРИЙ ГАГАРИН №2","area":739.98579899077,"cadreg":501,"pnum":"61"}},{"type":"Feature","geometry":{"type":"Polygon","coordinates":[[[24.796669,42.269074],[24.796639,42.268873],[24.796244,42.268908],[24.796279,42.26911],[24.796669,42.269074]]]},"properties":{"cadnum":"21169.501.62","purptype":"Урбанизирана","usetype":"Ниско застрояване (до 10 m)","proptype":"Частна","immaddr":"с. Динк, ул. СТАРА ПЛАНИНА","area":731.98234250185,"cadreg":501,"pnum":"62"}},{"type":"Feature","geometry":{"type":"Polygon","coordinates":[[[24.796806,42.26886],[24.796785,42.268676],[24.796214,42.268732],[24.796244,42.268908],[24.796806,42.26886]]]},"properties":{"cadnum":"21169.501.63","purptype":"Урбанизирана","usetype":"Ниско застрояване (до 10 m)","proptype":"Общинска частна","immaddr":"с. Динк, ул. СТАРА ПЛАНИНА №8","area":942.99453850062,"cadreg":501,"pnum":"63"}},{"type":"Feature","geometry":{"type":"Polygon","coordinates":[[[24.797321,42.268454],[24.797263,42.268259],[24.796735,42.268311],[24.796761,42.268505],[24.797321,42.268454]]]},"properties":{"cadnum":"21169.501.65","purptype":"Урбанизирана","usetype":"Ниско застрояване (до 10 m)","proptype":"Общинска частна","quarter":"19","immaddr":"с. Динк, ул. КЕДЪР №6","area":992.30649500263,"cadreg":501,"pnum":"65"}},{"type":"Feature","geometry":{"type":"Polygon","coordinates":[[[24.796761,42.268505],[24.796185,42.268556],[24.796214,42.268732],[24.796785,42.268676],[24.796761,42.268505]]]},"properties":{"cadnum":"21169.501.66","purptype":"Урбанизирана","usetype":"Ниско застрояване (до 10 m)","proptype":"Общинска частна","immaddr":"с. Динк, ул. СТАРА ПЛАНИНА №6","area":925.91425499462,"cadreg":501,"pnum":"66"}},{"type":"Feature","geometry":{"type":"Polygon","coordinates":[[[24.796735,42.268311],[24.796154,42.268364],[24.796185,42.268556],[24.796761,42.268505],[24.796735,42.268311]]]},"properties":{"cadnum":"21169.501.67","purptype":"Урбанизирана","usetype":"Ниско застрояване (до 10 m)","proptype":"Общинска частна","immaddr":"с. Динк, ул. СТАРА ПЛАНИНА","area":1035.6598355163,"cadreg":501,"pnum":"67"}},{"type":"Feature","geometry":{"type":"Polygon","coordinates":[[[24.796704,42.268164],[24.796669,42.267984],[24.796107,42.268083],[24.796133,42.268238],[24.796704,42.268164]]]},"properties":{"cadnum":"21169.501.68","purptype":"Урбанизирана","usetype":"Ниско застрояване (до 10 m)","proptype":"Частна","immaddr":"с. Динк, ул. \"Съединение\" №1","area":891.14766200044,"cadreg":501,"pnum":"68"}},{"type":"Feature","geometry":{"type":"Polygon","coordinates":[[[24.79691,42.267942],[24.796669,42.267984],[24.796735,42.268311],[24.797029,42.268281],[24.79691,42.267942]]]},"properties":{"cadnum":"21169.501.69","purptype":"Урбанизирана","usetype":"Ниско застрояване (до 10 m)","proptype":"Общинска частна","quarter":"19","immaddr":"с. Динк, ул. СЪЕДИНЕНИЕ","area":848.31787649131,"cadreg":501,"pnum":"69"}},{"type":"Feature","geometry":{"type":"Polygon","coordinates":[[[24.797274,42.267874],[24.797662,42.269192],[24.79891,42.269094],[24.798923,42.269033],[24.797828,42.267778],[24.797274,42.267874]]]},"properties":{"cadnum":"21169.501.70","purptype":"Урбанизирана","usetype":"За друг вид озеленени площи","proptype":"Общинска публична","quarter":"20","immaddr":"с. Динк, ул. ЮРИЙ ГАГАРИН","area":11908.382920988,"cadreg":501,"pnum":"70"}},{"type":"Feature","geometry":{"type":"Polygon","coordinates":[[[24.798864,42.270316],[24.79914,42.270325],[24.799198,42.270262],[24.79916,42.270138],[24.798834,42.27018],[24.798864,42.270259],[24.798864,42.270316]]]},"properties":{"cadnum":"21169.501.71","purptype":"Урбанизирана","usetype":"Ниско застрояване (до 10 m)","proptype":"Общинска частна","quarter":"17","immaddr":"с. Динк, ул. РОДОПИ","area":482.90370998333,"cadreg":501,"pnum":"71"}},{"type":"Feature","geometry":{"type":"Polygon","coordinates":[[[24.797701,42.26932],[24.797668,42.269587],[24.79804,42.269607],[24.798061,42.269292],[24.797701,42.26932]]]},"properties":{"cadnum":"21169.501.73","purptype":"Урбанизирана","usetype":"Ниско застрояване (до 10 m)","proptype":"Общинска частна","quarter":"17","immaddr":"с. Динк, ул. ХАДЖИ ДИМИТЪР №2","area":977.61364599317,"cadreg":501,"pnum":"73"}},{"type":"Feature","geometry":{"type":"Polygon","coordinates":[[[24.797668,42.269587],[24.797637,42.269836],[24.798225,42.269861],[24.798262,42.269614],[24.797668,42.269587]]]},"properties":{"cadnum":"21169.501.74","purptype":"Урбанизирана","usetype":"Ниско застрояване (до 10 m)","proptype":"Частна","quarter":"17","immaddr":"с. Динк, ул. ХАДЖИ ДИМИТЪР №4","area":1343.5203380179,"cadreg":501,"pnum":"74"}},{"type":"Feature","geometry":{"type":"Polygon","coordinates":[[[24.797612,42.27005],[24.798201,42.270091],[24.798225,42.269861],[24.797637,42.269836],[24.797612,42.27005]]]},"properties":{"cadnum":"21169.501.75","purptype":"Урбанизирана","usetype":"Ниско застрояване (до 10 m)","proptype":"Частна","quarter":"17","immaddr":"с. Динк, ул. ХАДЖИ ДИМИТЪР №6","area":1195.3043384916,"cadreg":501,"pnum":"75"}},{"type":"Feature","geometry":{"type":"Polygon","coordinates":[[[24.797584,42.27028],[24.798173,42.270299],[24.798201,42.270091],[24.797612,42.27005],[24.797584,42.27028]]]},"properties":{"cadnum":"21169.501.76","purptype":"Урбанизирана","usetype":"Ниско застрояване (до 10 m)","proptype":"Частна","quarter":"17","immaddr":"с. Динк, ул. ПОБЕДА №9","area":1201.9312934955,"cadreg":501,"pnum":"76"}},{"type":"Feature","geometry":{"type":"Polygon","coordinates":[[[24.798553,42.269896],[24.798225,42.269861],[24.798173,42.270299],[24.798503,42.270308],[24.798553,42.269896]]]},"properties":{"cadnum":"21169.501.77","purptype":"Урбанизирана","usetype":"Ниско застрояване (до 10 m)","proptype":"Общинска частна","quarter":"17","immaddr":"с. Динк, ул. ПОБЕДА №7","area":1288.8159120049,"cadreg":501,"pnum":"77"}},{"type":"Feature","geometry":{"type":"Polygon","coordinates":[[[24.798556,42.26987],[24.798503,42.270308],[24.798864,42.270316],[24.798864,42.270259],[24.7987,42.269846],[24.798556,42.26987]]]},"properties":{"cadnum":"21169.501.78","purptype":"Урбанизирана","usetype":"Ниско застрояване (до 10 m)","proptype":"Общинска частна","quarter":"17","immaddr":"с. Динк, ул. ПОБЕДА №5-a","area":1103.9368759958,"cadreg":501,"pnum":"78"}},{"type":"Feature","geometry":{"type":"Polygon","coordinates":[[[24.798749,42.271154],[24.798736,42.270402],[24.79757,42.27037],[24.797484,42.271094],[24.798749,42.271154]]]},"properties":{"cadnum":"21169.501.79","purptype":"Урбанизирана","usetype":"За друг вид озеленени площи","proptype":"Общинска публична","quarter":"3","immaddr":"с. Динк, ул. ПОБЕДА","area":8226.9574635274,"cadreg":501,"pnum":"79"}},{"type":"Feature","geometry":{"type":"Polygon","coordinates":[[[24.799155,42.271173],[24.799135,42.270933],[24.798745,42.270922],[24.798749,42.271154],[24.799155,42.271173]]]},"properties":{"cadnum":"21169.501.81","purptype":"Урбанизирана","usetype":"Ниско застрояване (до 10 m)","proptype":"Общинска частна","quarter":"3","immaddr":"с. Динк, ул. РОДОПИ №11","area":867.52538700046,"cadreg":501,"pnum":"81"}},{"type":"Feature","geometry":{"type":"Polygon","coordinates":[[[24.799135,42.270933],[24.799123,42.270761],[24.798741,42.270757],[24.798745,42.270922],[24.799135,42.270933]]]},"properties":{"cadnum":"21169.501.82","purptype":"Урбанизирана","usetype":"Ниско застрояване (до 10 m)","proptype":"Общинска частна","quarter":"3","immaddr":"с. Динк, ул. РОДОПИ №9","area":590.01356950084,"cadreg":501,"pnum":"82"}},{"type":"Feature","geometry":{"type":"Polygon","coordinates":[[[24.799109,42.270587],[24.798738,42.270581],[24.798741,42.270757],[24.799123,42.270761],[24.799109,42.270587]]]},"properties":{"cadnum":"21169.501.84","purptype":"Урбанизирана","usetype":"Ниско застрояване (до 10 m)","proptype":"Общинска частна","quarter":"3","immaddr":"с. Динк, ул. РОДОПИ №7","area":597.88146249739,"cadreg":501,"pnum":"84"}},{"type":"Feature","geometry":{"type":"Polygon","coordinates":[[[24.799109,42.270587],[24.799093,42.270411],[24.798736,42.270402],[24.798738,42.270581],[24.799109,42.270587]]]},"properties":{"cadnum":"21169.501.85","purptype":"Урбанизирана","usetype":"Ниско застрояване (до 10 m)","proptype":"Общинска частна","quarter":"3","immaddr":"с. Динк, ул. ПОБЕДА №8","area":595.69157050714,"cadreg":501,"pnum":"85"}},{"type":"Feature","geometry":{"type":"Polygon","coordinates":[[[24.799639,42.270732],[24.79965,42.270586],[24.799228,42.270583],[24.799241,42.270727],[24.799639,42.270732]]]},"properties":{"cadnum":"21169.501.86","purptype":"Урбанизирана","usetype":"Ниско застрояване (до 10 m)","proptype":"Частна","quarter":"4","immaddr":"с. Динк, ул. РОДОПИ №8-a","area":542.56959099856,"cadreg":501,"pnum":"86"}},{"type":"Feature","geometry":{"type":"Polygon","coordinates":[[[24.799626,42.270884],[24.799253,42.27087],[24.799268,42.27105],[24.799611,42.271047],[24.799626,42.270884]]]},"properties":{"cadnum":"21169.501.87","purptype":"Урбанизирана","usetype":"Ниско застрояване (до 10 m)","proptype":"Общинска частна","quarter":"4","immaddr":"с. Динк, ул. РОДОПИ №10","area":563.88081200412,"cadreg":501,"pnum":"87"}},{"type":"Feature","geometry":{"type":"Polygon","coordinates":[[[24.799299,42.271389],[24.799594,42.271404],[24.799599,42.27122],[24.799284,42.271227],[24.799299,42.271389]]]},"properties":{"cadnum":"21169.501.88","purptype":"Урбанизирана","usetype":"Ниско застрояване (до 10 m)","proptype":"Общинска частна","quarter":"4","immaddr":"с. Динк, ул. РОДОПИ №14","area":480.54991049381,"cadreg":501,"pnum":"88"}},{"type":"Feature","geometry":{"type":"Polygon","coordinates":[[[24.799854,42.270914],[24.799937,42.27044],[24.799662,42.270433],[24.799626,42.270884],[24.799854,42.270914]]]},"properties":{"cadnum":"21169.501.89","purptype":"Урбанизирана","usetype":"Ниско застрояване (до 10 m)","proptype":"Частна","quarter":"4","immaddr":"с. Динк, ул. ПОБЕДА №6","area":1083.8066130002,"cadreg":501,"pnum":"89"}},{"type":"Feature","geometry":{"type":"Polygon","coordinates":[[[24.799854,42.270914],[24.799809,42.271154],[24.79979,42.271413],[24.800004,42.271423],[24.800022,42.271188],[24.800082,42.270939],[24.799854,42.270914]]]},"properties":{"cadnum":"21169.501.90","purptype":"Урбанизирана","usetype":"Ниско застрояване (до 10 m)","proptype":"Частна","quarter":"4","immaddr":"с. Динк, ул. 8","area":996.59679600424,"cadreg":501,"pnum":"90"}},{"type":"Feature","geometry":{"type":"Polygon","coordinates":[[[24.800388,42.271236],[24.800022,42.271188],[24.800004,42.271423],[24.800335,42.271436],[24.800388,42.271236]]]},"properties":{"cadnum":"21169.501.91","purptype":"Урбанизирана","usetype":"Ниско застрояване (до 10 m)","proptype":"Частна","quarter":"4","immaddr":"с. Динк, ул. ЦАР СИМЕОН I №19","area":705.48124099841,"cadreg":501,"pnum":"91"}},{"type":"Feature","geometry":{"type":"Polygon","coordinates":[[[24.800518,42.270757],[24.800144,42.270691],[24.800134,42.27079],[24.800082,42.270939],[24.800456,42.270988],[24.800518,42.270757]]]},"properties":{"cadnum":"21169.501.92","purptype":"Урбанизирана","usetype":"Ниско застрояване (до 10 m)","proptype":"Частна","quarter":"4","immaddr":"с. Динк, ул. ЦАР СИМЕОН I №15","area":834.90527300106,"cadreg":501,"pnum":"92"}},{"type":"Feature","geometry":{"type":"Polygon","coordinates":[[[24.80033,42.269905],[24.800319,42.270314],[24.800322,42.27036],[24.80048,42.270337],[24.800449,42.269897],[24.80033,42.269905]]]},"properties":{"cadnum":"21169.501.93","purptype":"Урбанизирана","usetype":"Ниско застрояване (до 10 m)","proptype":"Частна","quarter":"16","immaddr":"с. Динк, ул. ПОБЕДА №1","area":578.97581650112,"cadreg":501,"pnum":"93"}},{"type":"Feature","geometry":{"type":"Polygon","coordinates":[[[24.799921,42.269923],[24.799904,42.27035],[24.800322,42.27036],[24.800327,42.269906],[24.800144,42.269919],[24.799921,42.269923]]]},"properties":{"cadnum":"21169.501.94","purptype":"Урбанизирана","usetype":"Ниско застрояване (до 10 m)","proptype":"Частна","quarter":"16","immaddr":"с. Динк, ул. ПОБЕДА №3","area":1637.4217445008,"cadreg":501,"pnum":"94"}},{"type":"Feature","geometry":{"type":"Polygon","coordinates":[[[24.799904,42.27035],[24.799921,42.269923],[24.799631,42.26994],[24.799639,42.270194],[24.799632,42.270342],[24.799904,42.27035]]]},"properties":{"cadnum":"21169.501.95","purptype":"Урбанизирана","usetype":"Ниско застрояване (до 10 m)","proptype":"Частна","quarter":"16","immaddr":"с. Динк, ул. ПОБЕДА №5","area":1064.5355895021,"cadreg":501,"pnum":"95"}},{"type":"Feature","geometry":{"type":"Polygon","coordinates":[[[24.799632,42.270342],[24.799636,42.27013],[24.799303,42.270166],[24.799349,42.270337],[24.799632,42.270342]]]},"properties":{"cadnum":"21169.501.96","purptype":"Урбанизирана","usetype":"Ниско застрояване (до 10 m)","proptype":"Частна","quarter":"16","immaddr":"с. Динк, ул. \"Родопи\" №6-А","area":547.15199150248,"cadreg":501,"pnum":"96"}},{"type":"Feature","geometry":{"type":"Polygon","coordinates":[[[24.799303,42.270166],[24.799636,42.27013],[24.799631,42.26994],[24.799525,42.269943],[24.799248,42.269988],[24.799303,42.270166]]]},"properties":{"cadnum":"21169.501.97","purptype":"Урбанизирана","usetype":"Ниско застрояване (до 10 m)","proptype":"Частна","quarter":"16","immaddr":"с. Динк, ул. РОДОПИ №6","area":634.03673699153,"cadreg":501,"pnum":"97"}},{"type":"Feature","geometry":{"type":"Polygon","coordinates":[[[24.799442,42.269771],[24.799186,42.269844],[24.799248,42.269988],[24.799525,42.269943],[24.799986,42.269922],[24.799895,42.269734],[24.799442,42.269771]]]},"properties":{"cadnum":"21169.501.98","purptype":"Урбанизирана","usetype":"Ниско застрояване (до 10 m)","proptype":"Частна","quarter":"16","immaddr":"с. Динк, ул. РОДОПИ №4","area":1207.4278154948,"cadreg":501,"pnum":"98"}},{"type":"Feature","geometry":{"type":"Polygon","coordinates":[[[24.800584,42.269888],[24.80056,42.269687],[24.799895,42.269734],[24.799986,42.269922],[24.800144,42.269919],[24.800584,42.269888]]]},"properties":{"cadnum":"21169.501.99","purptype":"Урбанизирана","usetype":"Ниско застрояване (до 10 m)","proptype":"Частна","quarter":"16","immaddr":"с. Динк, ул. ЦАР СИМЕОН I №11","area":1153.9422699918,"cadreg":501,"pnum":"99"}},{"type":"Feature","geometry":{"type":"Polygon","coordinates":[[[24.80056,42.269687],[24.800529,42.269456],[24.799721,42.269497],[24.799748,42.269744],[24.80056,42.269687]]]},"properties":{"cadnum":"21169.501.100","purptype":"Урбанизирана","usetype":"Ниско застрояване (до 10 m)","proptype":"Частна","quarter":"16","immaddr":"с. Динк, ул. ЦАР СИМЕОН I №9","area":1788.1860044962,"cadreg":501,"pnum":"100"}},{"type":"Feature","geometry":{"type":"Polygon","coordinates":[[[24.799186,42.269844],[24.799442,42.269771],[24.799748,42.269744],[24.799709,42.269449],[24.79925,42.269498],[24.799033,42.269587],[24.799186,42.269844]]]},"properties":{"cadnum":"21169.501.101","purptype":"Урбанизирана","usetype":"Ниско застрояване (до 10 m)","proptype":"Частна","quarter":"16","immaddr":"с. Динк, ул. РОДОПИ №2","area":1753.2662335083,"cadreg":501,"pnum":"101"}},{"type":"Feature","geometry":{"type":"Polygon","coordinates":[[[24.799709,42.269449],[24.799651,42.269162],[24.798898,42.269226],[24.798846,42.269272],[24.799033,42.269587],[24.79925,42.269498],[24.799709,42.269449]]]},"properties":{"cadnum":"21169.501.102","purptype":"Урбанизирана","usetype":"Ниско застрояване (до 10 m)","proptype":"Частна","quarter":"16","immaddr":"с. Динк, ул. ЮРИЙ ГАГАРИН №11","area":2184.5264469938,"cadreg":501,"pnum":"102"}},{"type":"Feature","geometry":{"type":"Polygon","coordinates":[[[24.799651,42.269162],[24.799721,42.269497],[24.800177,42.269474],[24.800136,42.269121],[24.799651,42.269162]]]},"properties":{"cadnum":"21169.501.103","purptype":"Урбанизирана","usetype":"Ниско застрояване (до 10 m)","proptype":"Частна","quarter":"16","immaddr":"с. Динк, ул. ЮРИЙ ГАГАРИН №13","area":1510.4393434913,"cadreg":501,"pnum":"103"}},{"type":"Feature","geometry":{"type":"Polygon","coordinates":[[[24.800136,42.269121],[24.800177,42.269474],[24.800529,42.269456],[24.800479,42.269095],[24.800136,42.269121]]]},"properties":{"cadnum":"21169.501.104","purptype":"Урбанизирана","usetype":"Ниско застрояване (до 10 m)","proptype":"Частна","quarter":"16","immaddr":"с. Динк, ул. \"Юрий Гагарин\"","area":1142.2176315138,"cadreg":501,"pnum":"104"}},{"type":"Feature","geometry":{"type":"Polygon","coordinates":[[[24.801476,42.269986],[24.801893,42.269837],[24.801942,42.269138],[24.80106,42.269106],[24.801175,42.269722],[24.801312,42.269714],[24.801476,42.269986]]]},"properties":{"cadnum":"21169.501.105","purptype":"Урбанизирана","usetype":"За друг обществен обект, комплекс","proptype":"Общинска публична","quarter":"15","immaddr":"с. Динк, ул. ВАСИЛ КОЛАРОВ №9","area":5318.0013460213,"cadreg":501,"pnum":"105"}},{"type":"Feature","geometry":{"type":"Polygon","coordinates":[[[24.801826,42.270813],[24.801862,42.270391],[24.801385,42.270397],[24.801392,42.270797],[24.801826,42.270813]]]},"properties":{"cadnum":"21169.501.106","purptype":"Урбанизирана","usetype":"Ниско застрояване (до 10 m)","proptype":"Частна","quarter":"7","immaddr":"с. Динк, ул. ВАСИЛ КОЛАРОВ №15","area":1716.2233035025,"cadreg":501,"pnum":"106"}},{"type":"Feature","geometry":{"type":"Polygon","coordinates":[[[24.801118,42.270607],[24.80116,42.270394],[24.801058,42.270234],[24.800761,42.270342],[24.800703,42.270556],[24.801118,42.270607]]]},"properties":{"cadnum":"21169.501.107","purptype":"Урбанизирана","usetype":"Ниско застрояване (до 10 m)","proptype":"Частна","quarter":"7","immaddr":"с. Динк, ул. ПОБЕДА №2","area":1088.1607570071,"cadreg":501,"pnum":"107"}},{"type":"Feature","geometry":{"type":"Polygon","coordinates":[[[24.801783,42.27115],[24.801807,42.270979],[24.801171,42.270959],[24.801141,42.27112],[24.801783,42.27115]]]},"properties":{"cadnum":"21169.501.108","purptype":"Урбанизирана","usetype":"Ниско застрояване (до 10 m)","proptype":"Частна","quarter":"7","immaddr":"с. Динк, ул. ВАСИЛ КОЛАРОВ №17-a","area":980.17860099081,"cadreg":501,"pnum":"108"}},{"type":"Feature","geometry":{"type":"Polygon","coordinates":[[[24.800659,42.270712],[24.800564,42.271069],[24.801137,42.271145],[24.801203,42.27079],[24.800659,42.270712]]]},"properties":{"cadnum":"21169.501.109","purptype":"Урбанизирана","usetype":"Ниско застрояване (до 10 m)","proptype":"Частна","quarter":"7","immaddr":"с. Динк, ул. ЦАР СИМЕОН I №4-a","area":1881.4822179929,"cadreg":501,"pnum":"109"}},{"type":"Feature","geometry":{"type":"Polygon","coordinates":[[[24.800464,42.271441],[24.800766,42.271453],[24.800769,42.2714],[24.800839,42.271106],[24.800564,42.271069],[24.800464,42.271441]]]},"properties":{"cadnum":"21169.501.110","purptype":"Урбанизирана","usetype":"Ниско застрояване (до 10 m)","proptype":"Частна","quarter":"7","immaddr":"с. Динк, ул. 8","area":960.58540100175,"cadreg":501,"pnum":"110"}},{"type":"Feature","geometry":{"type":"Polygon","coordinates":[[[24.800766,42.271453],[24.80109,42.271466],[24.801137,42.271145],[24.800839,42.271106],[24.800769,42.2714],[24.800766,42.271453]]]},"properties":{"cadnum":"21169.501.111","purptype":"Урбанизирана","usetype":"Ниско застрояване (до 10 m)","proptype":"Частна","quarter":"7","immaddr":"с. Динк, ул. 8","area":982.3989150192,"cadreg":501,"pnum":"111"}},{"type":"Feature","geometry":{"type":"Polygon","coordinates":[[[24.80109,42.271466],[24.801694,42.271491],[24.801755,42.271322],[24.801118,42.271291],[24.80109,42.271466]]]},"properties":{"cadnum":"21169.501.112","purptype":"Урбанизирана","usetype":"Ниско застрояване (до 10 m)","proptype":"Частна","quarter":"7","immaddr":"с. Динк, ул. ВАСИЛ КОЛАРОВ №21","area":996.37065851255,"cadreg":501,"pnum":"112"}},{"type":"Feature","geometry":{"type":"Polygon","coordinates":[[[24.803681,42.27046],[24.803689,42.270287],[24.803147,42.270282],[24.803135,42.270458],[24.803681,42.27046]]]},"properties":{"cadnum":"21169.501.115","purptype":"Урбанизирана","usetype":"Ниско застрояване (до 10 m)","proptype":"Частна","quarter":"14","immaddr":"с. Динк, ул. 9","area":869.10521701393,"cadreg":501,"pnum":"115"}},{"type":"Feature","geometry":{"type":"Polygon","coordinates":[[[24.802346,42.270455],[24.802739,42.270456],[24.802755,42.270072],[24.80237,42.270076],[24.802346,42.270455]]]},"properties":{"cadnum":"21169.501.118","purptype":"Урбанизирана","usetype":"Ниско застрояване (до 10 m)","proptype":"Частна","quarter":"14","immaddr":"с. Динк, ул. 9 №35","area":1357.5701179974,"cadreg":501,"pnum":"118"}},{"type":"Feature","geometry":{"type":"Polygon","coordinates":[[[24.802386,42.269601],[24.80206,42.269585],[24.802024,42.270081],[24.80237,42.270076],[24.802386,42.269601]]]},"properties":{"cadnum":"21169.501.119","purptype":"Урбанизирана","usetype":"Ниско застрояване (до 10 m)","proptype":"Частна","quarter":"14","immaddr":"с. Динк, ул. РАЙКО ДАСКАЛОВ №1","area":1497.8740155054,"cadreg":501,"pnum":"119"}},{"type":"Feature","geometry":{"type":"Polygon","coordinates":[[[24.802768,42.269618],[24.802386,42.269601],[24.80237,42.270076],[24.802755,42.270072],[24.802768,42.269618]]]},"properties":{"cadnum":"21169.501.120","purptype":"Урбанизирана","usetype":"Ниско застрояване (до 10 m)","proptype":"Частна","quarter":"14","immaddr":"с. Динк, ул. РАЙКО ДАСКАЛОВ №1-а","area":1619.2082105122,"cadreg":501,"pnum":"120"}},{"type":"Feature","geometry":{"type":"Polygon","coordinates":[[[24.803708,42.269858],[24.803231,42.269637],[24.803193,42.269636],[24.803161,42.270082],[24.803697,42.270098],[24.803708,42.269858]]]},"properties":{"cadnum":"21169.501.121","purptype":"Урбанизирана","usetype":"Ниско застрояване (до 10 m)","proptype":"Частна","quarter":"14","immaddr":"с. Динк, ул. РАЙКО ДАСКАЛОВ №5","area":1703.1762135081,"cadreg":501,"pnum":"121"}},{"type":"Feature","geometry":{"type":"Polygon","coordinates":[[[24.802824,42.269165],[24.80212,42.269124],[24.802089,42.269137],[24.802063,42.269495],[24.802794,42.269526],[24.802824,42.269165]]]},"properties":{"cadnum":"21169.501.122","purptype":"Урбанизирана","usetype":"За друг обществен обект, комплекс","proptype":"Общинска публична","immaddr":"с. Динк, ул. ЮРИЙ ГАГАРИН","area":2469.882101469,"cadreg":501,"pnum":"122"}},{"type":"Feature","geometry":{"type":"Polygon","coordinates":[[[24.803337,42.269562],[24.803578,42.269675],[24.803789,42.269432],[24.803607,42.269104],[24.803363,42.269184],[24.803337,42.269562]]]},"properties":{"cadnum":"21169.501.123","purptype":"Урбанизирана","usetype":"Ниско застрояване (до 10 m)","proptype":"Частна","quarter":"13","immaddr":"с. Динк, ул. РАЙКО ДАСКАЛОВ №2","area":1577.2057145019,"cadreg":501,"pnum":"123"}},{"type":"Feature","geometry":{"type":"Polygon","coordinates":[[[24.804679,42.269104],[24.804528,42.26879],[24.804213,42.268897],[24.804357,42.269197],[24.804679,42.269104]]]},"properties":{"cadnum":"21169.501.124","purptype":"Урбанизирана","usetype":"Ниско застрояване (до 10 m)","proptype":"Частна","quarter":"13","immaddr":"с. Динк, ул. ЮРИЙ ГАГАРИН №19","area":1031.6801000024,"cadreg":501,"pnum":"124"}},{"type":"Feature","geometry":{"type":"Polygon","coordinates":[[[24.804969,42.269711],[24.804832,42.269411],[24.804274,42.269559],[24.804406,42.269832],[24.804969,42.269711]]]},"properties":{"cadnum":"21169.501.125","purptype":"Урбанизирана","usetype":"Ниско застрояване (до 10 m)","proptype":"Частна","quarter":"13","immaddr":"с. Динк, ул. ВАСИЛ ЛЕВСКИ №2","area":1645.4629859898,"cadreg":501,"pnum":"125"}},{"type":"Feature","geometry":{"type":"Polygon","coordinates":[[[24.80501,42.269464],[24.805114,42.269682],[24.805484,42.269604],[24.805376,42.269374],[24.80501,42.269464]]]},"properties":{"cadnum":"21169.501.126","purptype":"Урбанизирана","usetype":"Ниско застрояване (до 10 m)","proptype":"Частна","quarter":"12","immaddr":"с. Динк, ул. ВАСИЛ ЛЕВСКИ №1","area":837.03498149904,"cadreg":501,"pnum":"126"}},{"type":"Feature","geometry":{"type":"Polygon","coordinates":[[[24.805204,42.269004],[24.805126,42.268838],[24.804763,42.268932],[24.804841,42.269093],[24.805204,42.269004]]]},"properties":{"cadnum":"21169.501.127","purptype":"Урбанизирана","usetype":"Ниско застрояване (до 10 m)","proptype":"Частна","quarter":"12","immaddr":"с. Динк, ул. ВАСИЛ ЛЕВСКИ №7","area":608.56881851196,"cadreg":501,"pnum":"127"}},{"type":"Feature","geometry":{"type":"Polygon","coordinates":[[[24.805126,42.268838],[24.805028,42.268627],[24.804674,42.268746],[24.804763,42.268932],[24.805126,42.268838]]]},"properties":{"cadnum":"21169.501.128","purptype":"Урбанизирана","usetype":"Ниско застрояване (до 10 m)","proptype":"Частна","quarter":"12","immaddr":"с. Динк, ул. ВАСИЛ ЛЕВСКИ №9","area":742.68910199454,"cadreg":501,"pnum":"128"}},{"type":"Feature","geometry":{"type":"Polygon","coordinates":[[[24.804596,42.267746],[24.804473,42.26748],[24.804356,42.267334],[24.804053,42.267451],[24.80424,42.267842],[24.804596,42.267746]]]},"properties":{"cadnum":"21169.501.131","purptype":"Урбанизирана","usetype":"Ниско застрояване (до 10 m)","proptype":"Частна","quarter":"27","immaddr":"с. Динк, ул. ВАСИЛ ЛЕВСКИ №13","area":1481.5270515055,"cadreg":501,"pnum":"131"}},{"type":"Feature","geometry":{"type":"Polygon","coordinates":[[[24.803634,42.267538],[24.803337,42.267563],[24.803274,42.267735],[24.803652,42.26775],[24.803634,42.267538]]]},"properties":{"cadnum":"21169.501.132","purptype":"Урбанизирана","usetype":"Ниско застрояване (до 10 m)","proptype":"Частна","quarter":"26","immaddr":"с. Динк, ул. НЕЗАВИСИМОСТ","area":592.13004251438,"cadreg":501,"pnum":"132"}},{"type":"Feature","geometry":{"type":"Polygon","coordinates":[[[24.803866,42.268146],[24.803982,42.268149],[24.804204,42.26809],[24.804027,42.267726],[24.803701,42.267751],[24.803709,42.268113],[24.803866,42.268146]]]},"properties":{"cadnum":"21169.501.133","purptype":"Урбанизирана","usetype":"Ниско застрояване (до 10 m)","proptype":"Частна","quarter":"26","immaddr":"с. Динк, ул. ВАСИЛ ЛЕВСКИ №10","area":1511.8811654842,"cadreg":501,"pnum":"133"}},{"type":"Feature","geometry":{"type":"Polygon","coordinates":[[[24.803274,42.267735],[24.803185,42.26798],[24.803709,42.268113],[24.803701,42.267751],[24.803274,42.267735]]]},"properties":{"cadnum":"21169.501.134","purptype":"Урбанизирана","usetype":"Ниско застрояване (до 10 m)","proptype":"Частна","quarter":"26","immaddr":"с. Динк, ул. \"Христо Смирненски\" №5","area":1351.3973859846,"cadreg":501,"pnum":"134"}},{"type":"Feature","geometry":{"type":"Polygon","coordinates":[[[24.803185,42.26798],[24.803069,42.268294],[24.803578,42.268408],[24.803709,42.268113],[24.803185,42.26798]]]},"properties":{"cadnum":"21169.501.135","purptype":"Урбанизирана","usetype":"Ниско застрояване (до 10 m)","proptype":"Частна","quarter":"26-нов, 26-стар","immaddr":"с. Динк, ул. Христо Смирненски №3","area":1570.920265998,"cadreg":501,"pnum":"135"}},{"type":"Feature","geometry":{"type":"Polygon","coordinates":[[[24.804493,42.268702],[24.804358,42.268417],[24.803937,42.268539],[24.804109,42.268834],[24.804493,42.268702]]]},"properties":{"cadnum":"21169.501.136","purptype":"Урбанизирана","usetype":"Ниско застрояване (до 10 m)","proptype":"Частна","quarter":"26","immaddr":"с. Динк, ул. ВАСИЛ ЛЕВСКИ №6","area":1249.00549701,"cadreg":501,"pnum":"136"}},{"type":"Feature","geometry":{"type":"Polygon","coordinates":[[[24.803578,42.268408],[24.803069,42.268294],[24.802914,42.268723],[24.803393,42.268827],[24.803578,42.268408]]]},"properties":{"cadnum":"21169.501.137","purptype":"Урбанизирана","usetype":"Ниско застрояване (до 10 m)","proptype":"Частна","quarter":"26","immaddr":"с. Динк, ул. Христо Смирненски №1","area":2099.2123874972,"cadreg":501,"pnum":"137"}},{"type":"Feature","geometry":{"type":"Polygon","coordinates":[[[24.802881,42.268466],[24.802437,42.26838],[24.802419,42.268697],[24.802632,42.26869],[24.802787,42.268718],[24.802881,42.268466]]]},"properties":{"cadnum":"21169.501.139","purptype":"Урбанизирана","usetype":"Ниско застрояване (до 10 m)","proptype":"Частна","quarter":"25","immaddr":"с. Динк, ул. Христо Смирненски №2","area":1049.411046497,"cadreg":501,"pnum":"139"}},{"type":"Feature","geometry":{"type":"Polygon","coordinates":[[[24.802432,42.268564],[24.802434,42.26833],[24.802065,42.268355],[24.802075,42.268568],[24.802432,42.268564]]]},"properties":{"cadnum":"21169.501.140","purptype":"Урбанизирана","usetype":"Ниско застрояване (до 10 m)","proptype":"Частна","quarter":"25","immaddr":"с. Динк, ул. ВАСИЛ КОЛАРОВ №30","area":746.99690751233,"cadreg":501,"pnum":"140"}},{"type":"Feature","geometry":{"type":"Polygon","coordinates":[[[24.802881,42.268466],[24.802947,42.268282],[24.802838,42.268276],[24.802437,42.268206],[24.802437,42.26838],[24.802881,42.268466]]]},"properties":{"cadnum":"21169.501.141","purptype":"Урбанизирана","usetype":"Ниско застрояване (до 10 m)","proptype":"Частна","quarter":"25","immaddr":"с. Динк, ул. Христо Смирненски №4","area":786.32033549527,"cadreg":501,"pnum":"141"}},{"type":"Feature","geometry":{"type":"Polygon","coordinates":[[[24.802058,42.268208],[24.802065,42.268355],[24.802434,42.26833],[24.802436,42.268181],[24.802058,42.268208]]]},"properties":{"cadnum":"21169.501.142","purptype":"Урбанизирана","usetype":"Ниско застрояване (до 10 m)","proptype":"Частна","quarter":"25","immaddr":"с. Динк, ул. ВАСИЛ КОЛАРОВ №28","area":504.95871699582,"cadreg":501,"pnum":"142"}},{"type":"Feature","geometry":{"type":"Polygon","coordinates":[[[24.802058,42.268208],[24.802436,42.268181],[24.802426,42.267881],[24.802042,42.267897],[24.802058,42.268208]]]},"properties":{"cadnum":"21169.501.143","purptype":"Урбанизирана","usetype":"Ниско застрояване (до 10 m)","proptype":"Частна","quarter":"25","immaddr":"с. Динк, ул. ВАСИЛ КОЛАРОВ №26","area":1067.7049445065,"cadreg":501,"pnum":"143"}},{"type":"Feature","geometry":{"type":"Polygon","coordinates":[[[24.803158,42.267713],[24.803149,42.267575],[24.802851,42.267581],[24.802868,42.267881],[24.803085,42.267906],[24.803158,42.267713]]]},"properties":{"cadnum":"21169.501.145","purptype":"Урбанизирана","usetype":"Ниско застрояване (до 10 m)","proptype":"Частна","quarter":"25","immaddr":"с. Динк, ул. НЕЗАВИСИМОСТ","area":799.94002400493,"cadreg":501,"pnum":"145"}},{"type":"Feature","geometry":{"type":"Polygon","coordinates":[[[24.802736,42.267874],[24.802868,42.267881],[24.802851,42.267581],[24.802421,42.267587],[24.802426,42.267881],[24.802736,42.267874]]]},"properties":{"cadnum":"21169.501.146","purptype":"Урбанизирана","usetype":"Ниско застрояване (до 10 m)","proptype":"Частна","quarter":"25","immaddr":"с. Динк, ул. НЕЗАВИСИМОСТ №3","area":1170.2189404917,"cadreg":501,"pnum":"146"}},{"type":"Feature","geometry":{"type":"Polygon","coordinates":[[[24.802042,42.267897],[24.802426,42.267881],[24.802421,42.267587],[24.802028,42.267592],[24.802042,42.267897]]]},"properties":{"cadnum":"21169.501.147","purptype":"Урбанизирана","usetype":"Ниско застрояване (до 10 m)","proptype":"Частна","quarter":"25","immaddr":"с. Динк, ул. ВАСИЛ КОЛАРОВ №24","area":1070.0785364934,"cadreg":501,"pnum":"147"}},{"type":"Feature","geometry":{"type":"Polygon","coordinates":[[[24.801902,42.267982],[24.801885,42.267598],[24.80168,42.267613],[24.80147,42.267658],[24.801607,42.267985],[24.8016,42.268001],[24.801902,42.267982]]]},"properties":{"cadnum":"21169.501.148","purptype":"Урбанизирана","usetype":"Ниско застрояване (до 10 m)","proptype":"Частна","immaddr":"с. Динк, ул. ВАСИЛ КОЛАРОВ №7","area":1225.1532969966,"cadreg":501,"pnum":"148"}},{"type":"Feature","geometry":{"type":"Polygon","coordinates":[[[24.80147,42.267658],[24.800831,42.267807],[24.800788,42.267836],[24.801006,42.268022],[24.801234,42.267862],[24.801274,42.267858],[24.801528,42.26779],[24.80147,42.267658]]]},"properties":{"cadnum":"21169.501.149","purptype":"Урбанизирана","usetype":"Ниско застрояване (до 10 m)","proptype":"Частна","quarter":"24","immaddr":"с. Динк, ул. НЕЗАВИСИМОСТ №1","area":1055.7534539868,"cadreg":501,"pnum":"149"}},{"type":"Feature","geometry":{"type":"Polygon","coordinates":[[[24.801607,42.267985],[24.801528,42.26779],[24.801274,42.267858],[24.801234,42.267862],[24.801006,42.268022],[24.801203,42.268187],[24.801452,42.268023],[24.801607,42.267985]]]},"properties":{"cadnum":"21169.501.151","purptype":"Урбанизирана","usetype":"Ниско застрояване (до 10 m)","proptype":"Частна","quarter":"24","immaddr":"с. Динк, ул. ВЪЗРАЖДАНЕ №24","area":1097.3891370012,"cadreg":501,"pnum":"151"}},{"type":"Feature","geometry":{"type":"Polygon","coordinates":[[[24.8016,42.268001],[24.801607,42.267985],[24.801452,42.268023],[24.801203,42.268187],[24.801452,42.268396],[24.801643,42.268232],[24.801685,42.268213],[24.801608,42.268146],[24.80163,42.268133],[24.801584,42.268093],[24.801605,42.268081],[24.8016,42.268001]]]},"properties":{"cadnum":"21169.501.152","purptype":"Урбанизирана","usetype":"За друг обществен обект, комплекс","proptype":"Общинска публична","quarter":"24","immaddr":"с. Динк, ул. ВЪЗРАЖДАНЕ №26","area":921.33299451086,"cadreg":501,"pnum":"152"}},{"type":"Feature","geometry":{"type":"Polygon","coordinates":[[[24.801902,42.267982],[24.8016,42.268001],[24.801605,42.268081],[24.801584,42.268093],[24.80163,42.268133],[24.801608,42.268146],[24.801685,42.268213],[24.801756,42.26818],[24.801844,42.268169],[24.801911,42.26818],[24.801902,42.267982]]]},"properties":{"cadnum":"21169.501.154","purptype":"Урбанизирана","usetype":"Ниско застрояване (до 10 m)","proptype":"Частна","quarter":"24","immaddr":"с. Динк, ул. ВАСИЛ КОЛАРОВ","area":524.8880495091,"cadreg":501,"pnum":"154"}},{"type":"Feature","geometry":{"type":"Polygon","coordinates":[[[24.801452,42.268396],[24.801725,42.268626],[24.801928,42.26855],[24.801911,42.26818],[24.801844,42.268169],[24.801756,42.26818],[24.801643,42.268232],[24.801452,42.268396]]]},"properties":{"cadnum":"21169.501.155","purptype":"Урбанизирана","usetype":"За друг обществен обект, комплекс","proptype":"Общинска публична","quarter":"24","immaddr":"с. Динк, ул. ВЪЗРАЖДАНЕ №28","area":1305.7737239989,"cadreg":501,"pnum":"155"}},{"type":"Feature","geometry":{"type":"Polygon","coordinates":[[[24.801152,42.268985],[24.801813,42.269004],[24.801856,42.268964],[24.801824,42.268869],[24.801423,42.268531],[24.801174,42.268803],[24.801152,42.268985]]]},"properties":{"cadnum":"21169.501.156","purptype":"Урбанизирана","usetype":"За друг обществен обект, комплекс","proptype":"Частна религиозни организации","quarter":"23","immaddr":"с. Динк, ул. ВЪЗРАЖДАНЕ","area":1866.2401454947,"cadreg":501,"pnum":"156"}},{"type":"Feature","geometry":{"type":"Polygon","coordinates":[[[24.801174,42.268803],[24.801423,42.268531],[24.801119,42.268275],[24.80066,42.268324],[24.800597,42.268969],[24.801152,42.268985],[24.801174,42.268803]]]},"properties":{"cadnum":"21169.501.157","purptype":"Урбанизирана","usetype":"За друг обществен обект, комплекс","proptype":"Общинска публична","quarter":"23","immaddr":"с. Динк, ул. ЦАР СИМЕОН I","area":3920.902090986,"cadreg":501,"pnum":"157"}},{"type":"Feature","geometry":{"type":"Polygon","coordinates":[[[24.800474,42.268963],[24.800506,42.268634],[24.799954,42.268609],[24.799978,42.269006],[24.800474,42.268963]]]},"properties":{"cadnum":"21169.501.158","purptype":"Урбанизирана","usetype":"Ниско застрояване (до 10 m)","proptype":"Частна","quarter":"22","immaddr":"с. Динк, ул. ЦАР СИМЕОН I №7","area":1740.0391584824,"cadreg":501,"pnum":"158"}},{"type":"Feature","geometry":{"type":"Polygon","coordinates":[[[24.800506,42.268634],[24.800534,42.268363],[24.800164,42.268351],[24.800058,42.268076],[24.799724,42.26817],[24.799954,42.268609],[24.800506,42.268634]]]},"properties":{"cadnum":"21169.501.159","purptype":"Урбанизирана","usetype":"Ниско застрояване (до 10 m)","proptype":"Частна","quarter":"22","immaddr":"с. Динк, ул. ЦАР СИМЕОН I №5","area":2293.6460879997,"cadreg":501,"pnum":"159"}},{"type":"Feature","geometry":{"type":"Polygon","coordinates":[[[24.800534,42.268363],[24.800569,42.26801],[24.800312,42.268004],[24.800058,42.268076],[24.800164,42.268351],[24.800534,42.268363]]]},"properties":{"cadnum":"21169.501.160","purptype":"Урбанизирана","usetype":"Ниско застрояване (до 10 m)","proptype":"Частна","quarter":"22","immaddr":"с. Динк, ул. ЦАР СИМЕОН I №3","area":1375.8629190027,"cadreg":501,"pnum":"160"}},{"type":"Feature","geometry":{"type":"Polygon","coordinates":[[[24.799724,42.26817],[24.800312,42.268004],[24.800569,42.26801],[24.800585,42.267831],[24.800502,42.267717],[24.800386,42.267753],[24.800325,42.267761],[24.79999,42.267841],[24.799611,42.267943],[24.799724,42.26817]]]},"properties":{"cadnum":"21169.501.161","purptype":"Урбанизирана","usetype":"Ниско застрояване (до 10 m)","proptype":"Частна","quarter":"22","immaddr":"с. Динк, ул. ЦАР СИМЕОН I №1","area":2106.6870940148,"cadreg":501,"pnum":"161"}},{"type":"Feature","geometry":{"type":"Polygon","coordinates":[[[24.800502,42.267717],[24.80029,42.267452],[24.800223,42.267473],[24.800239,42.267502],[24.800086,42.267552],[24.800083,42.267545],[24.799775,42.267663],[24.799516,42.267749],[24.799611,42.267943],[24.79999,42.267841],[24.800325,42.267761],[24.800386,42.267753],[24.800502,42.267717]]]},"properties":{"cadnum":"21169.501.162","purptype":"Урбанизирана","usetype":"Ниско застрояване (до 10 m)","proptype":"Частна","quarter":"22","immaddr":"с. Динк, ул. ВЪЗРАЖДАНЕ №17","area":2020.009866497,"cadreg":501,"pnum":"162"}},{"type":"Feature","geometry":{"type":"Polygon","coordinates":[[[24.799775,42.267663],[24.800083,42.267545],[24.800086,42.267552],[24.800239,42.267502],[24.800223,42.267473],[24.80029,42.267452],[24.80008,42.267159],[24.799606,42.267292],[24.799775,42.267663]]]},"properties":{"cadnum":"21169.501.163","purptype":"Урбанизирана","usetype":"Ниско застрояване (до 10 m)","proptype":"Частна","quarter":"22","immaddr":"с. Динк, ул. ВЪЗРАЖДАНЕ №15","area":1843.4256500083,"cadreg":501,"pnum":"163"}},{"type":"Feature","geometry":{"type":"Polygon","coordinates":[[[24.799318,42.267371],[24.799516,42.267749],[24.799775,42.267663],[24.799606,42.267292],[24.799318,42.267371]]]},"properties":{"cadnum":"21169.501.164","purptype":"Урбанизирана","usetype":"Ниско застрояване (до 10 m)","proptype":"Частна","quarter":"22","immaddr":"с. Динк, ул. СЪЕДИНЕНИЕ №9","area":1084.483674995,"cadreg":501,"pnum":"164"}},{"type":"Feature","geometry":{"type":"Polygon","coordinates":[[[24.798924,42.267481],[24.799176,42.267969],[24.799474,42.267912],[24.799394,42.267776],[24.799199,42.267404],[24.798924,42.267481]]]},"properties":{"cadnum":"21169.501.165","purptype":"Урбанизирана","usetype":"Ниско застрояване (до 10 m)","proptype":"Частна","quarter":"21","immaddr":"с. Динк, ул. ИВАН ВАЗОВ №8","area":1438.8360174968,"cadreg":501,"pnum":"165"}},{"type":"Feature","geometry":{"type":"Polygon","coordinates":[[[24.799176,42.267969],[24.798924,42.267481],[24.798725,42.267536],[24.798958,42.268012],[24.799176,42.267969]]]},"properties":{"cadnum":"21169.501.166","purptype":"Урбанизирана","usetype":"Ниско застрояване (до 10 m)","proptype":"Частна","quarter":"21","immaddr":"с. Динк, ул. СЪЕДИНЕНИЕ №7","area":1043.630358993,"cadreg":501,"pnum":"166"}},{"type":"Feature","geometry":{"type":"Polygon","coordinates":[[[24.798774,42.268048],[24.798958,42.268012],[24.798725,42.267536],[24.798548,42.267585],[24.798774,42.268048]]]},"properties":{"cadnum":"21169.501.167","purptype":"Урбанизирана","usetype":"Ниско застрояване (до 10 m)","proptype":"Частна","quarter":"21","immaddr":"с. Динк, ул. СЪЕДИНЕНИЕ №5-a","area":864.91772000672,"cadreg":501,"pnum":"167"}},{"type":"Feature","geometry":{"type":"Polygon","coordinates":[[[24.799587,42.268139],[24.799474,42.267912],[24.798741,42.268054],[24.798906,42.268359],[24.79936,42.2682],[24.799587,42.268139]]]},"properties":{"cadnum":"21169.501.168","purptype":"Урбанизирана","usetype":"Ниско застрояване (до 10 m)","proptype":"Частна","quarter":"21","immaddr":"с. Динк, ул. ИВАН ВАЗОВ №6","area":1915.3930925049,"cadreg":501,"pnum":"168"}},{"type":"Feature","geometry":{"type":"Polygon","coordinates":[[[24.79936,42.2682],[24.799074,42.268298],[24.799182,42.268472],[24.799682,42.26832],[24.799587,42.268139],[24.79936,42.2682]]]},"properties":{"cadnum":"21169.501.169","purptype":"Урбанизирана","usetype":"Ниско застрояване (до 10 m)","proptype":"Частна","quarter":"21","immaddr":"с. Динк, ул. ИВАН ВАЗОВ №4","area":995.1686739996,"cadreg":501,"pnum":"169"}},{"type":"Feature","geometry":{"type":"Polygon","coordinates":[[[24.79973,42.268523],[24.79978,42.268509],[24.799682,42.26832],[24.799182,42.268472],[24.799279,42.268609],[24.799415,42.26869],[24.799472,42.268649],[24.79973,42.268523]]]},"properties":{"cadnum":"21169.501.170","purptype":"Урбанизирана","usetype":"Ниско застрояване (до 10 m)","proptype":"Частна","quarter":"21","immaddr":"с. Динк, ул. ИВАН ВАЗОВ №2","area":1075.6809475104,"cadreg":501,"pnum":"170"}},{"type":"Feature","geometry":{"type":"Polygon","coordinates":[[[24.799472,42.268649],[24.799564,42.269042],[24.799857,42.269017],[24.799837,42.268671],[24.79978,42.268509],[24.79973,42.268523],[24.799472,42.268649]]]},"properties":{"cadnum":"21169.501.171","purptype":"Урбанизирана","usetype":"Ниско застрояване (до 10 m)","proptype":"Частна","quarter":"21","immaddr":"с. Динк, ул. ЮРИЙ ГАГАРИН №12","area":1392.6981394957,"cadreg":501,"pnum":"171"}},{"type":"Feature","geometry":{"type":"Polygon","coordinates":[[[24.799349,42.26906],[24.799564,42.269042],[24.799472,42.268649],[24.799415,42.26869],[24.799279,42.268609],[24.799116,42.268693],[24.799305,42.268954],[24.799343,42.269026],[24.799349,42.26906]]]},"properties":{"cadnum":"21169.501.172","purptype":"Урбанизирана","usetype":"Ниско застрояване (до 10 m)","proptype":"Частна","quarter":"21","immaddr":"с. Динк, ул. ЮРИЙ ГАГАРИН №10","area":1058.9913310055,"cadreg":501,"pnum":"172"}},{"type":"Feature","geometry":{"type":"Polygon","coordinates":[[[24.799128,42.269079],[24.799349,42.26906],[24.799343,42.269026],[24.799305,42.268954],[24.799116,42.268693],[24.798882,42.26881],[24.799128,42.269079]]]},"properties":{"cadnum":"21169.501.173","purptype":"Урбанизирана","usetype":"Ниско застрояване (до 10 m)","proptype":"Частна","quarter":"21","immaddr":"с. Динк, ул. ТРАКИЯ №2","area":859.43050949661,"cadreg":501,"pnum":"173"}},{"type":"Feature","geometry":{"type":"Polygon","coordinates":[[[24.798716,42.268623],[24.798882,42.26881],[24.799279,42.268609],[24.799156,42.268437],[24.798867,42.268554],[24.798716,42.268623]]]},"properties":{"cadnum":"21169.501.174","purptype":"Урбанизирана","usetype":"Ниско застрояване (до 10 m)","proptype":"Частна","quarter":"21","immaddr":"с. Динк, ул. \"Тракия\" №4-А","area":954.8855104977,"cadreg":501,"pnum":"174"}},{"type":"Feature","geometry":{"type":"Polygon","coordinates":[[[24.798579,42.268465],[24.798716,42.268623],[24.798867,42.268554],[24.799156,42.268437],[24.799074,42.268298],[24.798579,42.268465]]]},"properties":{"cadnum":"21169.501.175","purptype":"Урбанизирана","usetype":"Ниско застрояване (до 10 m)","proptype":"Частна","quarter":"21","immaddr":"с. Динк, ул. \"Тракия\" №4","area":797.83929950592,"cadreg":501,"pnum":"175"}},{"type":"Feature","geometry":{"type":"Polygon","coordinates":[[[24.797972,42.267787],[24.798137,42.26797],[24.798285,42.267895],[24.798422,42.267849],[24.79832,42.267649],[24.79799,42.267737],[24.797972,42.267787]]]},"properties":{"cadnum":"21169.501.177","purptype":"Урбанизирана","usetype":"Ниско застрояване (до 10 m)","proptype":"Частна","quarter":"21","immaddr":"с. Динк, ул. ТРАКИЯ №10","area":764.86779099645,"cadreg":501,"pnum":"177"}},{"type":"Feature","geometry":{"type":"Polygon","coordinates":[[[24.797741,42.26746],[24.797217,42.267547],[24.79734,42.26777],[24.797783,42.267698],[24.797741,42.26746]]]},"properties":{"cadnum":"21169.501.178","purptype":"Урбанизирана","usetype":"Ниско застрояване (до 10 m)","proptype":"Частна","quarter":"34","immaddr":"с. Динк, ул. ТРАКИЯ №1","area":1073.8740595054,"cadreg":501,"pnum":"178"}},{"type":"Feature","geometry":{"type":"Polygon","coordinates":[[[24.797741,42.26746],[24.797706,42.267236],[24.797094,42.267336],[24.797217,42.267547],[24.797741,42.26746]]]},"properties":{"cadnum":"21169.501.179","purptype":"Урбанизирана","usetype":"Ниско застрояване (до 10 m)","proptype":"Частна","quarter":"34","immaddr":"с. Динк, ул. ТРАКИЯ №3","area":1216.3780180049,"cadreg":501,"pnum":"179"}},{"type":"Feature","geometry":{"type":"Polygon","coordinates":[[[24.797706,42.267236],[24.797674,42.267057],[24.797066,42.267132],[24.796992,42.267151],[24.797094,42.267336],[24.797706,42.267236]]]},"properties":{"cadnum":"21169.501.180","purptype":"Урбанизирана","usetype":"Ниско застрояване (до 10 m)","proptype":"Частна","quarter":"34","immaddr":"с. Динк, ул. ТРАКИЯ №5","area":1165.6910349956,"cadreg":501,"pnum":"180"}},{"type":"Feature","geometry":{"type":"Polygon","coordinates":[[[24.79726,42.266905],[24.796871,42.266931],[24.796992,42.267151],[24.797066,42.267132],[24.7973,42.267102],[24.79726,42.266905]]]},"properties":{"cadnum":"21169.501.181","purptype":"Урбанизирана","usetype":"Ниско застрояване (до 10 m)","proptype":"Частна","quarter":"34","immaddr":"с. Динк, ул. АЛ.СТАМБОЛИЙСКИ","area":684.30616350046,"cadreg":501,"pnum":"181"}},{"type":"Feature","geometry":{"type":"Polygon","coordinates":[[[24.797765,42.266872],[24.797821,42.267208],[24.798175,42.267178],[24.798092,42.26685],[24.797765,42.266872]]]},"properties":{"cadnum":"21169.501.182","purptype":"Урбанизирана","usetype":"Ниско застрояване (до 10 m)","proptype":"Частна","quarter":"31","immaddr":"с. Динк, ул. \"Александър Стамболийски\"","area":1052.5162975008,"cadreg":501,"pnum":"182"}},{"type":"Feature","geometry":{"type":"Polygon","coordinates":[[[24.798492,42.267153],[24.798489,42.266821],[24.798092,42.26685],[24.798175,42.267178],[24.798492,42.267153]]]},"properties":{"cadnum":"21169.501.183","purptype":"Урбанизирана","usetype":"Ниско застрояване (до 10 m)","proptype":"Частна","quarter":"31","immaddr":"с. Динк, ул. \"Александър Стамболийски\" №4","area":1096.483936003,"cadreg":501,"pnum":"183"}},{"type":"Feature","geometry":{"type":"Polygon","coordinates":[[[24.797821,42.267208],[24.79786,42.267431],[24.798163,42.267396],[24.798122,42.267182],[24.797821,42.267208]]]},"properties":{"cadnum":"21169.501.184","purptype":"Урбанизирана","usetype":"Ниско застрояване (до 10 m)","proptype":"Частна","quarter":"31","immaddr":"с. Динк, ул. ТРАКИЯ №12","area":614.42564300563,"cadreg":501,"pnum":"184"}},{"type":"Feature","geometry":{"type":"Polygon","coordinates":[[[24.797948,42.267656],[24.798237,42.267576],[24.798163,42.267396],[24.79786,42.267431],[24.797897,42.267637],[24.797948,42.267656]]]},"properties":{"cadnum":"21169.501.185","purptype":"Урбанизирана","usetype":"Ниско застрояване (до 10 m)","proptype":"Частна","quarter":"31","immaddr":"с. Динк, ул. СЪЕДИНЕНИЕ №2","area":636.99237199943,"cadreg":501,"pnum":"185"}},{"type":"Feature","geometry":{"type":"Polygon","coordinates":[[[24.798936,42.267381],[24.799401,42.267251],[24.799293,42.267042],[24.798819,42.267107],[24.798936,42.267381]]]},"properties":{"cadnum":"21169.501.186","purptype":"Урбанизирана","usetype":"Ниско застрояване (до 10 m)","proptype":"Частна","quarter":"31","immaddr":"с. Динк, ул. СЪЕДИНЕНИЕ №6-б","area":1142.142476988,"cadreg":501,"pnum":"186"}},{"type":"Feature","geometry":{"type":"Polygon","coordinates":[[[24.798774,42.266785],[24.798489,42.266821],[24.798492,42.267153],[24.799293,42.267042],[24.79899,42.266697],[24.798882,42.26675],[24.798774,42.266785]]]},"properties":{"cadnum":"21169.501.187","purptype":"Урбанизирана","usetype":"Ниско застрояване (до 10 m)","proptype":"Частна","quarter":"31","immaddr":"с. Динк, ул. АЛ.СТАМБОЛИЙСКИ","area":2086.4554130129,"cadreg":501,"pnum":"187"}},{"type":"Feature","geometry":{"type":"Polygon","coordinates":[[[24.799626,42.266275],[24.799518,42.266266],[24.799222,42.266514],[24.799368,42.266722],[24.799528,42.266653],[24.799726,42.266611],[24.799626,42.266275]]]},"properties":{"cadnum":"21169.501.188","purptype":"Урбанизирана","usetype":"Ниско застрояване (до 10 m)","proptype":"Частна","quarter":"31","immaddr":"с. Динк, ул. ВЪЗРАЖДАНЕ №9","area":1251.6959584963,"cadreg":501,"pnum":"188"}},{"type":"Feature","geometry":{"type":"Polygon","coordinates":[[[24.799829,42.26684],[24.799726,42.266611],[24.799528,42.266653],[24.799112,42.266837],[24.799282,42.267029],[24.799829,42.26684]]]},"properties":{"cadnum":"21169.501.189","purptype":"Урбанизирана","usetype":"Ниско застрояване (до 10 m)","proptype":"Частна","quarter":"31","immaddr":"с. Динк, ул. ВЪЗРАЖДАНЕ №11","area":1466.8771004987,"cadreg":501,"pnum":"189"}},{"type":"Feature","geometry":{"type":"Polygon","coordinates":[[[24.800006,42.267084],[24.799884,42.266927],[24.799829,42.26684],[24.799282,42.267029],[24.799401,42.267251],[24.800006,42.267084]]]},"properties":{"cadnum":"21169.501.190","purptype":"Урбанизирана","usetype":"Ниско застрояване (до 10 m)","proptype":"Частна","quarter":"31","immaddr":"с. Динк, ул. ВЪЗРАЖДАНЕ №13","area":1453.7134404963,"cadreg":501,"pnum":"190"}},{"type":"Feature","geometry":{"type":"Polygon","coordinates":[[[24.800405,42.267381],[24.800737,42.267241],[24.800488,42.267],[24.800433,42.266957],[24.800194,42.267109],[24.800405,42.267381]]]},"properties":{"cadnum":"21169.501.191","purptype":"Урбанизирана","usetype":"Ниско застрояване (до 10 m)","proptype":"Частна","quarter":"30","immaddr":"с. Динк, ул. ВЪЗРАЖДАНЕ №20","area":1088.0149675036,"cadreg":501,"pnum":"191"}},{"type":"Feature","geometry":{"type":"Polygon","coordinates":[[[24.800772,42.266741],[24.800433,42.266957],[24.800488,42.267],[24.800737,42.267241],[24.801148,42.267067],[24.800772,42.266741]]]},"properties":{"cadnum":"21169.501.192","purptype":"Урбанизирана","usetype":"Ниско застрояване (до 10 m)","proptype":"Частна","quarter":"30","immaddr":"с. Динк, ул. \"Съединение\" №11","area":1644.7245205047,"cadreg":501,"pnum":"192"}},{"type":"Feature","geometry":{"type":"Polygon","coordinates":[[[24.800772,42.266741],[24.801162,42.267083],[24.801492,42.266993],[24.801397,42.266649],[24.8012,42.266471],[24.800772,42.266741]]]},"properties":{"cadnum":"21169.501.193","purptype":"Урбанизирана","usetype":"Ниско застрояване (до 10 m)","proptype":"Частна","quarter":"30","immaddr":"с. Динк, ул. СЪЕДИНЕНИЕ №13","area":2293.2752804973,"cadreg":501,"pnum":"193"}},{"type":"Feature","geometry":{"type":"Polygon","coordinates":[[[24.80069,42.267749],[24.801073,42.267658],[24.800985,42.267413],[24.800737,42.267241],[24.800405,42.267381],[24.80069,42.267749]]]},"properties":{"cadnum":"21169.501.194","purptype":"Урбанизирана","usetype":"Ниско застрояване (до 10 m)","proptype":"Частна","quarter":"30","immaddr":"с. Динк, ул. НЕЗАВИСИМОСТ №2","area":1818.1875070011,"cadreg":501,"pnum":"194"}},{"type":"Feature","geometry":{"type":"Polygon","coordinates":[[[24.801879,42.267508],[24.801852,42.267009],[24.801507,42.267049],[24.801644,42.267527],[24.801879,42.267508]]]},"properties":{"cadnum":"21169.501.195","purptype":"Урбанизирана","usetype":"Ниско застрояване (до 10 m)","proptype":"Частна","quarter":"30","immaddr":"с. Динк, ул. НЕЗАВИСИМОСТ №4","area":1320.6417340015,"cadreg":501,"pnum":"195"}},{"type":"Feature","geometry":{"type":"Polygon","coordinates":[[[24.801447,42.266838],[24.801507,42.267049],[24.801852,42.267009],[24.801803,42.266804],[24.801447,42.266838]]]},"properties":{"cadnum":"21169.501.196","purptype":"Урбанизирана","usetype":"Ниско застрояване (до 10 m)","proptype":"Частна","quarter":"30","immaddr":"с. Динк, ул. \"Васил Коларов\" №5-Б","area":685.53533349606,"cadreg":501,"pnum":"196"}},{"type":"Feature","geometry":{"type":"Polygon","coordinates":[[[24.801397,42.266649],[24.801755,42.266595],[24.801663,42.266217],[24.801605,42.266216],[24.8012,42.266471],[24.801397,42.266649]]]},"properties":{"cadnum":"21169.501.197","purptype":"Урбанизирана","usetype":"Ниско застрояване (до 10 m)","proptype":"Частна","quarter":"30","immaddr":"с. Динк, ул. СЪЕДИНЕНИЕ №15","area":1316.2873524952,"cadreg":501,"pnum":"197"}},{"type":"Feature","geometry":{"type":"Polygon","coordinates":[[[24.801857,42.266401],[24.802539,42.266335],[24.802509,42.266184],[24.801828,42.266267],[24.801857,42.266401]]]},"properties":{"cadnum":"21169.501.198","purptype":"Урбанизирана","usetype":"Ниско застрояване (до 10 m)","proptype":"Частна","quarter":"29","immaddr":"с. Динк, ул. ВАСИЛ КОЛАРОВ №14","area":904.52040949484,"cadreg":501,"pnum":"198"}},{"type":"Feature","geometry":{"type":"Polygon","coordinates":[[[24.801857,42.266401],[24.801912,42.266631],[24.802594,42.266572],[24.802539,42.266335],[24.801857,42.266401]]]},"properties":{"cadnum":"21169.501.199","purptype":"Урбанизирана","usetype":"Ниско застрояване (до 10 m)","proptype":"Частна","quarter":"29","immaddr":"с. Динк, ул. ВАСИЛ КОЛАРОВ №16","area":1500.415987002,"cadreg":501,"pnum":"199"}},{"type":"Feature","geometry":{"type":"Polygon","coordinates":[[[24.801953,42.266815],[24.802748,42.26676],[24.802713,42.266562],[24.801912,42.266631],[24.801953,42.266815]]]},"properties":{"cadnum":"21169.501.200","purptype":"Урбанизирана","usetype":"Ниско застрояване (до 10 m)","proptype":"Частна","quarter":"29","immaddr":"с. Динк, ул. \"Васил Коларов\" №18","area":1406.409221522,"cadreg":501,"pnum":"200"}},{"type":"Feature","geometry":{"type":"Polygon","coordinates":[[[24.802748,42.26676],[24.801953,42.266815],[24.801995,42.267001],[24.802778,42.266954],[24.802748,42.26676]]]},"properties":{"cadnum":"21169.501.201","purptype":"Урбанизирана","usetype":"Ниско застрояване (до 10 m)","proptype":"Частна","quarter":"29","immaddr":"с. Динк, ул. \"Васил Коларов\" №20","area":1403.1890174803,"cadreg":501,"pnum":"201"}},{"type":"Feature","geometry":{"type":"Polygon","coordinates":[[[24.802025,42.267502],[24.802389,42.267498],[24.802349,42.26698],[24.801995,42.267001],[24.802025,42.267502]]]},"properties":{"cadnum":"21169.501.202","purptype":"Урбанизирана","usetype":"Ниско застрояване (до 10 m)","proptype":"Частна","quarter":"29","immaddr":"с. Динк, ул. ВАСИЛ КОЛАРОВ №22","area":1679.6899535132,"cadreg":501,"pnum":"202"}},{"type":"Feature","geometry":{"type":"Polygon","coordinates":[[[24.802565,42.267495],[24.802548,42.266968],[24.802349,42.26698],[24.802389,42.267498],[24.802565,42.267495]]]},"properties":{"cadnum":"21169.501.203","purptype":"Урбанизирана","usetype":"Ниско застрояване (до 10 m)","proptype":"Частна","quarter":"29","immaddr":"с. Динк, ул. НЕЗАВИСИМОСТ №8","area":904.51394350312,"cadreg":501,"pnum":"203"}},{"type":"Feature","geometry":{"type":"Polygon","coordinates":[[[24.802754,42.267493],[24.802741,42.266956],[24.802548,42.266968],[24.802565,42.267495],[24.802754,42.267493]]]},"properties":{"cadnum":"21169.501.204","purptype":"Урбанизирана","usetype":"Ниско застрояване (до 10 m)","proptype":"Частна","quarter":"29","immaddr":"с. Динк, ул. НЕЗАВИСИМОСТ №10","area":934.4468815,"cadreg":501,"pnum":"204"}},{"type":"Feature","geometry":{"type":"Polygon","coordinates":[[[24.802741,42.266956],[24.802754,42.267493],[24.802925,42.26749],[24.802912,42.266945],[24.802741,42.266956]]]},"properties":{"cadnum":"21169.501.205","purptype":"Урбанизирана","usetype":"Ниско застрояване (до 10 m)","proptype":"Частна","quarter":"29","immaddr":"с. Динк, ул. НЕЗАВИСИМОСТ №12","area":845.28733700369,"cadreg":501,"pnum":"205"}},{"type":"Feature","geometry":{"type":"Polygon","coordinates":[[[24.80311,42.266931],[24.802912,42.266945],[24.802925,42.26749],[24.803117,42.267488],[24.803102,42.267024],[24.80311,42.266931]]]},"properties":{"cadnum":"21169.501.206","purptype":"Урбанизирана","usetype":"Ниско застрояване (до 10 m)","proptype":"Частна","quarter":"29","immaddr":"с. Динк, ул. НЕЗАВИСИМОСТ №14","area":965.38731749874,"cadreg":501,"pnum":"206"}},{"type":"Feature","geometry":{"type":"Polygon","coordinates":[[[24.803107,42.267225],[24.803117,42.267488],[24.803506,42.267465],[24.803478,42.267192],[24.803107,42.267225]]]},"properties":{"cadnum":"21169.501.207","purptype":"Урбанизирана","usetype":"Ниско застрояване (до 10 m)","proptype":"Частна","quarter":"29","immaddr":"с. Динк, ул. НЕЗАВИСИМОСТ №16","area":941.05573850136,"cadreg":501,"pnum":"207"}},{"type":"Feature","geometry":{"type":"Polygon","coordinates":[[[24.803609,42.266917],[24.803358,42.266992],[24.803102,42.267024],[24.803107,42.267225],[24.803742,42.267171],[24.803609,42.266917]]]},"properties":{"cadnum":"21169.501.208","purptype":"Урбанизирана","usetype":"Ниско застрояване (до 10 m)","proptype":"Частна","quarter":"29","immaddr":"с. Динк, ул. ВАСИЛ ЛЕВСКИ №12","area":1186.7081269891,"cadreg":501,"pnum":"208"}},{"type":"Feature","geometry":{"type":"Polygon","coordinates":[[[24.803609,42.266917],[24.803463,42.266643],[24.803125,42.266736],[24.803102,42.267024],[24.803358,42.266992],[24.803609,42.266917]]]},"properties":{"cadnum":"21169.501.209","purptype":"Урбанизирана","usetype":"Ниско застрояване (до 10 m)","proptype":"Частна","quarter":"29","immaddr":"с. Динк, ул. ВАСИЛ ЛЕВСКИ №14","area":1194.1752799976,"cadreg":501,"pnum":"209"}},{"type":"Feature","geometry":{"type":"Polygon","coordinates":[[[24.802778,42.266954],[24.80311,42.266931],[24.803125,42.266736],[24.803463,42.266643],[24.803393,42.266506],[24.803162,42.266579],[24.803029,42.266593],[24.803037,42.266653],[24.802732,42.266668],[24.802778,42.266954]]]},"properties":{"cadnum":"21169.501.210","purptype":"Урбанизирана","usetype":"Ниско застрояване (до 10 m)","proptype":"Частна","quarter":"29","immaddr":"с. Динк, ул. ВАСИЛ ЛЕВСКИ №16","area":1424.9264495028,"cadreg":501,"pnum":"210"}},{"type":"Feature","geometry":{"type":"Polygon","coordinates":[[[24.803037,42.266653],[24.803029,42.266593],[24.803162,42.266579],[24.803393,42.266506],[24.803365,42.26645],[24.803134,42.266523],[24.802713,42.266562],[24.802732,42.266668],[24.803037,42.266653]]]},"properties":{"cadnum":"21169.501.211","purptype":"Урбанизирана","usetype":"Ниско застрояване (до 10 m)","proptype":"Частна","quarter":"29","immaddr":"с. Динк, ул. ВАСИЛ ЛЕВСКИ №18","area":527.19336601,"cadreg":501,"pnum":"211"}},{"type":"Feature","geometry":{"type":"Polygon","coordinates":[[[24.802948,42.26654],[24.803134,42.266523],[24.803365,42.26645],[24.803249,42.266229],[24.802894,42.266314],[24.802948,42.26654]]]},"properties":{"cadnum":"21169.501.212","purptype":"Урбанизирана","usetype":"Ниско застрояване (до 10 m)","proptype":"Общинска частна","quarter":"29","immaddr":"с. Динк, ул. ВАСИЛ ЛЕВСКИ №20","area":900.54386449269,"cadreg":501,"pnum":"212"}},{"type":"Feature","geometry":{"type":"Polygon","coordinates":[[[24.802948,42.26654],[24.802816,42.265988],[24.802479,42.266033],[24.802594,42.266572],[24.802948,42.26654]]]},"properties":{"cadnum":"21169.501.213","purptype":"Урбанизирана","usetype":"Ниско застрояване (до 10 m)","proptype":"Частна","quarter":"29","immaddr":"с. Динк, ул. СЪЕДИНЕНИЕ","area":1780.597017504,"cadreg":501,"pnum":"213"}},{"type":"Feature","geometry":{"type":"Polygon","coordinates":[[[24.802816,42.265988],[24.802894,42.266314],[24.803249,42.266229],[24.803103,42.265948],[24.802816,42.265988]]]},"properties":{"cadnum":"21169.501.214","purptype":"Урбанизирана","usetype":"Ниско застрояване (до 10 m)","proptype":"Частна","quarter":"29","immaddr":"с. Динк, ул. ВАСИЛ ЛЕВСКИ №22","area":957.60368550207,"cadreg":501,"pnum":"214"}},{"type":"Feature","geometry":{"type":"Polygon","coordinates":[[[24.802347,42.265573],[24.801979,42.265618],[24.80207,42.265991],[24.802438,42.265943],[24.802347,42.265573]]]},"properties":{"cadnum":"21169.501.215","purptype":"Урбанизирана","usetype":"Ниско застрояване (до 10 m)","proptype":"Частна","quarter":"43","immaddr":"с. Динк, ул. СЪЕДИНЕНИЕ","area":1294.1143419959,"cadreg":501,"pnum":"215"}},{"type":"Feature","geometry":{"type":"Polygon","coordinates":[[[24.80356,42.265415],[24.80352,42.265327],[24.802992,42.265454],[24.803047,42.265557],[24.80356,42.265415]]]},"properties":{"cadnum":"21169.501.216","purptype":"Урбанизирана","usetype":"Ниско застрояване (до 10 m)","proptype":"Частна","quarter":"49","immaddr":"с. Динк, ул. ВАСИЛ ЛЕВСКИ №29","area":516.99485701462,"cadreg":501,"pnum":"216"}},{"type":"Feature","geometry":{"type":"Polygon","coordinates":[[[24.803047,42.265557],[24.8031,42.265658],[24.803606,42.265516],[24.80356,42.265415],[24.803047,42.265557]]]},"properties":{"cadnum":"21169.501.217","purptype":"Урбанизирана","usetype":"Ниско застрояване (до 10 m)","proptype":"Частна","quarter":"49","immaddr":"с. Динк, ул. ВАСИЛ ЛЕВСКИ №27","area":531.35772199743,"cadreg":501,"pnum":"217"}},{"type":"Feature","geometry":{"type":"Polygon","coordinates":[[[24.80352,42.265327],[24.803651,42.26562],[24.804035,42.265528],[24.803904,42.265235],[24.80352,42.265327]]]},"properties":{"cadnum":"21169.501.218","purptype":"Урбанизирана","usetype":"Ниско застрояване (до 10 m)","proptype":"Частна","quarter":"49","immaddr":"с. Динк, ул. ХРИСТО БОТЕВ №6","area":1142.8931105134,"cadreg":501,"pnum":"218"}},{"type":"Feature","geometry":{"type":"Polygon","coordinates":[[[24.803778,42.265901],[24.803911,42.266173],[24.80428,42.266075],[24.804156,42.265798],[24.803778,42.265901]]]},"properties":{"cadnum":"21169.501.219","purptype":"Урбанизирана","usetype":"Ниско застрояване (до 10 m)","proptype":"Частна","quarter":"49","immaddr":"с. Динк, ул. ХРИСТО БОТЕВ №4","area":1058.5836355033,"cadreg":501,"pnum":"219"}},{"type":"Feature","geometry":{"type":"Polygon","coordinates":[[[24.803198,42.265852],[24.803691,42.265714],[24.803606,42.265516],[24.8031,42.265658],[24.803198,42.265852]]]},"properties":{"cadnum":"21169.501.220","purptype":"Урбанизирана","usetype":"Ниско застрояване (до 10 m)","proptype":"Частна","quarter":"49","immaddr":"с. Динк, ул. ВАСИЛ ЛЕВСКИ №25","area":1011.0120790006,"cadreg":501,"pnum":"220"}},{"type":"Feature","geometry":{"type":"Polygon","coordinates":[[[24.803443,42.266305],[24.803923,42.266198],[24.80379,42.265929],[24.803315,42.266067],[24.803443,42.266305]]]},"properties":{"cadnum":"21169.501.221","purptype":"Урбанизирана","usetype":"Ниско застрояване (до 10 m)","proptype":"Частна","quarter":"49","immaddr":"с. Динк, ул. ВАСИЛ ЛЕВСКИ №21","area":1256.1602500002,"cadreg":501,"pnum":"221"}},{"type":"Feature","geometry":{"type":"Polygon","coordinates":[[[24.803829,42.266551],[24.804067,42.266487],[24.803923,42.266198],[24.803443,42.266305],[24.803609,42.266622],[24.803829,42.266551]]]},"properties":{"cadnum":"21169.501.222","purptype":"Урбанизирана","usetype":"Ниско застрояване (до 10 m)","proptype":"Частна","quarter":"49","immaddr":"с. Динк, ул. ВАСИЛ ЛЕВСКИ №19","area":1453.5072019928,"cadreg":501,"pnum":"222"}},{"type":"Feature","geometry":{"type":"Polygon","coordinates":[[[24.804419,42.266383],[24.80428,42.266075],[24.803911,42.266173],[24.804067,42.266487],[24.804419,42.266383]]]},"properties":{"cadnum":"21169.501.223","purptype":"Урбанизирана","usetype":"Ниско застрояване (до 10 m)","proptype":"Частна","quarter":"49","immaddr":"с. Динк, ул. ХРИСТО БОТЕВ №2","area":1163.2836495101,"cadreg":501,"pnum":"223"}},{"type":"Feature","geometry":{"type":"Polygon","coordinates":[[[24.803695,42.266784],[24.803795,42.266973],[24.804304,42.266808],[24.804227,42.266648],[24.803695,42.266784]]]},"properties":{"cadnum":"21169.501.224","purptype":"Урбанизирана","usetype":"Ниско застрояване (до 10 m)","proptype":"Частна","quarter":"49","immaddr":"с. Динк, ул. ВАСИЛ ЛЕВСКИ №17","area":955.51834999582,"cadreg":501,"pnum":"224"}},{"type":"Feature","geometry":{"type":"Polygon","coordinates":[[[24.803795,42.266973],[24.804006,42.267372],[24.804447,42.267197],[24.804308,42.267002],[24.804207,42.26684],[24.803795,42.266973]]]},"properties":{"cadnum":"21169.501.225","purptype":"Урбанизирана","usetype":"Ниско застрояване (до 10 m)","proptype":"Частна","quarter":"49","immaddr":"с. Динк, ул. ВАСИЛ ЛЕВСКИ №15","area":1786.8613629864,"cadreg":501,"pnum":"225"}},{"type":"Feature","geometry":{"type":"Polygon","coordinates":[[[24.804672,42.266652],[24.804835,42.267029],[24.80485,42.267035],[24.805224,42.26689],[24.805151,42.266768],[24.805047,42.26655],[24.804672,42.266652]]]},"properties":{"cadnum":"21169.501.226","purptype":"Урбанизирана","usetype":"Ниско застрояване (до 10 m)","proptype":"Частна","quarter":"28","immaddr":"с. Динк, ул. ХРИСТО БОТЕВ №1","area":1454.9720475007,"cadreg":501,"pnum":"226"}},{"type":"Feature","geometry":{"type":"Polygon","coordinates":[[[24.804668,42.266653],[24.805047,42.26655],[24.804975,42.266392],[24.804602,42.266506],[24.804668,42.266653]]]},"properties":{"cadnum":"21169.501.227","purptype":"Урбанизирана","usetype":"Ниско застрояване (до 10 m)","proptype":"Частна","quarter":"28","immaddr":"с. Динк, ул. ХРИСТО БОТЕВ №3","area":597.10433799208,"cadreg":501,"pnum":"227"}},{"type":"Feature","geometry":{"type":"Polygon","coordinates":[[[24.804532,42.266349],[24.804602,42.266506],[24.804975,42.266392],[24.804905,42.266238],[24.804532,42.266349]]]},"properties":{"cadnum":"21169.501.228","purptype":"Урбанизирана","usetype":"Ниско застрояване (до 10 m)","proptype":"Частна","quarter":"28","immaddr":"с. Динк, ул. ХРИСТО БОТЕВ №5","area":601.4861294891,"cadreg":501,"pnum":"228"}},{"type":"Feature","geometry":{"type":"Polygon","coordinates":[[[24.804395,42.266042],[24.804532,42.266349],[24.804905,42.266238],[24.80477,42.265946],[24.804395,42.266042]]]},"properties":{"cadnum":"21169.501.229","purptype":"Урбанизирана","usetype":"Ниско застрояване (до 10 m)","proptype":"Частна","quarter":"28","immaddr":"с. Динк, ул. ХРИСТО БОТЕВ №7","area":1153.6624305058,"cadreg":501,"pnum":"229"}},{"type":"Feature","geometry":{"type":"Polygon","coordinates":[[[24.80477,42.265946],[24.804574,42.265521],[24.804201,42.265606],[24.804395,42.266042],[24.80477,42.265946]]]},"properties":{"cadnum":"21169.501.230","purptype":"Урбанизирана","usetype":"Ниско застрояване (до 10 m)","proptype":"Частна","quarter":"28","immaddr":"с. Динк, ул. \"Христо Ботев\" №9","area":1637.3845505107,"cadreg":501,"pnum":"230"}},{"type":"Feature","geometry":{"type":"Polygon","coordinates":[[[24.804393,42.265117],[24.804028,42.265205],[24.804201,42.265606],[24.804574,42.265521],[24.804393,42.265117]]]},"properties":{"cadnum":"21169.501.231","purptype":"Урбанизирана","usetype":"Ниско застрояване (до 10 m)","proptype":"Частна","quarter":"28","immaddr":"с. Динк, ул. ХРИСТО БОТЕВ №11","area":1500.9027074966,"cadreg":501,"pnum":"231"}},{"type":"Feature","geometry":{"type":"Polygon","coordinates":[[[24.801599,42.265328],[24.801657,42.265562],[24.802028,42.265518],[24.80197,42.265283],[24.801599,42.265328]]]},"properties":{"cadnum":"21169.501.233","purptype":"Урбанизирана","usetype":"Ниско застрояване (до 10 m)","proptype":"Частна","quarter":"37","immaddr":"с. Динк, ул. ВАСИЛ КОЛАРОВ №12","area":819.81851098604,"cadreg":501,"pnum":"233"}},{"type":"Feature","geometry":{"type":"Polygon","coordinates":[[[24.801482,42.264836],[24.801543,42.265096],[24.801913,42.26505],[24.801851,42.264793],[24.801482,42.264836]]]},"properties":{"cadnum":"21169.501.234","purptype":"Урбанизирана","usetype":"Ниско застрояване (до 10 m)","proptype":"Частна","quarter":"37","immaddr":"с. Динк, ул. ВАСИЛ КОЛАРОВ №8","area":900.38639601803,"cadreg":501,"pnum":"234"}},{"type":"Feature","geometry":{"type":"Polygon","coordinates":[[[24.801414,42.264552],[24.801783,42.264511],[24.801716,42.26424],[24.80135,42.26429],[24.801414,42.264552]]]},"properties":{"cadnum":"21169.501.235","purptype":"Урбанизирана","usetype":"Ниско застрояване (до 10 m)","proptype":"Частна","quarter":"37","immaddr":"с. Динк, ул. ВАСИЛ КОЛАРОВ №4","area":916.44753200032,"cadreg":501,"pnum":"235"}},{"type":"Feature","geometry":{"type":"Polygon","coordinates":[[[24.801648,42.263967],[24.801286,42.263978],[24.801275,42.263971],[24.80135,42.26429],[24.801716,42.26424],[24.801648,42.263967]]]},"properties":{"cadnum":"21169.501.236","purptype":"Урбанизирана","usetype":"Ниско застрояване (до 10 m)","proptype":"Частна","quarter":"37","immaddr":"с. Динк, ул. ПАМИР №15","area":1005.3729994979,"cadreg":501,"pnum":"236"}},{"type":"Feature","geometry":{"type":"Polygon","coordinates":[[[24.801237,42.264429],[24.801134,42.263985],[24.801037,42.263986],[24.800785,42.264386],[24.801002,42.26446],[24.801237,42.264429]]]},"properties":{"cadnum":"21169.501.237","purptype":"Урбанизирана","usetype":"Ниско застрояване (до 10 m)","proptype":"Частна","quarter":"36","immaddr":"с. Динк, ул. \"Възраждане\" №2","area":1187.8619674858,"cadreg":501,"pnum":"237"}},{"type":"Feature","geometry":{"type":"Polygon","coordinates":[[[24.800664,42.264577],[24.800991,42.264694],[24.801002,42.26446],[24.800785,42.264386],[24.800664,42.264577]]]},"properties":{"cadnum":"21169.501.238","purptype":"Урбанизирана","usetype":"Ниско застрояване (до 10 m)","proptype":"Частна","quarter":"36","immaddr":"с. Динк, ул. \"Възраждане\" №4","area":584.16895750757,"cadreg":501,"pnum":"238"}},{"type":"Feature","geometry":{"type":"Polygon","coordinates":[[[24.800991,42.264694],[24.800664,42.264577],[24.800561,42.264743],[24.80095,42.264858],[24.800991,42.264694]]]},"properties":{"cadnum":"21169.501.239","purptype":"Урбанизирана","usetype":"Ниско застрояване (до 10 m)","proptype":"Частна","quarter":"36","immaddr":"с. Динк, ул. \"Възраждане\" №6","area":620.79553749091,"cadreg":501,"pnum":"239"}},{"type":"Feature","geometry":{"type":"Polygon","coordinates":[[[24.800458,42.264912],[24.800905,42.265066],[24.80095,42.264858],[24.800561,42.264743],[24.800458,42.264912]]]},"properties":{"cadnum":"21169.501.240","purptype":"Урбанизирана","usetype":"Ниско застрояване (до 10 m)","proptype":"Частна","quarter":"36","immaddr":"с. Динк, ул. ВЪЗРАЖДАНЕ №8","area":812.15695351459,"cadreg":501,"pnum":"240"}},{"type":"Feature","geometry":{"type":"Polygon","coordinates":[[[24.801382,42.265035],[24.801335,42.264831],[24.80095,42.264858],[24.800905,42.265066],[24.801028,42.265071],[24.801382,42.265035]]]},"properties":{"cadnum":"21169.501.241","purptype":"Урбанизирана","usetype":"Ниско застрояване (до 10 m)","proptype":"Частна","quarter":"36","immaddr":"с. Динк, ул. ВАСИЛ КОЛАРОВ №1-а","area":842.89996800243,"cadreg":501,"pnum":"241"}},{"type":"Feature","geometry":{"type":"Polygon","coordinates":[[[24.800677,42.264988],[24.800545,42.265401],[24.800802,42.265444],[24.800905,42.265066],[24.800677,42.264988]]]},"properties":{"cadnum":"21169.501.243","purptype":"Урбанизирана","usetype":"Ниско застрояване (до 10 m)","proptype":"Частна","quarter":"36","immaddr":"с. Динк, ул. КОНСОМОЛСКА №8","area":948.17529150306,"cadreg":501,"pnum":"243"}},{"type":"Feature","geometry":{"type":"Polygon","coordinates":[[[24.800571,42.265497],[24.800138,42.265424],[24.800011,42.265627],[24.800296,42.265708],[24.800196,42.265877],[24.800451,42.265959],[24.800571,42.265497]]]},"properties":{"cadnum":"21169.501.244","purptype":"Урбанизирана","usetype":"Ниско застрояване (до 10 m)","proptype":"Частна","quarter":"35","immaddr":"с. Динк, ул. \"Възраждане\" №10","area":1532.7517049863,"cadreg":501,"pnum":"244"}},{"type":"Feature","geometry":{"type":"Polygon","coordinates":[[[24.800825,42.266168],[24.801012,42.265571],[24.800571,42.265497],[24.800451,42.265959],[24.800492,42.266196],[24.800825,42.266168]]]},"properties":{"cadnum":"21169.501.245","purptype":"Урбанизирана","usetype":"Ниско застрояване (до 10 m)","proptype":"Частна","quarter":"35","immaddr":"с. Динк, ул. КОНСОМОЛСКА №11","area":2541.6394485061,"cadreg":501,"pnum":"245"}},{"type":"Feature","geometry":{"type":"Polygon","coordinates":[[[24.801012,42.265571],[24.800911,42.265901],[24.801344,42.265897],[24.801345,42.265904],[24.801585,42.265887],[24.801525,42.26565],[24.801012,42.265571]]]},"properties":{"cadnum":"21169.501.246","purptype":"Урбанизирана","usetype":"Ниско застрояване (до 10 m)","proptype":"Частна","quarter":"35","immaddr":"с. Динк, ул. КОНСОМОЛСКА","area":1572.7526969943,"cadreg":501,"pnum":"246"}},{"type":"Feature","geometry":{"type":"Polygon","coordinates":[[[24.801345,42.265904],[24.801344,42.265897],[24.800911,42.265901],[24.800825,42.266168],[24.801109,42.26641],[24.801631,42.266077],[24.801585,42.265887],[24.801345,42.265904]]]},"properties":{"cadnum":"21169.501.247","purptype":"Урбанизирана","usetype":"Ниско застрояване (до 10 m)","proptype":"Частна","quarter":"35","immaddr":"с. Динк, ул. СЪЕДИНЕНИЕ №6","area":2525.2849975105,"cadreg":501,"pnum":"247"}},{"type":"Feature","geometry":{"type":"Polygon","coordinates":[[[24.800282,42.266626],[24.800485,42.266805],[24.800678,42.266683],[24.800286,42.266301],[24.800273,42.266572],[24.800282,42.266626]]]},"properties":{"cadnum":"21169.501.248","purptype":"Урбанизирана","usetype":"Ниско застрояване (до 10 m)","proptype":"Частна","quarter":"35","immaddr":"с. Динк, ул. СЪЕДИНЕНИЕ №8","area":870.80167200324,"cadreg":501,"pnum":"248"}},{"type":"Feature","geometry":{"type":"Polygon","coordinates":[[[24.800282,42.266626],[24.799893,42.266668],[24.8,42.266864],[24.800128,42.267023],[24.800264,42.266947],[24.800485,42.266805],[24.800282,42.266626]]]},"properties":{"cadnum":"21169.501.249","purptype":"Урбанизирана","usetype":"Ниско застрояване (до 10 m)","proptype":"Частна","quarter":"35","immaddr":"с. Динк, ул. ВЪЗРАЖДАНЕ №18","area":1232.6652684962,"cadreg":501,"pnum":"249"}},{"type":"Feature","geometry":{"type":"Polygon","coordinates":[[[24.800273,42.266572],[24.800286,42.266301],[24.799914,42.266119],[24.799901,42.266099],[24.799747,42.266064],[24.79973,42.266082],[24.799728,42.266119],[24.799893,42.266668],[24.800282,42.266626],[24.800273,42.266572]]]},"properties":{"cadnum":"21169.501.250","purptype":"Урбанизирана","usetype":"Ниско застрояване (до 10 m)","proptype":"Частна","quarter":"35","immaddr":"с. Динк, ул. ВЪЗРАЖДАНЕ №16","area":2034.8963730108,"cadreg":501,"pnum":"250"}},{"type":"Feature","geometry":{"type":"Polygon","coordinates":[[[24.799911,42.265785],[24.799747,42.266064],[24.799901,42.266099],[24.799914,42.266119],[24.800286,42.266301],[24.800492,42.266196],[24.800451,42.265959],[24.799911,42.265785]]]},"properties":{"cadnum":"21169.501.251","purptype":"Урбанизирана","usetype":"Ниско застрояване (до 10 m)","proptype":"Частна","quarter":"35","immaddr":"с. Динк, ул. ВЪЗРАЖДАНЕ №14","area":2032.5465434975,"cadreg":501,"pnum":"251"}},{"type":"Feature","geometry":{"type":"Polygon","coordinates":[[[24.799916,42.265526],[24.799806,42.265439],[24.799444,42.265467],[24.799524,42.265967],[24.799617,42.266001],[24.799916,42.265526]]]},"properties":{"cadnum":"21169.501.252","purptype":"Урбанизирана","usetype":"Ниско застрояване (до 10 m)","proptype":"Частна","quarter":"33","immaddr":"с. Динк, ул. ВЪЗРАЖДАНЕ №7","area":1460.2357609836,"cadreg":501,"pnum":"252"}},{"type":"Feature","geometry":{"type":"Polygon","coordinates":[[[24.799524,42.265967],[24.799444,42.265467],[24.799162,42.265489],[24.799219,42.265997],[24.799524,42.265967]]]},"properties":{"cadnum":"21169.501.253","purptype":"Урбанизирана","usetype":"Ниско застрояване (до 10 m)","proptype":"Частна","quarter":"33","immaddr":"с. Динк, ул. \"Комсомолска\" №9","area":1377.3259550024,"cadreg":501,"pnum":"253"}},{"type":"Feature","geometry":{"type":"Polygon","coordinates":[[[24.798884,42.265512],[24.79894,42.266024],[24.799219,42.265997],[24.799162,42.265489],[24.798884,42.265512]]]},"properties":{"cadnum":"21169.501.254","purptype":"Урбанизирана","usetype":"Ниско застрояване (до 10 m)","proptype":"Частна","quarter":"33","immaddr":"с. Динк, ул. \"Комсомолска\" №7","area":1307.4541800011,"cadreg":501,"pnum":"254"}},{"type":"Feature","geometry":{"type":"Polygon","coordinates":[[[24.798597,42.265533],[24.798648,42.266049],[24.79894,42.266024],[24.798884,42.265512],[24.798597,42.265533]]]},"properties":{"cadnum":"21169.501.255","purptype":"Урбанизирана","usetype":"Ниско застрояване (до 10 m)","proptype":"Частна","quarter":"33","immaddr":"с. Динк, ул. КОМСОМОЛСКА №5","area":1380.0970934974,"cadreg":501,"pnum":"255"}},{"type":"Feature","geometry":{"type":"Polygon","coordinates":[[[24.799175,42.266419],[24.799421,42.266215],[24.799233,42.266098],[24.799219,42.265997],[24.798831,42.266035],[24.799175,42.266419]]]},"properties":{"cadnum":"21169.501.256","purptype":"Урбанизирана","usetype":"Ниско застрояване (до 10 m)","proptype":"Частна","quarter":"33","immaddr":"с. Динк, ул. АЛ.СТАМБОЛИЙСКИ №1-А","area":1098.9000085015,"cadreg":501,"pnum":"256"}},{"type":"Feature","geometry":{"type":"Polygon","coordinates":[[[24.798741,42.2667],[24.798831,42.266669],[24.798916,42.266625],[24.799031,42.266542],[24.799175,42.266419],[24.798831,42.266035],[24.798469,42.266063],[24.798589,42.26672],[24.798741,42.2667]]]},"properties":{"cadnum":"21169.501.257","purptype":"Урбанизирана","usetype":"Ниско застрояване (до 10 m)","proptype":"Частна","quarter":"33","immaddr":"с. Динк, ул. \"Александър Стамболийски\" №3","area":2869.3495374884,"cadreg":501,"pnum":"257"}},{"type":"Feature","geometry":{"type":"Polygon","coordinates":[[[24.798071,42.266317],[24.797668,42.266321],[24.797748,42.266781],[24.798054,42.266761],[24.798044,42.266613],[24.798071,42.266317]]]},"properties":{"cadnum":"21169.501.259","purptype":"Урбанизирана","usetype":"Ниско застрояване (до 10 m)","proptype":"Частна","quarter":"33","immaddr":"с. Динк, ул. \"Тракия\" №14","area":1431.1138969955,"cadreg":501,"pnum":"259"}},{"type":"Feature","geometry":{"type":"Polygon","coordinates":[[[24.797668,42.266321],[24.798071,42.266317],[24.79809,42.266105],[24.798073,42.265993],[24.797613,42.265984],[24.797668,42.266321]]]},"properties":{"cadnum":"21169.501.260","purptype":"Урбанизирана","usetype":"Ниско застрояване (до 10 m)","proptype":"Частна","quarter":"33","immaddr":"с. Динк, ул. ТРАКИЯ №16","area":1330.0431440092,"cadreg":501,"pnum":"260"}},{"type":"Feature","geometry":{"type":"Polygon","coordinates":[[[24.798011,42.265578],[24.797552,42.265614],[24.797613,42.265984],[24.798073,42.265993],[24.798037,42.265799],[24.798011,42.265578]]]},"properties":{"cadnum":"21169.501.262","purptype":"Урбанизирана","usetype":"Ниско застрояване (до 10 m)","proptype":"Частна","quarter":"33","immaddr":"с. Динк, ул. КОНСОМОЛСКА №1","area":1645.0935299936,"cadreg":501,"pnum":"262"}},{"type":"Feature","geometry":{"type":"Polygon","coordinates":[[[24.797041,42.26588],[24.797468,42.265814],[24.797438,42.265625],[24.797017,42.265657],[24.797041,42.26588]]]},"properties":{"cadnum":"21169.501.263","purptype":"Урбанизирана","usetype":"Ниско застрояване (до 10 m)","proptype":"Общинска частна","quarter":"32","immaddr":"с. Динк, ул. ТРАКИЯ №19","area":808.61524350526,"cadreg":501,"pnum":"263"}},{"type":"Feature","geometry":{"type":"Polygon","coordinates":[[[24.796633,42.265687],[24.796678,42.265938],[24.797041,42.26588],[24.797017,42.265657],[24.796633,42.265687]]]},"properties":{"cadnum":"21169.501.264","purptype":"Урбанизирана","usetype":"Ниско застрояване (до 10 m)","proptype":"Частна","quarter":"32","immaddr":"с. Динк, ул. ИСКЪР №2","area":829.94872151591,"cadreg":501,"pnum":"264"}},{"type":"Feature","geometry":{"type":"Polygon","coordinates":[[[24.797468,42.265814],[24.79693,42.265898],[24.796983,42.266057],[24.797492,42.265986],[24.797468,42.265814]]]},"properties":{"cadnum":"21169.501.265","purptype":"Урбанизирана","usetype":"Ниско застрояване (до 10 m)","proptype":"Частна","quarter":"32","immaddr":"с. Динк, ул. \"Тракия\" №17","area":830.59598299284,"cadreg":501,"pnum":"265"}},{"type":"Feature","geometry":{"type":"Polygon","coordinates":[[[24.797492,42.265986],[24.796983,42.266057],[24.797047,42.266242],[24.797519,42.26616],[24.797492,42.265986]]]},"properties":{"cadnum":"21169.501.266","purptype":"Урбанизирана","usetype":"Ниско застрояване (до 10 m)","proptype":"Частна","quarter":"32","immaddr":"с. Динк, ул. ТРАКИЯ №15","area":835.81878298852,"cadreg":501,"pnum":"266"}},{"type":"Feature","geometry":{"type":"Polygon","coordinates":[[[24.797516,42.26616],[24.797047,42.266242],[24.797107,42.266417],[24.797553,42.266346],[24.797516,42.26616]]]},"properties":{"cadnum":"21169.501.267","purptype":"Урбанизирана","usetype":"Ниско застрояване (до 10 m)","proptype":"Частна","quarter":"32","immaddr":"с. Динк, ул. ТРАКИЯ №13","area":786.33414400693,"cadreg":501,"pnum":"267"}},{"type":"Feature","geometry":{"type":"Polygon","coordinates":[[[24.797553,42.266346],[24.797107,42.266417],[24.797171,42.266606],[24.797586,42.266554],[24.797553,42.266346]]]},"properties":{"cadnum":"21169.501.268","purptype":"Урбанизирана","usetype":"Ниско застрояване (до 10 m)","proptype":"Общинска частна","quarter":"32","immaddr":"с. Динк, ул. ТРАКИЯ №11","area":817.48216799359,"cadreg":501,"pnum":"268"}},{"type":"Feature","geometry":{"type":"Polygon","coordinates":[[[24.797244,42.266821],[24.797622,42.266792],[24.797586,42.266554],[24.797171,42.266606],[24.797244,42.266821]]]},"properties":{"cadnum":"21169.501.269","purptype":"Урбанизирана","usetype":"Ниско застрояване (до 10 m)","proptype":"Частна","quarter":"32","immaddr":"с. Динк, ул. ТРАКИЯ №9","area":849.56113649524,"cadreg":501,"pnum":"269"}},{"type":"Feature","geometry":{"type":"Polygon","coordinates":[[[24.796616,42.2656],[24.79656,42.265279],[24.796309,42.265298],[24.796361,42.265621],[24.796616,42.2656]]]},"properties":{"cadnum":"21169.501.271","purptype":"Урбанизирана","usetype":"Ниско застрояване (до 10 m)","proptype":"Частна","quarter":"46","immaddr":"с. Динк, ул. ИСКЪР №5","area":756.09016049959,"cadreg":501,"pnum":"271"}},{"type":"Feature","geometry":{"type":"Polygon","coordinates":[[[24.796616,42.2656],[24.796866,42.265578],[24.796811,42.26526],[24.79656,42.265279],[24.796616,42.2656]]]},"properties":{"cadnum":"21169.501.272","purptype":"Урбанизирана","usetype":"Ниско застрояване (до 10 m)","proptype":"Частна","quarter":"46","immaddr":"с. Динк, ул. ИСКЪР №3","area":742.02239799638,"cadreg":501,"pnum":"272"}},{"type":"Feature","geometry":{"type":"Polygon","coordinates":[[[24.797142,42.265553],[24.797098,42.265239],[24.796811,42.26526],[24.796866,42.265578],[24.797142,42.265553]]]},"properties":{"cadnum":"21169.501.273","purptype":"Урбанизирана","usetype":"Ниско застрояване (до 10 m)","proptype":"Частна","quarter":"46","immaddr":"с. Динк, ул. ИСКЪР №1","area":824.88896049924,"cadreg":501,"pnum":"273"}},{"type":"Feature","geometry":{"type":"Polygon","coordinates":[[[24.797142,42.265553],[24.797411,42.265533],[24.797367,42.265219],[24.797098,42.265239],[24.797142,42.265553]]]},"properties":{"cadnum":"21169.501.274","purptype":"Урбанизирана","usetype":"Ниско застрояване (до 10 m)","proptype":"Частна","quarter":"46","immaddr":"с. Динк, ул. ТРАКИЯ №21","area":783.99101599662,"cadreg":501,"pnum":"274"}},{"type":"Feature","geometry":{"type":"Polygon","coordinates":[[[24.798601,42.265442],[24.79838,42.263823],[24.797289,42.263866],[24.797531,42.265523],[24.798601,42.265442]]]},"properties":{"cadnum":"21169.501.275","purptype":"Урбанизирана","usetype":"За друг вид озеленени площи","proptype":"Общинска публична","immaddr":"с. Динк, ул. КОНСОМОЛСКА","area":16327.320415017,"cadreg":501,"pnum":"275"}},{"type":"Feature","geometry":{"type":"Polygon","coordinates":[[[24.799086,42.265404],[24.799027,42.264991],[24.798668,42.265006],[24.798726,42.26543],[24.799086,42.265404]]]},"properties":{"cadnum":"21169.501.278","purptype":"Урбанизирана","usetype":"Ниско застрояване (до 10 m)","proptype":"Частна","quarter":"44","immaddr":"с. Динк, ул. КОНСОМОЛСКА","area":1386.5861064949,"cadreg":501,"pnum":"278"}},{"type":"Feature","geometry":{"type":"Polygon","coordinates":[[[24.799143,42.264988],[24.799027,42.264991],[24.799086,42.265404],[24.799323,42.265385],[24.799313,42.265288],[24.79937,42.264883],[24.799132,42.264893],[24.799143,42.264988]]]},"properties":{"cadnum":"21169.501.279","purptype":"Урбанизирана","usetype":"Ниско застрояване (до 10 m)","proptype":"Частна","quarter":"44","immaddr":"с. Динк, ул. КОНСОМОЛСКА №2","area":1226.9050950012,"cadreg":501,"pnum":"279"}},{"type":"Feature","geometry":{"type":"Polygon","coordinates":[[[24.799323,42.265385],[24.799564,42.265367],[24.799552,42.265302],[24.799545,42.265144],[24.799629,42.264919],[24.799548,42.264898],[24.799541,42.264874],[24.79937,42.264883],[24.799313,42.265288],[24.799323,42.265385]]]},"properties":{"cadnum":"21169.501.280","purptype":"Урбанизирана","usetype":"Ниско застрояване (до 10 m)","proptype":"Частна","quarter":"44","immaddr":"с. Динк, ул. КОНСОМОЛСКА №4","area":1058.433387005,"cadreg":501,"pnum":"280"}},{"type":"Feature","geometry":{"type":"Polygon","coordinates":[[[24.799564,42.265367],[24.799787,42.26535],[24.799796,42.265232],[24.799891,42.264938],[24.799689,42.26487],[24.79966,42.26492],[24.799629,42.264919],[24.799545,42.265144],[24.799552,42.265302],[24.799564,42.265367]]]},"properties":{"cadnum":"21169.501.281","purptype":"Урбанизирана","usetype":"Ниско застрояване (до 10 m)","proptype":"Частна","quarter":"44","immaddr":"с. Динк, ул. \"Комсомолска\" №4","area":1084.0365360003,"cadreg":501,"pnum":"281"}},{"type":"Feature","geometry":{"type":"Polygon","coordinates":[[[24.800042,42.265272],[24.800068,42.265279],[24.80021,42.265044],[24.799891,42.264938],[24.799796,42.265232],[24.799787,42.26535],[24.800004,42.265332],[24.800042,42.265272]]]},"properties":{"cadnum":"21169.501.282","purptype":"Урбанизирана","usetype":"Ниско застрояване (до 10 m)","proptype":"Частна","quarter":"44","immaddr":"с. Динк, ул. ВЪЗРАЖДАНЕ №5","area":988.69930751262,"cadreg":501,"pnum":"282"}},{"type":"Feature","geometry":{"type":"Polygon","coordinates":[[[24.800347,42.264834],[24.800011,42.264706],[24.799857,42.264927],[24.800214,42.265045],[24.800347,42.264834]]]},"properties":{"cadnum":"21169.501.283","purptype":"Урбанизирана","usetype":"Ниско застрояване (до 10 m)","proptype":"Частна","quarter":"44","immaddr":"с. Динк, ул. ВЪЗРАЖДАНЕ №3","area":850.96223998952,"cadreg":501,"pnum":"283"}},{"type":"Feature","geometry":{"type":"Polygon","coordinates":[[[24.800011,42.264706],[24.800347,42.264834],[24.800522,42.264552],[24.800433,42.264499],[24.799982,42.264539],[24.800011,42.264706]]]},"properties":{"cadnum":"21169.501.284","purptype":"Урбанизирана","usetype":"Ниско застрояване (до 10 m)","proptype":"Частна","quarter":"44","immaddr":"с. Динк, ул. ДИМЧО ДЕБЕЛЯНОВ №2","area":1069.2769310021,"cadreg":501,"pnum":"284"}},{"type":"Feature","geometry":{"type":"Polygon","coordinates":[[[24.800011,42.264706],[24.799982,42.264539],[24.799639,42.264572],[24.799661,42.264862],[24.799857,42.264927],[24.800011,42.264706]]]},"properties":{"cadnum":"21169.501.285","purptype":"Урбанизирана","usetype":"Ниско застрояване (до 10 m)","proptype":"Частна","quarter":"44","immaddr":"с. Динк, ул. ДИМЧО ДЕБЕЛЯНОВ №4","area":994.04067700226,"cadreg":501,"pnum":"285"}},{"type":"Feature","geometry":{"type":"Polygon","coordinates":[[[24.799639,42.264572],[24.799374,42.264597],[24.7994,42.264881],[24.799541,42.264874],[24.799548,42.264898],[24.799629,42.264919],[24.79966,42.26492],[24.799689,42.26487],[24.799661,42.264862],[24.799639,42.264572]]]},"properties":{"cadnum":"21169.501.286","purptype":"Урбанизирана","usetype":"Ниско застрояване (до 10 m)","proptype":"Частна","quarter":"44","immaddr":"с. Динк, ул. ДИМЧО ДЕБЕЛЯНОВ №6","area":752.42266600572,"cadreg":501,"pnum":"286"}},{"type":"Feature","geometry":{"type":"Polygon","coordinates":[[[24.7994,42.264881],[24.799374,42.264597],[24.799084,42.264624],[24.799132,42.264893],[24.7994,42.264881]]]},"properties":{"cadnum":"21169.501.287","purptype":"Урбанизирана","usetype":"Ниско застрояване (до 10 m)","proptype":"Частна","quarter":"44","immaddr":"с. Динк, ул. ДИМЧО ДЕБЕЛЯНОВ №8","area":715.04043500415,"cadreg":501,"pnum":"287"}},{"type":"Feature","geometry":{"type":"Polygon","coordinates":[[[24.799162,42.264242],[24.799204,42.26452],[24.799766,42.26447],[24.799725,42.264201],[24.799162,42.264242]]]},"properties":{"cadnum":"21169.501.288","purptype":"Урбанизирана","usetype":"Ниско застрояване (до 10 m)","proptype":"Частна","quarter":"42","immaddr":"с. Динк, ул. ДИМЧО ДЕБЕЛЯНОВ №5","area":1425.9006354862,"cadreg":501,"pnum":"288"}},{"type":"Feature","geometry":{"type":"Polygon","coordinates":[[[24.799162,42.264242],[24.799725,42.264201],[24.79969,42.263968],[24.799133,42.264015],[24.799162,42.264242]]]},"properties":{"cadnum":"21169.501.289","purptype":"Урбанизирана","usetype":"Ниско застрояване (до 10 m)","proptype":"Частна","quarter":"42","immaddr":"с. Динк, ул. 2","area":1192.9198295204,"cadreg":501,"pnum":"289"}},{"type":"Feature","geometry":{"type":"Polygon","coordinates":[[[24.800126,42.264438],[24.800101,42.264078],[24.800115,42.264084],[24.800227,42.263962],[24.799896,42.263762],[24.79969,42.263968],[24.799766,42.26447],[24.800126,42.264438]]]},"properties":{"cadnum":"21169.501.290","purptype":"Урбанизирана","usetype":"Ниско застрояване (до 10 m)","proptype":"Частна","quarter":"42","immaddr":"с. Динк, ул. ДИМЧО ДЕБЕЛЯНОВ №3","area":2295.7049395109,"cadreg":501,"pnum":"290"}},{"type":"Feature","geometry":{"type":"Polygon","coordinates":[[[24.800126,42.264438],[24.800411,42.264413],[24.800385,42.264258],[24.800391,42.264188],[24.800101,42.264078],[24.800126,42.264438]]]},"properties":{"cadnum":"21169.501.291","purptype":"Урбанизирана","usetype":"Ниско застрояване (до 10 m)","proptype":"Частна","quarter":"42","immaddr":"с. Динк, ул. ДИМЧО ДЕБЕЛЯНОВ №1","area":753.22796199971,"cadreg":501,"pnum":"291"}},{"type":"Feature","geometry":{"type":"Polygon","coordinates":[[[24.800619,42.264394],[24.800686,42.264282],[24.800391,42.264188],[24.800385,42.264258],[24.800411,42.264413],[24.800619,42.264394]]]},"properties":{"cadnum":"21169.501.292","purptype":"Урбанизирана","usetype":"Ниско застрояване (до 10 m)","proptype":"Частна","quarter":"42","immaddr":"с. Динк, ул. ДИМЧО ДЕБЕЛЯНОВ №1-a","area":406.66443700246,"cadreg":501,"pnum":"292"}},{"type":"Feature","geometry":{"type":"Polygon","coordinates":[[[24.800686,42.264282],[24.800776,42.264142],[24.800251,42.263976],[24.800227,42.263962],[24.800115,42.264084],[24.800409,42.264195],[24.800686,42.264282]]]},"properties":{"cadnum":"21169.501.293","purptype":"Урбанизирана","usetype":"Ниско застрояване (до 10 m)","proptype":"Частна","quarter":"42","immaddr":"с. Динк, ул. ВЪЗРАЖДАНЕ №1","area":857.7103905018,"cadreg":501,"pnum":"293"}},{"type":"Feature","geometry":{"type":"Polygon","coordinates":[[[24.800571,42.263637],[24.800233,42.263345],[24.799846,42.263708],[24.799896,42.263762],[24.800251,42.263976],[24.800776,42.264142],[24.800912,42.263918],[24.800571,42.263637]]]},"properties":{"cadnum":"21169.501.294","purptype":"Урбанизирана","usetype":"Ниско застрояване (до 10 m)","proptype":"Частна","quarter":"42","immaddr":"с. Динк, ул. \"Възраждане\"","area":3729.2503274808,"cadreg":501,"pnum":"294"}},{"type":"Feature","geometry":{"type":"Polygon","coordinates":[[[24.798801,42.26427],[24.798574,42.264285],[24.798615,42.264576],[24.798839,42.264557],[24.798801,42.26427]]]},"properties":{"cadnum":"21169.501.295","purptype":"Урбанизирана","usetype":"Ниско застрояване (до 10 m)","proptype":"Частна","quarter":"47","immaddr":"с. Динк, ул. \"Димчо Дебелянов\"","area":604.15543999124,"cadreg":501,"pnum":"295"}},{"type":"Feature","geometry":{"type":"Polygon","coordinates":[[[24.798801,42.26427],[24.798839,42.264557],[24.799082,42.264535],[24.799044,42.264254],[24.798801,42.26427]]]},"properties":{"cadnum":"21169.501.296","purptype":"Урбанизирана","usetype":"Ниско застрояване (до 10 m)","proptype":"Частна","quarter":"47","immaddr":"с. Динк, ул. ДИМЧО ДЕБЕЛЯНОВ","area":638.3781534916,"cadreg":501,"pnum":"296"}},{"type":"Feature","geometry":{"type":"Polygon","coordinates":[[[24.799044,42.264254],[24.799023,42.264099],[24.798551,42.264124],[24.798574,42.264285],[24.799044,42.264254]]]},"properties":{"cadnum":"21169.501.297","purptype":"Урбанизирана","usetype":"Ниско застрояване (до 10 m)","proptype":"Частна","quarter":"47","immaddr":"с. Динк, ул. 2","area":688.65604600889,"cadreg":501,"pnum":"297"}},{"type":"Feature","geometry":{"type":"Polygon","coordinates":[[[24.798737,42.263809],[24.798508,42.263819],[24.798551,42.264124],[24.798778,42.264112],[24.798737,42.263809]]]},"properties":{"cadnum":"21169.501.298","purptype":"Урбанизирана","usetype":"Ниско застрояване (до 10 m)","proptype":"Общинска частна","quarter":"47","immaddr":"с. Динк, ул. 7","area":640.13359800442,"cadreg":501,"pnum":"298"}},{"type":"Feature","geometry":{"type":"Polygon","coordinates":[[[24.798778,42.264112],[24.799023,42.264099],[24.798982,42.263799],[24.798737,42.263809],[24.798778,42.264112]]]},"properties":{"cadnum":"21169.501.299","purptype":"Урбанизирана","usetype":"Ниско застрояване (до 10 m)","proptype":"Частна","quarter":"47","immaddr":"с. Динк, ул. 7","area":680.31329750025,"cadreg":501,"pnum":"299"}},{"type":"Feature","geometry":{"type":"Polygon","coordinates":[[[24.795811,42.269192],[24.795461,42.269221],[24.795486,42.269371],[24.795497,42.269378],[24.795835,42.26935],[24.795811,42.269192]]]},"properties":{"cadnum":"21169.501.300","purptype":"Урбанизирана","usetype":"Ниско застрояване (до 10 m)","proptype":"Общинска частна","quarter":"50","immaddr":"с. Динк, ул. ЮРИЙ ГАГАРИН","area":509.70819050078,"cadreg":501,"pnum":"300"}},{"type":"Feature","geometry":{"type":"Polygon","coordinates":[[[24.795835,42.26935],[24.796171,42.269321],[24.796185,42.269306],[24.796162,42.269164],[24.795811,42.269192],[24.795835,42.26935]]]},"properties":{"cadnum":"21169.501.301","purptype":"Урбанизирана","usetype":"Ниско застрояване (до 10 m)","proptype":"Общинска частна","quarter":"50","immaddr":"с. Динк, ул. ЮРИЙ ГАГАРИН","area":511.38836048978,"cadreg":501,"pnum":"301"}},{"type":"Feature","geometry":{"type":"Polygon","coordinates":[[[24.795811,42.269192],[24.796162,42.269164],[24.796137,42.269008],[24.795786,42.269038],[24.795811,42.269192]]]},"properties":{"cadnum":"21169.501.303","purptype":"Урбанизирана","usetype":"Ниско застрояване (до 10 m)","proptype":"Общинска частна","quarter":"50","immaddr":"с. Динк, ул. СТАРА ПЛАНИНА","area":506.26387500457,"cadreg":501,"pnum":"303"}},{"type":"Feature","geometry":{"type":"Polygon","coordinates":[[[24.796137,42.269008],[24.79611,42.268846],[24.795761,42.268875],[24.795786,42.269038],[24.796137,42.269008]]]},"properties":{"cadnum":"21169.501.304","purptype":"Урбанизирана","usetype":"Ниско застрояване (до 10 m)","proptype":"Общинска частна","quarter":"50","immaddr":"с. Динк, ул. СТАРА ПЛАНИНА","area":527.56145800546,"cadreg":501,"pnum":"304"}},{"type":"Feature","geometry":{"type":"Polygon","coordinates":[[[24.795761,42.268875],[24.79611,42.268846],[24.796084,42.268682],[24.795736,42.268714],[24.795761,42.268875]]]},"properties":{"cadnum":"21169.501.305","purptype":"Урбанизирана","usetype":"Ниско застрояване (до 10 m)","proptype":"Общинска частна","quarter":"50","immaddr":"с. Динк, ул. СТАРА ПЛАНИНА","area":527.61759249646,"cadreg":501,"pnum":"305"}},{"type":"Feature","geometry":{"type":"Polygon","coordinates":[[[24.796084,42.268682],[24.796059,42.268527],[24.795713,42.268558],[24.795736,42.268714],[24.796084,42.268682]]]},"properties":{"cadnum":"21169.501.306","purptype":"Урбанизирана","usetype":"Ниско застрояване (до 10 m)","proptype":"Общинска частна","quarter":"50","immaddr":"с. Динк, ул. СТАРА ПЛАНИНА","area":499.36653800258,"cadreg":501,"pnum":"306"}},{"type":"Feature","geometry":{"type":"Polygon","coordinates":[[[24.796032,42.268366],[24.795687,42.268399],[24.795713,42.268558],[24.796059,42.268527],[24.796032,42.268366]]]},"properties":{"cadnum":"21169.501.307","purptype":"Урбанизирана","usetype":"Ниско застрояване (до 10 m)","proptype":"Общинска частна","quarter":"50","immaddr":"с. Динк, ул. СТАРА ПЛАНИНА","area":516.14741599974,"cadreg":501,"pnum":"307"}},{"type":"Feature","geometry":{"type":"Polygon","coordinates":[[[24.796032,42.268366],[24.795991,42.268112],[24.795976,42.268104],[24.795764,42.268136],[24.795807,42.268387],[24.796032,42.268366]]]},"properties":{"cadnum":"21169.501.308","purptype":"Урбанизирана","usetype":"Ниско застрояване (до 10 m)","proptype":"Общинска частна","quarter":"50","immaddr":"с. Динк, ул. СЪЕДИНЕНИЕ","area":541.87409599717,"cadreg":501,"pnum":"308"}},{"type":"Feature","geometry":{"type":"Polygon","coordinates":[[[24.795571,42.268411],[24.795807,42.268387],[24.795764,42.268136],[24.79553,42.268171],[24.795571,42.268411]]]},"properties":{"cadnum":"21169.501.309","purptype":"Урбанизирана","usetype":"Ниско застрояване (до 10 m)","proptype":"Общинска частна","quarter":"50","immaddr":"с. Динк, ул. СЪЕДИНЕНИЕ","area":539.80773800251,"cadreg":501,"pnum":"309"}},{"type":"Feature","geometry":{"type":"Polygon","coordinates":[[[24.795571,42.268411],[24.79553,42.268171],[24.795315,42.268203],[24.795299,42.268226],[24.795333,42.268435],[24.795571,42.268411]]]},"properties":{"cadnum":"21169.501.310","purptype":"Урбанизирана","usetype":"Ниско застрояване (до 10 m)","proptype":"Общинска частна","quarter":"50","immaddr":"с. Динк, ул. СЪЕДИНЕНИЕ","area":516.36832350673,"cadreg":501,"pnum":"310"}},{"type":"Feature","geometry":{"type":"Polygon","coordinates":[[[24.795333,42.268435],[24.795359,42.268593],[24.795713,42.268558],[24.795687,42.268399],[24.795333,42.268435]]]},"properties":{"cadnum":"21169.501.311","purptype":"Урбанизирана","usetype":"Ниско застрояване (до 10 m)","proptype":"Общинска частна","quarter":"50","immaddr":"с. Динк, ул. 5","area":522.11391200874,"cadreg":501,"pnum":"311"}},{"type":"Feature","geometry":{"type":"Polygon","coordinates":[[[24.795736,42.268714],[24.795713,42.268558],[24.795359,42.268593],[24.795384,42.268747],[24.795736,42.268714]]]},"properties":{"cadnum":"21169.501.312","purptype":"Урбанизирана","usetype":"Ниско застрояване (до 10 m)","proptype":"Общинска частна","quarter":"50","immaddr":"с. Динк, ул. 5","area":509.42371149282,"cadreg":501,"pnum":"312"}},{"type":"Feature","geometry":{"type":"Polygon","coordinates":[[[24.795736,42.268714],[24.795384,42.268747],[24.79541,42.268907],[24.795761,42.268875],[24.795736,42.268714]]]},"properties":{"cadnum":"21169.501.313","purptype":"Урбанизирана","usetype":"Ниско застрояване (до 10 m)","proptype":"Общинска частна","quarter":"50","immaddr":"с. Динк, ул. 5","area":525.89313449934,"cadreg":501,"pnum":"313"}},{"type":"Feature","geometry":{"type":"Polygon","coordinates":[[[24.795786,42.269038],[24.795761,42.268875],[24.79541,42.268907],[24.795437,42.269069],[24.795786,42.269038]]]},"properties":{"cadnum":"21169.501.314","purptype":"Урбанизирана","usetype":"Ниско застрояване (до 10 m)","proptype":"Общинска частна","quarter":"50","immaddr":"с. Динк, ул. 5","area":526.42755950888,"cadreg":501,"pnum":"314"}},{"type":"Feature","geometry":{"type":"Polygon","coordinates":[[[24.795786,42.269038],[24.795437,42.269069],[24.795461,42.269221],[24.795811,42.269192],[24.795786,42.269038]]]},"properties":{"cadnum":"21169.501.315","purptype":"Урбанизирана","usetype":"Ниско застрояване (до 10 m)","proptype":"Общинска частна","quarter":"50","immaddr":"с. Динк, ул. 5","area":498.16579999669,"cadreg":501,"pnum":"315"}},{"type":"Feature","geometry":{"type":"Polygon","coordinates":[[[24.79628,42.265114],[24.796309,42.265298],[24.796811,42.26526],[24.796784,42.265081],[24.79628,42.265114]]]},"properties":{"cadnum":"21169.501.316","purptype":"Урбанизирана","usetype":"Ниско застрояване (до 10 m)","proptype":"Частна","quarter":"46","immaddr":"с. Динк, ул. \"Хаджи Димитър\"","area":844.08831900949,"cadreg":501,"pnum":"316"}},{"type":"Feature","geometry":{"type":"Polygon","coordinates":[[[24.796784,42.265081],[24.796811,42.26526],[24.797367,42.265219],[24.797341,42.265046],[24.796784,42.265081]]]},"properties":{"cadnum":"21169.501.317","purptype":"Урбанизирана","usetype":"Ниско застрояване (до 10 m)","proptype":"Частна","quarter":"46","immaddr":"с. Динк, ул. \"Тракия\" №23","area":907.25555051918,"cadreg":501,"pnum":"317"}},{"type":"Feature","geometry":{"type":"Polygon","coordinates":[[[24.796784,42.265081],[24.796758,42.264909],[24.796252,42.264941],[24.79628,42.265114],[24.796784,42.265081]]]},"properties":{"cadnum":"21169.501.318","purptype":"Урбанизирана","usetype":"Ниско застрояване (до 10 m)","proptype":"Частна","quarter":"46","immaddr":"с. Динк, ул. \"Хаджи Димитър\"","area":803.532870994,"cadreg":501,"pnum":"318"}},{"type":"Feature","geometry":{"type":"Polygon","coordinates":[[[24.797341,42.265046],[24.797316,42.264877],[24.796758,42.264909],[24.796784,42.265081],[24.797341,42.265046]]]},"properties":{"cadnum":"21169.501.319","purptype":"Урбанизирана","usetype":"Ниско застрояване (до 10 m)","proptype":"Общинска частна","quarter":"46","immaddr":"с. Динк, ул. ТРАКИЯ №25","area":879.64519499292,"cadreg":501,"pnum":"319"}},{"type":"Feature","geometry":{"type":"Polygon","coordinates":[[[24.796758,42.264909],[24.796732,42.264743],[24.796226,42.264779],[24.796252,42.264941],[24.796758,42.264909]]]},"properties":{"cadnum":"21169.501.320","purptype":"Урбанизирана","usetype":"Ниско застрояване (до 10 m)","proptype":"Частна","quarter":"46","immaddr":"с. Динк, ул. ХАДЖИ ДИМИТЪР","area":768.65167500403,"cadreg":501,"pnum":"320"}},{"type":"Feature","geometry":{"type":"Polygon","coordinates":[[[24.797316,42.264877],[24.797291,42.264704],[24.796732,42.264743],[24.796758,42.264909],[24.797316,42.264877]]]},"properties":{"cadnum":"21169.501.321","purptype":"Урбанизирана","usetype":"Ниско застрояване (до 10 m)","proptype":"Частна","quarter":"46","immaddr":"с. Динк, ул. ТРАКИЯ №27","area":875.67629198289,"cadreg":501,"pnum":"321"}},{"type":"Feature","geometry":{"type":"Polygon","coordinates":[[[24.796732,42.264743],[24.796705,42.264567],[24.796198,42.264598],[24.796226,42.264779],[24.796732,42.264743]]]},"properties":{"cadnum":"21169.501.322","purptype":"Урбанизирана","usetype":"Ниско застрояване (до 10 m)","proptype":"Частна","quarter":"46","immaddr":"с. Динк, ул. ХАДЖИ ДИМИТЪР","area":836.35239149992,"cadreg":501,"pnum":"322"}},{"type":"Feature","geometry":{"type":"Polygon","coordinates":[[[24.797291,42.264704],[24.797266,42.264534],[24.796705,42.264567],[24.796732,42.264743],[24.797291,42.264704]]]},"properties":{"cadnum":"21169.501.323","purptype":"Урбанизирана","usetype":"Ниско застрояване (до 10 m)","proptype":"Частна","quarter":"46","immaddr":"с. Динк, ул. ТРАКИЯ №29","area":903.55427300923,"cadreg":501,"pnum":"323"}},{"type":"Feature","geometry":{"type":"Polygon","coordinates":[[[24.796705,42.264567],[24.796678,42.264401],[24.796172,42.26444],[24.796198,42.264598],[24.796705,42.264567]]]},"properties":{"cadnum":"21169.501.324","purptype":"Урбанизирана","usetype":"Ниско застрояване (до 10 m)","proptype":"Общинска частна","quarter":"46","immaddr":"с. Динк, ул. ХАДЖИ ДИМИТЪР","area":762.16591797819,"cadreg":501,"pnum":"324"}},{"type":"Feature","geometry":{"type":"Polygon","coordinates":[[[24.796705,42.264567],[24.797266,42.264534],[24.79724,42.26436],[24.796678,42.264401],[24.796705,42.264567]]]},"properties":{"cadnum":"21169.501.325","purptype":"Урбанизирана","usetype":"Ниско застрояване (до 10 m)","proptype":"Частна","quarter":"46","immaddr":"с. Динк, ул. ТРАКИЯ №31","area":876.15938899989,"cadreg":501,"pnum":"325"}},{"type":"Feature","geometry":{"type":"Polygon","coordinates":[[[24.79724,42.26436],[24.797216,42.264196],[24.796651,42.264229],[24.796678,42.264401],[24.79724,42.26436]]]},"properties":{"cadnum":"21169.501.326","purptype":"Урбанизирана","usetype":"Ниско застрояване (до 10 m)","proptype":"Частна","quarter":"46","immaddr":"с. Динк, ул. ТРАКИЯ №33","area":873.58017450533,"cadreg":501,"pnum":"326"}},{"type":"Feature","geometry":{"type":"Polygon","coordinates":[[[24.796678,42.264401],[24.796651,42.264229],[24.796143,42.26426],[24.796172,42.26444],[24.796678,42.264401]]]},"properties":{"cadnum":"21169.501.327","purptype":"Урбанизирана","usetype":"Ниско застрояване (до 10 m)","proptype":"Общинска частна","quarter":"46","immaddr":"с. Динк, ул. ХАДЖИ ДИМИТЪР","area":823.21624952512,"cadreg":501,"pnum":"327"}},{"type":"Feature","geometry":{"type":"Polygon","coordinates":[[[24.796916,42.264215],[24.797216,42.264196],[24.797168,42.263871],[24.796871,42.263882],[24.796916,42.264215]]]},"properties":{"cadnum":"21169.501.328","purptype":"Урбанизирана","usetype":"Ниско застрояване (до 10 m)","proptype":"Частна","quarter":"46","immaddr":"с. Динк, ул. 7","area":906.23270899348,"cadreg":501,"pnum":"328"}},{"type":"Feature","geometry":{"type":"Polygon","coordinates":[[[24.796871,42.263882],[24.796599,42.263893],[24.796651,42.264229],[24.796916,42.264215],[24.796871,42.263882]]]},"properties":{"cadnum":"21169.501.329","purptype":"Урбанизирана","usetype":"Ниско застрояване (до 10 m)","proptype":"Общинска частна","quarter":"46","immaddr":"с. Динк, ул. 7","area":826.97506600062,"cadreg":501,"pnum":"329"}},{"type":"Feature","geometry":{"type":"Polygon","coordinates":[[[24.796384,42.264246],[24.796651,42.264229],[24.796599,42.263893],[24.796327,42.263904],[24.796384,42.264246]]]},"properties":{"cadnum":"21169.501.330","purptype":"Урбанизирана","usetype":"Ниско застрояване (до 10 m)","proptype":"Частна","quarter":"46","immaddr":"с. Динк, ул. 7","area":845.77396749065,"cadreg":501,"pnum":"330"}},{"type":"Feature","geometry":{"type":"Polygon","coordinates":[[[24.796327,42.263904],[24.796088,42.263913],[24.796143,42.26426],[24.796384,42.264246],[24.796327,42.263904]]]},"properties":{"cadnum":"21169.501.331","purptype":"Урбанизирана","usetype":"Ниско застрояване (до 10 m)","proptype":"Частна","quarter":"46","immaddr":"с. Динк, ул. 7","area":764.24166999369,"cadreg":501,"pnum":"331"}},{"type":"Feature","geometry":{"type":"Polygon","coordinates":[[[24.799611,42.271047],[24.799268,42.27105],[24.799284,42.271227],[24.799599,42.27122],[24.799611,42.271047]]]},"properties":{"cadnum":"21169.501.332","purptype":"Урбанизирана","usetype":"Ниско застрояване (до 10 m)","proptype":"Общинска частна","quarter":"4","immaddr":"с. Динк, ул. РОДОПИ №12","area":526.86447549911,"cadreg":501,"pnum":"332"}},{"type":"Feature","geometry":{"type":"Polygon","coordinates":[[[24.799626,42.270884],[24.799594,42.271404],[24.79979,42.271413],[24.799809,42.271154],[24.799854,42.270914],[24.799626,42.270884]]]},"properties":{"cadnum":"21169.501.333","purptype":"Урбанизирана","usetype":"Ниско застрояване (до 10 m)","proptype":"Частна","quarter":"4","immaddr":"с. Динк, ул. 8 №6","area":983.8226055027,"cadreg":501,"pnum":"333"}},{"type":"Feature","geometry":{"type":"Polygon","coordinates":[[[24.796664,42.27168],[24.797237,42.271689],[24.797242,42.271552],[24.796673,42.271542],[24.796664,42.27168]]]},"properties":{"cadnum":"21169.501.334","purptype":"Урбанизирана","usetype":"Ниско застрояване (до 10 m)","proptype":"Общинска частна","quarter":"1","immaddr":"с. Динк, ул. ХАДЖИ ДИМИТЪР №13-А","area":728.27723750367,"cadreg":501,"pnum":"334"}},{"type":"Feature","geometry":{"type":"Polygon","coordinates":[[[24.801783,42.27115],[24.801141,42.27112],[24.801118,42.271291],[24.801755,42.271322],[24.801783,42.27115]]]},"properties":{"cadnum":"21169.501.335","purptype":"Урбанизирана","usetype":"Ниско застрояване (до 10 m)","proptype":"Частна","quarter":"7","immaddr":"с. Динк, ул. ВАСИЛ КОЛАРОВ №19","area":1009.5392415001,"cadreg":501,"pnum":"335"}},{"type":"Feature","geometry":{"type":"Polygon","coordinates":[[[24.801826,42.270813],[24.801203,42.27079],[24.801171,42.270959],[24.801807,42.270979],[24.801826,42.270813]]]},"properties":{"cadnum":"21169.501.336","purptype":"Урбанизирана","usetype":"Ниско застрояване (до 10 m)","proptype":"Частна","quarter":"7","immaddr":"с. Динк, ул. ВАСИЛ КОЛАРОВ №17-a","area":969.12470300255,"cadreg":501,"pnum":"336"}},{"type":"Feature","geometry":{"type":"Polygon","coordinates":[[[24.801391,42.270643],[24.800703,42.270556],[24.800659,42.270712],[24.801203,42.27079],[24.801392,42.270797],[24.801391,42.270643]]]},"properties":{"cadnum":"21169.501.337","purptype":"Урбанизирана","usetype":"Ниско застрояване (до 10 m)","proptype":"Частна","quarter":"7","immaddr":"с. Динк, ул. ЦАР СИМЕОН I №4","area":1081.0699309793,"cadreg":501,"pnum":"337"}},{"type":"Feature","geometry":{"type":"Polygon","coordinates":[[[24.801382,42.270116],[24.801058,42.270234],[24.80116,42.270394],[24.801118,42.270607],[24.801391,42.270643],[24.801382,42.270116]]]},"properties":{"cadnum":"21169.501.338","purptype":"Урбанизирана","usetype":"Ниско застрояване (до 10 m)","proptype":"Частна","quarter":"7","immaddr":"с. Динк, ул. ПОБЕДА №2-а","area":1109.5780604946,"cadreg":501,"pnum":"338"}},{"type":"Feature","geometry":{"type":"Polygon","coordinates":[[[24.801809,42.269964],[24.801382,42.270116],[24.801385,42.270397],[24.801862,42.270391],[24.801891,42.269997],[24.801809,42.269964]]]},"properties":{"cadnum":"21169.501.339","purptype":"Урбанизирана","usetype":"Ниско застрояване (до 10 m)","proptype":"Частна","quarter":"7","immaddr":"с. Динк, ул. ВАСИЛ КОЛАРОВ №13","area":1640.2717134991,"cadreg":501,"pnum":"339"}},{"type":"Feature","geometry":{"type":"Polygon","coordinates":[[[24.80237,42.270076],[24.802024,42.270081],[24.801997,42.270453],[24.802346,42.270455],[24.80237,42.270076]]]},"properties":{"cadnum":"21169.501.340","purptype":"Урбанизирана","usetype":"Ниско застрояване (до 10 m)","proptype":"Частна","quarter":"14","immaddr":"с. Динк, ул. ВАСИЛ КОЛАРОВ №34","area":1194.242630494,"cadreg":501,"pnum":"340"}},{"type":"Feature","geometry":{"type":"Polygon","coordinates":[[[24.802755,42.270072],[24.802739,42.270456],[24.803135,42.270458],[24.803161,42.270082],[24.802755,42.270072]]]},"properties":{"cadnum":"21169.501.341","purptype":"Урбанизирана","usetype":"Ниско застрояване (до 10 m)","proptype":"Частна","quarter":"14","immaddr":"с. Динк, ул. 9","area":1397.8120530077,"cadreg":501,"pnum":"341"}},{"type":"Feature","geometry":{"type":"Polygon","coordinates":[[[24.803161,42.270082],[24.803147,42.270282],[24.803689,42.270287],[24.803697,42.270098],[24.803161,42.270082]]]},"properties":{"cadnum":"21169.501.342","purptype":"Урбанизирана","usetype":"Ниско застрояване (до 10 m)","proptype":"Частна","quarter":"14","immaddr":"с. Динк, ул. РАЙКО ДАСКАЛОВ №7","area":963.00359199134,"cadreg":501,"pnum":"342"}},{"type":"Feature","geometry":{"type":"Polygon","coordinates":[[[24.803193,42.269636],[24.802768,42.269618],[24.802761,42.269672],[24.802755,42.270072],[24.803161,42.270082],[24.803193,42.269636]]]},"properties":{"cadnum":"21169.501.343","purptype":"Урбанизирана","usetype":"Ниско застрояване (до 10 m)","proptype":"Частна","quarter":"14","immaddr":"с. Динк, ул. РАЙКО ДАСКАЛОВ №3","area":1728.1231214902,"cadreg":501,"pnum":"343"}},{"type":"Feature","geometry":{"type":"Polygon","coordinates":[[[24.803578,42.269675],[24.804067,42.269901],[24.804131,42.269888],[24.803891,42.269403],[24.803789,42.269432],[24.803578,42.269675]]]},"properties":{"cadnum":"21169.501.344","purptype":"Урбанизирана","usetype":"Ниско застрояване (до 10 m)","proptype":"Частна","quarter":"13","immaddr":"с. Динк, ул. РАЙКО ДАСКАЛОВ","area":1178.8282579908,"cadreg":501,"pnum":"344"}},{"type":"Feature","geometry":{"type":"Polygon","coordinates":[[[24.803891,42.269403],[24.804131,42.269888],[24.804406,42.269832],[24.804157,42.269324],[24.803891,42.269403]]]},"properties":{"cadnum":"21169.501.345","purptype":"Урбанизирана","usetype":"Ниско застрояване (до 10 m)","proptype":"Частна","quarter":"13","immaddr":"с. Динк, ул. РАЙКО ДАСКАЛОВ","area":1385.8408394977,"cadreg":501,"pnum":"345"}},{"type":"Feature","geometry":{"type":"Polygon","coordinates":[[[24.804126,42.269262],[24.804274,42.269559],[24.804832,42.269411],[24.804679,42.269104],[24.804126,42.269262]]]},"properties":{"cadnum":"21169.501.346","purptype":"Урбанизирана","usetype":"Ниско застрояване (до 10 m)","proptype":"Частна","quarter":"13","immaddr":"с. Динк, ул. ВАСИЛ ЛЕВСКИ №4","area":1742.7233290071,"cadreg":501,"pnum":"346"}},{"type":"Feature","geometry":{"type":"Polygon","coordinates":[[[24.804357,42.269197],[24.804213,42.268897],[24.803988,42.268974],[24.804126,42.269262],[24.804357,42.269197]]]},"properties":{"cadnum":"21169.501.347","purptype":"Урбанизирана","usetype":"Ниско застрояване (до 10 m)","proptype":"Частна","quarter":"13","immaddr":"с. Динк, ул. ЮРИЙ ГАГАРИН","area":709.58348199693,"cadreg":501,"pnum":"347"}},{"type":"Feature","geometry":{"type":"Polygon","coordinates":[[[24.804157,42.269324],[24.803988,42.268974],[24.803607,42.269104],[24.803789,42.269432],[24.804157,42.269324]]]},"properties":{"cadnum":"21169.501.348","purptype":"Урбанизирана","usetype":"Ниско застрояване (до 10 m)","proptype":"Частна","quarter":"13","immaddr":"с. Динк, ул. ЮРИЙ ГАГАРИН №17-a","area":1351.4153505148,"cadreg":501,"pnum":"348"}},{"type":"Feature","geometry":{"type":"Polygon","coordinates":[[[24.800158,42.270446],[24.799937,42.27044],[24.799854,42.270914],[24.800082,42.270939],[24.800134,42.27079],[24.800158,42.270446]]]},"properties":{"cadnum":"21169.501.349","purptype":"Урбанизирана","usetype":"Ниско застрояване (до 10 m)","proptype":"Частна","quarter":"4","immaddr":"с. Динк, ул. ПОБЕДА №6-а","area":1070.1758974986,"cadreg":501,"pnum":"349"}},{"type":"Feature","geometry":{"type":"Polygon","coordinates":[[[24.799639,42.270732],[24.799241,42.270727],[24.799253,42.27087],[24.799626,42.270884],[24.799639,42.270732]]]},"properties":{"cadnum":"21169.501.350","purptype":"Урбанизирана","usetype":"Ниско застрояване (до 10 m)","proptype":"Общинска частна","quarter":"4","immaddr":"с. Динк, ул. РОДОПИ №8-б","area":521.61023300198,"cadreg":501,"pnum":"350"}},{"type":"Feature","geometry":{"type":"Polygon","coordinates":[[[24.799662,42.270433],[24.799213,42.270421],[24.799228,42.270583],[24.79965,42.270586],[24.799662,42.270433]]]},"properties":{"cadnum":"21169.501.351","purptype":"Урбанизирана","usetype":"Ниско застрояване (до 10 m)","proptype":"Частна","quarter":"4","immaddr":"с. Динк, ул. РОДОПИ №8","area":626.12002649939,"cadreg":501,"pnum":"351"}},{"type":"Feature","geometry":{"type":"Polygon","coordinates":[[[24.800022,42.271188],[24.800388,42.271236],[24.800456,42.270988],[24.800082,42.270939],[24.800022,42.271188]]]},"properties":{"cadnum":"21169.501.352","purptype":"Урбанизирана","usetype":"Ниско застрояване (до 10 m)","proptype":"Частна","quarter":"4","immaddr":"с. Динк, ул. ЦАР СИМЕОН I №17","area":871.38351449547,"cadreg":501,"pnum":"352"}},{"type":"Feature","geometry":{"type":"Polygon","coordinates":[[[24.802794,42.269526],[24.803191,42.269543],[24.80321,42.269536],[24.803227,42.269212],[24.803198,42.269188],[24.802824,42.269165],[24.802794,42.269526]]]},"properties":{"cadnum":"21169.501.354","purptype":"Урбанизирана","usetype":"За друг вид озеленени площи","proptype":"Общинска публична","immaddr":"с. Динк, ул. ЮРИЙ ГАГАРИН","area":1343.0418509903,"cadreg":501,"pnum":"354"}},{"type":"Feature","geometry":{"type":"Polygon","coordinates":[[[24.805376,42.269374],[24.805291,42.269187],[24.804924,42.269278],[24.80501,42.269464],[24.805376,42.269374]]]},"properties":{"cadnum":"21169.501.355","purptype":"Урбанизирана","usetype":"Ниско застрояване (до 10 m)","proptype":"Частна","quarter":"12","immaddr":"с. Динк, ул. ВАСИЛ ЛЕВСКИ №3","area":697.40957849579,"cadreg":501,"pnum":"355"}},{"type":"Feature","geometry":{"type":"Polygon","coordinates":[[[24.805291,42.269187],[24.805204,42.269004],[24.804841,42.269093],[24.804924,42.269278],[24.805291,42.269187]]]},"properties":{"cadnum":"21169.501.356","purptype":"Урбанизирана","usetype":"Ниско застрояване (до 10 m)","proptype":"Частна","quarter":"12","immaddr":"с. Динк, ул. ВАСИЛ ЛЕВСКИ №5","area":687.64954749466,"cadreg":501,"pnum":"356"}},{"type":"Feature","geometry":{"type":"Polygon","coordinates":[[[24.80424,42.267842],[24.804402,42.268179],[24.804758,42.268094],[24.804596,42.267746],[24.80424,42.267842]]]},"properties":{"cadnum":"21169.501.357","purptype":"Урбанизирана","usetype":"Ниско застрояване (до 10 m)","proptype":"Частна","quarter":"27","immaddr":"с. Динк, ул. ВАСИЛ ЛЕВСКИ №11","area":1248.2897180078,"cadreg":501,"pnum":"357"}},{"type":"Feature","geometry":{"type":"Polygon","coordinates":[[[24.803578,42.268408],[24.803911,42.268496],[24.803937,42.268539],[24.804358,42.268417],[24.804204,42.26809],[24.803982,42.268149],[24.803866,42.268146],[24.803709,42.268113],[24.803578,42.268408]]]},"properties":{"cadnum":"21169.501.358","purptype":"Урбанизирана","usetype":"Ниско застрояване (до 10 m)","proptype":"Частна","quarter":"26","immaddr":"с. Динк, ул. ВАСИЛ ЛЕВСКИ №8","area":2093.9329285083,"cadreg":501,"pnum":"358"}},{"type":"Feature","geometry":{"type":"Polygon","coordinates":[[[24.803911,42.268496],[24.803576,42.268411],[24.803393,42.268827],[24.803639,42.268882],[24.803669,42.268986],[24.804109,42.268834],[24.803911,42.268496]]]},"properties":{"cadnum":"21169.501.359","purptype":"Урбанизирана","usetype":"Ниско застрояване (до 10 m)","proptype":"Частна","quarter":"26","immaddr":"с. Динк, ул. ЮРИЙ ГАГАРИН №18","area":2219.0886680124,"cadreg":501,"pnum":"359"}},{"type":"Feature","geometry":{"type":"Polygon","coordinates":[[[24.803652,42.26775],[24.803701,42.267751],[24.804027,42.267726],[24.803942,42.267533],[24.80391,42.267515],[24.803634,42.267538],[24.803652,42.26775]]]},"properties":{"cadnum":"21169.501.360","purptype":"Урбанизирана","usetype":"Ниско застрояване (до 10 m)","proptype":"Частна","quarter":"26","immaddr":"с. Динк, ул. НЕЗАВИСИМОСТ","area":672.13167900254,"cadreg":501,"pnum":"360"}},{"type":"Feature","geometry":{"type":"Polygon","coordinates":[[[24.803315,42.266067],[24.80379,42.265929],[24.803691,42.265714],[24.803198,42.265852],[24.803315,42.266067]]]},"properties":{"cadnum":"21169.501.361","purptype":"Урбанизирана","usetype":"Ниско застрояване (до 10 m)","proptype":"Частна","quarter":"49","immaddr":"с. Динк, ул. ВАСИЛ ЛЕВСКИ №23","area":1097.1757889944,"cadreg":501,"pnum":"361"}},{"type":"Feature","geometry":{"type":"Polygon","coordinates":[[[24.803609,42.266622],[24.803695,42.266784],[24.804227,42.266648],[24.804137,42.266466],[24.803829,42.266551],[24.803609,42.266622]]]},"properties":{"cadnum":"21169.501.362","purptype":"Урбанизирана","usetype":"Ниско застрояване (до 10 m)","proptype":"Частна","quarter":"49","immaddr":"с. Динк, ул. ВАСИЛ ЛЕВСКИ №17-a","area":968.26268950295,"cadreg":501,"pnum":"362"}},{"type":"Feature","geometry":{"type":"Polygon","coordinates":[[[24.804419,42.266383],[24.804137,42.266466],[24.804304,42.266808],[24.804572,42.266721],[24.804419,42.266383]]]},"properties":{"cadnum":"21169.501.363","purptype":"Урбанизирана","usetype":"Ниско застрояване (до 10 m)","proptype":"Частна","quarter":"49","immaddr":"с. Динк, ул. ВАСИЛ ЛЕВСКИ №17","area":979.21232449938,"cadreg":501,"pnum":"363"}},{"type":"Feature","geometry":{"type":"Polygon","coordinates":[[[24.804308,42.267002],[24.804447,42.267197],[24.804735,42.26708],[24.804572,42.266721],[24.804207,42.26684],[24.804308,42.267002]]]},"properties":{"cadnum":"21169.501.364","purptype":"Урбанизирана","usetype":"Ниско застрояване (до 10 m)","proptype":"Частна","quarter":"49","immaddr":"с. Динк, ул. НЕЗАВИСИМОСТ","area":1303.5662089942,"cadreg":501,"pnum":"364"}},{"type":"Feature","geometry":{"type":"Polygon","coordinates":[[[24.803651,42.26562],[24.803778,42.265901],[24.804156,42.265798],[24.804035,42.265528],[24.803651,42.26562]]]},"properties":{"cadnum":"21169.501.365","purptype":"Урбанизирана","usetype":"Ниско застрояване (до 10 m)","proptype":"Частна","quarter":"49","immaddr":"с. Динк, ул. ХРИСТО БОТЕВ №4-a","area":1075.3013069987,"cadreg":501,"pnum":"365"}},{"type":"Feature","geometry":{"type":"Polygon","coordinates":[[[24.802719,42.265906],[24.803018,42.265866],[24.803043,42.265836],[24.802887,42.265541],[24.802832,42.265514],[24.802628,42.265539],[24.802719,42.265906]]]},"properties":{"cadnum":"21169.501.366","purptype":"Урбанизирана","usetype":"Ниско застрояване (до 10 m)","proptype":"Частна","quarter":"43","immaddr":"с. Динк, ул. \"Комсомолска\" №15","area":990.98772449232,"cadreg":501,"pnum":"366"}},{"type":"Feature","geometry":{"type":"Polygon","coordinates":[[[24.802628,42.265539],[24.802347,42.265573],[24.802438,42.265943],[24.802719,42.265906],[24.802628,42.265539]]]},"properties":{"cadnum":"21169.501.367","purptype":"Урбанизирана","usetype":"Ниско застрояване (до 10 m)","proptype":"Частна","quarter":"43","immaddr":"с. Динк, ул. \"Комсомолска\" №13","area":977.1644809982,"cadreg":501,"pnum":"367"}},{"type":"Feature","geometry":{"type":"Polygon","coordinates":[[[24.801723,42.265847],[24.80176,42.266002],[24.801807,42.266026],[24.80207,42.265991],[24.802025,42.265812],[24.801723,42.265847]]]},"properties":{"cadnum":"21169.501.368","purptype":"Урбанизирана","usetype":"Ниско застрояване (до 10 m)","proptype":"Частна","quarter":"43","immaddr":"с. Динк, ул. ВАСИЛ КОЛАРОВ","area":513.09291698459,"cadreg":501,"pnum":"368"}},{"type":"Feature","geometry":{"type":"Polygon","coordinates":[[[24.802025,42.265812],[24.801979,42.265618],[24.801706,42.265651],[24.801681,42.265678],[24.801723,42.265847],[24.802025,42.265812]]]},"properties":{"cadnum":"21169.501.369","purptype":"Урбанизирана","usetype":"Ниско застрояване (до 10 m)","proptype":"Частна","immaddr":"с. Динк, ул. ВАСИЛ КОЛАРОВ","area":546.89071901971,"cadreg":501,"pnum":"369"}},{"type":"Feature","geometry":{"type":"Polygon","coordinates":[[[24.801543,42.265096],[24.801599,42.265328],[24.80197,42.265283],[24.801913,42.26505],[24.801543,42.265096]]]},"properties":{"cadnum":"21169.501.370","purptype":"Урбанизирана","usetype":"Ниско застрояване (до 10 m)","proptype":"Частна","quarter":"37","immaddr":"с. Динк, ул. ВАСИЛ КОЛАРОВ №10","area":813.09976350325,"cadreg":501,"pnum":"370"}},{"type":"Feature","geometry":{"type":"Polygon","coordinates":[[[24.801414,42.264552],[24.801482,42.264836],[24.801851,42.264793],[24.801783,42.264511],[24.801414,42.264552]]]},"properties":{"cadnum":"21169.501.371","purptype":"Урбанизирана","usetype":"Ниско застрояване (до 10 m)","proptype":"Частна","quarter":"37","immaddr":"с. Динк, ул. \"Васил Коларов\" №6","area":989.67889999367,"cadreg":501,"pnum":"371"}},{"type":"Feature","geometry":{"type":"Polygon","coordinates":[[[24.801437,42.265261],[24.801382,42.265035],[24.801028,42.265071],[24.800905,42.265066],[24.800861,42.265227],[24.801207,42.26528],[24.801437,42.265261]]]},"properties":{"cadnum":"21169.501.372","purptype":"Урбанизирана","usetype":"Ниско застрояване (до 10 m)","proptype":"Частна","quarter":"36","immaddr":"с. Динк, ул. ВАСИЛ КОЛАРОВ №3","area":991.96661899993,"cadreg":501,"pnum":"372"}},{"type":"Feature","geometry":{"type":"Polygon","coordinates":[[[24.801335,42.264831],[24.8013,42.264677],[24.800991,42.264694],[24.80095,42.264858],[24.801335,42.264831]]]},"properties":{"cadnum":"21169.501.373","purptype":"Урбанизирана","usetype":"Ниско застрояване (до 10 m)","proptype":"Частна","quarter":"36","immaddr":"с. Динк, ул. \"Васил Коларов\" №1-Б","area":505.85679799537,"cadreg":501,"pnum":"373"}},{"type":"Feature","geometry":{"type":"Polygon","coordinates":[[[24.801237,42.264429],[24.801002,42.26446],[24.800991,42.264694],[24.8013,42.264677],[24.801237,42.264429]]]},"properties":{"cadnum":"21169.501.374","purptype":"Урбанизирана","usetype":"Ниско застрояване (до 10 m)","proptype":"Частна","quarter":"36","immaddr":"с. Динк, ул. \"Васил Коларов\" №1","area":608.12237600946,"cadreg":501,"pnum":"374"}},{"type":"Feature","geometry":{"type":"Polygon","coordinates":[[[24.800458,42.264912],[24.800209,42.265311],[24.800234,42.265349],[24.800545,42.265401],[24.800677,42.264988],[24.800458,42.264912]]]},"properties":{"cadnum":"21169.501.375","purptype":"Урбанизирана","usetype":"Ниско застрояване (до 10 m)","proptype":"Частна","quarter":"36","immaddr":"с. Динк, ул. \"Възраждане\" №10","area":1221.2374409974,"cadreg":501,"pnum":"375"}},{"type":"Feature","geometry":{"type":"Polygon","coordinates":[[[24.797171,42.266606],[24.796731,42.266665],[24.796834,42.266852],[24.797244,42.266821],[24.797171,42.266606]]]},"properties":{"cadnum":"21169.501.376","purptype":"Урбанизирана","usetype":"Ниско застрояване (до 10 m)","proptype":"Общинска частна","quarter":"32","immaddr":"с. Динк, ул. ХАДЖИ ДИМИТЪР","area":815.34644949216,"cadreg":501,"pnum":"376"}},{"type":"Feature","geometry":{"type":"Polygon","coordinates":[[[24.797171,42.266606],[24.797107,42.266417],[24.796634,42.266488],[24.796731,42.266665],[24.797171,42.266606]]]},"properties":{"cadnum":"21169.501.377","purptype":"Урбанизирана","usetype":"Ниско застрояване (до 10 m)","proptype":"Общинска частна","quarter":"32","immaddr":"с. Динк, ул. ХАДЖИ ДИМИТЪР","area":821.15071649881,"cadreg":501,"pnum":"377"}},{"type":"Feature","geometry":{"type":"Polygon","coordinates":[[[24.796542,42.266321],[24.796634,42.266488],[24.797107,42.266417],[24.797047,42.266242],[24.796542,42.266321]]]},"properties":{"cadnum":"21169.501.378","purptype":"Урбанизирана","usetype":"Ниско застрояване (до 10 m)","proptype":"Общинска частна","quarter":"32","immaddr":"с. Динк, ул. ХАДЖИ ДИМИТЪР","area":823.50085949665,"cadreg":501,"pnum":"378"}},{"type":"Feature","geometry":{"type":"Polygon","coordinates":[[[24.796542,42.266321],[24.797047,42.266242],[24.796983,42.266057],[24.796449,42.26615],[24.796542,42.266321]]]},"properties":{"cadnum":"21169.501.379","purptype":"Урбанизирана","usetype":"Ниско застрояване (до 10 m)","proptype":"Общинска частна","quarter":"32","immaddr":"с. Динк, ул. \"Хаджи Димитър\"","area":898.60902151744,"cadreg":501,"pnum":"379"}},{"type":"Feature","geometry":{"type":"Polygon","coordinates":[[[24.796983,42.266057],[24.79693,42.265898],[24.796418,42.265979],[24.796449,42.26615],[24.796983,42.266057]]]},"properties":{"cadnum":"21169.501.380","purptype":"Урбанизирана","usetype":"Ниско застрояване (до 10 m)","proptype":"Общинска частна","quarter":"32","immaddr":"с. Динк, ул. ХАДЖИ ДИМИТЪР","area":827.80532747278,"cadreg":501,"pnum":"380"}},{"type":"Feature","geometry":{"type":"Polygon","coordinates":[[[24.796678,42.265938],[24.796633,42.265687],[24.796375,42.265707],[24.796418,42.265979],[24.796678,42.265938]]]},"properties":{"cadnum":"21169.501.381","purptype":"Урбанизирана","usetype":"Ниско застрояване (до 10 m)","proptype":"Частна","quarter":"32","immaddr":"с. Динк, ул. ИСКЪР №4","area":627.53323050521,"cadreg":501,"pnum":"381"}},{"type":"Feature","geometry":{"type":"Polygon","coordinates":[[[24.796133,42.268238],[24.796154,42.268364],[24.796735,42.268311],[24.796704,42.268164],[24.796133,42.268238]]]},"properties":{"cadnum":"21169.501.383","purptype":"Урбанизирана","usetype":"Ниско застрояване (до 10 m)","proptype":"Частна","immaddr":"с. Динк, ул. СТАРА ПЛАНИНА №2","area":740.34257498611,"cadreg":501,"pnum":"383"}},{"type":"Feature","geometry":{"type":"Polygon","coordinates":[[[24.797029,42.268281],[24.797263,42.268259],[24.797157,42.267899],[24.79691,42.267942],[24.797029,42.268281]]]},"properties":{"cadnum":"21169.501.384","purptype":"Урбанизирана","usetype":"Ниско застрояване (до 10 m)","proptype":"Общинска частна","immaddr":"с. Динк, ул. СЪЕДИНЕНИЕ","area":802.44488050518,"cadreg":501,"pnum":"384"}},{"type":"Feature","geometry":{"type":"Polygon","coordinates":[[[24.796724,42.270696],[24.796668,42.271057],[24.796882,42.271067],[24.796914,42.270712],[24.796724,42.270696]]]},"properties":{"cadnum":"21169.501.385","purptype":"Урбанизирана","usetype":"Ниско застрояване (до 10 m)","proptype":"Общинска частна","quarter":"5","immaddr":"с. Динк, ул. Явор №4","area":657.14331450351,"cadreg":501,"pnum":"385"}},{"type":"Feature","geometry":{"type":"Polygon","coordinates":[[[24.796882,42.271067],[24.79707,42.271075],[24.797085,42.2708],[24.796907,42.270786],[24.796882,42.271067]]]},"properties":{"cadnum":"21169.501.386","purptype":"Урбанизирана","usetype":"Ниско застрояване (до 10 m)","proptype":"Общинска частна","quarter":"5","immaddr":"с. Динк, ул. Явор №6","area":467.48926449685,"cadreg":501,"pnum":"386"}},{"type":"Feature","geometry":{"type":"Polygon","coordinates":[[[24.79707,42.271075],[24.797261,42.271079],[24.797286,42.270815],[24.797085,42.2708],[24.79707,42.271075]]]},"properties":{"cadnum":"21169.501.387","purptype":"Урбанизирана","usetype":"Ниско застрояване (до 10 m)","proptype":"Частна","quarter":"5","immaddr":"с. Динк, ул. \"Явор\" №6","area":490.68651549219,"cadreg":501,"pnum":"387"}},{"type":"Feature","geometry":{"type":"Polygon","coordinates":[[[24.796932,42.270508],[24.796919,42.270651],[24.797299,42.270684],[24.797313,42.270545],[24.796932,42.270508]]]},"properties":{"cadnum":"21169.501.388","purptype":"Урбанизирана","usetype":"Ниско застрояване (до 10 m)","proptype":"Общинска частна","immaddr":"с. Динк, ул. ХАДЖИ ДИМИТЪР №9","area":493.94863549432,"cadreg":501,"pnum":"388"}},{"type":"Feature","geometry":{"type":"Polygon","coordinates":[[[24.801112,42.269379],[24.800648,42.269416],[24.800693,42.269742],[24.801175,42.269722],[24.801112,42.269379]]]},"properties":{"cadnum":"21169.501.389","purptype":"Урбанизирана","usetype":"Ниско застрояване (до 10 m)","proptype":"Частна","quarter":"15","immaddr":"с. Динк, ул. \"Цар Симеон I\"","area":1462.5611695092,"cadreg":501,"pnum":"389"}},{"type":"Feature","geometry":{"type":"Polygon","coordinates":[[[24.80106,42.269106],[24.800603,42.269089],[24.800648,42.269416],[24.801112,42.269379],[24.80106,42.269106]]]},"properties":{"cadnum":"21169.501.390","purptype":"Урбанизирана","usetype":"Ниско застрояване (до 10 m)","proptype":"Частна","quarter":"16","immaddr":"с. Динк, ул. \"Юрий Гагарин\" №13-А","area":1268.9542654964,"cadreg":501,"pnum":"390"}},{"type":"Feature","geometry":{"type":"Polygon","coordinates":[[[24.801312,42.269714],[24.800693,42.269742],[24.800753,42.270208],[24.800806,42.270228],[24.801476,42.269986],[24.801312,42.269714]]]},"properties":{"cadnum":"21169.501.391","purptype":"Урбанизирана","usetype":"За друг обществен обект, комплекс","proptype":"Общинска публична","quarter":"15","immaddr":"с. Динк, ул. ПОБЕДА","area":2517.9482874881,"cadreg":501,"pnum":"391"}},{"type":"Feature","geometry":{"type":"Polygon","coordinates":[[[24.80064,42.270287],[24.800584,42.269888],[24.800449,42.269897],[24.80048,42.270337],[24.80064,42.270287]]]},"properties":{"cadnum":"21169.501.392","purptype":"Урбанизирана","usetype":"Ниско застрояване (до 10 m)","proptype":"Частна","quarter":"16","immaddr":"с. Динк, ул. ЦАР СИМЕОН I №13","area":590.36575399991,"cadreg":501,"pnum":"392"}},{"type":"Feature","geometry":{"type":"Polygon","coordinates":[[[24.797641,42.266881],[24.79726,42.266905],[24.7973,42.267102],[24.797674,42.267057],[24.797641,42.266881]]]},"properties":{"cadnum":"21169.501.393","purptype":"Урбанизирана","usetype":"Ниско застрояване (до 10 m)","proptype":"Частна","quarter":"34","immaddr":"с. Динк, ул. ТРАКИЯ №7","area":654.66055349906,"cadreg":501,"pnum":"393"}},{"type":"Feature","geometry":{"type":"Polygon","coordinates":[[[24.79916,42.270138],[24.7991,42.269952],[24.798769,42.270015],[24.798834,42.27018],[24.79916,42.270138]]]},"properties":{"cadnum":"21169.501.395","purptype":"Урбанизирана","usetype":"Ниско застрояване (до 10 m)","proptype":"Общинска частна","quarter":"17","immaddr":"с. Динк, ул. РОДОПИ","area":562.86722250939,"cadreg":501,"pnum":"395"}},{"type":"Feature","geometry":{"type":"Polygon","coordinates":[[[24.7987,42.269846],[24.798769,42.270015],[24.7991,42.269952],[24.799006,42.269788],[24.7987,42.269846]]]},"properties":{"cadnum":"21169.501.396","purptype":"Урбанизирана","usetype":"Ниско застрояване (до 10 m)","proptype":"Общинска частна","quarter":"17","immaddr":"с. Динк, ул. РОДОПИ","area":530.51461800565,"cadreg":501,"pnum":"396"}},{"type":"Feature","geometry":{"type":"Polygon","coordinates":[[[24.798556,42.26987],[24.799006,42.269788],[24.79891,42.269619],[24.798613,42.269694],[24.798556,42.26987]]]},"properties":{"cadnum":"21169.501.397","purptype":"Урбанизирана","usetype":"Ниско застрояване (до 10 m)","proptype":"Общинска частна","quarter":"17","immaddr":"с. Динк, ул. РОДОПИ","area":607.96529800528,"cadreg":501,"pnum":"397"}},{"type":"Feature","geometry":{"type":"Polygon","coordinates":[[[24.801852,42.267009],[24.801879,42.267508],[24.802025,42.267502],[24.801995,42.267001],[24.801838,42.266323],[24.801801,42.266124],[24.801605,42.266216],[24.801663,42.266217],[24.801852,42.267009]]]},"properties":{"cadnum":"21169.501.400","purptype":"Урбанизирана","usetype":"За второстепенна улица","proptype":"Общинска публична","immaddr":"с. Динк, ул. ВАСИЛ КОЛАРОВ","area":1831.8174830037,"cadreg":501,"pnum":"400"}},{"type":"Feature","geometry":{"type":"Polygon","coordinates":[[[24.797136,42.272102],[24.795464,42.272052],[24.795461,42.272142],[24.797348,42.272193],[24.797351,42.27209],[24.797224,42.272085],[24.797136,42.272102]]]},"properties":{"cadnum":"21169.501.401","purptype":"Урбанизирана","usetype":"За второстепенна улица","proptype":"Общинска публична","immaddr":"с. Динк, ул. ИГЛИКА","area":1558.7257009574,"cadreg":501,"pnum":"401"}},{"type":"Feature","geometry":{"type":"Polygon","coordinates":[[[24.797261,42.271079],[24.796133,42.271033],[24.796127,42.271122],[24.797254,42.271174],[24.797261,42.271079]]]},"properties":{"cadnum":"21169.501.402","purptype":"Урбанизирана","usetype":"За второстепенна улица","proptype":"Общинска публична","immaddr":"с. Динк, ул. Явор","area":931.95663351228,"cadreg":501,"pnum":"402"}},{"type":"Feature","geometry":{"type":"Polygon","coordinates":[[[24.800427,42.270452],[24.800761,42.270342],[24.801809,42.269964],[24.801891,42.269997],[24.801893,42.269837],[24.800524,42.270327],[24.800418,42.27035],[24.800322,42.27036],[24.799349,42.270337],[24.798864,42.270316],[24.797584,42.27028],[24.79715,42.270255],[24.796233,42.270184],[24.796214,42.27027],[24.79757,42.27037],[24.799093,42.270411],[24.799361,42.270427],[24.800427,42.270452]]]},"properties":{"cadnum":"21169.501.403","purptype":"Урбанизирана","usetype":"За второстепенна улица","proptype":"Общинска публична","immaddr":"с. Динк, ул. ПОБЕДА","area":4742.7531750041,"cadreg":501,"pnum":"403"}},{"type":"Feature","geometry":{"type":"Polygon","coordinates":[[[24.799155,42.271173],[24.797484,42.271094],[24.797475,42.271184],[24.799163,42.271264],[24.799155,42.271173]]]},"properties":{"cadnum":"21169.501.404","purptype":"Урбанизирана","usetype":"За второстепенна улица","proptype":"Общинска публична","immaddr":"с. Динк, ул. Явор","area":1388.6151364632,"cadreg":501,"pnum":"404"}},{"type":"Feature","geometry":{"type":"Polygon","coordinates":[[[24.801694,42.271491],[24.800004,42.271423],[24.799299,42.271389],[24.799301,42.27148],[24.801669,42.271589],[24.801716,42.27159],[24.801771,42.271573],[24.801801,42.27155],[24.801838,42.27149],[24.801694,42.271491]]]},"properties":{"cadnum":"21169.501.405","purptype":"Урбанизирана","usetype":"За второстепенна улица","proptype":"Общинска публична","immaddr":"с. Динк, ул. \"РИЛА\"","area":2135.788238459,"cadreg":501,"pnum":"405"}},{"type":"Feature","geometry":{"type":"Polygon","coordinates":[[[24.803802,42.270463],[24.801997,42.270453],[24.801989,42.270543],[24.803798,42.270551],[24.803802,42.270463]]]},"properties":{"cadnum":"21169.501.406","purptype":"Урбанизирана","usetype":"За второстепенна улица","proptype":"Общинска публична","immaddr":"с. Динк, ул. \"ПИРИН\"","area":1488.7818909447,"cadreg":501,"pnum":"406"}},{"type":"Feature","geometry":{"type":"Polygon","coordinates":[[[24.805484,42.269604],[24.804067,42.269901],[24.803337,42.269562],[24.80321,42.269536],[24.803191,42.269543],[24.802063,42.269495],[24.802062,42.269585],[24.803231,42.269637],[24.803708,42.269858],[24.803991,42.270013],[24.805565,42.26968],[24.805484,42.269604]]]},"properties":{"cadnum":"21169.501.407","purptype":"Урбанизирана","usetype":"За второстепенна улица","proptype":"Общинска публична","immaddr":"с. Динк, ул. РАЙКО ДАСКАЛОВ","area":3214.624191533,"cadreg":501,"pnum":"407"}},{"type":"Feature","geometry":{"type":"Polygon","coordinates":[[[24.803363,42.269184],[24.805066,42.268615],[24.805014,42.268528],[24.803298,42.269108],[24.80266,42.269065],[24.802092,42.269036],[24.801813,42.269004],[24.800474,42.268963],[24.799128,42.269079],[24.797662,42.269192],[24.797544,42.269211],[24.797161,42.269237],[24.796309,42.269312],[24.795497,42.269378],[24.795486,42.269371],[24.79539,42.26938],[24.79541,42.269503],[24.798694,42.269243],[24.800136,42.269121],[24.800603,42.269089],[24.801942,42.269138],[24.802089,42.269137],[24.80212,42.269124],[24.803198,42.269188],[24.803363,42.269184]]]},"properties":{"cadnum":"21169.501.408","purptype":"Урбанизирана","usetype":"За второстепенна улица","proptype":"Общинска публична","immaddr":"с. Динк, ул. ЮРИЙ ГАГАРИН","area":10276.083177047,"cadreg":501,"pnum":"408"}},{"type":"Feature","geometry":{"type":"Polygon","coordinates":[[[24.800006,42.267084],[24.797783,42.267698],[24.796213,42.267967],[24.795184,42.268122],[24.795201,42.268227],[24.795315,42.268203],[24.796107,42.268083],[24.797828,42.267778],[24.79832,42.267649],[24.80008,42.267159],[24.800194,42.267109],[24.801605,42.266216],[24.801789,42.266126],[24.803103,42.265948],[24.803043,42.265836],[24.803018,42.265866],[24.801807,42.266026],[24.801631,42.266077],[24.800264,42.266947],[24.800006,42.267084]]]},"properties":{"cadnum":"21169.501.409","purptype":"Урбанизирана","usetype":"За второстепенна улица","proptype":"Общинска публична","immaddr":"с. Динк, ул. СЪЕДИНЕНИЕ","area":7318.2655685559,"cadreg":501,"pnum":"409"}},{"type":"Feature","geometry":{"type":"Polygon","coordinates":[[[24.800007,42.265327],[24.799916,42.265526],[24.799617,42.266001],[24.799626,42.266275],[24.799726,42.266611],[24.799829,42.26684],[24.799884,42.266927],[24.800006,42.267084],[24.800128,42.267023],[24.8,42.266864],[24.799893,42.266668],[24.799728,42.266119],[24.79973,42.266082],[24.801037,42.263986],[24.800912,42.263918],[24.800079,42.265263],[24.800068,42.265279],[24.800042,42.265272],[24.800007,42.265327]]]},"properties":{"cadnum":"21169.501.410","purptype":"Урбанизирана","usetype":"За второстепенна улица","proptype":"Общинска публична","immaddr":"с. Динк, ул. ВЪЗРАЖДАНЕ","area":4488.1985535106,"cadreg":501,"pnum":"410"}},{"type":"Feature","geometry":{"type":"Polygon","coordinates":[[[24.796375,42.265707],[24.799806,42.265439],[24.799916,42.265526],[24.800004,42.265332],[24.797187,42.26555],[24.796361,42.265621],[24.796375,42.265707]]]},"properties":{"cadnum":"21169.501.411","purptype":"Урбанизирана","usetype":"За второстепенна улица","proptype":"Общинска публична","immaddr":"с. Динк, ул. КОНСОМОЛСКА","area":3095.3016915007,"cadreg":501,"pnum":"411"}},{"type":"Feature","geometry":{"type":"Polygon","coordinates":[[[24.801706,42.265651],[24.802832,42.265514],[24.802995,42.265453],[24.804393,42.265117],[24.804459,42.265002],[24.802987,42.265356],[24.80278,42.265429],[24.801657,42.265562],[24.80143,42.265547],[24.800285,42.265358],[24.800234,42.265349],[24.800209,42.265311],[24.800138,42.265424],[24.801525,42.26565],[24.801706,42.265651]]]},"properties":{"cadnum":"21169.501.412","purptype":"Урбанизирана","usetype":"За второстепенна улица","proptype":"Общинска публична","immaddr":"с. Динк, ул. КОНСОМОЛСКА","area":3708.3513149084,"cadreg":501,"pnum":"412"}},{"type":"Feature","geometry":{"type":"Polygon","coordinates":[[[24.801644,42.267527],[24.80069,42.267749],[24.800788,42.267836],[24.800831,42.267807],[24.80168,42.267613],[24.802028,42.267592],[24.803149,42.267575],[24.80391,42.267515],[24.804053,42.267451],[24.805332,42.266954],[24.805273,42.266871],[24.803836,42.267441],[24.803157,42.267487],[24.802025,42.267502],[24.801644,42.267527]]]},"properties":{"cadnum":"21169.501.413","purptype":"Урбанизирана","usetype":"За второстепенна улица","proptype":"Общинска публична","immaddr":"с. Динк, ул. НЕЗАВИСИМОСТ","area":3923.5402319952,"cadreg":501,"pnum":"413"}},{"type":"Feature","geometry":{"type":"Polygon","coordinates":[[[24.798622,42.264663],[24.800433,42.264499],[24.800522,42.264552],[24.800619,42.264394],[24.798615,42.264576],[24.798622,42.264663]]]},"properties":{"cadnum":"21169.501.414","purptype":"Урбанизирана","usetype":"За второстепенна улица","proptype":"Общинска публична","immaddr":"с. Динк, ул. ДИМЧО ДЕБЕЛЯНОВ","area":1645.7783139805,"cadreg":501,"pnum":"414"}},{"type":"Feature","geometry":{"type":"Polygon","coordinates":[[[24.795967,42.263917],[24.799103,42.263795],[24.799091,42.263705],[24.795952,42.263828],[24.795967,42.263917]]]},"properties":{"cadnum":"21169.501.415","purptype":"Урбанизирана","usetype":"За второстепенна улица","proptype":"Общинска публична","immaddr":"с. Динк, ул. \"СТРАНДЖА\"","area":2593.7794955135,"cadreg":501,"pnum":"415"}},{"type":"Feature","geometry":{"type":"Polygon","coordinates":[[[24.795299,42.268226],[24.795315,42.268203],[24.795201,42.268227],[24.79539,42.26938],[24.795486,42.269371],[24.795299,42.268226]]]},"properties":{"cadnum":"21169.501.416","purptype":"Урбанизирана","usetype":"За второстепенна улица","proptype":"Общинска частна","immaddr":"с. Динк, ул. \"МЛАДОСТ\"","area":1038.965102001,"cadreg":501,"pnum":"416"}},{"type":"Feature","geometry":{"type":"Polygon","coordinates":[[[24.796171,42.269321],[24.796309,42.269312],[24.796107,42.268083],[24.795976,42.268104],[24.795991,42.268112],[24.796185,42.269306],[24.796171,42.269321]]]},"properties":{"cadnum":"21169.501.417","purptype":"Урбанизирана","usetype":"За второстепенна улица","proptype":"Общинска публична","immaddr":"с. Динк, ул. СТАРА ПЛАНИНА","area":1378.3808824975,"cadreg":501,"pnum":"417"}},{"type":"Feature","geometry":{"type":"Polygon","coordinates":[[[24.797662,42.269192],[24.797274,42.267874],[24.797157,42.267899],[24.797426,42.268811],[24.797544,42.269211],[24.797662,42.269192]]]},"properties":{"cadnum":"21169.501.418","purptype":"Урбанизирана","usetype":"За второстепенна улица","proptype":"Общинска публична","immaddr":"с. Динк, ул. КЕДЪР","area":1488.3090110003,"cadreg":501,"pnum":"418"}},{"type":"Feature","geometry":{"type":"Polygon","coordinates":[[[24.797972,42.267787],[24.79799,42.267737],[24.797828,42.267778],[24.798923,42.269033],[24.79891,42.269094],[24.799128,42.269079],[24.797972,42.267787]]]},"properties":{"cadnum":"21169.501.419","purptype":"Урбанизирана","usetype":"За второстепенна улица","proptype":"Общинска публична","immaddr":"с. Динк, ул. ТРАКИЯ","area":1835.4449550116,"cadreg":501,"pnum":"419"}},{"type":"Feature","geometry":{"type":"Polygon","coordinates":[[[24.799954,42.268609],[24.799318,42.267371],[24.799199,42.267404],[24.799394,42.267776],[24.79947,42.267905],[24.79978,42.268509],[24.799837,42.268671],[24.799857,42.269017],[24.799978,42.269006],[24.799954,42.268609]]]},"properties":{"cadnum":"21169.501.420","purptype":"Урбанизирана","usetype":"За второстепенна улица","proptype":"Общинска публична","immaddr":"с. Динк, ул. ИВАН ВАЗОВ","area":1869.09436,"cadreg":501,"pnum":"420"}},{"type":"Feature","geometry":{"type":"Polygon","coordinates":[[[24.79614,42.269907],[24.796023,42.270955],[24.795947,42.272064],[24.796084,42.272067],[24.796068,42.272059],[24.796133,42.271033],[24.796313,42.269432],[24.796202,42.269441],[24.79614,42.269907]]]},"properties":{"cadnum":"21169.501.421","purptype":"Урбанизирана","usetype":"За второстепенна улица","proptype":"Общинска публична","immaddr":"с. Динк, ул. СТАРА ПЛАНИНА","area":2845.0370189921,"cadreg":501,"pnum":"421"}},{"type":"Feature","geometry":{"type":"Polygon","coordinates":[[[24.797331,42.270357],[24.797254,42.271174],[24.797224,42.272085],[24.797351,42.27209],[24.797382,42.27118],[24.797475,42.271184],[24.79757,42.27037],[24.797331,42.270357]]]},"properties":{"cadnum":"21169.501.422","purptype":"Урбанизирана","usetype":"За второстепенна улица","proptype":"Общинска публична","immaddr":"с. Динк, ул. ХАДЖИ ДИМИТЪР","area":2792.8705140034,"cadreg":501,"pnum":"422"}},{"type":"Feature","geometry":{"type":"Polygon","coordinates":[[[24.799213,42.270421],[24.799093,42.270411],[24.799132,42.270907],[24.799183,42.271474],[24.799301,42.27148],[24.799213,42.270421]]]},"properties":{"cadnum":"21169.501.423","purptype":"Урбанизирана","usetype":"За второстепенна улица","proptype":"Общинска публична","immaddr":"с. Динк, ул. РОДОПИ","area":1183.9187219988,"cadreg":501,"pnum":"423"}},{"type":"Feature","geometry":{"type":"Polygon","coordinates":[[[24.800464,42.271441],[24.800761,42.270342],[24.800427,42.270452],[24.800587,42.270505],[24.800335,42.271436],[24.800464,42.271441]]]},"properties":{"cadnum":"21169.501.424","purptype":"Урбанизирана","usetype":"За второстепенна улица","proptype":"Общинска публична","immaddr":"с. Динк, ул. Цар симеон","area":1360.7601115063,"cadreg":501,"pnum":"424"}},{"type":"Feature","geometry":{"type":"Polygon","coordinates":[[[24.801826,42.270813],[24.801755,42.271322],[24.801694,42.271491],[24.801838,42.27149],[24.801868,42.271439],[24.801922,42.271237],[24.801997,42.270453],[24.802089,42.269137],[24.801942,42.269138],[24.801893,42.269837],[24.801883,42.270134],[24.801826,42.270813]]]},"properties":{"cadnum":"21169.501.425","purptype":"Урбанизирана","usetype":"За второстепенна улица","proptype":"Общинска публична","immaddr":"с. Динк, ул. ВАСИЛ КОЛАРОВ","area":3112.7639189951,"cadreg":501,"pnum":"425"}},{"type":"Feature","geometry":{"type":"Polygon","coordinates":[[[24.803815,42.270172],[24.803836,42.270113],[24.803866,42.270075],[24.803917,42.270039],[24.803991,42.270013],[24.803708,42.269858],[24.803681,42.27046],[24.803802,42.270463],[24.803815,42.270172]]]},"properties":{"cadnum":"21169.501.426","purptype":"Урбанизирана","usetype":"За второстепенна улица","proptype":"Общинска публична","immaddr":"с. Динк, ул. 4","area":772.98403849873,"cadreg":501,"pnum":"426"}},{"type":"Feature","geometry":{"type":"Polygon","coordinates":[[[24.804528,42.26879],[24.804969,42.269711],[24.805114,42.269682],[24.804674,42.268746],[24.804528,42.26879]]]},"properties":{"cadnum":"21169.501.427","purptype":"Урбанизирана","usetype":"За второстепенна улица","proptype":"Общинска публична","immaddr":"с. Динк, ул. ВАСИЛ ЛЕВСКИ","area":1363.5341185053,"cadreg":501,"pnum":"427"}},{"type":"Feature","geometry":{"type":"Polygon","coordinates":[[[24.803942,42.267533],[24.804204,42.26809],[24.804493,42.268702],[24.804632,42.268656],[24.804053,42.267451],[24.80391,42.267515],[24.803942,42.267533]]]},"properties":{"cadnum":"21169.501.428","purptype":"Урбанизирана","usetype":"За второстепенна улица","proptype":"Общинска публична","immaddr":"с. Динк, ул. ВАСИЛ ЛЕВСКИ","area":1724.4468339903,"cadreg":501,"pnum":"428"}},{"type":"Feature","geometry":{"type":"Polygon","coordinates":[[[24.803904,42.265235],[24.804735,42.26708],[24.80485,42.267035],[24.804835,42.267029],[24.804028,42.265205],[24.803904,42.265235]]]},"properties":{"cadnum":"21169.501.429","purptype":"Урбанизирана","usetype":"За второстепенна улица","proptype":"Общинска публична","immaddr":"с. Динк, ул. ХРИСТО БОТЕВ","area":2183.2780550086,"cadreg":501,"pnum":"429"}},{"type":"Feature","geometry":{"type":"Polygon","coordinates":[[[24.802887,42.265541],[24.80384,42.267358],[24.80385,42.267399],[24.803836,42.267441],[24.804006,42.267372],[24.802992,42.265454],[24.802832,42.265514],[24.802887,42.265541]]]},"properties":{"cadnum":"21169.501.430","purptype":"Урбанизирана","usetype":"За второстепенна улица","proptype":"Общинска публична","immaddr":"с. Динк, ул. ВАСИЛ ЛЕВСКИ","area":2723.5440664834,"cadreg":501,"pnum":"430"}},{"type":"Feature","geometry":{"type":"Polygon","coordinates":[[[24.801134,42.263985],[24.801506,42.265555],[24.801657,42.265562],[24.801275,42.263971],[24.801134,42.263985]]]},"properties":{"cadnum":"21169.501.431","purptype":"Урбанизирана","usetype":"За второстепенна улица","proptype":"Общинска публична","immaddr":"с. Динк, ул. ВАСИЛ КОЛАРОВ","area":2112.2695039998,"cadreg":501,"pnum":"431"}},{"type":"Feature","geometry":{"type":"Polygon","coordinates":[[[24.797168,42.263871],[24.797411,42.265533],[24.797531,42.265523],[24.797289,42.263866],[24.797168,42.263871]]]},"properties":{"cadnum":"21169.501.432","purptype":"Урбанизирана","usetype":"За второстепенна улица","proptype":"Общинска публична","immaddr":"с. Динк, ул. ТРАКИЯ","area":1840.9198024939,"cadreg":501,"pnum":"432"}},{"type":"Feature","geometry":{"type":"Polygon","coordinates":[[[24.797208,42.267542],[24.796444,42.266143],[24.796088,42.263913],[24.795967,42.263917],[24.79632,42.266166],[24.797214,42.267792],[24.79734,42.26777],[24.797208,42.267542]]]},"properties":{"cadnum":"21169.501.433","purptype":"Урбанизирана","usetype":"За второстепенна улица","proptype":"Общинска публична","immaddr":"с. Динк, ул. \"АРХ. АНГЕЛ РУСЕВ\"","area":4522.8530379923,"cadreg":501,"pnum":"433"}},{"type":"Feature","geometry":{"type":"Polygon","coordinates":[[[24.798726,42.26543],[24.798508,42.263819],[24.79838,42.263823],[24.798601,42.265442],[24.798726,42.26543]]]},"properties":{"cadnum":"21169.501.434","purptype":"Урбанизирана","usetype":"За второстепенна улица","proptype":"Общинска публична","immaddr":"с. Динк, ул. 3","area":1918.0929804984,"cadreg":501,"pnum":"434"}},{"type":"Feature","geometry":{"type":"Polygon","coordinates":[[[24.799204,42.26452],[24.799103,42.263795],[24.798982,42.263799],[24.799082,42.264535],[24.799204,42.26452]]]},"properties":{"cadnum":"21169.501.435","purptype":"Урбанизирана","usetype":"За второстепенна улица","proptype":"Общинска публична","immaddr":"с. Динк, ул. \"ПАИСИЙ ХИЛЕНДАРСКИ\"","area":814.00960000036,"cadreg":501,"pnum":"435"}},{"type":"Feature","geometry":{"type":"Polygon","coordinates":[[[24.797892,42.267617],[24.797765,42.266872],[24.797641,42.266881],[24.797783,42.267698],[24.797948,42.267656],[24.797897,42.267637],[24.797892,42.267617]]]},"properties":{"cadnum":"21169.501.436","purptype":"Урбанизирана","usetype":"За второстепенна улица","proptype":"Общинска публична","immaddr":"с. Динк, ул. ТРАКИЯ","area":911.650096502,"cadreg":501,"pnum":"436"}},{"type":"Feature","geometry":{"type":"Polygon","coordinates":[[[24.797748,42.266781],[24.797552,42.265614],[24.797438,42.265625],[24.797622,42.266792],[24.797748,42.266781]]]},"properties":{"cadnum":"21169.501.437","purptype":"Урбанизирана","usetype":"За второстепенна улица","proptype":"Общинска публична","immaddr":"с. Динк, ул. ТРАКИЯ","area":1292.3574489984,"cadreg":501,"pnum":"437"}},{"type":"Feature","geometry":{"type":"Polygon","coordinates":[[[24.797584,42.27028],[24.797701,42.26932],[24.797475,42.269337],[24.797379,42.270072],[24.797344,42.270268],[24.797584,42.27028]]]},"properties":{"cadnum":"21169.501.438","purptype":"Урбанизирана","usetype":"За второстепенна улица","proptype":"Общинска публична","immaddr":"с. Динк, ул. ХАДЖИ ДИМИТЪР","area":1977.966412002,"cadreg":501,"pnum":"438"}},{"type":"Feature","geometry":{"type":"Polygon","coordinates":[[[24.798846,42.269272],[24.798898,42.269226],[24.798694,42.269243],[24.799109,42.269967],[24.799198,42.270262],[24.79914,42.270325],[24.799349,42.270337],[24.799248,42.269988],[24.799186,42.269844],[24.798846,42.269272]]]},"properties":{"cadnum":"21169.501.439","purptype":"Урбанизирана","usetype":"За второстепенна улица","proptype":"Общинска публична","immaddr":"с. Динк, ул. РОДОПИ","area":1427.0008659924,"cadreg":501,"pnum":"439"}},{"type":"Feature","geometry":{"type":"Polygon","coordinates":[[[24.800479,42.269095],[24.80064,42.270287],[24.800806,42.270228],[24.800753,42.270208],[24.800603,42.269089],[24.800479,42.269095]]]},"properties":{"cadnum":"21169.501.440","purptype":"Урбанизирана","usetype":"За второстепенна улица","proptype":"Общинска публична","immaddr":"с. Динк, ул. Цар симеон","area":1354.1431739966,"cadreg":501,"pnum":"440"}},{"type":"Feature","geometry":{"type":"Polygon","coordinates":[[[24.800474,42.268963],[24.800597,42.268969],[24.80066,42.268324],[24.801119,42.268275],[24.800585,42.267831],[24.800474,42.268963]]]},"properties":{"cadnum":"21169.501.441","purptype":"Урбанизирана","usetype":"За второстепенна улица","proptype":"Общинска публична","immaddr":"с. Динк, ул. Цар симеон","area":2045.2706049934,"cadreg":501,"pnum":"441"}},{"type":"Feature","geometry":{"type":"Polygon","coordinates":[[[24.80069,42.267749],[24.800194,42.267109],[24.80008,42.267159],[24.80029,42.267452],[24.800585,42.267831],[24.801824,42.268869],[24.801933,42.268802],[24.80069,42.267749]]]},"properties":{"cadnum":"21169.501.442","purptype":"Урбанизирана","usetype":"За второстепенна улица","proptype":"Общинска публична","immaddr":"с. Динк, ул. ВЪЗРАЖДАНЕ","area":2806.4947619956,"cadreg":501,"pnum":"442"}},{"type":"Feature","geometry":{"type":"Polygon","coordinates":[[[24.802092,42.269036],[24.802028,42.267592],[24.801885,42.267598],[24.801928,42.26855],[24.801725,42.268626],[24.801801,42.268692],[24.801803,42.268682],[24.801924,42.268637],[24.801935,42.268639],[24.801943,42.268795],[24.801824,42.268869],[24.801856,42.268964],[24.801813,42.269004],[24.802092,42.269036]]]},"properties":{"cadnum":"21169.501.443","purptype":"Урбанизирана","usetype":"За второстепенна улица","proptype":"Общинска публична","immaddr":"с. Динк, ул. ВАСИЛ КОЛАРОВ","area":2211.4538474923,"cadreg":501,"pnum":"443"}},{"type":"Feature","geometry":{"type":"Polygon","coordinates":[[[24.802799,42.269041],[24.803337,42.267563],[24.803149,42.267575],[24.803158,42.267713],[24.803051,42.267986],[24.80306,42.267988],[24.802963,42.268268],[24.802947,42.268282],[24.80266,42.269065],[24.802827,42.269078],[24.802799,42.269041]]]},"properties":{"cadnum":"21169.501.444","purptype":"Урбанизирана","usetype":"За второстепенна улица","proptype":"Общинска публична","immaddr":"с. Динк, ул. 1","area":1773.2839834984,"cadreg":501,"pnum":"444"}},{"type":"Feature","geometry":{"type":"Polygon","coordinates":[[[24.803363,42.269184],[24.803198,42.269188],[24.803227,42.269212],[24.80321,42.269536],[24.803337,42.269562],[24.803363,42.269184]]]},"properties":{"cadnum":"21169.501.445","purptype":"Урбанизирана","usetype":"За второстепенна улица","proptype":"Общинска публична","immaddr":"с. Динк, ул. ЮРИЙ ГАГАРИН","area":441.94105499722,"cadreg":501,"pnum":"445"}},{"type":"Feature","geometry":{"type":"Polygon","coordinates":[[[24.797785,42.266778],[24.796834,42.266852],[24.796871,42.266931],[24.798541,42.266817],[24.798774,42.266785],[24.798882,42.26675],[24.799024,42.26668],[24.799518,42.266266],[24.799626,42.266275],[24.799617,42.266001],[24.799542,42.266111],[24.799445,42.266195],[24.799031,42.266542],[24.798916,42.266625],[24.798831,42.266669],[24.798741,42.2667],[24.798589,42.266723],[24.798393,42.266742],[24.797785,42.266778]]]},"properties":{"cadnum":"21169.501.446","purptype":"Урбанизирана","usetype":"За второстепенна улица","proptype":"Общинска публична","immaddr":"с. Динк, ул. АЛ.СТАМБОЛИЙСКИ","area":2592.3105239997,"cadreg":501,"pnum":"446"}},{"type":"Feature","geometry":{"type":"Polygon","coordinates":[[[24.801525,42.26565],[24.801631,42.266077],[24.801807,42.266026],[24.80176,42.266002],[24.801681,42.265678],[24.801706,42.265651],[24.801525,42.26565]]]},"properties":{"cadnum":"21169.501.447","purptype":"Урбанизирана","usetype":"За второстепенна улица","proptype":"Общинска публична","immaddr":"с. Динк, ул. ВАСИЛ КОЛАРОВ","area":560.81114399885,"cadreg":501,"pnum":"447"}},{"type":"Feature","geometry":{"type":"Polygon","coordinates":[[[24.801927,42.2688],[24.801943,42.268795],[24.801938,42.268642],[24.801931,42.268637],[24.801799,42.268686],[24.801927,42.2688]]]},"properties":{"cadnum":"21169.501.448","purptype":"Урбанизирана","usetype":"За друг вид озеленени площи","proptype":"Общинска публична","immaddr":"с. Динк, ул. ВАСИЛ КОЛАРОВ","area":119.98113300045,"cadreg":501,"pnum":"448"}},{"type":"Feature","geometry":{"type":"Polygon","coordinates":[[[24.79632,42.266166],[24.795959,42.26387],[24.795563,42.263885],[24.795807,42.265648],[24.795913,42.265979],[24.796918,42.267844],[24.797214,42.267792],[24.79632,42.266166]]]},"properties":{"cadnum":"21169.501.449","purptype":"Урбанизирана","usetype":"Поземлен имот с недефиниран начин на трайно ползване","proptype":"Общинска частна","immaddr":"с. Динк, ул. ХАДЖИ ДИМИТЪР","place":"ПАМУЦИТЕ","area":13349.204481506,"cadreg":501,"pnum":"449"}},{"type":"Feature","geometry":{"type":"Polygon","coordinates":[[[24.798137,42.26797],[24.798331,42.268187],[24.798543,42.268082],[24.798422,42.267849],[24.798285,42.267895],[24.798137,42.26797]]]},"properties":{"cadnum":"21169.501.450","purptype":"Урбанизирана","usetype":"Ниско застрояване (до 10 m)","proptype":"Частна","quarter":"21","immaddr":"с. Динк, ул. ТРАКИЯ №8","area":691.77862048765,"cadreg":501,"pnum":"450"}},{"type":"Feature","geometry":{"type":"Polygon","coordinates":[[[24.79832,42.267649],[24.798543,42.268082],[24.798774,42.268048],[24.798548,42.267585],[24.79832,42.267649]]]},"properties":{"cadnum":"21169.501.451","purptype":"Урбанизирана","usetype":"Ниско застрояване (до 10 m)","proptype":"Частна","quarter":"21","immaddr":"с. Динк, ул. СЪЕДИНЕНИЕ №5","area":1047.1707549962,"cadreg":501,"pnum":"451"}},{"type":"Feature","geometry":{"type":"Polygon","coordinates":[[[24.802412,42.268791],[24.802432,42.268564],[24.802075,42.268568],[24.802087,42.268802],[24.802412,42.268791]]]},"properties":{"cadnum":"21169.501.452","purptype":"Урбанизирана","usetype":"Ниско застрояване (до 10 m)","proptype":"Частна","quarter":"25","immaddr":"с. Динк, ул. ВАСИЛ КОЛАРОВ №30-a","area":716.76073099008,"cadreg":501,"pnum":"452"}},{"type":"Feature","geometry":{"type":"Polygon","coordinates":[[[24.802087,42.268802],[24.802092,42.269036],[24.802391,42.269051],[24.802412,42.268791],[24.802087,42.268802]]]},"properties":{"cadnum":"21169.501.453","purptype":"Урбанизирана","usetype":"Ниско застрояване (до 10 m)","proptype":"Частна","quarter":"25","immaddr":"с. Динк, ул. ВАСИЛ КОЛАРОВ №32","area":707.30026199045,"cadreg":501,"pnum":"453"}},{"type":"Feature","geometry":{"type":"Polygon","coordinates":[[[24.802391,42.269051],[24.80266,42.269065],[24.802787,42.268718],[24.802632,42.26869],[24.802419,42.268697],[24.802391,42.269051]]]},"properties":{"cadnum":"21169.501.454","purptype":"Урбанизирана","usetype":"Ниско застрояване (до 10 m)","proptype":"Частна","quarter":"25","immaddr":"с. Динк, ул. \"Юрий Гагарин\" №14","area":1068.5357284917,"cadreg":501,"pnum":"454"}},{"type":"Feature","geometry":{"type":"Polygon","coordinates":[[[24.803506,42.267465],[24.803836,42.267441],[24.80385,42.267399],[24.80384,42.267358],[24.803742,42.267171],[24.803478,42.267192],[24.803506,42.267465]]]},"properties":{"cadnum":"21169.501.455","purptype":"Урбанизирана","usetype":"Ниско застрояване (до 10 m)","proptype":"Частна","quarter":"29","immaddr":"с. Динк, ул. НЕЗАВИСИМОСТ №16-a","area":798.40191750762,"cadreg":501,"pnum":"455"}},{"type":"Feature","geometry":{"type":"Polygon","coordinates":[[[24.802479,42.266033],[24.801801,42.266124],[24.801828,42.266267],[24.802509,42.266184],[24.802479,42.266033]]]},"properties":{"cadnum":"21169.501.456","purptype":"Урбанизирана","usetype":"Ниско застрояване (до 10 m)","proptype":"Частна","quarter":"29","immaddr":"с. Динк, ул. \"Васил Коларов\" №14","area":938.99398800098,"cadreg":501,"pnum":"456"}},{"type":"Feature","geometry":{"type":"Polygon","coordinates":[[[24.801348,42.267593],[24.801162,42.267083],[24.801148,42.267067],[24.800737,42.267241],[24.800985,42.267413],[24.801073,42.267658],[24.801348,42.267593]]]},"properties":{"cadnum":"21169.501.457","purptype":"Урбанизирана","usetype":"Ниско застрояване (до 10 m)","proptype":"Частна","quarter":"30","immaddr":"с. Динк, ул. НЕЗАВИСИМОСТ №2-а","area":1585.9271029885,"cadreg":501,"pnum":"457"}},{"type":"Feature","geometry":{"type":"Polygon","coordinates":[[[24.799524,42.265967],[24.799219,42.265997],[24.799233,42.266098],[24.799421,42.266215],[24.799542,42.266111],[24.799617,42.266001],[24.799524,42.265967]]]},"properties":{"cadnum":"21169.501.458","purptype":"Урбанизирана","usetype":"Ниско застрояване (до 10 m)","proptype":"Частна","quarter":"33","immaddr":"с. Динк, ул. АЛ.СТАМБОЛИЙСКИ №1","area":560.47771749173,"cadreg":501,"pnum":"458"}},{"type":"Feature","geometry":{"type":"Polygon","coordinates":[[[24.801644,42.267527],[24.801492,42.266993],[24.801162,42.267083],[24.801348,42.267593],[24.801644,42.267527]]]},"properties":{"cadnum":"21169.501.460","purptype":"Урбанизирана","usetype":"Ниско застрояване (до 10 m)","proptype":"Частна","quarter":"30","immaddr":"с. Динк, ул. НЕЗАВИСИМОСТ №2-б","area":1612.1122504997,"cadreg":501,"pnum":"460"}},{"type":"Feature","geometry":{"type":"Polygon","coordinates":[[[24.801803,42.266804],[24.801755,42.266595],[24.801397,42.266649],[24.801453,42.266837],[24.801803,42.266804]]]},"properties":{"cadnum":"21169.501.461","purptype":"Урбанизирана","usetype":"Ниско застрояване (до 10 m)","proptype":"Частна","quarter":"30","immaddr":"с. Динк, ул. ВАСИЛ КОЛАРОВ №5","area":663.18813251124,"cadreg":501,"pnum":"461"}},{"type":"Feature","geometry":{"type":"Polygon","coordinates":[[[24.798819,42.267107],[24.798592,42.267138],[24.798622,42.26736],[24.798664,42.267457],[24.798936,42.267381],[24.798819,42.267107]]]},"properties":{"cadnum":"21169.501.462","purptype":"Урбанизирана","usetype":"Ниско застрояване (до 10 m)","proptype":"Частна","quarter":"31","immaddr":"с. Динк, ул. СЪЕДИНЕНИЕ №6-a","area":756.48834449059,"cadreg":501,"pnum":"462"}},{"type":"Feature","geometry":{"type":"Polygon","coordinates":[[[24.798592,42.267138],[24.798353,42.267168],[24.798385,42.267374],[24.798448,42.267518],[24.798664,42.267457],[24.798622,42.26736],[24.798592,42.267138]]]},"properties":{"cadnum":"21169.501.463","purptype":"Урбанизирана","usetype":"Ниско застрояване (до 10 m)","proptype":"Частна","quarter":"31","immaddr":"с. Динк, ул. \"Съединение\" №6","area":738.22337950186,"cadreg":501,"pnum":"463"}},{"type":"Feature","geometry":{"type":"Polygon","coordinates":[[[24.798237,42.267576],[24.798448,42.267518],[24.798385,42.267374],[24.798353,42.267168],[24.798122,42.267182],[24.798163,42.267396],[24.798237,42.267576]]]},"properties":{"cadnum":"21169.501.464","purptype":"Урбанизирана","usetype":"Ниско застрояване (до 10 m)","proptype":"Частна","quarter":"31","immaddr":"с. Динк, ул. СЪЕДИНЕНИЕ №4","area":787.92862349258,"cadreg":501,"pnum":"464"}},{"type":"Feature","geometry":{"type":"Polygon","coordinates":[[[24.799112,42.266837],[24.799368,42.266722],[24.799222,42.266514],[24.799024,42.26668],[24.79899,42.266697],[24.799112,42.266837]]]},"properties":{"cadnum":"21169.501.465","purptype":"Урбанизирана","usetype":"Ниско застрояване (до 10 m)","proptype":"Частна","quarter":"31","immaddr":"с. Динк, ул. АЛ.СТАМБОЛИЙСКИ","area":561.02445550542,"cadreg":501,"pnum":"465"}},{"type":"Feature","geometry":{"type":"Polygon","coordinates":[[[24.8009,42.266542],[24.800492,42.266196],[24.800286,42.266301],[24.800678,42.266683],[24.8009,42.266542]]]},"properties":{"cadnum":"21169.501.466","purptype":"Урбанизирана","usetype":"Ниско застрояване (до 10 m)","proptype":"Частна","quarter":"35","immaddr":"с. Динк, ул. СЪЕДИНЕНИЕ №8-a","area":1167.2732354977,"cadreg":501,"pnum":"466"}},{"type":"Feature","geometry":{"type":"Polygon","coordinates":[[[24.801109,42.26641],[24.800825,42.266168],[24.800492,42.266196],[24.8009,42.266542],[24.801109,42.26641]]]},"properties":{"cadnum":"21169.501.467","purptype":"Урбанизирана","usetype":"Ниско застрояване (до 10 m)","proptype":"Частна","quarter":"35","immaddr":"с. Динк, ул. СЪЕДИНЕНИЕ №8-б","area":984.0046285012,"cadreg":501,"pnum":"467"}},{"type":"Feature","geometry":{"type":"Polygon","coordinates":[[[24.799911,42.265785],[24.800196,42.265877],[24.800296,42.265708],[24.800011,42.265627],[24.799911,42.265785]]]},"properties":{"cadnum":"21169.501.468","purptype":"Урбанизирана","usetype":"Ниско застрояване (до 10 m)","proptype":"Частна","quarter":"35","immaddr":"с. Динк, ул. \"Възраждане\" №12-A","area":507.54102999491,"cadreg":501,"pnum":"468"}},{"type":"Feature","geometry":{"type":"Polygon","coordinates":[[[24.800396,42.270451],[24.800158,42.270446],[24.800144,42.270691],[24.800323,42.270723],[24.800396,42.270451]]]},"properties":{"cadnum":"21169.501.469","purptype":"Урбанизирана","usetype":"Ниско застрояване (до 10 m)","proptype":"Частна","quarter":"4","immaddr":"с. Динк, ул. ПОБЕДА №4","area":498.30663749443,"cadreg":501,"pnum":"469"}},{"type":"Feature","geometry":{"type":"Polygon","coordinates":[[[24.800427,42.270452],[24.800396,42.270451],[24.800323,42.270723],[24.800518,42.270757],[24.800587,42.270505],[24.800427,42.270452]]]},"properties":{"cadnum":"21169.501.470","purptype":"Урбанизирана","usetype":"Ниско застрояване (до 10 m)","proptype":"Частна","quarter":"4","immaddr":"с. Динк, ул. ПОБЕДА №4","area":498.50308700466,"cadreg":501,"pnum":"470"}},{"type":"Feature","geometry":{"type":"Polygon","coordinates":[[[24.798589,42.266723],[24.798514,42.266329],[24.798062,42.266368],[24.798044,42.266613],[24.798054,42.266761],[24.798393,42.266742],[24.798589,42.266723]]]},"properties":{"cadnum":"21169.501.471","purptype":"Урбанизирана","usetype":"Ниско застрояване (до 10 m)","proptype":"Частна","quarter":"33","immaddr":"с. Динк, ул. \"Александър Стамболийски\" №5","area":1829.3395544964,"cadreg":501,"pnum":"471"}},{"type":"Feature","geometry":{"type":"Polygon","coordinates":[[[24.798648,42.266049],[24.798597,42.265533],[24.798011,42.265578],[24.798037,42.265799],[24.79809,42.266105],[24.798062,42.266368],[24.798514,42.266329],[24.798469,42.266063],[24.798648,42.266049]]]},"properties":{"cadnum":"21169.501.472","purptype":"Урбанизирана","usetype":"Ниско застрояване (до 10 m)","proptype":"Частна","quarter":"33","immaddr":"с. Динк, ул. Комсомолска №3","area":3783.2666549977,"cadreg":501,"pnum":"472"}},{"type":"Feature","geometry":{"type":"Polygon","coordinates":[[[24.798588,42.269646],[24.798262,42.269614],[24.798225,42.269861],[24.798553,42.269896],[24.798613,42.269694],[24.798588,42.269646]]]},"properties":{"cadnum":"21169.501.475","purptype":"Урбанизирана","usetype":"Ниско застрояване (до 10 m)","proptype":"Частна","quarter":"17","immaddr":"с. Динк, ул. РОДОПИ","area":797.42199549593,"cadreg":501,"pnum":"475"}},{"type":"Feature","geometry":{"type":"Polygon","coordinates":[[[24.798883,42.269573],[24.798782,42.269396],[24.798418,42.269454],[24.798363,42.269452],[24.798353,42.269616],[24.798588,42.269646],[24.798883,42.269573]]]},"properties":{"cadnum":"21169.501.476","purptype":"Урбанизирана","usetype":"Ниско застрояване (до 10 m)","proptype":"Общинска частна","quarter":"17","immaddr":"с. Динк, ул. РОДОПИ","area":861.94810399299,"cadreg":501,"pnum":"476"}},{"type":"Feature","geometry":{"type":"Polygon","coordinates":[[[24.798782,42.269396],[24.798694,42.269243],[24.798344,42.26927],[24.798363,42.269452],[24.798418,42.269454],[24.798782,42.269396]]]},"properties":{"cadnum":"21169.501.477","purptype":"Урбанизирана","usetype":"Ниско застрояване (до 10 m)","proptype":"Частна","quarter":"17","immaddr":"с. Динк, ул. \"Родопи\"","area":628.52931250325,"cadreg":501,"pnum":"477"}},{"type":"Feature","geometry":{"type":"Polygon","coordinates":[[[24.798364,42.269441],[24.798344,42.26927],[24.798061,42.269292],[24.79804,42.269607],[24.798353,42.269616],[24.798364,42.269441]]]},"properties":{"cadnum":"21169.501.478","purptype":"Урбанизирана","usetype":"Ниско застрояване (до 10 m)","proptype":"Общинска частна","quarter":"17","immaddr":"с. Динк, ул. РОДОПИ","area":925.31512249796,"cadreg":501,"pnum":"478"}},{"type":"Feature","geometry":{"type":"Polygon","coordinates":[[[24.79891,42.269619],[24.798883,42.269573],[24.798588,42.269646],[24.798613,42.269694],[24.79891,42.269619]]]},"properties":{"cadnum":"21169.501.479","purptype":"Урбанизирана","usetype":"За второстепенна улица","proptype":"Общинска публична","quarter":"17","immaddr":"с. Динк, ул. РОДОПИ","area":145.35626849403,"cadreg":501,"pnum":"479"}},{"type":"Feature","geometry":{"type":"Polygon","coordinates":[[[24.798906,42.268359],[24.798799,42.268165],[24.79846,42.268332],[24.798579,42.268465],[24.798906,42.268359]]]},"properties":{"cadnum":"21169.501.480","purptype":"Урбанизирана","usetype":"Ниско застрояване (до 10 m)","proptype":"Частна","quarter":"21","immaddr":"с. Динк, ул. ТРАКИЯ №6","area":634.28249599905,"cadreg":501,"pnum":"480"}},{"type":"Feature","geometry":{"type":"Polygon","coordinates":[[[24.798799,42.268165],[24.798741,42.268054],[24.798543,42.268082],[24.798331,42.268187],[24.79846,42.268332],[24.798799,42.268165]]]},"properties":{"cadnum":"21169.501.481","purptype":"Урбанизирана","usetype":"Ниско застрояване (до 10 m)","proptype":"Частна","quarter":"21","immaddr":"с. Динк, ул. ТРАКИЯ №6","area":634.36762800265,"cadreg":501,"pnum":"481"}},{"type":"Feature","geometry":{"type":"Polygon","coordinates":[[[24.797426,42.268811],[24.797372,42.268629],[24.797114,42.268665],[24.796787,42.268697],[24.796806,42.26886],[24.797426,42.268811]]]},"properties":{"cadnum":"21169.501.482","purptype":"Урбанизирана","usetype":"Ниско застрояване (до 10 m)","proptype":"Общинска частна","quarter":"19","immaddr":"с. Динк, ул. КЕДЪР №4","area":950.89941452079,"cadreg":501,"pnum":"482"}},{"type":"Feature","geometry":{"type":"Polygon","coordinates":[[[24.797372,42.268629],[24.797321,42.268454],[24.796761,42.268505],[24.796787,42.268697],[24.797114,42.268665],[24.797372,42.268629]]]},"properties":{"cadnum":"21169.501.483","purptype":"Урбанизирана","usetype":"Ниско застрояване (до 10 m)","proptype":"Общинска частна","quarter":"19","immaddr":"с. Динк, ул. КЕДЪР","area":1000.0183029904,"cadreg":501,"pnum":"483"}},{"type":"Feature","geometry":{"type":"Polygon","coordinates":[[[24.798893,42.264841],[24.798877,42.264641],[24.798622,42.264663],[24.798668,42.265006],[24.79888,42.264996],[24.798893,42.264841]]]},"properties":{"cadnum":"21169.501.484","purptype":"Урбанизирана","usetype":"Ниско застрояване (до 10 m)","proptype":"Частна","quarter":"44","immaddr":"с. Динк, ул. \"Катюша\" №3","area":768.08872000325,"cadreg":501,"pnum":"484"}},{"type":"Feature","geometry":{"type":"Polygon","coordinates":[[[24.799143,42.264988],[24.799084,42.264624],[24.798877,42.264641],[24.798893,42.264841],[24.79888,42.264996],[24.799143,42.264988]]]},"properties":{"cadnum":"21169.501.485","purptype":"Урбанизирана","usetype":"Ниско застрояване (до 10 m)","proptype":"Частна","quarter":"44","immaddr":"с. Динк, ул. \"Димчо Дебелянов\" №10","area":768.36717500555,"cadreg":501,"pnum":"485"}},{"type":"Feature","geometry":{"type":"Polygon","coordinates":[[[24.803028,42.26808],[24.802431,42.268027],[24.802437,42.268206],[24.802838,42.268276],[24.802947,42.268282],[24.802963,42.268268],[24.803028,42.26808]]]},"properties":{"cadnum":"21169.501.486","purptype":"Урбанизирана","usetype":"Ниско застрояване (до 10 m)","proptype":"Частна","quarter":"25","immaddr":"с. Динк, ул. Христо Смирненски №6","area":1020.0949425141,"cadreg":501,"pnum":"486"}},{"type":"Feature","geometry":{"type":"Polygon","coordinates":[[[24.802431,42.268027],[24.803028,42.26808],[24.80306,42.267988],[24.803051,42.267986],[24.803085,42.267906],[24.802791,42.267874],[24.802426,42.267881],[24.802431,42.268027]]]},"properties":{"cadnum":"21169.501.487","purptype":"Урбанизирана","usetype":"Ниско застрояване (до 10 m)","proptype":"Частна","quarter":"25","immaddr":"с. Динк, ул. Христо Смирненски №6","area":998.51076198927,"cadreg":501,"pnum":"487"}},{"type":"Feature","geometry":{"type":"Polygon","coordinates":[[[24.801207,42.26528],[24.800861,42.265227],[24.800802,42.265444],[24.801135,42.265502],[24.801207,42.26528]]]},"properties":{"cadnum":"21169.501.488","purptype":"Урбанизирана","usetype":"Ниско застрояване (до 10 m)","proptype":"Частна","quarter":"36","immaddr":"с. Динк, ул. \"Васил Коларов\" №5","area":716.30605200199,"cadreg":501,"pnum":"488"}},{"type":"Feature","geometry":{"type":"Polygon","coordinates":[[[24.801506,42.265555],[24.801437,42.265261],[24.801207,42.26528],[24.801135,42.265502],[24.801506,42.265555]]]},"properties":{"cadnum":"21169.501.489","purptype":"Урбанизирана","usetype":"Ниско застрояване (до 10 m)","proptype":"Частна","quarter":"36","immaddr":"с. Динк, ул. \"Васил Коларов\" №5","area":715.26374500451,"cadreg":501,"pnum":"489"}},{"type":"Feature","geometry":{"type":"Polygon","coordinates":[[[24.803229,42.268791],[24.802914,42.268723],[24.802799,42.269041],[24.802827,42.269078],[24.803168,42.2691],[24.803229,42.268791]]]},"properties":{"cadnum":"21169.501.490","purptype":"Урбанизирана","usetype":"Ниско застрояване (до 10 m)","proptype":"Частна","quarter":"26","immaddr":"с. Динк, ул. ЮРИЙ ГАГАРИН №16","area":1087.5871630061,"cadreg":501,"pnum":"490"}},{"type":"Feature","geometry":{"type":"Polygon","coordinates":[[[24.803639,42.268882],[24.803229,42.268791],[24.803168,42.2691],[24.803298,42.269108],[24.803669,42.268986],[24.803639,42.268882]]]},"properties":{"cadnum":"21169.501.491","purptype":"Урбанизирана","usetype":"Ниско застрояване (до 10 m)","proptype":"Частна","quarter":"26","immaddr":"с. Динк, ул. ЮРИЙ ГАГАРИН №16","area":946.96571700385,"cadreg":501,"pnum":"491"}}]}