{"type":"FeatureCollection","features":[{"type":"Feature","geometry":{"type":"Polygon","coordinates":[[[24.787923,42.260017],[24.787439,42.259696],[24.786707,42.260306],[24.786894,42.26043],[24.787556,42.260531],[24.787923,42.260017]]]},"properties":{"cadnum":"39918.1.1","purptype":"Земеделска","usetype":"Оризище","proptype":"Частна","immaddr":"с. Крислово","place":"УШОВ ГЕРЕН","area":5096.1874375155,"cadreg":1,"pnum":"1"}},{"type":"Feature","geometry":{"type":"Polygon","coordinates":[[[24.787971,42.259253],[24.787439,42.259696],[24.787923,42.260017],[24.788309,42.259477],[24.787971,42.259253]]]},"properties":{"cadnum":"39918.1.2","purptype":"Земеделска","usetype":"Оризище","proptype":"Частна","immaddr":"с. Крислово","place":"УШОВ ГЕРЕН","area":2999.2760845022,"cadreg":1,"pnum":"2"}},{"type":"Feature","geometry":{"type":"Polygon","coordinates":[[[24.783099,42.257916],[24.783382,42.258103],[24.784646,42.25705],[24.784363,42.256863],[24.783099,42.257916]]]},"properties":{"cadnum":"39918.1.6","purptype":"Земеделска","usetype":"Оризище","proptype":"Частна","immaddr":"с. Крислово","place":"УШОВ ГЕРЕН","area":4903.5946449647,"cadreg":1,"pnum":"6"}},{"type":"Feature","geometry":{"type":"Polygon","coordinates":[[[24.783971,42.256603],[24.782707,42.257656],[24.783099,42.257916],[24.784363,42.256863],[24.783971,42.256603]]]},"properties":{"cadnum":"39918.1.7","purptype":"Земеделска","usetype":"Оризище","proptype":"Частна","immaddr":"с. Крислово","place":"УШОВ ГЕРЕН","area":6796.1879789992,"cadreg":1,"pnum":"7"}},{"type":"Feature","geometry":{"type":"Polygon","coordinates":[[[24.78355,42.256324],[24.782283,42.257379],[24.782707,42.257656],[24.783971,42.256603],[24.78355,42.256324]]]},"properties":{"cadnum":"39918.1.8","purptype":"Земеделска","usetype":"Оризище","proptype":"Частна","immaddr":"с. Крислово","place":"УШОВ ГЕРЕН","area":7304.6820410219,"cadreg":1,"pnum":"8"}},{"type":"Feature","geometry":{"type":"Polygon","coordinates":[[[24.78355,42.256324],[24.783125,42.256043],[24.781849,42.257105],[24.782283,42.257379],[24.78355,42.256324]]]},"properties":{"cadnum":"39918.1.9","purptype":"Земеделска","usetype":"Оризище","proptype":"Частна","immaddr":"с. Крислово","place":"УШОВ ГЕРЕН","area":7395.7639929744,"cadreg":1,"pnum":"9"}},{"type":"Feature","geometry":{"type":"Polygon","coordinates":[[[24.783125,42.256043],[24.782703,42.255763],[24.781423,42.256829],[24.781849,42.257105],[24.783125,42.256043]]]},"properties":{"cadnum":"39918.1.10","purptype":"Земеделска","usetype":"Оризище","proptype":"Частна","immaddr":"с. Крислово","place":"УШОВ ГЕРЕН","area":7397.0458600149,"cadreg":1,"pnum":"10"}},{"type":"Feature","geometry":{"type":"Polygon","coordinates":[[[24.781964,42.255273],[24.780677,42.256345],[24.781423,42.256829],[24.782703,42.255763],[24.781964,42.255273]]]},"properties":{"cadnum":"39918.1.11","purptype":"Земеделска","usetype":"Оризище","proptype":"Частна","immaddr":"с. Крислово","place":"УШОВ ГЕРЕН","area":12999.587159005,"cadreg":1,"pnum":"11"}},{"type":"Feature","geometry":{"type":"Polygon","coordinates":[[[24.781964,42.255273],[24.781404,42.254902],[24.780112,42.255979],[24.780677,42.256345],[24.781964,42.255273]]]},"properties":{"cadnum":"39918.1.12","purptype":"Земеделска","usetype":"Оризище","proptype":"Частна","immaddr":"с. Крислово","place":"УШОВ ГЕРЕН","area":9898.1349550142,"cadreg":1,"pnum":"12"}},{"type":"Feature","geometry":{"type":"Polygon","coordinates":[[[24.781404,42.254902],[24.78042,42.25425],[24.779121,42.255331],[24.780112,42.255979],[24.781404,42.254902]]]},"properties":{"cadnum":"39918.1.13","purptype":"Земеделска","usetype":"Оризище","proptype":"Частна","immaddr":"с. Крислово","place":"УШОВ ГЕРЕН","area":17480.468782012,"cadreg":1,"pnum":"13"}},{"type":"Feature","geometry":{"type":"Polygon","coordinates":[[[24.778281,42.254768],[24.779575,42.25369],[24.779268,42.253487],[24.777577,42.254297],[24.778281,42.254768]]]},"properties":{"cadnum":"39918.1.15","purptype":"Земеделска","usetype":"Оризище","proptype":"Частна","immaddr":"с. Крислово","place":"УШОВ ГЕРЕН","area":8986.8029384665,"cadreg":1,"pnum":"15"}},{"type":"Feature","geometry":{"type":"Polygon","coordinates":[[[24.780867,42.253887],[24.779842,42.253207],[24.779268,42.253487],[24.780426,42.254254],[24.780867,42.253887]]]},"properties":{"cadnum":"39918.1.16","purptype":"Земеделска","usetype":"Оризище","proptype":"Частна","immaddr":"с. Крислово","place":"УШОВ ГЕРЕН","area":6601.3525745183,"cadreg":1,"pnum":"16"}},{"type":"Feature","geometry":{"type":"Polygon","coordinates":[[[24.779842,42.253207],[24.780867,42.253887],[24.781219,42.253595],[24.780279,42.252993],[24.779842,42.253207]]]},"properties":{"cadnum":"39918.1.17","purptype":"Земеделска","usetype":"Оризище","proptype":"Частна","immaddr":"с. Крислово","place":"УШОВ ГЕРЕН","area":4596.4361524665,"cadreg":1,"pnum":"17"}},{"type":"Feature","geometry":{"type":"Polygon","coordinates":[[[24.78184,42.255191],[24.782713,42.255769],[24.783541,42.25508],[24.782655,42.254513],[24.78184,42.255191]]]},"properties":{"cadnum":"39918.1.19","purptype":"Земеделска","usetype":"Оризище","proptype":"Частна","immaddr":"с. Крислово","place":"УШОВ ГЕРЕН","area":9816.696866995,"cadreg":1,"pnum":"19"}},{"type":"Feature","geometry":{"type":"Polygon","coordinates":[[[24.786085,42.256707],[24.785218,42.257429],[24.785622,42.257697],[24.786496,42.25697],[24.786085,42.256707]]]},"properties":{"cadnum":"39918.1.21","purptype":"Земеделска","usetype":"Оризище","proptype":"Частна","immaddr":"с. Крислово","place":"УШОВ ГЕРЕН","area":4821.9900179792,"cadreg":1,"pnum":"21"}},{"type":"Feature","geometry":{"type":"Polygon","coordinates":[[[24.78596,42.257921],[24.786839,42.25719],[24.786496,42.25697],[24.785622,42.257697],[24.78596,42.257921]]]},"properties":{"cadnum":"39918.1.22","purptype":"Земеделска","usetype":"Оризище","proptype":"Частна","immaddr":"с. Крислово","place":"УШОВ ГЕРЕН","area":4052.5229754959,"cadreg":1,"pnum":"22"}},{"type":"Feature","geometry":{"type":"Polygon","coordinates":[[[24.78596,42.257921],[24.787541,42.258968],[24.788445,42.258217],[24.786839,42.25719],[24.78596,42.257921]]]},"properties":{"cadnum":"39918.1.23","purptype":"Земеделска","usetype":"Оризище","proptype":"Частна","immaddr":"с. Крислово","place":"УШОВ ГЕРЕН","area":19299.833887479,"cadreg":1,"pnum":"23"}},{"type":"Feature","geometry":{"type":"Polygon","coordinates":[[[24.788309,42.259477],[24.788992,42.25852],[24.788476,42.25819],[24.787541,42.258968],[24.788309,42.259477]]]},"properties":{"cadnum":"39918.1.24","purptype":"Земеделска","usetype":"Оризище","proptype":"Частна","immaddr":"с. Крислово","place":"УШОВ ГЕРЕН","area":8208.6303829878,"cadreg":1,"pnum":"24"}},{"type":"Feature","geometry":{"type":"Polygon","coordinates":[[[24.781236,42.252531],[24.780547,42.252863],[24.781149,42.253253],[24.781669,42.252811],[24.781236,42.252531]]]},"properties":{"cadnum":"39918.1.25","purptype":"Земеделска","usetype":"Оризище","proptype":"Частна","immaddr":"с. Крислово","place":"УШОВ ГЕРЕН","area":3695.2806430167,"cadreg":1,"pnum":"25"}},{"type":"Feature","geometry":{"type":"Polygon","coordinates":[[[24.783421,42.253081],[24.782326,42.254014],[24.782843,42.254348],[24.782907,42.254354],[24.783978,42.253442],[24.783421,42.253081]]]},"properties":{"cadnum":"39918.1.26","purptype":"Земеделска","usetype":"Оризище","proptype":"Частна","immaddr":"с. Крислово","place":"УШОВ ГЕРЕН","area":8375.3726589654,"cadreg":1,"pnum":"26"}},{"type":"Feature","geometry":{"type":"Polygon","coordinates":[[[24.781669,42.252811],[24.781149,42.253253],[24.781664,42.253586],[24.782183,42.253144],[24.781669,42.252811]]]},"properties":{"cadnum":"39918.1.27","purptype":"Земеделска","usetype":"Оризище","proptype":"Частна","immaddr":"с. Крислово","place":"УШОВ ГЕРЕН","area":3669.1360180213,"cadreg":1,"pnum":"27"}},{"type":"Feature","geometry":{"type":"Polygon","coordinates":[[[24.782844,42.253572],[24.782183,42.253144],[24.781664,42.253586],[24.782326,42.254014],[24.782844,42.253572]]]},"properties":{"cadnum":"39918.1.28","purptype":"Земеделска","usetype":"Оризище","proptype":"Частна","immaddr":"с. Крислово","place":"УШОВ ГЕРЕН","area":4718.6120144817,"cadreg":1,"pnum":"28"}},{"type":"Feature","geometry":{"type":"Polygon","coordinates":[[[24.781236,42.252531],[24.782844,42.253572],[24.783421,42.253081],[24.782001,42.252161],[24.781236,42.252531]]]},"properties":{"cadnum":"39918.1.29","purptype":"Земеделска","usetype":"Оризище","proptype":"Частна","immaddr":"с. Крислово","place":"УШОВ ГЕРЕН","area":12000.072241523,"cadreg":1,"pnum":"29"}},{"type":"Feature","geometry":{"type":"Polygon","coordinates":[[[24.784861,42.254014],[24.783978,42.253442],[24.782907,42.254354],[24.783791,42.254926],[24.784861,42.254014]]]},"properties":{"cadnum":"39918.1.30","purptype":"Земеделска","usetype":"Оризище","proptype":"Частна","immaddr":"с. Крислово","place":"УШОВ ГЕРЕН","area":12999.816095054,"cadreg":1,"pnum":"30"}},{"type":"Feature","geometry":{"type":"Polygon","coordinates":[[[24.785228,42.254251],[24.784861,42.254014],[24.783791,42.254926],[24.784158,42.255163],[24.785228,42.254251]]]},"properties":{"cadnum":"39918.1.31","purptype":"Земеделска","usetype":"Оризище","proptype":"Частна","immaddr":"с. Крислово","place":"УШОВ ГЕРЕН","area":5400.1883900057,"cadreg":1,"pnum":"31"}},{"type":"Feature","geometry":{"type":"Polygon","coordinates":[[[24.785772,42.254603],[24.785228,42.254251],[24.784158,42.255163],[24.784702,42.255515],[24.785772,42.254603]]]},"properties":{"cadnum":"39918.1.32","purptype":"Земеделска","usetype":"Оризище","proptype":"Частна","immaddr":"с. Крислово","place":"УШОВ ГЕРЕН","area":7999.1740619823,"cadreg":1,"pnum":"32"}},{"type":"Feature","geometry":{"type":"Polygon","coordinates":[[[24.785772,42.254603],[24.784702,42.255515],[24.785587,42.256087],[24.786656,42.255176],[24.785772,42.254603]]]},"properties":{"cadnum":"39918.1.33","purptype":"Земеделска","usetype":"Оризище","proptype":"Частна","immaddr":"с. Крислово","place":"УШОВ ГЕРЕН","area":13000.735566506,"cadreg":1,"pnum":"33"}},{"type":"Feature","geometry":{"type":"Polygon","coordinates":[[[24.787337,42.255617],[24.786656,42.255176],[24.785587,42.256087],[24.786268,42.256528],[24.787337,42.255617]]]},"properties":{"cadnum":"39918.1.34","purptype":"Земеделска","usetype":"Нива","proptype":"Частна","immaddr":"с. Крислово","place":"УШОВ ГЕРЕН","area":10000.485452975,"cadreg":1,"pnum":"34"}},{"type":"Feature","geometry":{"type":"Polygon","coordinates":[[[24.788018,42.256057],[24.787337,42.255617],[24.786268,42.256528],[24.786949,42.256968],[24.788018,42.256057]]]},"properties":{"cadnum":"39918.1.35","purptype":"Земеделска","usetype":"Оризище","proptype":"Частна","immaddr":"с. Крислово","place":"УШОВ ГЕРЕН","area":9999.0171505119,"cadreg":1,"pnum":"35"}},{"type":"Feature","geometry":{"type":"Polygon","coordinates":[[[24.789063,42.258335],[24.789505,42.25702],[24.78938,42.25694],[24.788312,42.257849],[24.789063,42.258335]]]},"properties":{"cadnum":"39918.1.37","purptype":"Земеделска","usetype":"Оризище","proptype":"Общинска частна","immaddr":"с. Крислово","place":"УШОВ ГЕРЕН","area":6424.8335835074,"cadreg":1,"pnum":"37"}},{"type":"Feature","geometry":{"type":"Polygon","coordinates":[[[24.788185,42.256166],[24.78938,42.25694],[24.789505,42.25702],[24.789741,42.256318],[24.788755,42.255679],[24.788185,42.256166]]]},"properties":{"cadnum":"39918.1.38","purptype":"Земеделска","usetype":"Оризище","proptype":"Частна","immaddr":"с. Крислово","place":"УШОВ ГЕРЕН","area":9041.1669265124,"cadreg":1,"pnum":"38"}},{"type":"Feature","geometry":{"type":"Polygon","coordinates":[[[24.788755,42.255679],[24.789741,42.256318],[24.789969,42.255638],[24.789555,42.255381],[24.789387,42.25538],[24.789227,42.255277],[24.788755,42.255679]]]},"properties":{"cadnum":"39918.1.39","purptype":"Земеделска","usetype":"Оризище","proptype":"Частна","immaddr":"с. Крислово","place":"УШОВ ГЕРЕН","area":5997.9552685008,"cadreg":1,"pnum":"39"}},{"type":"Feature","geometry":{"type":"Polygon","coordinates":[[[24.787068,42.253881],[24.786026,42.254768],[24.78629,42.254939],[24.787331,42.254051],[24.787068,42.253881]]]},"properties":{"cadnum":"39918.1.42","purptype":"Земеделска","usetype":"Оризище","proptype":"Частна","immaddr":"с. Крислово","place":"УШОВ ГЕРЕН","area":3770.1768154986,"cadreg":1,"pnum":"42"}},{"type":"Feature","geometry":{"type":"Polygon","coordinates":[[[24.786903,42.253775],[24.785862,42.254662],[24.786026,42.254768],[24.787068,42.253881],[24.786903,42.253775]]]},"properties":{"cadnum":"39918.1.43","purptype":"Земеделска","usetype":"Оризище","proptype":"Частна","immaddr":"с. Крислово","place":"УШОВ ГЕРЕН","area":2348.0573745055,"cadreg":1,"pnum":"43"}},{"type":"Feature","geometry":{"type":"Polygon","coordinates":[[[24.785008,42.252549],[24.783968,42.253435],[24.784425,42.253731],[24.785465,42.252845],[24.785008,42.252549]]]},"properties":{"cadnum":"39918.1.45","purptype":"Земеделска","usetype":"Оризище","proptype":"Частна","immaddr":"с. Крислово","place":"УШОВ ГЕРЕН","area":6531.2122329753,"cadreg":1,"pnum":"45"}},{"type":"Feature","geometry":{"type":"Polygon","coordinates":[[[24.783968,42.253435],[24.785008,42.252549],[24.784227,42.252044],[24.783188,42.25293],[24.783968,42.253435]]]},"properties":{"cadnum":"39918.1.46","purptype":"Земеделска","usetype":"Оризище","proptype":"Частна","immaddr":"с. Крислово","place":"УШОВ ГЕРЕН","area":11156.964444011,"cadreg":1,"pnum":"46"}},{"type":"Feature","geometry":{"type":"Polygon","coordinates":[[[24.783401,42.25151],[24.782001,42.252161],[24.783188,42.25293],[24.784227,42.252044],[24.783401,42.25151]]]},"properties":{"cadnum":"39918.1.47","purptype":"Земеделска","usetype":"Оризище","proptype":"Частна","immaddr":"с. Крислово","place":"УШОВ ГЕРЕН","area":14399.809862459,"cadreg":1,"pnum":"47"}},{"type":"Feature","geometry":{"type":"Polygon","coordinates":[[[24.788066,42.253154],[24.787334,42.252674],[24.786608,42.253289],[24.787344,42.253766],[24.788066,42.253154]]]},"properties":{"cadnum":"39918.1.49","purptype":"Земеделска","usetype":"Оризище","proptype":"Частна","immaddr":"с. Крислово","place":"УШОВ ГЕРЕН","area":7300.790331465,"cadreg":1,"pnum":"49"}},{"type":"Feature","geometry":{"type":"Polygon","coordinates":[[[24.788839,42.252283],[24.788418,42.252009],[24.787503,42.252785],[24.787923,42.25306],[24.788839,42.252283]]]},"properties":{"cadnum":"39918.1.52","purptype":"Земеделска","usetype":"Оризище","proptype":"Частна","immaddr":"с. Крислово","place":"УШОВ ГЕРЕН","area":5299.7713389669,"cadreg":1,"pnum":"52"}},{"type":"Feature","geometry":{"type":"Polygon","coordinates":[[[24.787183,42.252575],[24.787503,42.252785],[24.788418,42.252009],[24.788103,42.251804],[24.787183,42.252575]]]},"properties":{"cadnum":"39918.1.53","purptype":"Земеделска","usetype":"Оризище","proptype":"Частна","immaddr":"с. Крислово","place":"УШОВ ГЕРЕН","area":3998.8389010213,"cadreg":1,"pnum":"53"}},{"type":"Feature","geometry":{"type":"Polygon","coordinates":[[[24.786438,42.25072],[24.785264,42.251317],[24.786072,42.251847],[24.786982,42.251075],[24.786438,42.25072]]]},"properties":{"cadnum":"39918.1.55","purptype":"Земеделска","usetype":"Оризище","proptype":"Частна","immaddr":"с. Крислово","place":"УШОВ ГЕРЕН","area":8459.0979060012,"cadreg":1,"pnum":"55"}},{"type":"Feature","geometry":{"type":"Polygon","coordinates":[[[24.787895,42.251609],[24.789063,42.252368],[24.788671,42.250957],[24.787895,42.251609]]]},"properties":{"cadnum":"39918.1.56","purptype":"Земеделска","usetype":"Оризище","proptype":"Частна","immaddr":"с. Крислово","place":"УШОВ ГЕРЕН","area":6212.1867119977,"cadreg":1,"pnum":"56"}},{"type":"Feature","geometry":{"type":"Polygon","coordinates":[[[24.787895,42.251609],[24.788667,42.250954],[24.788198,42.250668],[24.787439,42.251312],[24.787895,42.251609]]]},"properties":{"cadnum":"39918.1.57","purptype":"Земеделска","usetype":"Оризище","proptype":"Частна","immaddr":"с. Крислово","place":"УШОВ ГЕРЕН","area":4800.060486467,"cadreg":1,"pnum":"57"}},{"type":"Feature","geometry":{"type":"Polygon","coordinates":[[[24.787802,42.250425],[24.787053,42.251061],[24.787439,42.251312],[24.788198,42.250668],[24.787802,42.250425]]]},"properties":{"cadnum":"39918.1.58","purptype":"Земеделска","usetype":"Оризище","proptype":"Частна","immaddr":"с. Крислово","place":"УШОВ ГЕРЕН","area":4000.3284225232,"cadreg":1,"pnum":"58"}},{"type":"Feature","geometry":{"type":"Polygon","coordinates":[[[24.787802,42.250425],[24.787494,42.250238],[24.786536,42.250725],[24.787053,42.251061],[24.787802,42.250425]]]},"properties":{"cadnum":"39918.1.59","purptype":"Земеделска","usetype":"Оризище","proptype":"Частна","immaddr":"с. Крислово","place":"УШОВ ГЕРЕН","area":4168.782217987,"cadreg":1,"pnum":"59"}},{"type":"Feature","geometry":{"type":"Polygon","coordinates":[[[24.785035,42.257308],[24.784646,42.25705],[24.783382,42.258103],[24.783771,42.258361],[24.785035,42.257308]]]},"properties":{"cadnum":"39918.1.60","purptype":"Земеделска","usetype":"Оризище","proptype":"Частна","immaddr":"с. Крислово","place":"УШОВ ГЕРЕН","area":6732.9059939936,"cadreg":1,"pnum":"60"}},{"type":"Feature","geometry":{"type":"Polygon","coordinates":[[[24.787647,42.249318],[24.788971,42.25013],[24.789416,42.248654],[24.789354,42.248596],[24.789262,42.248567],[24.789183,42.248557],[24.787647,42.249318]]]},"properties":{"cadnum":"39918.1.62","purptype":"Земеделска","usetype":"Оризище","proptype":"Частна","immaddr":"с. Крислово","place":"УШОВ ГЕРЕН","area":12147.582536951,"cadreg":1,"pnum":"62"}},{"type":"Feature","geometry":{"type":"Polygon","coordinates":[[[24.786854,42.260463],[24.782337,42.257471],[24.781955,42.257234],[24.779354,42.255547],[24.777525,42.254322],[24.777467,42.254352],[24.786863,42.260501],[24.78753,42.260604],[24.78753,42.260567],[24.786854,42.260463]]]},"properties":{"cadnum":"39918.1.63","purptype":"Територия, заета от води и водни обекти","usetype":"Отводнителен канал","proptype":"Общинска частна","immaddr":"с. Крислово","place":"УШОВ ГЕРЕН","area":4611.2368214325,"cadreg":1,"pnum":"63"}},{"type":"Feature","geometry":{"type":"Polygon","coordinates":[[[24.786854,42.260463],[24.78753,42.260567],[24.787556,42.260531],[24.786894,42.26043],[24.782707,42.257656],[24.779121,42.255331],[24.777577,42.254297],[24.777525,42.254322],[24.779354,42.255547],[24.781955,42.257234],[24.782337,42.257471],[24.786854,42.260463]]]},"properties":{"cadnum":"39918.1.64","purptype":"Територия, заета от води и водни обекти","usetype":"Напоителен канал","proptype":"Общинска частна","immaddr":"с. Крислово","place":"УШОВ ГЕРЕН","area":5398.9727565136,"cadreg":1,"pnum":"64"}},{"type":"Feature","geometry":{"type":"Polygon","coordinates":[[[24.786863,42.260501],[24.787365,42.26083],[24.78753,42.260604],[24.786863,42.260501]]]},"properties":{"cadnum":"39918.1.65","purptype":"Земеделска","usetype":"Пасище","proptype":"Общинска публична","immaddr":"с. Крислово","place":"УШОВ ГЕРЕН","area":768.51248600615,"cadreg":1,"pnum":"65"}},{"type":"Feature","geometry":{"type":"Polygon","coordinates":[[[24.789015,42.258487],[24.788472,42.25814],[24.788425,42.258157],[24.780321,42.252972],[24.780279,42.252993],[24.788445,42.258217],[24.788476,42.25819],[24.788992,42.25852],[24.789015,42.258487]]]},"properties":{"cadnum":"39918.1.66","purptype":"Земеделска","usetype":"За селскостопански, горски, ведомствен път","proptype":"Общинска публична","immaddr":"с. Крислово","place":"УШОВ ГЕРЕН","area":3796.5778275425,"cadreg":1,"pnum":"66"}},{"type":"Feature","geometry":{"type":"Polygon","coordinates":[[[24.789041,42.258405],[24.780482,42.252895],[24.780321,42.252972],[24.788425,42.258157],[24.788472,42.25814],[24.789015,42.258487],[24.789041,42.258405]]]},"properties":{"cadnum":"39918.1.67","purptype":"Територия, заета от води и водни обекти","usetype":"Отводнителен канал","proptype":"Общинска частна","immaddr":"с. Крислово","place":"УШОВ ГЕРЕН","area":12692.260195086,"cadreg":1,"pnum":"67"}},{"type":"Feature","geometry":{"type":"Polygon","coordinates":[[[24.789041,42.258405],[24.78905,42.258374],[24.782875,42.254381],[24.782787,42.254378],[24.789041,42.258405]]]},"properties":{"cadnum":"39918.1.68","purptype":"Територия, заета от води и водни обекти","usetype":"Напоителен канал","proptype":"Общинска публична","immaddr":"с. Крислово","place":"УШОВ ГЕРЕН","area":2574.6303623885,"cadreg":1,"pnum":"68"}},{"type":"Feature","geometry":{"type":"Polygon","coordinates":[[[24.789063,42.258335],[24.782907,42.254354],[24.782843,42.254348],[24.780547,42.252863],[24.780482,42.252895],[24.782787,42.254378],[24.782875,42.254381],[24.78905,42.258374],[24.789063,42.258335]]]},"properties":{"cadnum":"39918.1.69","purptype":"Земеделска","usetype":"За селскостопански, горски, ведомствен път","proptype":"Общинска публична","immaddr":"с. Крислово","place":"УШОВ ГЕРЕН","area":4178.4238465195,"cadreg":1,"pnum":"69"}},{"type":"Feature","geometry":{"type":"Polygon","coordinates":[[[24.788716,42.250932],[24.78866,42.250903],[24.789969,42.255638],[24.789015,42.258487],[24.78753,42.260567],[24.78753,42.260604],[24.787365,42.26083],[24.787387,42.260845],[24.789058,42.258504],[24.790036,42.255601],[24.789041,42.251987],[24.788716,42.250932]]]},"properties":{"cadnum":"39918.1.70","purptype":"Земеделска","usetype":"За селскостопански, горски, ведомствен път","proptype":"Общинска публична","immaddr":"с. Крислово","place":"УШОВ ГЕРЕН","area":5793.269646047,"cadreg":1,"pnum":"70"}},{"type":"Feature","geometry":{"type":"Polygon","coordinates":[[[24.789515,42.248658],[24.789469,42.248647],[24.789416,42.248654],[24.788754,42.25085],[24.788802,42.250916],[24.789115,42.251996],[24.790084,42.255524],[24.790036,42.255601],[24.789058,42.258504],[24.787387,42.260845],[24.78742,42.260867],[24.789116,42.258525],[24.790152,42.255529],[24.789193,42.251997],[24.788841,42.250828],[24.789515,42.248658]]]},"properties":{"cadnum":"39918.1.71","purptype":"Територия, заета от води и водни обекти","usetype":"Напоителен канал","proptype":"Държавна частна","immaddr":"с. Крислово","place":"УШОВ ГЕРЕН","area":8434.2201540071,"cadreg":1,"pnum":"71"}},{"type":"Feature","geometry":{"type":"Polygon","coordinates":[[[24.783401,42.25151],[24.789387,42.25538],[24.789555,42.255381],[24.789969,42.255638],[24.78996,42.255585],[24.789505,42.255302],[24.789465,42.25534],[24.78939,42.255334],[24.783443,42.251489],[24.783401,42.25151]]]},"properties":{"cadnum":"39918.1.72","purptype":"Земеделска","usetype":"За селскостопански, горски, ведомствен път","proptype":"Общинска публична","immaddr":"с. Крислово","place":"УШОВ ГЕРЕН","area":2876.4242639844,"cadreg":1,"pnum":"72"}},{"type":"Feature","geometry":{"type":"Polygon","coordinates":[[[24.789104,42.255046],[24.783583,42.251423],[24.783443,42.251489],[24.78939,42.255334],[24.789465,42.25534],[24.789505,42.255302],[24.789104,42.255046]]]},"properties":{"cadnum":"39918.1.73","purptype":"Територия, заета от води и водни обекти","usetype":"Отводнителен канал","proptype":"Общинска частна","immaddr":"с. Крислово","place":"УШОВ ГЕРЕН","area":7108.7803160734,"cadreg":1,"pnum":"73"}},{"type":"Feature","geometry":{"type":"Polygon","coordinates":[[[24.789104,42.255046],[24.78996,42.255585],[24.78993,42.25549],[24.784107,42.251715],[24.784066,42.251736],[24.789104,42.255046]]]},"properties":{"cadnum":"39918.1.74","purptype":"Територия, заета от води и водни обекти","usetype":"Напоителен канал","proptype":"Общинска частна","immaddr":"с. Крислово","place":"УШОВ ГЕРЕН","area":3881.5746549672,"cadreg":1,"pnum":"74"}},{"type":"Feature","geometry":{"type":"Polygon","coordinates":[[[24.783625,42.251402],[24.783583,42.251423],[24.784066,42.251736],[24.784107,42.251715],[24.78993,42.25549],[24.789915,42.255434],[24.784104,42.251665],[24.784063,42.251686],[24.783625,42.251402]]]},"properties":{"cadnum":"39918.1.75","purptype":"Земеделска","usetype":"За селскостопански, горски, ведомствен път","proptype":"Общинска публична","immaddr":"с. Крислово","place":"УШОВ ГЕРЕН","area":2736.7150120407,"cadreg":1,"pnum":"75"}},{"type":"Feature","geometry":{"type":"Polygon","coordinates":[[[24.783583,42.251423],[24.786933,42.249715],[24.788726,42.250814],[24.788754,42.25085],[24.788773,42.250786],[24.786946,42.249666],[24.783515,42.25136],[24.777405,42.254306],[24.777467,42.254352],[24.779268,42.253487],[24.78206,42.25213],[24.783583,42.251423]]]},"properties":{"cadnum":"39918.1.76","purptype":"Земеделска","usetype":"За селскостопански, горски, ведомствен път","proptype":"Общинска публична","immaddr":"с. Крислово","place":"УШОВ ГЕРЕН","area":7448.5502560665,"cadreg":1,"pnum":"76"}},{"type":"Feature","geometry":{"type":"Polygon","coordinates":[[[24.789183,42.248557],[24.78895,42.248496],[24.784715,42.250624],[24.777255,42.25421],[24.777405,42.254306],[24.783515,42.25136],[24.789183,42.248557]]]},"properties":{"cadnum":"39918.1.77","purptype":"Територия, заета от води и водни обекти","usetype":"Отводнителен канал","proptype":"Държавна частна","immaddr":"с. Крислово","place":"УШОВ ГЕРЕН","area":17225.897125454,"cadreg":1,"pnum":"77"}},{"type":"Feature","geometry":{"type":"Polygon","coordinates":[[[24.786438,42.25072],[24.788103,42.251804],[24.789083,42.252443],[24.789063,42.252368],[24.786536,42.250725],[24.787494,42.250238],[24.788671,42.250957],[24.78866,42.250903],[24.786816,42.249776],[24.786774,42.249797],[24.787446,42.250208],[24.786438,42.25072]]]},"properties":{"cadnum":"39918.1.78","purptype":"Земеделска","usetype":"За селскостопански, горски, ведомствен път","proptype":"Общинска публична","immaddr":"с. Крислово","place":"УШОВ ГЕРЕН","area":2712.1511669969,"cadreg":1,"pnum":"78"}},{"type":"Feature","geometry":{"type":"Polygon","coordinates":[[[24.788802,42.250916],[24.788726,42.250814],[24.786933,42.249715],[24.786816,42.249776],[24.788716,42.250932],[24.789041,42.251987],[24.790036,42.255601],[24.790084,42.255524],[24.789115,42.251996],[24.788802,42.250916]]]},"properties":{"cadnum":"39918.1.79","purptype":"Територия, заета от води и водни обекти","usetype":"Отводнителен канал","proptype":"Общинска частна","immaddr":"с. Крислово","place":"УШОВ ГЕРЕН","area":5373.8392111213,"cadreg":1,"pnum":"79"}},{"type":"Feature","geometry":{"type":"Polygon","coordinates":[[[24.785374,42.259423],[24.785841,42.259732],[24.787105,42.258679],[24.786638,42.25837],[24.785374,42.259423]]]},"properties":{"cadnum":"39918.1.80","purptype":"Земеделска","usetype":"Оризище","proptype":"Частна","immaddr":"с. Крислово","place":"УШОВ ГЕРЕН","area":8089.1078669454,"cadreg":1,"pnum":"80"}},{"type":"Feature","geometry":{"type":"Polygon","coordinates":[[[24.786638,42.25837],[24.786171,42.258061],[24.784907,42.259113],[24.785374,42.259423],[24.786638,42.25837]]]},"properties":{"cadnum":"39918.1.81","purptype":"Земеделска","usetype":"Оризище","proptype":"Частна","immaddr":"с. Крислово","place":"УШОВ ГЕРЕН","area":8089.8307130632,"cadreg":1,"pnum":"81"}},{"type":"Feature","geometry":{"type":"Polygon","coordinates":[[[24.786171,42.258061],[24.785812,42.257823],[24.784548,42.258876],[24.784907,42.259113],[24.786171,42.258061]]]},"properties":{"cadnum":"39918.1.82","purptype":"Земеделска","usetype":"Оризище","proptype":"Частна","immaddr":"с. Крислово","place":"УШОВ ГЕРЕН","area":6219.4420715001,"cadreg":1,"pnum":"82"}},{"type":"Feature","geometry":{"type":"Polygon","coordinates":[[[24.784104,42.251665],[24.784808,42.252122],[24.785542,42.251499],[24.785057,42.251181],[24.784104,42.251665]]]},"properties":{"cadnum":"39918.1.83","purptype":"Земеделска","usetype":"Оризище","proptype":"Частна","immaddr":"с. Крислово","place":"УШОВ ГЕРЕН","area":6010.2583945056,"cadreg":1,"pnum":"83"}},{"type":"Feature","geometry":{"type":"Polygon","coordinates":[[[24.784808,42.252122],[24.785406,42.25251],[24.786137,42.251889],[24.785542,42.251499],[24.784808,42.252122]]]},"properties":{"cadnum":"39918.1.84","purptype":"Земеделска","usetype":"Оризище","proptype":"Частна","immaddr":"с. Крислово","place":"УШОВ ГЕРЕН","area":6009.9234050118,"cadreg":1,"pnum":"84"}},{"type":"Feature","geometry":{"type":"Polygon","coordinates":[[[24.785406,42.25251],[24.786006,42.252899],[24.786734,42.252281],[24.786137,42.251889],[24.785406,42.25251]]]},"properties":{"cadnum":"39918.1.85","purptype":"Земеделска","usetype":"Оризище","proptype":"Частна","immaddr":"с. Крислово","place":"УШОВ ГЕРЕН","area":6010.1044749913,"cadreg":1,"pnum":"85"}},{"type":"Feature","geometry":{"type":"Polygon","coordinates":[[[24.786006,42.252899],[24.786608,42.253289],[24.787334,42.252674],[24.786734,42.252281],[24.786006,42.252899]]]},"properties":{"cadnum":"39918.1.86","purptype":"Земеделска","usetype":"Оризище","proptype":"Частна","immaddr":"с. Крислово","place":"УШОВ ГЕРЕН","area":6009.5705770084,"cadreg":1,"pnum":"86"}},{"type":"Feature","geometry":{"type":"Polygon","coordinates":[[[24.789074,42.253815],[24.788066,42.253154],[24.787344,42.253766],[24.788357,42.254423],[24.789074,42.253815]]]},"properties":{"cadnum":"39918.1.87","purptype":"Земеделска","usetype":"Оризище","proptype":"Частна","immaddr":"с. Крислово","place":"УШОВ ГЕРЕН","area":9999.3732879847,"cadreg":1,"pnum":"87"}},{"type":"Feature","geometry":{"type":"Polygon","coordinates":[[[24.788357,42.254423],[24.789915,42.255434],[24.789734,42.254783],[24.788713,42.254121],[24.788357,42.254423]]]},"properties":{"cadnum":"39918.1.88","purptype":"Земеделска","usetype":"Оризище","proptype":"Частна","immaddr":"с. Крислово","place":"УШОВ ГЕРЕН","area":6300.3673699894,"cadreg":1,"pnum":"88"}},{"type":"Feature","geometry":{"type":"Polygon","coordinates":[[[24.788713,42.254121],[24.789734,42.254783],[24.789552,42.254128],[24.789074,42.253815],[24.788713,42.254121]]]},"properties":{"cadnum":"39918.1.89","purptype":"Земеделска","usetype":"Оризище","proptype":"Частна","immaddr":"с. Крислово","place":"УШОВ ГЕРЕН","area":3699.6853679899,"cadreg":1,"pnum":"89"}},{"type":"Feature","geometry":{"type":"Polygon","coordinates":[[[24.787625,42.251493],[24.786982,42.251075],[24.786072,42.251847],[24.786706,42.252262],[24.787625,42.251493]]]},"properties":{"cadnum":"39918.1.90","purptype":"Земеделска","usetype":"Оризище","proptype":"Частна","immaddr":"с. Крислово","place":"УШОВ ГЕРЕН","area":7999.2484739554,"cadreg":1,"pnum":"90"}},{"type":"Feature","geometry":{"type":"Polygon","coordinates":[[[24.787625,42.251493],[24.786706,42.252262],[24.787183,42.252575],[24.788103,42.251804],[24.787625,42.251493]]]},"properties":{"cadnum":"39918.1.91","purptype":"Земеделска","usetype":"Оризище","proptype":"Частна","immaddr":"с. Крислово","place":"УШОВ ГЕРЕН","area":6001.0439095082,"cadreg":1,"pnum":"91"}},{"type":"Feature","geometry":{"type":"Polygon","coordinates":[[[24.779857,42.253877],[24.779575,42.25369],[24.778281,42.254768],[24.778562,42.254956],[24.779857,42.253877]]]},"properties":{"cadnum":"39918.1.92","purptype":"Земеделска","usetype":"Оризище","proptype":"Частна","immaddr":"с. Крислово","place":"УШОВ ГЕРЕН","area":5000.4666869974,"cadreg":1,"pnum":"92"}},{"type":"Feature","geometry":{"type":"Polygon","coordinates":[[[24.778562,42.254956],[24.778842,42.255143],[24.780138,42.254063],[24.779857,42.253877],[24.778562,42.254956]]]},"properties":{"cadnum":"39918.1.93","purptype":"Земеделска","usetype":"Оризище","proptype":"Частна","immaddr":"с. Крислово","place":"УШОВ ГЕРЕН","area":4999.1637919653,"cadreg":1,"pnum":"93"}},{"type":"Feature","geometry":{"type":"Polygon","coordinates":[[[24.778842,42.255143],[24.779121,42.255331],[24.78042,42.25425],[24.780138,42.254063],[24.778842,42.255143]]]},"properties":{"cadnum":"39918.1.94","purptype":"Земеделска","usetype":"Оризище","proptype":"Частна","immaddr":"с. Крислово","place":"УШОВ ГЕРЕН","area":4999.9022865031,"cadreg":1,"pnum":"94"}},{"type":"Feature","geometry":{"type":"Polygon","coordinates":[[[24.787828,42.250206],[24.788773,42.250786],[24.788971,42.25013],[24.788341,42.249744],[24.787828,42.250206]]]},"properties":{"cadnum":"39918.1.95","purptype":"Земеделска","usetype":"Оризище","proptype":"Частна","immaddr":"с. Крислово","place":"УШОВ ГЕРЕН","area":5612.9034360043,"cadreg":1,"pnum":"95"}},{"type":"Feature","geometry":{"type":"Polygon","coordinates":[[[24.788341,42.249744],[24.787647,42.249318],[24.786946,42.249666],[24.787828,42.250206],[24.788341,42.249744]]]},"properties":{"cadnum":"39918.1.96","purptype":"Земеделска","usetype":"Оризище","proptype":"Частна","immaddr":"с. Крислово","place":"УШОВ ГЕРЕН","area":5613.1990964738,"cadreg":1,"pnum":"96"}},{"type":"Feature","geometry":{"type":"Polygon","coordinates":[[[24.781582,42.253826],[24.781219,42.253595],[24.780426,42.254254],[24.780783,42.254491],[24.781582,42.253826]]]},"properties":{"cadnum":"39918.1.97","purptype":"Земеделска","usetype":"Оризище","proptype":"Частна","immaddr":"с. Крислово","place":"УШОВ ГЕРЕН","area":3892.1424445146,"cadreg":1,"pnum":"97"}},{"type":"Feature","geometry":{"type":"Polygon","coordinates":[[[24.780783,42.254491],[24.781138,42.254726],[24.781942,42.254057],[24.781582,42.253826],[24.780783,42.254491]]]},"properties":{"cadnum":"39918.1.98","purptype":"Земеделска","usetype":"Оризище","proptype":"Частна","immaddr":"с. Крислово","place":"УШОВ ГЕРЕН","area":3893.9249000055,"cadreg":1,"pnum":"98"}},{"type":"Feature","geometry":{"type":"Polygon","coordinates":[[[24.781138,42.254726],[24.78184,42.255191],[24.782655,42.254513],[24.781942,42.254057],[24.781138,42.254726]]]},"properties":{"cadnum":"39918.1.99","purptype":"Земеделска","usetype":"Оризище","proptype":"Частна","immaddr":"с. Крислово","place":"УШОВ ГЕРЕН","area":7789.4532585089,"cadreg":1,"pnum":"99"}},{"type":"Feature","geometry":{"type":"Polygon","coordinates":[[[24.784429,42.255648],[24.783541,42.25508],[24.782713,42.255769],[24.783587,42.256348],[24.784429,42.255648]]]},"properties":{"cadnum":"39918.1.100","purptype":"Земеделска","usetype":"Оризище","proptype":"Частна","immaddr":"с. Крислово","place":"УШОВ ГЕРЕН","area":9999.0019344981,"cadreg":1,"pnum":"100"}},{"type":"Feature","geometry":{"type":"Polygon","coordinates":[[[24.785648,42.256428],[24.784429,42.255648],[24.783587,42.256348],[24.784787,42.257144],[24.785648,42.256428]]]},"properties":{"cadnum":"39918.1.101","purptype":"Земеделска","usetype":"Оризище","proptype":"Частна","immaddr":"с. Крислово","place":"УШОВ ГЕРЕН","area":13999.309627972,"cadreg":1,"pnum":"101"}},{"type":"Feature","geometry":{"type":"Polygon","coordinates":[[[24.786085,42.256707],[24.785648,42.256428],[24.784787,42.257144],[24.785218,42.257429],[24.786085,42.256707]]]},"properties":{"cadnum":"39918.1.102","purptype":"Земеделска","usetype":"Оризище","proptype":"Частна","immaddr":"с. Крислово","place":"УШОВ ГЕРЕН","area":5090.6755805153,"cadreg":1,"pnum":"102"}},{"type":"Feature","geometry":{"type":"Polygon","coordinates":[[[24.788699,42.256498],[24.788018,42.256057],[24.786949,42.256968],[24.787631,42.257409],[24.788699,42.256498]]]},"properties":{"cadnum":"39918.1.106","purptype":"Земеделска","usetype":"Оризище","proptype":"Частна","immaddr":"с. Крислово","place":"УШОВ ГЕРЕН","area":10001.251676033,"cadreg":1,"pnum":"106"}},{"type":"Feature","geometry":{"type":"Polygon","coordinates":[[[24.787631,42.257409],[24.788312,42.257849],[24.78938,42.25694],[24.788699,42.256498],[24.787631,42.257409]]]},"properties":{"cadnum":"39918.1.107","purptype":"Земеделска","usetype":"Оризище","proptype":"Частна","immaddr":"с. Крислово","place":"УШОВ ГЕРЕН","area":10000.59852643,"cadreg":1,"pnum":"107"}},{"type":"Feature","geometry":{"type":"Polygon","coordinates":[[[24.785945,42.253155],[24.785465,42.252845],[24.784425,42.253731],[24.784904,42.254041],[24.785945,42.253155]]]},"properties":{"cadnum":"39918.1.112","purptype":"Земеделска","usetype":"Оризище","proptype":"Частна","immaddr":"с. Крислово","place":"УШОВ ГЕРЕН","area":6852.7786879944,"cadreg":1,"pnum":"112"}},{"type":"Feature","geometry":{"type":"Polygon","coordinates":[[[24.785945,42.253155],[24.784904,42.254041],[24.785383,42.254352],[24.786424,42.253465],[24.785945,42.253155]]]},"properties":{"cadnum":"39918.1.113","purptype":"Земеделска","usetype":"Оризище","proptype":"Частна","immaddr":"с. Крислово","place":"УШОВ ГЕРЕН","area":6853.8492029969,"cadreg":1,"pnum":"113"}},{"type":"Feature","geometry":{"type":"Polygon","coordinates":[[[24.786424,42.253465],[24.785383,42.254352],[24.785862,42.254662],[24.786903,42.253775],[24.786424,42.253465]]]},"properties":{"cadnum":"39918.1.114","purptype":"Земеделска","usetype":"Оризище","proptype":"Частна","immaddr":"с. Крислово","place":"УШОВ ГЕРЕН","area":6853.3349844895,"cadreg":1,"pnum":"114"}},{"type":"Feature","geometry":{"type":"Polygon","coordinates":[[[24.787592,42.259569],[24.787971,42.259253],[24.787105,42.258679],[24.786726,42.258995],[24.787592,42.259569]]]},"properties":{"cadnum":"39918.1.115","purptype":"Земеделска","usetype":"Оризище","proptype":"Частна","immaddr":"с. Крислово","place":"УШОВ ГЕРЕН","area":4500.0101879817,"cadreg":1,"pnum":"115"}},{"type":"Feature","geometry":{"type":"Polygon","coordinates":[[[24.786726,42.258995],[24.786347,42.259311],[24.787213,42.259885],[24.787592,42.259569],[24.786726,42.258995]]]},"properties":{"cadnum":"39918.1.116","purptype":"Земеделска","usetype":"Оризище","proptype":"Частна","immaddr":"с. Крислово","place":"УШОВ ГЕРЕН","area":4499.596638502,"cadreg":1,"pnum":"116"}},{"type":"Feature","geometry":{"type":"Polygon","coordinates":[[[24.786347,42.259311],[24.785841,42.259732],[24.786707,42.260306],[24.787213,42.259885],[24.786347,42.259311]]]},"properties":{"cadnum":"39918.1.117","purptype":"Земеделска","usetype":"Оризище","proptype":"Частна","immaddr":"с. Крислово","place":"УШОВ ГЕРЕН","area":5999.561541473,"cadreg":1,"pnum":"117"}},{"type":"Feature","geometry":{"type":"Polygon","coordinates":[[[24.785854,42.251017],[24.786438,42.25072],[24.787446,42.250208],[24.786774,42.249797],[24.785185,42.250607],[24.785854,42.251017]]]},"properties":{"cadnum":"39918.1.118","purptype":"Земеделска","usetype":"Оризище","proptype":"Частна","immaddr":"с. Крислово","place":"УШОВ ГЕРЕН","area":10959.28638399,"cadreg":1,"pnum":"118"}},{"type":"Feature","geometry":{"type":"Polygon","coordinates":[[[24.785185,42.250607],[24.783625,42.251402],[24.784063,42.251686],[24.785057,42.251181],[24.785264,42.251317],[24.785854,42.251017],[24.785185,42.250607]]]},"properties":{"cadnum":"39918.1.119","purptype":"Земеделска","usetype":"Оризище","proptype":"Частна","immaddr":"с. Крислово","place":"УШОВ ГЕРЕН","area":8602.6858324488,"cadreg":1,"pnum":"119"}},{"type":"Feature","geometry":{"type":"Polygon","coordinates":[[[24.783771,42.258361],[24.78416,42.258618],[24.785424,42.257565],[24.785035,42.257308],[24.783771,42.258361]]]},"properties":{"cadnum":"39918.1.120","purptype":"Земеделска","usetype":"Оризище","proptype":"Частна","immaddr":"с. Крислово","place":"УШОВ ГЕРЕН","area":6731.8078445086,"cadreg":1,"pnum":"120"}},{"type":"Feature","geometry":{"type":"Polygon","coordinates":[[[24.78416,42.258618],[24.784548,42.258876],[24.785812,42.257823],[24.785424,42.257565],[24.78416,42.258618]]]},"properties":{"cadnum":"39918.1.121","purptype":"Земеделска","usetype":"Оризище","proptype":"Частна","immaddr":"с. Крислово","place":"УШОВ ГЕРЕН","area":6731.5328689589,"cadreg":1,"pnum":"121"}},{"type":"Feature","geometry":{"type":"Polygon","coordinates":[[[24.786658,42.255177],[24.787026,42.255416],[24.788068,42.254528],[24.7877,42.254289],[24.786658,42.255177]]]},"properties":{"cadnum":"39918.1.122","purptype":"Земеделска","usetype":"Нива","proptype":"Частна","immaddr":"с. Крислово","place":"УШОВ ГЕРЕН","area":5273.715622989,"cadreg":1,"pnum":"122"}},{"type":"Feature","geometry":{"type":"Polygon","coordinates":[[[24.7877,42.254289],[24.787331,42.254051],[24.78629,42.254939],[24.786658,42.255177],[24.7877,42.254289]]]},"properties":{"cadnum":"39918.1.123","purptype":"Земеделска","usetype":"Нива","proptype":"Частна","immaddr":"с. Крислово","place":"УШОВ ГЕРЕН","area":5273.9206304903,"cadreg":1,"pnum":"123"}},{"type":"Feature","geometry":{"type":"Polygon","coordinates":[[[24.788358,42.254715],[24.788068,42.254528],[24.787026,42.255416],[24.787316,42.255603],[24.788358,42.254715]]]},"properties":{"cadnum":"39918.1.124","purptype":"Земеделска","usetype":"Оризище","proptype":"Частна","immaddr":"с. Крислово","place":"УШОВ ГЕРЕН","area":4147.6376500241,"cadreg":1,"pnum":"124"}},{"type":"Feature","geometry":{"type":"Polygon","coordinates":[[[24.787316,42.255603],[24.787606,42.255791],[24.788647,42.254903],[24.788358,42.254715],[24.787316,42.255603]]]},"properties":{"cadnum":"39918.1.125","purptype":"Земеделска","usetype":"Оризище","proptype":"Частна","immaddr":"с. Крислово","place":"УШОВ ГЕРЕН","area":4147.7829705064,"cadreg":1,"pnum":"125"}},{"type":"Feature","geometry":{"type":"Polygon","coordinates":[[[24.787606,42.255791],[24.787895,42.255978],[24.788937,42.25509],[24.788647,42.254903],[24.787606,42.255791]]]},"properties":{"cadnum":"39918.1.126","purptype":"Земеделска","usetype":"Оризище","proptype":"Частна","immaddr":"с. Крислово","place":"УШОВ ГЕРЕН","area":4147.9440795257,"cadreg":1,"pnum":"126"}},{"type":"Feature","geometry":{"type":"Polygon","coordinates":[[[24.787895,42.255978],[24.788185,42.256166],[24.789227,42.255277],[24.788937,42.25509],[24.787895,42.255978]]]},"properties":{"cadnum":"39918.1.127","purptype":"Земеделска","usetype":"Оризище","proptype":"Частна","immaddr":"с. Крислово","place":"УШОВ ГЕРЕН","area":4146.2960419857,"cadreg":1,"pnum":"127"}},{"type":"Feature","geometry":{"type":"Polygon","coordinates":[[[24.789362,42.253444],[24.788295,42.252745],[24.787923,42.25306],[24.789552,42.254128],[24.789362,42.253444]]]},"properties":{"cadnum":"39918.1.128","purptype":"Земеделска","usetype":"Оризище","proptype":"Частна","immaddr":"с. Крислово","place":"УШОВ ГЕРЕН","area":6912.1952055572,"cadreg":1,"pnum":"128"}},{"type":"Feature","geometry":{"type":"Polygon","coordinates":[[[24.789083,42.252443],[24.788839,42.252283],[24.788295,42.252745],[24.789362,42.253444],[24.789083,42.252443]]]},"properties":{"cadnum":"39918.1.129","purptype":"Земеделска","usetype":"Оризище","proptype":"Частна","immaddr":"с. Крислово","place":"УШОВ ГЕРЕН","area":4913.9734319877,"cadreg":1,"pnum":"129"}},{"type":"Feature","geometry":{"type":"Polygon","coordinates":[[[24.790089,42.257006],[24.789741,42.257849],[24.791946,42.257258],[24.791792,42.25673],[24.790089,42.257006]]]},"properties":{"cadnum":"39918.2.1","purptype":"Земеделска","usetype":"Нива","proptype":"Частна","immaddr":"с. Крислово","place":"ПАМУЦИТЕ","area":11899.163104468,"cadreg":2,"pnum":"1"}},{"type":"Feature","geometry":{"type":"Polygon","coordinates":[[[24.791651,42.256251],[24.79031,42.256468],[24.790089,42.257006],[24.791792,42.25673],[24.791651,42.256251]]]},"properties":{"cadnum":"39918.2.2","purptype":"Земеделска","usetype":"Нива","proptype":"Частна","immaddr":"с. Крислово","place":"ПАМУЦИТЕ","area":7002.0056180294,"cadreg":2,"pnum":"2"}},{"type":"Feature","geometry":{"type":"Polygon","coordinates":[[[24.79031,42.256468],[24.791651,42.256251],[24.791579,42.256004],[24.790385,42.256197],[24.79031,42.256468]]]},"properties":{"cadnum":"39918.2.3","purptype":"Земеделска","usetype":"Нива","proptype":"Частна","immaddr":"с. Крислово","place":"ПАМУЦИТЕ","area":3001.9670210006,"cadreg":2,"pnum":"3"}},{"type":"Feature","geometry":{"type":"Polygon","coordinates":[[[24.790385,42.256197],[24.793042,42.255768],[24.792934,42.255396],[24.790479,42.255793],[24.790452,42.255957],[24.790385,42.256197]]]},"properties":{"cadnum":"39918.2.5","purptype":"Земеделска","usetype":"Нива","proptype":"Частна","immaddr":"с. Крислово","place":"ПАМУЦИТЕ","area":9095.9622779361,"cadreg":2,"pnum":"5"}},{"type":"Feature","geometry":{"type":"Polygon","coordinates":[[[24.790552,42.255337],[24.790479,42.255793],[24.792934,42.255396],[24.792809,42.254972],[24.790552,42.255337]]]},"properties":{"cadnum":"39918.2.6","purptype":"Земеделска","usetype":"Нива","proptype":"Частна","immaddr":"с. Крислово","place":"ПАМУЦИТЕ","area":9597.9129866577,"cadreg":2,"pnum":"6"}},{"type":"Feature","geometry":{"type":"Polygon","coordinates":[[[24.793267,42.256043],[24.793502,42.256841],[24.794441,42.25659],[24.794198,42.25587],[24.793267,42.256043]]]},"properties":{"cadnum":"39918.2.9","purptype":"Земеделска","usetype":"Нива","proptype":"Частна","immaddr":"с. Крислово","place":"ПАМУЦИТЕ","area":6969.1426525275,"cadreg":2,"pnum":"9"}},{"type":"Feature","geometry":{"type":"Polygon","coordinates":[[[24.795256,42.255673],[24.794198,42.25587],[24.794441,42.25659],[24.795471,42.256313],[24.795256,42.255673]]]},"properties":{"cadnum":"39918.2.10","purptype":"Земеделска","usetype":"Нива","proptype":"Частна","immaddr":"с. Крислово","place":"ПАМУЦИТЕ","area":7001.1945549903,"cadreg":2,"pnum":"10"}},{"type":"Feature","geometry":{"type":"Polygon","coordinates":[[[24.795099,42.255206],[24.793128,42.255573],[24.793267,42.256043],[24.795256,42.255673],[24.795099,42.255206]]]},"properties":{"cadnum":"39918.2.11","purptype":"Земеделска","usetype":"Нива","proptype":"Частна","immaddr":"с. Крислово","place":"ПАМУЦИТЕ","area":8998.9835205007,"cadreg":2,"pnum":"11"}},{"type":"Feature","geometry":{"type":"Polygon","coordinates":[[[24.793128,42.255573],[24.795099,42.255206],[24.794924,42.254688],[24.792974,42.25505],[24.793128,42.255573]]]},"properties":{"cadnum":"39918.2.12","purptype":"Земеделска","usetype":"Нива","proptype":"Частна","immaddr":"с. Крислово","place":"ПАМУЦИТЕ","area":9899.8223839358,"cadreg":2,"pnum":"12"}},{"type":"Feature","geometry":{"type":"Polygon","coordinates":[[[24.794731,42.254116],[24.795471,42.256313],[24.796539,42.256027],[24.795827,42.253913],[24.794731,42.254116]]]},"properties":{"cadnum":"39918.2.14","purptype":"Земеделска","usetype":"Нива","proptype":"Частна","immaddr":"с. Крислово","place":"ПАМУЦИТЕ","area":22996.581649037,"cadreg":2,"pnum":"14"}},{"type":"Feature","geometry":{"type":"Polygon","coordinates":[[[24.798665,42.25507],[24.797169,42.255348],[24.797326,42.255816],[24.798784,42.255425],[24.798665,42.25507]]]},"properties":{"cadnum":"39918.2.16","purptype":"Земеделска","usetype":"Нива","proptype":"Частна","immaddr":"с. Крислово","place":"ПАМУЦИТЕ","area":5999.2766684998,"cadreg":2,"pnum":"16"}},{"type":"Feature","geometry":{"type":"Polygon","coordinates":[[[24.798503,42.254589],[24.797007,42.254867],[24.797169,42.255348],[24.798665,42.25507],[24.798503,42.254589]]]},"properties":{"cadnum":"39918.2.17","purptype":"Земеделска","usetype":"Нива","proptype":"Частна","immaddr":"с. Крислово","place":"ПАМУЦИТЕ","area":7001.1201909495,"cadreg":2,"pnum":"17"}},{"type":"Feature","geometry":{"type":"Polygon","coordinates":[[[24.796866,42.254449],[24.797007,42.254867],[24.798503,42.254589],[24.798362,42.254171],[24.796866,42.254449]]]},"properties":{"cadnum":"39918.2.18","purptype":"Земеделска","usetype":"Нива","proptype":"Частна","immaddr":"с. Крислово","place":"ПАМУЦИТЕ","area":6099.3354180015,"cadreg":2,"pnum":"18"}},{"type":"Feature","geometry":{"type":"Polygon","coordinates":[[[24.796866,42.254449],[24.798362,42.254171],[24.798131,42.253485],[24.796635,42.253762],[24.796866,42.254449]]]},"properties":{"cadnum":"39918.2.19","purptype":"Земеделска","usetype":"Нива","proptype":"Частна","immaddr":"с. Крислово","place":"ПАМУЦИТЕ","area":9997.0497225525,"cadreg":2,"pnum":"19"}},{"type":"Feature","geometry":{"type":"Polygon","coordinates":[[[24.795481,42.251377],[24.797308,42.251038],[24.797137,42.250532],[24.795311,42.250871],[24.795481,42.251377]]]},"properties":{"cadnum":"39918.2.21","purptype":"Земеделска","usetype":"Нива","proptype":"Частна","immaddr":"с. Крислово","place":"ПАМУЦИТЕ","area":8998.5964884893,"cadreg":2,"pnum":"21"}},{"type":"Feature","geometry":{"type":"Polygon","coordinates":[[[24.795311,42.250871],[24.797137,42.250532],[24.796916,42.249874],[24.796662,42.249718],[24.796587,42.249703],[24.796504,42.249707],[24.796382,42.24973],[24.796256,42.249807],[24.796166,42.249877],[24.795832,42.250176],[24.79566,42.250371],[24.795587,42.250438],[24.795503,42.250489],[24.795221,42.250606],[24.795311,42.250871]]]},"properties":{"cadnum":"39918.2.22","purptype":"Земеделска","usetype":"Нива","proptype":"Частна","immaddr":"с. Крислово","place":"ПАМУЦИТЕ","area":11001.446088515,"cadreg":2,"pnum":"22"}},{"type":"Feature","geometry":{"type":"Polygon","coordinates":[[[24.794105,42.252887],[24.792427,42.253198],[24.792554,42.253628],[24.794249,42.253313],[24.794105,42.252887]]]},"properties":{"cadnum":"39918.2.26","purptype":"Земеделска","usetype":"Нива","proptype":"Частна","immaddr":"с. Крислово","place":"ПАМУЦИТЕ","area":7009.0314549538,"cadreg":2,"pnum":"26"}},{"type":"Feature","geometry":{"type":"Polygon","coordinates":[[[24.792622,42.253859],[24.794326,42.253543],[24.794249,42.253313],[24.792554,42.253628],[24.792622,42.253859]]]},"properties":{"cadnum":"39918.2.27","purptype":"Земеделска","usetype":"Нива","proptype":"Частна","immaddr":"с. Крислово","place":"ПАМУЦИТЕ","area":3797.8741440529,"cadreg":2,"pnum":"27"}},{"type":"Feature","geometry":{"type":"Polygon","coordinates":[[[24.794326,42.253543],[24.792622,42.253859],[24.792804,42.254474],[24.794531,42.254153],[24.794326,42.253543]]]},"properties":{"cadnum":"39918.2.28","purptype":"Земеделска","usetype":"Нива","proptype":"Частна","immaddr":"с. Крислово","place":"ПАМУЦИТЕ","area":10199.608295944,"cadreg":2,"pnum":"28"}},{"type":"Feature","geometry":{"type":"Polygon","coordinates":[[[24.805321,42.244992],[24.805809,42.244136],[24.805871,42.243927],[24.805924,42.243686],[24.806546,42.240255],[24.806389,42.240258],[24.806359,42.240356],[24.806214,42.241295],[24.806138,42.24166],[24.806104,42.241759],[24.806075,42.242026],[24.806048,42.242178],[24.806021,42.242258],[24.805957,42.242682],[24.805928,42.242792],[24.80587,42.243352],[24.805853,42.243645],[24.805804,42.243904],[24.805765,42.244036],[24.805722,42.244132],[24.805601,42.244341],[24.80547,42.244518],[24.805414,42.244611],[24.805314,42.244853],[24.805246,42.244973],[24.805067,42.245184],[24.804886,42.245365],[24.804599,42.245579],[24.804312,42.245763],[24.804032,42.245966],[24.803956,42.246011],[24.803793,42.246134],[24.803504,42.246313],[24.802961,42.246697],[24.802843,42.24677],[24.802753,42.246814],[24.80239,42.247043],[24.802064,42.247269],[24.801728,42.247486],[24.801554,42.24757],[24.801367,42.247647],[24.80105,42.247791],[24.800249,42.248118],[24.799704,42.24838],[24.799247,42.248556],[24.798638,42.248811],[24.798439,42.24888],[24.797703,42.249165],[24.79753,42.249224],[24.797162,42.249303],[24.796664,42.249454],[24.796503,42.249494],[24.796313,42.249563],[24.796047,42.249709],[24.795938,42.249813],[24.795687,42.250029],[24.795547,42.250136],[24.794894,42.250594],[24.794812,42.250671],[24.794471,42.250954],[24.793982,42.251249],[24.793799,42.251459],[24.793682,42.251549],[24.793519,42.251695],[24.793431,42.251754],[24.793091,42.252019],[24.792752,42.252239],[24.792595,42.25232],[24.792362,42.252503],[24.792146,42.252615],[24.791631,42.252923],[24.79123,42.253105],[24.791107,42.253181],[24.790973,42.253334],[24.790152,42.255529],[24.789116,42.258525],[24.78742,42.260867],[24.787586,42.260982],[24.789644,42.257911],[24.789667,42.257908],[24.790106,42.256777],[24.790246,42.256469],[24.790406,42.255881],[24.790481,42.255406],[24.790564,42.25507],[24.790776,42.254498],[24.790898,42.254228],[24.791042,42.25371],[24.791144,42.253509],[24.791207,42.253401],[24.791272,42.253316],[24.791424,42.253194],[24.791557,42.253121],[24.791955,42.252875],[24.792342,42.252662],[24.792516,42.25255],[24.792774,42.25241],[24.792911,42.252327],[24.793263,42.252052],[24.793605,42.251769],[24.793831,42.25157],[24.794315,42.251209],[24.794385,42.251165],[24.794878,42.250766],[24.795164,42.250576],[24.795424,42.250475],[24.795568,42.250378],[24.795749,42.250179],[24.79621,42.249777],[24.796325,42.2497],[24.796431,42.249655],[24.796512,42.249648],[24.796631,42.24965],[24.79671,42.249667],[24.796792,42.249721],[24.796908,42.24982],[24.796954,42.249831],[24.796863,42.249579],[24.797061,42.249519],[24.797069,42.249533],[24.797299,42.249479],[24.797685,42.249357],[24.798026,42.249238],[24.79827,42.249124],[24.798362,42.249065],[24.798892,42.248853],[24.79952,42.248573],[24.800111,42.248338],[24.800555,42.24814],[24.800754,42.248066],[24.801164,42.24788],[24.801472,42.24775],[24.801937,42.247528],[24.802073,42.247444],[24.802315,42.247264],[24.802824,42.246961],[24.804041,42.246124],[24.804178,42.246018],[24.80416,42.245945],[24.804773,42.245525],[24.804943,42.245393],[24.805166,42.245196],[24.805321,42.244992]]]},"properties":{"cadnum":"39918.2.29","purptype":"Територия, заета от води и водни обекти","usetype":"Отводнителен канал","proptype":"Държавна публична","immaddr":"с. Крислово","place":"ПАМУЦИТЕ","area":45283.727537324,"cadreg":2,"pnum":"29"}},{"type":"Feature","geometry":{"type":"Polygon","coordinates":[[[24.790541,42.255387],[24.790604,42.255156],[24.790621,42.255064],[24.79074,42.254778],[24.790819,42.254535],[24.790965,42.254174],[24.791021,42.254008],[24.791082,42.253758],[24.791166,42.253573],[24.791293,42.253372],[24.791372,42.253301],[24.791588,42.253152],[24.792292,42.25274],[24.792279,42.252696],[24.791955,42.252875],[24.791557,42.253121],[24.791424,42.253194],[24.791351,42.253248],[24.791272,42.253316],[24.791207,42.253401],[24.791092,42.253606],[24.791042,42.25371],[24.790898,42.254228],[24.790776,42.254498],[24.790564,42.25507],[24.790481,42.255406],[24.790406,42.255881],[24.790246,42.256469],[24.790106,42.256777],[24.789667,42.257908],[24.789723,42.257892],[24.79031,42.256468],[24.790452,42.255957],[24.790541,42.255387]]]},"properties":{"cadnum":"39918.2.30","purptype":"Земеделска","usetype":"За селскостопански, горски, ведомствен път","proptype":"Общинска публична","immaddr":"с. Крислово","place":"ПАМУЦИТЕ","area":3090.8904235013,"cadreg":2,"pnum":"30"}},{"type":"Feature","geometry":{"type":"Polygon","coordinates":[[[24.792175,42.252805],[24.793042,42.255768],[24.793367,42.256877],[24.793457,42.256853],[24.792249,42.252764],[24.792175,42.252805]]]},"properties":{"cadnum":"39918.2.31","purptype":"Територия, заета от води и водни обекти","usetype":"Напоителен канал","proptype":"Общинска частна","immaddr":"с. Крислово","place":"ПАМУЦИТЕ","area":3416.6600939986,"cadreg":2,"pnum":"31"}},{"type":"Feature","geometry":{"type":"Polygon","coordinates":[[[24.793502,42.256841],[24.792554,42.253628],[24.792292,42.25274],[24.792249,42.252764],[24.793457,42.256853],[24.793502,42.256841]]]},"properties":{"cadnum":"39918.2.32","purptype":"Земеделска","usetype":"За селскостопански, горски, ведомствен път","proptype":"Общинска публична","immaddr":"с. Крислово","place":"ПАМУЦИТЕ","area":1861.1564995101,"cadreg":2,"pnum":"32"}},{"type":"Feature","geometry":{"type":"Polygon","coordinates":[[[24.798784,42.255425],[24.789741,42.257849],[24.789723,42.257892],[24.798798,42.255466],[24.798784,42.255425]]]},"properties":{"cadnum":"39918.2.33","purptype":"Земеделска","usetype":"За селскостопански, горски, ведомствен път","proptype":"Общинска публична","immaddr":"с. Крислово","place":"ПАМУЦИТЕ","area":3332.6478140436,"cadreg":2,"pnum":"33"}},{"type":"Feature","geometry":{"type":"Polygon","coordinates":[[[24.798798,42.255466],[24.798843,42.255454],[24.796971,42.249891],[24.79693,42.249884],[24.796916,42.249874],[24.798798,42.255466]]]},"properties":{"cadnum":"39918.2.34","purptype":"Земеделска","usetype":"За селскостопански, горски, ведомствен път","proptype":"Общинска публична","immaddr":"с. Крислово","place":"ПАМУЦИТЕ","area":2519.1745595063,"cadreg":2,"pnum":"34"}},{"type":"Feature","geometry":{"type":"Polygon","coordinates":[[[24.799051,42.255397],[24.797061,42.249519],[24.796863,42.249579],[24.796954,42.249831],[24.798843,42.255454],[24.799051,42.255397]]]},"properties":{"cadnum":"39918.2.35","purptype":"Територия на транспорта","usetype":"За местен път","proptype":"Общинска публична","immaddr":"с. Крислово","place":"ПАМУЦИТЕ","area":11951.220423446,"cadreg":2,"pnum":"35"}},{"type":"Feature","geometry":{"type":"Polygon","coordinates":[[[24.792926,42.25237],[24.793302,42.252102],[24.794101,42.251424],[24.794187,42.25137],[24.794637,42.251015],[24.795069,42.250689],[24.795155,42.250634],[24.795503,42.250489],[24.795587,42.250438],[24.79566,42.250371],[24.795832,42.250176],[24.796166,42.249877],[24.796256,42.249807],[24.796382,42.24973],[24.796504,42.249707],[24.796587,42.249703],[24.796662,42.249718],[24.79693,42.249884],[24.796971,42.249891],[24.796954,42.249831],[24.796908,42.24982],[24.796792,42.249721],[24.79671,42.249667],[24.796631,42.24965],[24.796512,42.249648],[24.796431,42.249655],[24.796325,42.2497],[24.79621,42.249777],[24.795749,42.250179],[24.795568,42.250378],[24.795424,42.250475],[24.795164,42.250576],[24.794878,42.250766],[24.794385,42.251165],[24.794315,42.251209],[24.793831,42.25157],[24.793605,42.251769],[24.793263,42.252052],[24.792911,42.252327],[24.792774,42.25241],[24.792516,42.25255],[24.792279,42.252696],[24.792292,42.25274],[24.792723,42.252499],[24.792926,42.25237]]]},"properties":{"cadnum":"39918.2.36","purptype":"Земеделска","usetype":"За селскостопански, горски, ведомствен път","proptype":"Общинска публична","immaddr":"с. Крислово","place":"ПАМУЦИТЕ","area":2773.8859295134,"cadreg":2,"pnum":"36"}},{"type":"Feature","geometry":{"type":"Polygon","coordinates":[[[24.792926,42.25237],[24.792723,42.252499],[24.792292,42.25274],[24.792427,42.253198],[24.793159,42.253062],[24.792926,42.25237]]]},"properties":{"cadnum":"39918.2.37","purptype":"Земеделска","usetype":"Нива","proptype":"Частна","immaddr":"с. Крислово","place":"ПАМУЦИТЕ","area":3999.8657680067,"cadreg":2,"pnum":"37"}},{"type":"Feature","geometry":{"type":"Polygon","coordinates":[[[24.793159,42.253062],[24.793671,42.252967],[24.793362,42.252051],[24.793302,42.252102],[24.792926,42.25237],[24.793159,42.253062]]]},"properties":{"cadnum":"39918.2.38","purptype":"Земеделска","usetype":"Нива","proptype":"Частна","immaddr":"с. Крислово","place":"ПАМУЦИТЕ","area":4000.1671915131,"cadreg":2,"pnum":"38"}},{"type":"Feature","geometry":{"type":"Polygon","coordinates":[[[24.793671,42.252967],[24.794198,42.252869],[24.793798,42.251679],[24.793362,42.252051],[24.793671,42.252967]]]},"properties":{"cadnum":"39918.2.39","purptype":"Земеделска","usetype":"Нива","proptype":"Частна","immaddr":"с. Крислово","place":"ПАМУЦИТЕ","area":5407.1729405089,"cadreg":2,"pnum":"39"}},{"type":"Feature","geometry":{"type":"Polygon","coordinates":[[[24.793367,42.256877],[24.793042,42.255768],[24.792439,42.255865],[24.792781,42.257034],[24.793367,42.256877]]]},"properties":{"cadnum":"39918.2.40","purptype":"Земеделска","usetype":"Нива","proptype":"Частна","immaddr":"с. Крислово","place":"ПАМУЦИТЕ","area":6599.3581989751,"cadreg":2,"pnum":"40"}},{"type":"Feature","geometry":{"type":"Polygon","coordinates":[[[24.792781,42.257034],[24.792439,42.255865],[24.791579,42.256004],[24.791946,42.257258],[24.792781,42.257034]]]},"properties":{"cadnum":"39918.2.41","purptype":"Земеделска","usetype":"Нива","proptype":"Частна","immaddr":"с. Крислово","place":"ПАМУЦИТЕ","area":10001.137680979,"cadreg":2,"pnum":"41"}},{"type":"Feature","geometry":{"type":"Polygon","coordinates":[[[24.792889,42.254763],[24.792974,42.25505],[24.794924,42.254688],[24.794828,42.254403],[24.792889,42.254763]]]},"properties":{"cadnum":"39918.2.42","purptype":"Земеделска","usetype":"Нива","proptype":"Частна","immaddr":"с. Крислово","place":"ПАМУЦИТЕ","area":5401.2504415565,"cadreg":2,"pnum":"42"}},{"type":"Feature","geometry":{"type":"Polygon","coordinates":[[[24.790552,42.255337],[24.792809,42.254972],[24.792696,42.254585],[24.790683,42.25491],[24.790621,42.255064],[24.790604,42.255156],[24.790552,42.255337]]]},"properties":{"cadnum":"39918.2.43","purptype":"Земеделска","usetype":"Нива","proptype":"Частна","immaddr":"с. Крислово","place":"ПАМУЦИТЕ","area":7951.7207189013,"cadreg":2,"pnum":"43"}},{"type":"Feature","geometry":{"type":"Polygon","coordinates":[[[24.790683,42.25491],[24.792696,42.254585],[24.792565,42.254138],[24.790872,42.254412],[24.790819,42.254535],[24.79074,42.254778],[24.790683,42.25491]]]},"properties":{"cadnum":"39918.2.44","purptype":"Земеделска","usetype":"Овощна градина","proptype":"Частна","immaddr":"с. Крислово","place":"ПАМУЦИТЕ","area":7952.7108084843,"cadreg":2,"pnum":"44"}},{"type":"Feature","geometry":{"type":"Polygon","coordinates":[[[24.790872,42.254412],[24.792565,42.254138],[24.792503,42.253925],[24.790965,42.254174],[24.790872,42.254412]]]},"properties":{"cadnum":"39918.2.45","purptype":"Земеделска","usetype":"Овощна градина","proptype":"Частна","immaddr":"с. Крислово","place":"ПАМУЦИТЕ","area":3299.4548880916,"cadreg":2,"pnum":"45"}},{"type":"Feature","geometry":{"type":"Polygon","coordinates":[[[24.794828,42.254403],[24.794731,42.254116],[24.792804,42.254474],[24.792889,42.254763],[24.794828,42.254403]]]},"properties":{"cadnum":"39918.2.46","purptype":"Земеделска","usetype":"Нива","proptype":"Частна","immaddr":"с. Крислово","place":"ПАМУЦИТЕ","area":5399.8215499884,"cadreg":2,"pnum":"46"}},{"type":"Feature","geometry":{"type":"Polygon","coordinates":[[[24.796909,42.254576],[24.796635,42.253762],[24.795827,42.253913],[24.796101,42.254726],[24.796909,42.254576]]]},"properties":{"cadnum":"39918.2.48","purptype":"Земеделска","usetype":"Нива","proptype":"Частна","immaddr":"с. Крислово","place":"ПАМУЦИТЕ","area":6401.4053150202,"cadreg":2,"pnum":"48"}},{"type":"Feature","geometry":{"type":"Polygon","coordinates":[[[24.792503,42.253925],[24.792328,42.25333],[24.791203,42.253512],[24.791166,42.253573],[24.791082,42.253758],[24.791021,42.254008],[24.790965,42.254174],[24.792503,42.253925]]]},"properties":{"cadnum":"39918.2.49","purptype":"Земеделска","usetype":"Овощна градина","proptype":"Частна","immaddr":"с. Крислово","place":"ПАМУЦИТЕ","area":7699.5813834359,"cadreg":2,"pnum":"49"}},{"type":"Feature","geometry":{"type":"Polygon","coordinates":[[[24.792328,42.25333],[24.792175,42.252805],[24.791588,42.253152],[24.791372,42.253301],[24.791293,42.253372],[24.791203,42.253512],[24.792328,42.25333]]]},"properties":{"cadnum":"39918.2.50","purptype":"Земеделска","usetype":"Нива","proptype":"Общинска частна","immaddr":"с. Крислово","place":"ПАМУЦИТЕ","area":3299.9170345099,"cadreg":2,"pnum":"50"}},{"type":"Feature","geometry":{"type":"Polygon","coordinates":[[[24.794531,42.254153],[24.798131,42.253485],[24.798122,42.253458],[24.794523,42.254127],[24.794531,42.254153]]]},"properties":{"cadnum":"39918.2.51","purptype":"Земеделска","usetype":"Нива","proptype":"Частна","immaddr":"с. Крислово","place":"ПАМУЦИТЕ","area":919.56561494095,"cadreg":2,"pnum":"51"}},{"type":"Feature","geometry":{"type":"Polygon","coordinates":[[[24.794105,42.252887],[24.794523,42.254127],[24.795114,42.254017],[24.794696,42.252777],[24.794105,42.252887]]]},"properties":{"cadnum":"39918.2.52","purptype":"Земеделска","usetype":"Нива","proptype":"Частна","immaddr":"с. Крислово","place":"ПАМУЦИТЕ","area":7137.5684900322,"cadreg":2,"pnum":"52"}},{"type":"Feature","geometry":{"type":"Polygon","coordinates":[[[24.795409,42.253962],[24.794992,42.252722],[24.794696,42.252777],[24.795114,42.254017],[24.795409,42.253962]]]},"properties":{"cadnum":"39918.2.53","purptype":"Земеделска","usetype":"Нива","proptype":"Частна","immaddr":"с. Крислово","place":"ПАМУЦИТЕ","area":3569.7388890129,"cadreg":2,"pnum":"53"}},{"type":"Feature","geometry":{"type":"Polygon","coordinates":[[[24.795705,42.253907],[24.795287,42.252667],[24.794992,42.252722],[24.795409,42.253962],[24.795705,42.253907]]]},"properties":{"cadnum":"39918.2.54","purptype":"Земеделска","usetype":"Нива","proptype":"Частна","immaddr":"с. Крислово","place":"ПАМУЦИТЕ","area":3568.5774545031,"cadreg":2,"pnum":"54"}},{"type":"Feature","geometry":{"type":"Polygon","coordinates":[[[24.795287,42.252667],[24.795705,42.253907],[24.796,42.253852],[24.795583,42.252612],[24.795287,42.252667]]]},"properties":{"cadnum":"39918.2.55","purptype":"Земеделска","usetype":"Нива","proptype":"Частна","immaddr":"с. Крислово","place":"ПАМУЦИТЕ","area":3569.8205149919,"cadreg":2,"pnum":"55"}},{"type":"Feature","geometry":{"type":"Polygon","coordinates":[[[24.795583,42.252612],[24.796,42.253852],[24.796296,42.253798],[24.795878,42.252557],[24.795583,42.252612]]]},"properties":{"cadnum":"39918.2.56","purptype":"Земеделска","usetype":"Нива","proptype":"Частна","immaddr":"с. Крислово","place":"ПАМУЦИТЕ","area":3567.2532949945,"cadreg":2,"pnum":"56"}},{"type":"Feature","geometry":{"type":"Polygon","coordinates":[[[24.798122,42.253458],[24.797987,42.253055],[24.79616,42.253395],[24.796296,42.253798],[24.798122,42.253458]]]},"properties":{"cadnum":"39918.2.57","purptype":"Земеделска","usetype":"Нива","proptype":"Частна","immaddr":"с. Крислово","place":"ПАМУЦИТЕ","area":7170.7712154413,"cadreg":2,"pnum":"57"}},{"type":"Feature","geometry":{"type":"Polygon","coordinates":[[[24.797851,42.252652],[24.796024,42.252991],[24.79616,42.253395],[24.797987,42.253055],[24.797851,42.252652]]]},"properties":{"cadnum":"39918.2.58","purptype":"Земеделска","usetype":"Нива","proptype":"Частна","immaddr":"с. Крислово","place":"ПАМУЦИТЕ","area":7175.3226029777,"cadreg":2,"pnum":"58"}},{"type":"Feature","geometry":{"type":"Polygon","coordinates":[[[24.796024,42.252991],[24.797851,42.252652],[24.797715,42.252248],[24.795888,42.252587],[24.796024,42.252991]]]},"properties":{"cadnum":"39918.2.59","purptype":"Земеделска","usetype":"Нива","proptype":"Частна","immaddr":"с. Крислово","place":"ПАМУЦИТЕ","area":7183.8050860699,"cadreg":2,"pnum":"59"}},{"type":"Feature","geometry":{"type":"Polygon","coordinates":[[[24.797579,42.251845],[24.795752,42.252184],[24.795888,42.252587],[24.797715,42.252248],[24.797579,42.251845]]]},"properties":{"cadnum":"39918.2.60","purptype":"Земеделска","usetype":"Нива","proptype":"Частна","immaddr":"с. Крислово","place":"ПАМУЦИТЕ","area":7175.3100474806,"cadreg":2,"pnum":"60"}},{"type":"Feature","geometry":{"type":"Polygon","coordinates":[[[24.795481,42.251377],[24.795752,42.252184],[24.797579,42.251845],[24.797308,42.251038],[24.795481,42.251377]]]},"properties":{"cadnum":"39918.2.61","purptype":"Земеделска","usetype":"Нива","proptype":"Частна","immaddr":"с. Крислово","place":"ПАМУЦИТЕ","area":14353.05213199,"cadreg":2,"pnum":"61"}},{"type":"Feature","geometry":{"type":"Polygon","coordinates":[[[24.796928,42.255923],[24.7965,42.254652],[24.796101,42.254726],[24.796539,42.256027],[24.796928,42.255923]]]},"properties":{"cadnum":"39918.2.62","purptype":"Земеделска","usetype":"Нива","proptype":"Частна","immaddr":"с. Крислово","place":"ПАМУЦИТЕ","area":4999.9285409981,"cadreg":2,"pnum":"62"}},{"type":"Feature","geometry":{"type":"Polygon","coordinates":[[[24.7965,42.254652],[24.796928,42.255923],[24.797326,42.255816],[24.796909,42.254576],[24.7965,42.254652]]]},"properties":{"cadnum":"39918.2.63","purptype":"Земеделска","usetype":"Нива","proptype":"Частна","immaddr":"с. Крислово","place":"ПАМУЦИТЕ","area":4999.3712300066,"cadreg":2,"pnum":"63"}},{"type":"Feature","geometry":{"type":"Polygon","coordinates":[[[24.79474,42.252769],[24.794253,42.251319],[24.794101,42.251424],[24.793798,42.251679],[24.794198,42.252869],[24.79474,42.252769]]]},"properties":{"cadnum":"39918.2.64","purptype":"Земеделска","usetype":"Овощна градина","proptype":"Частна","immaddr":"с. Крислово","place":"ПАМУЦИТЕ","area":6998.4557369875,"cadreg":2,"pnum":"64"}},{"type":"Feature","geometry":{"type":"Polygon","coordinates":[[[24.795012,42.252718],[24.79448,42.251138],[24.794253,42.251319],[24.79474,42.252769],[24.795012,42.252718]]]},"properties":{"cadnum":"39918.2.65","purptype":"Земеделска","usetype":"Нива","proptype":"Частна","immaddr":"с. Крислово","place":"ПАМУЦИТЕ","area":4000.1211839786,"cadreg":2,"pnum":"65"}},{"type":"Feature","geometry":{"type":"Polygon","coordinates":[[[24.795247,42.252675],[24.794679,42.250985],[24.79448,42.251138],[24.795012,42.252718],[24.795247,42.252675]]]},"properties":{"cadnum":"39918.2.66","purptype":"Земеделска","usetype":"Нива","proptype":"Частна","immaddr":"с. Крислово","place":"ПАМУЦИТЕ","area":3746.4554194882,"cadreg":2,"pnum":"66"}},{"type":"Feature","geometry":{"type":"Polygon","coordinates":[[[24.795878,42.252557],[24.795221,42.250606],[24.795155,42.250634],[24.795069,42.250689],[24.794679,42.250985],[24.795247,42.252675],[24.795878,42.252557]]]},"properties":{"cadnum":"39918.2.67","purptype":"Земеделска","usetype":"Нива","proptype":"Частна","immaddr":"с. Крислово","place":"ПАМУЦИТЕ","area":11249.323633532,"cadreg":2,"pnum":"67"}},{"type":"Feature","geometry":{"type":"Polygon","coordinates":[[[24.789709,42.253716],[24.79016,42.255375],[24.790847,42.253546],[24.789709,42.253716]]]},"properties":{"cadnum":"39918.3.1","purptype":"Земеделска","usetype":"Нива","proptype":"Частна","immaddr":"с. Крислово","place":"ТРЪНКОВИЦА","area":9000.5841135017,"cadreg":3,"pnum":"1"}},{"type":"Feature","geometry":{"type":"Polygon","coordinates":[[[24.789526,42.251491],[24.789311,42.250698],[24.788907,42.250868],[24.789111,42.251554],[24.789526,42.251491]]]},"properties":{"cadnum":"39918.3.3","purptype":"Земеделска","usetype":"Нива","proptype":"Частна","immaddr":"с. Крислово","place":"ТРЪНКОВИЦА","area":2999.5206350041,"cadreg":3,"pnum":"3"}},{"type":"Feature","geometry":{"type":"Polygon","coordinates":[[[24.790075,42.251409],[24.789823,42.250482],[24.789311,42.250698],[24.789526,42.251491],[24.790075,42.251409]]]},"properties":{"cadnum":"39918.3.4","purptype":"Земеделска","usetype":"Нива","proptype":"Частна","immaddr":"с. Крислово","place":"ТРЪНКОВИЦА","area":4500.314200002,"cadreg":3,"pnum":"4"}},{"type":"Feature","geometry":{"type":"Polygon","coordinates":[[[24.791201,42.253075],[24.791288,42.253036],[24.789594,42.25329],[24.789709,42.253716],[24.790847,42.253546],[24.790928,42.25332],[24.79107,42.253157],[24.791201,42.253075]]]},"properties":{"cadnum":"39918.3.5","purptype":"Земеделска","usetype":"Нива","proptype":"Частна","immaddr":"с. Крислово","place":"ТРЪНКОВИЦА","area":5397.175499001,"cadreg":3,"pnum":"5"}},{"type":"Feature","geometry":{"type":"Polygon","coordinates":[[[24.790702,42.251315],[24.790409,42.250235],[24.789823,42.250482],[24.790075,42.251409],[24.790702,42.251315]]]},"properties":{"cadnum":"39918.3.6","purptype":"Земеделска","usetype":"Нива","proptype":"Частна","immaddr":"с. Крислово","place":"ТРЪНКОВИЦА","area":5998.5935609911,"cadreg":3,"pnum":"6"}},{"type":"Feature","geometry":{"type":"Polygon","coordinates":[[[24.790702,42.251315],[24.791584,42.251183],[24.791233,42.249888],[24.790409,42.250235],[24.790702,42.251315]]]},"properties":{"cadnum":"39918.3.7","purptype":"Земеделска","usetype":"Нива","proptype":"Частна","immaddr":"с. Крислово","place":"ТРЪНКОВИЦА","area":9994.8227054503,"cadreg":3,"pnum":"7"}},{"type":"Feature","geometry":{"type":"Polygon","coordinates":[[[24.789206,42.249821],[24.7889,42.250809],[24.790092,42.250307],[24.790151,42.249896],[24.789206,42.249821]]]},"properties":{"cadnum":"39918.3.8","purptype":"Земеделска","usetype":"Нива","proptype":"Частна","immaddr":"с. Крислово","place":"ТРЪНКОВИЦА","area":6496.145311004,"cadreg":3,"pnum":"8"}},{"type":"Feature","geometry":{"type":"Polygon","coordinates":[[[24.790151,42.249896],[24.790346,42.248539],[24.789555,42.248689],[24.789206,42.249821],[24.790151,42.249896]]]},"properties":{"cadnum":"39918.3.9","purptype":"Земеделска","usetype":"Нива","proptype":"Частна","immaddr":"с. Крислово","place":"ТРЪНКОВИЦА","area":9800.2439359949,"cadreg":3,"pnum":"9"}},{"type":"Feature","geometry":{"type":"Polygon","coordinates":[[[24.790222,42.249401],[24.791417,42.249496],[24.791589,42.2483],[24.790346,42.248539],[24.790222,42.249401]]]},"properties":{"cadnum":"39918.3.10","purptype":"Земеделска","usetype":"Нива","proptype":"Частна","immaddr":"с. Крислово","place":"ТРЪНКОВИЦА","area":11398.588390005,"cadreg":3,"pnum":"10"}},{"type":"Feature","geometry":{"type":"Polygon","coordinates":[[[24.791417,42.249496],[24.790222,42.249401],[24.790092,42.250307],[24.791378,42.249765],[24.791417,42.249496]]]},"properties":{"cadnum":"39918.3.11","purptype":"Земеделска","usetype":"Нива","proptype":"Частна","immaddr":"с. Крислово","place":"ТРЪНКОВИЦА","area":6500.4224800089,"cadreg":3,"pnum":"11"}},{"type":"Feature","geometry":{"type":"Polygon","coordinates":[[[24.791233,42.249888],[24.791987,42.252664],[24.792116,42.252586],[24.79233,42.252476],[24.792564,42.252293],[24.792722,42.252211],[24.793058,42.251993],[24.793398,42.251728],[24.793482,42.251672],[24.793645,42.251526],[24.793762,42.251435],[24.793947,42.251224],[24.794436,42.250928],[24.794775,42.250648],[24.794859,42.250569],[24.795513,42.25011],[24.795651,42.250005],[24.795901,42.24979],[24.796014,42.249683],[24.796287,42.249532],[24.796484,42.249461],[24.796709,42.249399],[24.796144,42.247699],[24.79605,42.24783],[24.795636,42.248246],[24.795545,42.248305],[24.795447,42.248353],[24.795328,42.248393],[24.794672,42.248541],[24.794574,42.24856],[24.794393,42.248576],[24.794312,42.24859],[24.791233,42.249888]]]},"properties":{"cadnum":"39918.3.12","purptype":"Земеделска","usetype":"Пасище","proptype":"Общинска публична","immaddr":"с. Крислово","place":"ТРЪНКОВИЦА","area":108396.18676839,"cadreg":3,"pnum":"12"}},{"type":"Feature","geometry":{"type":"Polygon","coordinates":[[[24.791378,42.249765],[24.794216,42.248568],[24.794281,42.248552],[24.794722,42.248484],[24.795279,42.24836],[24.795497,42.248278],[24.795601,42.248201],[24.795828,42.247983],[24.795973,42.247809],[24.796116,42.247616],[24.796054,42.247439],[24.791589,42.2483],[24.791378,42.249765]]]},"properties":{"cadnum":"39918.3.13","purptype":"Земеделска","usetype":"Пасище","proptype":"Общинска публична","immaddr":"с. Крислово","place":"ТРЪНКОВИЦА","area":39102.320136036,"cadreg":3,"pnum":"13"}},{"type":"Feature","geometry":{"type":"Polygon","coordinates":[[[24.788855,42.250861],[24.789193,42.251997],[24.790152,42.255529],[24.790973,42.253334],[24.791107,42.253181],[24.79123,42.253105],[24.791631,42.252923],[24.792146,42.252615],[24.792362,42.252503],[24.792595,42.25232],[24.792752,42.252239],[24.793091,42.252019],[24.793431,42.251754],[24.793519,42.251695],[24.793682,42.251549],[24.793799,42.251459],[24.793982,42.251249],[24.794471,42.250954],[24.794812,42.250671],[24.794894,42.250594],[24.795547,42.250136],[24.795687,42.250029],[24.795938,42.249813],[24.796047,42.249709],[24.796313,42.249563],[24.796503,42.249494],[24.796664,42.249454],[24.796766,42.249419],[24.796177,42.247647],[24.796144,42.247699],[24.796709,42.249399],[24.796484,42.249461],[24.796287,42.249532],[24.796014,42.249683],[24.795901,42.24979],[24.795651,42.250005],[24.795513,42.25011],[24.794859,42.250569],[24.794775,42.250648],[24.794436,42.250928],[24.793947,42.251224],[24.793762,42.251435],[24.793645,42.251526],[24.793482,42.251672],[24.793398,42.251728],[24.793058,42.251993],[24.792722,42.252211],[24.792564,42.252293],[24.79233,42.252476],[24.792116,42.252586],[24.791603,42.252894],[24.791201,42.253075],[24.79107,42.253157],[24.790928,42.25332],[24.79016,42.255375],[24.78924,42.251989],[24.788907,42.250868],[24.788855,42.250861]]]},"properties":{"cadnum":"39918.3.14","purptype":"Земеделска","usetype":"За селскостопански, горски, ведомствен път","proptype":"Общинска публична","immaddr":"с. Крислово","place":"ТРЪНКОВИЦА","area":6465.5896444688,"cadreg":3,"pnum":"14"}},{"type":"Feature","geometry":{"type":"Polygon","coordinates":[[[24.7889,42.250809],[24.788853,42.250801],[24.788841,42.250828],[24.788855,42.250861],[24.788907,42.250868],[24.794312,42.24859],[24.794393,42.248576],[24.794574,42.24856],[24.794672,42.248541],[24.795328,42.248393],[24.795447,42.248353],[24.795545,42.248305],[24.795636,42.248246],[24.79605,42.24783],[24.796177,42.247647],[24.796152,42.247566],[24.795973,42.247809],[24.795828,42.247983],[24.795601,42.248201],[24.795497,42.248278],[24.795279,42.24836],[24.794722,42.248484],[24.794281,42.248552],[24.794216,42.248568],[24.7889,42.250809]]]},"properties":{"cadnum":"39918.3.15","purptype":"Земеделска","usetype":"За селскостопански, горски, ведомствен път","proptype":"Общинска публична","immaddr":"с. Крислово","place":"ТРЪНКОВИЦА","area":4135.2887681707,"cadreg":3,"pnum":"15"}},{"type":"Feature","geometry":{"type":"Polygon","coordinates":[[[24.7889,42.250809],[24.789555,42.248689],[24.796054,42.247439],[24.796116,42.247616],[24.796152,42.247566],[24.796088,42.247395],[24.789515,42.248658],[24.788853,42.250801],[24.7889,42.250809]]]},"properties":{"cadnum":"39918.3.16","purptype":"Земеделска","usetype":"За селскостопански, горски, ведомствен път","proptype":"Общинска публична","immaddr":"с. Крислово","place":"ТРЪНКОВИЦА","area":3285.7841415125,"cadreg":3,"pnum":"16"}},{"type":"Feature","geometry":{"type":"Polygon","coordinates":[[[24.800497,42.246343],[24.796134,42.247301],[24.796123,42.247272],[24.792914,42.247867],[24.792916,42.247885],[24.79284,42.24791],[24.789744,42.248508],[24.789699,42.248496],[24.789513,42.248411],[24.789501,42.248391],[24.789517,42.248287],[24.789485,42.248236],[24.789438,42.248226],[24.789372,42.248237],[24.789341,42.248254],[24.789267,42.248321],[24.789247,42.248368],[24.789224,42.248393],[24.78895,42.248496],[24.789183,42.248557],[24.789262,42.248567],[24.789354,42.248596],[24.789416,42.248654],[24.789469,42.248647],[24.789515,42.248658],[24.789602,42.248646],[24.796405,42.247333],[24.804032,42.245966],[24.804312,42.245763],[24.804127,42.24578],[24.800497,42.246343]]]},"properties":{"cadnum":"39918.3.17","purptype":"Територия, заета от води и водни обекти","usetype":"Отводнителен канал","proptype":"Държавна публична","immaddr":"с. Крислово","place":"ТРЪНКОВИЦА","area":22347.005747584,"cadreg":3,"pnum":"17"}},{"type":"Feature","geometry":{"type":"Polygon","coordinates":[[[24.796405,42.247333],[24.796088,42.247395],[24.796152,42.247566],[24.796766,42.249419],[24.797037,42.249338],[24.796405,42.247333]]]},"properties":{"cadnum":"39918.3.18","purptype":"Територия на транспорта","usetype":"За местен път","proptype":"Общинска публична","immaddr":"с. Крислово","place":"ТРЪНКОВИЦА","area":5815.2479440118,"cadreg":3,"pnum":"18"}},{"type":"Feature","geometry":{"type":"Polygon","coordinates":[[[24.790326,42.251371],[24.789111,42.251554],[24.78924,42.251989],[24.789594,42.25329],[24.790799,42.25311],[24.790326,42.251371]]]},"properties":{"cadnum":"39918.3.21","purptype":"Земеделска","usetype":"Нива","proptype":"Частна","immaddr":"с. Крислово","place":"ТРЪНКОВИЦА","area":19999.163244015,"cadreg":3,"pnum":"21"}},{"type":"Feature","geometry":{"type":"Polygon","coordinates":[[[24.790799,42.25311],[24.791288,42.253036],[24.791603,42.252894],[24.791987,42.252664],[24.791584,42.251183],[24.790326,42.251371],[24.790799,42.25311]]]},"properties":{"cadnum":"39918.3.22","purptype":"Земеделска","usetype":"Нива","proptype":"Частна","immaddr":"с. Крислово","place":"ТРЪНКОВИЦА","area":19998.697764559,"cadreg":3,"pnum":"22"}},{"type":"Feature","geometry":{"type":"Polygon","coordinates":[[[24.800363,42.253234],[24.798562,42.253465],[24.798748,42.254032],[24.800496,42.253807],[24.800363,42.253234]]]},"properties":{"cadnum":"39918.4.2","purptype":"Земеделска","usetype":"Овощна градина","proptype":"Частна","immaddr":"с. Крислово","place":"АВРАМИЦА","area":9598.1445349571,"cadreg":4,"pnum":"2"}},{"type":"Feature","geometry":{"type":"Polygon","coordinates":[[[24.800571,42.252146],[24.798231,42.252446],[24.798562,42.253465],[24.800363,42.253234],[24.800236,42.252688],[24.800677,42.252628],[24.800571,42.252146]]]},"properties":{"cadnum":"39918.4.3","purptype":"Земеделска","usetype":"Нива","proptype":"Частна","immaddr":"с. Крислово","place":"АВРАМИЦА","area":19994.597987575,"cadreg":4,"pnum":"3"}},{"type":"Feature","geometry":{"type":"Polygon","coordinates":[[[24.804604,42.252097],[24.803669,42.252224],[24.804064,42.253922],[24.804649,42.253759],[24.804496,42.253102],[24.80483,42.253059],[24.804604,42.252097]]]},"properties":{"cadnum":"39918.4.6","purptype":"Земеделска","usetype":"Нива","proptype":"Частна","immaddr":"с. Крислово","place":"АВРАМИЦА","area":12502.098106978,"cadreg":4,"pnum":"6"}},{"type":"Feature","geometry":{"type":"Polygon","coordinates":[[[24.80483,42.253059],[24.804496,42.253102],[24.804649,42.253759],[24.804972,42.253669],[24.80483,42.253059]]]},"properties":{"cadnum":"39918.4.7","purptype":"Земеделска","usetype":"Нива","proptype":"Частна","immaddr":"с. Крислово","place":"АВРАМИЦА","area":1999.592987006,"cadreg":4,"pnum":"7"}},{"type":"Feature","geometry":{"type":"Polygon","coordinates":[[[24.800481,42.251742],[24.798101,42.252047],[24.798231,42.252446],[24.800571,42.252146],[24.800481,42.251742]]]},"properties":{"cadnum":"39918.4.10","purptype":"Земеделска","usetype":"Нива","proptype":"Частна","immaddr":"с. Крислово","place":"АВРАМИЦА","area":8995.080387485,"cadreg":4,"pnum":"10"}},{"type":"Feature","geometry":{"type":"Polygon","coordinates":[[[24.798666,42.251975],[24.798494,42.251194],[24.797852,42.251283],[24.798101,42.252047],[24.798666,42.251975]]]},"properties":{"cadnum":"39918.4.11","purptype":"Земеделска","usetype":"Овощна градина","proptype":"Частна","immaddr":"с. Крислово","place":"АВРАМИЦА","area":4424.1572124769,"cadreg":4,"pnum":"11"}},{"type":"Feature","geometry":{"type":"Polygon","coordinates":[[[24.798494,42.251194],[24.798666,42.251975],[24.799342,42.251888],[24.799169,42.251101],[24.798494,42.251194]]]},"properties":{"cadnum":"39918.4.12","purptype":"Земеделска","usetype":"Нива","proptype":"Частна","immaddr":"с. Крислово","place":"АВРАМИЦА","area":4997.8693214709,"cadreg":4,"pnum":"12"}},{"type":"Feature","geometry":{"type":"Polygon","coordinates":[[[24.799342,42.251888],[24.800481,42.251742],[24.800306,42.250945],[24.799169,42.251101],[24.799342,42.251888]]]},"properties":{"cadnum":"39918.4.13","purptype":"Земеделска","usetype":"Овощна градина","proptype":"Частна","immaddr":"с. Крислово","place":"АВРАМИЦА","area":8498.7133729898,"cadreg":4,"pnum":"13"}},{"type":"Feature","geometry":{"type":"Polygon","coordinates":[[[24.801079,42.252574],[24.800708,42.250889],[24.800306,42.250945],[24.800677,42.252628],[24.801079,42.252574]]]},"properties":{"cadnum":"39918.4.14","purptype":"Земеделска","usetype":"Овощна градина","proptype":"Частна","immaddr":"с. Крислово","place":"АВРАМИЦА","area":6398.5433715013,"cadreg":4,"pnum":"14"}},{"type":"Feature","geometry":{"type":"Polygon","coordinates":[[[24.801676,42.252493],[24.801305,42.250807],[24.800708,42.250889],[24.801079,42.252574],[24.801676,42.252493]]]},"properties":{"cadnum":"39918.4.15","purptype":"Земеделска","usetype":"Овощна градина","proptype":"Частна","immaddr":"с. Крислово","place":"АВРАМИЦА","area":9497.7246989778,"cadreg":4,"pnum":"15"}},{"type":"Feature","geometry":{"type":"Polygon","coordinates":[[[24.802342,42.252403],[24.801969,42.250715],[24.801305,42.250807],[24.801676,42.252493],[24.802342,42.252403]]]},"properties":{"cadnum":"39918.4.16","purptype":"Земеделска","usetype":"Овощна градина","proptype":"Частна","immaddr":"с. Крислово","place":"АВРАМИЦА","area":10594.609689996,"cadreg":4,"pnum":"16"}},{"type":"Feature","geometry":{"type":"Polygon","coordinates":[[[24.802869,42.252332],[24.802496,42.250643],[24.801969,42.250715],[24.802342,42.252403],[24.802869,42.252332]]]},"properties":{"cadnum":"39918.4.17","purptype":"Земеделска","usetype":"Овощна градина","proptype":"Частна","immaddr":"с. Крислово","place":"АВРАМИЦА","area":8400.7509500018,"cadreg":4,"pnum":"17"}},{"type":"Feature","geometry":{"type":"Polygon","coordinates":[[[24.802869,42.252332],[24.803559,42.252239],[24.803186,42.250548],[24.802496,42.250643],[24.802869,42.252332]]]},"properties":{"cadnum":"39918.4.18","purptype":"Земеделска","usetype":"Овощна градина","proptype":"Частна","immaddr":"с. Крислово","place":"АВРАМИЦА","area":10999.884988029,"cadreg":4,"pnum":"18"}},{"type":"Feature","geometry":{"type":"Polygon","coordinates":[[[24.804041,42.252173],[24.803668,42.250482],[24.803186,42.250548],[24.803559,42.252239],[24.804041,42.252173]]]},"properties":{"cadnum":"39918.4.19","purptype":"Земеделска","usetype":"Овощна градина","proptype":"Частна","immaddr":"с. Крислово","place":"АВРАМИЦА","area":7703.0945044741,"cadreg":4,"pnum":"19"}},{"type":"Feature","geometry":{"type":"Polygon","coordinates":[[[24.805916,42.25192],[24.805419,42.25024],[24.804231,42.250404],[24.804604,42.252097],[24.805916,42.25192]]]},"properties":{"cadnum":"39918.4.21","purptype":"Земеделска","usetype":"Нива","proptype":"Частна","immaddr":"с. Крислово","place":"АВРАМИЦА","area":19998.953672487,"cadreg":4,"pnum":"21"}},{"type":"Feature","geometry":{"type":"Polygon","coordinates":[[[24.805406,42.250196],[24.797838,42.251239],[24.797852,42.251283],[24.805419,42.25024],[24.805406,42.250196]]]},"properties":{"cadnum":"39918.4.22","purptype":"Земеделска","usetype":"За селскостопански, горски, ведомствен път","proptype":"Общинска публична","immaddr":"с. Крислово","place":"АВРАМИЦА","area":3172.6928109416,"cadreg":4,"pnum":"22"}},{"type":"Feature","geometry":{"type":"Polygon","coordinates":[[[24.805239,42.249685],[24.803278,42.249924],[24.803399,42.250473],[24.805406,42.250196],[24.805239,42.249685]]]},"properties":{"cadnum":"39918.4.23","purptype":"Земеделска","usetype":"Овощна градина","proptype":"Частна","immaddr":"с. Крислово","place":"АВРАМИЦА","area":9985.8923840427,"cadreg":4,"pnum":"23"}},{"type":"Feature","geometry":{"type":"Polygon","coordinates":[[[24.803278,42.249924],[24.805239,42.249685],[24.805048,42.249098],[24.803147,42.249329],[24.803278,42.249924]]]},"properties":{"cadnum":"39918.4.24","purptype":"Земеделска","usetype":"Нива","proptype":"Частна","immaddr":"с. Крислово","place":"АВРАМИЦА","area":10799.40788758,"cadreg":4,"pnum":"24"}},{"type":"Feature","geometry":{"type":"Polygon","coordinates":[[[24.80302,42.248752],[24.802734,42.247459],[24.802659,42.247118],[24.802435,42.247258],[24.802093,42.247504],[24.801797,42.247659],[24.802064,42.248868],[24.80302,42.248752]]]},"properties":{"cadnum":"39918.4.25","purptype":"Земеделска","usetype":"Нива","proptype":"Частна","immaddr":"с. Крислово","place":"АВРАМИЦА","area":12698.035697971,"cadreg":4,"pnum":"25"}},{"type":"Feature","geometry":{"type":"Polygon","coordinates":[[[24.803033,42.248814],[24.804882,42.248589],[24.804761,42.248216],[24.80295,42.248436],[24.803033,42.248814]]]},"properties":{"cadnum":"39918.4.27","purptype":"Земеделска","usetype":"Нива","proptype":"Частна","immaddr":"с. Крислово","place":"АВРАМИЦА","area":6501.4916745257,"cadreg":4,"pnum":"27"}},{"type":"Feature","geometry":{"type":"Polygon","coordinates":[[[24.80295,42.248436],[24.804761,42.248216],[24.804643,42.247853],[24.802869,42.248069],[24.80295,42.248436]]]},"properties":{"cadnum":"39918.4.28","purptype":"Земеделска","usetype":"Нива","proptype":"Частна","immaddr":"с. Крислово","place":"АВРАМИЦА","area":6198.6126675404,"cadreg":4,"pnum":"28"}},{"type":"Feature","geometry":{"type":"Polygon","coordinates":[[[24.802869,42.248069],[24.804643,42.247853],[24.804447,42.247251],[24.802734,42.247459],[24.802869,42.248069]]]},"properties":{"cadnum":"39918.4.29","purptype":"Земеделска","usetype":"Нива","proptype":"Частна","immaddr":"с. Крислово","place":"АВРАМИЦА","area":10001.223012979,"cadreg":4,"pnum":"29"}},{"type":"Feature","geometry":{"type":"Polygon","coordinates":[[[24.802734,42.247459],[24.804447,42.247251],[24.804089,42.246154],[24.803197,42.246793],[24.802659,42.247118],[24.802734,42.247459]]]},"properties":{"cadnum":"39918.4.30","purptype":"Земеделска","usetype":"Нива","proptype":"Частна","immaddr":"с. Крислово","place":"АВРАМИЦА","area":11273.212152477,"cadreg":4,"pnum":"30"}},{"type":"Feature","geometry":{"type":"Polygon","coordinates":[[[24.801303,42.250762],[24.800916,42.249008],[24.800723,42.248133],[24.799922,42.248468],[24.800454,42.250879],[24.801303,42.250762]]]},"properties":{"cadnum":"39918.4.33","purptype":"Земеделска","usetype":"Овощна градина","proptype":"Частна","immaddr":"с. Крислово","place":"АВРАМИЦА","area":20197.173062009,"cadreg":4,"pnum":"33"}},{"type":"Feature","geometry":{"type":"Polygon","coordinates":[[[24.799745,42.24997],[24.799961,42.250946],[24.800454,42.250879],[24.80024,42.24991],[24.799745,42.24997]]]},"properties":{"cadnum":"39918.4.34","purptype":"Земеделска","usetype":"Овощна градина","proptype":"Частна","immaddr":"с. Крислово","place":"АВРАМИЦА","area":4529.6162645225,"cadreg":4,"pnum":"34"}},{"type":"Feature","geometry":{"type":"Polygon","coordinates":[[[24.79968,42.249978],[24.80024,42.24991],[24.799922,42.248468],[24.799396,42.248691],[24.79968,42.249978]]]},"properties":{"cadnum":"39918.4.35","purptype":"Земеделска","usetype":"Овощна градина","proptype":"Частна","immaddr":"с. Крислово","place":"АВРАМИЦА","area":7200.0801304909,"cadreg":4,"pnum":"35"}},{"type":"Feature","geometry":{"type":"Polygon","coordinates":[[[24.7992,42.250036],[24.79968,42.249978],[24.799396,42.248691],[24.798947,42.248887],[24.7992,42.250036]]]},"properties":{"cadnum":"39918.4.36","purptype":"Земеделска","usetype":"Овощна градина","proptype":"Частна","immaddr":"с. Крислово","place":"АВРАМИЦА","area":5495.788982505,"cadreg":4,"pnum":"36"}},{"type":"Feature","geometry":{"type":"Polygon","coordinates":[[[24.799745,42.24997],[24.7992,42.250036],[24.799417,42.251021],[24.799961,42.250946],[24.799745,42.24997]]]},"properties":{"cadnum":"39918.4.37","purptype":"Земеделска","usetype":"Овощна градина","proptype":"Частна","immaddr":"с. Крислово","place":"АВРАМИЦА","area":5032.3187274979,"cadreg":4,"pnum":"37"}},{"type":"Feature","geometry":{"type":"Polygon","coordinates":[[[24.799362,42.250769],[24.797744,42.250965],[24.797838,42.251239],[24.799417,42.251021],[24.799362,42.250769]]]},"properties":{"cadnum":"39918.4.38","purptype":"Земеделска","usetype":"Овощна градина","proptype":"Частна","immaddr":"с. Крислово","place":"АВРАМИЦА","area":3995.7487179756,"cadreg":4,"pnum":"38"}},{"type":"Feature","geometry":{"type":"Polygon","coordinates":[[[24.79929,42.250444],[24.797634,42.250646],[24.797744,42.250965],[24.799362,42.250769],[24.79929,42.250444]]]},"properties":{"cadnum":"39918.4.39","purptype":"Земеделска","usetype":"Нива","proptype":"Частна","immaddr":"с. Крислово","place":"АВРАМИЦА","area":5001.7818960005,"cadreg":4,"pnum":"39"}},{"type":"Feature","geometry":{"type":"Polygon","coordinates":[[[24.79929,42.250444],[24.798947,42.248887],[24.798751,42.248957],[24.797855,42.249357],[24.797432,42.249494],[24.797253,42.249541],[24.797634,42.250646],[24.79929,42.250444]]]},"properties":{"cadnum":"39918.4.40","purptype":"Земеделска","usetype":"Овощна градина","proptype":"Частна","immaddr":"с. Крислово","place":"АВРАМИЦА","area":21516.759149526,"cadreg":4,"pnum":"40"}},{"type":"Feature","geometry":{"type":"Polygon","coordinates":[[[24.797086,42.249588],[24.799051,42.255397],[24.799121,42.255379],[24.79783,42.251416],[24.797195,42.249559],[24.797086,42.249588]]]},"properties":{"cadnum":"39918.4.41","purptype":"Територия, заета от води и водни обекти","usetype":"Напоителен канал","proptype":"Общинска частна","immaddr":"с. Крислово","place":"АВРАМИЦА","area":5737.5258250431,"cadreg":4,"pnum":"41"}},{"type":"Feature","geometry":{"type":"Polygon","coordinates":[[[24.799159,42.255287],[24.797838,42.251239],[24.797253,42.249541],[24.797195,42.249559],[24.79783,42.251416],[24.799096,42.255303],[24.799159,42.255287]]]},"properties":{"cadnum":"39918.4.42","purptype":"Земеделска","usetype":"За селскостопански, горски, ведомствен път","proptype":"Общинска публична","immaddr":"с. Крислово","place":"АВРАМИЦА","area":3478.5406049949,"cadreg":4,"pnum":"42"}},{"type":"Feature","geometry":{"type":"Polygon","coordinates":[[[24.806344,42.253362],[24.806323,42.253294],[24.799096,42.255303],[24.799121,42.255379],[24.806344,42.253362]]]},"properties":{"cadnum":"39918.4.43","purptype":"Земеделска","usetype":"За селскостопански, горски, ведомствен път","proptype":"Общинска публична","immaddr":"с. Крислово","place":"АВРАМИЦА","area":5167.850216202,"cadreg":4,"pnum":"43"}},{"type":"Feature","geometry":{"type":"Polygon","coordinates":[[[24.804089,42.246154],[24.805406,42.250196],[24.806344,42.253362],[24.806434,42.253331],[24.805938,42.251581],[24.805501,42.250219],[24.804195,42.246068],[24.804089,42.246154]]]},"properties":{"cadnum":"39918.4.44","purptype":"Земеделска","usetype":"За селскостопански, горски, ведомствен път","proptype":"Общинска публична","immaddr":"с. Крислово","place":"АВРАМИЦА","area":7268.8904209937,"cadreg":4,"pnum":"44"}},{"type":"Feature","geometry":{"type":"Polygon","coordinates":[[[24.804178,42.246018],[24.804041,42.246124],[24.802824,42.246961],[24.802315,42.247264],[24.802073,42.247444],[24.801937,42.247528],[24.801472,42.24775],[24.801164,42.24788],[24.800754,42.248066],[24.800555,42.24814],[24.800111,42.248338],[24.79952,42.248573],[24.798892,42.248853],[24.798362,42.249065],[24.79827,42.249124],[24.798026,42.249238],[24.797486,42.249422],[24.797299,42.249479],[24.797069,42.249533],[24.797086,42.249588],[24.797432,42.249494],[24.797855,42.249357],[24.798751,42.248957],[24.798947,42.248887],[24.799922,42.248468],[24.801071,42.24799],[24.801236,42.247918],[24.8015,42.247787],[24.801712,42.247702],[24.801851,42.247632],[24.802093,42.247504],[24.802435,42.247258],[24.803197,42.246793],[24.804089,42.246154],[24.804195,42.246068],[24.804178,42.246018]]]},"properties":{"cadnum":"39918.4.45","purptype":"Земеделска","usetype":"За селскостопански, горски, ведомствен път","proptype":"Общинска публична","immaddr":"с. Крислово","place":"АВРАМИЦА","area":4036.8630480604,"cadreg":4,"pnum":"45"}},{"type":"Feature","geometry":{"type":"Polygon","coordinates":[[[24.800861,42.252604],[24.800236,42.252688],[24.800738,42.254848],[24.801344,42.254679],[24.800861,42.252604]]]},"properties":{"cadnum":"39918.4.52","purptype":"Земеделска","usetype":"Нива","proptype":"Частна","immaddr":"с. Крислово","place":"АВРАМИЦА","area":12518.590276004,"cadreg":4,"pnum":"52"}},{"type":"Feature","geometry":{"type":"Polygon","coordinates":[[[24.801344,42.254679],[24.801975,42.254503],[24.801513,42.252515],[24.800861,42.252604],[24.801344,42.254679]]]},"properties":{"cadnum":"39918.4.53","purptype":"Земеделска","usetype":"Нива","proptype":"Частна","immaddr":"с. Крислово","place":"АВРАМИЦА","area":12518.789900535,"cadreg":4,"pnum":"53"}},{"type":"Feature","geometry":{"type":"Polygon","coordinates":[[[24.801975,42.254503],[24.802636,42.254319],[24.802195,42.252423],[24.801513,42.252515],[24.801975,42.254503]]]},"properties":{"cadnum":"39918.4.54","purptype":"Земеделска","usetype":"Нива","proptype":"Частна","immaddr":"с. Крислово","place":"АВРАМИЦА","area":12517.533071499,"cadreg":4,"pnum":"54"}},{"type":"Feature","geometry":{"type":"Polygon","coordinates":[[[24.802636,42.254319],[24.80333,42.254126],[24.802912,42.252326],[24.802195,42.252423],[24.802636,42.254319]]]},"properties":{"cadnum":"39918.4.55","purptype":"Земеделска","usetype":"Нива","proptype":"Частна","immaddr":"с. Крислово","place":"АВРАМИЦА","area":12518.403213017,"cadreg":4,"pnum":"55"}},{"type":"Feature","geometry":{"type":"Polygon","coordinates":[[[24.80333,42.254126],[24.804064,42.253922],[24.803669,42.252224],[24.802912,42.252326],[24.80333,42.254126]]]},"properties":{"cadnum":"39918.4.56","purptype":"Земеделска","usetype":"Овощна градина","proptype":"Частна","immaddr":"с. Крислово","place":"АВРАМИЦА","area":12516.589307008,"cadreg":4,"pnum":"56"}},{"type":"Feature","geometry":{"type":"Polygon","coordinates":[[[24.806,42.253384],[24.80558,42.251965],[24.805299,42.252003],[24.805644,42.253483],[24.806,42.253384]]]},"properties":{"cadnum":"39918.4.57","purptype":"Земеделска","usetype":"Нива","proptype":"Частна","immaddr":"с. Крислово","place":"АВРАМИЦА","area":4474.4175619886,"cadreg":4,"pnum":"57"}},{"type":"Feature","geometry":{"type":"Polygon","coordinates":[[[24.80558,42.251965],[24.806,42.253384],[24.806323,42.253294],[24.805916,42.25192],[24.80558,42.251965]]]},"properties":{"cadnum":"39918.4.58","purptype":"Земеделска","usetype":"Нива","proptype":"Частна","immaddr":"с. Крислово","place":"АВРАМИЦА","area":4474.6697649969,"cadreg":4,"pnum":"58"}},{"type":"Feature","geometry":{"type":"Polygon","coordinates":[[[24.801696,42.248913],[24.802064,42.248868],[24.801797,42.247659],[24.801453,42.247811],[24.801696,42.248913]]]},"properties":{"cadnum":"39918.4.59","purptype":"Земеделска","usetype":"Нива","proptype":"Частна","immaddr":"с. Крислово","place":"АВРАМИЦА","area":3999.8336575124,"cadreg":4,"pnum":"59"}},{"type":"Feature","geometry":{"type":"Polygon","coordinates":[[[24.801453,42.247811],[24.801236,42.247918],[24.801071,42.24799],[24.801285,42.248963],[24.801696,42.248913],[24.801453,42.247811]]]},"properties":{"cadnum":"39918.4.60","purptype":"Земеделска","usetype":"Овощна градина","proptype":"Частна","immaddr":"с. Крислово","place":"АВРАМИЦА","area":3999.803802998,"cadreg":4,"pnum":"60"}},{"type":"Feature","geometry":{"type":"Polygon","coordinates":[[[24.801071,42.24799],[24.800723,42.248133],[24.800916,42.249008],[24.801285,42.248963],[24.801071,42.24799]]]},"properties":{"cadnum":"39918.4.61","purptype":"Земеделска","usetype":"Нива","proptype":"Частна","immaddr":"с. Крислово","place":"АВРАМИЦА","area":3203.6940780115,"cadreg":4,"pnum":"61"}},{"type":"Feature","geometry":{"type":"Polygon","coordinates":[[[24.803949,42.250443],[24.803668,42.250482],[24.804041,42.252173],[24.804323,42.252135],[24.803949,42.250443]]]},"properties":{"cadnum":"39918.4.62","purptype":"Земеделска","usetype":"Нива","proptype":"Частна","immaddr":"с. Крислово","place":"АВРАМИЦА","area":4497.9027614982,"cadreg":4,"pnum":"62"}},{"type":"Feature","geometry":{"type":"Polygon","coordinates":[[[24.804323,42.252135],[24.804604,42.252097],[24.804231,42.250404],[24.803949,42.250443],[24.804323,42.252135]]]},"properties":{"cadnum":"39918.4.63","purptype":"Земеделска","usetype":"Нива","proptype":"Частна","immaddr":"с. Крислово","place":"АВРАМИЦА","area":4499.0772254896,"cadreg":4,"pnum":"63"}},{"type":"Feature","geometry":{"type":"Polygon","coordinates":[[[24.798945,42.254633],[24.799159,42.255287],[24.800738,42.254848],[24.800612,42.254305],[24.798945,42.254633]]]},"properties":{"cadnum":"39918.4.64","purptype":"Земеделска","usetype":"Овощна градина","proptype":"Частна","immaddr":"с. Крислово","place":"АВРАМИЦА","area":9499.5974034711,"cadreg":4,"pnum":"64"}},{"type":"Feature","geometry":{"type":"Polygon","coordinates":[[[24.800612,42.254305],[24.800496,42.253807],[24.798748,42.254032],[24.798945,42.254633],[24.800612,42.254305]]]},"properties":{"cadnum":"39918.4.65","purptype":"Земеделска","usetype":"Овощна градина","proptype":"Частна","immaddr":"с. Крислово","place":"АВРАМИЦА","area":9000.893194008,"cadreg":4,"pnum":"65"}},{"type":"Feature","geometry":{"type":"Polygon","coordinates":[[[24.801908,42.250678],[24.802517,42.250594],[24.802134,42.248859],[24.801523,42.248934],[24.801908,42.250678]]]},"properties":{"cadnum":"39918.4.67","purptype":"Земеделска","usetype":"Овощна градина","proptype":"Частна","immaddr":"с. Крислово","place":"АВРАМИЦА","area":9998.4594155135,"cadreg":4,"pnum":"67"}},{"type":"Feature","geometry":{"type":"Polygon","coordinates":[[[24.802517,42.250594],[24.802639,42.250578],[24.802256,42.248844],[24.802134,42.248859],[24.802517,42.250594]]]},"properties":{"cadnum":"39918.4.68","purptype":"Земеделска","usetype":"Овощна градина","proptype":"Частна","immaddr":"с. Крислово","place":"АВРАМИЦА","area":2000.6085005129,"cadreg":4,"pnum":"68"}},{"type":"Feature","geometry":{"type":"Polygon","coordinates":[[[24.802639,42.250578],[24.802761,42.250561],[24.802379,42.248829],[24.802256,42.248844],[24.802639,42.250578]]]},"properties":{"cadnum":"39918.4.69","purptype":"Земеделска","usetype":"Овощна градина","proptype":"Частна","immaddr":"с. Крислово","place":"АВРАМИЦА","area":1999.5933929955,"cadreg":4,"pnum":"69"}},{"type":"Feature","geometry":{"type":"Polygon","coordinates":[[[24.802761,42.250561],[24.802822,42.250552],[24.80244,42.248822],[24.802379,42.248829],[24.802761,42.250561]]]},"properties":{"cadnum":"39918.4.70","purptype":"Земеделска","usetype":"Овощна градина","proptype":"Частна","immaddr":"с. Крислово","place":"АВРАМИЦА","area":999.76474752064,"cadreg":4,"pnum":"70"}},{"type":"Feature","geometry":{"type":"Polygon","coordinates":[[[24.802822,42.250552],[24.802945,42.250535],[24.802563,42.248807],[24.80244,42.248822],[24.802822,42.250552]]]},"properties":{"cadnum":"39918.4.71","purptype":"Земеделска","usetype":"Овощна градина","proptype":"Частна","immaddr":"с. Крислово","place":"АВРАМИЦА","area":1999.2556799991,"cadreg":4,"pnum":"71"}},{"type":"Feature","geometry":{"type":"Polygon","coordinates":[[[24.802945,42.250535],[24.803067,42.250519],[24.802686,42.248792],[24.802563,42.248807],[24.802945,42.250535]]]},"properties":{"cadnum":"39918.4.72","purptype":"Земеделска","usetype":"Овощна градина","proptype":"Частна","immaddr":"с. Крислово","place":"АВРАМИЦА","area":2000.387069999,"cadreg":4,"pnum":"72"}},{"type":"Feature","geometry":{"type":"Polygon","coordinates":[[[24.803067,42.250519],[24.803233,42.250496],[24.802853,42.248772],[24.802686,42.248792],[24.803067,42.250519]]]},"properties":{"cadnum":"39918.4.73","purptype":"Земеделска","usetype":"Овощна градина","proptype":"Частна","immaddr":"с. Крислово","place":"АВРАМИЦА","area":2702.7150014781,"cadreg":4,"pnum":"73"}},{"type":"Feature","geometry":{"type":"Polygon","coordinates":[[[24.803233,42.250496],[24.803399,42.250473],[24.80302,42.248752],[24.802853,42.248772],[24.803233,42.250496]]]},"properties":{"cadnum":"39918.4.74","purptype":"Земеделска","usetype":"Овощна градина","proptype":"Частна","immaddr":"с. Крислово","place":"АВРАМИЦА","area":2704.5167365071,"cadreg":4,"pnum":"74"}},{"type":"Feature","geometry":{"type":"Polygon","coordinates":[[[24.801523,42.248934],[24.801341,42.248956],[24.801726,42.250703],[24.801908,42.250678],[24.801523,42.248934]]]},"properties":{"cadnum":"39918.4.75","purptype":"Земеделска","usetype":"Овощна градина","proptype":"Частна","immaddr":"с. Крислово","place":"АВРАМИЦА","area":3000.7225055009,"cadreg":4,"pnum":"75"}},{"type":"Feature","geometry":{"type":"Polygon","coordinates":[[[24.801341,42.248956],[24.801128,42.248982],[24.801514,42.250732],[24.801726,42.250703],[24.801341,42.248956]]]},"properties":{"cadnum":"39918.4.76","purptype":"Земеделска","usetype":"Овощна градина","proptype":"Частна","immaddr":"с. Крислово","place":"АВРАМИЦА","area":3499.433935014,"cadreg":4,"pnum":"76"}},{"type":"Feature","geometry":{"type":"Polygon","coordinates":[[[24.801128,42.248982],[24.800916,42.249008],[24.801303,42.250762],[24.801514,42.250732],[24.801128,42.248982]]]},"properties":{"cadnum":"39918.4.77","purptype":"Земеделска","usetype":"Овощна градина","proptype":"Частна","immaddr":"с. Крислово","place":"АВРАМИЦА","area":3499.1194134996,"cadreg":4,"pnum":"77"}},{"type":"Feature","geometry":{"type":"Polygon","coordinates":[[[24.804937,42.248758],[24.803071,42.248985],[24.803147,42.249329],[24.805048,42.249098],[24.804937,42.248758]]]},"properties":{"cadnum":"39918.4.81","purptype":"Земеделска","usetype":"Нива","proptype":"Частна","immaddr":"с. Крислово","place":"АВРАМИЦА","area":6098.8358738756,"cadreg":4,"pnum":"81"}},{"type":"Feature","geometry":{"type":"Polygon","coordinates":[[[24.804937,42.248758],[24.804882,42.248589],[24.803033,42.248814],[24.803071,42.248985],[24.804937,42.248758]]]},"properties":{"cadnum":"39918.4.82","purptype":"Земеделска","usetype":"Нива","proptype":"Частна","immaddr":"с. Крислово","place":"АВРАМИЦА","area":2999.4544340139,"cadreg":4,"pnum":"82"}},{"type":"Feature","geometry":{"type":"Polygon","coordinates":[[[24.805438,42.25354],[24.805087,42.252032],[24.804607,42.252097],[24.804972,42.253669],[24.805438,42.25354]]]},"properties":{"cadnum":"39918.4.88","purptype":"Земеделска","usetype":"Нива","proptype":"Частна","immaddr":"с. Крислово","place":"АВРАМИЦА","area":6996.938567503,"cadreg":4,"pnum":"88"}},{"type":"Feature","geometry":{"type":"Polygon","coordinates":[[[24.805644,42.253483],[24.805299,42.252003],[24.805087,42.252032],[24.805438,42.25354],[24.805644,42.253483]]]},"properties":{"cadnum":"39918.4.89","purptype":"Земеделска","usetype":"Нива","proptype":"Частна","immaddr":"с. Крислово","place":"АВРАМИЦА","area":2999.8777729836,"cadreg":4,"pnum":"89"}},{"type":"Feature","geometry":{"type":"Polygon","coordinates":[[[24.796728,42.247748],[24.798377,42.247453],[24.798243,42.24704],[24.796594,42.247336],[24.796728,42.247748]]]},"properties":{"cadnum":"39918.5.2","purptype":"Земеделска","usetype":"Нива","proptype":"Частна","immaddr":"с. Крислово","place":"ЗАЙКОВИЦА","area":6599.5181704893,"cadreg":5,"pnum":"2"}},{"type":"Feature","geometry":{"type":"Polygon","coordinates":[[[24.800755,42.247333],[24.798471,42.247742],[24.798785,42.248709],[24.799223,42.248524],[24.79968,42.248349],[24.800224,42.248088],[24.800908,42.247806],[24.800755,42.247333]]]},"properties":{"cadnum":"39918.5.3","purptype":"Земеделска","usetype":"Нива","proptype":"Частна","immaddr":"с. Крислово","place":"ЗАЙКОВИЦА","area":15995.574901488,"cadreg":5,"pnum":"3"}},{"type":"Feature","geometry":{"type":"Polygon","coordinates":[[[24.798471,42.247742],[24.799213,42.247609],[24.798985,42.246907],[24.798243,42.24704],[24.798471,42.247742]]]},"properties":{"cadnum":"39918.5.4","purptype":"Земеделска","usetype":"Нива","proptype":"Частна","immaddr":"с. Крислово","place":"ЗАЙКОВИЦА","area":5046.5242829957,"cadreg":5,"pnum":"4"}},{"type":"Feature","geometry":{"type":"Polygon","coordinates":[[[24.798985,42.246907],[24.799213,42.247609],[24.7998,42.247504],[24.799572,42.246802],[24.798985,42.246907]]]},"properties":{"cadnum":"39918.5.5","purptype":"Земеделска","usetype":"Нива","proptype":"Частна","immaddr":"с. Крислово","place":"ЗАЙКОВИЦА","area":3998.5409860173,"cadreg":5,"pnum":"5"}},{"type":"Feature","geometry":{"type":"Polygon","coordinates":[[[24.799572,42.246802],[24.7998,42.247504],[24.800241,42.247425],[24.800013,42.246723],[24.799572,42.246802]]]},"properties":{"cadnum":"39918.5.6","purptype":"Земеделска","usetype":"Нива","proptype":"Частна","immaddr":"с. Крислово","place":"ЗАЙКОВИЦА","area":2999.0262149972,"cadreg":5,"pnum":"6"}},{"type":"Feature","geometry":{"type":"Polygon","coordinates":[[[24.800013,42.246723],[24.800241,42.247425],[24.800755,42.247333],[24.800527,42.246631],[24.800013,42.246723]]]},"properties":{"cadnum":"39918.5.7","purptype":"Земеделска","usetype":"Нива","proptype":"Частна","immaddr":"с. Крислово","place":"ЗАЙКОВИЦА","area":3498.2894149675,"cadreg":5,"pnum":"7"}},{"type":"Feature","geometry":{"type":"Polygon","coordinates":[[[24.801478,42.247561],[24.801141,42.246521],[24.800527,42.246631],[24.800908,42.247806],[24.801478,42.247561]]]},"properties":{"cadnum":"39918.5.8","purptype":"Земеделска","usetype":"Изоставено трайно насаждение","proptype":"Частна","immaddr":"с. Крислово","place":"ЗАЙКОВИЦА","area":6599.1515570143,"cadreg":5,"pnum":"8"}},{"type":"Feature","geometry":{"type":"Polygon","coordinates":[[[24.798104,42.247502],[24.798529,42.248809],[24.798785,42.248709],[24.798377,42.247453],[24.798104,42.247502]]]},"properties":{"cadnum":"39918.5.9","purptype":"Земеделска","usetype":"Нива","proptype":"Общинска частна","immaddr":"с. Крислово","place":"ЗАЙКОВИЦА","area":3399.5420790165,"cadreg":5,"pnum":"9"}},{"type":"Feature","geometry":{"type":"Polygon","coordinates":[[[24.803793,42.246134],[24.803956,42.246011],[24.804032,42.245966],[24.796405,42.247333],[24.796416,42.247368],[24.803856,42.246034],[24.80376,42.246107],[24.803471,42.246286],[24.802929,42.24667],[24.802817,42.24674],[24.802724,42.246786],[24.802358,42.247016],[24.802032,42.247242],[24.801698,42.247457],[24.801529,42.24754],[24.801343,42.247616],[24.801033,42.247756],[24.800224,42.248088],[24.79968,42.248349],[24.799223,42.248524],[24.798616,42.248779],[24.798418,42.248848],[24.797682,42.249133],[24.797513,42.24919],[24.797148,42.249269],[24.797026,42.249302],[24.797037,42.249338],[24.797162,42.249303],[24.79753,42.249224],[24.797703,42.249165],[24.798439,42.24888],[24.798638,42.248811],[24.799247,42.248556],[24.799704,42.24838],[24.800249,42.248118],[24.80105,42.247791],[24.801367,42.247647],[24.801554,42.24757],[24.801728,42.247486],[24.802064,42.247269],[24.80239,42.247043],[24.802753,42.246814],[24.802843,42.24677],[24.802961,42.246697],[24.803504,42.246313],[24.803793,42.246134]]]},"properties":{"cadnum":"39918.5.11","purptype":"Земеделска","usetype":"За селскостопански, горски, ведомствен път","proptype":"Общинска публична","immaddr":"с. Крислово","place":"ЗАЙКОВИЦА","area":5294.7870959359,"cadreg":5,"pnum":"11"}},{"type":"Feature","geometry":{"type":"Polygon","coordinates":[[[24.798332,42.248202],[24.79815,42.248243],[24.798355,42.248872],[24.798529,42.248809],[24.798332,42.248202]]]},"properties":{"cadnum":"39918.5.14","purptype":"Земеделска","usetype":"Пасище","proptype":"Частна","immaddr":"с. Крислово","place":"ЗАЙКОВИЦА","area":1100.8024409989,"cadreg":5,"pnum":"14"}},{"type":"Feature","geometry":{"type":"Polygon","coordinates":[[[24.798355,42.248872],[24.79815,42.248243],[24.798332,42.248202],[24.798104,42.247502],[24.796728,42.247748],[24.796594,42.247336],[24.796416,42.247368],[24.797026,42.249302],[24.797148,42.249269],[24.797513,42.24919],[24.798023,42.249005],[24.798355,42.248872]]]},"properties":{"cadnum":"39918.5.15","purptype":"Земеделска","usetype":"Пасище","proptype":"Общинска публична","immaddr":"с. Крислово","place":"ЗАЙКОВИЦА","area":21401.97361953,"cadreg":5,"pnum":"15"}},{"type":"Feature","geometry":{"type":"Polygon","coordinates":[[[24.802243,42.2464],[24.802115,42.246346],[24.801141,42.246521],[24.801478,42.247561],[24.801698,42.247457],[24.802032,42.247242],[24.802358,42.247016],[24.802973,42.246638],[24.802832,42.246495],[24.802705,42.246482],[24.802616,42.246436],[24.80237,42.246405],[24.802243,42.2464]]]},"properties":{"cadnum":"39918.5.87","purptype":"Земеделска","usetype":"Изоставено трайно насаждение","proptype":"Общинска частна","immaddr":"с. Крислово","place":"ЗАЙКОВИЦА","area":11018.515342025,"cadreg":5,"pnum":"87"}},{"type":"Feature","geometry":{"type":"Polygon","coordinates":[[[24.80376,42.246107],[24.803856,42.246034],[24.802115,42.246346],[24.802243,42.2464],[24.80237,42.246405],[24.802616,42.246436],[24.802705,42.246482],[24.802832,42.246495],[24.802973,42.246638],[24.803471,42.246286],[24.80376,42.246107]]]},"properties":{"cadnum":"39918.5.88","purptype":"Земеделска","usetype":"Изоставена орна земя","proptype":"Общинска частна","immaddr":"с. Крислово","place":"ЗАЙКОВИЦА","area":3181.1351680044,"cadreg":5,"pnum":"88"}},{"type":"Feature","geometry":{"type":"Polygon","coordinates":[[[24.798768,42.241664],[24.798167,42.241694],[24.798201,42.241978],[24.798244,42.241999],[24.798794,42.241957],[24.798768,42.241664]]]},"properties":{"cadnum":"39918.6.1","purptype":"Земеделска","usetype":"Нива","proptype":"Частна","immaddr":"с. Крислово","place":"БАРУКЧИЙНИЦИТЕ","area":1646.2002054847,"cadreg":6,"pnum":"1"}},{"type":"Feature","geometry":{"type":"Polygon","coordinates":[[[24.798768,42.241664],[24.798719,42.241103],[24.798102,42.241133],[24.798167,42.241694],[24.798768,42.241664]]]},"properties":{"cadnum":"39918.6.2","purptype":"Земеделска","usetype":"Нива","proptype":"Частна","immaddr":"с. Крислово","place":"БАРУКЧИЙНИЦИТЕ","area":3147.1427410113,"cadreg":6,"pnum":"2"}},{"type":"Feature","geometry":{"type":"Polygon","coordinates":[[[24.798956,42.240507],[24.798032,42.240537],[24.798102,42.241133],[24.798719,42.241103],[24.798728,42.241208],[24.799017,42.241194],[24.798956,42.240507]]]},"properties":{"cadnum":"39918.6.3","purptype":"Земеделска","usetype":"Нива","proptype":"Частна","immaddr":"с. Крислово","place":"БАРУКЧИЙНИЦИТЕ","area":5239.0292399777,"cadreg":6,"pnum":"3"}},{"type":"Feature","geometry":{"type":"Polygon","coordinates":[[[24.79945,42.24049],[24.798956,42.240507],[24.799017,42.241194],[24.79951,42.241169],[24.79945,42.24049]]]},"properties":{"cadnum":"39918.6.4","purptype":"Земеделска","usetype":"Нива","proptype":"Частна","immaddr":"с. Крислово","place":"БАРУКЧИЙНИЦИТЕ","area":3101.1599890031,"cadreg":6,"pnum":"4"}},{"type":"Feature","geometry":{"type":"Polygon","coordinates":[[[24.799802,42.240479],[24.79945,42.24049],[24.79951,42.241169],[24.7998,42.241155],[24.799802,42.240479]]]},"properties":{"cadnum":"39918.6.5","purptype":"Земеделска","usetype":"Нива","proptype":"Частна","immaddr":"с. Крислово","place":"БАРУКЧИЙНИЦИТЕ","area":1998.029815997,"cadreg":6,"pnum":"5"}},{"type":"Feature","geometry":{"type":"Polygon","coordinates":[[[24.7998,42.24136],[24.7998,42.241155],[24.798728,42.241208],[24.798746,42.241412],[24.7998,42.24136]]]},"properties":{"cadnum":"39918.6.6","purptype":"Земеделска","usetype":"За друг вид застрояване","proptype":"Частна","immaddr":"с. Крислово","place":"БАРУКЧИЙНИЦИТЕ","area":1998.5615539672,"cadreg":6,"pnum":"6"}},{"type":"Feature","geometry":{"type":"Polygon","coordinates":[[[24.798746,42.241412],[24.798794,42.241957],[24.799789,42.24188],[24.7998,42.24136],[24.798746,42.241412]]]},"properties":{"cadnum":"39918.6.7","purptype":"Земеделска","usetype":"Нива","proptype":"Частна","immaddr":"с. Крислово","place":"БАРУКЧИЙНИЦИТЕ","area":5013.7220379977,"cadreg":6,"pnum":"7"}},{"type":"Feature","geometry":{"type":"Polygon","coordinates":[[[24.799879,42.241046],[24.800979,42.241009],[24.800976,42.240439],[24.79988,42.240476],[24.799879,42.241046]]]},"properties":{"cadnum":"39918.6.8","purptype":"Земеделска","usetype":"Нива","proptype":"Частна","immaddr":"с. Крислово","place":"БАРУКЧИЙНИЦИТЕ","area":5728.6284139457,"cadreg":6,"pnum":"8"}},{"type":"Feature","geometry":{"type":"Polygon","coordinates":[[[24.799879,42.241046],[24.799879,42.241198],[24.800979,42.24116],[24.800979,42.241009],[24.799879,42.241046]]]},"properties":{"cadnum":"39918.6.9","purptype":"Земеделска","usetype":"Нива","proptype":"Частна","immaddr":"с. Крислово","place":"БАРУКЧИЙНИЦИТЕ","area":1531.3876140349,"cadreg":6,"pnum":"9"}},{"type":"Feature","geometry":{"type":"Polygon","coordinates":[[[24.799879,42.2413],[24.80098,42.241262],[24.800979,42.24116],[24.799879,42.241198],[24.799879,42.2413]]]},"properties":{"cadnum":"39918.6.10","purptype":"Земеделска","usetype":"Нива","proptype":"Частна","immaddr":"с. Крислово","place":"БАРУКЧИЙНИЦИТЕ","area":1030.0323010114,"cadreg":6,"pnum":"10"}},{"type":"Feature","geometry":{"type":"Polygon","coordinates":[[[24.799879,42.2413],[24.799878,42.241451],[24.80098,42.241414],[24.80098,42.241262],[24.799879,42.2413]]]},"properties":{"cadnum":"39918.6.11","purptype":"Земеделска","usetype":"Нива","proptype":"Частна","immaddr":"с. Крислово","place":"БАРУКЧИЙНИЦИТЕ","area":1530.3007309993,"cadreg":6,"pnum":"11"}},{"type":"Feature","geometry":{"type":"Polygon","coordinates":[[[24.799878,42.241602],[24.800981,42.241565],[24.80098,42.241414],[24.799878,42.241451],[24.799878,42.241602]]]},"properties":{"cadnum":"39918.6.12","purptype":"Земеделска","usetype":"Нива","proptype":"Частна","immaddr":"с. Крислово","place":"БАРУКЧИЙНИЦИТЕ","area":1528.5113029511,"cadreg":6,"pnum":"12"}},{"type":"Feature","geometry":{"type":"Polygon","coordinates":[[[24.801202,42.241678],[24.800981,42.241676],[24.800981,42.241565],[24.799878,42.241602],[24.799877,42.24204],[24.801185,42.241996],[24.801202,42.241678]]]},"properties":{"cadnum":"39918.6.13","purptype":"Земеделска","usetype":"Нива","proptype":"Частна","immaddr":"с. Крислово","place":"БАРУКЧИЙНИЦИТЕ","area":5054.5548785544,"cadreg":6,"pnum":"13"}},{"type":"Feature","geometry":{"type":"Polygon","coordinates":[[[24.799877,42.242148],[24.800023,42.242596],[24.801156,42.242558],[24.801185,42.241996],[24.799877,42.24204],[24.799877,42.242148]]]},"properties":{"cadnum":"39918.6.14","purptype":"Земеделска","usetype":"Нива","proptype":"Частна","immaddr":"с. Крислово","place":"БАРУКЧИЙНИЦИТЕ","area":6351.1445459527,"cadreg":6,"pnum":"14"}},{"type":"Feature","geometry":{"type":"Polygon","coordinates":[[[24.801156,42.242558],[24.800023,42.242596],[24.800163,42.243025],[24.801134,42.242992],[24.801156,42.242558]]]},"properties":{"cadnum":"39918.6.15","purptype":"Земеделска","usetype":"Нива","proptype":"Частна","immaddr":"с. Крислово","place":"БАРУКЧИЙНИЦИТЕ","area":4179.6951269916,"cadreg":6,"pnum":"15"}},{"type":"Feature","geometry":{"type":"Polygon","coordinates":[[[24.801451,42.244545],[24.800472,42.24455],[24.800474,42.244729],[24.801453,42.244723],[24.801451,42.244545]]]},"properties":{"cadnum":"39918.6.16","purptype":"Земеделска","usetype":"Нива","proptype":"Частна","immaddr":"с. Крислово","place":"БАРУКЧИЙНИЦИТЕ","area":1600.0425205045,"cadreg":6,"pnum":"16"}},{"type":"Feature","geometry":{"type":"Polygon","coordinates":[[[24.801453,42.244723],[24.800474,42.244729],[24.800476,42.244885],[24.801454,42.244879],[24.801453,42.244723]]]},"properties":{"cadnum":"39918.6.17","purptype":"Земеделска","usetype":"Нива","proptype":"Частна","immaddr":"с. Крислово","place":"БАРУКЧИЙНИЦИТЕ","area":1401.06398249,"cadreg":6,"pnum":"17"}},{"type":"Feature","geometry":{"type":"Polygon","coordinates":[[[24.801457,42.245102],[24.801454,42.244879],[24.800476,42.244885],[24.80048,42.245108],[24.801457,42.245102]]]},"properties":{"cadnum":"39918.6.18","purptype":"Земеделска","usetype":"Нива","proptype":"Частна","immaddr":"с. Крислово","place":"БАРУКЧИЙНИЦИТЕ","area":1999.6200770166,"cadreg":6,"pnum":"18"}},{"type":"Feature","geometry":{"type":"Polygon","coordinates":[[[24.80146,42.245437],[24.801457,42.245102],[24.80048,42.245108],[24.800484,42.245443],[24.80146,42.245437]]]},"properties":{"cadnum":"39918.6.19","purptype":"Земеделска","usetype":"Нива","proptype":"Частна","immaddr":"с. Крислово","place":"БАРУКЧИЙНИЦИТЕ","area":2999.0932575239,"cadreg":6,"pnum":"19"}},{"type":"Feature","geometry":{"type":"Polygon","coordinates":[[[24.80146,42.245437],[24.800484,42.245443],[24.800491,42.245879],[24.801465,42.245874],[24.80146,42.245437]]]},"properties":{"cadnum":"39918.6.20","purptype":"Земеделска","usetype":"Нива","proptype":"Частна","immaddr":"с. Крислово","place":"БАРУКЧИЙНИЦИТЕ","area":3900.4213879515,"cadreg":6,"pnum":"20"}},{"type":"Feature","geometry":{"type":"Polygon","coordinates":[[[24.800491,42.245879],[24.800496,42.246275],[24.801467,42.246128],[24.801465,42.245874],[24.800491,42.245879]]]},"properties":{"cadnum":"39918.6.21","purptype":"Земеделска","usetype":"Нива","proptype":"Частна","immaddr":"с. Крислово","place":"БАРУКЧИЙНИЦИТЕ","area":2898.1452760437,"cadreg":6,"pnum":"21"}},{"type":"Feature","geometry":{"type":"Polygon","coordinates":[[[24.801457,42.245082],[24.80146,42.245437],[24.801467,42.246128],[24.801787,42.246079],[24.801777,42.245081],[24.801457,42.245082]]]},"properties":{"cadnum":"39918.6.22","purptype":"Земеделска","usetype":"Нива","proptype":"Частна","immaddr":"с. Крислово","place":"БАРУКЧИЙНИЦИТЕ","area":2999.5508884995,"cadreg":6,"pnum":"22"}},{"type":"Feature","geometry":{"type":"Polygon","coordinates":[[[24.801447,42.244133],[24.800466,42.244138],[24.800472,42.24455],[24.801451,42.244545],[24.801447,42.244133]]]},"properties":{"cadnum":"39918.6.23","purptype":"Земеделска","usetype":"Нива","proptype":"Частна","immaddr":"с. Крислово","place":"БАРУКЧИЙНИЦИТЕ","area":3701.0678934765,"cadreg":6,"pnum":"23"}},{"type":"Feature","geometry":{"type":"Polygon","coordinates":[[[24.801767,42.244107],[24.801777,42.245081],[24.801787,42.246079],[24.802288,42.246003],[24.802268,42.244062],[24.801767,42.244107]]]},"properties":{"cadnum":"39918.6.24","purptype":"Земеделска","usetype":"Нива","proptype":"Частна","immaddr":"с. Крислово","place":"БАРУКЧИЙНИЦИТЕ","area":8999.5657150104,"cadreg":6,"pnum":"24"}},{"type":"Feature","geometry":{"type":"Polygon","coordinates":[[[24.803425,42.24583],[24.803406,42.243959],[24.802915,42.244003],[24.802934,42.245904],[24.803425,42.24583]]]},"properties":{"cadnum":"39918.6.26","purptype":"Земеделска","usetype":"Нива","proptype":"Частна","immaddr":"с. Крислово","place":"БАРУКЧИЙНИЦИТЕ","area":8500.7523990109,"cadreg":6,"pnum":"26"}},{"type":"Feature","geometry":{"type":"Polygon","coordinates":[[[24.803418,42.245173],[24.803425,42.24583],[24.804077,42.245731],[24.804071,42.245169],[24.803418,42.245173]]]},"properties":{"cadnum":"39918.6.27","purptype":"Земеделска","usetype":"Нива","proptype":"Частна","immaddr":"с. Крислово","place":"БАРУКЧИЙНИЦИТЕ","area":3646.335525002,"cadreg":6,"pnum":"27"}},{"type":"Feature","geometry":{"type":"Polygon","coordinates":[[[24.804077,42.245731],[24.80427,42.245705],[24.804352,42.24565],[24.804591,42.245515],[24.804719,42.245428],[24.805012,42.245164],[24.804071,42.245169],[24.804077,42.245731]]]},"properties":{"cadnum":"39918.6.28","purptype":"Земеделска","usetype":"Нива","proptype":"Частна","immaddr":"с. Крислово","place":"БАРУКЧИЙНИЦИТЕ","area":2997.1746779799,"cadreg":6,"pnum":"28"}},{"type":"Feature","geometry":{"type":"Polygon","coordinates":[[[24.803418,42.245173],[24.805012,42.245164],[24.805206,42.244933],[24.805231,42.244877],[24.803416,42.244887],[24.803418,42.245173]]]},"properties":{"cadnum":"39918.6.29","purptype":"Земеделска","usetype":"Нива","proptype":"Частна","immaddr":"с. Крислово","place":"БАРУКЧИЙНИЦИТЕ","area":4500.0824099758,"cadreg":6,"pnum":"29"}},{"type":"Feature","geometry":{"type":"Polygon","coordinates":[[[24.803416,42.244887],[24.805231,42.244877],[24.805378,42.244582],[24.805477,42.244421],[24.805532,42.244354],[24.805673,42.244108],[24.805727,42.243942],[24.805768,42.243746],[24.803406,42.243959],[24.803416,42.244887]]]},"properties":{"cadnum":"39918.6.30","purptype":"Земеделска","usetype":"Нива","proptype":"Частна","immaddr":"с. Крислово","place":"БАРУКЧИЙНИЦИТЕ","area":19802.155552015,"cadreg":6,"pnum":"30"}},{"type":"Feature","geometry":{"type":"Polygon","coordinates":[[[24.805774,42.243708],[24.801478,42.244097],[24.800465,42.244102],[24.800466,42.244138],[24.801447,42.244133],[24.801767,42.244107],[24.805768,42.243746],[24.805774,42.243708]]]},"properties":{"cadnum":"39918.6.31","purptype":"Земеделска","usetype":"За селскостопански, горски, ведомствен път","proptype":"Общинска публична","immaddr":"с. Крислово","place":"БАРУКЧИЙНИЦИТЕ","area":1765.9268284512,"cadreg":6,"pnum":"31"}},{"type":"Feature","geometry":{"type":"Polygon","coordinates":[[[24.80119,42.243279],[24.800256,42.243311],[24.800463,42.243944],[24.800465,42.244102],[24.801478,42.244097],[24.802052,42.244045],[24.802037,42.243588],[24.801175,42.243604],[24.80119,42.243279]]]},"properties":{"cadnum":"39918.6.32","purptype":"Земеделска","usetype":"Нива","proptype":"Частна","immaddr":"с. Крислово","place":"БАРУКЧИЙНИЦИТЕ","area":9767.7994105106,"cadreg":6,"pnum":"32"}},{"type":"Feature","geometry":{"type":"Polygon","coordinates":[[[24.800976,42.240439],[24.800981,42.241676],[24.801668,42.241686],[24.801709,42.241653],[24.801731,42.241571],[24.801876,42.240411],[24.800976,42.240439]]]},"properties":{"cadnum":"39918.6.33","purptype":"Земеделска","usetype":"Гробищен парк","proptype":"Общинска публична","immaddr":"с. Крислово, Стопански двор","place":"БАРУКЧИЙНИЦИТЕ","area":9386.0549929919,"cadreg":6,"pnum":"33"}},{"type":"Feature","geometry":{"type":"Polygon","coordinates":[[[24.801447,42.244133],[24.801457,42.245082],[24.801777,42.245081],[24.801767,42.244107],[24.801447,42.244133]]]},"properties":{"cadnum":"39918.6.34","purptype":"Земеделска","usetype":"Нива","proptype":"Частна","immaddr":"с. Крислово","place":"БАРУКЧИЙНИЦИТЕ","area":2823.3725889977,"cadreg":6,"pnum":"34"}},{"type":"Feature","geometry":{"type":"Polygon","coordinates":[[[24.801175,42.243604],[24.802037,42.243588],[24.80201,42.2428],[24.80121,42.242815],[24.801175,42.243604]]]},"properties":{"cadnum":"39918.6.35","purptype":"Земеделска","usetype":"Нива","proptype":"Частна","immaddr":"с. Крислово","place":"БАРУКЧИЙНИЦИТЕ","area":5999.768419024,"cadreg":6,"pnum":"35"}},{"type":"Feature","geometry":{"type":"Polygon","coordinates":[[[24.801991,42.242243],[24.801227,42.242257],[24.80121,42.242815],[24.80201,42.2428],[24.801991,42.242243]]]},"properties":{"cadnum":"39918.6.36","purptype":"Земеделска","usetype":"Нива","proptype":"Частна","immaddr":"с. Крислово","place":"БАРУКЧИЙНИЦИТЕ","area":4001.2612314805,"cadreg":6,"pnum":"36"}},{"type":"Feature","geometry":{"type":"Polygon","coordinates":[[[24.801233,42.242084],[24.801227,42.242257],[24.801991,42.242243],[24.801986,42.24207],[24.801233,42.242084]]]},"properties":{"cadnum":"39918.6.37","purptype":"Земеделска","usetype":"Нива","proptype":"Частна","immaddr":"с. Крислово","place":"БАРУКЧИЙНИЦИТЕ","area":1199.7030960007,"cadreg":6,"pnum":"37"}},{"type":"Feature","geometry":{"type":"Polygon","coordinates":[[[24.80198,42.241895],[24.80124,42.241909],[24.801233,42.242084],[24.801986,42.24207],[24.80198,42.241895]]]},"properties":{"cadnum":"39918.6.38","purptype":"Земеделска","usetype":"Нива","proptype":"Частна","immaddr":"с. Крислово","place":"БАРУКЧИЙНИЦИТЕ","area":1199.5009550123,"cadreg":6,"pnum":"38"}},{"type":"Feature","geometry":{"type":"Polygon","coordinates":[[[24.801974,42.241715],[24.801709,42.24172],[24.801662,42.241732],[24.801312,42.241717],[24.801246,42.241744],[24.80124,42.241909],[24.80198,42.241895],[24.801974,42.241715]]]},"properties":{"cadnum":"39918.6.39","purptype":"Земеделска","usetype":"Нива","proptype":"Частна","immaddr":"с. Крислово","place":"БАРУКЧИЙНИЦИТЕ","area":1205.3659689756,"cadreg":6,"pnum":"39"}},{"type":"Feature","geometry":{"type":"Polygon","coordinates":[[[24.801974,42.241715],[24.802018,42.243039],[24.802347,42.243033],[24.802303,42.241709],[24.801974,42.241715]]]},"properties":{"cadnum":"39918.6.40","purptype":"Земеделска","usetype":"Нива","proptype":"Частна","immaddr":"с. Крислово","place":"БАРУКЧИЙНИЦИТЕ","area":3999.79617649,"cadreg":6,"pnum":"40"}},{"type":"Feature","geometry":{"type":"Polygon","coordinates":[[[24.802357,42.243325],[24.80238,42.244015],[24.802717,42.243985],[24.802695,42.243319],[24.802357,42.243325]]]},"properties":{"cadnum":"39918.6.41","purptype":"Земеделска","usetype":"Нива","proptype":"Частна","immaddr":"с. Крислово","place":"БАРУКЧИЙНИЦИТЕ","area":2098.2091000086,"cadreg":6,"pnum":"41"}},{"type":"Feature","geometry":{"type":"Polygon","coordinates":[[[24.802347,42.243033],[24.802018,42.243039],[24.802052,42.244045],[24.80238,42.244015],[24.802347,42.243033]]]},"properties":{"cadnum":"39918.6.42","purptype":"Земеделска","usetype":"Нива","proptype":"Частна","immaddr":"с. Крислово","place":"БАРУКЧИЙНИЦИТЕ","area":3002.0442280115,"cadreg":6,"pnum":"42"}},{"type":"Feature","geometry":{"type":"Polygon","coordinates":[[[24.802303,42.241709],[24.802357,42.243325],[24.802695,42.243319],[24.80264,42.241703],[24.802303,42.241709]]]},"properties":{"cadnum":"39918.6.43","purptype":"Земеделска","usetype":"Нива","proptype":"Частна","immaddr":"с. Крислово","place":"БАРУКЧИЙНИЦИТЕ","area":4999.9334420037,"cadreg":6,"pnum":"43"}},{"type":"Feature","geometry":{"type":"Polygon","coordinates":[[[24.801709,42.24172],[24.806071,42.241639],[24.806082,42.241603],[24.801749,42.241683],[24.801709,42.24172]]]},"properties":{"cadnum":"39918.6.44","purptype":"Земеделска","usetype":"За селскостопански, горски, ведомствен път","proptype":"Общинска публична","immaddr":"с. Крислово","place":"БАРУКЧИЙНИЦИТЕ","area":1434.4588540154,"cadreg":6,"pnum":"44"}},{"type":"Feature","geometry":{"type":"Polygon","coordinates":[[[24.802656,42.242162],[24.804081,42.242135],[24.804065,42.241676],[24.80264,42.241703],[24.802656,42.242162]]]},"properties":{"cadnum":"39918.6.45","purptype":"Земеделска","usetype":"Нива","proptype":"Частна","immaddr":"с. Крислово","place":"БАРУКЧИЙНИЦИТЕ","area":5999.7129495456,"cadreg":6,"pnum":"45"}},{"type":"Feature","geometry":{"type":"Polygon","coordinates":[[[24.803399,42.241247],[24.803371,42.240392],[24.801946,42.240428],[24.801834,42.241276],[24.803399,42.241247]]]},"properties":{"cadnum":"39918.6.46","purptype":"Земеделска","usetype":"Нива","proptype":"Частна","immaddr":"с. Крислово","place":"БАРУКЧИЙНИЦИТЕ","area":11654.855319517,"cadreg":6,"pnum":"46"}},{"type":"Feature","geometry":{"type":"Polygon","coordinates":[[[24.803413,42.241652],[24.804129,42.241639],[24.804087,42.240373],[24.803371,42.240392],[24.803413,42.241652]]]},"properties":{"cadnum":"39918.6.47","purptype":"Земеделска","usetype":"Нива","proptype":"Частна","immaddr":"с. Крислово","place":"БАРУКЧИЙНИЦИТЕ","area":8296.8987854922,"cadreg":6,"pnum":"47"}},{"type":"Feature","geometry":{"type":"Polygon","coordinates":[[[24.804129,42.241639],[24.804774,42.241627],[24.804731,42.240357],[24.804087,42.240373],[24.804129,42.241639]]]},"properties":{"cadnum":"39918.6.48","purptype":"Земеделска","usetype":"Нива","proptype":"Частна","immaddr":"с. Крислово","place":"БАРУКЧИЙНИЦИТЕ","area":7500.0059090011,"cadreg":6,"pnum":"48"}},{"type":"Feature","geometry":{"type":"Polygon","coordinates":[[[24.806082,42.241603],[24.806222,42.240886],[24.805529,42.240899],[24.805553,42.241613],[24.806082,42.241603]]]},"properties":{"cadnum":"39918.6.51","purptype":"Земеделска","usetype":"Нива","proptype":"Частна","immaddr":"с. Крислово","place":"БАРУКЧИЙНИЦИТЕ","area":4005.2046159926,"cadreg":6,"pnum":"51"}},{"type":"Feature","geometry":{"type":"Polygon","coordinates":[[[24.803399,42.241247],[24.802324,42.241267],[24.802337,42.241672],[24.803413,42.241652],[24.803399,42.241247]]]},"properties":{"cadnum":"39918.6.52","purptype":"Земеделска","usetype":"Нива","proptype":"Частна","immaddr":"с. Крислово","place":"БАРУКЧИЙНИЦИТЕ","area":4000.1620129736,"cadreg":6,"pnum":"52"}},{"type":"Feature","geometry":{"type":"Polygon","coordinates":[[[24.805811,42.243417],[24.805896,42.242724],[24.805038,42.24274],[24.805061,42.243431],[24.805811,42.243417]]]},"properties":{"cadnum":"39918.6.55","purptype":"Земеделска","usetype":"Нива","proptype":"Частна","immaddr":"с. Крислово","place":"БАРУКЧИЙНИЦИТЕ","area":5091.4336249791,"cadreg":6,"pnum":"55"}},{"type":"Feature","geometry":{"type":"Polygon","coordinates":[[[24.805811,42.243417],[24.805061,42.243431],[24.805073,42.243772],[24.805774,42.243708],[24.805811,42.243417]]]},"properties":{"cadnum":"39918.6.56","purptype":"Земеделска","usetype":"Нива","proptype":"Частна","immaddr":"с. Крислово","place":"БАРУКЧИЙНИЦИТЕ","area":2097.3569100237,"cadreg":6,"pnum":"56"}},{"type":"Feature","geometry":{"type":"Polygon","coordinates":[[[24.805073,42.243772],[24.805038,42.24274],[24.804758,42.242746],[24.804793,42.243797],[24.805073,42.243772]]]},"properties":{"cadnum":"39918.6.57","purptype":"Земеделска","usetype":"Нива","proptype":"Частна","immaddr":"с. Крислово","place":"БАРУКЧИЙНИЦИТЕ","area":2674.1413369926,"cadreg":6,"pnum":"57"}},{"type":"Feature","geometry":{"type":"Polygon","coordinates":[[[24.800163,42.243025],[24.800242,42.243266],[24.801121,42.243236],[24.801134,42.242992],[24.800163,42.243025]]]},"properties":{"cadnum":"39918.6.58","purptype":"Земеделска","usetype":"Пасище","proptype":"Частна","immaddr":"с. Крислово","place":"БАРУКЧИЙНИЦИТЕ","area":2069.8666680408,"cadreg":6,"pnum":"58"}},{"type":"Feature","geometry":{"type":"Polygon","coordinates":[[[24.803902,42.242761],[24.803939,42.243874],[24.804793,42.243797],[24.804758,42.242746],[24.803902,42.242761]]]},"properties":{"cadnum":"39918.6.59","purptype":"Земеделска","usetype":"Нива","proptype":"Частна","immaddr":"с. Крислово","place":"БАРУКЧИЙНИЦИТЕ","area":8496.0433379781,"cadreg":6,"pnum":"59"}},{"type":"Feature","geometry":{"type":"Polygon","coordinates":[[[24.801718,42.241718],[24.801749,42.241683],[24.801789,42.241612],[24.801946,42.240405],[24.801876,42.240411],[24.801731,42.241571],[24.801709,42.241653],[24.801668,42.241686],[24.801202,42.241678],[24.801121,42.243236],[24.800242,42.243266],[24.800256,42.243311],[24.80119,42.243279],[24.801246,42.241744],[24.801312,42.241717],[24.801662,42.241732],[24.801718,42.241718]]]},"properties":{"cadnum":"39918.6.61","purptype":"Земеделска","usetype":"За селскостопански, горски, ведомствен път","proptype":"Общинска публична","immaddr":"с. Крислово","place":"БАРУКЧИЙНИЦИТЕ","area":2227.6785364929,"cadreg":6,"pnum":"61"}},{"type":"Feature","geometry":{"type":"Polygon","coordinates":[[[24.80634,42.240459],[24.806389,42.240258],[24.806321,42.24026],[24.806222,42.240886],[24.806071,42.241639],[24.805946,42.242351],[24.80594,42.242445],[24.80592,42.242526],[24.805774,42.243708],[24.805703,42.244033],[24.805673,42.244108],[24.805532,42.244354],[24.805477,42.244421],[24.805378,42.244582],[24.805206,42.244933],[24.804991,42.245189],[24.804719,42.245428],[24.804591,42.245515],[24.804352,42.24565],[24.80427,42.245705],[24.800496,42.246275],[24.800497,42.246343],[24.804127,42.24578],[24.804312,42.245763],[24.804599,42.245579],[24.804886,42.245365],[24.805067,42.245184],[24.805246,42.244973],[24.805314,42.244853],[24.805414,42.244611],[24.80547,42.244518],[24.805601,42.244341],[24.805722,42.244132],[24.805765,42.244036],[24.805804,42.243904],[24.805853,42.243645],[24.80587,42.243352],[24.805928,42.242792],[24.805957,42.242682],[24.806021,42.242258],[24.806048,42.242178],[24.806075,42.242026],[24.806104,42.241759],[24.806138,42.24166],[24.806214,42.241295],[24.806276,42.240923],[24.80634,42.240459]]]},"properties":{"cadnum":"39918.6.62","purptype":"Земеделска","usetype":"За селскостопански, горски, ведомствен път","proptype":"Общинска публична","immaddr":"с. Крислово","place":"БАРУКЧИЙНИЦИТЕ","area":5396.1492704724,"cadreg":6,"pnum":"62"}},{"type":"Feature","geometry":{"type":"Polygon","coordinates":[[[24.801946,42.240428],[24.806307,42.240316],[24.806321,42.24026],[24.801946,42.240405],[24.801946,42.240428]]]},"properties":{"cadnum":"39918.6.63","purptype":"Територия, заета от води и водни обекти","usetype":"Напоителен канал","proptype":"Общинска частна","immaddr":"с. Крислово","place":"БАРУКЧИЙНИЦИТЕ","area":1640.4018234105,"cadreg":6,"pnum":"63"}},{"type":"Feature","geometry":{"type":"Polygon","coordinates":[[[24.806546,42.240255],[24.80657,42.24012],[24.798099,42.240405],[24.798098,42.240423],[24.79807,42.240443],[24.798024,42.240447],[24.798032,42.240537],[24.806195,42.240261],[24.806546,42.240255]]]},"properties":{"cadnum":"39918.6.64","purptype":"Територия на транспорта","usetype":"За местен път","proptype":"Общинска публична","immaddr":"с. Крислово","place":"БАРУКЧИЙНИЦИТЕ","area":10220.553601739,"cadreg":6,"pnum":"64"}},{"type":"Feature","geometry":{"type":"Polygon","coordinates":[[[24.799877,42.242148],[24.79988,42.240476],[24.799802,42.240479],[24.799789,42.24188],[24.799877,42.242148]]]},"properties":{"cadnum":"39918.6.65","purptype":"Земеделска","usetype":"За селскостопански, горски, ведомствен път","proptype":"Общинска публична","immaddr":"с. Крислово","place":"БАРУКЧИЙНИЦИТЕ","area":1143.5628824966,"cadreg":6,"pnum":"65"}},{"type":"Feature","geometry":{"type":"Polygon","coordinates":[[[24.802324,42.241267],[24.801834,42.241276],[24.801789,42.241612],[24.801749,42.241683],[24.802337,42.241672],[24.802324,42.241267]]]},"properties":{"cadnum":"39918.6.66","purptype":"Земеделска","usetype":"Нива","proptype":"Общинска частна","immaddr":"с. Крислово","place":"БАРУКЧИЙНИЦИТЕ","area":1957.5688529878,"cadreg":6,"pnum":"66"}},{"type":"Feature","geometry":{"type":"Polygon","coordinates":[[[24.802934,42.245904],[24.802922,42.244722],[24.802275,42.244725],[24.802288,42.246003],[24.802934,42.245904]]]},"properties":{"cadnum":"39918.6.69","purptype":"Земеделска","usetype":"Нива","proptype":"Частна","immaddr":"с. Крислово","place":"БАРУКЧИЙНИЦИТЕ","area":7298.4723990213,"cadreg":6,"pnum":"69"}},{"type":"Feature","geometry":{"type":"Polygon","coordinates":[[[24.802268,42.244062],[24.802275,42.244725],[24.802922,42.244722],[24.802915,42.244003],[24.802268,42.244062]]]},"properties":{"cadnum":"39918.6.70","purptype":"Земеделска","usetype":"Нива","proptype":"Частна","immaddr":"с. Крислово","place":"БАРУКЧИЙНИЦИТЕ","area":4099.8733429964,"cadreg":6,"pnum":"70"}},{"type":"Feature","geometry":{"type":"Polygon","coordinates":[[[24.803075,42.242777],[24.802677,42.242784],[24.802717,42.243985],[24.803114,42.243949],[24.803075,42.242777]]]},"properties":{"cadnum":"39918.6.74","purptype":"Земеделска","usetype":"Нива","proptype":"Частна","immaddr":"с. Крислово","place":"БАРУКЧИЙНИЦИТЕ","area":4333.1700934933,"cadreg":6,"pnum":"74"}},{"type":"Feature","geometry":{"type":"Polygon","coordinates":[[[24.803114,42.243949],[24.803521,42.243912],[24.803483,42.242769],[24.803075,42.242777],[24.803114,42.243949]]]},"properties":{"cadnum":"39918.6.75","purptype":"Земеделска","usetype":"Нива","proptype":"Частна","immaddr":"с. Крислово","place":"БАРУКЧИЙНИЦИТЕ","area":4333.9323195066,"cadreg":6,"pnum":"75"}},{"type":"Feature","geometry":{"type":"Polygon","coordinates":[[[24.803939,42.243874],[24.803902,42.242761],[24.803483,42.242769],[24.803521,42.243912],[24.803939,42.243874]]]},"properties":{"cadnum":"39918.6.76","purptype":"Земеделска","usetype":"Нива","proptype":"Частна","immaddr":"с. Крислово","place":"БАРУКЧИЙНИЦИТЕ","area":4333.9425975056,"cadreg":6,"pnum":"76"}},{"type":"Feature","geometry":{"type":"Polygon","coordinates":[[[24.805553,42.241613],[24.805518,42.240577],[24.804739,42.240591],[24.804774,42.241627],[24.805553,42.241613]]]},"properties":{"cadnum":"39918.6.77","purptype":"Земеделска","usetype":"Нива","proptype":"Частна","immaddr":"с. Крислово","place":"БАРУКЧИЙНИЦИТЕ","area":7399.6645285068,"cadreg":6,"pnum":"77"}},{"type":"Feature","geometry":{"type":"Polygon","coordinates":[[[24.805227,42.240344],[24.804731,42.240357],[24.804739,42.240591],[24.805235,42.240582],[24.805227,42.240344]]]},"properties":{"cadnum":"39918.6.78","purptype":"Земеделска","usetype":"Нива","proptype":"Частна","immaddr":"с. Крислово","place":"БАРУКЧИЙНИЦИТЕ","area":1077.1950799842,"cadreg":6,"pnum":"78"}},{"type":"Feature","geometry":{"type":"Polygon","coordinates":[[[24.805518,42.240577],[24.80551,42.240337],[24.805227,42.240344],[24.805235,42.240582],[24.805518,42.240577]]]},"properties":{"cadnum":"39918.6.79","purptype":"Земеделска","usetype":"Нива","proptype":"Частна","immaddr":"с. Крислово","place":"БАРУКЧИЙНИЦИТЕ","area":619.88901399127,"cadreg":6,"pnum":"79"}},{"type":"Feature","geometry":{"type":"Polygon","coordinates":[[[24.806194,42.240886],[24.806238,42.240593],[24.805519,42.240606],[24.805529,42.240899],[24.806194,42.240886]]]},"properties":{"cadnum":"39918.6.80","purptype":"Земеделска","usetype":"За складова база","proptype":"Частна","immaddr":"с. Крислово","place":"БАРУКЧИЙНИЦИТЕ","area":1857.1957890166,"cadreg":6,"pnum":"80"}},{"type":"Feature","geometry":{"type":"Polygon","coordinates":[[[24.806238,42.240593],[24.806279,42.240317],[24.80551,42.240337],[24.805519,42.240606],[24.806238,42.240593]]]},"properties":{"cadnum":"39918.6.81","purptype":"Земеделска","usetype":"За складова база","proptype":"Частна","immaddr":"с. Крислово","place":"БАРУКЧИЙНИЦИТЕ","area":1860.8359305078,"cadreg":6,"pnum":"81"}},{"type":"Feature","geometry":{"type":"Polygon","coordinates":[[[24.806222,42.240886],[24.806266,42.240592],[24.806238,42.240593],[24.806194,42.240886],[24.806222,42.240886]]]},"properties":{"cadnum":"39918.6.82","purptype":"Земеделска","usetype":"За второстепенна улица","proptype":"Частна","immaddr":"с. Крислово","place":"БАРУКЧИЙНИЦИТЕ","area":75.493330002125,"cadreg":6,"pnum":"82"}},{"type":"Feature","geometry":{"type":"Polygon","coordinates":[[[24.806238,42.240593],[24.806266,42.240592],[24.806307,42.240316],[24.806279,42.240317],[24.806238,42.240593]]]},"properties":{"cadnum":"39918.6.83","purptype":"Земеделска","usetype":"За второстепенна улица","proptype":"Частна","immaddr":"с. Крислово","place":"БАРУКЧИЙНИЦИТЕ","area":71.077387500455,"cadreg":6,"pnum":"83"}},{"type":"Feature","geometry":{"type":"Polygon","coordinates":[[[24.802677,42.242784],[24.80357,42.242768],[24.803549,42.242145],[24.802656,42.242162],[24.802677,42.242784]]]},"properties":{"cadnum":"39918.6.84","purptype":"Земеделска","usetype":"Нива","proptype":"Частна","immaddr":"с. Крислово","place":"БАРУКЧИЙНИЦИТЕ","area":5099.7317999891,"cadreg":6,"pnum":"84"}},{"type":"Feature","geometry":{"type":"Polygon","coordinates":[[[24.80357,42.242768],[24.805896,42.242724],[24.80592,42.242526],[24.80594,42.242445],[24.805946,42.242351],[24.806071,42.241639],[24.804065,42.241676],[24.804081,42.242135],[24.803549,42.242145],[24.80357,42.242768]]]},"properties":{"cadnum":"39918.6.91","purptype":"Земеделска","usetype":"Нива","proptype":"Частна","immaddr":"с. Крислово","place":"БАРУКЧИЙНИЦИТЕ","area":21834.76132702,"cadreg":6,"pnum":"91"}},{"type":"Feature","geometry":{"type":"Polygon","coordinates":[[[24.800711,42.240232],[24.800233,42.23774],[24.798288,42.237946],[24.798124,42.240319],[24.800711,42.240232]]]},"properties":{"cadnum":"39918.7.1","purptype":"Земеделска","usetype":"Пасище","proptype":"Общинска публична","immaddr":"с. Крислово","place":"БОНЛУКА","area":50737.723363534,"cadreg":7,"pnum":"1"}},{"type":"Feature","geometry":{"type":"Polygon","coordinates":[[[24.799998,42.236514],[24.798054,42.23672],[24.798104,42.236925],[24.798248,42.236946],[24.798218,42.237397],[24.798302,42.237741],[24.798288,42.237946],[24.800233,42.23774],[24.799998,42.236514]]]},"properties":{"cadnum":"39918.7.2","purptype":"Земеделска","usetype":"Нива","proptype":"Частна обществени организации","immaddr":"с. Крислово","place":"БОНЛУКА","area":21694.885262476,"cadreg":7,"pnum":"2"}},{"type":"Feature","geometry":{"type":"Polygon","coordinates":[[[24.799049,42.235596],[24.797879,42.235998],[24.797922,42.236176],[24.799135,42.236048],[24.799049,42.235596]]]},"properties":{"cadnum":"39918.7.3","purptype":"Земеделска","usetype":"Нива","proptype":"Частна","immaddr":"с. Крислово","place":"БОНЛУКА","area":3599.9414785509,"cadreg":7,"pnum":"3"}},{"type":"Feature","geometry":{"type":"Polygon","coordinates":[[[24.799135,42.236048],[24.799893,42.235967],[24.799774,42.235347],[24.799049,42.235596],[24.799135,42.236048]]]},"properties":{"cadnum":"39918.7.4","purptype":"Земеделска","usetype":"Овощна градина","proptype":"Частна","immaddr":"с. Крислово","place":"БОНЛУКА","area":3799.4175740336,"cadreg":7,"pnum":"4"}},{"type":"Feature","geometry":{"type":"Polygon","coordinates":[[[24.799774,42.235347],[24.799905,42.236033],[24.800604,42.235959],[24.800442,42.235115],[24.799774,42.235347]]]},"properties":{"cadnum":"39918.7.5","purptype":"Земеделска","usetype":"Нива","proptype":"Частна","immaddr":"с. Крислово","place":"БОНЛУКА","area":5000.6030185206,"cadreg":7,"pnum":"5"}},{"type":"Feature","geometry":{"type":"Polygon","coordinates":[[[24.800081,42.23695],[24.80078,42.236876],[24.800604,42.235959],[24.799905,42.236033],[24.800081,42.23695]]]},"properties":{"cadnum":"39918.7.6","purptype":"Земеделска","usetype":"Нива","proptype":"Частна","immaddr":"с. Крислово","place":"БОНЛУКА","area":5999.9737479878,"cadreg":7,"pnum":"6"}},{"type":"Feature","geometry":{"type":"Polygon","coordinates":[[[24.800912,42.237564],[24.80078,42.236876],[24.800081,42.23695],[24.800213,42.237639],[24.800912,42.237564]]]},"properties":{"cadnum":"39918.7.7","purptype":"Земеделска","usetype":"Нива","proptype":"Частна","immaddr":"с. Крислово","place":"БОНЛУКА","area":4499.2283060139,"cadreg":7,"pnum":"7"}},{"type":"Feature","geometry":{"type":"Polygon","coordinates":[[[24.800213,42.237639],[24.80036,42.238403],[24.801059,42.238329],[24.800912,42.237564],[24.800213,42.237639]]]},"properties":{"cadnum":"39918.7.8","purptype":"Земеделска","usetype":"Нива","proptype":"Частна","immaddr":"с. Крислово","place":"БОНЛУКА","area":5000.0834020093,"cadreg":7,"pnum":"8"}},{"type":"Feature","geometry":{"type":"Polygon","coordinates":[[[24.801294,42.239553],[24.801059,42.238329],[24.80036,42.238403],[24.800595,42.239627],[24.801294,42.239553]]]},"properties":{"cadnum":"39918.7.9","purptype":"Земеделска","usetype":"Нива","proptype":"Частна","immaddr":"с. Крислово","place":"БОНЛУКА","area":7999.1125634785,"cadreg":7,"pnum":"9"}},{"type":"Feature","geometry":{"type":"Polygon","coordinates":[[[24.800595,42.239627],[24.800711,42.240232],[24.801418,42.240201],[24.801294,42.239553],[24.800595,42.239627]]]},"properties":{"cadnum":"39918.7.10","purptype":"Земеделска","usetype":"Нива","proptype":"Частна","immaddr":"с. Крислово","place":"БОНЛУКА","area":4100.1198284968,"cadreg":7,"pnum":"10"}},{"type":"Feature","geometry":{"type":"Polygon","coordinates":[[[24.802439,42.239692],[24.802256,42.238705],[24.801201,42.238813],[24.80139,42.239799],[24.802439,42.239692]]]},"properties":{"cadnum":"39918.7.11","purptype":"Земеделска","usetype":"Нива","proptype":"Частна","immaddr":"с. Крислово","place":"БОНЛУКА","area":9698.6551929837,"cadreg":7,"pnum":"11"}},{"type":"Feature","geometry":{"type":"Polygon","coordinates":[[[24.802256,42.238705],[24.802516,42.240109],[24.803019,42.240086],[24.802754,42.238654],[24.802256,42.238705]]]},"properties":{"cadnum":"39918.7.12","purptype":"Земеделска","usetype":"Нива","proptype":"Частна","immaddr":"с. Крислово","place":"БОНЛУКА","area":6597.7224070153,"cadreg":7,"pnum":"12"}},{"type":"Feature","geometry":{"type":"Polygon","coordinates":[[[24.803019,42.240086],[24.804244,42.240029],[24.804126,42.239395],[24.802914,42.239519],[24.803019,42.240086]]]},"properties":{"cadnum":"39918.7.13","purptype":"Земеделска","usetype":"Нива","proptype":"Частна","immaddr":"с. Крислово","place":"БОНЛУКА","area":6800.3976610126,"cadreg":7,"pnum":"13"}},{"type":"Feature","geometry":{"type":"Polygon","coordinates":[[[24.804048,42.238971],[24.802836,42.239095],[24.802914,42.239519],[24.804126,42.239395],[24.804048,42.238971]]]},"properties":{"cadnum":"39918.7.14","purptype":"Земеделска","usetype":"Нива","proptype":"Частна","immaddr":"с. Крислово","place":"БОНЛУКА","area":4798.1029150142,"cadreg":7,"pnum":"14"}},{"type":"Feature","geometry":{"type":"Polygon","coordinates":[[[24.803966,42.23853],[24.802754,42.238654],[24.802836,42.239095],[24.804048,42.238971],[24.803966,42.23853]]]},"properties":{"cadnum":"39918.7.15","purptype":"Земеделска","usetype":"Нива","proptype":"Частна","immaddr":"с. Крислово","place":"БОНЛУКА","area":4998.4234574867,"cadreg":7,"pnum":"15"}},{"type":"Feature","geometry":{"type":"Polygon","coordinates":[[[24.802274,42.237133],[24.802184,42.236649],[24.800812,42.236789],[24.800905,42.237273],[24.802274,42.237133]]]},"properties":{"cadnum":"39918.7.18","purptype":"Земеделска","usetype":"Нива","proptype":"Частна","immaddr":"с. Крислово","place":"БОНЛУКА","area":6200.8704639755,"cadreg":7,"pnum":"18"}},{"type":"Feature","geometry":{"type":"Polygon","coordinates":[[[24.801939,42.235326],[24.800559,42.235467],[24.800812,42.236789],[24.802184,42.236649],[24.801939,42.235326]]]},"properties":{"cadnum":"39918.7.19","purptype":"Земеделска","usetype":"Нива","proptype":"Частна","immaddr":"с. Крислово","place":"БОНЛУКА","area":16999.909907029,"cadreg":7,"pnum":"19"}},{"type":"Feature","geometry":{"type":"Polygon","coordinates":[[[24.801939,42.235326],[24.801881,42.235016],[24.800499,42.235157],[24.800559,42.235467],[24.801939,42.235326]]]},"properties":{"cadnum":"39918.7.20","purptype":"Земеделска","usetype":"Нива","proptype":"Частна","immaddr":"с. Крислово","place":"БОНЛУКА","area":4000.6088229629,"cadreg":7,"pnum":"20"}},{"type":"Feature","geometry":{"type":"Polygon","coordinates":[[[24.800499,42.235157],[24.801881,42.235016],[24.801812,42.23464],[24.800488,42.235099],[24.800499,42.235157]]]},"properties":{"cadnum":"39918.7.21","purptype":"Земеделска","usetype":"Нива","proptype":"Частна","immaddr":"с. Крислово","place":"БОНЛУКА","area":2798.0631185596,"cadreg":7,"pnum":"21"}},{"type":"Feature","geometry":{"type":"Polygon","coordinates":[[[24.803159,42.234173],[24.801812,42.23464],[24.801889,42.235057],[24.803296,42.234913],[24.803159,42.234173]]]},"properties":{"cadnum":"39918.7.22","purptype":"Земеделска","usetype":"Нива","proptype":"Частна","immaddr":"с. Крислово","place":"БОНЛУКА","area":7601.8517504965,"cadreg":7,"pnum":"22"}},{"type":"Feature","geometry":{"type":"Polygon","coordinates":[[[24.801889,42.235057],[24.802009,42.235704],[24.803416,42.23556],[24.803296,42.234913],[24.801889,42.235057]]]},"properties":{"cadnum":"39918.7.23","purptype":"Земеделска","usetype":"Нива","proptype":"Частна","immaddr":"с. Крислово","place":"БОНЛУКА","area":8499.7090890093,"cadreg":7,"pnum":"23"}},{"type":"Feature","geometry":{"type":"Polygon","coordinates":[[[24.802258,42.23705],[24.803666,42.236906],[24.803602,42.236564],[24.802195,42.236708],[24.802258,42.23705]]]},"properties":{"cadnum":"39918.7.25","purptype":"Земеделска","usetype":"Нива","proptype":"Частна","immaddr":"с. Крислово","place":"БОНЛУКА","area":4498.5348559629,"cadreg":7,"pnum":"25"}},{"type":"Feature","geometry":{"type":"Polygon","coordinates":[[[24.802336,42.237468],[24.803743,42.237325],[24.803666,42.236906],[24.802258,42.23705],[24.802336,42.237468]]]},"properties":{"cadnum":"39918.7.26","purptype":"Земеделска","usetype":"Нива","proptype":"Частна","immaddr":"с. Крислово","place":"БОНЛУКА","area":5500.9281075298,"cadreg":7,"pnum":"26"}},{"type":"Feature","geometry":{"type":"Polygon","coordinates":[[[24.803743,42.237325],[24.802336,42.237468],[24.802385,42.237734],[24.803792,42.23759],[24.803743,42.237325]]]},"properties":{"cadnum":"39918.7.27","purptype":"Земеделска","usetype":"Нива","proptype":"Частна","immaddr":"с. Крислово","place":"БОНЛУКА","area":3492.9828930399,"cadreg":7,"pnum":"27"}},{"type":"Feature","geometry":{"type":"Polygon","coordinates":[[[24.805488,42.239971],[24.80531,42.239007],[24.804126,42.239128],[24.804292,42.240027],[24.805488,42.239971]]]},"properties":{"cadnum":"39918.7.28","purptype":"Земеделска","usetype":"Нива","proptype":"Частна","immaddr":"с. Крислово","place":"БОНЛУКА","area":10300.773555008,"cadreg":7,"pnum":"28"}},{"type":"Feature","geometry":{"type":"Polygon","coordinates":[[[24.80531,42.239007],[24.805181,42.238311],[24.803997,42.238432],[24.804126,42.239128],[24.80531,42.239007]]]},"properties":{"cadnum":"39918.7.29","purptype":"Земеделска","usetype":"Нива","proptype":"Частна","immaddr":"с. Крислово","place":"БОНЛУКА","area":7698.5675925058,"cadreg":7,"pnum":"29"}},{"type":"Feature","geometry":{"type":"Polygon","coordinates":[[[24.802439,42.239692],[24.80139,42.239799],[24.801467,42.2402],[24.802516,42.240109],[24.802439,42.239692]]]},"properties":{"cadnum":"39918.7.30","purptype":"Земеделска","usetype":"Нива","proptype":"Частна","immaddr":"с. Крислово","place":"БОНЛУКА","area":4012.4471829928,"cadreg":7,"pnum":"30"}},{"type":"Feature","geometry":{"type":"Polygon","coordinates":[[[24.804679,42.2356],[24.803494,42.235721],[24.803779,42.237257],[24.804963,42.237136],[24.804679,42.2356]]]},"properties":{"cadnum":"39918.7.32","purptype":"Земеделска","usetype":"Нива","proptype":"Частна","immaddr":"с. Крислово","place":"БОНЛУКА","area":16999.12709799,"cadreg":7,"pnum":"32"}},{"type":"Feature","geometry":{"type":"Polygon","coordinates":[[[24.803494,42.235721],[24.804679,42.2356],[24.804561,42.234967],[24.803377,42.235088],[24.803494,42.235721]]]},"properties":{"cadnum":"39918.7.33","purptype":"Земеделска","usetype":"Нива","proptype":"Частна","immaddr":"с. Крислово","place":"БОНЛУКА","area":7000.0068680439,"cadreg":7,"pnum":"33"}},{"type":"Feature","geometry":{"type":"Polygon","coordinates":[[[24.803377,42.235088],[24.804561,42.234967],[24.804471,42.234479],[24.803287,42.2346],[24.803377,42.235088]]]},"properties":{"cadnum":"39918.7.34","purptype":"Земеделска","usetype":"Нива","proptype":"Частна","immaddr":"с. Крислово","place":"БОНЛУКА","area":5399.6203044952,"cadreg":7,"pnum":"34"}},{"type":"Feature","geometry":{"type":"Polygon","coordinates":[[[24.804471,42.234479],[24.804339,42.233765],[24.803205,42.234158],[24.803287,42.2346],[24.804471,42.234479]]]},"properties":{"cadnum":"39918.7.35","purptype":"Земеделска","usetype":"Нива","proptype":"Частна","immaddr":"с. Крислово","place":"БОНЛУКА","area":6398.8196219891,"cadreg":7,"pnum":"35"}},{"type":"Feature","geometry":{"type":"Polygon","coordinates":[[[24.804339,42.233765],[24.804465,42.234446],[24.805822,42.234308],[24.805511,42.233358],[24.804339,42.233765]]]},"properties":{"cadnum":"39918.7.36","purptype":"Земеделска","usetype":"Нива","proptype":"Частна","immaddr":"с. Крислово","place":"БОНЛУКА","area":10000.350909015,"cadreg":7,"pnum":"36"}},{"type":"Feature","geometry":{"type":"Polygon","coordinates":[[[24.804465,42.234446],[24.804555,42.234932],[24.805925,42.234792],[24.805822,42.234308],[24.804465,42.234446]]]},"properties":{"cadnum":"39918.7.37","purptype":"Земеделска","usetype":"Нива","proptype":"Частна","immaddr":"с. Крислово","place":"БОНЛУКА","area":6190.3778189921,"cadreg":7,"pnum":"37"}},{"type":"Feature","geometry":{"type":"Polygon","coordinates":[[[24.804922,42.236915],[24.806328,42.236771],[24.80619,42.236092],[24.804796,42.236234],[24.804922,42.236915]]]},"properties":{"cadnum":"39918.7.39","purptype":"Земеделска","usetype":"Нива","proptype":"Частна","immaddr":"с. Крислово","place":"БОНЛУКА","area":8901.5538660086,"cadreg":7,"pnum":"39"}},{"type":"Feature","geometry":{"type":"Polygon","coordinates":[[[24.805039,42.237544],[24.805073,42.237729],[24.806339,42.2376],[24.806359,42.237496],[24.806404,42.237405],[24.805039,42.237544]]]},"properties":{"cadnum":"39918.7.40","purptype":"Земеделска","usetype":"Нива","proptype":"Общинска частна","immaddr":"с. Крислово","place":"БОНЛУКА","area":2258.5734845173,"cadreg":7,"pnum":"40"}},{"type":"Feature","geometry":{"type":"Polygon","coordinates":[[[24.806282,42.238126],[24.806339,42.2376],[24.805073,42.237729],[24.805279,42.23884],[24.806174,42.238748],[24.806205,42.238535],[24.806282,42.238126]]]},"properties":{"cadnum":"39918.7.41","purptype":"Земеделска","usetype":"Нива","proptype":"Частна","immaddr":"с. Крислово","place":"БОНЛУКА","area":11304.134657029,"cadreg":7,"pnum":"41"}},{"type":"Feature","geometry":{"type":"Polygon","coordinates":[[[24.805279,42.23884],[24.805488,42.239971],[24.806282,42.239934],[24.806281,42.239715],[24.806265,42.239513],[24.806196,42.23914],[24.806175,42.238973],[24.806174,42.238748],[24.805279,42.23884]]]},"properties":{"cadnum":"39918.7.42","purptype":"Земеделска","usetype":"Нива","proptype":"Частна","immaddr":"с. Крислово","place":"БОНЛУКА","area":9094.9074484657,"cadreg":7,"pnum":"42"}},{"type":"Feature","geometry":{"type":"Polygon","coordinates":[[[24.799998,42.236514],[24.799893,42.235967],[24.797922,42.236176],[24.798054,42.23672],[24.799998,42.236514]]]},"properties":{"cadnum":"39918.7.43","purptype":"Земеделска","usetype":"Овощна градина","proptype":"Частна","immaddr":"с. Крислово","place":"БОНЛУКА","area":10002.717843937,"cadreg":7,"pnum":"43"}},{"type":"Feature","geometry":{"type":"Polygon","coordinates":[[[24.806314,42.23951],[24.806331,42.239932],[24.806425,42.23993],[24.806846,42.237514],[24.806504,42.237308],[24.806406,42.237504],[24.806331,42.238129],[24.806253,42.23854],[24.80622,42.23877],[24.806223,42.238971],[24.806244,42.239135],[24.806314,42.23951]]]},"properties":{"cadnum":"39918.7.44","purptype":"Земеделска","usetype":"Изоставена орна земя","proptype":"Общинска частна","immaddr":"с. Крислово","place":"БОНЛУКА","area":7834.0901379942,"cadreg":7,"pnum":"44"}},{"type":"Feature","geometry":{"type":"Polygon","coordinates":[[[24.798104,42.236925],[24.797879,42.235998],[24.797815,42.23602],[24.798026,42.236924],[24.798104,42.236925]]]},"properties":{"cadnum":"39918.7.45","purptype":"Земеделска","usetype":"За селскостопански, горски, ведомствен път","proptype":"Общинска публична","immaddr":"с. Крислово","place":"БОНЛУКА","area":606.18122850379,"cadreg":7,"pnum":"45"}},{"type":"Feature","geometry":{"type":"Polygon","coordinates":[[[24.798039,42.240446],[24.79807,42.240443],[24.798098,42.240423],[24.798099,42.240405],[24.801983,42.240271],[24.80253,42.240212],[24.806409,42.240022],[24.806418,42.239973],[24.804274,42.240081],[24.802491,42.240155],[24.801514,42.240243],[24.798122,42.240355],[24.798044,42.24036],[24.798039,42.240446]]]},"properties":{"cadnum":"39918.7.47","purptype":"Територия, заета от води и водни обекти","usetype":"Напоителен канал","proptype":"Общинска частна","immaddr":"с. Крислово","place":"БОНЛУКА","area":3934.9285128632,"cadreg":7,"pnum":"47"}},{"type":"Feature","geometry":{"type":"Polygon","coordinates":[[[24.801418,42.240201],[24.800711,42.240232],[24.798124,42.240319],[24.798122,42.240355],[24.801514,42.240243],[24.802491,42.240155],[24.804274,42.240081],[24.806418,42.239973],[24.806425,42.23993],[24.802516,42.240109],[24.801418,42.240201]]]},"properties":{"cadnum":"39918.7.48","purptype":"Земеделска","usetype":"За селскостопански, горски, ведомствен път","proptype":"Общинска публична","immaddr":"с. Крислово","place":"БОНЛУКА","area":3326.7056309014,"cadreg":7,"pnum":"48"}},{"type":"Feature","geometry":{"type":"Polygon","coordinates":[[[24.801467,42.2402],[24.800975,42.237639],[24.800488,42.235099],[24.800442,42.235115],[24.800912,42.237564],[24.801418,42.240201],[24.801467,42.2402]]]},"properties":{"cadnum":"39918.7.49","purptype":"Земеделска","usetype":"За селскостопански, горски, ведомствен път","proptype":"Общинска публична","immaddr":"с. Крислово","place":"БОНЛУКА","area":2285.4298314976,"cadreg":7,"pnum":"49"}},{"type":"Feature","geometry":{"type":"Polygon","coordinates":[[[24.804292,42.240027],[24.803205,42.234158],[24.803159,42.234173],[24.803602,42.236564],[24.804244,42.240029],[24.804292,42.240027]]]},"properties":{"cadnum":"39918.7.50","purptype":"Земеделска","usetype":"За селскостопански, горски, ведомствен път","proptype":"Общинска публична","immaddr":"с. Крислово","place":"БОНЛУКА","area":2605.4913300152,"cadreg":7,"pnum":"50"}},{"type":"Feature","geometry":{"type":"Polygon","coordinates":[[[24.801983,42.240271],[24.806391,42.240126],[24.806409,42.240022],[24.80253,42.240212],[24.801983,42.240271]]]},"properties":{"cadnum":"39918.7.51","purptype":"Земеделска","usetype":"Изоставена орна земя","proptype":"Общинска частна","immaddr":"с. Крислово","place":"БОНЛУКА","area":2644.3137246568,"cadreg":7,"pnum":"51"}},{"type":"Feature","geometry":{"type":"Polygon","coordinates":[[[24.806331,42.239932],[24.806329,42.239714],[24.806314,42.23951],[24.806244,42.239135],[24.806223,42.238971],[24.80622,42.23877],[24.806253,42.23854],[24.806331,42.238129],[24.806406,42.237504],[24.806504,42.237308],[24.806484,42.237296],[24.805879,42.23433],[24.805556,42.233343],[24.805511,42.233358],[24.805822,42.234308],[24.806442,42.237329],[24.806359,42.237496],[24.806339,42.2376],[24.806282,42.238126],[24.806205,42.238535],[24.806174,42.238748],[24.806175,42.238973],[24.806196,42.23914],[24.806265,42.239513],[24.806281,42.239715],[24.806282,42.239934],[24.806331,42.239932]]]},"properties":{"cadnum":"39918.7.52","purptype":"Земеделска","usetype":"За селскостопански, горски, ведомствен път","proptype":"Общинска публична","immaddr":"с. Крислово","place":"БОНЛУКА","area":2982.2598915112,"cadreg":7,"pnum":"52"}},{"type":"Feature","geometry":{"type":"Polygon","coordinates":[[[24.797815,42.23602],[24.805556,42.233343],[24.805544,42.233307],[24.797806,42.235983],[24.797815,42.23602]]]},"properties":{"cadnum":"39918.7.53","purptype":"Земеделска","usetype":"За селскостопански, горски, ведомствен път","proptype":"Общинска публична","immaddr":"с. Крислово","place":"БОНЛУКА","area":2809.8970620201,"cadreg":7,"pnum":"53"}},{"type":"Feature","geometry":{"type":"Polygon","coordinates":[[[24.80657,42.24012],[24.807022,42.23762],[24.806846,42.237514],[24.806391,42.240126],[24.80657,42.24012]]]},"properties":{"cadnum":"39918.7.54","purptype":"Територия, заета от води и водни обекти","usetype":"Отводнителен канал","proptype":"Държавна публична","immaddr":"с. Крислово","place":"БОНЛУКА","area":4377.2435294913,"cadreg":7,"pnum":"54"}},{"type":"Feature","geometry":{"type":"Polygon","coordinates":[[[24.801141,42.238499],[24.801201,42.238813],[24.803966,42.23853],[24.803908,42.238216],[24.801141,42.238499]]]},"properties":{"cadnum":"39918.7.56","purptype":"Земеделска","usetype":"Нива","proptype":"Частна","immaddr":"с. Крислово","place":"БОНЛУКА","area":8097.5880369697,"cadreg":7,"pnum":"56"}},{"type":"Feature","geometry":{"type":"Polygon","coordinates":[[[24.803908,42.238216],[24.80385,42.237903],[24.801081,42.238187],[24.801141,42.238499],[24.803908,42.238216]]]},"properties":{"cadnum":"39918.7.57","purptype":"Земеделска","usetype":"Нива","proptype":"Частна","immaddr":"с. Крислово","place":"БОНЛУКА","area":8098.5884834382,"cadreg":7,"pnum":"57"}},{"type":"Feature","geometry":{"type":"Polygon","coordinates":[[[24.803472,42.235864],[24.803416,42.23556],[24.802009,42.235704],[24.802065,42.236008],[24.803472,42.235864]]]},"properties":{"cadnum":"39918.7.58","purptype":"Земеделска","usetype":"Нива","proptype":"Частна","immaddr":"с. Крислово","place":"БОНЛУКА","area":4001.5047240282,"cadreg":7,"pnum":"58"}},{"type":"Feature","geometry":{"type":"Polygon","coordinates":[[[24.802065,42.236008],[24.802108,42.236236],[24.803515,42.236092],[24.803472,42.235864],[24.802065,42.236008]]]},"properties":{"cadnum":"39918.7.59","purptype":"Земеделска","usetype":"Нива","proptype":"Частна","immaddr":"с. Крислово","place":"БОНЛУКА","area":3000.3346424358,"cadreg":7,"pnum":"59"}},{"type":"Feature","geometry":{"type":"Polygon","coordinates":[[[24.802108,42.236236],[24.802195,42.236708],[24.803602,42.236564],[24.803515,42.236092],[24.802108,42.236236]]]},"properties":{"cadnum":"39918.7.60","purptype":"Земеделска","usetype":"Нива","proptype":"Частна","immaddr":"с. Крислово","place":"БОНЛУКА","area":6199.2362760051,"cadreg":7,"pnum":"60"}},{"type":"Feature","geometry":{"type":"Polygon","coordinates":[[[24.80385,42.237903],[24.803792,42.23759],[24.801021,42.237874],[24.801081,42.238187],[24.80385,42.237903]]]},"properties":{"cadnum":"39918.7.61","purptype":"Земеделска","usetype":"Нива","proptype":"Частна","immaddr":"с. Крислово","place":"БОНЛУКА","area":8099.5897675213,"cadreg":7,"pnum":"61"}},{"type":"Feature","geometry":{"type":"Polygon","coordinates":[[[24.806058,42.235445],[24.805925,42.234792],[24.804555,42.234932],[24.804676,42.235586],[24.806058,42.235445]]]},"properties":{"cadnum":"39918.7.62","purptype":"Земеделска","usetype":"Нива","proptype":"Частна","immaddr":"с. Крислово","place":"БОНЛУКА","area":8399.5544570139,"cadreg":7,"pnum":"62"}},{"type":"Feature","geometry":{"type":"Polygon","coordinates":[[[24.804676,42.235586],[24.804796,42.236234],[24.80619,42.236092],[24.806058,42.235445],[24.804676,42.235586]]]},"properties":{"cadnum":"39918.7.63","purptype":"Земеделска","usetype":"Нива","proptype":"Частна","immaddr":"с. Крислово","place":"БОНЛУКА","area":8398.8625909421,"cadreg":7,"pnum":"63"}},{"type":"Feature","geometry":{"type":"Polygon","coordinates":[[[24.802341,42.237499],[24.802274,42.237133],[24.800905,42.237273],[24.800975,42.237639],[24.802341,42.237499]]]},"properties":{"cadnum":"39918.7.66","purptype":"Земеделска","usetype":"Нива","proptype":"Частна","immaddr":"с. Крислово","place":"БОНЛУКА","area":4671.9408005171,"cadreg":7,"pnum":"66"}},{"type":"Feature","geometry":{"type":"Polygon","coordinates":[[[24.800975,42.237639],[24.801021,42.237874],[24.802385,42.237734],[24.802341,42.237499],[24.800975,42.237639]]]},"properties":{"cadnum":"39918.7.67","purptype":"Земеделска","usetype":"Нива","proptype":"Частна","immaddr":"с. Крислово","place":"БОНЛУКА","area":2999.747672031,"cadreg":7,"pnum":"67"}},{"type":"Feature","geometry":{"type":"Polygon","coordinates":[[[24.806404,42.237405],[24.806442,42.237329],[24.806328,42.236771],[24.804922,42.236915],[24.805039,42.237544],[24.806404,42.237405]]]},"properties":{"cadnum":"39918.7.68","purptype":"Земеделска","usetype":"Нива","proptype":"Частна","immaddr":"с. Крислово","place":"БОНЛУКА","area":8280.2690930229,"cadreg":7,"pnum":"68"}},{"type":"Feature","geometry":{"type":"Polygon","coordinates":[[[24.798122,42.240355],[24.798302,42.237741],[24.798218,42.237397],[24.798199,42.237685],[24.79823,42.23782],[24.798044,42.24036],[24.798122,42.240355]]]},"properties":{"cadnum":"39918.7.69","purptype":"Земеделска","usetype":"За селскостопански, горски, ведомствен път","proptype":"Общинска публична","immaddr":"с. Крислово","place":"БОНЛУКА","area":1894.1416355027,"cadreg":7,"pnum":"69"}},{"type":"Feature","geometry":{"type":"Polygon","coordinates":[[[24.798019,42.240392],[24.798024,42.240447],[24.798039,42.240446],[24.79823,42.23782],[24.798199,42.237685],[24.798019,42.240392]]]},"properties":{"cadnum":"39918.7.70","purptype":"Земеделска","usetype":"За селскостопански, горски, ведомствен път","proptype":"Общинска публична","immaddr":"с. Крислово","place":"БОНЛУКА","area":766.42327050269,"cadreg":7,"pnum":"70"}},{"type":"Feature","geometry":{"type":"Polygon","coordinates":[[[24.805181,42.238311],[24.805097,42.237859],[24.803913,42.237981],[24.803997,42.238432],[24.805181,42.238311]]]},"properties":{"cadnum":"39918.7.74","purptype":"Земеделска","usetype":"Нива","proptype":"Частна","immaddr":"с. Крислово","place":"БОНЛУКА","area":4999.6894084777,"cadreg":7,"pnum":"74"}},{"type":"Feature","geometry":{"type":"Polygon","coordinates":[[[24.805097,42.237859],[24.804963,42.237136],[24.803779,42.237257],[24.803913,42.237981],[24.805097,42.237859]]]},"properties":{"cadnum":"39918.7.75","purptype":"Земеделска","usetype":"Нива","proptype":"Частна","immaddr":"с. Крислово","place":"БОНЛУКА","area":8001.7350830033,"cadreg":7,"pnum":"75"}},{"type":"Feature","geometry":{"type":"Polygon","coordinates":[[[24.798677,42.234009],[24.799491,42.235306],[24.800306,42.235023],[24.799492,42.233727],[24.798677,42.234009]]]},"properties":{"cadnum":"39918.8.4","purptype":"Земеделска","usetype":"Нива","proptype":"Частна","immaddr":"с. Крислово","place":"БАШ ПАРА","area":11796.520758458,"cadreg":8,"pnum":"4"}},{"type":"Feature","geometry":{"type":"Polygon","coordinates":[[[24.800364,42.233425],[24.799492,42.233727],[24.800306,42.235023],[24.801178,42.234721],[24.800364,42.233425]]]},"properties":{"cadnum":"39918.8.6","purptype":"Земеделска","usetype":"Нива","proptype":"Частна","immaddr":"с. Крислово","place":"БАШ ПАРА","area":12619.264446493,"cadreg":8,"pnum":"6"}},{"type":"Feature","geometry":{"type":"Polygon","coordinates":[[[24.797806,42.235983],[24.805544,42.233307],[24.805527,42.233254],[24.797857,42.235912],[24.797312,42.233838],[24.79708,42.232768],[24.79704,42.232682],[24.796978,42.232703],[24.797806,42.235983]]]},"properties":{"cadnum":"39918.8.9","purptype":"Територия, заета от води и водни обекти","usetype":"Напоителен канал","proptype":"Общинска частна","immaddr":"с. Крислово","place":"БАШ ПАРА","area":5990.0258369371,"cadreg":8,"pnum":"9"}},{"type":"Feature","geometry":{"type":"Polygon","coordinates":[[[24.797857,42.235912],[24.805482,42.233269],[24.805471,42.233233],[24.797893,42.23586],[24.797359,42.233832],[24.797125,42.232753],[24.79708,42.232768],[24.797312,42.233838],[24.797857,42.235912]]]},"properties":{"cadnum":"39918.8.10","purptype":"Земеделска","usetype":"За селскостопански, горски, ведомствен път","proptype":"Общинска публична","immaddr":"с. Крислово","place":"БАШ ПАРА","area":4178.8395445471,"cadreg":8,"pnum":"10"}},{"type":"Feature","geometry":{"type":"Polygon","coordinates":[[[24.805527,42.233254],[24.804584,42.230261],[24.797125,42.232753],[24.797133,42.23279],[24.80455,42.230311],[24.805482,42.233269],[24.805527,42.233254]]]},"properties":{"cadnum":"39918.8.11","purptype":"Земеделска","usetype":"За селскостопански, горски, ведомствен път","proptype":"Общинска публична","immaddr":"с. Крислово","place":"БАШ ПАРА","area":4049.7860974638,"cadreg":8,"pnum":"11"}},{"type":"Feature","geometry":{"type":"Polygon","coordinates":[[[24.804584,42.230261],[24.80456,42.230186],[24.79704,42.232682],[24.79708,42.232768],[24.804584,42.230261]]]},"properties":{"cadnum":"39918.8.12","purptype":"Територия, заета от води и водни обекти","usetype":"Отводнителен канал","proptype":"Общинска частна","immaddr":"с. Крислово","place":"БАШ ПАРА","area":6263.5227260181,"cadreg":8,"pnum":"12"}},{"type":"Feature","geometry":{"type":"Polygon","coordinates":[[[24.801343,42.233085],[24.80046,42.231678],[24.799694,42.231934],[24.800582,42.233349],[24.801343,42.233085]]]},"properties":{"cadnum":"39918.8.13","purptype":"Земеделска","usetype":"Нива","proptype":"Частна","immaddr":"с. Крислово","place":"БАШ ПАРА","area":11990.988218501,"cadreg":8,"pnum":"13"}},{"type":"Feature","geometry":{"type":"Polygon","coordinates":[[[24.801231,42.231421],[24.80046,42.231678],[24.801343,42.233085],[24.802109,42.23282],[24.801231,42.231421]]]},"properties":{"cadnum":"39918.8.14","purptype":"Земеделска","usetype":"Нива","proptype":"Частна","immaddr":"с. Крислово","place":"БАШ ПАРА","area":11991.837340504,"cadreg":8,"pnum":"14"}},{"type":"Feature","geometry":{"type":"Polygon","coordinates":[[[24.802785,42.230901],[24.801231,42.231421],[24.802109,42.23282],[24.803653,42.232285],[24.802785,42.230901]]]},"properties":{"cadnum":"39918.8.15","purptype":"Земеделска","usetype":"Нива","proptype":"Частна","immaddr":"с. Крислово","place":"БАШ ПАРА","area":23982.299403516,"cadreg":8,"pnum":"15"}},{"type":"Feature","geometry":{"type":"Polygon","coordinates":[[[24.803653,42.232285],[24.805022,42.23181],[24.80455,42.230311],[24.802785,42.230901],[24.803653,42.232285]]]},"properties":{"cadnum":"39918.8.16","purptype":"Земеделска","usetype":"Нива","proptype":"Частна","immaddr":"с. Крислово","place":"БАШ ПАРА","area":23980.370677979,"cadreg":8,"pnum":"16"}},{"type":"Feature","geometry":{"type":"Polygon","coordinates":[[[24.801178,42.234721],[24.802643,42.234214],[24.801829,42.232917],[24.800364,42.233425],[24.801178,42.234721]]]},"properties":{"cadnum":"39918.8.18","purptype":"Земеделска","usetype":"Нива","proptype":"Частна","immaddr":"с. Крислово","place":"БАШ ПАРА","area":21198.919086941,"cadreg":8,"pnum":"18"}},{"type":"Feature","geometry":{"type":"Polygon","coordinates":[[[24.802643,42.234214],[24.802962,42.234103],[24.802148,42.232806],[24.801829,42.232917],[24.802643,42.234214]]]},"properties":{"cadnum":"39918.8.20","purptype":"Земеделска","usetype":"Нива","proptype":"Частна","immaddr":"с. Крислово","place":"БАШ ПАРА","area":4623.5243940004,"cadreg":8,"pnum":"20"}},{"type":"Feature","geometry":{"type":"Polygon","coordinates":[[[24.802962,42.234103],[24.804541,42.233556],[24.803727,42.232259],[24.802148,42.232806],[24.802962,42.234103]]]},"properties":{"cadnum":"39918.8.21","purptype":"Земеделска","usetype":"Нива","proptype":"Частна","immaddr":"с. Крислово","place":"БАШ ПАРА","area":22848.685819999,"cadreg":8,"pnum":"21"}},{"type":"Feature","geometry":{"type":"Polygon","coordinates":[[[24.804541,42.233556],[24.805471,42.233233],[24.805022,42.23181],[24.803727,42.232259],[24.804541,42.233556]]]},"properties":{"cadnum":"39918.8.22","purptype":"Земеделска","usetype":"Нива","proptype":"Държавна частна","immaddr":"с. Крислово","place":"БАШ ПАРА","area":16107.052670534,"cadreg":8,"pnum":"22"}},{"type":"Feature","geometry":{"type":"Polygon","coordinates":[[[24.79985,42.232183],[24.799694,42.231934],[24.797133,42.23279],[24.797192,42.233071],[24.79985,42.232183]]]},"properties":{"cadnum":"39918.8.24","purptype":"Земеделска","usetype":"Овощна градина","proptype":"Частна","immaddr":"с. Крислово","place":"БАШ ПАРА","area":7212.0297879147,"cadreg":8,"pnum":"24"}},{"type":"Feature","geometry":{"type":"Polygon","coordinates":[[[24.800001,42.232424],[24.79985,42.232183],[24.797192,42.233071],[24.797251,42.233343],[24.800001,42.232424]]]},"properties":{"cadnum":"39918.8.25","purptype":"Земеделска","usetype":"Овощна градина","proptype":"Частна","immaddr":"с. Крислово","place":"БАШ ПАРА","area":7213.0862905461,"cadreg":8,"pnum":"25"}},{"type":"Feature","geometry":{"type":"Polygon","coordinates":[[[24.800147,42.232657],[24.800001,42.232424],[24.797251,42.233343],[24.797309,42.233605],[24.800147,42.232657]]]},"properties":{"cadnum":"39918.8.26","purptype":"Земеделска","usetype":"Овощна градина","proptype":"Частна","immaddr":"с. Крислово","place":"БАШ ПАРА","area":7213.0436214963,"cadreg":8,"pnum":"26"}},{"type":"Feature","geometry":{"type":"Polygon","coordinates":[[[24.800339,42.232962],[24.800147,42.232657],[24.797309,42.233605],[24.797359,42.233832],[24.797893,42.23586],[24.798634,42.235603],[24.797877,42.2338],[24.800339,42.232962]]]},"properties":{"cadnum":"39918.8.27","purptype":"Земеделска","usetype":"Овощна градина","proptype":"Частна","immaddr":"с. Крислово","place":"БАШ ПАРА","area":21638.311445547,"cadreg":8,"pnum":"27"}},{"type":"Feature","geometry":{"type":"Polygon","coordinates":[[[24.800582,42.233349],[24.800339,42.232962],[24.797877,42.2338],[24.798634,42.235603],[24.799491,42.235306],[24.798677,42.234009],[24.800582,42.233349]]]},"properties":{"cadnum":"39918.8.28","purptype":"Земеделска","usetype":"Овощна градина","proptype":"Частна","immaddr":"с. Крислово","place":"БАШ ПАРА","area":21638.075031012,"cadreg":8,"pnum":"28"}},{"type":"Feature","geometry":{"type":"Polygon","coordinates":[[[24.790202,42.236643],[24.789775,42.23679],[24.790055,42.23724],[24.790472,42.237076],[24.790202,42.236643]]]},"properties":{"cadnum":"39918.9.2","purptype":"Земеделска","usetype":"Нива","proptype":"Частна","immaddr":"с. Крислово","place":"СЛИВОВА ГРАДИНА","area":2100.7929319999,"cadreg":9,"pnum":"2"}},{"type":"Feature","geometry":{"type":"Polygon","coordinates":[[[24.790844,42.236422],[24.790202,42.236643],[24.790472,42.237076],[24.7911,42.236833],[24.790844,42.236422]]]},"properties":{"cadnum":"39918.9.3","purptype":"Земеделска","usetype":"За друг вид производствен, складов обект","proptype":"Частна","immaddr":"с. Крислово","place":"СЛИВОВА ГРАДИНА","area":3014.6409304985,"cadreg":9,"pnum":"3"}},{"type":"Feature","geometry":{"type":"Polygon","coordinates":[[[24.7911,42.236833],[24.791148,42.236816],[24.791205,42.236809],[24.791261,42.236816],[24.791303,42.236831],[24.792326,42.237449],[24.792333,42.237442],[24.791548,42.23618],[24.790844,42.236422],[24.7911,42.236833]]]},"properties":{"cadnum":"39918.9.4","purptype":"Земеделска","usetype":"Нива","proptype":"Частна","immaddr":"с. Крислово","place":"СЛИВОВА ГРАДИНА","area":6005.3286974504,"cadreg":9,"pnum":"4"}},{"type":"Feature","geometry":{"type":"Polygon","coordinates":[[[24.789177,42.23716],[24.7896,42.236989],[24.789581,42.236955],[24.789154,42.237128],[24.789177,42.23716]]]},"properties":{"cadnum":"39918.9.5","purptype":"Земеделска","usetype":"За второстепенна улица","proptype":"Частна","immaddr":"с. Крислово, ул. \"Георги Димтиров\" №2","place":"СЛИВОВА ГРАДИНА","area":159.81028749441,"cadreg":9,"pnum":"5"}},{"type":"Feature","geometry":{"type":"Polygon","coordinates":[[[24.792873,42.236529],[24.792653,42.236605],[24.792933,42.237053],[24.793103,42.236897],[24.792873,42.236529]]]},"properties":{"cadnum":"39918.9.6","purptype":"Земеделска","usetype":"Нива","proptype":"Частна","immaddr":"с. Крислово","place":"СЛИВОВА ГРАДИНА","area":999.98082399362,"cadreg":9,"pnum":"6"}},{"type":"Feature","geometry":{"type":"Polygon","coordinates":[[[24.796475,42.23573],[24.795837,42.234705],[24.795566,42.234798],[24.796253,42.235902],[24.796475,42.23573]]]},"properties":{"cadnum":"39918.9.8","purptype":"Земеделска","usetype":"Нива","proptype":"Частна","immaddr":"с. Крислово","place":"СЛИВОВА ГРАДИНА","area":3209.0091860122,"cadreg":9,"pnum":"8"}},{"type":"Feature","geometry":{"type":"Polygon","coordinates":[[[24.792461,42.235866],[24.792873,42.236529],[24.793103,42.236897],[24.793315,42.236703],[24.792735,42.235772],[24.792461,42.235866]]]},"properties":{"cadnum":"39918.9.10","purptype":"Земеделска","usetype":"Нива","proptype":"Частна","immaddr":"с. Крислово","place":"СЛИВОВА ГРАДИНА","area":3001.5040915001,"cadreg":9,"pnum":"10"}},{"type":"Feature","geometry":{"type":"Polygon","coordinates":[[[24.793275,42.235586],[24.793732,42.23632],[24.793935,42.236135],[24.793537,42.235496],[24.793275,42.235586]]]},"properties":{"cadnum":"39918.9.11","purptype":"Земеделска","usetype":"Нива","proptype":"Частна","immaddr":"с. Крислово","place":"СЛИВОВА ГРАДИНА","area":1999.9036320002,"cadreg":9,"pnum":"11"}},{"type":"Feature","geometry":{"type":"Polygon","coordinates":[[[24.793537,42.235496],[24.793935,42.236135],[24.794149,42.235938],[24.794461,42.236125],[24.793976,42.235345],[24.793537,42.235496]]]},"properties":{"cadnum":"39918.9.12","purptype":"Земеделска","usetype":"Ниско застрояване (до 10 m)","proptype":"Частна","immaddr":"с. Крислово","place":"СЛИВОВА ГРАДИНА","area":2998.6497509721,"cadreg":9,"pnum":"12"}},{"type":"Feature","geometry":{"type":"Polygon","coordinates":[[[24.795329,42.23488],[24.794791,42.235065],[24.795618,42.236394],[24.796059,42.236052],[24.795329,42.23488]]]},"properties":{"cadnum":"39918.9.13","purptype":"Земеделска","usetype":"Нива","proptype":"Частна","immaddr":"с. Крислово","place":"СЛИВОВА ГРАДИНА","area":7500.0848050042,"cadreg":9,"pnum":"13"}},{"type":"Feature","geometry":{"type":"Polygon","coordinates":[[[24.794791,42.235065],[24.793976,42.235345],[24.794461,42.236125],[24.79531,42.236632],[24.795618,42.236394],[24.794791,42.235065]]]},"properties":{"cadnum":"39918.9.14","purptype":"Земеделска","usetype":"Нива","proptype":"Частна","immaddr":"с. Крислово","place":"СЛИВОВА ГРАДИНА","area":11198.671725535,"cadreg":9,"pnum":"14"}},{"type":"Feature","geometry":{"type":"Polygon","coordinates":[[[24.79724,42.234223],[24.796111,42.234611],[24.7967,42.235556],[24.797429,42.234992],[24.79724,42.234223]]]},"properties":{"cadnum":"39918.9.15","purptype":"Земеделска","usetype":"Нива","proptype":"Частна","immaddr":"с. Крислово","place":"СЛИВОВА ГРАДИНА","area":8999.132766532,"cadreg":9,"pnum":"15"}},{"type":"Feature","geometry":{"type":"Polygon","coordinates":[[[24.797621,42.235774],[24.797439,42.235036],[24.796676,42.235626],[24.797267,42.236048],[24.797621,42.235774]]]},"properties":{"cadnum":"39918.9.16","purptype":"Земеделска","usetype":"Овощна градина","proptype":"Частна","immaddr":"с. Крислово","place":"СЛИВОВА ГРАДИНА","area":4499.0172824749,"cadreg":9,"pnum":"16"}},{"type":"Feature","geometry":{"type":"Polygon","coordinates":[[[24.796118,42.236058],[24.796709,42.23648],[24.797267,42.236048],[24.796676,42.235626],[24.796118,42.236058]]]},"properties":{"cadnum":"39918.9.17","purptype":"Земеделска","usetype":"Овощна градина","proptype":"Частна","immaddr":"с. Крислово","place":"СЛИВОВА ГРАДИНА","area":4499.5589579829,"cadreg":9,"pnum":"17"}},{"type":"Feature","geometry":{"type":"Polygon","coordinates":[[[24.796118,42.236058],[24.795348,42.236654],[24.795989,42.237037],[24.796709,42.23648],[24.796118,42.236058]]]},"properties":{"cadnum":"39918.9.18","purptype":"Земеделска","usetype":"Нива","proptype":"Частна","immaddr":"с. Крислово","place":"СЛИВОВА ГРАДИНА","area":6002.6169504607,"cadreg":9,"pnum":"18"}},{"type":"Feature","geometry":{"type":"Polygon","coordinates":[[[24.797121,42.236814],[24.796682,42.236501],[24.795989,42.237037],[24.796357,42.237242],[24.796794,42.236857],[24.796889,42.236912],[24.796959,42.236941],[24.797121,42.236814]]]},"properties":{"cadnum":"39918.9.19","purptype":"Земеделска","usetype":"Нива","proptype":"Частна","immaddr":"с. Крислово","place":"СЛИВОВА ГРАДИНА","area":3186.8180419968,"cadreg":9,"pnum":"19"}},{"type":"Feature","geometry":{"type":"Polygon","coordinates":[[[24.797621,42.235774],[24.796682,42.236501],[24.797121,42.236814],[24.797767,42.236315],[24.797621,42.235774]]]},"properties":{"cadnum":"39918.9.20","purptype":"Земеделска","usetype":"Нива","proptype":"Частна","immaddr":"с. Крислово","place":"СЛИВОВА ГРАДИНА","area":4748.1291635286,"cadreg":9,"pnum":"20"}},{"type":"Feature","geometry":{"type":"Polygon","coordinates":[[[24.795937,42.234671],[24.79724,42.234223],[24.797174,42.233954],[24.795787,42.23443],[24.795937,42.234671]]]},"properties":{"cadnum":"39918.9.21","purptype":"Земеделска","usetype":"Нива","proptype":"Частна","immaddr":"с. Крислово","place":"СЛИВОВА ГРАДИНА","area":3600.5108210035,"cadreg":9,"pnum":"21"}},{"type":"Feature","geometry":{"type":"Polygon","coordinates":[[[24.797054,42.233466],[24.795515,42.233995],[24.795787,42.23443],[24.797174,42.233954],[24.797054,42.233466]]]},"properties":{"cadnum":"39918.9.22","purptype":"Земеделска","usetype":"Нива","proptype":"Частна","immaddr":"с. Крислово","place":"СЛИВОВА ГРАДИНА","area":7097.5067174705,"cadreg":9,"pnum":"22"}},{"type":"Feature","geometry":{"type":"Polygon","coordinates":[[[24.794861,42.235041],[24.795937,42.234671],[24.795515,42.233995],[24.79444,42.234364],[24.794861,42.235041]]]},"properties":{"cadnum":"39918.9.23","purptype":"Земеделска","usetype":"Нива","proptype":"Частна","immaddr":"с. Крислово","place":"СЛИВОВА ГРАДИНА","area":8099.7472075069,"cadreg":9,"pnum":"23"}},{"type":"Feature","geometry":{"type":"Polygon","coordinates":[[[24.794197,42.235269],[24.794861,42.235041],[24.79444,42.234364],[24.793776,42.234593],[24.794197,42.235269]]]},"properties":{"cadnum":"39918.9.24","purptype":"Земеделска","usetype":"Нива","proptype":"Частна","immaddr":"с. Крислово","place":"СЛИВОВА ГРАДИНА","area":4998.7720979803,"cadreg":9,"pnum":"24"}},{"type":"Feature","geometry":{"type":"Polygon","coordinates":[[[24.796111,42.234611],[24.795837,42.234705],[24.796475,42.23573],[24.7967,42.235556],[24.796111,42.234611]]]},"properties":{"cadnum":"39918.9.26","purptype":"Земеделска","usetype":"Нива","proptype":"Частна","immaddr":"с. Крислово","place":"СЛИВОВА ГРАДИНА","area":2999.7528610009,"cadreg":9,"pnum":"26"}},{"type":"Feature","geometry":{"type":"Polygon","coordinates":[[[24.789354,42.236113],[24.789775,42.23679],[24.790691,42.236475],[24.79027,42.235798],[24.789354,42.236113]]]},"properties":{"cadnum":"39918.9.27","purptype":"Земеделска","usetype":"Нива","proptype":"Частна","immaddr":"с. Крислово","place":"СЛИВОВА ГРАДИНА","area":6896.678874495,"cadreg":9,"pnum":"27"}},{"type":"Feature","geometry":{"type":"Polygon","coordinates":[[[24.789651,42.23659],[24.789354,42.236113],[24.788558,42.236387],[24.788941,42.236834],[24.789651,42.23659]]]},"properties":{"cadnum":"39918.9.28","purptype":"Земеделска","usetype":"Нива","proptype":"Частна","immaddr":"с. Крислово","place":"СЛИВОВА ГРАДИНА","area":3999.3418535248,"cadreg":9,"pnum":"28"}},{"type":"Feature","geometry":{"type":"Polygon","coordinates":[[[24.791344,42.235379],[24.790982,42.234797],[24.790364,42.23501],[24.790726,42.235592],[24.791344,42.235379]]]},"properties":{"cadnum":"39918.9.30","purptype":"Земеделска","usetype":"Нива","proptype":"Частна","immaddr":"с. Крислово","place":"СЛИВОВА ГРАДИНА","area":4000.4891539757,"cadreg":9,"pnum":"30"}},{"type":"Feature","geometry":{"type":"Polygon","coordinates":[[[24.79194,42.235174],[24.793067,42.234787],[24.792705,42.234205],[24.791577,42.234593],[24.79194,42.235174]]]},"properties":{"cadnum":"39918.9.33","purptype":"Земеделска","usetype":"Нива","proptype":"Частна","immaddr":"с. Крислово","place":"СЛИВОВА ГРАДИНА","area":7300.5047800034,"cadreg":9,"pnum":"33"}},{"type":"Feature","geometry":{"type":"Polygon","coordinates":[[[24.793777,42.234543],[24.793415,42.233961],[24.792705,42.234205],[24.793067,42.234787],[24.793777,42.234543]]]},"properties":{"cadnum":"39918.9.34","purptype":"Земеделска","usetype":"Нива","proptype":"Частна","immaddr":"с. Крислово","place":"СЛИВОВА ГРАДИНА","area":4598.7635440211,"cadreg":9,"pnum":"34"}},{"type":"Feature","geometry":{"type":"Polygon","coordinates":[[[24.794395,42.23433],[24.797042,42.23342],[24.796897,42.232828],[24.796868,42.232774],[24.794032,42.233749],[24.794395,42.23433]]]},"properties":{"cadnum":"39918.9.35","purptype":"Земеделска","usetype":"Нива","proptype":"Частна","immaddr":"с. Крислово","place":"СЛИВОВА ГРАДИНА","area":17797.005729428,"cadreg":9,"pnum":"35"}},{"type":"Feature","geometry":{"type":"Polygon","coordinates":[[[24.796579,42.232059],[24.795291,42.232502],[24.795709,42.233172],[24.796868,42.232774],[24.796714,42.232491],[24.796579,42.232059]]]},"properties":{"cadnum":"39918.9.36","purptype":"Земеделска","usetype":"Нива","proptype":"Частна","immaddr":"с. Крислово","place":"СЛИВОВА ГРАДИНА","area":8998.5088435113,"cadreg":9,"pnum":"36"}},{"type":"Feature","geometry":{"type":"Polygon","coordinates":[[[24.793415,42.233961],[24.793777,42.234543],[24.794395,42.23433],[24.794032,42.233749],[24.793415,42.233961]]]},"properties":{"cadnum":"39918.9.37","purptype":"Земеделска","usetype":"Нива","proptype":"Частна","immaddr":"с. Крислово","place":"СЛИВОВА ГРАДИНА","area":3999.5605589628,"cadreg":9,"pnum":"37"}},{"type":"Feature","geometry":{"type":"Polygon","coordinates":[[[24.794488,42.232778],[24.794905,42.233448],[24.795709,42.233172],[24.795291,42.232502],[24.794488,42.232778]]]},"properties":{"cadnum":"39918.9.38","purptype":"Земеделска","usetype":"Нива","proptype":"Частна","immaddr":"с. Крислово","place":"СЛИВОВА ГРАДИНА","area":5999.2647260422,"cadreg":9,"pnum":"38"}},{"type":"Feature","geometry":{"type":"Polygon","coordinates":[[[24.793471,42.233941],[24.794905,42.233448],[24.794488,42.232778],[24.793054,42.233271],[24.793471,42.233941]]]},"properties":{"cadnum":"39918.9.39","purptype":"Земеделска","usetype":"Нива","proptype":"Частна","immaddr":"с. Крислово","place":"СЛИВОВА ГРАДИНА","area":10698.147977585,"cadreg":9,"pnum":"39"}},{"type":"Feature","geometry":{"type":"Polygon","coordinates":[[[24.791461,42.234633],[24.793471,42.233941],[24.793054,42.233271],[24.791044,42.233962],[24.791461,42.234633]]]},"properties":{"cadnum":"39918.9.40","purptype":"Земеделска","usetype":"Нива","proptype":"Частна","immaddr":"с. Крислово","place":"СЛИВОВА ГРАДИНА","area":14999.189639037,"cadreg":9,"pnum":"40"}},{"type":"Feature","geometry":{"type":"Polygon","coordinates":[[[24.788915,42.235508],[24.789853,42.235185],[24.789436,42.234515],[24.788498,42.234837],[24.788915,42.235508]]]},"properties":{"cadnum":"39918.9.42","purptype":"Земеделска","usetype":"Нива","proptype":"Частна","immaddr":"с. Крислово","place":"СЛИВОВА ГРАДИНА","area":6998.0453295235,"cadreg":9,"pnum":"42"}},{"type":"Feature","geometry":{"type":"Polygon","coordinates":[[[24.788726,42.235204],[24.787807,42.23552],[24.788057,42.235803],[24.788915,42.235508],[24.788726,42.235204]]]},"properties":{"cadnum":"39918.9.43","purptype":"Земеделска","usetype":"Нива","proptype":"Частна","immaddr":"с. Крислово","place":"СЛИВОВА ГРАДИНА","area":3005.5061550014,"cadreg":9,"pnum":"43"}},{"type":"Feature","geometry":{"type":"Polygon","coordinates":[[[24.787807,42.23552],[24.788726,42.235204],[24.788498,42.234837],[24.787506,42.235178],[24.787807,42.23552]]]},"properties":{"cadnum":"39918.9.44","purptype":"Земеделска","usetype":"Нива","proptype":"Частна","immaddr":"с. Крислово","place":"СЛИВОВА ГРАДИНА","area":3898.078733989,"cadreg":9,"pnum":"44"}},{"type":"Feature","geometry":{"type":"Polygon","coordinates":[[[24.789458,42.233558],[24.788767,42.233795],[24.789229,42.234537],[24.78992,42.234299],[24.789458,42.233558]]]},"properties":{"cadnum":"39918.9.46","purptype":"Земеделска","usetype":"Нива","proptype":"Частна","immaddr":"с. Крислово","place":"СЛИВОВА ГРАДИНА","area":5699.9352485133,"cadreg":9,"pnum":"46"}},{"type":"Feature","geometry":{"type":"Polygon","coordinates":[[[24.789458,42.233558],[24.78992,42.234299],[24.790283,42.234174],[24.789821,42.233433],[24.789458,42.233558]]]},"properties":{"cadnum":"39918.9.47","purptype":"Земеделска","usetype":"Нива","proptype":"Частна","immaddr":"с. Крислово","place":"СЛИВОВА ГРАДИНА","area":3000.4069969776,"cadreg":9,"pnum":"47"}},{"type":"Feature","geometry":{"type":"Polygon","coordinates":[[[24.790694,42.233133],[24.789821,42.233433],[24.790283,42.234174],[24.791156,42.233874],[24.790694,42.233133]]]},"properties":{"cadnum":"39918.9.48","purptype":"Земеделска","usetype":"Нива","proptype":"Частна","immaddr":"с. Крислово","place":"СЛИВОВА ГРАДИНА","area":7200.4811369959,"cadreg":9,"pnum":"48"}},{"type":"Feature","geometry":{"type":"Polygon","coordinates":[[[24.791651,42.232804],[24.790694,42.233133],[24.791156,42.233874],[24.792112,42.233545],[24.791651,42.232804]]]},"properties":{"cadnum":"39918.9.49","purptype":"Земеделска","usetype":"Нива","proptype":"Частна","immaddr":"с. Крислово","place":"СЛИВОВА ГРАДИНА","area":7898.2425059745,"cadreg":9,"pnum":"49"}},{"type":"Feature","geometry":{"type":"Polygon","coordinates":[[[24.791651,42.232804],[24.792112,42.233545],[24.792718,42.233337],[24.792256,42.232595],[24.791651,42.232804]]]},"properties":{"cadnum":"39918.9.50","purptype":"Земеделска","usetype":"Нива","proptype":"Частна","immaddr":"с. Крислово","place":"СЛИВОВА ГРАДИНА","area":4999.8461215121,"cadreg":9,"pnum":"50"}},{"type":"Feature","geometry":{"type":"Polygon","coordinates":[[[24.795019,42.231646],[24.793953,42.232012],[24.794414,42.232754],[24.79548,42.232387],[24.795019,42.231646]]]},"properties":{"cadnum":"39918.9.52","purptype":"Земеделска","usetype":"Нива","proptype":"Частна","immaddr":"с. Крислово","place":"СЛИВОВА ГРАДИНА","area":8798.9041669906,"cadreg":9,"pnum":"52"}},{"type":"Feature","geometry":{"type":"Polygon","coordinates":[[[24.795019,42.231646],[24.79548,42.232387],[24.796565,42.232014],[24.796536,42.231924],[24.796366,42.231182],[24.795019,42.231646]]]},"properties":{"cadnum":"39918.9.53","purptype":"Земеделска","usetype":"Нива","proptype":"Частна","immaddr":"с. Крислово","place":"СЛИВОВА ГРАДИНА","area":10010.496931011,"cadreg":9,"pnum":"53"}},{"type":"Feature","geometry":{"type":"Polygon","coordinates":[[[24.794906,42.230339],[24.795596,42.231447],[24.796366,42.231182],[24.79608,42.229934],[24.794906,42.230339]]]},"properties":{"cadnum":"39918.9.54","purptype":"Земеделска","usetype":"Нива","proptype":"Частна","immaddr":"с. Крислово","place":"СЛИВОВА ГРАДИНА","area":11999.550569994,"cadreg":9,"pnum":"54"}},{"type":"Feature","geometry":{"type":"Polygon","coordinates":[[[24.794866,42.231698],[24.795596,42.231447],[24.794906,42.230339],[24.794177,42.230591],[24.794866,42.231698]]]},"properties":{"cadnum":"39918.9.55","purptype":"Земеделска","usetype":"Нива","proptype":"Съсобственост","immaddr":"с. Крислово","place":"СЛИВОВА ГРАДИНА","area":8999.3582619714,"cadreg":9,"pnum":"55"}},{"type":"Feature","geometry":{"type":"Polygon","coordinates":[[[24.794866,42.231698],[24.794177,42.230591],[24.79386,42.2307],[24.79455,42.231807],[24.794866,42.231698]]]},"properties":{"cadnum":"39918.9.56","purptype":"Земеделска","usetype":"Нива","proptype":"Частна","immaddr":"с. Крислово","place":"СЛИВОВА ГРАДИНА","area":3900.0065155109,"cadreg":9,"pnum":"56"}},{"type":"Feature","geometry":{"type":"Polygon","coordinates":[[[24.793673,42.232108],[24.79455,42.231807],[24.79386,42.2307],[24.792984,42.231002],[24.793673,42.232108]]]},"properties":{"cadnum":"39918.9.57","purptype":"Земеделска","usetype":"Нива","proptype":"Държавна частна","immaddr":"с. Крислово","place":"СЛИВОВА ГРАДИНА","area":10799.101455473,"cadreg":9,"pnum":"57"}},{"type":"Feature","geometry":{"type":"Polygon","coordinates":[[[24.79201,42.231339],[24.790628,42.231816],[24.791315,42.232919],[24.792698,42.232444],[24.79201,42.231339]]]},"properties":{"cadnum":"39918.9.59","purptype":"Земеделска","usetype":"Нива","proptype":"Частна","immaddr":"с. Крислово","place":"СЛИВОВА ГРАДИНА","area":16997.883617001,"cadreg":9,"pnum":"59"}},{"type":"Feature","geometry":{"type":"Polygon","coordinates":[[[24.790338,42.233255],[24.791315,42.232919],[24.790628,42.231816],[24.789651,42.232153],[24.790338,42.233255]]]},"properties":{"cadnum":"39918.9.61","purptype":"Земеделска","usetype":"Нива","proptype":"Частна","immaddr":"с. Крислово","place":"СЛИВОВА ГРАДИНА","area":11997.36810648,"cadreg":9,"pnum":"61"}},{"type":"Feature","geometry":{"type":"Polygon","coordinates":[[[24.788747,42.233451],[24.786813,42.234116],[24.786946,42.234421],[24.788927,42.23374],[24.788747,42.233451]]]},"properties":{"cadnum":"39918.9.62","purptype":"Земеделска","usetype":"Нива","proptype":"Частна","immaddr":"с. Крислово","place":"СЛИВОВА ГРАДИНА","area":6300.7140089476,"cadreg":9,"pnum":"62"}},{"type":"Feature","geometry":{"type":"Polygon","coordinates":[[[24.788747,42.233451],[24.788242,42.232639],[24.786438,42.233261],[24.786813,42.234116],[24.788747,42.233451]]]},"properties":{"cadnum":"39918.9.63","purptype":"Земеделска","usetype":"Нива","proptype":"Частна","immaddr":"с. Крислово","place":"СЛИВОВА ГРАДИНА","area":16875.458552547,"cadreg":9,"pnum":"63"}},{"type":"Feature","geometry":{"type":"Polygon","coordinates":[[[24.795329,42.23488],[24.796059,42.236052],[24.796253,42.235902],[24.795566,42.234798],[24.795329,42.23488]]]},"properties":{"cadnum":"39918.9.64","purptype":"Земеделска","usetype":"Нива","proptype":"Частна","immaddr":"с. Крислово","place":"СЛИВОВА ГРАДИНА","area":3002.157260979,"cadreg":9,"pnum":"64"}},{"type":"Feature","geometry":{"type":"Polygon","coordinates":[[[24.79608,42.229934],[24.796536,42.231924],[24.796714,42.232491],[24.796897,42.232828],[24.797621,42.235774],[24.797767,42.236315],[24.796959,42.236941],[24.79701,42.236914],[24.797064,42.23691],[24.797819,42.236326],[24.796944,42.232819],[24.796884,42.232686],[24.796761,42.23248],[24.796621,42.231986],[24.796583,42.231914],[24.796427,42.231204],[24.796125,42.229918],[24.79608,42.229934]]]},"properties":{"cadnum":"39918.9.65","purptype":"Земеделска","usetype":"За селскостопански, горски, ведомствен път","proptype":"Общинска публична","immaddr":"с. Крислово","place":"СЛИВОВА ГРАДИНА","area":3562.0396124931,"cadreg":9,"pnum":"65"}},{"type":"Feature","geometry":{"type":"Polygon","coordinates":[[[24.798026,42.236924],[24.797806,42.235983],[24.796978,42.232703],[24.796221,42.229835],[24.796116,42.229881],[24.796427,42.231204],[24.796583,42.231914],[24.796621,42.231986],[24.796761,42.23248],[24.796884,42.232686],[24.796944,42.232819],[24.797819,42.236326],[24.797064,42.23691],[24.797153,42.236912],[24.79784,42.236383],[24.797957,42.236923],[24.798026,42.236924]]]},"properties":{"cadnum":"39918.9.66","purptype":"Територия, заета от води и водни обекти","usetype":"Напоителен канал","proptype":"Държавна частна","immaddr":"с. Крислово","place":"СЛИВОВА ГРАДИНА","area":6988.270680482,"cadreg":9,"pnum":"66"}},{"type":"Feature","geometry":{"type":"Polygon","coordinates":[[[24.797429,42.234992],[24.795618,42.236394],[24.79531,42.236632],[24.795348,42.236654],[24.797439,42.235036],[24.797429,42.234992]]]},"properties":{"cadnum":"39918.9.67","purptype":"Земеделска","usetype":"За селскостопански, горски, ведомствен път","proptype":"Общинска публична","immaddr":"с. Крислово","place":"СЛИВОВА ГРАДИНА","area":1003.1435770316,"cadreg":9,"pnum":"67"}},{"type":"Feature","geometry":{"type":"Polygon","coordinates":[[[24.788558,42.236387],[24.797054,42.233466],[24.797042,42.23342],[24.788525,42.236349],[24.788558,42.236387]]]},"properties":{"cadnum":"39918.9.68","purptype":"Земеделска","usetype":"За селскостопански, горски, ведомствен път","proptype":"Общинска публична","immaddr":"с. Крислово","place":"СЛИВОВА ГРАДИНА","area":3868.2422785349,"cadreg":9,"pnum":"68"}},{"type":"Feature","geometry":{"type":"Polygon","coordinates":[[[24.796579,42.232059],[24.796565,42.232014],[24.787473,42.23514],[24.787506,42.235178],[24.796579,42.232059]]]},"properties":{"cadnum":"39918.9.69","purptype":"Земеделска","usetype":"За селскостопански, горски, ведомствен път","proptype":"Общинска публична","immaddr":"с. Крислово","place":"СЛИВОВА ГРАДИНА","area":4128.450879451,"cadreg":9,"pnum":"69"}},{"type":"Feature","geometry":{"type":"Polygon","coordinates":[[[24.78913,42.237055],[24.788057,42.235803],[24.787052,42.234664],[24.786438,42.233261],[24.796125,42.229918],[24.796116,42.229881],[24.790399,42.231847],[24.786379,42.233242],[24.787008,42.234677],[24.78715,42.234888],[24.787387,42.235165],[24.787433,42.235143],[24.789086,42.23707],[24.78913,42.237055]]]},"properties":{"cadnum":"39918.9.70","purptype":"Земеделска","usetype":"За селскостопански, горски, ведомствен път","proptype":"Общинска публична","immaddr":"с. Крислово","place":"СЛИВОВА ГРАДИНА","area":5899.0454786959,"cadreg":9,"pnum":"70"}},{"type":"Feature","geometry":{"type":"Polygon","coordinates":[[[24.796212,42.229791],[24.786369,42.233224],[24.786379,42.233242],[24.790399,42.231847],[24.796116,42.229881],[24.796221,42.229835],[24.796212,42.229791]]]},"properties":{"cadnum":"39918.9.71","purptype":"Територия, заета от води и водни обекти","usetype":"Напоителен канал","proptype":"Държавна частна","immaddr":"с. Крислово","place":"СЛИВОВА ГРАДИНА","area":3242.8496026703,"cadreg":9,"pnum":"71"}},{"type":"Feature","geometry":{"type":"Polygon","coordinates":[[[24.788921,42.237071],[24.789035,42.237089],[24.78715,42.234888],[24.787008,42.234677],[24.786369,42.233224],[24.786166,42.233249],[24.786936,42.234872],[24.787195,42.235099],[24.789267,42.237551],[24.788921,42.237071]]]},"properties":{"cadnum":"39918.9.72","purptype":"Територия на транспорта","usetype":"За местен път","proptype":"Общинска публична","immaddr":"с. Крислово","place":"СЛИВОВА ГРАДИНА","area":6003.1100074454,"cadreg":9,"pnum":"72"}},{"type":"Feature","geometry":{"type":"Polygon","coordinates":[[[24.787433,42.235143],[24.787387,42.235165],[24.789035,42.237089],[24.789113,42.237102],[24.787433,42.235143]]]},"properties":{"cadnum":"39918.9.73","purptype":"Територия, заета от води и водни обекти","usetype":"Напоителен канал","proptype":"Общинска частна","immaddr":"с. Крислово","place":"СЛИВОВА ГРАДИНА","area":1180.5449625119,"cadreg":9,"pnum":"73"}},{"type":"Feature","geometry":{"type":"Polygon","coordinates":[[[24.793255,42.232252],[24.793673,42.232108],[24.792984,42.231002],[24.792567,42.231147],[24.793255,42.232252]]]},"properties":{"cadnum":"39918.9.75","purptype":"Земеделска","usetype":"Нива","proptype":"Частна","immaddr":"с. Крислово","place":"СЛИВОВА ГРАДИНА","area":5145.9055549946,"cadreg":9,"pnum":"75"}},{"type":"Feature","geometry":{"type":"Polygon","coordinates":[[[24.78716,42.234786],[24.787473,42.23514],[24.78832,42.234849],[24.788083,42.234469],[24.78716,42.234786]]]},"properties":{"cadnum":"39918.9.76","purptype":"Земеделска","usetype":"Нива","proptype":"Частна","immaddr":"с. Крислово","place":"СЛИВОВА ГРАДИНА","area":3750.0579655129,"cadreg":9,"pnum":"76"}},{"type":"Feature","geometry":{"type":"Polygon","coordinates":[[[24.788083,42.234469],[24.787859,42.234107],[24.786946,42.234421],[24.787052,42.234664],[24.78716,42.234786],[24.788083,42.234469]]]},"properties":{"cadnum":"39918.9.77","purptype":"Земеделска","usetype":"Нива","proptype":"Частна","immaddr":"с. Крислово","place":"СЛИВОВА ГРАДИНА","area":3749.357470026,"cadreg":9,"pnum":"77"}},{"type":"Feature","geometry":{"type":"Polygon","coordinates":[[[24.78832,42.234849],[24.788775,42.234693],[24.788313,42.233951],[24.787859,42.234107],[24.78832,42.234849]]]},"properties":{"cadnum":"39918.9.78","purptype":"Земеделска","usetype":"Нива","proptype":"Частна","immaddr":"с. Крислово","place":"СЛИВОВА ГРАДИНА","area":3749.8311275099,"cadreg":9,"pnum":"78"}},{"type":"Feature","geometry":{"type":"Polygon","coordinates":[[[24.788775,42.234693],[24.789229,42.234537],[24.788767,42.233795],[24.788313,42.233951],[24.788775,42.234693]]]},"properties":{"cadnum":"39918.9.79","purptype":"Земеделска","usetype":"Нива","proptype":"Частна","immaddr":"с. Крислово","place":"СЛИВОВА ГРАДИНА","area":3749.6790039824,"cadreg":9,"pnum":"79"}},{"type":"Feature","geometry":{"type":"Polygon","coordinates":[[[24.790887,42.235586],[24.791309,42.236262],[24.791926,42.23605],[24.791505,42.235373],[24.790887,42.235586]]]},"properties":{"cadnum":"39918.9.80","purptype":"Земеделска","usetype":"Нива","proptype":"Частна","immaddr":"с. Крислово","place":"СЛИВОВА ГРАДИНА","area":4650.2839950284,"cadreg":9,"pnum":"80"}},{"type":"Feature","geometry":{"type":"Polygon","coordinates":[[[24.790691,42.236475],[24.791309,42.236262],[24.790887,42.235586],[24.79027,42.235798],[24.790691,42.236475]]]},"properties":{"cadnum":"39918.9.81","purptype":"Земеделска","usetype":"Нива","proptype":"Частна","immaddr":"с. Крислово","place":"СЛИВОВА ГРАДИНА","area":4650.0958884675,"cadreg":9,"pnum":"81"}},{"type":"Feature","geometry":{"type":"Polygon","coordinates":[[[24.791942,42.236044],[24.791548,42.23618],[24.792333,42.237442],[24.792421,42.237355],[24.792532,42.237421],[24.792702,42.237265],[24.791942,42.236044]]]},"properties":{"cadnum":"39918.9.82","purptype":"Земеделска","usetype":"Нива","proptype":"Частна","immaddr":"с. Крислово","place":"СЛИВОВА ГРАДИНА","area":5501.2567000041,"cadreg":9,"pnum":"82"}},{"type":"Feature","geometry":{"type":"Polygon","coordinates":[[[24.792702,42.237265],[24.792933,42.237053],[24.792653,42.236605],[24.792873,42.236529],[24.792461,42.235866],[24.791942,42.236044],[24.792702,42.237265]]]},"properties":{"cadnum":"39918.9.83","purptype":"Земеделска","usetype":"Нива","proptype":"Частна","immaddr":"с. Крислово","place":"СЛИВОВА ГРАДИНА","area":5499.5839484864,"cadreg":9,"pnum":"83"}},{"type":"Feature","geometry":{"type":"Polygon","coordinates":[[[24.79262,42.23247],[24.792256,42.232595],[24.792718,42.233337],[24.793082,42.233212],[24.79262,42.23247]]]},"properties":{"cadnum":"39918.9.86","purptype":"Земеделска","usetype":"Нива","proptype":"Частна","immaddr":"с. Крислово","place":"СЛИВОВА ГРАДИНА","area":2999.761063501,"cadreg":9,"pnum":"86"}},{"type":"Feature","geometry":{"type":"Polygon","coordinates":[[[24.793082,42.233212],[24.793687,42.233004],[24.793226,42.232262],[24.79262,42.23247],[24.793082,42.233212]]]},"properties":{"cadnum":"39918.9.87","purptype":"Земеделска","usetype":"Нива","proptype":"Частна","immaddr":"с. Крислово","place":"СЛИВОВА ГРАДИНА","area":4999.5465844956,"cadreg":9,"pnum":"87"}},{"type":"Feature","geometry":{"type":"Polygon","coordinates":[[[24.793687,42.233004],[24.794414,42.232754],[24.793953,42.232012],[24.793226,42.232262],[24.793687,42.233004]]]},"properties":{"cadnum":"39918.9.88","purptype":"Земеделска","usetype":"Нива","proptype":"Частна","immaddr":"с. Крислово","place":"СЛИВОВА ГРАДИНА","area":5999.5178745062,"cadreg":9,"pnum":"88"}},{"type":"Feature","geometry":{"type":"Polygon","coordinates":[[[24.793099,42.232306],[24.793255,42.232252],[24.792567,42.231147],[24.79241,42.2312],[24.793099,42.232306]]]},"properties":{"cadnum":"39918.9.89","purptype":"Земеделска","usetype":"Нива","proptype":"Частна","immaddr":"с. Крислово","place":"СЛИВОВА ГРАДИНА","area":1922.0601209645,"cadreg":9,"pnum":"89"}},{"type":"Feature","geometry":{"type":"Polygon","coordinates":[[[24.79241,42.2312],[24.79201,42.231339],[24.792698,42.232444],[24.793099,42.232306],[24.79241,42.2312]]]},"properties":{"cadnum":"39918.9.90","purptype":"Земеделска","usetype":"Нива","proptype":"Общинска частна","immaddr":"с. Крислово","place":"СЛИВОВА ГРАДИНА","area":4932.2894150235,"cadreg":9,"pnum":"90"}},{"type":"Feature","geometry":{"type":"Polygon","coordinates":[[[24.791623,42.235283],[24.79194,42.235174],[24.791577,42.234593],[24.791261,42.234702],[24.791623,42.235283]]]},"properties":{"cadnum":"39918.9.91","purptype":"Земеделска","usetype":"Нива","proptype":"Частна","immaddr":"с. Крислово","place":"СЛИВОВА ГРАДИНА","area":2050.9662564941,"cadreg":9,"pnum":"91"}},{"type":"Feature","geometry":{"type":"Polygon","coordinates":[[[24.791261,42.234702],[24.790982,42.234797],[24.791344,42.235379],[24.791623,42.235283],[24.791261,42.234702]]]},"properties":{"cadnum":"39918.9.92","purptype":"Земеделска","usetype":"Нива","proptype":"Общинска частна","immaddr":"с. Крислово","place":"СЛИВОВА ГРАДИНА","area":1806.1133920189,"cadreg":9,"pnum":"92"}},{"type":"Feature","geometry":{"type":"Polygon","coordinates":[[[24.788288,42.236073],[24.788525,42.236349],[24.790726,42.235592],[24.790543,42.235297],[24.788288,42.236073]]]},"properties":{"cadnum":"39918.9.93","purptype":"Земеделска","usetype":"Нива","proptype":"Частна","immaddr":"с. Крислово","place":"СЛИВОВА ГРАДИНА","area":7299.4091269254,"cadreg":9,"pnum":"93"}},{"type":"Feature","geometry":{"type":"Polygon","coordinates":[[[24.790543,42.235297],[24.790364,42.23501],[24.788057,42.235803],[24.788288,42.236073],[24.790543,42.235297]]]},"properties":{"cadnum":"39918.9.94","purptype":"Земеделска","usetype":"Нива","proptype":"Частна обществени организации","immaddr":"с. Крислово","place":"СЛИВОВА ГРАДИНА","area":7299.4732070126,"cadreg":9,"pnum":"94"}},{"type":"Feature","geometry":{"type":"Polygon","coordinates":[[[24.788594,42.232517],[24.788242,42.232639],[24.788927,42.23374],[24.78928,42.233619],[24.788594,42.232517]]]},"properties":{"cadnum":"39918.9.95","purptype":"Земеделска","usetype":"Нива","proptype":"Частна","immaddr":"с. Крислово","place":"СЛИВОВА ГРАДИНА","area":4323.5128355147,"cadreg":9,"pnum":"95"}},{"type":"Feature","geometry":{"type":"Polygon","coordinates":[[[24.78928,42.233619],[24.789633,42.233498],[24.788947,42.232396],[24.788594,42.232517],[24.78928,42.233619]]]},"properties":{"cadnum":"39918.9.96","purptype":"Земеделска","usetype":"Нива","proptype":"Частна","immaddr":"с. Крислово","place":"СЛИВОВА ГРАДИНА","area":4324.9100070058,"cadreg":9,"pnum":"96"}},{"type":"Feature","geometry":{"type":"Polygon","coordinates":[[[24.789633,42.233498],[24.789985,42.233376],[24.789299,42.232274],[24.788947,42.232396],[24.789633,42.233498]]]},"properties":{"cadnum":"39918.9.97","purptype":"Земеделска","usetype":"Нива","proptype":"Частна","immaddr":"с. Крислово","place":"СЛИВОВА ГРАДИНА","area":4324.9339205156,"cadreg":9,"pnum":"97"}},{"type":"Feature","geometry":{"type":"Polygon","coordinates":[[[24.789985,42.233376],[24.790338,42.233255],[24.789651,42.232153],[24.789299,42.232274],[24.789985,42.233376]]]},"properties":{"cadnum":"39918.9.98","purptype":"Земеделска","usetype":"Нива","proptype":"Частна","immaddr":"с. Крислово","place":"СЛИВОВА ГРАДИНА","area":4324.5186489942,"cadreg":9,"pnum":"98"}},{"type":"Feature","geometry":{"type":"Polygon","coordinates":[[[24.797957,42.236923],[24.79784,42.236383],[24.797153,42.236912],[24.797957,42.236923]]]},"properties":{"cadnum":"39918.9.99","purptype":"Земеделска","usetype":"Нива","proptype":"Частна","immaddr":"с. Крислово","place":"с. КРИСЛОВО","area":1983.9400004902,"cadreg":9,"pnum":"99"}},{"type":"Feature","geometry":{"type":"Polygon","coordinates":[[[24.79358,42.23646],[24.793121,42.235639],[24.792735,42.235772],[24.793315,42.236703],[24.79358,42.23646]]]},"properties":{"cadnum":"39918.9.100","purptype":"Земеделска","usetype":"Нива","proptype":"Частна","immaddr":"с. Крислово","place":"СЛИВОВА ГРАДИНА","area":3500.71044952,"cadreg":9,"pnum":"100"}},{"type":"Feature","geometry":{"type":"Polygon","coordinates":[[[24.790925,42.234817],[24.790508,42.234147],[24.789436,42.234515],[24.789853,42.235185],[24.790925,42.234817]]]},"properties":{"cadnum":"39918.9.102","purptype":"Земеделска","usetype":"Нива","proptype":"Частна","immaddr":"с. Крислово","place":"СЛИВОВА ГРАДИНА","area":7998.6550695067,"cadreg":9,"pnum":"102"}},{"type":"Feature","geometry":{"type":"Polygon","coordinates":[[[24.791461,42.234633],[24.791044,42.233962],[24.790508,42.234147],[24.790925,42.234817],[24.791461,42.234633]]]},"properties":{"cadnum":"39918.9.103","purptype":"Земеделска","usetype":"Нива","proptype":"Частна","immaddr":"с. Крислово","place":"СЛИВОВА ГРАДИНА","area":3999.6531069905,"cadreg":9,"pnum":"103"}},{"type":"Feature","geometry":{"type":"Polygon","coordinates":[[[24.789137,42.237105],[24.78913,42.237055],[24.789086,42.23707],[24.789113,42.237102],[24.789137,42.237105]]]},"properties":{"cadnum":"39918.9.104","purptype":"Земеделска","usetype":"Ниско застрояване (до 10 m)","proptype":"Частна","immaddr":"с. Крислово, ул. \"Георги Димтиров\" №2","place":"СЛИВОВА ГРАДИНА","area":13.834814500161,"cadreg":9,"pnum":"104"}},{"type":"Feature","geometry":{"type":"Polygon","coordinates":[[[24.793261,42.235591],[24.79284,42.234915],[24.791505,42.235373],[24.791926,42.23605],[24.793261,42.235591]]]},"properties":{"cadnum":"39918.9.106","purptype":"Земеделска","usetype":"Нива","proptype":"Частна","immaddr":"с. Крислово","place":"СЛИВОВА ГРАДИНА","area":10049.418851544,"cadreg":9,"pnum":"106"}},{"type":"Feature","geometry":{"type":"Polygon","coordinates":[[[24.794197,42.235269],[24.793776,42.234593],[24.79284,42.234915],[24.793261,42.235591],[24.794197,42.235269]]]},"properties":{"cadnum":"39918.9.107","purptype":"Земеделска","usetype":"Нива","proptype":"Частна","immaddr":"с. Крислово","place":"СЛИВОВА ГРАДИНА","area":7048.4319644881,"cadreg":9,"pnum":"107"}},{"type":"Feature","geometry":{"type":"Polygon","coordinates":[[[24.793698,42.236351],[24.793466,42.235979],[24.793335,42.236023],[24.79358,42.23646],[24.793698,42.236351]]]},"properties":{"cadnum":"39918.9.122","purptype":"Земеделска","usetype":"Ниско застрояване (до 10 m)","proptype":"Частна","immaddr":"с. Крислово","area":629.84469500823,"cadreg":9,"pnum":"122"}},{"type":"Feature","geometry":{"type":"Polygon","coordinates":[[[24.793732,42.23632],[24.793275,42.235586],[24.793121,42.235639],[24.793335,42.236023],[24.793466,42.235979],[24.793698,42.236351],[24.793732,42.23632]]]},"properties":{"cadnum":"39918.9.123","purptype":"Земеделска","usetype":"Ниско застрояване (до 10 m)","proptype":"Частна","immaddr":"с. Крислово","area":869.9837805011,"cadreg":9,"pnum":"123"}},{"type":"Feature","geometry":{"type":"Polygon","coordinates":[[[24.789416,42.23749],[24.789629,42.237408],[24.789389,42.237074],[24.789177,42.23716],[24.789416,42.23749]]]},"properties":{"cadnum":"39918.9.128","purptype":"Земеделска","usetype":"Ниско застрояване (до 10 m)","proptype":"Частна","immaddr":"с. Крислово, ул. \"Георги Димтиров\" №2","place":"СЛИВОВА ГРАДИНА","area":827.50788000875,"cadreg":9,"pnum":"128"}},{"type":"Feature","geometry":{"type":"Polygon","coordinates":[[[24.789389,42.237074],[24.789629,42.237408],[24.789842,42.237324],[24.7896,42.236989],[24.789389,42.237074]]]},"properties":{"cadnum":"39918.9.129","purptype":"Земеделска","usetype":"Ниско застрояване (до 10 m)","proptype":"Частна","immaddr":"с. Крислово, ул. \"Георги Димтиров\" №2","place":"СЛИВОВА ГРАДИНА","area":838.82728250162,"cadreg":9,"pnum":"129"}},{"type":"Feature","geometry":{"type":"Polygon","coordinates":[[[24.789842,42.237324],[24.790055,42.23724],[24.789839,42.236892],[24.7896,42.236989],[24.789842,42.237324]]]},"properties":{"cadnum":"39918.9.130","purptype":"Земеделска","usetype":"Ниско застрояване (до 10 m)","proptype":"Частна","immaddr":"с. Крислово, ул. \"Георги Димтиров\" №2","place":"СЛИВОВА ГРАДИНА","area":896.25762998904,"cadreg":9,"pnum":"130"}},{"type":"Feature","geometry":{"type":"Polygon","coordinates":[[[24.789137,42.237105],[24.789154,42.237128],[24.789367,42.237042],[24.789178,42.236753],[24.788941,42.236834],[24.78913,42.237055],[24.789137,42.237105]]]},"properties":{"cadnum":"39918.9.131","purptype":"Земеделска","usetype":"Ниско застрояване (до 10 m)","proptype":"Частна","immaddr":"с. Крислово, ул. \"Георги Димтиров\" №2","place":"СЛИВОВА ГРАДИНА","area":719.74434100204,"cadreg":9,"pnum":"131"}},{"type":"Feature","geometry":{"type":"Polygon","coordinates":[[[24.789367,42.237042],[24.789581,42.236955],[24.789414,42.236672],[24.789178,42.236753],[24.789367,42.237042]]]},"properties":{"cadnum":"39918.9.132","purptype":"Земеделска","usetype":"Ниско застрояване (до 10 m)","proptype":"Частна","immaddr":"с. Крислово, ул. \"Георги Димтиров\" №2","place":"СЛИВОВА ГРАДИНА","area":727.77644299555,"cadreg":9,"pnum":"132"}},{"type":"Feature","geometry":{"type":"Polygon","coordinates":[[[24.789651,42.23659],[24.789414,42.236672],[24.7896,42.236989],[24.789839,42.236892],[24.789651,42.23659]]]},"properties":{"cadnum":"39918.9.133","purptype":"Земеделска","usetype":"Ниско застрояване (до 10 m)","proptype":"Частна","immaddr":"с. Крислово, ул. \"Георги Димтиров\" №2","place":"СЛИВОВА ГРАДИНА","area":825.09671550012,"cadreg":9,"pnum":"133"}},{"type":"Feature","geometry":{"type":"Polygon","coordinates":[[[24.794748,42.246236],[24.793668,42.246441],[24.793917,42.247136],[24.795003,42.246934],[24.794748,42.246236]]]},"properties":{"cadnum":"39918.10.1","purptype":"Урбанизирана","usetype":"За друг вид производствен, складов обект","proptype":"Частна","quarter":"10-стоп.дв","immaddr":"с. Крислово","place":"с. КРИСЛОВО","area":7389.1558379645,"cadreg":10,"pnum":"1"}},{"type":"Feature","geometry":{"type":"Polygon","coordinates":[[[24.792829,42.244034],[24.792414,42.244058],[24.792539,42.244958],[24.792918,42.244882],[24.792829,42.244034]]]},"properties":{"cadnum":"39918.10.8","purptype":"Земеделска","usetype":"Нива","proptype":"Частна","immaddr":"с. Крислово","place":"с. КРИСЛОВО","area":3239.379234989,"cadreg":10,"pnum":"8"}},{"type":"Feature","geometry":{"type":"Polygon","coordinates":[[[24.794475,42.244414],[24.794548,42.244626],[24.795082,42.24452],[24.795006,42.244309],[24.794475,42.244414]]]},"properties":{"cadnum":"39918.10.11","purptype":"Земеделска","usetype":"Нива","proptype":"Общинска частна","immaddr":"с. Крислово","place":"с. КРИСЛОВО","area":1100.86337399,"cadreg":10,"pnum":"11"}},{"type":"Feature","geometry":{"type":"Polygon","coordinates":[[[24.794906,42.243714],[24.794931,42.243623],[24.793599,42.243663],[24.793675,42.243931],[24.79489,42.243861],[24.794906,42.243714]]]},"properties":{"cadnum":"39918.10.12","purptype":"Земеделска","usetype":"Нива","proptype":"Общинска частна","immaddr":"с. Крислово","place":"с. КРИСЛОВО","area":2954.3224579694,"cadreg":10,"pnum":"12"}},{"type":"Feature","geometry":{"type":"Polygon","coordinates":[[[24.794468,42.241768],[24.794542,42.242471],[24.795259,42.24243],[24.795254,42.242322],[24.795232,42.242256],[24.794895,42.241725],[24.794468,42.241768]]]},"properties":{"cadnum":"39918.10.13","purptype":"Земеделска","usetype":"Изоставено трайно насаждение","proptype":"Общинска частна","immaddr":"с. Крислово","place":"с. КРИСЛОВО","area":3998.7257984948,"cadreg":10,"pnum":"13"}},{"type":"Feature","geometry":{"type":"Polygon","coordinates":[[[24.795271,42.242208],[24.794958,42.241719],[24.794895,42.241725],[24.795216,42.242225],[24.795254,42.242322],[24.795263,42.242388],[24.795257,42.242455],[24.794906,42.243714],[24.79489,42.243861],[24.794912,42.244046],[24.795082,42.24452],[24.79514,42.244508],[24.79498,42.244036],[24.794961,42.243966],[24.79495,42.243857],[24.794965,42.243722],[24.795318,42.242461],[24.795324,42.242387],[24.795314,42.242314],[24.795271,42.242208]]]},"properties":{"cadnum":"39918.10.14","purptype":"Територия на транспорта","usetype":"За местен път","proptype":"Общинска публична","immaddr":"с. Крислово","place":"с. КРИСЛОВО","area":1623.4009899925,"cadreg":10,"pnum":"14"}},{"type":"Feature","geometry":{"type":"Polygon","coordinates":[[[24.79551,42.245806],[24.795532,42.245878],[24.795575,42.245945],[24.795618,42.24607],[24.796005,42.247295],[24.796123,42.247272],[24.795175,42.244606],[24.795116,42.244617],[24.79538,42.24536],[24.795365,42.245363],[24.795532,42.245799],[24.79551,42.245806]]]},"properties":{"cadnum":"39918.10.16","purptype":"Територия на транспорта","usetype":"За местен път","proptype":"Общинска публична","immaddr":"с. Крислово","place":"с. КРИСЛОВО","area":2055.6369419783,"cadreg":10,"pnum":"16"}},{"type":"Feature","geometry":{"type":"Polygon","coordinates":[[[24.79489,42.243861],[24.792414,42.244004],[24.792414,42.244058],[24.794896,42.243915],[24.79489,42.243861]]]},"properties":{"cadnum":"39918.10.17","purptype":"Земеделска","usetype":"За селскостопански, горски, ведомствен път","proptype":"Общинска публична","immaddr":"с. Крислово","place":"с. КРИСЛОВО","area":1229.8329595089,"cadreg":10,"pnum":"17"}},{"type":"Feature","geometry":{"type":"Polygon","coordinates":[[[24.794428,42.244278],[24.794475,42.244414],[24.795006,42.244309],[24.794958,42.244173],[24.794428,42.244278]]]},"properties":{"cadnum":"39918.10.19","purptype":"Земеделска","usetype":"Нива","proptype":"Общинска частна","immaddr":"с. Крислово","place":"с. КРИСЛОВО","area":710.99789250908,"cadreg":10,"pnum":"19"}},{"type":"Feature","geometry":{"type":"Polygon","coordinates":[[[24.793361,42.242398],[24.792365,42.243354],[24.792357,42.243391],[24.792414,42.244004],[24.793675,42.243931],[24.793599,42.243663],[24.793718,42.24366],[24.793361,42.242398]]]},"properties":{"cadnum":"39918.10.20","purptype":"Земеделска","usetype":"Нива","proptype":"Частна","immaddr":"с. Крислово","place":"с. КРИСЛОВО","area":12725.876868504,"cadreg":10,"pnum":"20"}},{"type":"Feature","geometry":{"type":"Polygon","coordinates":[[[24.793222,42.244979],[24.795175,42.244606],[24.795162,42.244571],[24.79326,42.244934],[24.793201,42.244912],[24.792498,42.245055],[24.78961,42.24827],[24.78957,42.248436],[24.789611,42.248455],[24.789656,42.248284],[24.792529,42.245086],[24.793158,42.244956],[24.793222,42.244979]]]},"properties":{"cadnum":"39918.10.34","purptype":"Земеделска","usetype":"За селскостопански, горски, ведомствен път","proptype":"Общинска публична","immaddr":"с. Крислово","place":"с. КРИСЛОВО","area":2701.0878919857,"cadreg":10,"pnum":"34"}},{"type":"Feature","geometry":{"type":"Polygon","coordinates":[[[24.795003,42.243366],[24.795082,42.243085],[24.793568,42.243131],[24.793646,42.243407],[24.795003,42.243366]]]},"properties":{"cadnum":"39918.10.46","purptype":"Земеделска","usetype":"Нива","proptype":"Частна","immaddr":"с. Крислово","place":"с. КРИСЛОВО","area":3664.7348370138,"cadreg":10,"pnum":"46"}},{"type":"Feature","geometry":{"type":"Polygon","coordinates":[[[24.793568,42.243131],[24.795082,42.243085],[24.795259,42.24243],[24.794542,42.242471],[24.794523,42.242292],[24.793437,42.242325],[24.793361,42.242398],[24.793568,42.243131]]]},"properties":{"cadnum":"39918.10.47","purptype":"Земеделска","usetype":"Нива","proptype":"Частна","immaddr":"с. Крислово","place":"с. КРИСЛОВО","area":11713.909034026,"cadreg":10,"pnum":"47"}},{"type":"Feature","geometry":{"type":"Polygon","coordinates":[[[24.794523,42.242292],[24.794468,42.241768],[24.793965,42.241818],[24.793437,42.242325],[24.794523,42.242292]]]},"properties":{"cadnum":"39918.10.48","purptype":"Земеделска","usetype":"Нива","proptype":"Частна","immaddr":"с. Крислово","place":"с. КРИСЛОВО","area":3669.9452494844,"cadreg":10,"pnum":"48"}},{"type":"Feature","geometry":{"type":"Polygon","coordinates":[[[24.794548,42.244626],[24.794428,42.244278],[24.794958,42.244173],[24.794912,42.244046],[24.794896,42.243915],[24.794173,42.243957],[24.794249,42.244685],[24.794548,42.244626]]]},"properties":{"cadnum":"39918.10.49","purptype":"Земеделска","usetype":"Нива","proptype":"Частна","immaddr":"с. Крислово","place":"с. КРИСЛОВО","area":3001.2041319839,"cadreg":10,"pnum":"49"}},{"type":"Feature","geometry":{"type":"Polygon","coordinates":[[[24.79376,42.244782],[24.793676,42.243985],[24.79325,42.24401],[24.79334,42.244865],[24.79376,42.244782]]]},"properties":{"cadnum":"39918.10.51","purptype":"Земеделска","usetype":"Нива","proptype":"Частна","immaddr":"с. Крислово","place":"с. КРИСЛОВО","area":3244.8256410177,"cadreg":10,"pnum":"51"}},{"type":"Feature","geometry":{"type":"Polygon","coordinates":[[[24.79325,42.24401],[24.792829,42.244034],[24.792918,42.244882],[24.793173,42.244833],[24.793283,42.244876],[24.79334,42.244865],[24.79325,42.24401]]]},"properties":{"cadnum":"39918.10.52","purptype":"Земеделска","usetype":"Нива","proptype":"Частна","immaddr":"с. Крислово","place":"с. КРИСЛОВО","area":3244.8956889989,"cadreg":10,"pnum":"52"}},{"type":"Feature","geometry":{"type":"Polygon","coordinates":[[[24.795162,42.244571],[24.79514,42.244508],[24.793283,42.244876],[24.793173,42.244833],[24.792539,42.244958],[24.792392,42.245019],[24.789529,42.248228],[24.789501,42.248391],[24.789513,42.248411],[24.78957,42.248436],[24.78961,42.24827],[24.792498,42.245055],[24.793201,42.244912],[24.79326,42.244934],[24.795162,42.244571]]]},"properties":{"cadnum":"39918.10.56","purptype":"Територия, заета от води и водни обекти","usetype":"Напоителен канал","proptype":"Държавна частна","immaddr":"с. Крислово","place":"с. КРИСЛОВО","area":5661.6544866403,"cadreg":10,"pnum":"56"}},{"type":"Feature","geometry":{"type":"Polygon","coordinates":[[[24.793867,42.241827],[24.792284,42.243336],[24.792279,42.243357],[24.792337,42.244008],[24.79233,42.244061],[24.792419,42.245007],[24.792539,42.244958],[24.792414,42.244072],[24.792357,42.243391],[24.792365,42.243354],[24.793965,42.241818],[24.793867,42.241827]]]},"properties":{"cadnum":"39918.10.57","purptype":"Територия, заета от води и водни обекти","usetype":"Напоителен канал","proptype":"Общинска частна","immaddr":"с. Крислово","place":"с. КРИСЛОВО","area":2694.6350724654,"cadreg":10,"pnum":"57"}},{"type":"Feature","geometry":{"type":"Polygon","coordinates":[[[24.792298,42.245345],[24.791404,42.246342],[24.792328,42.246124],[24.792312,42.246074],[24.792532,42.246023],[24.792298,42.245345]]]},"properties":{"cadnum":"39918.10.58","purptype":"Земеделска","usetype":"Нива","proptype":"Частна","immaddr":"с. Крислово","place":"с. КРИСЛОВО","area":4019.8130509826,"cadreg":10,"pnum":"58"}},{"type":"Feature","geometry":{"type":"Polygon","coordinates":[[[24.792532,42.246023],[24.79318,42.245873],[24.793034,42.245452],[24.792386,42.245602],[24.792532,42.246023]]]},"properties":{"cadnum":"39918.10.59","purptype":"Земеделска","usetype":"Нива","proptype":"Частна","immaddr":"с. Крислово","place":"с. КРИСЛОВО","area":2699.7838139797,"cadreg":10,"pnum":"59"}},{"type":"Feature","geometry":{"type":"Polygon","coordinates":[[[24.79318,42.245873],[24.793453,42.24581],[24.793307,42.245388],[24.793034,42.245452],[24.79318,42.245873]]]},"properties":{"cadnum":"39918.10.60","purptype":"Земеделска","usetype":"Нива","proptype":"Частна","immaddr":"с. Крислово","place":"с. КРИСЛОВО","area":1139.8027104954,"cadreg":10,"pnum":"60"}},{"type":"Feature","geometry":{"type":"Polygon","coordinates":[[[24.793098,42.245408],[24.793264,42.24537],[24.793123,42.244963],[24.792956,42.244998],[24.793098,42.245408]]]},"properties":{"cadnum":"39918.10.61","purptype":"Земеделска","usetype":"Нива","proptype":"Частна","immaddr":"с. Крислово","place":"с. КРИСЛОВО","area":670.01536699258,"cadreg":10,"pnum":"61"}},{"type":"Feature","geometry":{"type":"Polygon","coordinates":[[[24.792956,42.244998],[24.792778,42.245035],[24.792922,42.245449],[24.793098,42.245408],[24.792956,42.244998]]]},"properties":{"cadnum":"39918.10.62","purptype":"Земеделска","usetype":"Нива","proptype":"Частна","immaddr":"с. Крислово","place":"с. КРИСЛОВО","area":720.04302900659,"cadreg":10,"pnum":"62"}},{"type":"Feature","geometry":{"type":"Polygon","coordinates":[[[24.792778,42.245035],[24.792615,42.245069],[24.792759,42.245487],[24.792922,42.245449],[24.792778,42.245035]]]},"properties":{"cadnum":"39918.10.63","purptype":"Земеделска","usetype":"Нива","proptype":"Частна","immaddr":"с. Крислово","place":"с. КРИСЛОВО","area":669.91028599774,"cadreg":10,"pnum":"63"}},{"type":"Feature","geometry":{"type":"Polygon","coordinates":[[[24.792615,42.245069],[24.792529,42.245086],[24.792459,42.245164],[24.792585,42.245527],[24.792759,42.245487],[24.792615,42.245069]]]},"properties":{"cadnum":"39918.10.64","purptype":"Земеделска","usetype":"Нива","proptype":"Частна","immaddr":"с. Крислово","place":"с. КРИСЛОВО","area":699.87269649494,"cadreg":10,"pnum":"64"}},{"type":"Feature","geometry":{"type":"Polygon","coordinates":[[[24.792377,42.245575],[24.792585,42.245527],[24.792459,42.245164],[24.792298,42.245345],[24.792377,42.245575]]]},"properties":{"cadnum":"39918.10.65","purptype":"Земеделска","usetype":"Нива","proptype":"Частна","immaddr":"с. Крислово","place":"с. КРИСЛОВО","area":610.62114800926,"cadreg":10,"pnum":"65"}},{"type":"Feature","geometry":{"type":"Polygon","coordinates":[[[24.792386,42.245602],[24.793307,42.245388],[24.793158,42.244956],[24.793123,42.244963],[24.793264,42.24537],[24.792377,42.245575],[24.792386,42.245602]]]},"properties":{"cadnum":"39918.10.66","purptype":"Земеделска","usetype":"За селскостопански, горски, ведомствен път","proptype":"Общинска публична","immaddr":"с. Крислово","place":"с. КРИСЛОВО","area":378.81274349676,"cadreg":10,"pnum":"66"}},{"type":"Feature","geometry":{"type":"Polygon","coordinates":[[[24.792901,42.247832],[24.792805,42.247767],[24.792267,42.24787],[24.792317,42.248011],[24.79284,42.24791],[24.792916,42.247885],[24.792901,42.247832]]]},"properties":{"cadnum":"39918.10.67","purptype":"Земеделска","usetype":"Пасище","proptype":"Частна","immaddr":"с. Крислово","place":"с. КРИСЛОВО","area":800.98302100012,"cadreg":10,"pnum":"67"}},{"type":"Feature","geometry":{"type":"Polygon","coordinates":[[[24.793517,42.246413],[24.79383,42.246353],[24.793615,42.245772],[24.793315,42.245842],[24.793517,42.246413]]]},"properties":{"cadnum":"39918.10.75","purptype":"Земеделска","usetype":"За друг вид производствен, складов обект","proptype":"Частна","quarter":"10, стопански двор","immaddr":"с. Крислово","place":"с. КРИСЛОВО","area":1746.2071315032,"cadreg":10,"pnum":"75"}},{"type":"Feature","geometry":{"type":"Polygon","coordinates":[[[24.79383,42.246353],[24.794194,42.246284],[24.794091,42.245996],[24.794246,42.245967],[24.794129,42.245653],[24.793615,42.245772],[24.79383,42.246353]]]},"properties":{"cadnum":"39918.10.76","purptype":"Земеделска","usetype":"За друг вид производствен, складов обект","proptype":"Частна","quarter":"10, стопански двор","immaddr":"с. Крислово","place":"с. КРИСЛОВО","area":2588.7186334998,"cadreg":10,"pnum":"76"}},{"type":"Feature","geometry":{"type":"Polygon","coordinates":[[[24.794194,42.246284],[24.794512,42.246224],[24.794406,42.245935],[24.794091,42.245996],[24.794194,42.246284]]]},"properties":{"cadnum":"39918.10.77","purptype":"Земеделска","usetype":"За друг вид производствен, складов обект","proptype":"Частна","quarter":"10-стоп.дв","immaddr":"с. Крислово","area":892.61332999529,"cadreg":10,"pnum":"77"}},{"type":"Feature","geometry":{"type":"Polygon","coordinates":[[[24.794512,42.246224],[24.794829,42.246164],[24.794723,42.245876],[24.794406,42.245935],[24.794512,42.246224]]]},"properties":{"cadnum":"39918.10.78","purptype":"Земеделска","usetype":"За друг вид производствен, складов обект","proptype":"Частна","quarter":"10-стоп.дв","immaddr":"с. Крислово","area":896.74235149903,"cadreg":10,"pnum":"78"}},{"type":"Feature","geometry":{"type":"Polygon","coordinates":[[[24.794703,42.245823],[24.794838,42.245798],[24.794769,42.245604],[24.795254,42.245509],[24.795211,42.2454],[24.794587,42.245546],[24.794703,42.245823]]]},"properties":{"cadnum":"39918.10.79","purptype":"Земеделска","usetype":"За друг вид производствен, складов обект","proptype":"Частна","quarter":"10-стоп.дв","immaddr":"с. Крислово","area":872.39463699125,"cadreg":10,"pnum":"79"}},{"type":"Feature","geometry":{"type":"Polygon","coordinates":[[[24.794838,42.245798],[24.795135,42.245741],[24.795063,42.245547],[24.794769,42.245604],[24.794838,42.245798]]]},"properties":{"cadnum":"39918.10.80","purptype":"Земеделска","usetype":"За друг вид производствен, складов обект","proptype":"Частна","quarter":"10-стоп.дв","immaddr":"с. Крислово","area":562.37716200498,"cadreg":10,"pnum":"80"}},{"type":"Feature","geometry":{"type":"Polygon","coordinates":[[[24.795063,42.245547],[24.795178,42.245858],[24.795387,42.245818],[24.795391,42.24583],[24.795532,42.245799],[24.795413,42.245477],[24.795063,42.245547]]]},"properties":{"cadnum":"39918.10.81","purptype":"Земеделска","usetype":"За друг вид производствен, складов обект","proptype":"Частна","quarter":"10-стоп.дв","immaddr":"с. Крислово","area":1092.6500559933,"cadreg":10,"pnum":"81"}},{"type":"Feature","geometry":{"type":"Polygon","coordinates":[[[24.795413,42.245477],[24.795365,42.245363],[24.795211,42.2454],[24.795254,42.245509],[24.795413,42.245477]]]},"properties":{"cadnum":"39918.10.82","purptype":"Земеделска","usetype":"За друг вид производствен, складов обект","proptype":"Частна","quarter":"10-стоп.дв","immaddr":"с. Крислово","area":173.93111000371,"cadreg":10,"pnum":"82"}},{"type":"Feature","geometry":{"type":"Polygon","coordinates":[[[24.794723,42.245876],[24.794587,42.245546],[24.794129,42.245653],[24.794246,42.245967],[24.794723,42.245876]]]},"properties":{"cadnum":"39918.10.84","purptype":"Земеделска","usetype":"За друг вид производствен, складов обект","proptype":"Частна","quarter":"10-стоп.дв","immaddr":"с. Крислово","area":1502.3160050033,"cadreg":10,"pnum":"84"}},{"type":"Feature","geometry":{"type":"Polygon","coordinates":[[[24.79538,42.24536],[24.795116,42.244617],[24.793222,42.244979],[24.793158,42.244956],[24.793453,42.24581],[24.79538,42.24536]]]},"properties":{"cadnum":"39918.10.86","purptype":"Земеделска","usetype":"Нива","proptype":"Общинска частна","immaddr":"с. Крислово","place":"с. КРИСЛОВО","area":14929.77254047,"cadreg":10,"pnum":"86"}},{"type":"Feature","geometry":{"type":"Polygon","coordinates":[[[24.79492,42.246203],[24.795618,42.24607],[24.795575,42.245945],[24.795548,42.245893],[24.795532,42.245878],[24.795417,42.245898],[24.795431,42.245934],[24.794862,42.246046],[24.79492,42.246203]]]},"properties":{"cadnum":"39918.10.95","purptype":"Земеделска","usetype":"За друг вид производствен, складов обект","proptype":"Частна","immaddr":"с. Крислово, Стопански двор","area":1130.8890044703,"cadreg":10,"pnum":"95"}},{"type":"Feature","geometry":{"type":"Polygon","coordinates":[[[24.795127,42.245938],[24.795079,42.245808],[24.794794,42.245862],[24.794842,42.245994],[24.795127,42.245938]]]},"properties":{"cadnum":"39918.10.102","purptype":"Земеделска","usetype":"За стопански двор","proptype":"Частна","immaddr":"с. Крислово","place":"ДЕРМЕН УЗУН","area":368.05383349804,"cadreg":10,"pnum":"102"}},{"type":"Feature","geometry":{"type":"Polygon","coordinates":[[[24.796005,42.247295],[24.795989,42.247242],[24.792881,42.247818],[24.792901,42.247832],[24.792914,42.247867],[24.796005,42.247295]]]},"properties":{"cadnum":"39918.10.106","purptype":"Земеделска","usetype":"За селскостопански, горски, ведомствен път","proptype":"Общинска публична","immaddr":"с. Крислово","place":"с. КРИСЛОВО","area":1579.2644710625,"cadreg":10,"pnum":"106"}},{"type":"Feature","geometry":{"type":"Polygon","coordinates":[[[24.795618,42.24607],[24.794748,42.246236],[24.795003,42.246934],[24.793917,42.247136],[24.793649,42.246388],[24.793517,42.246413],[24.793315,42.245842],[24.792312,42.246074],[24.792328,42.246124],[24.791404,42.246342],[24.789656,42.248284],[24.789611,42.248455],[24.789699,42.248496],[24.789744,42.248508],[24.792317,42.248011],[24.792267,42.24787],[24.792805,42.247767],[24.792881,42.247818],[24.795989,42.247242],[24.795618,42.24607]]]},"properties":{"cadnum":"39918.10.107","purptype":"Земеделска","usetype":"Пасище","proptype":"Общинска публична","immaddr":"с. Крислово","place":"с. КРИСЛОВО","area":70675.908590927,"cadreg":10,"pnum":"107"}},{"type":"Feature","geometry":{"type":"Polygon","coordinates":[[[24.795127,42.245938],[24.794772,42.246008],[24.794829,42.246164],[24.793649,42.246388],[24.793668,42.246441],[24.79492,42.246203],[24.794862,42.246046],[24.795431,42.245934],[24.795417,42.245898],[24.795532,42.245878],[24.79551,42.245806],[24.795391,42.24583],[24.795387,42.245818],[24.795103,42.245872],[24.795127,42.245938]]]},"properties":{"cadnum":"39918.10.109","purptype":"Земеделска","usetype":"За друг поземлен имот за движение и транспорт","proptype":"Общинска публична","immaddr":"с. Крислово","area":1311.0917595464,"cadreg":10,"pnum":"109"}},{"type":"Feature","geometry":{"type":"Polygon","coordinates":[[[24.794842,42.245994],[24.794794,42.245862],[24.795079,42.245808],[24.795103,42.245872],[24.795178,42.245858],[24.795135,42.245741],[24.794703,42.245823],[24.794772,42.246008],[24.794842,42.245994]]]},"properties":{"cadnum":"39918.10.110","purptype":"Земеделска","usetype":"За друг поземлен имот за движение и транспорт","proptype":"Общинска частна","immaddr":"с. Крислово","area":360.31993299499,"cadreg":10,"pnum":"110"}},{"type":"Feature","geometry":{"type":"Polygon","coordinates":[[[24.793955,42.243652],[24.793941,42.243398],[24.793646,42.243407],[24.793718,42.24366],[24.793955,42.243652]]]},"properties":{"cadnum":"39918.10.112","purptype":"Урбанизирана","usetype":"Ниско застрояване (до 10 m)","proptype":"Съсобственост","immaddr":"с. Крислово","area":619.9703234929,"cadreg":10,"pnum":"112"}},{"type":"Feature","geometry":{"type":"Polygon","coordinates":[[[24.794292,42.243642],[24.794281,42.243442],[24.793944,42.243452],[24.793955,42.243652],[24.794292,42.243642]]]},"properties":{"cadnum":"39918.10.113","purptype":"Урбанизирана","usetype":"Ниско застрояване (до 10 m)","proptype":"Частна","immaddr":"с. Крислово","area":619.8382340015,"cadreg":10,"pnum":"113"}},{"type":"Feature","geometry":{"type":"Polygon","coordinates":[[[24.794629,42.243632],[24.794618,42.243432],[24.794281,42.243442],[24.794292,42.243642],[24.794629,42.243632]]]},"properties":{"cadnum":"39918.10.114","purptype":"Урбанизирана","usetype":"Ниско застрояване (до 10 m)","proptype":"Частна","immaddr":"с. Крислово","area":620.04503751336,"cadreg":10,"pnum":"114"}},{"type":"Feature","geometry":{"type":"Polygon","coordinates":[[[24.794931,42.243623],[24.794988,42.24342],[24.794618,42.243432],[24.794629,42.243632],[24.794931,42.243623]]]},"properties":{"cadnum":"39918.10.115","purptype":"Урбанизирана","usetype":"Ниско застрояване (до 10 m)","proptype":"Частна","immaddr":"с. Крислово","area":617.80206000729,"cadreg":10,"pnum":"115"}},{"type":"Feature","geometry":{"type":"Polygon","coordinates":[[[24.794988,42.24342],[24.795003,42.243366],[24.793941,42.243398],[24.793944,42.243452],[24.794988,42.24342]]]},"properties":{"cadnum":"39918.10.116","purptype":"Урбанизирана","usetype":"За второстепенна улица","proptype":"Съсобственост","immaddr":"с. Крислово","area":522.05298648512,"cadreg":10,"pnum":"116"}},{"type":"Feature","geometry":{"type":"Polygon","coordinates":[[[24.794008,42.244733],[24.793972,42.244423],[24.793935,42.244425],[24.79393,42.244371],[24.793718,42.244384],[24.79376,42.244782],[24.794008,42.244733]]]},"properties":{"cadnum":"39918.10.118","purptype":"Урбанизирана","usetype":"Ниско застрояване (до 10 m)","proptype":"Частна","immaddr":"с. Крислово","place":"с. КРИСЛОВО","area":860.35368099946,"cadreg":10,"pnum":"118"}},{"type":"Feature","geometry":{"type":"Polygon","coordinates":[[[24.794249,42.244685],[24.794214,42.244355],[24.794002,42.244367],[24.794008,42.244421],[24.793972,42.244423],[24.794008,42.244733],[24.794249,42.244685]]]},"properties":{"cadnum":"39918.10.119","purptype":"Урбанизирана","usetype":"Ниско застрояване (до 10 m)","proptype":"Частна","immaddr":"с. Крислово","place":"с. КРИСЛОВО","area":770.49536449829,"cadreg":10,"pnum":"119"}},{"type":"Feature","geometry":{"type":"Polygon","coordinates":[[[24.794214,42.244355],[24.794174,42.24397],[24.793962,42.243982],[24.794002,42.244367],[24.794214,42.244355]]]},"properties":{"cadnum":"39918.10.120","purptype":"Урбанизирана","usetype":"Ниско застрояване (до 10 m)","proptype":"Частна","immaddr":"с. Крислово","place":"с. КРИСЛОВО","area":752.15055649811,"cadreg":10,"pnum":"120"}},{"type":"Feature","geometry":{"type":"Polygon","coordinates":[[[24.79393,42.244371],[24.79389,42.243987],[24.793678,42.243999],[24.793718,42.244384],[24.79393,42.244371]]]},"properties":{"cadnum":"39918.10.121","purptype":"Урбанизирана","usetype":"Ниско застрояване (до 10 m)","proptype":"Частна","immaddr":"с. Крислово","place":"с. КРИСЛОВО","area":752.05842849956,"cadreg":10,"pnum":"121"}},{"type":"Feature","geometry":{"type":"Polygon","coordinates":[[[24.794008,42.244421],[24.793962,42.243982],[24.794174,42.24397],[24.794173,42.243957],[24.793676,42.243985],[24.793678,42.243999],[24.79389,42.243987],[24.793935,42.244425],[24.794008,42.244421]]]},"properties":{"cadnum":"39918.10.122","purptype":"Урбанизирана","usetype":"За друг поземлен имот за движение и транспорт","proptype":"Частна","immaddr":"с. Крислово","place":"с. КРИСЛОВО","area":354.84432300081,"cadreg":10,"pnum":"122"}},{"type":"Feature","geometry":{"type":"Polygon","coordinates":[[[24.776143,42.241195],[24.776162,42.24068],[24.775331,42.240599],[24.775163,42.241549],[24.775897,42.241342],[24.775907,42.241248],[24.776143,42.241195]]]},"properties":{"cadnum":"39918.11.1","purptype":"Земеделска","usetype":"Нива","proptype":"Частна","immaddr":"с. Крислово","place":"КАМЪШЛЪКА","area":6119.0259730145,"cadreg":11,"pnum":"1"}},{"type":"Feature","geometry":{"type":"Polygon","coordinates":[[[24.775331,42.240599],[24.776162,42.24068],[24.77618,42.24019],[24.775416,42.240115],[24.775331,42.240599]]]},"properties":{"cadnum":"39918.11.2","purptype":"Земеделска","usetype":"Нива","proptype":"Частна","immaddr":"с. Крислово","place":"КАМЪШЛЪКА","area":3600.5117654922,"cadreg":11,"pnum":"2"}},{"type":"Feature","geometry":{"type":"Polygon","coordinates":[[[24.776206,42.239509],[24.775534,42.239443],[24.775416,42.240115],[24.77618,42.24019],[24.776206,42.239509]]]},"properties":{"cadnum":"39918.11.3","purptype":"Земеделска","usetype":"Нива","proptype":"Частна","immaddr":"с. Крислово","place":"КАМЪШЛЪКА","area":4500.6550939829,"cadreg":11,"pnum":"3"}},{"type":"Feature","geometry":{"type":"Polygon","coordinates":[[[24.775614,42.238991],[24.775534,42.239443],[24.776206,42.239509],[24.776223,42.23905],[24.775614,42.238991]]]},"properties":{"cadnum":"39918.11.4","purptype":"Земеделска","usetype":"Нива","proptype":"Частна","immaddr":"с. Крислово","place":"КАМЪШЛЪКА","area":2699.430869008,"cadreg":11,"pnum":"4"}},{"type":"Feature","geometry":{"type":"Polygon","coordinates":[[[24.776223,42.23905],[24.776231,42.238823],[24.776266,42.237888],[24.775786,42.238015],[24.775614,42.238991],[24.776223,42.23905]]]},"properties":{"cadnum":"39918.11.5","purptype":"Земеделска","usetype":"Нива","proptype":"Частна","immaddr":"с. Крислово","place":"КАМЪШЛЪКА","area":5302.1354424995,"cadreg":11,"pnum":"5"}},{"type":"Feature","geometry":{"type":"Polygon","coordinates":[[[24.776194,42.23982],[24.776143,42.241195],[24.777173,42.240963],[24.777037,42.239767],[24.776194,42.23982]]]},"properties":{"cadnum":"39918.11.7","purptype":"Земеделска","usetype":"Нива","proptype":"Частна","immaddr":"с. Крислово","place":"КАМЪШЛЪКА","area":11097.188981028,"cadreg":11,"pnum":"7"}},{"type":"Feature","geometry":{"type":"Polygon","coordinates":[[[24.778025,42.240224],[24.777145,42.24028],[24.777222,42.240953],[24.778086,42.240758],[24.778025,42.240224]]]},"properties":{"cadnum":"39918.11.8","purptype":"Земеделска","usetype":"Нива","proptype":"Частна","immaddr":"с. Крислово","place":"КАМЪШЛЪКА","area":4903.063445044,"cadreg":11,"pnum":"8"}},{"type":"Feature","geometry":{"type":"Polygon","coordinates":[[[24.778025,42.240224],[24.777851,42.238698],[24.776971,42.238753],[24.777145,42.24028],[24.778025,42.240224]]]},"properties":{"cadnum":"39918.11.9","purptype":"Земеделска","usetype":"Нива","proptype":"Частна","immaddr":"с. Крислово","place":"КАМЪШЛЪКА","area":12398.193389474,"cadreg":11,"pnum":"9"}},{"type":"Feature","geometry":{"type":"Polygon","coordinates":[[[24.777813,42.238363],[24.779127,42.238281],[24.778999,42.237163],[24.777714,42.237504],[24.777813,42.238363]]]},"properties":{"cadnum":"39918.11.11","purptype":"Земеделска","usetype":"Нива","proptype":"Частна","immaddr":"с. Крислово","place":"КАМЪШЛЪКА","area":11998.460343489,"cadreg":11,"pnum":"11"}},{"type":"Feature","geometry":{"type":"Polygon","coordinates":[[[24.777813,42.238363],[24.777897,42.239105],[24.779212,42.239022],[24.779127,42.238281],[24.777813,42.238363]]]},"properties":{"cadnum":"39918.11.12","purptype":"Земеделска","usetype":"Нива","proptype":"Общинска частна","immaddr":"с. Крислово","place":"КАМЪШЛЪКА","area":8999.8634760169,"cadreg":11,"pnum":"12"}},{"type":"Feature","geometry":{"type":"Polygon","coordinates":[[[24.777989,42.239912],[24.778086,42.240758],[24.779377,42.240467],[24.779304,42.23983],[24.777989,42.239912]]]},"properties":{"cadnum":"39918.11.14","purptype":"Земеделска","usetype":"Нива","proptype":"Частна","immaddr":"с. Крислово","place":"КАМЪШЛЪКА","area":9003.3578550035,"cadreg":11,"pnum":"14"}},{"type":"Feature","geometry":{"type":"Polygon","coordinates":[[[24.779729,42.240388],[24.779622,42.239452],[24.779318,42.239471],[24.77943,42.240455],[24.779729,42.240388]]]},"properties":{"cadnum":"39918.11.15","purptype":"Земеделска","usetype":"Нива","proptype":"Частна","immaddr":"с. Крислово","place":"КАМЪШЛЪКА","area":2696.4728499986,"cadreg":11,"pnum":"15"}},{"type":"Feature","geometry":{"type":"Polygon","coordinates":[[[24.779622,42.239452],[24.779729,42.240388],[24.780469,42.240222],[24.780375,42.239405],[24.779622,42.239452]]]},"properties":{"cadnum":"39918.11.16","purptype":"Земеделска","usetype":"Нива","proptype":"Частна","immaddr":"с. Крислово","place":"КАМЪШЛЪКА","area":6099.2461244889,"cadreg":11,"pnum":"16"}},{"type":"Feature","geometry":{"type":"Polygon","coordinates":[[[24.78018,42.237694],[24.781929,42.237585],[24.7819,42.237337],[24.780152,42.237446],[24.78018,42.237694]]]},"properties":{"cadnum":"39918.11.18","purptype":"Земеделска","usetype":"Нива","proptype":"Частна","immaddr":"с. Крислово","place":"КАМЪШЛЪКА","area":3997.0532255348,"cadreg":11,"pnum":"18"}},{"type":"Feature","geometry":{"type":"Polygon","coordinates":[[[24.780244,42.238251],[24.780314,42.23887],[24.782065,42.238761],[24.781993,42.238142],[24.780244,42.238251]]]},"properties":{"cadnum":"39918.11.20","purptype":"Земеделска","usetype":"Нива","proptype":"Частна","immaddr":"с. Крислово","place":"КАМЪШЛЪКА","area":9997.8568020367,"cadreg":11,"pnum":"20"}},{"type":"Feature","geometry":{"type":"Polygon","coordinates":[[[24.77614,42.23584],[24.775821,42.237805],[24.775865,42.237826],[24.777709,42.237338],[24.776898,42.235646],[24.77614,42.23584]]]},"properties":{"cadnum":"39918.11.22","purptype":"Земеделска","usetype":"Нива","proptype":"Частна","immaddr":"с. Крислово","place":"КАМЪШЛЪКА","area":23200.334357499,"cadreg":11,"pnum":"22"}},{"type":"Feature","geometry":{"type":"Polygon","coordinates":[[[24.778666,42.237084],[24.777859,42.2354],[24.776898,42.235646],[24.777709,42.237338],[24.778666,42.237084]]]},"properties":{"cadnum":"39918.11.23","purptype":"Земеделска","usetype":"Нива","proptype":"Частна","immaddr":"с. Крислово","place":"КАМЪШЛЪКА","area":16698.146641472,"cadreg":11,"pnum":"23"}},{"type":"Feature","geometry":{"type":"Polygon","coordinates":[[[24.779317,42.236912],[24.778512,42.235233],[24.777859,42.2354],[24.778666,42.237084],[24.779317,42.236912]]]},"properties":{"cadnum":"39918.11.24","purptype":"Земеделска","usetype":"Нива","proptype":"Частна","immaddr":"с. Крислово","place":"КАМЪШЛЪКА","area":11301.901181512,"cadreg":11,"pnum":"24"}},{"type":"Feature","geometry":{"type":"Polygon","coordinates":[[[24.780788,42.236522],[24.780017,42.234915],[24.779113,42.235148],[24.779055,42.235094],[24.778512,42.235233],[24.779317,42.236912],[24.780788,42.236522]]]},"properties":{"cadnum":"39918.11.25","purptype":"Земеделска","usetype":"Нива","proptype":"Частна","immaddr":"с. Крислово","place":"КАМЪШЛЪКА","area":24859.658494525,"cadreg":11,"pnum":"25"}},{"type":"Feature","geometry":{"type":"Polygon","coordinates":[[[24.781276,42.235697],[24.780804,42.234712],[24.780017,42.234915],[24.780492,42.235905],[24.781276,42.235697]]]},"properties":{"cadnum":"39918.11.26","purptype":"Земеделска","usetype":"Нива","proptype":"Частна","immaddr":"с. Крислово","place":"КАМЪШЛЪКА","area":7999.0751689887,"cadreg":11,"pnum":"26"}},{"type":"Feature","geometry":{"type":"Polygon","coordinates":[[[24.781194,42.235526],[24.781572,42.236314],[24.782259,42.236132],[24.78188,42.235344],[24.781194,42.235526]]]},"properties":{"cadnum":"39918.11.28","purptype":"Земеделска","usetype":"Нива","proptype":"Частна","immaddr":"с. Крислово","place":"КАМЪШЛЪКА","area":5595.3509199813,"cadreg":11,"pnum":"28"}},{"type":"Feature","geometry":{"type":"Polygon","coordinates":[[[24.782639,42.236032],[24.782261,42.235243],[24.78188,42.235344],[24.782259,42.236132],[24.782639,42.236032]]]},"properties":{"cadnum":"39918.11.29","purptype":"Земеделска","usetype":"Нива","proptype":"Частна","immaddr":"с. Крислово","place":"КАМЪШЛЪКА","area":3101.1506035005,"cadreg":11,"pnum":"29"}},{"type":"Feature","geometry":{"type":"Polygon","coordinates":[[[24.782261,42.235243],[24.782639,42.236032],[24.782863,42.235972],[24.783043,42.235036],[24.782261,42.235243]]]},"properties":{"cadnum":"39918.11.30","purptype":"Земеделска","usetype":"Нива","proptype":"Частна","immaddr":"с. Крислово","place":"КАМЪШЛЪКА","area":4099.6833049873,"cadreg":11,"pnum":"30"}},{"type":"Feature","geometry":{"type":"Polygon","coordinates":[[[24.784538,42.23495],[24.783224,42.235284],[24.783085,42.236013],[24.784892,42.235718],[24.784538,42.23495]]]},"properties":{"cadnum":"39918.11.31","purptype":"Земеделска","usetype":"Нива","proptype":"Частна","immaddr":"с. Крислово","place":"КАМЪШЛЪКА","area":11020.90705703,"cadreg":11,"pnum":"31"}},{"type":"Feature","geometry":{"type":"Polygon","coordinates":[[[24.78404,42.233914],[24.783459,42.234062],[24.783224,42.235284],[24.78452,42.234954],[24.78404,42.233914]]]},"properties":{"cadnum":"39918.11.32","purptype":"Земеделска","usetype":"Нива","proptype":"Частна","immaddr":"с. Крислово","place":"КАМЪШЛЪКА","area":9997.556162974,"cadreg":11,"pnum":"32"}},{"type":"Feature","geometry":{"type":"Polygon","coordinates":[[[24.78452,42.234954],[24.785092,42.234809],[24.784612,42.233768],[24.78404,42.233914],[24.78452,42.234954]]]},"properties":{"cadnum":"39918.11.33","purptype":"Земеделска","usetype":"Нива","proptype":"Частна","immaddr":"с. Крислово","place":"КАМЪШЛЪКА","area":6100.3190460023,"cadreg":11,"pnum":"33"}},{"type":"Feature","geometry":{"type":"Polygon","coordinates":[[[24.785345,42.235356],[24.785469,42.235625],[24.787007,42.235374],[24.786809,42.234983],[24.785345,42.235356]]]},"properties":{"cadnum":"39918.11.34","purptype":"Земеделска","usetype":"Нива","proptype":"Частна","immaddr":"с. Крислово","place":"КАМЪШЛЪКА","area":5002.6482069434,"cadreg":11,"pnum":"34"}},{"type":"Feature","geometry":{"type":"Polygon","coordinates":[[[24.784538,42.23495],[24.784892,42.235718],[24.785469,42.235625],[24.785092,42.234809],[24.784538,42.23495]]]},"properties":{"cadnum":"39918.11.37","purptype":"Земеделска","usetype":"Нива","proptype":"Частна","immaddr":"с. Крислово","place":"КАМЪШЛЪКА","area":4499.8592860013,"cadreg":11,"pnum":"37"}},{"type":"Feature","geometry":{"type":"Polygon","coordinates":[[[24.786396,42.236416],[24.787034,42.236423],[24.787124,42.235882],[24.787122,42.235755],[24.787057,42.235507],[24.786411,42.235616],[24.786396,42.236416]]]},"properties":{"cadnum":"39918.11.38","purptype":"Земеделска","usetype":"Нива","proptype":"Частна","immaddr":"с. Крислово","place":"КАМЪШЛЪКА","area":5399.5153269714,"cadreg":11,"pnum":"38"}},{"type":"Feature","geometry":{"type":"Polygon","coordinates":[[[24.786396,42.236416],[24.786411,42.235616],[24.785794,42.235721],[24.78578,42.23641],[24.786396,42.236416]]]},"properties":{"cadnum":"39918.11.39","purptype":"Земеделска","usetype":"Нива","proptype":"Частна","immaddr":"с. Крислово","place":"КАМЪШЛЪКА","area":4200.3382719838,"cadreg":11,"pnum":"39"}},{"type":"Feature","geometry":{"type":"Polygon","coordinates":[[[24.78578,42.23641],[24.785794,42.235721],[24.784788,42.235891],[24.784778,42.236399],[24.78578,42.23641]]]},"properties":{"cadnum":"39918.11.40","purptype":"Земеделска","usetype":"Нива","proptype":"Частна","immaddr":"с. Крислово","place":"КАМЪШЛЪКА","area":5500.229475501,"cadreg":11,"pnum":"40"}},{"type":"Feature","geometry":{"type":"Polygon","coordinates":[[[24.784766,42.237005],[24.784788,42.235891],[24.783417,42.236123],[24.783401,42.23699],[24.784766,42.237005]]]},"properties":{"cadnum":"39918.11.41","purptype":"Земеделска","usetype":"Нива","proptype":"Частна","immaddr":"с. Крислово","place":"КАМЪШЛЪКА","area":12399.811619018,"cadreg":11,"pnum":"41"}},{"type":"Feature","geometry":{"type":"Polygon","coordinates":[[[24.785317,42.236405],[24.784778,42.236399],[24.784766,42.237005],[24.785306,42.237011],[24.785317,42.236405]]]},"properties":{"cadnum":"39918.11.42","purptype":"Земеделска","usetype":"Нива","proptype":"Частна","immaddr":"с. Крислово","place":"КАМЪШЛЪКА","area":3001.2948995086,"cadreg":11,"pnum":"42"}},{"type":"Feature","geometry":{"type":"Polygon","coordinates":[[[24.785314,42.236597],[24.787002,42.236615],[24.787034,42.236423],[24.785317,42.236405],[24.785314,42.236597]]]},"properties":{"cadnum":"39918.11.43","purptype":"Земеделска","usetype":"Нива","proptype":"Частна","immaddr":"с. Крислово","place":"КАМЪШЛЪКА","area":2998.0760374665,"cadreg":11,"pnum":"43"}},{"type":"Feature","geometry":{"type":"Polygon","coordinates":[[[24.786725,42.238352],[24.786929,42.237064],[24.786112,42.237056],[24.786087,42.238346],[24.786725,42.238352]]]},"properties":{"cadnum":"39918.11.45","purptype":"Земеделска","usetype":"Нива","proptype":"Частна","immaddr":"с. Крислово","place":"КАМЪШЛЪКА","area":8597.6609459817,"cadreg":11,"pnum":"45"}},{"type":"Feature","geometry":{"type":"Polygon","coordinates":[[[24.784041,42.237033],[24.782027,42.237011],[24.782153,42.238137],[24.784019,42.238157],[24.784041,42.237033]]]},"properties":{"cadnum":"39918.11.47","purptype":"Земеделска","usetype":"Нива","proptype":"Частна","immaddr":"с. Крислово","place":"КАМЪШЛЪКА","area":19997.888457993,"cadreg":11,"pnum":"47"}},{"type":"Feature","geometry":{"type":"Polygon","coordinates":[[[24.784019,42.238157],[24.782153,42.238137],[24.782215,42.238698],[24.784008,42.238717],[24.784019,42.238157]]]},"properties":{"cadnum":"39918.11.48","purptype":"Земеделска","usetype":"Нива","proptype":"Частна","immaddr":"с. Крислово","place":"КАМЪШЛЪКА","area":9399.2281330165,"cadreg":11,"pnum":"48"}},{"type":"Feature","geometry":{"type":"Polygon","coordinates":[[[24.784008,42.238717],[24.786663,42.238746],[24.786725,42.238352],[24.784016,42.238323],[24.784008,42.238717]]]},"properties":{"cadnum":"39918.11.49","purptype":"Земеделска","usetype":"Нива","proptype":"Частна","immaddr":"с. Крислово","place":"КАМЪШЛЪКА","area":9691.6889295049,"cadreg":11,"pnum":"49"}},{"type":"Feature","geometry":{"type":"Polygon","coordinates":[[[24.786547,42.239479],[24.786657,42.238782],[24.785828,42.238773],[24.785815,42.239471],[24.786547,42.239479]]]},"properties":{"cadnum":"39918.11.50","purptype":"Земеделска","usetype":"Нива","proptype":"Частна","immaddr":"с. Крислово","place":"КАМЪШЛЪКА","area":4993.9883864973,"cadreg":11,"pnum":"50"}},{"type":"Feature","geometry":{"type":"Polygon","coordinates":[[[24.785346,42.239466],[24.785815,42.239471],[24.785828,42.238773],[24.78536,42.238768],[24.785346,42.239466]]]},"properties":{"cadnum":"39918.11.51","purptype":"Земеделска","usetype":"Нива","proptype":"Частна","immaddr":"с. Крислово","place":"КАМЪШЛЪКА","area":3000.4145344944,"cadreg":11,"pnum":"51"}},{"type":"Feature","geometry":{"type":"Polygon","coordinates":[[[24.783939,42.239451],[24.785346,42.239466],[24.78536,42.238768],[24.783953,42.238753],[24.783939,42.239451]]]},"properties":{"cadnum":"39918.11.52","purptype":"Земеделска","usetype":"Нива","proptype":"Частна","immaddr":"с. Крислово","place":"КАМЪШЛЪКА","area":8999.09753097,"cadreg":11,"pnum":"52"}},{"type":"Feature","geometry":{"type":"Polygon","coordinates":[[[24.783203,42.238745],[24.783189,42.239442],[24.783939,42.239451],[24.783953,42.238753],[24.783203,42.238745]]]},"properties":{"cadnum":"39918.11.53","purptype":"Земеделска","usetype":"Нива","proptype":"Частна","immaddr":"с. Крислово","place":"КАМЪШЛЪКА","area":4799.7971184767,"cadreg":11,"pnum":"53"}},{"type":"Feature","geometry":{"type":"Polygon","coordinates":[[[24.783203,42.238745],[24.782219,42.238734],[24.782257,42.239075],[24.783196,42.239085],[24.783203,42.238745]]]},"properties":{"cadnum":"39918.11.54","purptype":"Земеделска","usetype":"Нива","proptype":"Частна","immaddr":"с. Крислово","place":"КАМЪШЛЪКА","area":2999.1070459731,"cadreg":11,"pnum":"54"}},{"type":"Feature","geometry":{"type":"Polygon","coordinates":[[[24.783196,42.239085],[24.782257,42.239075],[24.782297,42.239433],[24.783189,42.239442],[24.783196,42.239085]]]},"properties":{"cadnum":"39918.11.55","purptype":"Земеделска","usetype":"Нива","proptype":"Частна","immaddr":"с. Крислово","place":"КАМЪШЛЪКА","area":3002.3959450348,"cadreg":11,"pnum":"55"}},{"type":"Feature","geometry":{"type":"Polygon","coordinates":[[[24.782297,42.239433],[24.782372,42.240104],[24.782814,42.240118],[24.782828,42.239439],[24.782297,42.239433]]]},"properties":{"cadnum":"39918.11.56","purptype":"Земеделска","usetype":"Нива","proptype":"Частна","immaddr":"с. Крислово","place":"КАМЪШЛЪКА","area":3007.2846609944,"cadreg":11,"pnum":"56"}},{"type":"Feature","geometry":{"type":"Polygon","coordinates":[[[24.782814,42.240118],[24.78329,42.240139],[24.783304,42.239444],[24.782828,42.239439],[24.782814,42.240118]]]},"properties":{"cadnum":"39918.11.57","purptype":"Земеделска","usetype":"Нива","proptype":"Частна","immaddr":"с. Крислово","place":"КАМЪШЛЪКА","area":3000.0880504918,"cadreg":11,"pnum":"57"}},{"type":"Feature","geometry":{"type":"Polygon","coordinates":[[[24.783304,42.239444],[24.78329,42.240139],[24.783389,42.240143],[24.783762,42.240134],[24.783776,42.239449],[24.783304,42.239444]]]},"properties":{"cadnum":"39918.11.58","purptype":"Земеделска","usetype":"Нива","proptype":"Частна","immaddr":"с. Крислово","place":"КАМЪШЛЪКА","area":2998.680184522,"cadreg":11,"pnum":"58"}},{"type":"Feature","geometry":{"type":"Polygon","coordinates":[[[24.784757,42.239459],[24.784744,42.240108],[24.785084,42.2401],[24.785096,42.239463],[24.784757,42.239459]]]},"properties":{"cadnum":"39918.11.60","purptype":"Земеделска","usetype":"Нива","proptype":"Частна","immaddr":"с. Крислово","place":"КАМЪШЛЪКА","area":1999.011852997,"cadreg":11,"pnum":"60"}},{"type":"Feature","geometry":{"type":"Polygon","coordinates":[[[24.785796,42.239471],[24.785096,42.239463],[24.785084,42.2401],[24.785784,42.240082],[24.785796,42.239471]]]},"properties":{"cadnum":"39918.11.61","purptype":"Земеделска","usetype":"Нива","proptype":"Частна","immaddr":"с. Крислово","place":"КАМЪШЛЪКА","area":3999.9815739809,"cadreg":11,"pnum":"61"}},{"type":"Feature","geometry":{"type":"Polygon","coordinates":[[[24.786547,42.239479],[24.785796,42.239471],[24.785784,42.240082],[24.786455,42.240064],[24.786547,42.239479]]]},"properties":{"cadnum":"39918.11.62","purptype":"Земеделска","usetype":"Нива","proptype":"Частна","immaddr":"с. Крислово","place":"КАМЪШЛЪКА","area":3900.6386325016,"cadreg":11,"pnum":"62"}},{"type":"Feature","geometry":{"type":"Polygon","coordinates":[[[24.783401,42.23699],[24.783417,42.236123],[24.783097,42.236179],[24.783023,42.236183],[24.782897,42.236177],[24.782781,42.23616],[24.782617,42.236203],[24.782602,42.236982],[24.783401,42.23699]]]},"properties":{"cadnum":"39918.11.63","purptype":"Земеделска","usetype":"Нива","proptype":"Частна","immaddr":"с. Крислово","place":"КАМЪШЛЪКА","area":5997.8863770178,"cadreg":11,"pnum":"63"}},{"type":"Feature","geometry":{"type":"Polygon","coordinates":[[[24.780375,42.239405],[24.780259,42.238381],[24.779201,42.238448],[24.779318,42.239471],[24.780375,42.239405]]]},"properties":{"cadnum":"39918.11.65","purptype":"Земеделска","usetype":"Нива","proptype":"Частна","immaddr":"с. Крислово","place":"КАМЪШЛЪКА","area":10000.633562995,"cadreg":11,"pnum":"65"}},{"type":"Feature","geometry":{"type":"Polygon","coordinates":[[[24.782324,42.240103],[24.781966,42.236898],[24.781898,42.236897],[24.782262,42.240049],[24.78169,42.240053],[24.781092,42.240119],[24.775898,42.241288],[24.775897,42.241342],[24.775946,42.241338],[24.781174,42.24018],[24.781702,42.240122],[24.782324,42.240103]]]},"properties":{"cadnum":"39918.11.67","purptype":"Територия, заета от води и водни обекти","usetype":"Напоителен канал","proptype":"Общинска частна","immaddr":"с. Крислово","place":"КАМЪШЛЪКА","area":5759.5729903911,"cadreg":11,"pnum":"67"}},{"type":"Feature","geometry":{"type":"Polygon","coordinates":[[[24.781794,42.236422],[24.78221,42.240014],[24.781687,42.240017],[24.781081,42.240084],[24.775907,42.241248],[24.775898,42.241288],[24.781092,42.240119],[24.78169,42.240053],[24.782262,42.240049],[24.781842,42.236409],[24.781794,42.236422]]]},"properties":{"cadnum":"39918.11.68","purptype":"Земеделска","usetype":"За селскостопански, горски, ведомствен път","proptype":"Общинска публична","immaddr":"с. Крислово","place":"КАМЪШЛЪКА","area":3785.7422710133,"cadreg":11,"pnum":"68"}},{"type":"Feature","geometry":{"type":"Polygon","coordinates":[[[24.781842,42.236409],[24.781837,42.236372],[24.775742,42.237989],[24.775112,42.241564],[24.775163,42.241549],[24.775786,42.238015],[24.781842,42.236409]]]},"properties":{"cadnum":"39918.11.69","purptype":"Земеделска","usetype":"За селскостопански, горски, ведомствен път","proptype":"Общинска публична","immaddr":"с. Крислово","place":"КАМЪШЛЪКА","area":3722.7483725899,"cadreg":11,"pnum":"69"}},{"type":"Feature","geometry":{"type":"Polygon","coordinates":[[[24.777222,42.240953],[24.776971,42.238753],[24.776854,42.237732],[24.776806,42.237745],[24.777173,42.240963],[24.777222,42.240953]]]},"properties":{"cadnum":"39918.11.70","purptype":"Земеделска","usetype":"За селскостопански, горски, ведомствен път","proptype":"Общинска публична","immaddr":"с. Крислово","place":"КАМЪШЛЪКА","area":1472.0057764925,"cadreg":11,"pnum":"70"}},{"type":"Feature","geometry":{"type":"Polygon","coordinates":[[[24.77943,42.240455],[24.779318,42.239471],[24.779052,42.237149],[24.778999,42.237163],[24.779377,42.240467],[24.77943,42.240455]]]},"properties":{"cadnum":"39918.11.71","purptype":"Земеделска","usetype":"За селскостопански, горски, ведомствен път","proptype":"Общинска публична","immaddr":"с. Крислово","place":"КАМЪШЛЪКА","area":1657.1348630173,"cadreg":11,"pnum":"71"}},{"type":"Feature","geometry":{"type":"Polygon","coordinates":[[[24.782372,42.240104],[24.782023,42.236975],[24.781956,42.236378],[24.781842,42.236409],[24.781898,42.236897],[24.781966,42.236898],[24.782324,42.240103],[24.782372,42.240104]]]},"properties":{"cadnum":"39918.11.72","purptype":"Земеделска","usetype":"За селскостопански, горски, ведомствен път","proptype":"Общинска публична","immaddr":"с. Крислово","place":"КАМЪШЛЪКА","area":1968.8443380095,"cadreg":11,"pnum":"72"}},{"type":"Feature","geometry":{"type":"Polygon","coordinates":[[[24.786663,42.238746],[24.784008,42.238717],[24.782215,42.238698],[24.782219,42.238734],[24.783203,42.238745],[24.786657,42.238782],[24.786663,42.238746]]]},"properties":{"cadnum":"39918.11.73","purptype":"Земеделска","usetype":"За селскостопански, горски, ведомствен път","proptype":"Общинска публична","immaddr":"с. Крислово","place":"КАМЪШЛЪКА","area":1467.9938175658,"cadreg":11,"pnum":"73"}},{"type":"Feature","geometry":{"type":"Polygon","coordinates":[[[24.786934,42.237028],[24.782023,42.236975],[24.782027,42.237011],[24.786112,42.237056],[24.786929,42.237064],[24.786934,42.237028]]]},"properties":{"cadnum":"39918.11.74","purptype":"Земеделска","usetype":"За селскостопански, горски, ведомствен път","proptype":"Общинска публична","immaddr":"с. Крислово","place":"КАМЪШЛЪКА","area":1620.8964023788,"cadreg":11,"pnum":"74"}},{"type":"Feature","geometry":{"type":"Polygon","coordinates":[[[24.787124,42.235882],[24.786455,42.240064],[24.786503,42.240063],[24.786713,42.238736],[24.786966,42.237341],[24.787196,42.235884],[24.787198,42.235803],[24.787187,42.235754],[24.787095,42.235463],[24.783089,42.236143],[24.782967,42.236147],[24.782777,42.236123],[24.781837,42.236372],[24.781842,42.236409],[24.782781,42.23616],[24.782897,42.236177],[24.783023,42.236183],[24.783097,42.236179],[24.787057,42.235507],[24.787122,42.235755],[24.787124,42.235882]]]},"properties":{"cadnum":"39918.11.75","purptype":"Земеделска","usetype":"За селскостопански, горски, ведомствен път","proptype":"Общинска публична","immaddr":"с. Крислово","place":"КАМЪШЛЪКА","area":4452.9182675824,"cadreg":11,"pnum":"75"}},{"type":"Feature","geometry":{"type":"Polygon","coordinates":[[[24.782777,42.236123],[24.782967,42.236147],[24.783089,42.236143],[24.787095,42.235463],[24.787072,42.2354],[24.783027,42.236059],[24.783415,42.234035],[24.783278,42.234069],[24.782907,42.235999],[24.775757,42.237892],[24.775742,42.237989],[24.782777,42.236123]]]},"properties":{"cadnum":"39918.11.76","purptype":"Територия, заета от води и водни обекти","usetype":"Напоителен канал","proptype":"Общинска частна","immaddr":"с. Крислово","place":"КАМЪШЛЪКА","area":11515.724926525,"cadreg":11,"pnum":"76"}},{"type":"Feature","geometry":{"type":"Polygon","coordinates":[[[24.783227,42.234081],[24.782863,42.235972],[24.775865,42.237826],[24.775821,42.237805],[24.77614,42.23584],[24.776088,42.235855],[24.775757,42.237892],[24.782907,42.235999],[24.783278,42.234069],[24.783227,42.234081]]]},"properties":{"cadnum":"39918.11.77","purptype":"Земеделска","usetype":"За селскостопански, горски, ведомствен път","proptype":"Общинска публична","immaddr":"с. Крислово","place":"КАМЪШЛЪКА","area":4235.9439959515,"cadreg":11,"pnum":"77"}},{"type":"Feature","geometry":{"type":"Polygon","coordinates":[[[24.776088,42.235855],[24.779055,42.235094],[24.779113,42.235148],[24.78198,42.234409],[24.783219,42.234121],[24.783227,42.234081],[24.781964,42.234374],[24.779129,42.235106],[24.779071,42.235051],[24.776095,42.235813],[24.776088,42.235855]]]},"properties":{"cadnum":"39918.11.78","purptype":"Земеделска","usetype":"За селскостопански, горски, ведомствен път","proptype":"Общинска публична","immaddr":"с. Крислово","place":"КАМЪШЛЪКА","area":2499.3883414572,"cadreg":11,"pnum":"78"}},{"type":"Feature","geometry":{"type":"Polygon","coordinates":[[[24.783227,42.234081],[24.786198,42.233325],[24.786166,42.233249],[24.779071,42.235051],[24.779129,42.235106],[24.781964,42.234374],[24.783227,42.234081]]]},"properties":{"cadnum":"39918.11.79","purptype":"Територия, заета от води и водни обекти","usetype":"Напоителен канал","proptype":"Държавна частна","immaddr":"с. Крислово","place":"КАМЪШЛЪКА","area":4846.4695744828,"cadreg":11,"pnum":"79"}},{"type":"Feature","geometry":{"type":"Polygon","coordinates":[[[24.787055,42.235366],[24.783085,42.236013],[24.783467,42.234022],[24.783415,42.234035],[24.783027,42.236059],[24.787072,42.2354],[24.787055,42.235366]]]},"properties":{"cadnum":"39918.11.80","purptype":"Земеделска","usetype":"За селскостопански, горски, ведомствен път","proptype":"Общинска публична","immaddr":"с. Крислово","place":"КАМЪШЛЪКА","area":2255.7470743764,"cadreg":11,"pnum":"80"}},{"type":"Feature","geometry":{"type":"Polygon","coordinates":[[[24.783459,42.234062],[24.786013,42.233411],[24.787007,42.235374],[24.787055,42.235366],[24.786041,42.233366],[24.783467,42.234022],[24.783459,42.234062]]]},"properties":{"cadnum":"39918.11.81","purptype":"Земеделска","usetype":"За селскостопански, горски, ведомствен път","proptype":"Общинска публична","immaddr":"с. Крислово","place":"КАМЪШЛЪКА","area":1835.8044525787,"cadreg":11,"pnum":"81"}},{"type":"Feature","geometry":{"type":"Polygon","coordinates":[[[24.780492,42.235905],[24.780788,42.236522],[24.781572,42.236314],[24.781276,42.235697],[24.780492,42.235905]]]},"properties":{"cadnum":"39918.11.82","purptype":"Земеделска","usetype":"Нива","proptype":"Частна","immaddr":"с. Крислово","place":"КАМЪШЛЪКА","area":4999.3711575295,"cadreg":11,"pnum":"82"}},{"type":"Feature","geometry":{"type":"Polygon","coordinates":[[[24.784464,42.237038],[24.784041,42.237033],[24.784016,42.238323],[24.784439,42.238328],[24.784464,42.237038]]]},"properties":{"cadnum":"39918.11.83","purptype":"Земеделска","usetype":"Нива","proptype":"Частна","immaddr":"с. Крислово","place":"КАМЪШЛЪКА","area":4999.9056500084,"cadreg":11,"pnum":"83"}},{"type":"Feature","geometry":{"type":"Polygon","coordinates":[[[24.784439,42.238328],[24.785563,42.23834],[24.785588,42.23705],[24.784464,42.237038],[24.784439,42.238328]]]},"properties":{"cadnum":"39918.11.84","purptype":"Земеделска","usetype":"Нива","proptype":"Частна","immaddr":"с. Крислово","place":"КАМЪШЛЪКА","area":13299.090953524,"cadreg":11,"pnum":"84"}},{"type":"Feature","geometry":{"type":"Polygon","coordinates":[[[24.785563,42.23834],[24.786087,42.238346],[24.786112,42.237056],[24.785588,42.23705],[24.785563,42.23834]]]},"properties":{"cadnum":"39918.11.85","purptype":"Земеделска","usetype":"Овощна градина","proptype":"Частна","immaddr":"с. Крислово","place":"КАМЪШЛЪКА","area":6200.366700501,"cadreg":11,"pnum":"85"}},{"type":"Feature","geometry":{"type":"Polygon","coordinates":[[[24.777933,42.239418],[24.777989,42.239912],[24.779304,42.23983],[24.779247,42.239335],[24.777933,42.239418]]]},"properties":{"cadnum":"39918.11.86","purptype":"Земеделска","usetype":"Нива","proptype":"Частна","immaddr":"с. Крислово","place":"КАМЪШЛЪКА","area":5999.6752075241,"cadreg":11,"pnum":"86"}},{"type":"Feature","geometry":{"type":"Polygon","coordinates":[[[24.779247,42.239335],[24.779212,42.239022],[24.777897,42.239105],[24.777933,42.239418],[24.779247,42.239335]]]},"properties":{"cadnum":"39918.11.87","purptype":"Земеделска","usetype":"Нива","proptype":"Частна","immaddr":"с. Крислово","place":"КАМЪШЛЪКА","area":3798.4962899772,"cadreg":11,"pnum":"87"}},{"type":"Feature","geometry":{"type":"Polygon","coordinates":[[[24.780222,42.238065],[24.780244,42.238251],[24.781993,42.238142],[24.781972,42.237956],[24.780222,42.238065]]]},"properties":{"cadnum":"39918.11.88","purptype":"Земеделска","usetype":"Нива","proptype":"Частна","immaddr":"с. Крислово","place":"КАМЪШЛЪКА","area":2999.5519479615,"cadreg":11,"pnum":"88"}},{"type":"Feature","geometry":{"type":"Polygon","coordinates":[[[24.781972,42.237956],[24.78195,42.237771],[24.780201,42.23788],[24.780222,42.238065],[24.781972,42.237956]]]},"properties":{"cadnum":"39918.11.89","purptype":"Земеделска","usetype":"Нива","proptype":"Частна","immaddr":"с. Крислово","place":"КАМЪШЛЪКА","area":2998.9992110176,"cadreg":11,"pnum":"89"}},{"type":"Feature","geometry":{"type":"Polygon","coordinates":[[[24.78195,42.237771],[24.781929,42.237585],[24.78018,42.237694],[24.780201,42.23788],[24.78195,42.237771]]]},"properties":{"cadnum":"39918.11.90","purptype":"Земеделска","usetype":"Нива","proptype":"Частна","immaddr":"с. Крислово","place":"КАМЪШЛЪКА","area":2998.815795929,"cadreg":11,"pnum":"90"}},{"type":"Feature","geometry":{"type":"Polygon","coordinates":[[[24.786186,42.233755],[24.786013,42.233411],[24.784612,42.233768],[24.784772,42.234115],[24.786186,42.233755]]]},"properties":{"cadnum":"39918.11.91","purptype":"Земеделска","usetype":"Нива","proptype":"Частна","immaddr":"с. Крислово","place":"КАМЪШЛЪКА","area":4998.8587229908,"cadreg":11,"pnum":"91"}},{"type":"Feature","geometry":{"type":"Polygon","coordinates":[[[24.786359,42.234094],[24.786186,42.233755],[24.784772,42.234115],[24.784931,42.234458],[24.786359,42.234094]]]},"properties":{"cadnum":"39918.11.92","purptype":"Земеделска","usetype":"Нива","proptype":"Частна","immaddr":"с. Крислово","place":"КАМЪШЛЪКА","area":4999.7820174847,"cadreg":11,"pnum":"92"}},{"type":"Feature","geometry":{"type":"Polygon","coordinates":[[[24.782113,42.239181],[24.782065,42.238761],[24.780314,42.23887],[24.780362,42.239291],[24.782113,42.239181]]]},"properties":{"cadnum":"39918.11.93","purptype":"Земеделска","usetype":"Нива","proptype":"Частна","immaddr":"с. Крислово","place":"КАМЪШЛЪКА","area":6798.4273534809,"cadreg":11,"pnum":"93"}},{"type":"Feature","geometry":{"type":"Polygon","coordinates":[[[24.780362,42.239291],[24.78041,42.239711],[24.782162,42.239602],[24.782113,42.239181],[24.780362,42.239291]]]},"properties":{"cadnum":"39918.11.94","purptype":"Земеделска","usetype":"Нива","proptype":"Частна","immaddr":"с. Крислово","place":"КАМЪШЛЪКА","area":6795.9910700649,"cadreg":11,"pnum":"94"}},{"type":"Feature","geometry":{"type":"Polygon","coordinates":[[[24.78041,42.239711],[24.780469,42.240222],[24.781081,42.240084],[24.781687,42.240017],[24.78221,42.240014],[24.782162,42.239602],[24.78041,42.239711]]]},"properties":{"cadnum":"39918.11.95","purptype":"Земеделска","usetype":"Нива","proptype":"Частна","immaddr":"с. Крислово","place":"КАМЪШЛЪКА","area":6797.3362564314,"cadreg":11,"pnum":"95"}},{"type":"Feature","geometry":{"type":"Polygon","coordinates":[[[24.780164,42.237557],[24.779107,42.237623],[24.779201,42.238448],[24.780259,42.238381],[24.780164,42.237557]]]},"properties":{"cadnum":"39918.11.96","purptype":"Земеделска","usetype":"Нива","proptype":"Частна","immaddr":"с. Крислово","place":"КАМЪШЛЪКА","area":8049.3669834963,"cadreg":11,"pnum":"96"}},{"type":"Feature","geometry":{"type":"Polygon","coordinates":[[[24.780164,42.237557],[24.780086,42.236875],[24.779052,42.237149],[24.779107,42.237623],[24.780164,42.237557]]]},"properties":{"cadnum":"39918.11.97","purptype":"Земеделска","usetype":"Нива","proptype":"Частна","immaddr":"с. Крислово","place":"КАМЪШЛЪКА","area":5648.6954324998,"cadreg":11,"pnum":"97"}},{"type":"Feature","geometry":{"type":"Polygon","coordinates":[[[24.782209,42.235257],[24.781822,42.234449],[24.780804,42.234712],[24.781194,42.235526],[24.782209,42.235257]]]},"properties":{"cadnum":"39918.11.98","purptype":"Земеделска","usetype":"Нива","proptype":"Частна","immaddr":"с. Крислово","place":"КАМЪШЛЪКА","area":8499.3565954963,"cadreg":11,"pnum":"98"}},{"type":"Feature","geometry":{"type":"Polygon","coordinates":[[[24.781822,42.234449],[24.782209,42.235257],[24.783043,42.235036],[24.783219,42.234121],[24.781822,42.234449]]]},"properties":{"cadnum":"39918.11.99","purptype":"Земеделска","usetype":"Нива","proptype":"Частна","immaddr":"с. Крислово","place":"КАМЪШЛЪКА","area":9098.0624580145,"cadreg":11,"pnum":"99"}},{"type":"Feature","geometry":{"type":"Polygon","coordinates":[[[24.780152,42.237446],[24.781126,42.237386],[24.781038,42.236622],[24.780086,42.236875],[24.780152,42.237446]]]},"properties":{"cadnum":"39918.11.100","purptype":"Земеделска","usetype":"Нива","proptype":"Частна","immaddr":"с. Крислово","place":"КАМЪШЛЪКА","area":6001.1539359856,"cadreg":11,"pnum":"100"}},{"type":"Feature","geometry":{"type":"Polygon","coordinates":[[[24.781038,42.236622],[24.781126,42.237386],[24.78153,42.23736],[24.781433,42.236517],[24.781038,42.236622]]]},"properties":{"cadnum":"39918.11.101","purptype":"Земеделска","usetype":"Нива","proptype":"Частна","immaddr":"с. Крислово","place":"КАМЪШЛЪКА","area":2999.9028320041,"cadreg":11,"pnum":"101"}},{"type":"Feature","geometry":{"type":"Polygon","coordinates":[[[24.781433,42.236517],[24.78153,42.23736],[24.7819,42.237337],[24.781794,42.236422],[24.781433,42.236517]]]},"properties":{"cadnum":"39918.11.102","purptype":"Земеделска","usetype":"Нива","proptype":"Частна","immaddr":"с. Крислово","place":"КАМЪШЛЪКА","area":2999.8419795095,"cadreg":11,"pnum":"102"}},{"type":"Feature","geometry":{"type":"Polygon","coordinates":[[[24.78426,42.239454],[24.783776,42.239449],[24.783762,42.240134],[24.784247,42.240121],[24.78426,42.239454]]]},"properties":{"cadnum":"39918.11.103","purptype":"Земеделска","usetype":"Нива","proptype":"Частна","immaddr":"с. Крислово","place":"КАМЪШЛЪКА","area":3000.4441305145,"cadreg":11,"pnum":"103"}},{"type":"Feature","geometry":{"type":"Polygon","coordinates":[[[24.784757,42.239459],[24.78426,42.239454],[24.784247,42.240121],[24.784744,42.240108],[24.784757,42.239459]]]},"properties":{"cadnum":"39918.11.104","purptype":"Земеделска","usetype":"Нива","proptype":"Частна","immaddr":"с. Крислово","place":"КАМЪШЛЪКА","area":2999.713127008,"cadreg":11,"pnum":"104"}},{"type":"Feature","geometry":{"type":"Polygon","coordinates":[[[24.776214,42.239275],[24.776194,42.23982],[24.777037,42.239767],[24.776975,42.239227],[24.776214,42.239275]]]},"properties":{"cadnum":"39918.11.105","purptype":"Земеделска","usetype":"Нива","proptype":"Частна","immaddr":"с. Крислово","place":"КАМЪШЛЪКА","area":3999.6537959862,"cadreg":11,"pnum":"105"}},{"type":"Feature","geometry":{"type":"Polygon","coordinates":[[[24.777156,42.237652],[24.776854,42.237732],[24.776971,42.238753],[24.77728,42.238734],[24.777156,42.237652]]]},"properties":{"cadnum":"39918.11.106","purptype":"Земеделска","usetype":"Нива","proptype":"Частна","immaddr":"с. Крислово","place":"КАМЪШЛЪКА","area":2999.6295690129,"cadreg":11,"pnum":"106"}},{"type":"Feature","geometry":{"type":"Polygon","coordinates":[[[24.776975,42.239227],[24.776924,42.23878],[24.776231,42.238823],[24.776214,42.239275],[24.776975,42.239227]]]},"properties":{"cadnum":"39918.11.107","purptype":"Земеделска","usetype":"Нива","proptype":"Частна","immaddr":"с. Крислово","place":"КАМЪШЛЪКА","area":2999.6816525121,"cadreg":11,"pnum":"107"}},{"type":"Feature","geometry":{"type":"Polygon","coordinates":[[[24.776924,42.23878],[24.776806,42.237745],[24.776266,42.237888],[24.776231,42.238823],[24.776924,42.23878]]]},"properties":{"cadnum":"39918.11.108","purptype":"Земеделска","usetype":"Нива","proptype":"Частна","immaddr":"с. Крислово","place":"КАМЪШЛЪКА","area":5599.9718385085,"cadreg":11,"pnum":"108"}},{"type":"Feature","geometry":{"type":"Polygon","coordinates":[[[24.77728,42.238734],[24.777572,42.238716],[24.777442,42.237576],[24.777156,42.237652],[24.77728,42.238734]]]},"properties":{"cadnum":"39918.11.109","purptype":"Земеделска","usetype":"Нива","proptype":"Частна","immaddr":"с. Крислово","place":"КАМЪШЛЪКА","area":2999.6175929886,"cadreg":11,"pnum":"109"}},{"type":"Feature","geometry":{"type":"Polygon","coordinates":[[[24.777572,42.238716],[24.777851,42.238698],[24.777714,42.237504],[24.777442,42.237576],[24.777572,42.238716]]]},"properties":{"cadnum":"39918.11.110","purptype":"Земеделска","usetype":"Нива","proptype":"Частна","immaddr":"с. Крислово","place":"КАМЪШЛЪКА","area":2999.8799895043,"cadreg":11,"pnum":"110"}},{"type":"Feature","geometry":{"type":"Polygon","coordinates":[[[24.786143,42.236606],[24.785314,42.236597],[24.785306,42.237011],[24.786135,42.23702],[24.786143,42.236606]]]},"properties":{"cadnum":"39918.11.111","purptype":"Земеделска","usetype":"Нива","proptype":"Частна","immaddr":"с. Крислово","place":"КАМЪШЛЪКА","area":3151.3644255323,"cadreg":11,"pnum":"111"}},{"type":"Feature","geometry":{"type":"Polygon","coordinates":[[[24.787002,42.236615],[24.786143,42.236606],[24.786135,42.23702],[24.786934,42.237028],[24.787002,42.236615]]]},"properties":{"cadnum":"39918.11.112","purptype":"Земеделска","usetype":"Нива","proptype":"Частна","immaddr":"с. Крислово","place":"КАМЪШЛЪКА","area":3150.8613600245,"cadreg":11,"pnum":"112"}},{"type":"Feature","geometry":{"type":"Polygon","coordinates":[[[24.786597,42.234565],[24.786359,42.234094],[24.784931,42.234458],[24.78515,42.234933],[24.786597,42.234565]]]},"properties":{"cadnum":"39918.11.114","purptype":"Земеделска","usetype":"Нива","proptype":"Частна","immaddr":"с. Крислово","place":"КАМЪШЛЪКА","area":6999.4048710003,"cadreg":11,"pnum":"114"}},{"type":"Feature","geometry":{"type":"Polygon","coordinates":[[[24.785345,42.235356],[24.786809,42.234983],[24.786698,42.234764],[24.785243,42.235135],[24.785345,42.235356]]]},"properties":{"cadnum":"39918.11.115","purptype":"Земеделска","usetype":"Нива","proptype":"Частна","immaddr":"с. Крислово","place":"КАМЪШЛЪКА","area":3298.941225031,"cadreg":11,"pnum":"115"}},{"type":"Feature","geometry":{"type":"Polygon","coordinates":[[[24.78515,42.234933],[24.785243,42.235135],[24.786698,42.234764],[24.786597,42.234565],[24.78515,42.234933]]]},"properties":{"cadnum":"39918.11.116","purptype":"Земеделска","usetype":"Нива","proptype":"Частна","immaddr":"с. Крислово","place":"КАМЪШЛЪКА","area":2999.7970425173,"cadreg":11,"pnum":"116"}},{"type":"Feature","geometry":{"type":"Polygon","coordinates":[[[24.782351,42.236274],[24.781956,42.236378],[24.782023,42.236975],[24.782337,42.236979],[24.782351,42.236274]]]},"properties":{"cadnum":"39918.11.117","purptype":"Земеделска","usetype":"Нива","proptype":"Общинска частна","immaddr":"с. Крислово","place":"КАМЪШЛЪКА","area":2127.2974950074,"cadreg":11,"pnum":"117"}},{"type":"Feature","geometry":{"type":"Polygon","coordinates":[[[24.782337,42.236979],[24.782602,42.236982],[24.782617,42.236203],[24.782351,42.236274],[24.782337,42.236979]]]},"properties":{"cadnum":"39918.11.118","purptype":"Земеделска","usetype":"Нива","proptype":"Частна","immaddr":"с. Крислово","place":"КАМЪШЛЪКА","area":1799.8970985033,"cadreg":11,"pnum":"118"}},{"type":"Feature","geometry":{"type":"Polygon","coordinates":[[[24.776444,42.243376],[24.775871,42.242111],[24.775003,42.242894],[24.774887,42.243766],[24.776444,42.243376]]]},"properties":{"cadnum":"39918.12.1","purptype":"Земеделска","usetype":"Нива","proptype":"Частна","immaddr":"с. Крислово","place":"МАНГИТЕ","area":13099.810450964,"cadreg":12,"pnum":"1"}},{"type":"Feature","geometry":{"type":"Polygon","coordinates":[[[24.775871,42.242111],[24.776444,42.243376],[24.776888,42.243265],[24.776222,42.241794],[24.775871,42.242111]]]},"properties":{"cadnum":"39918.12.2","purptype":"Земеделска","usetype":"Нива","proptype":"Частна","immaddr":"с. Крислово","place":"МАНГИТЕ","area":6201.3337579703,"cadreg":12,"pnum":"2"}},{"type":"Feature","geometry":{"type":"Polygon","coordinates":[[[24.777516,42.243108],[24.776803,42.241533],[24.776257,42.241763],[24.776222,42.241794],[24.776888,42.243265],[24.777516,42.243108]]]},"properties":{"cadnum":"39918.12.3","purptype":"Земеделска","usetype":"Нива","proptype":"Частна","immaddr":"с. Крислово","place":"МАНГИТЕ","area":9800.1750245276,"cadreg":12,"pnum":"3"}},{"type":"Feature","geometry":{"type":"Polygon","coordinates":[[[24.776803,42.241533],[24.777516,42.243108],[24.778175,42.242943],[24.777418,42.241273],[24.776803,42.241533]]]},"properties":{"cadnum":"39918.12.4","purptype":"Земеделска","usetype":"Нива","proptype":"Частна","immaddr":"с. Крислово","place":"МАНГИТЕ","area":10903.459380518,"cadreg":12,"pnum":"4"}},{"type":"Feature","geometry":{"type":"Polygon","coordinates":[[[24.778652,42.242824],[24.777864,42.241085],[24.777418,42.241273],[24.778175,42.242943],[24.778652,42.242824]]]},"properties":{"cadnum":"39918.12.5","purptype":"Земеделска","usetype":"Нива","proptype":"Частна","immaddr":"с. Крислово","place":"МАНГИТЕ","area":8295.1337460141,"cadreg":12,"pnum":"5"}},{"type":"Feature","geometry":{"type":"Polygon","coordinates":[[[24.778934,42.241807],[24.779319,42.242657],[24.779838,42.242527],[24.779453,42.241677],[24.778934,42.241807]]]},"properties":{"cadnum":"39918.12.6","purptype":"Земеделска","usetype":"Нива","proptype":"Частна","immaddr":"с. Крислово","place":"МАНГИТЕ","area":4505.8260580083,"cadreg":12,"pnum":"6"}},{"type":"Feature","geometry":{"type":"Polygon","coordinates":[[[24.779413,42.241687],[24.778995,42.240766],[24.77851,42.240871],[24.778934,42.241807],[24.779413,42.241687]]]},"properties":{"cadnum":"39918.12.7","purptype":"Земеделска","usetype":"Нива","proptype":"Частна","immaddr":"с. Крислово","place":"МАНГИТЕ","area":4542.8038669807,"cadreg":12,"pnum":"7"}},{"type":"Feature","geometry":{"type":"Polygon","coordinates":[[[24.778226,42.240932],[24.777864,42.241085],[24.778652,42.242824],[24.779319,42.242657],[24.77851,42.240871],[24.778226,42.240932]]]},"properties":{"cadnum":"39918.12.8","purptype":"Земеделска","usetype":"Овощна градина","proptype":"Частна","immaddr":"с. Крислово","place":"МАНГИТЕ","area":12098.84153253,"cadreg":12,"pnum":"8"}},{"type":"Feature","geometry":{"type":"Polygon","coordinates":[[[24.780491,42.241417],[24.779453,42.241677],[24.779838,42.242527],[24.780876,42.242267],[24.780491,42.241417]]]},"properties":{"cadnum":"39918.12.9","purptype":"Земеделска","usetype":"Нива","proptype":"Частна","immaddr":"с. Крислово","place":"МАНГИТЕ","area":8999.8145929831,"cadreg":12,"pnum":"9"}},{"type":"Feature","geometry":{"type":"Polygon","coordinates":[[[24.780491,42.241417],[24.780876,42.242267],[24.781337,42.242152],[24.780952,42.241302],[24.780491,42.241417]]]},"properties":{"cadnum":"39918.12.10","purptype":"Земеделска","usetype":"Нива","proptype":"Частна","immaddr":"с. Крислово","place":"МАНГИТЕ","area":3998.6931794938,"cadreg":12,"pnum":"10"}},{"type":"Feature","geometry":{"type":"Polygon","coordinates":[[[24.778995,42.240766],[24.779413,42.241687],[24.780003,42.24154],[24.779594,42.240636],[24.778995,42.240766]]]},"properties":{"cadnum":"39918.12.11","purptype":"Земеделска","usetype":"Нива","proptype":"Частна","immaddr":"с. Крислово","place":"МАНГИТЕ","area":5498.5783300011,"cadreg":12,"pnum":"11"}},{"type":"Feature","geometry":{"type":"Polygon","coordinates":[[[24.78055,42.241403],[24.780148,42.240515],[24.779594,42.240636],[24.780003,42.24154],[24.78055,42.241403]]]},"properties":{"cadnum":"39918.12.12","purptype":"Земеделска","usetype":"Нива","proptype":"Частна","immaddr":"с. Крислово","place":"МАНГИТЕ","area":5001.4574670154,"cadreg":12,"pnum":"12"}},{"type":"Feature","geometry":{"type":"Polygon","coordinates":[[[24.781943,42.241054],[24.780952,42.241302],[24.781337,42.242152],[24.782328,42.241904],[24.781943,42.241054]]]},"properties":{"cadnum":"39918.12.13","purptype":"Земеделска","usetype":"Нива","proptype":"Частна","immaddr":"с. Крислово","place":"МАНГИТЕ","area":8599.438705977,"cadreg":12,"pnum":"13"}},{"type":"Feature","geometry":{"type":"Polygon","coordinates":[[[24.781561,42.24115],[24.782531,42.240907],[24.782215,42.240209],[24.7817,42.24019],[24.781422,42.240239],[24.781173,42.240293],[24.781561,42.24115]]]},"properties":{"cadnum":"39918.12.15","purptype":"Земеделска","usetype":"Нива","proptype":"Частна","immaddr":"с. Крислово","place":"МАНГИТЕ","area":7999.6978010219,"cadreg":12,"pnum":"15"}},{"type":"Feature","geometry":{"type":"Polygon","coordinates":[[[24.780486,42.240442],[24.780148,42.240515],[24.78055,42.241403],[24.780883,42.241319],[24.780486,42.240442]]]},"properties":{"cadnum":"39918.12.16","purptype":"Земеделска","usetype":"Нива","proptype":"Частна","immaddr":"с. Крислово","place":"МАНГИТЕ","area":2998.3358805138,"cadreg":12,"pnum":"16"}},{"type":"Feature","geometry":{"type":"Polygon","coordinates":[[[24.782916,42.241757],[24.782531,42.240907],[24.781943,42.241054],[24.782328,42.241904],[24.782916,42.241757]]]},"properties":{"cadnum":"39918.12.17","purptype":"Земеделска","usetype":"Нива","proptype":"Частна","immaddr":"с. Крислово","place":"МАНГИТЕ","area":5099.1438750095,"cadreg":12,"pnum":"17"}},{"type":"Feature","geometry":{"type":"Polygon","coordinates":[[[24.78374,42.241551],[24.783147,42.240242],[24.782215,42.240209],[24.782916,42.241757],[24.78374,42.241551]]]},"properties":{"cadnum":"39918.12.18","purptype":"Земеделска","usetype":"Нива","proptype":"Частна","immaddr":"с. Крислово","place":"МАНГИТЕ","area":12001.249470024,"cadreg":12,"pnum":"18"}},{"type":"Feature","geometry":{"type":"Polygon","coordinates":[[[24.783147,42.240242],[24.78374,42.241551],[24.784138,42.241451],[24.783592,42.240247],[24.783147,42.240242]]]},"properties":{"cadnum":"39918.12.19","purptype":"Земеделска","usetype":"Нива","proptype":"Частна","immaddr":"с. Крислово","place":"МАНГИТЕ","area":5109.637879966,"cadreg":12,"pnum":"19"}},{"type":"Feature","geometry":{"type":"Polygon","coordinates":[[[24.784926,42.241254],[24.784458,42.240221],[24.783592,42.240247],[24.784138,42.241451],[24.784926,42.241254]]]},"properties":{"cadnum":"39918.12.20","purptype":"Земеделска","usetype":"Нива","proptype":"Частна","immaddr":"с. Крислово","place":"МАНГИТЕ","area":9000.6356039965,"cadreg":12,"pnum":"20"}},{"type":"Feature","geometry":{"type":"Polygon","coordinates":[[[24.784458,42.240221],[24.784926,42.241254],[24.785491,42.241113],[24.785078,42.240202],[24.784458,42.240221]]]},"properties":{"cadnum":"39918.12.21","purptype":"Земеделска","usetype":"Нива","proptype":"Частна","immaddr":"с. Крислово","place":"МАНГИТЕ","area":5601.1886555117,"cadreg":12,"pnum":"21"}},{"type":"Feature","geometry":{"type":"Polygon","coordinates":[[[24.786069,42.240968],[24.785713,42.240183],[24.785078,42.240202],[24.785491,42.241113],[24.786069,42.240968]]]},"properties":{"cadnum":"39918.12.22","purptype":"Земеделска","usetype":"Нива","proptype":"Частна","immaddr":"с. Крислово","place":"МАНГИТЕ","area":5001.4612120241,"cadreg":12,"pnum":"22"}},{"type":"Feature","geometry":{"type":"Polygon","coordinates":[[[24.786465,42.240869],[24.786148,42.24017],[24.785713,42.240183],[24.786069,42.240968],[24.786465,42.240869]]]},"properties":{"cadnum":"39918.12.23","purptype":"Земеделска","usetype":"Нива","proptype":"Частна","immaddr":"с. Крислово","place":"МАНГИТЕ","area":2999.0089990019,"cadreg":12,"pnum":"23"}},{"type":"Feature","geometry":{"type":"Polygon","coordinates":[[[24.786148,42.24017],[24.786465,42.240869],[24.786711,42.240807],[24.786477,42.240146],[24.786148,42.24017]]]},"properties":{"cadnum":"39918.12.24","purptype":"Земеделска","usetype":"Нива","proptype":"Частна","immaddr":"с. Крислово","place":"МАНГИТЕ","area":1902.8556685048,"cadreg":12,"pnum":"24"}},{"type":"Feature","geometry":{"type":"Polygon","coordinates":[[[24.775096,42.241656],[24.775051,42.241922],[24.774918,42.242801],[24.775514,42.242255],[24.775642,42.241501],[24.775096,42.241656]]]},"properties":{"cadnum":"39918.12.25","purptype":"Земеделска","usetype":"Нива","proptype":"Частна","immaddr":"с. Крислово","place":"МАНГИТЕ","area":4500.2817740008,"cadreg":12,"pnum":"25"}},{"type":"Feature","geometry":{"type":"Polygon","coordinates":[[[24.775514,42.242255],[24.77612,42.2417],[24.777593,42.241069],[24.77628,42.241347],[24.775793,42.241458],[24.775642,42.241501],[24.775514,42.242255]]]},"properties":{"cadnum":"39918.12.26","purptype":"Земеделска","usetype":"Нива","proptype":"Общинска частна","immaddr":"с. Крислово","place":"МАНГИТЕ","area":4623.316376536,"cadreg":12,"pnum":"26"}},{"type":"Feature","geometry":{"type":"Polygon","coordinates":[[[24.774818,42.2439],[24.786793,42.240897],[24.78677,42.24083],[24.774831,42.243818],[24.774818,42.2439]]]},"properties":{"cadnum":"39918.12.27","purptype":"Територия, заета от води и водни обекти","usetype":"Отводнителен канал","proptype":"Общинска частна","immaddr":"с. Крислово","place":"МАНГИТЕ","area":8261.4321872638,"cadreg":12,"pnum":"27"}},{"type":"Feature","geometry":{"type":"Polygon","coordinates":[[[24.774767,42.243796],[24.774761,42.243835],[24.78677,42.24083],[24.786526,42.240142],[24.786477,42.240146],[24.786711,42.240807],[24.774767,42.243796]]]},"properties":{"cadnum":"39918.12.28","purptype":"Земеделска","usetype":"За селскостопански, горски, ведомствен път","proptype":"Общинска публична","immaddr":"с. Крислово","place":"МАНГИТЕ","area":4484.1751728207,"cadreg":12,"pnum":"28"}},{"type":"Feature","geometry":{"type":"Polygon","coordinates":[[[24.774887,42.243766],[24.775003,42.242894],[24.776257,42.241763],[24.778226,42.240932],[24.778023,42.240977],[24.776225,42.241735],[24.774898,42.242931],[24.774767,42.243796],[24.774887,42.243766]]]},"properties":{"cadnum":"39918.12.29","purptype":"Земеделска","usetype":"За селскостопански, горски, ведомствен път","proptype":"Общинска публична","immaddr":"с. Крислово","place":"МАНГИТЕ","area":2253.2867835432,"cadreg":12,"pnum":"29"}},{"type":"Feature","geometry":{"type":"Polygon","coordinates":[[[24.777593,42.241069],[24.77612,42.2417],[24.774918,42.242801],[24.774898,42.242931],[24.776225,42.241735],[24.778023,42.240977],[24.777593,42.241069]]]},"properties":{"cadnum":"39918.12.30","purptype":"Територия, заета от води и водни обекти","usetype":"Напоителен канал","proptype":"Общинска частна","immaddr":"с. Крислово","place":"МАНГИТЕ","area":2684.4209899205,"cadreg":12,"pnum":"30"}},{"type":"Feature","geometry":{"type":"Polygon","coordinates":[[[24.77628,42.241347],[24.781422,42.240239],[24.7817,42.24019],[24.783147,42.240242],[24.783592,42.240247],[24.786148,42.24017],[24.786526,42.240142],[24.786503,42.240063],[24.783389,42.240143],[24.782324,42.240103],[24.781702,42.240122],[24.781174,42.24018],[24.775946,42.241338],[24.775897,42.241342],[24.775112,42.241564],[24.775096,42.241656],[24.775793,42.241458],[24.77628,42.241347]]]},"properties":{"cadnum":"39918.12.31","purptype":"Земеделска","usetype":"За селскостопански, горски, ведомствен път","proptype":"Общинска публична","immaddr":"с. Крислово","place":"МАНГИТЕ","area":10450.842033051,"cadreg":12,"pnum":"31"}},{"type":"Feature","geometry":{"type":"Polygon","coordinates":[[[24.780883,42.241319],[24.78122,42.241235],[24.780827,42.240368],[24.780486,42.240442],[24.780883,42.241319]]]},"properties":{"cadnum":"39918.12.32","purptype":"Земеделска","usetype":"Нива","proptype":"Частна","immaddr":"с. Крислово","place":"МАНГИТЕ","area":2999.8598394966,"cadreg":12,"pnum":"32"}},{"type":"Feature","geometry":{"type":"Polygon","coordinates":[[[24.78122,42.241235],[24.781561,42.24115],[24.781173,42.240293],[24.780827,42.240368],[24.78122,42.241235]]]},"properties":{"cadnum":"39918.12.33","purptype":"Земеделска","usetype":"Нива","proptype":"Частна","immaddr":"с. Крислово","place":"МАНГИТЕ","area":2999.7957259911,"cadreg":12,"pnum":"33"}},{"type":"Feature","geometry":{"type":"Polygon","coordinates":[[[24.774156,42.248753],[24.774026,42.249698],[24.773967,42.249838],[24.773923,42.250112],[24.775242,42.24988],[24.774727,42.248624],[24.774156,42.248753]]]},"properties":{"cadnum":"39918.13.1","purptype":"Земеделска","usetype":"Нива","proptype":"Частна","immaddr":"с. Крислово","place":"ИРИЗЛИКА","area":11398.476227501,"cadreg":13,"pnum":"1"}},{"type":"Feature","geometry":{"type":"Polygon","coordinates":[[[24.777652,42.247962],[24.776242,42.248281],[24.776786,42.249608],[24.778223,42.249354],[24.777652,42.247962]]]},"properties":{"cadnum":"39918.13.3","purptype":"Земеделска","usetype":"Нива","proptype":"Частна","immaddr":"с. Крислово","place":"ИРИЗЛИКА","area":19200.086747525,"cadreg":13,"pnum":"3"}},{"type":"Feature","geometry":{"type":"Polygon","coordinates":[[[24.779833,42.248677],[24.778939,42.248879],[24.779073,42.249205],[24.779984,42.249044],[24.779833,42.248677]]]},"properties":{"cadnum":"39918.13.5","purptype":"Земеделска","usetype":"Нива","proptype":"Частна","immaddr":"с. Крислово","place":"ИРИЗЛИКА","area":3099.9663100093,"cadreg":13,"pnum":"5"}},{"type":"Feature","geometry":{"type":"Polygon","coordinates":[[[24.778939,42.248879],[24.779833,42.248677],[24.779695,42.248342],[24.778802,42.248544],[24.778939,42.248879]]]},"properties":{"cadnum":"39918.13.6","purptype":"Земеделска","usetype":"Нива","proptype":"Частна","immaddr":"с. Крислово","place":"ИРИЗЛИКА","area":2999.8685470049,"cadreg":13,"pnum":"6"}},{"type":"Feature","geometry":{"type":"Polygon","coordinates":[[[24.778665,42.248209],[24.778802,42.248544],[24.779695,42.248342],[24.779558,42.248006],[24.778665,42.248209]]]},"properties":{"cadnum":"39918.13.7","purptype":"Земеделска","usetype":"Нива","proptype":"Частна","immaddr":"с. Крислово","place":"ИРИЗЛИКА","area":2999.1758734886,"cadreg":13,"pnum":"7"}},{"type":"Feature","geometry":{"type":"Polygon","coordinates":[[[24.779379,42.247571],[24.778486,42.247773],[24.778665,42.248209],[24.779558,42.248006],[24.779379,42.247571]]]},"properties":{"cadnum":"39918.13.8","purptype":"Земеделска","usetype":"Нива","proptype":"Частна","immaddr":"с. Крислово","place":"ИРИЗЛИКА","area":3898.810269993,"cadreg":13,"pnum":"8"}},{"type":"Feature","geometry":{"type":"Polygon","coordinates":[[[24.782444,42.246877],[24.781632,42.247061],[24.78228,42.248639],[24.783107,42.248494],[24.782444,42.246877]]]},"properties":{"cadnum":"39918.13.10","purptype":"Земеделска","usetype":"Нива","proptype":"Частна","immaddr":"с. Крислово","place":"ИРИЗЛИКА","area":12996.385189503,"cadreg":13,"pnum":"10"}},{"type":"Feature","geometry":{"type":"Polygon","coordinates":[[[24.782444,42.246877],[24.783107,42.248494],[24.783682,42.248392],[24.783008,42.246749],[24.782444,42.246877]]]},"properties":{"cadnum":"39918.13.11","purptype":"Земеделска","usetype":"Нива","proptype":"Частна","immaddr":"с. Крислово","place":"ИРИЗЛИКА","area":9199.0446784964,"cadreg":13,"pnum":"11"}},{"type":"Feature","geometry":{"type":"Polygon","coordinates":[[[24.783646,42.246605],[24.784332,42.248278],[24.78481,42.248193],[24.784115,42.246499],[24.783646,42.246605]]]},"properties":{"cadnum":"39918.13.14","purptype":"Земеделска","usetype":"Нива","proptype":"Частна","immaddr":"с. Крислово","place":"ИРИЗЛИКА","area":7900.1312534729,"cadreg":13,"pnum":"14"}},{"type":"Feature","geometry":{"type":"Polygon","coordinates":[[[24.784606,42.246387],[24.784115,42.246499],[24.78481,42.248193],[24.785311,42.248105],[24.784606,42.246387]]]},"properties":{"cadnum":"39918.13.15","purptype":"Земеделска","usetype":"Нива","proptype":"Частна","immaddr":"с. Крислово","place":"ИРИЗЛИКА","area":8400.9052870145,"cadreg":13,"pnum":"15"}},{"type":"Feature","geometry":{"type":"Polygon","coordinates":[[[24.785834,42.248013],[24.785987,42.247056],[24.784974,42.247286],[24.785311,42.248105],[24.785834,42.248013]]]},"properties":{"cadnum":"39918.13.16","purptype":"Земеделска","usetype":"Нива","proptype":"Частна","immaddr":"с. Крислово","place":"ИРИЗЛИКА","area":6389.1215660167,"cadreg":13,"pnum":"16"}},{"type":"Feature","geometry":{"type":"Polygon","coordinates":[[[24.784974,42.247286],[24.785987,42.247056],[24.786059,42.246605],[24.784811,42.246888],[24.784974,42.247286]]]},"properties":{"cadnum":"39918.13.17","purptype":"Земеделска","usetype":"Нива","proptype":"Частна","immaddr":"с. Крислово","place":"ИРИЗЛИКА","area":4501.0258990319,"cadreg":13,"pnum":"17"}},{"type":"Feature","geometry":{"type":"Polygon","coordinates":[[[24.78615,42.246038],[24.784606,42.246387],[24.784811,42.246888],[24.786059,42.246605],[24.78615,42.246038]]]},"properties":{"cadnum":"39918.13.18","purptype":"Земеделска","usetype":"Нива","proptype":"Частна","immaddr":"с. Крислово","place":"ИРИЗЛИКА","area":6998.9844919599,"cadreg":13,"pnum":"18"}},{"type":"Feature","geometry":{"type":"Polygon","coordinates":[[[24.78615,42.246038],[24.786329,42.24492],[24.78543,42.245124],[24.785834,42.246109],[24.78615,42.246038]]]},"properties":{"cadnum":"39918.13.19","purptype":"Земеделска","usetype":"Нива","proptype":"Частна","immaddr":"с. Крислово","place":"ИРИЗЛИКА","area":5995.4615765137,"cadreg":13,"pnum":"19"}},{"type":"Feature","geometry":{"type":"Polygon","coordinates":[[[24.783495,42.246639],[24.784548,42.246401],[24.784144,42.245415],[24.783091,42.245653],[24.783495,42.246639]]]},"properties":{"cadnum":"39918.13.21","purptype":"Земеделска","usetype":"Нива","proptype":"Частна","immaddr":"с. Крислово","place":"ИРИЗЛИКА","area":10400.167664993,"cadreg":13,"pnum":"21"}},{"type":"Feature","geometry":{"type":"Polygon","coordinates":[[[24.783495,42.246639],[24.783091,42.245653],[24.78223,42.245848],[24.782634,42.246834],[24.783495,42.246639]]]},"properties":{"cadnum":"39918.13.22","purptype":"Земеделска","usetype":"Нива","proptype":"Частна","immaddr":"с. Крислово","place":"ИРИЗЛИКА","area":8500.2790835074,"cadreg":13,"pnum":"22"}},{"type":"Feature","geometry":{"type":"Polygon","coordinates":[[[24.780235,42.2463],[24.779628,42.246437],[24.780032,42.247423],[24.78064,42.247286],[24.780235,42.2463]]]},"properties":{"cadnum":"39918.13.23","purptype":"Земеделска","usetype":"Нива","proptype":"Частна","immaddr":"с. Крислово","place":"ИРИЗЛИКА","area":5999.1643480116,"cadreg":13,"pnum":"23"}},{"type":"Feature","geometry":{"type":"Polygon","coordinates":[[[24.780235,42.2463],[24.78064,42.247286],[24.780974,42.24721],[24.780569,42.246224],[24.780235,42.2463]]]},"properties":{"cadnum":"39918.13.25","purptype":"Земеделска","usetype":"Нива","proptype":"Частна","immaddr":"с. Крислово","place":"ИРИЗЛИКА","area":3298.8758114775,"cadreg":13,"pnum":"25"}},{"type":"Feature","geometry":{"type":"Polygon","coordinates":[[[24.7783,42.247815],[24.777896,42.246829],[24.777045,42.247022],[24.77745,42.248008],[24.7783,42.247815]]]},"properties":{"cadnum":"39918.13.27","purptype":"Земеделска","usetype":"Нива","proptype":"Частна","immaddr":"с. Крислово","place":"ИРИЗЛИКА","area":8401.4417960112,"cadreg":13,"pnum":"27"}},{"type":"Feature","geometry":{"type":"Polygon","coordinates":[[[24.77745,42.248008],[24.777045,42.247022],[24.776134,42.247228],[24.776538,42.248214],[24.77745,42.248008]]]},"properties":{"cadnum":"39918.13.28","purptype":"Земеделска","usetype":"Нива","proptype":"Частна","immaddr":"с. Крислово","place":"ИРИЗЛИКА","area":9001.0485649869,"cadreg":13,"pnum":"28"}},{"type":"Feature","geometry":{"type":"Polygon","coordinates":[[[24.775234,42.246841],[24.774375,42.247036],[24.774289,42.247599],[24.775438,42.247339],[24.775234,42.246841]]]},"properties":{"cadnum":"39918.13.30","purptype":"Земеделска","usetype":"Нива","proptype":"Частна","immaddr":"с. Крислово","place":"ИРИЗЛИКА","area":5000.3111905279,"cadreg":13,"pnum":"30"}},{"type":"Feature","geometry":{"type":"Polygon","coordinates":[[[24.774475,42.246383],[24.774375,42.247036],[24.775234,42.246841],[24.774998,42.246265],[24.774475,42.246383]]]},"properties":{"cadnum":"39918.13.31","purptype":"Земеделска","usetype":"Нива","proptype":"Частна","immaddr":"с. Крислово","place":"ИРИЗЛИКА","area":3992.055566521,"cadreg":13,"pnum":"31"}},{"type":"Feature","geometry":{"type":"Polygon","coordinates":[[[24.775884,42.247237],[24.775444,42.246164],[24.774998,42.246265],[24.775438,42.247339],[24.775884,42.247237]]]},"properties":{"cadnum":"39918.13.32","purptype":"Земеделска","usetype":"Нива","proptype":"Частна","immaddr":"с. Крислово","place":"ИРИЗЛИКА","area":4799.5777245167,"cadreg":13,"pnum":"32"}},{"type":"Feature","geometry":{"type":"Polygon","coordinates":[[[24.776123,42.24601],[24.775444,42.246164],[24.775884,42.247237],[24.776563,42.247084],[24.776123,42.24601]]]},"properties":{"cadnum":"39918.13.33","purptype":"Земеделска","usetype":"Нива","proptype":"Частна","immaddr":"с. Крислово","place":"ИРИЗЛИКА","area":7299.188641011,"cadreg":13,"pnum":"33"}},{"type":"Feature","geometry":{"type":"Polygon","coordinates":[[[24.777676,42.245659],[24.776123,42.24601],[24.776563,42.247084],[24.778116,42.246732],[24.777676,42.245659]]]},"properties":{"cadnum":"39918.13.34","purptype":"Земеделска","usetype":"Нива","proptype":"Частна","immaddr":"с. Крислово","place":"ИРИЗЛИКА","area":16699.580248971,"cadreg":13,"pnum":"34"}},{"type":"Feature","geometry":{"type":"Polygon","coordinates":[[[24.778981,42.246537],[24.77854,42.245463],[24.777676,42.245659],[24.778116,42.246732],[24.778981,42.246537]]]},"properties":{"cadnum":"39918.13.35","purptype":"Земеделска","usetype":"Нива","proptype":"Частна","immaddr":"с. Крислово","place":"ИРИЗЛИКА","area":9298.4405249894,"cadreg":13,"pnum":"35"}},{"type":"Feature","geometry":{"type":"Polygon","coordinates":[[[24.780716,42.244971],[24.781156,42.246044],[24.781853,42.245886],[24.781413,42.244813],[24.780716,42.244971]]]},"properties":{"cadnum":"39918.13.37","purptype":"Земеделска","usetype":"Нива","proptype":"Частна","immaddr":"с. Крислово","place":"ИРИЗЛИКА","area":7498.7332269752,"cadreg":13,"pnum":"37"}},{"type":"Feature","geometry":{"type":"Polygon","coordinates":[[[24.781961,42.244689],[24.781413,42.244813],[24.781853,42.245886],[24.782402,42.245762],[24.781961,42.244689]]]},"properties":{"cadnum":"39918.13.38","purptype":"Земеделска","usetype":"Нива","proptype":"Частна","immaddr":"с. Крислово","place":"ИРИЗЛИКА","area":5898.2630980162,"cadreg":13,"pnum":"38"}},{"type":"Feature","geometry":{"type":"Polygon","coordinates":[[[24.782699,42.245695],[24.782259,42.244621],[24.781961,42.244689],[24.782402,42.245762],[24.782699,42.245695]]]},"properties":{"cadnum":"39918.13.39","purptype":"Земеделска","usetype":"Нива","proptype":"Частна","immaddr":"с. Крислово","place":"ИРИЗЛИКА","area":3198.3439805157,"cadreg":13,"pnum":"39"}},{"type":"Feature","geometry":{"type":"Polygon","coordinates":[[[24.784118,42.2442],[24.782259,42.244621],[24.782699,42.245695],[24.784559,42.245274],[24.784118,42.2442]]]},"properties":{"cadnum":"39918.13.40","purptype":"Земеделска","usetype":"Нива","proptype":"Частна","immaddr":"с. Крислово","place":"ИРИЗЛИКА","area":20000.91905701,"cadreg":13,"pnum":"40"}},{"type":"Feature","geometry":{"type":"Polygon","coordinates":[[[24.784865,42.245204],[24.784425,42.244131],[24.784118,42.2442],[24.784559,42.245274],[24.784865,42.245204]]]},"properties":{"cadnum":"39918.13.41","purptype":"Земеделска","usetype":"Нива","proptype":"Частна","immaddr":"с. Крислово","place":"ИРИЗЛИКА","area":3299.2019630038,"cadreg":13,"pnum":"41"}},{"type":"Feature","geometry":{"type":"Polygon","coordinates":[[[24.786477,42.244209],[24.786596,42.243639],[24.784425,42.244131],[24.784629,42.244627],[24.786477,42.244209]]]},"properties":{"cadnum":"39918.13.43","purptype":"Земеделска","usetype":"Нива","proptype":"Частна","immaddr":"с. Крислово","place":"ИРИЗЛИКА","area":9998.5134979855,"cadreg":13,"pnum":"43"}},{"type":"Feature","geometry":{"type":"Polygon","coordinates":[[[24.78554,42.243878],[24.786596,42.243639],[24.786731,42.242992],[24.785309,42.243315],[24.78554,42.243878]]]},"properties":{"cadnum":"39918.13.44","purptype":"Земеделска","usetype":"Нива","proptype":"Частна","immaddr":"с. Крислово","place":"ИРИЗЛИКА","area":6999.4512454947,"cadreg":13,"pnum":"44"}},{"type":"Feature","geometry":{"type":"Polygon","coordinates":[[[24.786809,42.242619],[24.785175,42.242987],[24.785309,42.243315],[24.786731,42.242992],[24.786809,42.242619]]]},"properties":{"cadnum":"39918.13.45","purptype":"Земеделска","usetype":"Нива","proptype":"Частна","immaddr":"с. Крислово","place":"ИРИЗЛИКА","area":4997.4394220523,"cadreg":13,"pnum":"45"}},{"type":"Feature","geometry":{"type":"Polygon","coordinates":[[[24.784782,42.243076],[24.785148,42.243967],[24.78554,42.243878],[24.785175,42.242987],[24.784782,42.243076]]]},"properties":{"cadnum":"39918.13.46","purptype":"Земеделска","usetype":"Нива","proptype":"Частна","immaddr":"с. Крислово","place":"ИРИЗЛИКА","area":3501.3414140006,"cadreg":13,"pnum":"46"}},{"type":"Feature","geometry":{"type":"Polygon","coordinates":[[[24.785148,42.243967],[24.784782,42.243076],[24.784077,42.243235],[24.784443,42.244127],[24.785148,42.243967]]]},"properties":{"cadnum":"39918.13.47","purptype":"Земеделска","usetype":"Нива","proptype":"Частна","immaddr":"с. Крислово","place":"ИРИЗЛИКА","area":6301.4950119588,"cadreg":13,"pnum":"47"}},{"type":"Feature","geometry":{"type":"Polygon","coordinates":[[[24.783436,42.244355],[24.784443,42.244127],[24.784077,42.243235],[24.78307,42.243462],[24.783436,42.244355]]]},"properties":{"cadnum":"39918.13.48","purptype":"Земеделска","usetype":"Нива","proptype":"Частна","immaddr":"с. Крислово","place":"ИРИЗЛИКА","area":9001.5453189738,"cadreg":13,"pnum":"48"}},{"type":"Feature","geometry":{"type":"Polygon","coordinates":[[[24.781761,42.244734],[24.782319,42.244608],[24.781952,42.243713],[24.781394,42.243839],[24.781761,42.244734]]]},"properties":{"cadnum":"39918.13.50","purptype":"Земеделска","usetype":"Нива","proptype":"Частна","immaddr":"с. Крислово","place":"ИРИЗЛИКА","area":5000.2705624844,"cadreg":13,"pnum":"50"}},{"type":"Feature","geometry":{"type":"Polygon","coordinates":[[[24.781761,42.244734],[24.781394,42.243839],[24.780847,42.243962],[24.781214,42.244858],[24.781761,42.244734]]]},"properties":{"cadnum":"39918.13.51","purptype":"Земеделска","usetype":"Нива","proptype":"Частна","immaddr":"с. Крислово","place":"ИРИЗЛИКА","area":4901.0870109973,"cadreg":13,"pnum":"51"}},{"type":"Feature","geometry":{"type":"Polygon","coordinates":[[[24.781214,42.244858],[24.780847,42.243962],[24.779744,42.244211],[24.780112,42.245107],[24.781214,42.244858]]]},"properties":{"cadnum":"39918.13.52","purptype":"Земеделска","usetype":"Нива","proptype":"Частна","immaddr":"с. Крислово","place":"ИРИЗЛИКА","area":9898.4359394991,"cadreg":13,"pnum":"52"}},{"type":"Feature","geometry":{"type":"Polygon","coordinates":[[[24.775459,42.246161],[24.777355,42.245731],[24.776986,42.244832],[24.77509,42.245259],[24.775459,42.246161]]]},"properties":{"cadnum":"39918.13.56","purptype":"Земеделска","usetype":"Нива","proptype":"Частна","immaddr":"с. Крислово","place":"ИРИЗЛИКА","area":17097.098955009,"cadreg":13,"pnum":"56"}},{"type":"Feature","geometry":{"type":"Polygon","coordinates":[[[24.774631,42.245363],[24.774475,42.246383],[24.775459,42.246161],[24.77509,42.245259],[24.774631,42.245363]]]},"properties":{"cadnum":"39918.13.57","purptype":"Земеделска","usetype":"Нива","proptype":"Частна","immaddr":"с. Крислово","place":"ИРИЗЛИКА","area":6517.6002174747,"cadreg":13,"pnum":"57"}},{"type":"Feature","geometry":{"type":"Polygon","coordinates":[[[24.775902,42.244192],[24.774771,42.244447],[24.774638,42.245314],[24.776215,42.244959],[24.775902,42.244192]]]},"properties":{"cadnum":"39918.13.58","purptype":"Земеделска","usetype":"Нива","proptype":"Частна","immaddr":"с. Крислово","place":"ИРИЗЛИКА","area":10389.675130987,"cadreg":13,"pnum":"58"}},{"type":"Feature","geometry":{"type":"Polygon","coordinates":[[[24.775902,42.244192],[24.776215,42.244959],[24.777036,42.244774],[24.776723,42.244007],[24.775902,42.244192]]]},"properties":{"cadnum":"39918.13.59","purptype":"Земеделска","usetype":"Нива","proptype":"Частна","immaddr":"с. Крислово","place":"ИРИЗЛИКА","area":6299.6558674778,"cadreg":13,"pnum":"59"}},{"type":"Feature","geometry":{"type":"Polygon","coordinates":[[[24.777609,42.243808],[24.776723,42.244007],[24.777036,42.244774],[24.777922,42.244574],[24.777609,42.243808]]]},"properties":{"cadnum":"39918.13.60","purptype":"Земеделска","usetype":"Нива","proptype":"Частна","immaddr":"с. Крислово","place":"ИРИЗЛИКА","area":6801.0356099711,"cadreg":13,"pnum":"60"}},{"type":"Feature","geometry":{"type":"Polygon","coordinates":[[[24.777922,42.244574],[24.778508,42.244442],[24.778196,42.243675],[24.777609,42.243808],[24.777922,42.244574]]]},"properties":{"cadnum":"39918.13.61","purptype":"Земеделска","usetype":"Нива","proptype":"Частна","immaddr":"с. Крислово","place":"ИРИЗЛИКА","area":4498.9407730112,"cadreg":13,"pnum":"61"}},{"type":"Feature","geometry":{"type":"Polygon","coordinates":[[[24.778196,42.243675],[24.778508,42.244442],[24.779381,42.244245],[24.779069,42.243479],[24.778196,42.243675]]]},"properties":{"cadnum":"39918.13.62","purptype":"Земеделска","usetype":"Нива","proptype":"Частна","immaddr":"с. Крислово","place":"ИРИЗЛИКА","area":6699.4981584647,"cadreg":13,"pnum":"62"}},{"type":"Feature","geometry":{"type":"Polygon","coordinates":[[[24.779069,42.243479],[24.779381,42.244245],[24.779681,42.244178],[24.779368,42.243411],[24.779069,42.243479]]]},"properties":{"cadnum":"39918.13.63","purptype":"Земеделска","usetype":"Нива","proptype":"Частна","immaddr":"с. Крислово","place":"ИРИЗЛИКА","area":2298.5097560009,"cadreg":13,"pnum":"63"}},{"type":"Feature","geometry":{"type":"Polygon","coordinates":[[[24.780463,42.244002],[24.78015,42.243235],[24.779368,42.243411],[24.779681,42.244178],[24.780463,42.244002]]]},"properties":{"cadnum":"39918.13.64","purptype":"Земеделска","usetype":"Нива","proptype":"Частна","immaddr":"с. Крислово","place":"ИРИЗЛИКА","area":5998.3019250211,"cadreg":13,"pnum":"64"}},{"type":"Feature","geometry":{"type":"Polygon","coordinates":[[[24.78015,42.243235],[24.780463,42.244002],[24.781258,42.243823],[24.780945,42.243056],[24.78015,42.243235]]]},"properties":{"cadnum":"39918.13.65","purptype":"Земеделска","usetype":"Нива","proptype":"Частна","immaddr":"с. Крислово","place":"ИРИЗЛИКА","area":6099.9412220028,"cadreg":13,"pnum":"65"}},{"type":"Feature","geometry":{"type":"Polygon","coordinates":[[[24.783864,42.243236],[24.783551,42.242469],[24.782951,42.242604],[24.783264,42.243371],[24.783864,42.243236]]]},"properties":{"cadnum":"39918.13.67","purptype":"Земеделска","usetype":"Нива","proptype":"Частна","immaddr":"с. Крислово","place":"ИРИЗЛИКА","area":4600.0390459944,"cadreg":13,"pnum":"67"}},{"type":"Feature","geometry":{"type":"Polygon","coordinates":[[[24.785753,42.241973],[24.784854,42.242175],[24.785167,42.242942],[24.786066,42.242739],[24.785753,42.241973]]]},"properties":{"cadnum":"39918.13.69","purptype":"Земеделска","usetype":"Нива","proptype":"Частна","immaddr":"с. Крислово","place":"ИРИЗЛИКА","area":6897.7317159828,"cadreg":13,"pnum":"69"}},{"type":"Feature","geometry":{"type":"Polygon","coordinates":[[[24.786821,42.242569],[24.786989,42.241874],[24.78582,42.242137],[24.786066,42.242739],[24.786821,42.242569]]]},"properties":{"cadnum":"39918.13.70","purptype":"Земеделска","usetype":"Нива","proptype":"Частна","immaddr":"с. Крислово","place":"ИРИЗЛИКА","area":5801.6959625061,"cadreg":13,"pnum":"70"}},{"type":"Feature","geometry":{"type":"Polygon","coordinates":[[[24.78582,42.242137],[24.786989,42.241874],[24.787013,42.241772],[24.786987,42.241695],[24.785753,42.241973],[24.78582,42.242137]]]},"properties":{"cadnum":"39918.13.71","purptype":"Земеделска","usetype":"Нива","proptype":"Частна","immaddr":"с. Крислово","place":"ИРИЗЛИКА","area":1997.5000809536,"cadreg":13,"pnum":"71"}},{"type":"Feature","geometry":{"type":"Polygon","coordinates":[[[24.786732,42.24095],[24.78502,42.24138],[24.78513,42.24165],[24.78684,42.241265],[24.786732,42.24095]]]},"properties":{"cadnum":"39918.13.73","purptype":"Земеделска","usetype":"Нива","proptype":"Частна","immaddr":"с. Крислово","place":"ИРИЗЛИКА","area":5001.5036205307,"cadreg":13,"pnum":"73"}},{"type":"Feature","geometry":{"type":"Polygon","coordinates":[[[24.78459,42.241487],[24.784869,42.242172],[24.785303,42.242074],[24.78502,42.24138],[24.78459,42.241487]]]},"properties":{"cadnum":"39918.13.74","purptype":"Земеделска","usetype":"Нива","proptype":"Частна","immaddr":"с. Крислово","place":"ИРИЗЛИКА","area":2998.6385310002,"cadreg":13,"pnum":"74"}},{"type":"Feature","geometry":{"type":"Polygon","coordinates":[[[24.78428,42.242305],[24.784869,42.242172],[24.78459,42.241487],[24.784006,42.241634],[24.78428,42.242305]]]},"properties":{"cadnum":"39918.13.75","purptype":"Земеделска","usetype":"Нива","proptype":"Частна","immaddr":"с. Крислово","place":"ИРИЗЛИКА","area":3998.5667150139,"cadreg":13,"pnum":"75"}},{"type":"Feature","geometry":{"type":"Polygon","coordinates":[[[24.782907,42.242614],[24.78428,42.242305],[24.784006,42.241634],[24.782646,42.241975],[24.782907,42.242614]]]},"properties":{"cadnum":"39918.13.76","purptype":"Земеделска","usetype":"Нива","proptype":"Частна","immaddr":"с. Крислово","place":"ИРИЗЛИКА","area":8999.9858249924,"cadreg":13,"pnum":"76"}},{"type":"Feature","geometry":{"type":"Polygon","coordinates":[[[24.782907,42.242614],[24.782646,42.241975],[24.780854,42.242424],[24.781098,42.243022],[24.782907,42.242614]]]},"properties":{"cadnum":"39918.13.77","purptype":"Земеделска","usetype":"Нива","proptype":"Частна","immaddr":"с. Крислово","place":"ИРИЗЛИКА","area":11200.161413547,"cadreg":13,"pnum":"77"}},{"type":"Feature","geometry":{"type":"Polygon","coordinates":[[[24.780179,42.243229],[24.781098,42.243022],[24.780854,42.242424],[24.779944,42.242652],[24.780179,42.243229]]]},"properties":{"cadnum":"39918.13.78","purptype":"Земеделска","usetype":"Нива","proptype":"Частна","immaddr":"с. Крислово","place":"ИРИЗЛИКА","area":5399.2960520549,"cadreg":13,"pnum":"78"}},{"type":"Feature","geometry":{"type":"Polygon","coordinates":[[[24.780179,42.243229],[24.779944,42.242652],[24.77831,42.243062],[24.77853,42.2436],[24.780179,42.243229]]]},"properties":{"cadnum":"39918.13.79","purptype":"Земеделска","usetype":"Нива","proptype":"Частна","immaddr":"с. Крислово","place":"ИРИЗЛИКА","area":9198.8808124774,"cadreg":13,"pnum":"79"}},{"type":"Feature","geometry":{"type":"Polygon","coordinates":[[[24.77853,42.2436],[24.77831,42.243062],[24.777467,42.243273],[24.777679,42.243792],[24.77853,42.2436]]]},"properties":{"cadnum":"39918.13.80","purptype":"Земеделска","usetype":"Нива","proptype":"Частна","immaddr":"с. Крислово","place":"ИРИЗЛИКА","area":4499.8312524917,"cadreg":13,"pnum":"80"}},{"type":"Feature","geometry":{"type":"Polygon","coordinates":[[[24.779071,42.235051],[24.778894,42.234993],[24.775991,42.235748],[24.775927,42.235783],[24.775874,42.235893],[24.773978,42.248237],[24.774011,42.248237],[24.773971,42.248544],[24.773718,42.250167],[24.773685,42.250213],[24.773635,42.25025],[24.773611,42.250282],[24.773221,42.251393],[24.773272,42.251501],[24.773362,42.251594],[24.777255,42.25421],[24.777327,42.254175],[24.777243,42.254131],[24.776062,42.253325],[24.773342,42.251509],[24.773283,42.251411],[24.77365,42.250312],[24.773737,42.250252],[24.773762,42.250223],[24.774031,42.248543],[24.774015,42.248238],[24.775954,42.235897],[24.776003,42.235842],[24.776033,42.235829],[24.779071,42.235051]]]},"properties":{"cadnum":"39918.13.82","purptype":"Територия, заета от води и водни обекти","usetype":"Напоителен канал","proptype":"Държавна частна","immaddr":"с. Крислово","place":"ИРИЗЛИКА","area":14005.171113838,"cadreg":13,"pnum":"82"}},{"type":"Feature","geometry":{"type":"Polygon","coordinates":[[[24.776062,42.253325],[24.776101,42.253292],[24.773602,42.251632],[24.773393,42.251464],[24.773372,42.251404],[24.773521,42.250977],[24.773728,42.250338],[24.773749,42.250313],[24.773793,42.250294],[24.773839,42.250256],[24.773859,42.250154],[24.773928,42.249716],[24.77422,42.247655],[24.774189,42.24762],[24.775051,42.241922],[24.775742,42.237989],[24.776095,42.235813],[24.776003,42.235842],[24.775954,42.235897],[24.774015,42.248238],[24.774031,42.248543],[24.773762,42.250223],[24.773737,42.250252],[24.77365,42.250312],[24.773283,42.251411],[24.773342,42.251509],[24.776062,42.253325]]]},"properties":{"cadnum":"39918.13.83","purptype":"Територия, заета от води и водни обекти","usetype":"Напоителен канал","proptype":"Държавна частна","immaddr":"с. Крислово","place":"ИРИЗЛИКА","area":12860.292295567,"cadreg":13,"pnum":"83"}},{"type":"Feature","geometry":{"type":"Polygon","coordinates":[[[24.773928,42.249716],[24.773979,42.249706],[24.774284,42.247728],[24.77422,42.247655],[24.773928,42.249716]]]},"properties":{"cadnum":"39918.13.84","purptype":"Територия, заета от води и водни обекти","usetype":"Напоителен канал","proptype":"Общинска частна","immaddr":"с. Крислово","place":"ИРИЗЛИКА","area":1146.2709584966,"cadreg":13,"pnum":"84"}},{"type":"Feature","geometry":{"type":"Polygon","coordinates":[[[24.774251,42.247607],[24.774818,42.2439],[24.774831,42.243818],[24.774761,42.243835],[24.774189,42.24762],[24.774284,42.247728],[24.773979,42.249706],[24.773928,42.249716],[24.773859,42.250154],[24.773913,42.250151],[24.773967,42.249838],[24.774026,42.249698],[24.774156,42.248753],[24.774335,42.247713],[24.774251,42.247607]]]},"properties":{"cadnum":"39918.13.85","purptype":"Земеделска","usetype":"За селскостопански, горски, ведомствен път","proptype":"Общинска публична","immaddr":"с. Крислово","place":"ИРИЗЛИКА","area":3223.4782260163,"cadreg":13,"pnum":"85"}},{"type":"Feature","geometry":{"type":"Polygon","coordinates":[[[24.774818,42.2439],[24.774251,42.247607],[24.774289,42.247599],[24.774856,42.24389],[24.774818,42.2439]]]},"properties":{"cadnum":"39918.13.86","purptype":"Територия, заета от води и водни обекти","usetype":"Напоителен канал","proptype":"Общинска частна","immaddr":"с. Крислово","place":"ИРИЗЛИКА","area":1239.5053490015,"cadreg":13,"pnum":"86"}},{"type":"Feature","geometry":{"type":"Polygon","coordinates":[[[24.785828,42.248051],[24.785834,42.248013],[24.773923,42.250112],[24.773913,42.250151],[24.785828,42.248051]]]},"properties":{"cadnum":"39918.13.87","purptype":"Земеделска","usetype":"За селскостопански, горски, ведомствен път","proptype":"Общинска публична","immaddr":"с. Крислово","place":"ИРИЗЛИКА","area":4041.9813963602,"cadreg":13,"pnum":"87"}},{"type":"Feature","geometry":{"type":"Polygon","coordinates":[[[24.773846,42.250223],[24.785857,42.248112],[24.785872,42.248043],[24.773913,42.250151],[24.773859,42.250154],[24.773846,42.250223]]]},"properties":{"cadnum":"39918.13.88","purptype":"Територия, заета от води и водни обекти","usetype":"Напоителен канал","proptype":"Общинска частна","immaddr":"с. Крислово","place":"ИРИЗЛИКА","area":6866.2661719648,"cadreg":13,"pnum":"88"}},{"type":"Feature","geometry":{"type":"Polygon","coordinates":[[[24.779379,42.247571],[24.779984,42.249044],[24.780028,42.249036],[24.779423,42.247561],[24.779379,42.247571]]]},"properties":{"cadnum":"39918.13.89","purptype":"Земеделска","usetype":"За селскостопански, горски, ведомствен път","proptype":"Общинска публична","immaddr":"с. Крислово","place":"ИРИЗЛИКА","area":647.3889119866,"cadreg":13,"pnum":"89"}},{"type":"Feature","geometry":{"type":"Polygon","coordinates":[[[24.787097,42.241758],[24.786793,42.240897],[24.78672,42.240915],[24.787013,42.241772],[24.786809,42.242619],[24.786329,42.24492],[24.785828,42.248051],[24.785872,42.248043],[24.786564,42.244035],[24.787097,42.241758]]]},"properties":{"cadnum":"39918.13.90","purptype":"Земеделска","usetype":"За селскостопански, горски, ведомствен път","proptype":"Общинска публична","immaddr":"с. Крислово","place":"ИРИЗЛИКА","area":4545.8513885161,"cadreg":13,"pnum":"90"}},{"type":"Feature","geometry":{"type":"Polygon","coordinates":[[[24.786936,42.234872],[24.786198,42.233325],[24.786041,42.233366],[24.787072,42.2354],[24.787198,42.235803],[24.787196,42.235884],[24.786966,42.237341],[24.786713,42.238736],[24.786503,42.240063],[24.787097,42.241758],[24.786564,42.244035],[24.785857,42.248112],[24.786048,42.248091],[24.786748,42.244054],[24.787281,42.241913],[24.787271,42.241728],[24.787221,42.241505],[24.786618,42.240042],[24.786723,42.240023],[24.787035,42.238082],[24.787211,42.237346],[24.787393,42.23586],[24.787391,42.235781],[24.787003,42.234982],[24.786936,42.234872]]]},"properties":{"cadnum":"39918.13.91","purptype":"Територия, заета от води и водни обекти","usetype":"Отводнителен канал","proptype":"Общинска частна","immaddr":"с. Крислово","place":"ИРИЗЛИКА","area":25796.368468425,"cadreg":13,"pnum":"91"}},{"type":"Feature","geometry":{"type":"Polygon","coordinates":[[[24.786329,42.24492],[24.786339,42.244871],[24.774251,42.247607],[24.774279,42.247648],[24.786329,42.24492]]]},"properties":{"cadnum":"39918.13.92","purptype":"Земеделска","usetype":"За селскостопански, горски, ведомствен път","proptype":"Общинска публична","immaddr":"с. Крислово","place":"ИРИЗЛИКА","area":5205.6834934116,"cadreg":13,"pnum":"92"}},{"type":"Feature","geometry":{"type":"Polygon","coordinates":[[[24.774631,42.245363],[24.786809,42.242619],[24.786821,42.242569],[24.774638,42.245314],[24.774631,42.245363]]]},"properties":{"cadnum":"39918.13.93","purptype":"Земеделска","usetype":"За селскостопански, горски, ведомствен път","proptype":"Общинска публична","immaddr":"с. Крислово","place":"ИРИЗЛИКА","area":5253.4409705635,"cadreg":13,"pnum":"93"}},{"type":"Feature","geometry":{"type":"Polygon","coordinates":[[[24.78672,42.240915],[24.774856,42.24389],[24.77485,42.243929],[24.786732,42.24095],[24.78672,42.240915]]]},"properties":{"cadnum":"39918.13.94","purptype":"Земеделска","usetype":"За селскостопански, горски, ведомствен път","proptype":"Общинска публична","immaddr":"с. Крислово","place":"ИРИЗЛИКА","area":4120.4953573563,"cadreg":13,"pnum":"94"}},{"type":"Feature","geometry":{"type":"Polygon","coordinates":[[[24.785419,42.245079],[24.785183,42.244502],[24.784629,42.244627],[24.784865,42.245204],[24.785419,42.245079]]]},"properties":{"cadnum":"39918.13.98","purptype":"Земеделска","usetype":"Нива","proptype":"Частна","immaddr":"с. Крислово","place":"ИРИЗЛИКА","area":3202.3216425095,"cadreg":13,"pnum":"98"}},{"type":"Feature","geometry":{"type":"Polygon","coordinates":[[[24.786339,42.244871],[24.786477,42.244209],[24.785183,42.244502],[24.785419,42.245079],[24.786339,42.244871]]]},"properties":{"cadnum":"39918.13.99","purptype":"Земеделска","usetype":"Нива","proptype":"Частна","immaddr":"с. Крислово","place":"ИРИЗЛИКА","area":6399.9525990363,"cadreg":13,"pnum":"99"}},{"type":"Feature","geometry":{"type":"Polygon","coordinates":[[[24.781524,42.248773],[24.781786,42.248726],[24.781148,42.24717],[24.780891,42.247229],[24.781524,42.248773]]]},"properties":{"cadnum":"39918.13.100","purptype":"Земеделска","usetype":"Нива","proptype":"Частна","immaddr":"с. Крислово","place":"ИРИЗЛИКА","area":3999.7411764832,"cadreg":13,"pnum":"100"}},{"type":"Feature","geometry":{"type":"Polygon","coordinates":[[[24.780891,42.247229],[24.780303,42.247362],[24.780925,42.248878],[24.781524,42.248773],[24.780891,42.247229]]]},"properties":{"cadnum":"39918.13.101","purptype":"Земеделска","usetype":"Нива","proptype":"Частна","immaddr":"с. Крислово","place":"ИРИЗЛИКА","area":8999.5385164904,"cadreg":13,"pnum":"101"}},{"type":"Feature","geometry":{"type":"Polygon","coordinates":[[[24.782511,42.243588],[24.782877,42.244481],[24.783436,42.244355],[24.78307,42.243462],[24.782511,42.243588]]]},"properties":{"cadnum":"39918.13.103","purptype":"Земеделска","usetype":"Нива","proptype":"Частна","immaddr":"с. Крислово","place":"ИРИЗЛИКА","area":5000.8731329948,"cadreg":13,"pnum":"103"}},{"type":"Feature","geometry":{"type":"Polygon","coordinates":[[[24.782877,42.244481],[24.782511,42.243588],[24.781952,42.243713],[24.782319,42.244608],[24.782877,42.244481]]]},"properties":{"cadnum":"39918.13.104","purptype":"Земеделска","usetype":"Нива","proptype":"Частна","immaddr":"с. Крислово","place":"ИРИЗЛИКА","area":5000.4792399957,"cadreg":13,"pnum":"104"}},{"type":"Feature","geometry":{"type":"Polygon","coordinates":[[[24.784385,42.243118],[24.784072,42.242352],[24.783551,42.242469],[24.783864,42.243236],[24.784385,42.243118]]]},"properties":{"cadnum":"39918.13.105","purptype":"Земеделска","usetype":"Нива","proptype":"Частна","immaddr":"с. Крислово","place":"ИРИЗЛИКА","area":4000.0347070055,"cadreg":13,"pnum":"105"}},{"type":"Feature","geometry":{"type":"Polygon","coordinates":[[[24.785167,42.242942],[24.784854,42.242175],[24.784072,42.242352],[24.784385,42.243118],[24.785167,42.242942]]]},"properties":{"cadnum":"39918.13.106","purptype":"Земеделска","usetype":"Нива","proptype":"Частна","immaddr":"с. Крислово","place":"ИРИЗЛИКА","area":6000.0753360012,"cadreg":13,"pnum":"106"}},{"type":"Feature","geometry":{"type":"Polygon","coordinates":[[[24.775321,42.248025],[24.774239,42.24827],[24.774156,42.248753],[24.775495,42.24845],[24.775321,42.248025]]]},"properties":{"cadnum":"39918.13.110","purptype":"Земеделска","usetype":"Нива","proptype":"Частна","immaddr":"с. Крислово","place":"ИРИЗЛИКА","area":5149.5399394742,"cadreg":13,"pnum":"110"}},{"type":"Feature","geometry":{"type":"Polygon","coordinates":[[[24.775091,42.247464],[24.774279,42.247648],[24.774335,42.247713],[24.774239,42.24827],[24.775321,42.248025],[24.775091,42.247464]]]},"properties":{"cadnum":"39918.13.111","purptype":"Земеделска","usetype":"Нива","proptype":"Частна","immaddr":"с. Крислово","place":"ИРИЗЛИКА","area":5149.5718935179,"cadreg":13,"pnum":"111"}},{"type":"Feature","geometry":{"type":"Polygon","coordinates":[[[24.782634,42.246834],[24.78223,42.245848],[24.781815,42.245942],[24.782219,42.246928],[24.782634,42.246834]]]},"properties":{"cadnum":"39918.13.112","purptype":"Земеделска","usetype":"Нива","proptype":"Частна","immaddr":"с. Крислово","place":"ИРИЗЛИКА","area":4099.799298995,"cadreg":13,"pnum":"112"}},{"type":"Feature","geometry":{"type":"Polygon","coordinates":[[[24.782219,42.246928],[24.781815,42.245942],[24.7814,42.246036],[24.781804,42.247022],[24.782219,42.246928]]]},"properties":{"cadnum":"39918.13.113","purptype":"Земеделска","usetype":"Нива","proptype":"Частна","immaddr":"с. Крислово","place":"ИРИЗЛИКА","area":4099.4392135023,"cadreg":13,"pnum":"113"}},{"type":"Feature","geometry":{"type":"Polygon","coordinates":[[[24.781804,42.247022],[24.7814,42.246036],[24.780985,42.24613],[24.781389,42.247116],[24.781804,42.247022]]]},"properties":{"cadnum":"39918.13.114","purptype":"Земеделска","usetype":"Нива","proptype":"Частна","immaddr":"с. Крислово","place":"ИРИЗЛИКА","area":4099.8496309934,"cadreg":13,"pnum":"114"}},{"type":"Feature","geometry":{"type":"Polygon","coordinates":[[[24.781389,42.247116],[24.780985,42.24613],[24.780569,42.246224],[24.780974,42.24721],[24.781389,42.247116]]]},"properties":{"cadnum":"39918.13.115","purptype":"Земеделска","usetype":"Нива","proptype":"Частна","immaddr":"с. Крислово","place":"ИРИЗЛИКА","area":4100.6287430026,"cadreg":13,"pnum":"115"}},{"type":"Feature","geometry":{"type":"Polygon","coordinates":[[[24.77544,42.243781],[24.77485,42.243929],[24.774771,42.244447],[24.775632,42.244253],[24.77544,42.243781]]]},"properties":{"cadnum":"39918.13.119","purptype":"Земеделска","usetype":"Нива","proptype":"Частна","immaddr":"с. Крислово","place":"ИРИЗЛИКА","area":3380.6131199848,"cadreg":13,"pnum":"119"}},{"type":"Feature","geometry":{"type":"Polygon","coordinates":[[[24.775632,42.244253],[24.776336,42.244094],[24.776137,42.243606],[24.77544,42.243781],[24.775632,42.244253]]]},"properties":{"cadnum":"39918.13.120","purptype":"Земеделска","usetype":"Нива","proptype":"Частна","immaddr":"с. Крислово","place":"ИРИЗЛИКА","area":3381.8371734656,"cadreg":13,"pnum":"120"}},{"type":"Feature","geometry":{"type":"Polygon","coordinates":[[[24.776812,42.243437],[24.776137,42.243606],[24.776336,42.244094],[24.777018,42.243941],[24.776812,42.243437]]]},"properties":{"cadnum":"39918.13.121","purptype":"Земеделска","usetype":"Нива","proptype":"Частна","immaddr":"с. Крислово","place":"ИРИЗЛИКА","area":3381.6447624957,"cadreg":13,"pnum":"121"}},{"type":"Feature","geometry":{"type":"Polygon","coordinates":[[[24.777018,42.243941],[24.777679,42.243792],[24.777467,42.243273],[24.776812,42.243437],[24.777018,42.243941]]]},"properties":{"cadnum":"39918.13.122","purptype":"Земеделска","usetype":"Нива","proptype":"Частна","immaddr":"с. Крислово","place":"ИРИЗЛИКА","area":3381.6585239981,"cadreg":13,"pnum":"122"}},{"type":"Feature","geometry":{"type":"Polygon","coordinates":[[[24.785406,42.246206],[24.785834,42.246109],[24.78543,42.245124],[24.785001,42.245221],[24.785406,42.246206]]]},"properties":{"cadnum":"39918.13.123","purptype":"Земеделска","usetype":"Нива","proptype":"Частна","immaddr":"с. Крислово","place":"ИРИЗЛИКА","area":4232.8330479768,"cadreg":13,"pnum":"123"}},{"type":"Feature","geometry":{"type":"Polygon","coordinates":[[[24.785001,42.245221],[24.784573,42.245318],[24.784977,42.246303],[24.785406,42.246206],[24.785001,42.245221]]]},"properties":{"cadnum":"39918.13.124","purptype":"Земеделска","usetype":"Нива","proptype":"Частна","immaddr":"с. Крислово","place":"ИРИЗЛИКА","area":4232.4902630146,"cadreg":13,"pnum":"124"}},{"type":"Feature","geometry":{"type":"Polygon","coordinates":[[[24.784573,42.245318],[24.784144,42.245415],[24.784548,42.246401],[24.784977,42.246303],[24.784573,42.245318]]]},"properties":{"cadnum":"39918.13.125","purptype":"Земеделска","usetype":"Нива","proptype":"Частна","immaddr":"с. Крислово","place":"ИРИЗЛИКА","area":4232.7490894966,"cadreg":13,"pnum":"125"}},{"type":"Feature","geometry":{"type":"Polygon","coordinates":[[[24.785217,42.241862],[24.785303,42.242074],[24.786987,42.241695],[24.786913,42.241479],[24.785217,42.241862]]]},"properties":{"cadnum":"39918.13.126","purptype":"Земеделска","usetype":"Нива","proptype":"Частна","immaddr":"с. Крислово","place":"ИРИЗЛИКА","area":3597.4467775216,"cadreg":13,"pnum":"126"}},{"type":"Feature","geometry":{"type":"Polygon","coordinates":[[[24.786913,42.241479],[24.78684,42.241265],[24.78513,42.24165],[24.785217,42.241862],[24.786913,42.241479]]]},"properties":{"cadnum":"39918.13.127","purptype":"Земеделска","usetype":"Нива","proptype":"Частна","immaddr":"с. Крислово","place":"ИРИЗЛИКА","area":3599.6946419845,"cadreg":13,"pnum":"127"}},{"type":"Feature","geometry":{"type":"Polygon","coordinates":[[[24.777355,42.245731],[24.77911,42.245334],[24.778742,42.244437],[24.776986,42.244832],[24.777355,42.245731]]]},"properties":{"cadnum":"39918.13.128","purptype":"Земеделска","usetype":"Нива","proptype":"Държавна частна","immaddr":"с. Крислово","place":"ИРИЗЛИКА","area":15798.534179481,"cadreg":13,"pnum":"128"}},{"type":"Feature","geometry":{"type":"Polygon","coordinates":[[[24.776119,42.249725],[24.775587,42.248429],[24.774727,42.248624],[24.775242,42.24988],[24.776119,42.249725]]]},"properties":{"cadnum":"39918.13.129","purptype":"Земеделска","usetype":"Нива","proptype":"Държавна частна","immaddr":"с. Крислово","place":"ИРИЗЛИКА","area":11000.037711,"cadreg":13,"pnum":"129"}},{"type":"Feature","geometry":{"type":"Polygon","coordinates":[[[24.776786,42.249608],[24.776242,42.248281],[24.775587,42.248429],[24.776119,42.249725],[24.776786,42.249608]]]},"properties":{"cadnum":"39918.13.130","purptype":"Земеделска","usetype":"Нива","proptype":"Частна","immaddr":"с. Крислово","place":"ИРИЗЛИКА","area":8600.1826470193,"cadreg":13,"pnum":"130"}},{"type":"Feature","geometry":{"type":"Polygon","coordinates":[[[24.780303,42.247362],[24.779423,42.247561],[24.780028,42.249036],[24.780925,42.248878],[24.780303,42.247362]]]},"properties":{"cadnum":"39918.13.131","purptype":"Земеделска","usetype":"Нива","proptype":"Държавна частна","immaddr":"с. Крислово","place":"ИРИЗЛИКА","area":13192.665447474,"cadreg":13,"pnum":"131"}},{"type":"Feature","geometry":{"type":"Polygon","coordinates":[[[24.779237,42.247603],[24.780032,42.247423],[24.779628,42.246437],[24.778833,42.246617],[24.779237,42.247603]]]},"properties":{"cadnum":"39918.13.132","purptype":"Земеделска","usetype":"Нива","proptype":"Частна","immaddr":"с. Крислово","place":"ИРИЗЛИКА","area":7849.5765405041,"cadreg":13,"pnum":"132"}},{"type":"Feature","geometry":{"type":"Polygon","coordinates":[[[24.779237,42.247603],[24.778833,42.246617],[24.777896,42.246829],[24.7783,42.247815],[24.779237,42.247603]]]},"properties":{"cadnum":"39918.13.133","purptype":"Земеделска","usetype":"Нива","proptype":"Частна","immaddr":"с. Крислово","place":"ИРИЗЛИКА","area":9250.0281070266,"cadreg":13,"pnum":"133"}},{"type":"Feature","geometry":{"type":"Polygon","coordinates":[[[24.780112,42.245107],[24.779744,42.244211],[24.779243,42.244324],[24.779611,42.245221],[24.780112,42.245107]]]},"properties":{"cadnum":"39918.13.134","purptype":"Земеделска","usetype":"Нива","proptype":"Частна","immaddr":"с. Крислово","place":"ИРИЗЛИКА","area":4499.2846054955,"cadreg":13,"pnum":"134"}},{"type":"Feature","geometry":{"type":"Polygon","coordinates":[[[24.779611,42.245221],[24.779243,42.244324],[24.778742,42.244437],[24.77911,42.245334],[24.779611,42.245221]]]},"properties":{"cadnum":"39918.13.135","purptype":"Земеделска","usetype":"Нива","proptype":"Частна","immaddr":"с. Крислово","place":"ИРИЗЛИКА","area":4499.2858889934,"cadreg":13,"pnum":"135"}},{"type":"Feature","geometry":{"type":"Polygon","coordinates":[[[24.781391,42.247115],[24.782034,42.248683],[24.78228,42.248639],[24.781632,42.247061],[24.781391,42.247115]]]},"properties":{"cadnum":"39918.13.136","purptype":"Земеделска","usetype":"Нива","proptype":"Частна","immaddr":"с. Крислово","place":"ИРИЗЛИКА","area":3800.3674379844,"cadreg":13,"pnum":"136"}},{"type":"Feature","geometry":{"type":"Polygon","coordinates":[[[24.782034,42.248683],[24.781391,42.247115],[24.781148,42.24717],[24.781786,42.248726],[24.782034,42.248683]]]},"properties":{"cadnum":"39918.13.137","purptype":"Земеделска","usetype":"Нива","proptype":"Частна","immaddr":"с. Крислово","place":"ИРИЗЛИКА","area":3800.5559590027,"cadreg":13,"pnum":"137"}},{"type":"Feature","geometry":{"type":"Polygon","coordinates":[[[24.779724,42.246368],[24.779284,42.245295],[24.77854,42.245463],[24.778981,42.246537],[24.779724,42.246368]]]},"properties":{"cadnum":"39918.13.138","purptype":"Земеделска","usetype":"Нива","proptype":"Частна","immaddr":"с. Крислово","place":"ИРИЗЛИКА","area":7998.1517235179,"cadreg":13,"pnum":"138"}},{"type":"Feature","geometry":{"type":"Polygon","coordinates":[[[24.780468,42.2462],[24.780028,42.245126],[24.779284,42.245295],[24.779724,42.246368],[24.780468,42.2462]]]},"properties":{"cadnum":"39918.13.139","purptype":"Земеделска","usetype":"Нива","proptype":"Частна","immaddr":"с. Крислово","place":"ИРИЗЛИКА","area":7999.3720095064,"cadreg":13,"pnum":"139"}},{"type":"Feature","geometry":{"type":"Polygon","coordinates":[[[24.781156,42.246044],[24.780716,42.244971],[24.780028,42.245126],[24.780468,42.2462],[24.781156,42.246044]]]},"properties":{"cadnum":"39918.13.140","purptype":"Земеделска","usetype":"Нива","proptype":"Частна","immaddr":"с. Крислово","place":"ИРИЗЛИКА","area":7399.5436025161,"cadreg":13,"pnum":"140"}},{"type":"Feature","geometry":{"type":"Polygon","coordinates":[[[24.778651,42.249279],[24.778072,42.247867],[24.777652,42.247962],[24.778223,42.249354],[24.778651,42.249279]]]},"properties":{"cadnum":"39918.13.141","purptype":"Земеделска","usetype":"Нива","proptype":"Частна","immaddr":"с. Крислово","place":"ИРИЗЛИКА","area":5899.5424375021,"cadreg":13,"pnum":"141"}},{"type":"Feature","geometry":{"type":"Polygon","coordinates":[[[24.779073,42.249205],[24.778486,42.247773],[24.778072,42.247867],[24.778651,42.249279],[24.779073,42.249205]]]},"properties":{"cadnum":"39918.13.142","purptype":"Земеделска","usetype":"Нива","proptype":"Частна","immaddr":"с. Крислово","place":"ИРИЗЛИКА","area":5898.5626690024,"cadreg":13,"pnum":"142"}},{"type":"Feature","geometry":{"type":"Polygon","coordinates":[[[24.783996,42.248337],[24.783316,42.24668],[24.783008,42.246749],[24.783682,42.248392],[24.783996,42.248337]]]},"properties":{"cadnum":"39918.13.143","purptype":"Земеделска","usetype":"Нива","proptype":"Частна","immaddr":"с. Крислово","place":"ИРИЗЛИКА","area":5099.6785364876,"cadreg":13,"pnum":"143"}},{"type":"Feature","geometry":{"type":"Polygon","coordinates":[[[24.784332,42.248278],[24.783646,42.246605],[24.783316,42.24668],[24.783996,42.248337],[24.784332,42.248278]]]},"properties":{"cadnum":"39918.13.144","purptype":"Земеделска","usetype":"Нива","proptype":"Частна","immaddr":"с. Крислово","place":"ИРИЗЛИКА","area":5503.8187345079,"cadreg":13,"pnum":"144"}},{"type":"Feature","geometry":{"type":"Polygon","coordinates":[[[24.782261,42.243597],[24.781948,42.24283],[24.780945,42.243056],[24.781258,42.243823],[24.782261,42.243597]]]},"properties":{"cadnum":"39918.13.145","purptype":"Земеделска","usetype":"Нива","proptype":"Частна","immaddr":"с. Крислово","place":"ИРИЗЛИКА","area":7699.7675945279,"cadreg":13,"pnum":"145"}},{"type":"Feature","geometry":{"type":"Polygon","coordinates":[[[24.783264,42.243371],[24.782951,42.242604],[24.781948,42.24283],[24.782261,42.243597],[24.783264,42.243371]]]},"properties":{"cadnum":"39918.13.146","purptype":"Земеделска","usetype":"Нива","proptype":"Частна","immaddr":"с. Крислово","place":"ИРИЗЛИКА","area":7699.7313490036,"cadreg":13,"pnum":"146"}},{"type":"Feature","geometry":{"type":"Polygon","coordinates":[[[24.776016,42.248332],[24.775612,42.247346],[24.775091,42.247464],[24.775495,42.24845],[24.776016,42.248332]]]},"properties":{"cadnum":"39918.13.147","purptype":"Земеделска","usetype":"Нива","proptype":"Частна","immaddr":"с. Крислово","place":"ИРИЗЛИКА","area":5149.3658690008,"cadreg":13,"pnum":"147"}},{"type":"Feature","geometry":{"type":"Polygon","coordinates":[[[24.776538,42.248214],[24.776134,42.247228],[24.775612,42.247346],[24.776016,42.248332],[24.776538,42.248214]]]},"properties":{"cadnum":"39918.13.148","purptype":"Земеделска","usetype":"Нива","proptype":"Частна","immaddr":"с. Крислово","place":"ИРИЗЛИКА","area":5149.9857940123,"cadreg":13,"pnum":"148"}},{"type":"Feature","geometry":{"type":"Polygon","coordinates":[[[24.786386,42.24695],[24.786213,42.247904],[24.787044,42.247771],[24.787044,42.246949],[24.786386,42.24695]]]},"properties":{"cadnum":"39918.14.1","purptype":"Земеделска","usetype":"Нива","proptype":"Частна","immaddr":"с. Крислово","place":"ДЕРМЕН УЗУН","area":6005.8341030154,"cadreg":14,"pnum":"1"}},{"type":"Feature","geometry":{"type":"Polygon","coordinates":[[[24.787044,42.246413],[24.786482,42.246413],[24.786386,42.24695],[24.787044,42.246949],[24.787044,42.246413]]]},"properties":{"cadnum":"39918.14.2","purptype":"Земеделска","usetype":"Нива","proptype":"Частна","immaddr":"с. Крислово","place":"ДЕРМЕН УЗУН","area":2999.5574415048,"cadreg":14,"pnum":"2"}},{"type":"Feature","geometry":{"type":"Polygon","coordinates":[[[24.787043,42.245761],[24.7866,42.245761],[24.786482,42.246413],[24.787044,42.246413],[24.787043,42.245761]]]},"properties":{"cadnum":"39918.14.3","purptype":"Земеделска","usetype":"Нива","proptype":"Частна","immaddr":"с. Крислово","place":"ДЕРМЕН УЗУН","area":2999.528740991,"cadreg":14,"pnum":"3"}},{"type":"Feature","geometry":{"type":"Polygon","coordinates":[[[24.787043,42.245761],[24.787044,42.247771],[24.787945,42.247626],[24.787944,42.245761],[24.787043,42.245761]]]},"properties":{"cadnum":"39918.14.4","purptype":"Земеделска","usetype":"Нива","proptype":"Частна","immaddr":"с. Крислово","place":"ДЕРМЕН УЗУН","area":16003.311297515,"cadreg":14,"pnum":"4"}},{"type":"Feature","geometry":{"type":"Polygon","coordinates":[[[24.788954,42.247464],[24.788953,42.24576],[24.787944,42.245761],[24.787945,42.247626],[24.788954,42.247464]]]},"properties":{"cadnum":"39918.14.5","purptype":"Земеделска","usetype":"Нива","proptype":"Частна","immaddr":"с. Крислово","place":"ДЕРМЕН УЗУН","area":16502.820138025,"cadreg":14,"pnum":"5"}},{"type":"Feature","geometry":{"type":"Polygon","coordinates":[[[24.790321,42.24576],[24.790322,42.247242],[24.791651,42.245759],[24.790321,42.24576]]]},"properties":{"cadnum":"39918.14.7","purptype":"Земеделска","usetype":"Нива","proptype":"Частна","immaddr":"с. Крислово","place":"ДЕРМЕН УЗУН","area":9083.4576554347,"cadreg":14,"pnum":"7"}},{"type":"Feature","geometry":{"type":"Polygon","coordinates":[[[24.789821,42.24576],[24.78982,42.244056],[24.78934,42.244056],[24.789341,42.24576],[24.789821,42.24576]]]},"properties":{"cadnum":"39918.14.9","purptype":"Земеделска","usetype":"Нива","proptype":"Частна","immaddr":"с. Крислово","place":"ДЕРМЕН УЗУН","area":7496.547167496,"cadreg":14,"pnum":"9"}},{"type":"Feature","geometry":{"type":"Polygon","coordinates":[[[24.788765,42.245423],[24.786661,42.245424],[24.7866,42.245761],[24.788765,42.24576],[24.788765,42.245423]]]},"properties":{"cadnum":"39918.14.11","purptype":"Земеделска","usetype":"Нива","proptype":"Съсобственост","immaddr":"с. Крислово","place":"ДЕРМЕН УЗУН","area":6597.1358319901,"cadreg":14,"pnum":"11"}},{"type":"Feature","geometry":{"type":"Polygon","coordinates":[[[24.788764,42.245161],[24.786708,42.245162],[24.786661,42.245424],[24.788765,42.245423],[24.788764,42.245161]]]},"properties":{"cadnum":"39918.14.12","purptype":"Земеделска","usetype":"Нива","proptype":"Частна","immaddr":"с. Крислово","place":"ДЕРМЕН УЗУН","area":4995.7682974875,"cadreg":14,"pnum":"12"}},{"type":"Feature","geometry":{"type":"Polygon","coordinates":[[[24.787262,42.244057],[24.786907,42.244057],[24.786708,42.245162],[24.787263,42.245162],[24.787262,42.244057]]]},"properties":{"cadnum":"39918.14.13","purptype":"Земеделска","usetype":"Нива","proptype":"Частна","immaddr":"с. Крислово","place":"ДЕРМЕН УЗУН","area":4602.8526779964,"cadreg":14,"pnum":"13"}},{"type":"Feature","geometry":{"type":"Polygon","coordinates":[[[24.787727,42.245161],[24.788191,42.245161],[24.78819,42.244057],[24.787726,42.244057],[24.787727,42.245161]]]},"properties":{"cadnum":"39918.14.14","purptype":"Земеделска","usetype":"Нива","proptype":"Частна","immaddr":"с. Крислово","place":"ДЕРМЕН УЗУН","area":4699.8202740101,"cadreg":14,"pnum":"14"}},{"type":"Feature","geometry":{"type":"Polygon","coordinates":[[[24.787263,42.245162],[24.787727,42.245161],[24.787726,42.244057],[24.787262,42.244057],[24.787263,42.245162]]]},"properties":{"cadnum":"39918.14.15","purptype":"Земеделска","usetype":"Нива","proptype":"Частна","immaddr":"с. Крислово","place":"ДЕРМЕН УЗУН","area":4699.783393003,"cadreg":14,"pnum":"15"}},{"type":"Feature","geometry":{"type":"Polygon","coordinates":[[[24.788547,42.244056],[24.78819,42.244057],[24.788191,42.245161],[24.788547,42.245161],[24.788547,42.244056]]]},"properties":{"cadnum":"39918.14.16","purptype":"Земеделска","usetype":"Нива","proptype":"Частна","immaddr":"с. Крислово","place":"ДЕРМЕН УЗУН","area":3610.6730905102,"cadreg":14,"pnum":"16"}},{"type":"Feature","geometry":{"type":"Polygon","coordinates":[[[24.788547,42.245161],[24.788764,42.245161],[24.788764,42.244056],[24.788547,42.244056],[24.788547,42.245161]]]},"properties":{"cadnum":"39918.14.17","purptype":"Земеделска","usetype":"Нива","proptype":"Частна","immaddr":"с. Крислово","place":"ДЕРМЕН УЗУН","area":2199.7799959983,"cadreg":14,"pnum":"17"}},{"type":"Feature","geometry":{"type":"Polygon","coordinates":[[[24.790851,42.241705],[24.791361,42.241645],[24.791222,42.240992],[24.790724,42.241107],[24.790851,42.241705]]]},"properties":{"cadnum":"39918.14.20","purptype":"Земеделска","usetype":"Нива","proptype":"Частна","immaddr":"с. Крислово","place":"ДЕРМЕН УЗУН","area":3000.7757765101,"cadreg":14,"pnum":"20"}},{"type":"Feature","geometry":{"type":"Polygon","coordinates":[[[24.791451,42.242067],[24.791361,42.241645],[24.790851,42.241705],[24.790939,42.242118],[24.791451,42.242067]]]},"properties":{"cadnum":"39918.14.21","purptype":"Земеделска","usetype":"Нива","proptype":"Частна","immaddr":"с. Крислово","place":"ДЕРМЕН УЗУН","area":2000.5997920037,"cadreg":14,"pnum":"21"}},{"type":"Feature","geometry":{"type":"Polygon","coordinates":[[[24.792774,42.242871],[24.793867,42.241827],[24.792772,42.241933],[24.792774,42.242871]]]},"properties":{"cadnum":"39918.14.22","purptype":"Земеделска","usetype":"Нива","proptype":"Частна","immaddr":"с. Крислово","place":"ДЕРМЕН УЗУН","area":4711.0534419872,"cadreg":14,"pnum":"22"}},{"type":"Feature","geometry":{"type":"Polygon","coordinates":[[[24.787542,42.247743],[24.786152,42.247971],[24.786127,42.248097],[24.787452,42.248231],[24.787542,42.247743]]]},"properties":{"cadnum":"39918.14.23","purptype":"Земеделска","usetype":"Нива","proptype":"Частна","immaddr":"с. Крислово","place":"ДЕРМЕН УЗУН","area":3800.1804484965,"cadreg":14,"pnum":"23"}},{"type":"Feature","geometry":{"type":"Polygon","coordinates":[[[24.787452,42.248231],[24.788149,42.248302],[24.788274,42.247622],[24.787542,42.247743],[24.787452,42.248231]]]},"properties":{"cadnum":"39918.14.24","purptype":"Земеделска","usetype":"Нива","proptype":"Частна","immaddr":"с. Крислово","place":"ДЕРМЕН УЗУН","area":3801.3576404808,"cadreg":14,"pnum":"24"}},{"type":"Feature","geometry":{"type":"Polygon","coordinates":[[[24.788274,42.247622],[24.788149,42.248302],[24.78889,42.248376],[24.789052,42.247494],[24.788274,42.247622]]]},"properties":{"cadnum":"39918.14.25","purptype":"Земеделска","usetype":"Нива","proptype":"Частна","immaddr":"с. Крислово","place":"ДЕРМЕН УЗУН","area":5400.1169090107,"cadreg":14,"pnum":"25"}},{"type":"Feature","geometry":{"type":"Polygon","coordinates":[[[24.78889,42.248376],[24.78919,42.248407],[24.789224,42.248393],[24.789247,42.248368],[24.789267,42.248321],[24.789341,42.248254],[24.789372,42.248237],[24.789438,42.248226],[24.789485,42.248236],[24.789517,42.248287],[24.789529,42.248228],[24.790376,42.247277],[24.789052,42.247494],[24.78889,42.248376]]]},"properties":{"cadnum":"39918.14.26","purptype":"Земеделска","usetype":"Нива","proptype":"Частна","immaddr":"с. Крислово","place":"ДЕРМЕН УЗУН","area":7585.0914995528,"cadreg":14,"pnum":"26"}},{"type":"Feature","geometry":{"type":"Polygon","coordinates":[[[24.786048,42.248091],[24.786127,42.248097],[24.786152,42.247971],[24.786859,42.244057],[24.786748,42.244054],[24.786048,42.248091]]]},"properties":{"cadnum":"39918.14.27","purptype":"Територия, заета от води и водни обекти","usetype":"Напоителен канал","proptype":"Общинска частна","immaddr":"с. Крислово","place":"ДЕРМЕН УЗУН","area":3584.6229280261,"cadreg":14,"pnum":"27"}},{"type":"Feature","geometry":{"type":"Polygon","coordinates":[[[24.786907,42.244057],[24.786859,42.244057],[24.786163,42.247912],[24.786213,42.247904],[24.786907,42.244057]]]},"properties":{"cadnum":"39918.14.28","purptype":"Земеделска","usetype":"За селскостопански, горски, ведомствен път","proptype":"Общинска публична","immaddr":"с. Крислово","place":"ДЕРМЕН УЗУН","area":1724.6145249819,"cadreg":14,"pnum":"28"}},{"type":"Feature","geometry":{"type":"Polygon","coordinates":[[[24.786163,42.247912],[24.786152,42.247971],[24.790376,42.247277],[24.792392,42.245019],[24.792419,42.245007],[24.79233,42.244061],[24.792251,42.244055],[24.792331,42.244982],[24.79231,42.245019],[24.79033,42.247241],[24.786163,42.247912]]]},"properties":{"cadnum":"39918.14.29","purptype":"Земеделска","usetype":"За селскостопански, горски, ведомствен път","proptype":"Общинска публична","immaddr":"с. Крислово","place":"ДЕРМЕН УЗУН","area":4266.9334759414,"cadreg":14,"pnum":"29"}},{"type":"Feature","geometry":{"type":"Polygon","coordinates":[[[24.786748,42.244054],[24.792251,42.244055],[24.79233,42.244061],[24.792337,42.244008],[24.78682,42.244012],[24.786968,42.243545],[24.787375,42.241876],[24.787221,42.241505],[24.787271,42.241728],[24.787281,42.241913],[24.786748,42.244054]]]},"properties":{"cadnum":"39918.14.30","purptype":"Земеделска","usetype":"За селскостопански, горски, ведомствен път","proptype":"Общинска публична","immaddr":"с. Крислово","place":"ДЕРМЕН УЗУН","area":4194.3794205364,"cadreg":14,"pnum":"30"}},{"type":"Feature","geometry":{"type":"Polygon","coordinates":[[[24.789446,42.24576],[24.788953,42.24576],[24.788953,42.246423],[24.789447,42.246423],[24.789446,42.24576]]]},"properties":{"cadnum":"39918.14.31","purptype":"Земеделска","usetype":"Нива","proptype":"Частна","immaddr":"с. Крислово","place":"ДЕРМЕН УЗУН","area":2999.8132939806,"cadreg":14,"pnum":"31"}},{"type":"Feature","geometry":{"type":"Polygon","coordinates":[[[24.789447,42.247384],[24.789447,42.246423],[24.788953,42.246423],[24.788954,42.247464],[24.789447,42.247384]]]},"properties":{"cadnum":"39918.14.32","purptype":"Земеделска","usetype":"Нива","proptype":"Частна","immaddr":"с. Крислово","place":"ДЕРМЕН УЗУН","area":4526.1157155173,"cadreg":14,"pnum":"32"}},{"type":"Feature","geometry":{"type":"Polygon","coordinates":[[[24.789446,42.24576],[24.789447,42.246423],[24.789447,42.247384],[24.790028,42.24729],[24.790028,42.24576],[24.789446,42.24576]]]},"properties":{"cadnum":"39918.14.33","purptype":"Земеделска","usetype":"Нива","proptype":"Частна","immaddr":"с. Крислово","place":"ДЕРМЕН УЗУН","area":8399.7487599887,"cadreg":14,"pnum":"33"}},{"type":"Feature","geometry":{"type":"Polygon","coordinates":[[[24.790321,42.24576],[24.790028,42.24576],[24.790028,42.24729],[24.790322,42.247242],[24.790321,42.24576]]]},"properties":{"cadnum":"39918.14.34","purptype":"Земеделска","usetype":"Нива","proptype":"Частна","immaddr":"с. Крислово","place":"ДЕРМЕН УЗУН","area":4051.5195874898,"cadreg":14,"pnum":"34"}},{"type":"Feature","geometry":{"type":"Polygon","coordinates":[[[24.792326,42.244991],[24.792251,42.244055],[24.791566,42.244056],[24.791567,42.244991],[24.792326,42.244991]]]},"properties":{"cadnum":"39918.14.38","purptype":"Земеделска","usetype":"Нива","proptype":"Частна","immaddr":"с. Крислово","place":"ДЕРМЕН УЗУН","area":6216.4711664822,"cadreg":14,"pnum":"38"}},{"type":"Feature","geometry":{"type":"Polygon","coordinates":[[[24.791567,42.244991],[24.791567,42.245759],[24.791651,42.245759],[24.79231,42.245019],[24.792326,42.244991],[24.791567,42.244991]]]},"properties":{"cadnum":"39918.14.39","purptype":"Земеделска","usetype":"Нива","proptype":"Частна","immaddr":"с. Крислово","place":"ДЕРМЕН УЗУН","area":2999.8287125185,"cadreg":14,"pnum":"39"}},{"type":"Feature","geometry":{"type":"Polygon","coordinates":[[[24.791566,42.244056],[24.790992,42.244056],[24.790993,42.24576],[24.791567,42.245759],[24.791566,42.244056]]]},"properties":{"cadnum":"39918.14.40","purptype":"Земеделска","usetype":"Нива","proptype":"Частна","immaddr":"с. Крислово","place":"ДЕРМЕН УЗУН","area":8973.2048200145,"cadreg":14,"pnum":"40"}},{"type":"Feature","geometry":{"type":"Polygon","coordinates":[[[24.790992,42.244056],[24.790669,42.244056],[24.79067,42.24576],[24.790993,42.24576],[24.790992,42.244056]]]},"properties":{"cadnum":"39918.14.41","purptype":"Земеделска","usetype":"Нива","proptype":"Частна","immaddr":"с. Крислово","place":"ДЕРМЕН УЗУН","area":5043.8450780063,"cadreg":14,"pnum":"41"}},{"type":"Feature","geometry":{"type":"Polygon","coordinates":[[[24.790669,42.244056],[24.790143,42.244056],[24.790144,42.24576],[24.79067,42.24576],[24.790669,42.244056]]]},"properties":{"cadnum":"39918.14.42","purptype":"Земеделска","usetype":"Нива","proptype":"Частна","immaddr":"с. Крислово","place":"ДЕРМЕН УЗУН","area":8218.160300009,"cadreg":14,"pnum":"42"}},{"type":"Feature","geometry":{"type":"Polygon","coordinates":[[[24.790143,42.244056],[24.78982,42.244056],[24.789821,42.24576],[24.790144,42.24576],[24.790143,42.244056]]]},"properties":{"cadnum":"39918.14.43","purptype":"Земеделска","usetype":"Нива","proptype":"Частна","immaddr":"с. Крислово","place":"ДЕРМЕН УЗУН","area":5043.8847930009,"cadreg":14,"pnum":"43"}},{"type":"Feature","geometry":{"type":"Polygon","coordinates":[[[24.789905,42.24401],[24.789455,42.241398],[24.788939,42.241517],[24.789137,42.24401],[24.789905,42.24401]]]},"properties":{"cadnum":"39918.14.46","purptype":"Земеделска","usetype":"Нива","proptype":"Частна","immaddr":"с. Крислово","place":"ДЕРМЕН УЗУН","area":15198.192244506,"cadreg":14,"pnum":"46"}},{"type":"Feature","geometry":{"type":"Polygon","coordinates":[[[24.789905,42.24401],[24.790375,42.244009],[24.790165,42.243037],[24.789737,42.243038],[24.789905,42.24401]]]},"properties":{"cadnum":"39918.14.47","purptype":"Земеделска","usetype":"Нива","proptype":"Частна","immaddr":"с. Крислово","place":"ДЕРМЕН УЗУН","area":3999.8061499971,"cadreg":14,"pnum":"47"}},{"type":"Feature","geometry":{"type":"Polygon","coordinates":[[[24.789737,42.243038],[24.789972,42.243037],[24.789609,42.241363],[24.789455,42.241398],[24.789737,42.243038]]]},"properties":{"cadnum":"39918.14.48","purptype":"Земеделска","usetype":"Нива","proptype":"Частна","immaddr":"с. Крислово","place":"ДЕРМЕН УЗУН","area":2999.8653770004,"cadreg":14,"pnum":"48"}},{"type":"Feature","geometry":{"type":"Polygon","coordinates":[[[24.789972,42.243037],[24.790165,42.243037],[24.789793,42.241321],[24.789609,42.241363],[24.789972,42.243037]]]},"properties":{"cadnum":"39918.14.49","purptype":"Земеделска","usetype":"Нива","proptype":"Частна","immaddr":"с. Крислово","place":"ДЕРМЕН УЗУН","area":2999.6777744997,"cadreg":14,"pnum":"49"}},{"type":"Feature","geometry":{"type":"Polygon","coordinates":[[[24.790375,42.244009],[24.790981,42.244009],[24.790682,42.242608],[24.790072,42.242609],[24.790375,42.244009]]]},"properties":{"cadnum":"39918.14.50","purptype":"Земеделска","usetype":"Нива","proptype":"Частна","immaddr":"с. Крислово","place":"ДЕРМЕН УЗУН","area":7803.8855505083,"cadreg":14,"pnum":"50"}},{"type":"Feature","geometry":{"type":"Polygon","coordinates":[[[24.790072,42.242609],[24.790682,42.242608],[24.790378,42.241186],[24.789793,42.241321],[24.790072,42.242609]]]},"properties":{"cadnum":"39918.14.51","purptype":"Земеделска","usetype":"Нива","proptype":"Частна","immaddr":"с. Крислово","place":"ДЕРМЕН УЗУН","area":7603.7719905101,"cadreg":14,"pnum":"51"}},{"type":"Feature","geometry":{"type":"Polygon","coordinates":[[[24.790981,42.244009],[24.791371,42.244009],[24.790967,42.242115],[24.790939,42.242118],[24.790724,42.241107],[24.790378,42.241186],[24.790981,42.244009]]]},"properties":{"cadnum":"39918.14.52","purptype":"Земеделска","usetype":"Нива","proptype":"Частна","immaddr":"с. Крислово","place":"ДЕРМЕН УЗУН","area":9999.4080699943,"cadreg":14,"pnum":"52"}},{"type":"Feature","geometry":{"type":"Polygon","coordinates":[[[24.791371,42.244009],[24.792337,42.244008],[24.792285,42.243461],[24.791255,42.243462],[24.791371,42.244009]]]},"properties":{"cadnum":"39918.14.53","purptype":"Земеделска","usetype":"Нива","proptype":"Частна","immaddr":"с. Крислово","place":"ДЕРМЕН УЗУН","area":4999.6058280065,"cadreg":14,"pnum":"53"}},{"type":"Feature","geometry":{"type":"Polygon","coordinates":[[[24.791255,42.243462],[24.791892,42.243462],[24.791591,42.242053],[24.790967,42.242115],[24.791255,42.243462]]]},"properties":{"cadnum":"39918.14.54","purptype":"Земеделска","usetype":"Нива","proptype":"Частна","immaddr":"с. Крислово","place":"ДЕРМЕН УЗУН","area":8049.7602949916,"cadreg":14,"pnum":"54"}},{"type":"Feature","geometry":{"type":"Polygon","coordinates":[[[24.792285,42.243461],[24.792278,42.243384],[24.792284,42.243336],[24.792472,42.243158],[24.792222,42.241989],[24.791591,42.242053],[24.791892,42.243462],[24.792285,42.243461]]]},"properties":{"cadnum":"39918.14.55","purptype":"Земеделска","usetype":"Нива","proptype":"Частна","immaddr":"с. Крислово","place":"ДЕРМЕН УЗУН","area":8057.0294924914,"cadreg":14,"pnum":"55"}},{"type":"Feature","geometry":{"type":"Polygon","coordinates":[[[24.792472,42.243158],[24.792774,42.242871],[24.792772,42.241933],[24.792222,42.241989],[24.792472,42.243158]]]},"properties":{"cadnum":"39918.14.56","purptype":"Земеделска","usetype":"Нива","proptype":"Частна","immaddr":"с. Крислово","place":"ДЕРМЕН УЗУН","area":4312.5441404999,"cadreg":14,"pnum":"56"}},{"type":"Feature","geometry":{"type":"Polygon","coordinates":[[[24.789052,42.244056],[24.788764,42.244056],[24.788765,42.24576],[24.789053,42.24576],[24.789052,42.244056]]]},"properties":{"cadnum":"39918.14.57","purptype":"Земеделска","usetype":"Нива","proptype":"Частна","immaddr":"с. Крислово","place":"ДЕРМЕН УЗУН","area":4498.4212375021,"cadreg":14,"pnum":"57"}},{"type":"Feature","geometry":{"type":"Polygon","coordinates":[[[24.78934,42.244056],[24.789052,42.244056],[24.789053,42.24576],[24.789341,42.24576],[24.78934,42.244056]]]},"properties":{"cadnum":"39918.14.58","purptype":"Земеделска","usetype":"Нива","proptype":"Частна","immaddr":"с. Крислово","place":"ДЕРМЕН УЗУН","area":4498.9068855003,"cadreg":14,"pnum":"58"}},{"type":"Feature","geometry":{"type":"Polygon","coordinates":[[[24.7876,42.244011],[24.78768,42.243369],[24.78701,42.243371],[24.786968,42.243545],[24.78682,42.244012],[24.7876,42.244011]]]},"properties":{"cadnum":"39918.14.63","purptype":"Земеделска","usetype":"Нива","proptype":"Частна","immaddr":"с. Крислово","place":"ДЕРМЕН УЗУН","area":4235.9548764989,"cadreg":14,"pnum":"63"}},{"type":"Feature","geometry":{"type":"Polygon","coordinates":[[[24.788359,42.244011],[24.788358,42.243367],[24.78768,42.243369],[24.7876,42.244011],[24.788359,42.244011]]]},"properties":{"cadnum":"39918.14.64","purptype":"Земеделска","usetype":"Нива","proptype":"Частна","immaddr":"с. Крислово","place":"ДЕРМЕН УЗУН","area":4235.9919504778,"cadreg":14,"pnum":"64"}},{"type":"Feature","geometry":{"type":"Polygon","coordinates":[[[24.788358,42.243367],[24.788358,42.243012],[24.787097,42.243017],[24.78701,42.243371],[24.788358,42.243367]]]},"properties":{"cadnum":"39918.14.65","purptype":"Земеделска","usetype":"Нива","proptype":"Частна","immaddr":"с. Крислово","place":"ДЕРМЕН УЗУН","area":4236.0395849955,"cadreg":14,"pnum":"65"}},{"type":"Feature","geometry":{"type":"Polygon","coordinates":[[[24.788357,42.242638],[24.78719,42.242632],[24.787097,42.243017],[24.788358,42.243012],[24.788357,42.242638]]]},"properties":{"cadnum":"39918.14.66","purptype":"Земеделска","usetype":"Нива","proptype":"Частна","immaddr":"с. Крислово","place":"ДЕРМЕН УЗУН","area":4236.153601524,"cadreg":14,"pnum":"66"}},{"type":"Feature","geometry":{"type":"Polygon","coordinates":[[[24.78785,42.242634],[24.787865,42.241764],[24.787375,42.241876],[24.78719,42.242632],[24.78785,42.242634]]]},"properties":{"cadnum":"39918.14.67","purptype":"Земеделска","usetype":"Нива","proptype":"Частна","immaddr":"с. Крислово","place":"ДЕРМЕН УЗУН","area":4237.0547240077,"cadreg":14,"pnum":"67"}},{"type":"Feature","geometry":{"type":"Polygon","coordinates":[[[24.788357,42.242635],[24.788356,42.241651],[24.787865,42.241764],[24.78785,42.242634],[24.788357,42.242635]]]},"properties":{"cadnum":"39918.14.68","purptype":"Земеделска","usetype":"Нива","proptype":"Частна","immaddr":"с. Крислово","place":"ДЕРМЕН УЗУН","area":4235.9237475077,"cadreg":14,"pnum":"68"}},{"type":"Feature","geometry":{"type":"Polygon","coordinates":[[[24.788356,42.241887],[24.788637,42.241887],[24.788629,42.241588],[24.788356,42.241651],[24.788356,42.241887]]]},"properties":{"cadnum":"39918.14.69","purptype":"Урбанизирана","usetype":"Ниско застрояване (до 10 m)","proptype":"Частна","immaddr":"с. Крислово","place":"ДЕРМЕН УЗУН","area":680.1260465019,"cadreg":14,"pnum":"69"}},{"type":"Feature","geometry":{"type":"Polygon","coordinates":[[[24.788356,42.242143],[24.788645,42.242143],[24.788637,42.241887],[24.788356,42.241887],[24.788356,42.242143]]]},"properties":{"cadnum":"39918.14.70","purptype":"Урбанизирана","usetype":"Ниско застрояване (до 10 m)","proptype":"Частна","quarter":"22","immaddr":"с. Крислово","place":"ДЕРМЕН УЗУН","area":668.16618949931,"cadreg":14,"pnum":"70"}},{"type":"Feature","geometry":{"type":"Polygon","coordinates":[[[24.788356,42.242143],[24.788357,42.242393],[24.788652,42.242392],[24.788645,42.242143],[24.788356,42.242143]]]},"properties":{"cadnum":"39918.14.71","purptype":"Урбанизирана","usetype":"Ниско застрояване (до 10 m)","proptype":"Частна","immaddr":"с. Крислово","place":"ДЕРМЕН УЗУН","area":668.02588250475,"cadreg":14,"pnum":"71"}},{"type":"Feature","geometry":{"type":"Polygon","coordinates":[[[24.788658,42.242611],[24.788652,42.242392],[24.788357,42.242393],[24.788357,42.242638],[24.788623,42.242638],[24.788658,42.242611]]]},"properties":{"cadnum":"39918.14.72","purptype":"Урбанизирана","usetype":"Ниско застрояване (до 10 m)","proptype":"Частна","immaddr":"с. Крислово","place":"ДЕРМЕН УЗУН","area":666.76037649437,"cadreg":14,"pnum":"72"}},{"type":"Feature","geometry":{"type":"Polygon","coordinates":[[[24.789028,42.242638],[24.789008,42.242392],[24.788725,42.242394],[24.788731,42.242611],[24.788768,42.242638],[24.789028,42.242638]]]},"properties":{"cadnum":"39918.14.75","purptype":"Урбанизирана","usetype":"Ниско застрояване (до 10 m)","proptype":"Частна","immaddr":"с. Крислово","place":"ДЕРМЕН УЗУН","area":645.70719149647,"cadreg":14,"pnum":"75"}},{"type":"Feature","geometry":{"type":"Polygon","coordinates":[[[24.789008,42.242392],[24.788989,42.242142],[24.788717,42.242143],[24.788725,42.242394],[24.789008,42.242392]]]},"properties":{"cadnum":"39918.14.76","purptype":"Урбанизирана","usetype":"Ниско застрояване (до 10 m)","proptype":"Частна","immaddr":"с. Крислово","area":637.24733500336,"cadreg":14,"pnum":"76"}},{"type":"Feature","geometry":{"type":"Polygon","coordinates":[[[24.788989,42.242142],[24.788968,42.241886],[24.78871,42.241887],[24.788717,42.242143],[24.788989,42.242142]]]},"properties":{"cadnum":"39918.14.77","purptype":"Урбанизирана","usetype":"Ниско застрояване (до 10 m)","proptype":"Частна","immaddr":"с. Крислово","place":"ДЕРМЕН УЗУН","area":620.85202050484,"cadreg":14,"pnum":"77"}},{"type":"Feature","geometry":{"type":"Polygon","coordinates":[[[24.788968,42.241886],[24.788939,42.241517],[24.788701,42.241572],[24.78871,42.241887],[24.788968,42.241886]]]},"properties":{"cadnum":"39918.14.78","purptype":"Урбанизирана","usetype":"Ниско застрояване (до 10 m)","proptype":"Частна","immaddr":"с. Крислово","place":"ДЕРМЕН УЗУН","area":782.84165299301,"cadreg":14,"pnum":"78"}},{"type":"Feature","geometry":{"type":"Polygon","coordinates":[[[24.788629,42.241588],[24.788658,42.242611],[24.788623,42.242638],[24.788625,42.242719],[24.78877,42.242719],[24.788768,42.242638],[24.788731,42.242611],[24.788701,42.241572],[24.788629,42.241588]]]},"properties":{"cadnum":"39918.14.79","purptype":"Урбанизирана","usetype":"За второстепенна улица","proptype":"Общинска публична","immaddr":"с. Крислово","place":"ДЕРМЕН УЗУН","area":822.20644850149,"cadreg":14,"pnum":"79"}},{"type":"Feature","geometry":{"type":"Polygon","coordinates":[[[24.788625,42.242719],[24.788623,42.242638],[24.788357,42.242638],[24.788357,42.242881],[24.788666,42.242881],[24.78866,42.242745],[24.788625,42.242719]]]},"properties":{"cadnum":"39918.14.84","purptype":"Урбанизирана","usetype":"Ниско застрояване (до 10 m)","proptype":"Частна","quarter":"22","immaddr":"с. Крислово","place":"ДЕРМЕН УЗУН","area":647.54017249661,"cadreg":14,"pnum":"84"}},{"type":"Feature","geometry":{"type":"Polygon","coordinates":[[[24.788675,42.243112],[24.788666,42.242881],[24.788357,42.242881],[24.788358,42.243113],[24.788675,42.243112]]]},"properties":{"cadnum":"39918.14.85","purptype":"Урбанизирана","usetype":"Ниско застрояване (до 10 m)","proptype":"Частна","quarter":"22","immaddr":"с. Крислово","place":"ДЕРМЕН УЗУН","area":664.70907401047,"cadreg":14,"pnum":"85"}},{"type":"Feature","geometry":{"type":"Polygon","coordinates":[[[24.788685,42.243338],[24.788675,42.243112],[24.788358,42.243113],[24.788358,42.243338],[24.788685,42.243338]]]},"properties":{"cadnum":"39918.14.86","purptype":"Урбанизирана","usetype":"Ниско застрояване (до 10 m)","proptype":"Частна","quarter":"22","immaddr":"с. Крислово","place":"ДЕРМЕН УЗУН","area":665.04059000637,"cadreg":14,"pnum":"86"}},{"type":"Feature","geometry":{"type":"Polygon","coordinates":[[[24.788685,42.24336],[24.788685,42.243338],[24.788358,42.243338],[24.788358,42.243572],[24.788694,42.24357],[24.788692,42.243521],[24.788655,42.243495],[24.78865,42.243387],[24.788685,42.24336]]]},"properties":{"cadnum":"39918.14.87","purptype":"Урбанизирана","usetype":"Ниско застрояване (до 10 m)","proptype":"Частна","quarter":"22","immaddr":"с. Крислово","place":"ДЕРМЕН УЗУН","area":663.90826848557,"cadreg":14,"pnum":"87"}},{"type":"Feature","geometry":{"type":"Polygon","coordinates":[[[24.788702,42.243784],[24.788694,42.24357],[24.788358,42.243572],[24.788359,42.243785],[24.788702,42.243784]]]},"properties":{"cadnum":"39918.14.88","purptype":"Урбанизирана","usetype":"Ниско застрояване (до 10 m)","proptype":"Частна","quarter":"22","immaddr":"с. Крислово","place":"ДЕРМЕН УЗУН","area":663.97540000397,"cadreg":14,"pnum":"88"}},{"type":"Feature","geometry":{"type":"Polygon","coordinates":[[[24.78871,42.243975],[24.788702,42.243784],[24.788359,42.243785],[24.788359,42.243993],[24.788687,42.243993],[24.78871,42.243975]]]},"properties":{"cadnum":"39918.14.89","purptype":"Урбанизирана","usetype":"Ниско застрояване (до 10 m)","proptype":"Частна","quarter":"22","immaddr":"с. Крислово","place":"ДЕРМЕН УЗУН","area":662.08661899681,"cadreg":14,"pnum":"89"}},{"type":"Feature","geometry":{"type":"Polygon","coordinates":[[[24.789135,42.243992],[24.789119,42.243784],[24.788775,42.243784],[24.788783,42.243973],[24.788808,42.243993],[24.789135,42.243992]]]},"properties":{"cadnum":"39918.14.90","purptype":"Урбанизирана","usetype":"Ниско застрояване (до 10 m)","proptype":"Частна","quarter":"22","immaddr":"с. Крислово","place":"ДЕРМЕН УЗУН","area":661.30356899038,"cadreg":14,"pnum":"90"}},{"type":"Feature","geometry":{"type":"Polygon","coordinates":[[[24.789119,42.243784],[24.789102,42.243571],[24.788767,42.243571],[24.788775,42.243784],[24.789119,42.243784]]]},"properties":{"cadnum":"39918.14.91","purptype":"Урбанизирана","usetype":"Ниско застрояване (до 10 m)","proptype":"Частна","quarter":"22","immaddr":"с. Крислово","place":"ДЕРМЕН УЗУН","area":664.38106499539,"cadreg":14,"pnum":"91"}},{"type":"Feature","geometry":{"type":"Polygon","coordinates":[[[24.789102,42.243571],[24.789083,42.243337],[24.788757,42.243337],[24.788758,42.243358],[24.788795,42.243384],[24.7888,42.243492],[24.788764,42.243519],[24.788767,42.243571],[24.789102,42.243571]]]},"properties":{"cadnum":"39918.14.92","purptype":"Урбанизирана","usetype":"Ниско застрояване (до 10 m)","proptype":"Частна","quarter":"22","immaddr":"с. Крислово","place":"ДЕРМЕН УЗУН","area":664.31766001188,"cadreg":14,"pnum":"92"}},{"type":"Feature","geometry":{"type":"Polygon","coordinates":[[[24.789083,42.243337],[24.789066,42.243112],[24.788748,42.243112],[24.788757,42.243337],[24.789083,42.243337]]]},"properties":{"cadnum":"39918.14.93","purptype":"Урбанизирана","usetype":"Ниско застрояване (до 10 m)","proptype":"Частна","quarter":"22","immaddr":"с. Крислово","place":"ДЕРМЕН УЗУН","area":664.54645500973,"cadreg":14,"pnum":"93"}},{"type":"Feature","geometry":{"type":"Polygon","coordinates":[[[24.789066,42.243112],[24.789047,42.242881],[24.788739,42.242881],[24.788748,42.243112],[24.789066,42.243112]]]},"properties":{"cadnum":"39918.14.94","purptype":"Урбанизирана","usetype":"Ниско застрояване (до 10 m)","proptype":"Частна","quarter":"22","immaddr":"с. Крислово","place":"ДЕРМЕН УЗУН","area":663.45286248603,"cadreg":14,"pnum":"94"}},{"type":"Feature","geometry":{"type":"Polygon","coordinates":[[[24.789047,42.242881],[24.789028,42.242638],[24.788768,42.242638],[24.78877,42.242719],[24.788733,42.242746],[24.788739,42.242881],[24.789047,42.242881]]]},"properties":{"cadnum":"39918.14.95","purptype":"Урбанизирана","usetype":"Ниско застрояване (до 10 m)","proptype":"Частна","quarter":"22","immaddr":"с. Крислово","place":"ДЕРМЕН УЗУН","area":643.38779600166,"cadreg":14,"pnum":"95"}},{"type":"Feature","geometry":{"type":"Polygon","coordinates":[[[24.788733,42.242746],[24.78877,42.242719],[24.788625,42.242719],[24.78866,42.242745],[24.788685,42.243338],[24.788685,42.24336],[24.78865,42.243387],[24.788655,42.243495],[24.788692,42.243521],[24.78871,42.243975],[24.788687,42.243993],[24.788808,42.243993],[24.788783,42.243973],[24.788764,42.243519],[24.7888,42.243492],[24.788795,42.243384],[24.788758,42.243358],[24.788733,42.242746]]]},"properties":{"cadnum":"39918.14.96","purptype":"Урбанизирана","usetype":"За второстепенна улица","proptype":"Общинска публична","immaddr":"с. Крислово","place":"ДЕРМЕН УЗУН","area":951.13922799583,"cadreg":14,"pnum":"96"}},{"type":"Feature","geometry":{"type":"Polygon","coordinates":[[[24.789137,42.24401],[24.789135,42.243992],[24.788359,42.243993],[24.788359,42.244011],[24.789137,42.24401]]]},"properties":{"cadnum":"39918.14.97","purptype":"Земеделска","usetype":"За второстепенна улица","proptype":"Общинска публична","immaddr":"с. Крислово","place":"ДЕРМЕН УЗУН","area":128.40740199327,"cadreg":14,"pnum":"97"}},{"type":"Feature","geometry":{"type":"Polygon","coordinates":[[[24.775765,42.253021],[24.777105,42.252369],[24.776562,42.251994],[24.775208,42.252652],[24.775765,42.253021]]]},"properties":{"cadnum":"39918.15.1","purptype":"Земеделска","usetype":"Оризище","proptype":"Частна","immaddr":"с. Крислово","place":"ЧЕРНИТЕ МЕСТА","area":7897.7301734586,"cadreg":15,"pnum":"1"}},{"type":"Feature","geometry":{"type":"Polygon","coordinates":[[[24.776562,42.251994],[24.776269,42.251791],[24.774907,42.252453],[24.775208,42.252652],[24.776562,42.251994]]]},"properties":{"cadnum":"39918.15.4","purptype":"Земеделска","usetype":"Оризище","proptype":"Частна","immaddr":"с. Крислово","place":"ЧЕРНИТЕ МЕСТА","area":4299.7349960115,"cadreg":15,"pnum":"4"}},{"type":"Feature","geometry":{"type":"Polygon","coordinates":[[[24.775741,42.251426],[24.773847,42.251751],[24.774907,42.252453],[24.776269,42.251791],[24.775741,42.251426]]]},"properties":{"cadnum":"39918.15.5","purptype":"Земеделска","usetype":"Оризище","proptype":"Частна","immaddr":"с. Крислово","place":"ЧЕРНИТЕ МЕСТА","area":11547.186047999,"cadreg":15,"pnum":"5"}},{"type":"Feature","geometry":{"type":"Polygon","coordinates":[[[24.776934,42.252251],[24.777335,42.252528],[24.778616,42.251905],[24.778196,42.251637],[24.776934,42.252251]]]},"properties":{"cadnum":"39918.15.8","purptype":"Земеделска","usetype":"Оризище","proptype":"Частна","immaddr":"с. Крислово","place":"ЧЕРНИТЕ МЕСТА","area":5501.410399478,"cadreg":15,"pnum":"8"}},{"type":"Feature","geometry":{"type":"Polygon","coordinates":[[[24.78051,42.25167],[24.779439,42.252177],[24.780243,42.252695],[24.781309,42.252189],[24.78051,42.25167]]]},"properties":{"cadnum":"39918.15.10","purptype":"Земеделска","usetype":"Оризище","proptype":"Частна","immaddr":"с. Крислово","place":"ЧЕРНИТЕ МЕСТА","area":8801.2171234916,"cadreg":15,"pnum":"10"}},{"type":"Feature","geometry":{"type":"Polygon","coordinates":[[[24.78051,42.25167],[24.779069,42.250732],[24.777655,42.250988],[24.778485,42.251523],[24.77849,42.251567],[24.779439,42.252177],[24.78051,42.25167]]]},"properties":{"cadnum":"39918.15.11","purptype":"Земеделска","usetype":"Оризище","proptype":"Частна","immaddr":"с. Крислово","place":"ЧЕРНИТЕ МЕСТА","area":17781.59229297,"cadreg":15,"pnum":"11"}},{"type":"Feature","geometry":{"type":"Polygon","coordinates":[[[24.780217,42.251479],[24.781309,42.252189],[24.781781,42.251966],[24.780722,42.25124],[24.780217,42.251479]]]},"properties":{"cadnum":"39918.15.12","purptype":"Земеделска","usetype":"Оризище","proptype":"Частна","immaddr":"с. Крислово","place":"ЧЕРНИТЕ МЕСТА","area":5497.9089170094,"cadreg":15,"pnum":"12"}},{"type":"Feature","geometry":{"type":"Polygon","coordinates":[[[24.782181,42.251776],[24.781122,42.25105],[24.780722,42.25124],[24.781781,42.251966],[24.782181,42.251776]]]},"properties":{"cadnum":"39918.15.13","purptype":"Земеделска","usetype":"Оризище","proptype":"Частна","immaddr":"с. Крислово","place":"ЧЕРНИТЕ МЕСТА","area":4501.2512005114,"cadreg":15,"pnum":"13"}},{"type":"Feature","geometry":{"type":"Polygon","coordinates":[[[24.780706,42.251247],[24.781122,42.25105],[24.779977,42.250265],[24.779585,42.250478],[24.780706,42.251247]]]},"properties":{"cadnum":"39918.15.15","purptype":"Земеделска","usetype":"Оризище","proptype":"Частна","immaddr":"с. Крислово","place":"ЧЕРНИТЕ МЕСТА","area":5000.4451239812,"cadreg":15,"pnum":"15"}},{"type":"Feature","geometry":{"type":"Polygon","coordinates":[[[24.782062,42.250644],[24.780806,42.249814],[24.779977,42.250265],[24.781156,42.251073],[24.782062,42.250644]]]},"properties":{"cadnum":"39918.15.17","purptype":"Земеделска","usetype":"Оризище","proptype":"Частна","immaddr":"с. Крислово","place":"ЧЕРНИТЕ МЕСТА","area":11434.761131989,"cadreg":15,"pnum":"17"}},{"type":"Feature","geometry":{"type":"Polygon","coordinates":[[[24.773574,42.250967],[24.773422,42.251404],[24.773437,42.251446],[24.773618,42.251592],[24.774434,42.251444],[24.774256,42.25084],[24.773574,42.250967]]]},"properties":{"cadnum":"39918.15.18","purptype":"Земеделска","usetype":"Оризище","proptype":"Частна","immaddr":"с. Крислово","place":"ЧЕРНИТЕ МЕСТА","area":4907.0332879939,"cadreg":15,"pnum":"18"}},{"type":"Feature","geometry":{"type":"Polygon","coordinates":[[[24.774256,42.25084],[24.774434,42.251444],[24.775577,42.251237],[24.775397,42.250627],[24.774256,42.25084]]]},"properties":{"cadnum":"39918.15.19","purptype":"Земеделска","usetype":"Оризище","proptype":"Частна","immaddr":"с. Крислово","place":"ЧЕРНИТЕ МЕСТА","area":6699.1366190092,"cadreg":15,"pnum":"19"}},{"type":"Feature","geometry":{"type":"Polygon","coordinates":[[[24.778857,42.249943],[24.778759,42.249999],[24.77819,42.250106],[24.778396,42.250817],[24.779125,42.250685],[24.779453,42.250506],[24.778857,42.249943]]]},"properties":{"cadnum":"39918.15.21","purptype":"Земеделска","usetype":"Оризище","proptype":"Частна","immaddr":"с. Крислово","place":"ЧЕРНИТЕ МЕСТА","area":6204.5858955026,"cadreg":15,"pnum":"21"}},{"type":"Feature","geometry":{"type":"Polygon","coordinates":[[[24.778857,42.249943],[24.779453,42.250506],[24.780179,42.250111],[24.779563,42.24953],[24.778857,42.249943]]]},"properties":{"cadnum":"39918.15.22","purptype":"Земеделска","usetype":"Оризище","proptype":"Частна","immaddr":"с. Крислово","place":"ЧЕРНИТЕ МЕСТА","area":6000.4128854834,"cadreg":15,"pnum":"22"}},{"type":"Feature","geometry":{"type":"Polygon","coordinates":[[[24.779563,42.24953],[24.780179,42.250111],[24.780769,42.249789],[24.780426,42.249562],[24.780441,42.249516],[24.780472,42.24947],[24.780167,42.249261],[24.780051,42.249244],[24.779563,42.24953]]]},"properties":{"cadnum":"39918.15.23","purptype":"Земеделска","usetype":"Оризище","proptype":"Частна","immaddr":"с. Крислово","place":"ЧЕРНИТЕ МЕСТА","area":4833.917753515,"cadreg":15,"pnum":"23"}},{"type":"Feature","geometry":{"type":"Polygon","coordinates":[[[24.776353,42.24989],[24.77651,42.250419],[24.778759,42.249999],[24.780051,42.249244],[24.776353,42.24989]]]},"properties":{"cadnum":"39918.15.24","purptype":"Земеделска","usetype":"Оризище","proptype":"Частна","immaddr":"с. Крислово","place":"ЧЕРНИТЕ МЕСТА","area":14725.377837934,"cadreg":15,"pnum":"24"}},{"type":"Feature","geometry":{"type":"Polygon","coordinates":[[[24.775475,42.250613],[24.77651,42.250419],[24.776364,42.249926],[24.775326,42.250107],[24.775475,42.250613]]]},"properties":{"cadnum":"39918.15.25","purptype":"Земеделска","usetype":"Оризище","proptype":"Частна","immaddr":"с. Крислово","place":"ЧЕРНИТЕ МЕСТА","area":5000.1157975047,"cadreg":15,"pnum":"25"}},{"type":"Feature","geometry":{"type":"Polygon","coordinates":[[[24.775475,42.250613],[24.775326,42.250107],[24.774775,42.250203],[24.774927,42.250715],[24.775475,42.250613]]]},"properties":{"cadnum":"39918.15.26","purptype":"Земеделска","usetype":"Оризище","proptype":"Частна","immaddr":"с. Крислово","place":"ЧЕРНИТЕ МЕСТА","area":2699.5676964874,"cadreg":15,"pnum":"26"}},{"type":"Feature","geometry":{"type":"Polygon","coordinates":[[[24.774927,42.250715],[24.774775,42.250203],[24.774497,42.250252],[24.774434,42.25023],[24.774385,42.250163],[24.773889,42.250252],[24.773885,42.250272],[24.773856,42.250297],[24.773774,42.250352],[24.773574,42.250967],[24.774927,42.250715]]]},"properties":{"cadnum":"39918.15.27","purptype":"Земеделска","usetype":"Оризище","proptype":"Частна","immaddr":"с. Крислово","place":"ЧЕРНИТЕ МЕСТА","area":6499.6079465098,"cadreg":15,"pnum":"27"}},{"type":"Feature","geometry":{"type":"Polygon","coordinates":[[[24.780967,42.24962],[24.781723,42.249222],[24.782494,42.248817],[24.780327,42.249196],[24.780967,42.24962]]]},"properties":{"cadnum":"39918.15.28","purptype":"Земеделска","usetype":"Оризище","proptype":"Частна","immaddr":"с. Крислово","place":"ЧЕРНИТЕ МЕСТА","area":5318.609293005,"cadreg":15,"pnum":"28"}},{"type":"Feature","geometry":{"type":"Polygon","coordinates":[[[24.788878,42.248478],[24.786016,42.248202],[24.783819,42.248586],[24.783714,42.248641],[24.786018,42.248238],[24.788818,42.248508],[24.788878,42.248478]]]},"properties":{"cadnum":"39918.15.32","purptype":"Земеделска","usetype":"За селскостопански, горски, ведомствен път","proptype":"Общинска публична","immaddr":"с. Крислово","place":"ЧЕРНИТЕ МЕСТА","area":1704.4085628441,"cadreg":15,"pnum":"32"}},{"type":"Feature","geometry":{"type":"Polygon","coordinates":[[[24.783424,42.25125],[24.784715,42.250624],[24.78895,42.248496],[24.788878,42.248478],[24.786844,42.2495],[24.783379,42.251219],[24.783424,42.25125]]]},"properties":{"cadnum":"39918.15.33","purptype":"Земеделска","usetype":"За селскостопански, горски, ведомствен път","proptype":"Общинска публична","immaddr":"с. Крислово","place":"ЧЕРНИТЕ МЕСТА","area":2945.0312624543,"cadreg":15,"pnum":"33"}},{"type":"Feature","geometry":{"type":"Polygon","coordinates":[[[24.785832,42.24905],[24.787215,42.248354],[24.786018,42.248238],[24.785219,42.248378],[24.785832,42.24905]]]},"properties":{"cadnum":"39918.15.34","purptype":"Земеделска","usetype":"Оризище","proptype":"Частна","immaddr":"с. Крислово","place":"ЧЕРНИТЕ МЕСТА","area":7399.4400179993,"cadreg":15,"pnum":"34"}},{"type":"Feature","geometry":{"type":"Polygon","coordinates":[[[24.786245,42.248842],[24.783272,42.250338],[24.782578,42.250687],[24.783379,42.251219],[24.786844,42.2495],[24.786245,42.248842]]]},"properties":{"cadnum":"39918.15.35","purptype":"Земеделска","usetype":"Оризище","proptype":"Частна","immaddr":"с. Крислово","place":"ЧЕРНИТЕ МЕСТА","area":30891.370728645,"cadreg":15,"pnum":"35"}},{"type":"Feature","geometry":{"type":"Polygon","coordinates":[[[24.786245,42.248842],[24.786844,42.2495],[24.787674,42.249083],[24.787074,42.248424],[24.786245,42.248842]]]},"properties":{"cadnum":"39918.15.36","purptype":"Земеделска","usetype":"Оризище","proptype":"Частна","immaddr":"с. Крислово","place":"ЧЕРНИТЕ МЕСТА","area":7298.761000514,"cadreg":15,"pnum":"36"}},{"type":"Feature","geometry":{"type":"Polygon","coordinates":[[[24.787674,42.249083],[24.788818,42.248508],[24.787215,42.248354],[24.787074,42.248424],[24.787674,42.249083]]]},"properties":{"cadnum":"39918.15.37","purptype":"Земеделска","usetype":"Оризище","proptype":"Частна","immaddr":"с. Крислово","place":"ЧЕРНИТЕ МЕСТА","area":5649.9938199917,"cadreg":15,"pnum":"37"}},{"type":"Feature","geometry":{"type":"Polygon","coordinates":[[[24.77617,42.253289],[24.773847,42.251751],[24.777416,42.251139],[24.780016,42.2528],[24.780059,42.25278],[24.777429,42.251099],[24.773745,42.251732],[24.776101,42.253292],[24.776062,42.253325],[24.777243,42.254131],[24.777285,42.254111],[24.776177,42.253355],[24.77617,42.253289]]]},"properties":{"cadnum":"39918.15.38","purptype":"Земеделска","usetype":"За селскостопански, горски, ведомствен път","proptype":"Общинска публична","immaddr":"с. Крислово","place":"ЧЕРНИТЕ МЕСТА","area":3958.7336936106,"cadreg":15,"pnum":"38"}},{"type":"Feature","geometry":{"type":"Polygon","coordinates":[[[24.773647,42.251663],[24.773745,42.251732],[24.777429,42.251099],[24.780059,42.25278],[24.7802,42.252715],[24.77839,42.25155],[24.777484,42.25099],[24.777449,42.250986],[24.773647,42.251663]]]},"properties":{"cadnum":"39918.15.39","purptype":"Територия, заета от води и водни обекти","usetype":"Отводнителен канал","proptype":"Общинска частна","immaddr":"с. Крислово","place":"ЧЕРНИТЕ МЕСТА","area":7235.8213463793,"cadreg":15,"pnum":"39"}},{"type":"Feature","geometry":{"type":"Polygon","coordinates":[[[24.777449,42.250986],[24.777484,42.25099],[24.77839,42.25155],[24.778417,42.251527],[24.777597,42.250998],[24.777505,42.250945],[24.777446,42.250936],[24.773602,42.251632],[24.773647,42.251663],[24.777449,42.250986]]]},"properties":{"cadnum":"39918.15.40","purptype":"Територия, заета от води и водни обекти","usetype":"Напоителен канал","proptype":"Общинска частна","immaddr":"с. Крислово","place":"ЧЕРНИТЕ МЕСТА","area":2033.4704721008,"cadreg":15,"pnum":"40"}},{"type":"Feature","geometry":{"type":"Polygon","coordinates":[[[24.780243,42.252695],[24.77849,42.251567],[24.778485,42.251523],[24.777655,42.250988],[24.777515,42.250909],[24.777444,42.250899],[24.773564,42.251602],[24.773602,42.251632],[24.777446,42.250936],[24.777505,42.250945],[24.778417,42.251527],[24.77839,42.25155],[24.7802,42.252715],[24.780243,42.252695]]]},"properties":{"cadnum":"39918.15.41","purptype":"Земеделска","usetype":"За селскостопански, горски, ведомствен път","proptype":"Общинска публична","immaddr":"с. Крислово","place":"ЧЕРНИТЕ МЕСТА","area":2545.8527099949,"cadreg":15,"pnum":"41"}},{"type":"Feature","geometry":{"type":"Polygon","coordinates":[[[24.777243,42.254131],[24.777327,42.254175],[24.783424,42.25125],[24.780327,42.249196],[24.780242,42.249211],[24.782588,42.250774],[24.782594,42.250793],[24.782572,42.250809],[24.783255,42.251264],[24.7802,42.252715],[24.779275,42.253144],[24.777243,42.254131]]]},"properties":{"cadnum":"39918.15.42","purptype":"Земеделска","usetype":"За селскостопански, горски, ведомствен път","proptype":"Общинска публична","immaddr":"с. Крислово","place":"ЧЕРНИТЕ МЕСТА","area":6968.8405300815,"cadreg":15,"pnum":"42"}},{"type":"Feature","geometry":{"type":"Polygon","coordinates":[[[24.776353,42.24989],[24.774502,42.250214],[24.774466,42.250201],[24.774445,42.250179],[24.77443,42.250135],[24.774444,42.250116],[24.773846,42.250223],[24.773839,42.250256],[24.773793,42.250294],[24.773749,42.250313],[24.773728,42.250338],[24.773521,42.250977],[24.773372,42.251404],[24.773393,42.251464],[24.773564,42.251602],[24.773618,42.251592],[24.773437,42.251446],[24.773422,42.251404],[24.773774,42.250352],[24.773856,42.250297],[24.773885,42.250272],[24.773889,42.250252],[24.774385,42.250163],[24.774434,42.25023],[24.774497,42.250252],[24.776364,42.249926],[24.776353,42.24989]]]},"properties":{"cadnum":"39918.15.43","purptype":"Земеделска","usetype":"За селскостопански, горски, ведомствен път","proptype":"Общинска публична","immaddr":"с. Крислово","place":"ЧЕРНИТЕ МЕСТА","area":1525.7123495254,"cadreg":15,"pnum":"43"}},{"type":"Feature","geometry":{"type":"Polygon","coordinates":[[[24.78919,42.248407],[24.786127,42.248097],[24.786048,42.248091],[24.785857,42.248112],[24.774444,42.250116],[24.77443,42.250135],[24.774432,42.250154],[24.774466,42.250201],[24.774502,42.250214],[24.786016,42.248202],[24.788878,42.248478],[24.78895,42.248496],[24.78919,42.248407]]]},"properties":{"cadnum":"39918.15.44","purptype":"Територия, заета от води и водни обекти","usetype":"Отводнителен канал","proptype":"Държавна частна","immaddr":"с. Крислово","place":"ЧЕРНИТЕ МЕСТА","area":15008.441399376,"cadreg":15,"pnum":"44"}},{"type":"Feature","geometry":{"type":"Polygon","coordinates":[[[24.783153,42.251316],[24.78048,42.24955],[24.780502,42.249499],[24.780552,42.249475],[24.780181,42.249222],[24.780051,42.249244],[24.780167,42.249261],[24.780472,42.24947],[24.780441,42.249516],[24.780426,42.249562],[24.780769,42.249789],[24.779125,42.250685],[24.777607,42.25096],[24.777655,42.250988],[24.779146,42.250718],[24.780806,42.249814],[24.78311,42.251336],[24.783153,42.251316]]]},"properties":{"cadnum":"39918.15.45","purptype":"Земеделска","usetype":"За селскостопански, горски, ведомствен път","proptype":"Общинска публична","immaddr":"с. Крислово","place":"ЧЕРНИТЕ МЕСТА","area":2584.6789590034,"cadreg":15,"pnum":"45"}},{"type":"Feature","geometry":{"type":"Polygon","coordinates":[[[24.780552,42.249475],[24.780502,42.249499],[24.78048,42.24955],[24.783153,42.251316],[24.783255,42.251264],[24.780552,42.249475]]]},"properties":{"cadnum":"39918.15.46","purptype":"Територия, заета от води и водни обекти","usetype":"Отводнителен канал","proptype":"Общинска частна","immaddr":"с. Крислово","place":"ЧЕРНИТЕ МЕСТА","area":3028.4300413948,"cadreg":15,"pnum":"46"}},{"type":"Feature","geometry":{"type":"Polygon","coordinates":[[[24.782572,42.250809],[24.782594,42.250793],[24.782588,42.250774],[24.780242,42.249211],[24.780181,42.249222],[24.780552,42.249475],[24.782572,42.250809]]]},"properties":{"cadnum":"39918.15.47","purptype":"Територия, заета от води и водни обекти","usetype":"Напоителен канал","proptype":"Общинска частна","immaddr":"с. Крислово","place":"ЧЕРНИТЕ МЕСТА","area":1132.2224295222,"cadreg":15,"pnum":"47"}},{"type":"Feature","geometry":{"type":"Polygon","coordinates":[[[24.775397,42.250627],[24.775577,42.251237],[24.776337,42.2511],[24.776157,42.250485],[24.775397,42.250627]]]},"properties":{"cadnum":"39918.15.48","purptype":"Земеделска","usetype":"Оризище","proptype":"Частна","immaddr":"с. Крислово","place":"ЧЕРНИТЕ МЕСТА","area":4498.1546954816,"cadreg":15,"pnum":"48"}},{"type":"Feature","geometry":{"type":"Polygon","coordinates":[[[24.783788,42.248628],[24.783714,42.248641],[24.782369,42.249348],[24.783272,42.250338],[24.784215,42.249863],[24.783788,42.248628]]]},"properties":{"cadnum":"39918.15.49","purptype":"Земеделска","usetype":"Оризище","proptype":"Частна","immaddr":"с. Крислово","place":"ЧЕРНИТЕ МЕСТА","area":15847.401249015,"cadreg":15,"pnum":"49"}},{"type":"Feature","geometry":{"type":"Polygon","coordinates":[[[24.784215,42.249863],[24.785832,42.24905],[24.785219,42.248378],[24.783788,42.248628],[24.784215,42.249863]]]},"properties":{"cadnum":"39918.15.50","purptype":"Земеделска","usetype":"Оризище","proptype":"Частна","immaddr":"с. Крислово","place":"ЧЕРНИТЕ МЕСТА","area":15849.184124967,"cadreg":15,"pnum":"50"}},{"type":"Feature","geometry":{"type":"Polygon","coordinates":[[[24.777643,42.252378],[24.778967,42.253294],[24.779275,42.253144],[24.777951,42.252229],[24.777643,42.252378]]]},"properties":{"cadnum":"39918.15.51","purptype":"Земеделска","usetype":"Оризище","proptype":"Частна","immaddr":"с. Крислово","place":"ЧЕРНИТЕ МЕСТА","area":4400.693667978,"cadreg":15,"pnum":"51"}},{"type":"Feature","geometry":{"type":"Polygon","coordinates":[[[24.777335,42.252528],[24.778658,42.253443],[24.778967,42.253294],[24.777643,42.252378],[24.777335,42.252528]]]},"properties":{"cadnum":"39918.15.52","purptype":"Земеделска","usetype":"Оризище","proptype":"Частна","immaddr":"с. Крислово","place":"ЧЕРНИТЕ МЕСТА","area":4401.7143990231,"cadreg":15,"pnum":"52"}},{"type":"Feature","geometry":{"type":"Polygon","coordinates":[[[24.779047,42.252181],[24.778363,42.252514],[24.779275,42.253144],[24.780016,42.2528],[24.779047,42.252181]]]},"properties":{"cadnum":"39918.15.53","purptype":"Земеделска","usetype":"Оризище","proptype":"Частна","immaddr":"с. Крислово","place":"ЧЕРНИТЕ МЕСТА","area":6999.6361090565,"cadreg":15,"pnum":"53"}},{"type":"Feature","geometry":{"type":"Polygon","coordinates":[[[24.779047,42.252181],[24.778616,42.251905],[24.777951,42.252229],[24.778363,42.252514],[24.779047,42.252181]]]},"properties":{"cadnum":"39918.15.54","purptype":"Земеделска","usetype":"Оризище","proptype":"Частна","immaddr":"с. Крислово","place":"ЧЕРНИТЕ МЕСТА","area":2999.6884040154,"cadreg":15,"pnum":"54"}},{"type":"Feature","geometry":{"type":"Polygon","coordinates":[[[24.778187,42.250854],[24.778396,42.250817],[24.77819,42.250106],[24.777978,42.250145],[24.778187,42.250854]]]},"properties":{"cadnum":"39918.15.59","purptype":"Земеделска","usetype":"Оризище","proptype":"Общинска частна","immaddr":"с. Крислово","place":"ЧЕРНИТЕ МЕСТА","area":1439.8865614971,"cadreg":15,"pnum":"59"}},{"type":"Feature","geometry":{"type":"Polygon","coordinates":[[[24.777978,42.250145],[24.777115,42.250306],[24.777297,42.250926],[24.777444,42.250899],[24.777515,42.250909],[24.777607,42.25096],[24.778187,42.250854],[24.777978,42.250145]]]},"properties":{"cadnum":"39918.15.60","purptype":"Земеделска","usetype":"Оризище","proptype":"Частна","immaddr":"с. Крислово","place":"ЧЕРНИТЕ МЕСТА","area":5714.3868410121,"cadreg":15,"pnum":"60"}},{"type":"Feature","geometry":{"type":"Polygon","coordinates":[[[24.776157,42.250485],[24.776337,42.2511],[24.777297,42.250926],[24.777115,42.250306],[24.776157,42.250485]]]},"properties":{"cadnum":"39918.15.61","purptype":"Земеделска","usetype":"Оризище","proptype":"Частна","immaddr":"с. Крислово","place":"ЧЕРНИТЕ МЕСТА","area":5714.8567935025,"cadreg":15,"pnum":"61"}},{"type":"Feature","geometry":{"type":"Polygon","coordinates":[[[24.781723,42.249222],[24.780967,42.24962],[24.781359,42.249879],[24.78201,42.249537],[24.781723,42.249222]]]},"properties":{"cadnum":"39918.15.62","purptype":"Земеделска","usetype":"Оризище","proptype":"Частна","immaddr":"с. Крислово","place":"ЧЕРНИТЕ МЕСТА","area":2999.7879169834,"cadreg":15,"pnum":"62"}},{"type":"Feature","geometry":{"type":"Polygon","coordinates":[[[24.78201,42.249537],[24.782369,42.249348],[24.783819,42.248586],[24.782494,42.248817],[24.781723,42.249222],[24.78201,42.249537]]]},"properties":{"cadnum":"39918.15.63","purptype":"Земеделска","usetype":"Оризище","proptype":"Частна","immaddr":"с. Крислово","place":"ЧЕРНИТЕ МЕСТА","area":5498.329092991,"cadreg":15,"pnum":"63"}},{"type":"Feature","geometry":{"type":"Polygon","coordinates":[[[24.776934,42.252251],[24.777217,42.252113],[24.776128,42.25136],[24.775741,42.251426],[24.776934,42.252251]]]},"properties":{"cadnum":"39918.15.64","purptype":"Земеделска","usetype":"Оризище","proptype":"Общинска частна","immaddr":"с. Крислово","place":"ЧЕРНИТЕ МЕСТА","area":3489.7168055247,"cadreg":15,"pnum":"64"}},{"type":"Feature","geometry":{"type":"Polygon","coordinates":[[[24.776128,42.25136],[24.777217,42.252113],[24.777485,42.251983],[24.776492,42.251297],[24.776128,42.25136]]]},"properties":{"cadnum":"39918.15.65","purptype":"Земеделска","usetype":"Оризище","proptype":"Общинска частна","immaddr":"с. Крислово","place":"ЧЕРНИТЕ МЕСТА","area":2999.6836970039,"cadreg":15,"pnum":"65"}},{"type":"Feature","geometry":{"type":"Polygon","coordinates":[[[24.778196,42.251637],[24.777748,42.251351],[24.777056,42.251687],[24.777485,42.251983],[24.778196,42.251637]]]},"properties":{"cadnum":"39918.15.66","purptype":"Земеделска","usetype":"Оризище","proptype":"Общинска частна","immaddr":"с. Крислово","place":"ЧЕРНИТЕ МЕСТА","area":3245.1080565009,"cadreg":15,"pnum":"66"}},{"type":"Feature","geometry":{"type":"Polygon","coordinates":[[[24.777416,42.251139],[24.776492,42.251297],[24.777056,42.251687],[24.777748,42.251351],[24.777416,42.251139]]]},"properties":{"cadnum":"39918.15.67","purptype":"Земеделска","usetype":"Оризище","proptype":"Общинска частна","immaddr":"с. Крислово","place":"ЧЕРНИТЕ МЕСТА","area":3245.3544999793,"cadreg":15,"pnum":"67"}},{"type":"Feature","geometry":{"type":"Polygon","coordinates":[[[24.78311,42.251336],[24.78259,42.250992],[24.781672,42.251427],[24.782181,42.251776],[24.78311,42.251336]]]},"properties":{"cadnum":"39918.15.68","purptype":"Земеделска","usetype":"Оризище","proptype":"Частна","immaddr":"с. Крислово","place":"ЧЕРНИТЕ МЕСТА","area":4999.7309520467,"cadreg":15,"pnum":"68"}},{"type":"Feature","geometry":{"type":"Polygon","coordinates":[[[24.78259,42.250992],[24.782062,42.250644],[24.781156,42.251073],[24.781672,42.251427],[24.78259,42.250992]]]},"properties":{"cadnum":"39918.15.69","purptype":"Земеделска","usetype":"Оризище","proptype":"Частна","immaddr":"с. Крислово","place":"ЧЕРНИТЕ МЕСТА","area":5001.113792514,"cadreg":15,"pnum":"69"}},{"type":"Feature","geometry":{"type":"Polygon","coordinates":[[[24.781904,42.250241],[24.782578,42.250687],[24.783272,42.250338],[24.782781,42.2498],[24.781904,42.250241]]]},"properties":{"cadnum":"39918.15.70","purptype":"Земеделска","usetype":"Оризище","proptype":"Частна","immaddr":"с. Крислово","place":"ЧЕРНИТЕ МЕСТА","area":5649.642591499,"cadreg":15,"pnum":"70"}},{"type":"Feature","geometry":{"type":"Polygon","coordinates":[[[24.782781,42.2498],[24.782369,42.249348],[24.781359,42.249879],[24.781904,42.250241],[24.782781,42.2498]]]},"properties":{"cadnum":"39918.15.71","purptype":"Земеделска","usetype":"Оризище","proptype":"Частна","immaddr":"с. Крислово","place":"ЧЕРНИТЕ МЕСТА","area":5649.2977584931,"cadreg":15,"pnum":"71"}},{"type":"Feature","geometry":{"type":"Polygon","coordinates":[[[24.779348,42.250608],[24.779146,42.250718],[24.779069,42.250732],[24.780217,42.251479],[24.780455,42.251366],[24.779348,42.250608]]]},"properties":{"cadnum":"39918.15.72","purptype":"Земеделска","usetype":"Оризище","proptype":"Частна","immaddr":"с. Крислово","place":"ЧЕРНИТЕ МЕСТА","area":2981.5479489919,"cadreg":15,"pnum":"72"}},{"type":"Feature","geometry":{"type":"Polygon","coordinates":[[[24.780455,42.251366],[24.780706,42.251247],[24.779585,42.250478],[24.779348,42.250608],[24.780455,42.251366]]]},"properties":{"cadnum":"39918.15.73","purptype":"Земеделска","usetype":"Оризище","proptype":"Частна","immaddr":"с. Крислово","place":"ЧЕРНИТЕ МЕСТА","area":2980.9005750496,"cadreg":15,"pnum":"73"}},{"type":"Feature","geometry":{"type":"Polygon","coordinates":[[[24.777316,42.252515],[24.777105,42.252369],[24.775765,42.253021],[24.775981,42.253164],[24.777316,42.252515]]]},"properties":{"cadnum":"39918.15.74","purptype":"Земеделска","usetype":"Оризище","proptype":"Частна","immaddr":"с. Крислово","place":"ЧЕРНИТЕ МЕСТА","area":3048.3827450228,"cadreg":15,"pnum":"74"}},{"type":"Feature","geometry":{"type":"Polygon","coordinates":[[[24.775981,42.253164],[24.77617,42.253289],[24.776177,42.253355],[24.776268,42.253417],[24.777649,42.252746],[24.777316,42.252515],[24.775981,42.253164]]]},"properties":{"cadnum":"39918.15.75","purptype":"Земеделска","usetype":"Оризище","proptype":"Частна","immaddr":"с. Крислово","place":"ЧЕРНИТЕ МЕСТА","area":4849.817012978,"cadreg":15,"pnum":"75"}},{"type":"Feature","geometry":{"type":"Polygon","coordinates":[[[24.776268,42.253417],[24.777285,42.254111],[24.778043,42.253742],[24.777034,42.253045],[24.776268,42.253417]]]},"properties":{"cadnum":"39918.15.76","purptype":"Земеделска","usetype":"Оризище","proptype":"Частна","immaddr":"с. Крислово","place":"ЧЕРНИТЕ МЕСТА","area":8298.1893909978,"cadreg":15,"pnum":"76"}},{"type":"Feature","geometry":{"type":"Polygon","coordinates":[[[24.777034,42.253045],[24.778043,42.253742],[24.778319,42.253608],[24.777309,42.252911],[24.777034,42.253045]]]},"properties":{"cadnum":"39918.15.77","purptype":"Земеделска","usetype":"Оризище","proptype":"Частна","immaddr":"с. Крислово","place":"ЧЕРНИТЕ МЕСТА","area":3001.2147909519,"cadreg":15,"pnum":"77"}},{"type":"Feature","geometry":{"type":"Polygon","coordinates":[[[24.777309,42.252911],[24.778319,42.253608],[24.778658,42.253443],[24.777649,42.252746],[24.777309,42.252911]]]},"properties":{"cadnum":"39918.15.78","purptype":"Земеделска","usetype":"Оризище","proptype":"Частна","immaddr":"с. Крислово","place":"ЧЕРНИТЕ МЕСТА","area":3699.7639404922,"cadreg":15,"pnum":"78"}},{"type":"Feature","geometry":{"type":"Polygon","coordinates":[[[24.786866,42.23935],[24.786759,42.240016],[24.787062,42.239963],[24.786866,42.23935]]]},"properties":{"cadnum":"39918.16.26","purptype":"Земеделска","usetype":"Нива","proptype":"Частна","immaddr":"с. Крислово","place":"с. КРИСЛОВО","area":902.44539099969,"cadreg":16,"pnum":"26"}},{"type":"Feature","geometry":{"type":"Polygon","coordinates":[[[24.786866,42.23935],[24.787062,42.239963],[24.787454,42.239894],[24.787233,42.239204],[24.786889,42.239207],[24.786866,42.23935]]]},"properties":{"cadnum":"39918.16.27","purptype":"Земеделска","usetype":"Нива","proptype":"Частна","immaddr":"с. Крислово","place":"с. КРИСЛОВО","area":2694.6323110148,"cadreg":16,"pnum":"27"}},{"type":"Feature","geometry":{"type":"Polygon","coordinates":[[[24.787682,42.239201],[24.787233,42.239204],[24.787454,42.239894],[24.78788,42.239819],[24.787682,42.239201]]]},"properties":{"cadnum":"39918.16.28","purptype":"Земеделска","usetype":"Нива","proptype":"Частна","immaddr":"с. Крислово","place":"с. КРИСЛОВО","area":2696.3521579885,"cadreg":16,"pnum":"28"}},{"type":"Feature","geometry":{"type":"Polygon","coordinates":[[[24.787682,42.239201],[24.78788,42.239819],[24.788361,42.239735],[24.78819,42.239197],[24.787682,42.239201]]]},"properties":{"cadnum":"39918.16.29","purptype":"Земеделска","usetype":"Нива","proptype":"Частна","immaddr":"с. Крислово","place":"с. КРИСЛОВО","area":2697.6166769995,"cadreg":16,"pnum":"29"}},{"type":"Feature","geometry":{"type":"Polygon","coordinates":[[[24.786889,42.239207],[24.78819,42.239197],[24.78806,42.23879],[24.786955,42.238798],[24.786889,42.239207]]]},"properties":{"cadnum":"39918.16.30","purptype":"Земеделска","usetype":"Нива","proptype":"Частна","immaddr":"с. Крислово","place":"с. КРИСЛОВО","area":4498.2168299893,"cadreg":16,"pnum":"30"}},{"type":"Feature","geometry":{"type":"Polygon","coordinates":[[[24.787628,42.238793],[24.787618,42.238078],[24.787071,42.238082],[24.786955,42.238798],[24.787628,42.238793]]]},"properties":{"cadnum":"39918.16.31","purptype":"Земеделска","usetype":"Нива","proptype":"Частна","immaddr":"с. Крислово","place":"с. КРИСЛОВО","area":3999.9459530042,"cadreg":16,"pnum":"31"}},{"type":"Feature","geometry":{"type":"Polygon","coordinates":[[[24.78758,42.235601],[24.787171,42.235122],[24.787003,42.234982],[24.787327,42.235646],[24.78758,42.235601]]]},"properties":{"cadnum":"39918.16.35","purptype":"Земеделска","usetype":"Пасище","proptype":"Частна","immaddr":"с. Крислово","place":"с. КРИСЛОВО","area":931.54556650458,"cadreg":16,"pnum":"35"}},{"type":"Feature","geometry":{"type":"Polygon","coordinates":[[[24.787171,42.235122],[24.789342,42.237669],[24.789354,42.237663],[24.789267,42.237551],[24.787195,42.235099],[24.786936,42.234872],[24.787003,42.234982],[24.787171,42.235122]]]},"properties":{"cadnum":"39918.16.37","purptype":"Земеделска","usetype":"За селскостопански, горски, ведомствен път","proptype":"Общинска публична","immaddr":"с. Крислово","place":"с. КРИСЛОВО","area":893.05573704161,"cadreg":16,"pnum":"37"}},{"type":"Feature","geometry":{"type":"Polygon","coordinates":[[[24.787035,42.238082],[24.786723,42.240023],[24.786759,42.240016],[24.787071,42.238082],[24.787035,42.238082]]]},"properties":{"cadnum":"39918.16.39","purptype":"Земеделска","usetype":"За селскостопански, горски, ведомствен път","proptype":"Общинска публична","immaddr":"с. Крислово","place":"с. КРИСЛОВО","area":628.05179799518,"cadreg":16,"pnum":"39"}},{"type":"Feature","geometry":{"type":"Polygon","coordinates":[[[24.787618,42.238078],[24.787628,42.238793],[24.78806,42.23879],[24.788422,42.238731],[24.788283,42.238305],[24.789342,42.237697],[24.789336,42.237673],[24.789342,42.237669],[24.788824,42.237061],[24.787901,42.237224],[24.787618,42.238078]]]},"properties":{"cadnum":"39918.16.45","purptype":"Земеделска","usetype":"Нива","proptype":"Частна","immaddr":"с. Крислово","place":"с. КРИСЛОВО","area":16220.685201019,"cadreg":16,"pnum":"45"}},{"type":"Feature","geometry":{"type":"Polygon","coordinates":[[[24.787309,42.236546],[24.787254,42.236998],[24.788572,42.236766],[24.788244,42.236381],[24.787309,42.236546]]]},"properties":{"cadnum":"39918.16.54","purptype":"Земеделска","usetype":"Нива","proptype":"Частна","immaddr":"с. Крислово","place":"с. КРИСЛОВО","area":4571.7713325154,"cadreg":16,"pnum":"54"}},{"type":"Feature","geometry":{"type":"Polygon","coordinates":[[[24.788244,42.236381],[24.78758,42.235601],[24.787327,42.235646],[24.787391,42.235781],[24.787393,42.23586],[24.787309,42.236546],[24.788244,42.236381]]]},"properties":{"cadnum":"39918.16.55","purptype":"Земеделска","usetype":"Нива","proptype":"Частна","immaddr":"с. Крислово","place":"с. КРИСЛОВО","area":4573.0227124697,"cadreg":16,"pnum":"55"}},{"type":"Feature","geometry":{"type":"Polygon","coordinates":[[[24.788824,42.237061],[24.788572,42.236766],[24.787254,42.236998],[24.787211,42.237346],[24.787035,42.238082],[24.787618,42.238078],[24.787901,42.237224],[24.788824,42.237061]]]},"properties":{"cadnum":"39918.16.56","purptype":"Земеделска","usetype":"За складова база","proptype":"Частна","immaddr":"с. Крислово","place":"с. КРИСЛОВО","area":9076.7637979986,"cadreg":16,"pnum":"56"}},{"type":"Feature","geometry":{"type":"Polygon","coordinates":[[[24.796263,42.247169],[24.796606,42.247098],[24.796531,42.246895],[24.796193,42.246973],[24.796263,42.247169]]]},"properties":{"cadnum":"39918.501.1","purptype":"Урбанизирана","usetype":"Ниско застрояване (до 10 m)","proptype":"Частна","quarter":"1","immaddr":"с. Крислово, ПОБЕДА №2","area":675.36075300513,"cadreg":501,"pnum":"1"}},{"type":"Feature","geometry":{"type":"Polygon","coordinates":[[[24.796193,42.246973],[24.796531,42.246895],[24.796446,42.246677],[24.796108,42.246738],[24.796193,42.246973]]]},"properties":{"cadnum":"39918.501.2","purptype":"Урбанизирана","usetype":"Ниско застрояване (до 10 m)","proptype":"Общинска частна","quarter":"1","immaddr":"с. Крислово, Георги Димитров №52","area":761.05119299912,"cadreg":501,"pnum":"2"}},{"type":"Feature","geometry":{"type":"Polygon","coordinates":[[[24.795969,42.246361],[24.796108,42.246738],[24.79635,42.246692],[24.796204,42.24631],[24.795969,42.246361]]]},"properties":{"cadnum":"39918.501.3","purptype":"Урбанизирана","usetype":"Ниско застрояване (до 10 m)","proptype":"Частна","quarter":"1","immaddr":"с. Крислово, ул. \"Александър Стамболийски\" №1","area":891.67793050421,"cadreg":501,"pnum":"3"}},{"type":"Feature","geometry":{"type":"Polygon","coordinates":[[[24.796204,42.24631],[24.79635,42.246692],[24.796587,42.246646],[24.796436,42.246259],[24.796204,42.24631]]]},"properties":{"cadnum":"39918.501.4","purptype":"Урбанизирана","usetype":"Ниско застрояване (до 10 m)","proptype":"Частна","quarter":"1","immaddr":"с. Крислово, ул. \"Александър Стамболийски\" №3","area":898.85303550792,"cadreg":501,"pnum":"4"}},{"type":"Feature","geometry":{"type":"Polygon","coordinates":[[[24.796605,42.247097],[24.796792,42.247058],[24.796622,42.246638],[24.796446,42.246677],[24.796605,42.247097]]]},"properties":{"cadnum":"39918.501.5","purptype":"Урбанизирана","usetype":"Ниско застрояване (до 10 m)","proptype":"Общинска частна","quarter":"1","immaddr":"с. Крислово, ул. Победа №4","area":747.20684350082,"cadreg":501,"pnum":"5"}},{"type":"Feature","geometry":{"type":"Polygon","coordinates":[[[24.796972,42.247012],[24.796795,42.246606],[24.796622,42.246638],[24.796794,42.247059],[24.796932,42.247029],[24.79693,42.247023],[24.796972,42.247012]]]},"properties":{"cadnum":"39918.501.6","purptype":"Урбанизирана","usetype":"Ниско застрояване (до 10 m)","proptype":"Общинска частна","quarter":"1","immaddr":"с. Крислово, ул. Победа №6","area":729.20858599955,"cadreg":501,"pnum":"6"}},{"type":"Feature","geometry":{"type":"Polygon","coordinates":[[[24.796795,42.246606],[24.796639,42.246215],[24.796436,42.246259],[24.796587,42.246646],[24.796795,42.246606]]]},"properties":{"cadnum":"39918.501.7","purptype":"Урбанизирана","usetype":"Ниско застрояване (до 10 m)","proptype":"Частна","quarter":"1","immaddr":"с. Крислово, АЛЕКСАНДЪР СТАМБОЛИЙСКИ №5","area":791.43323500354,"cadreg":501,"pnum":"7"}},{"type":"Feature","geometry":{"type":"Polygon","coordinates":[[[24.796816,42.246654],[24.797016,42.246616],[24.796844,42.24617],[24.796639,42.246215],[24.796816,42.246654]]]},"properties":{"cadnum":"39918.501.8","purptype":"Урбанизирана","usetype":"Ниско застрояване (до 10 m)","proptype":"Частна","quarter":"1","immaddr":"с. Крислово, АЛЕКСАНДЪР СТАМБОЛИЙСКИ №7","area":885.08018450336,"cadreg":501,"pnum":"8"}},{"type":"Feature","geometry":{"type":"Polygon","coordinates":[[[24.796938,42.246951],[24.796976,42.247021],[24.797164,42.246978],[24.797016,42.246616],[24.796816,42.246654],[24.796938,42.246951]]]},"properties":{"cadnum":"39918.501.9","purptype":"Урбанизирана","usetype":"Ниско застрояване (до 10 m)","proptype":"Частна","quarter":"1","immaddr":"с. Крислово, ПОБЕДА №8","area":706.98831699525,"cadreg":501,"pnum":"9"}},{"type":"Feature","geometry":{"type":"Polygon","coordinates":[[[24.797346,42.246934],[24.797188,42.24654],[24.797004,42.246581],[24.797164,42.246978],[24.797346,42.246934]]]},"properties":{"cadnum":"39918.501.10","purptype":"Урбанизирана","usetype":"Ниско застрояване (до 10 m)","proptype":"Частна","quarter":"1","immaddr":"с. Крислово, ПОБЕДА №10","area":732.79371550811,"cadreg":501,"pnum":"10"}},{"type":"Feature","geometry":{"type":"Polygon","coordinates":[[[24.797346,42.246934],[24.797528,42.246894],[24.797373,42.246495],[24.797188,42.24654],[24.797346,42.246934]]]},"properties":{"cadnum":"39918.501.11","purptype":"Урбанизирана","usetype":"Ниско застрояване (до 10 m)","proptype":"Частна","quarter":"1","immaddr":"с. Крислово, ПОБЕДА №12","area":732.24385350165,"cadreg":501,"pnum":"11"}},{"type":"Feature","geometry":{"type":"Polygon","coordinates":[[[24.797747,42.246846],[24.797587,42.246437],[24.797373,42.246495],[24.797528,42.246894],[24.797747,42.246846]]]},"properties":{"cadnum":"39918.501.12","purptype":"Урбанизирана","usetype":"Ниско застрояване (до 10 m)","proptype":"Частна","quarter":"1","immaddr":"с. Крислово, ул. Победа №14","area":876.01312050267,"cadreg":501,"pnum":"12"}},{"type":"Feature","geometry":{"type":"Polygon","coordinates":[[[24.79705,42.246237],[24.797011,42.246132],[24.796844,42.24617],[24.797004,42.246581],[24.797188,42.24654],[24.79705,42.246237]]]},"properties":{"cadnum":"39918.501.13","purptype":"Урбанизирана","usetype":"Ниско застрояване (до 10 m)","proptype":"Частна","quarter":"1","immaddr":"с. Крислово, АЛЕКСАНДЪР СТАМБОЛИЙСКИ №11-а","area":714.53591450243,"cadreg":501,"pnum":"13"}},{"type":"Feature","geometry":{"type":"Polygon","coordinates":[[[24.797843,42.246381],[24.797676,42.245986],[24.79734,42.246062],[24.797508,42.24646],[24.797636,42.246425],[24.797843,42.246381]]]},"properties":{"cadnum":"39918.501.14","purptype":"Урбанизирана","usetype":"Ниско застрояване (до 10 m)","proptype":"Частна","quarter":"1","immaddr":"с. Крислово, АЛЕКСАНДЪР СТАМБОЛИЙСКИ №13","area":1330.7952854987,"cadreg":501,"pnum":"14"}},{"type":"Feature","geometry":{"type":"Polygon","coordinates":[[[24.79798,42.246794],[24.798007,42.246751],[24.797928,42.246567],[24.79766,42.24662],[24.797747,42.246846],[24.79798,42.246794]]]},"properties":{"cadnum":"39918.501.15","purptype":"Урбанизирана","usetype":"Ниско застрояване (до 10 m)","proptype":"Частна","quarter":"1","immaddr":"с. Крислово, ул. \"Димитър Кривчев\" №33","area":592.5777629953,"cadreg":501,"pnum":"15"}},{"type":"Feature","geometry":{"type":"Polygon","coordinates":[[[24.798128,42.246735],[24.798161,42.246752],[24.798482,42.246682],[24.798405,42.246475],[24.798217,42.246506],[24.798042,42.246545],[24.798128,42.246735]]]},"properties":{"cadnum":"39918.501.16","purptype":"Урбанизирана","usetype":"Ниско застрояване (до 10 m)","proptype":"Общинска частна","quarter":"2","immaddr":"с. Крислово, ул. Победа №18","area":742.04265649971,"cadreg":501,"pnum":"16"}},{"type":"Feature","geometry":{"type":"Polygon","coordinates":[[[24.798344,42.246306],[24.798482,42.246682],[24.798669,42.246641],[24.798533,42.246268],[24.798344,42.246306]]]},"properties":{"cadnum":"39918.501.17","purptype":"Урбанизирана","usetype":"Ниско застрояване (до 10 m)","proptype":"Общинска частна","quarter":"2","immaddr":"с. Крислово, ПОБЕДА №20","area":691.19640049754,"cadreg":501,"pnum":"17"}},{"type":"Feature","geometry":{"type":"Polygon","coordinates":[[[24.798344,42.246306],[24.797958,42.246356],[24.798042,42.246545],[24.798217,42.246506],[24.798405,42.246475],[24.798344,42.246306]]]},"properties":{"cadnum":"39918.501.18","purptype":"Урбанизирана","usetype":"Ниско застрояване (до 10 m)","proptype":"Общинска частна","quarter":"2","immaddr":"с. Крислово, ДИМИТЪР КРИВЧЕВ №28","area":645.832799,"cadreg":501,"pnum":"18"}},{"type":"Feature","geometry":{"type":"Polygon","coordinates":[[[24.798344,42.246306],[24.798533,42.246268],[24.798506,42.246072],[24.798472,42.24607],[24.79838,42.246087],[24.797892,42.246197],[24.797958,42.246356],[24.798344,42.246306]]]},"properties":{"cadnum":"39918.501.19","purptype":"Урбанизирана","usetype":"Ниско застрояване (до 10 m)","proptype":"Общинска частна","quarter":"2","immaddr":"с. Крислово, ДИМИТЪР КРИВЧЕВ №26","area":1065.0246324952,"cadreg":501,"pnum":"19"}},{"type":"Feature","geometry":{"type":"Polygon","coordinates":[[[24.797892,42.246197],[24.798472,42.24607],[24.798367,42.245953],[24.798149,42.245738],[24.797789,42.245945],[24.797892,42.246197]]]},"properties":{"cadnum":"39918.501.20","purptype":"Урбанизирана","usetype":"Ниско застрояване (до 10 m)","proptype":"Частна","quarter":"2","immaddr":"с. Крислово, ул. \"Александър Стамболийски\" №15","area":1588.4870490201,"cadreg":501,"pnum":"20"}},{"type":"Feature","geometry":{"type":"Polygon","coordinates":[[[24.798832,42.245915],[24.798469,42.245552],[24.798149,42.245738],[24.798367,42.245953],[24.798472,42.24607],[24.798782,42.246104],[24.798832,42.245915]]]},"properties":{"cadnum":"39918.501.21","purptype":"Урбанизирана","usetype":"Ниско застрояване (до 10 m)","proptype":"Частна","quarter":"2","immaddr":"с. Крислово, ул. \"Александър Стамболийски\" №17","area":1883.6906534911,"cadreg":501,"pnum":"21"}},{"type":"Feature","geometry":{"type":"Polygon","coordinates":[[[24.798669,42.246641],[24.79886,42.2466],[24.798739,42.246286],[24.798782,42.246104],[24.798506,42.246072],[24.798533,42.246268],[24.798669,42.246641]]]},"properties":{"cadnum":"39918.501.22","purptype":"Урбанизирана","usetype":"Ниско застрояване (до 10 m)","proptype":"Общинска частна","quarter":"2","immaddr":"с. Крислово, ПОБЕДА №22","area":1067.5728289968,"cadreg":501,"pnum":"22"}},{"type":"Feature","geometry":{"type":"Polygon","coordinates":[[[24.798739,42.246286],[24.79886,42.2466],[24.79906,42.246558],[24.798958,42.24629],[24.798992,42.245936],[24.798832,42.245915],[24.798739,42.246286]]]},"properties":{"cadnum":"39918.501.23","purptype":"Урбанизирана","usetype":"Ниско застрояване (до 10 m)","proptype":"Общинска частна","quarter":"2","immaddr":"с. Крислово, ПОБЕДА №24","area":1216.8487914937,"cadreg":501,"pnum":"23"}},{"type":"Feature","geometry":{"type":"Polygon","coordinates":[[[24.799261,42.246517],[24.799161,42.246261],[24.799215,42.245965],[24.798992,42.245936],[24.798958,42.24629],[24.79906,42.246558],[24.799261,42.246517]]]},"properties":{"cadnum":"39918.501.24","purptype":"Урбанизирана","usetype":"Ниско застрояване (до 10 m)","proptype":"Частна","quarter":"2","immaddr":"с. Крислово, ПОБЕДА №26","area":1153.1363845073,"cadreg":501,"pnum":"24"}},{"type":"Feature","geometry":{"type":"Polygon","coordinates":[[[24.799472,42.24647],[24.799377,42.246216],[24.799426,42.245986],[24.799215,42.245965],[24.799161,42.246261],[24.799261,42.246517],[24.799472,42.24647]]]},"properties":{"cadnum":"39918.501.25","purptype":"Урбанизирана","usetype":"Ниско застрояване (до 10 m)","proptype":"Частна","quarter":"2","immaddr":"с. Крислово, ПОБЕДА №28","area":1048.5245270105,"cadreg":501,"pnum":"25"}},{"type":"Feature","geometry":{"type":"Polygon","coordinates":[[[24.7997,42.246422],[24.799617,42.246213],[24.799649,42.246012],[24.799426,42.245986],[24.799377,42.246216],[24.799472,42.24647],[24.7997,42.246422]]]},"properties":{"cadnum":"39918.501.26","purptype":"Урбанизирана","usetype":"Ниско застрояване (до 10 m)","proptype":"Частна","quarter":"2","immaddr":"с. Крислово, ул. Победа №30","area":980.80594800648,"cadreg":501,"pnum":"26"}},{"type":"Feature","geometry":{"type":"Polygon","coordinates":[[[24.800077,42.24634],[24.800077,42.246062],[24.799649,42.246012],[24.799617,42.246213],[24.7997,42.246422],[24.800077,42.24634]]]},"properties":{"cadnum":"39918.501.27","purptype":"Урбанизирана","usetype":"Ниско застрояване (до 10 m)","proptype":"Частна","quarter":"2","immaddr":"с. Крислово, ПОБЕДА №32-,34","area":1380.2254500049,"cadreg":501,"pnum":"27"}},{"type":"Feature","geometry":{"type":"Polygon","coordinates":[[[24.800378,42.246274],[24.800375,42.246095],[24.800077,42.246062],[24.800077,42.24634],[24.800378,42.246274]]]},"properties":{"cadnum":"39918.501.28","purptype":"Урбанизирана","usetype":"Ниско застрояване (до 10 m)","proptype":"Частна","quarter":"2","immaddr":"с. Крислово, ул. \"Победа\" №36","area":629.93555450441,"cadreg":501,"pnum":"28"}},{"type":"Feature","geometry":{"type":"Polygon","coordinates":[[[24.800373,42.245953],[24.799677,42.245876],[24.799649,42.246012],[24.800375,42.246095],[24.800373,42.245953]]]},"properties":{"cadnum":"39918.501.29","purptype":"Урбанизирана","usetype":"Ниско застрояване (до 10 m)","proptype":"Частна","quarter":"2","immaddr":"с. Крислово, ул. \"9 септември\" №2","area":920.52524651406,"cadreg":501,"pnum":"29"}},{"type":"Feature","geometry":{"type":"Polygon","coordinates":[[[24.80037,42.245803],[24.799708,42.245724],[24.799677,42.245876],[24.800373,42.245953],[24.80037,42.245803]]]},"properties":{"cadnum":"39918.501.30","purptype":"Урбанизирана","usetype":"Ниско застрояване (до 10 m)","proptype":"Частна","quarter":"2","immaddr":"с. Крислово, ул. Девети септември №4","area":950.55825697956,"cadreg":501,"pnum":"30"}},{"type":"Feature","geometry":{"type":"Polygon","coordinates":[[[24.799649,42.246012],[24.799745,42.245539],[24.799453,42.245503],[24.799352,42.245978],[24.799649,42.246012]]]},"properties":{"cadnum":"39918.501.31","purptype":"Урбанизирана","usetype":"Ниско застрояване (до 10 m)","proptype":"Частна","quarter":"2","immaddr":"с. Крислово, Димчо Дебелянов №5","area":1322.4875124956,"cadreg":501,"pnum":"31"}},{"type":"Feature","geometry":{"type":"Polygon","coordinates":[[[24.799453,42.245503],[24.799117,42.245462],[24.798992,42.245936],[24.799352,42.245978],[24.799453,42.245503]]]},"properties":{"cadnum":"39918.501.32","purptype":"Урбанизирана","usetype":"Ниско застрояване (до 10 m)","proptype":"Частна","quarter":"2","immaddr":"с. Крислово, Димчо Дебелянов №3","area":1540.9267809979,"cadreg":501,"pnum":"32"}},{"type":"Feature","geometry":{"type":"Polygon","coordinates":[[[24.798992,42.245936],[24.799117,42.245462],[24.798896,42.245435],[24.798852,42.245713],[24.798719,42.2458],[24.798832,42.245915],[24.798992,42.245936]]]},"properties":{"cadnum":"39918.501.33","purptype":"Урбанизирана","usetype":"Ниско застрояване (до 10 m)","proptype":"Частна","quarter":"2","immaddr":"с. Крислово, Димчо Дебелянов №1","area":995.04552850335,"cadreg":501,"pnum":"33"}},{"type":"Feature","geometry":{"type":"Polygon","coordinates":[[[24.798469,42.245552],[24.798719,42.2458],[24.798852,42.245713],[24.798896,42.245435],[24.798711,42.245412],[24.798469,42.245552]]]},"properties":{"cadnum":"39918.501.34","purptype":"Урбанизирана","usetype":"Ниско застрояване (до 10 m)","proptype":"Частна","quarter":"2","immaddr":"с. Крислово, ул. \"Александър Стамболийски\" №19","area":912.14528449578,"cadreg":501,"pnum":"34"}},{"type":"Feature","geometry":{"type":"Polygon","coordinates":[[[24.799238,42.245304],[24.799257,42.245296],[24.799285,42.245239],[24.799351,42.245145],[24.799076,42.245022],[24.798809,42.245302],[24.798848,42.245355],[24.799193,42.245398],[24.799238,42.245304]]]},"properties":{"cadnum":"39918.501.35","purptype":"Урбанизирана","usetype":"Ниско застрояване (до 10 m)","proptype":"Частна","quarter":"3","immaddr":"с. Крислово, АЛЕКСАНДЪР СТАМБОЛИЙСКИ №21","area":1088.2935324972,"cadreg":501,"pnum":"35"}},{"type":"Feature","geometry":{"type":"Polygon","coordinates":[[[24.799659,42.244814],[24.799482,42.244738],[24.79939,42.244688],[24.799076,42.245022],[24.799189,42.245067],[24.79942,42.245177],[24.799511,42.245208],[24.799617,42.245049],[24.799776,42.24489],[24.79974,42.244864],[24.799652,42.244821],[24.799659,42.244814]]]},"properties":{"cadnum":"39918.501.36","purptype":"Урбанизирана","usetype":"Ниско застрояване (до 10 m)","proptype":"Частна","quarter":"3","immaddr":"с. Крислово, АЛЕКСАНДЪР СТАМБОЛИЙСКИ №23","area":1728.9204209987,"cadreg":501,"pnum":"36"}},{"type":"Feature","geometry":{"type":"Polygon","coordinates":[[[24.799193,42.245398],[24.799986,42.245495],[24.800021,42.245335],[24.799775,42.245302],[24.79942,42.245177],[24.799351,42.245145],[24.799285,42.245239],[24.799257,42.245296],[24.799238,42.245304],[24.799193,42.245398]]]},"properties":{"cadnum":"39918.501.37","purptype":"Урбанизирана","usetype":"Ниско застрояване (до 10 m)","proptype":"Частна","quarter":"3","immaddr":"с. Крислово, Димчо Дебелянов №2-,4","area":1400.409579482,"cadreg":501,"pnum":"37"}},{"type":"Feature","geometry":{"type":"Polygon","coordinates":[[[24.800303,42.245531],[24.800361,42.245478],[24.800365,42.245372],[24.800021,42.245335],[24.799986,42.245495],[24.800303,42.245531]]]},"properties":{"cadnum":"39918.501.38","purptype":"Урбанизирана","usetype":"Ниско застрояване (до 10 m)","proptype":"Частна","quarter":"3","immaddr":"с. Крислово, Димчо Дебелянов №6","area":528.28724899863,"cadreg":501,"pnum":"38"}},{"type":"Feature","geometry":{"type":"Polygon","coordinates":[[[24.799901,42.24518],[24.800358,42.24518],[24.800355,42.245006],[24.80001,42.245013],[24.799776,42.24489],[24.799617,42.245049],[24.799901,42.24518]]]},"properties":{"cadnum":"39918.501.39","purptype":"Урбанизирана","usetype":"Ниско застрояване (до 10 m)","proptype":"Частна","quarter":"3","immaddr":"с. Крислово, IX септември №10","area":1170.0103030018,"cadreg":501,"pnum":"39"}},{"type":"Feature","geometry":{"type":"Polygon","coordinates":[[[24.800351,42.24479],[24.800085,42.244792],[24.799915,42.244703],[24.799776,42.24489],[24.80001,42.245013],[24.800355,42.245006],[24.800351,42.24479]]]},"properties":{"cadnum":"39918.501.40","purptype":"Урбанизирана","usetype":"Ниско застрояване (до 10 m)","proptype":"Частна","quarter":"3","immaddr":"с. Крислово, IX септември №12","area":1090.5667899875,"cadreg":501,"pnum":"40"}},{"type":"Feature","geometry":{"type":"Polygon","coordinates":[[[24.800344,42.244576],[24.800018,42.24457],[24.799915,42.244703],[24.800085,42.244792],[24.800351,42.24479],[24.800344,42.244576]]]},"properties":{"cadnum":"39918.501.41","purptype":"Урбанизирана","usetype":"Ниско застрояване (до 10 m)","proptype":"Частна","quarter":"3","immaddr":"с. Крислово, ул. \"9 септември\" №14","area":734.6115014983,"cadreg":501,"pnum":"41"}},{"type":"Feature","geometry":{"type":"Polygon","coordinates":[[[24.800208,42.244062],[24.800005,42.244026],[24.799862,42.244178],[24.800078,42.244277],[24.80017,42.244281],[24.800208,42.244062]]]},"properties":{"cadnum":"39918.501.43","purptype":"Урбанизирана","usetype":"Ниско застрояване (до 10 m)","proptype":"Частна","quarter":"3","immaddr":"с. Крислово, ул. \"9 септември\" №18","area":531.47401399426,"cadreg":501,"pnum":"43"}},{"type":"Feature","geometry":{"type":"Polygon","coordinates":[[[24.799862,42.244178],[24.799666,42.24439],[24.799882,42.244497],[24.800078,42.244277],[24.799862,42.244178]]]},"properties":{"cadnum":"39918.501.44","purptype":"Урбанизирана","usetype":"Ниско застрояване (до 10 m)","proptype":"Частна","quarter":"3","immaddr":"с. Крислово, АЛЕКСАНДЪР СТАМБОЛИЙСКИ №27","area":612.03084349881,"cadreg":501,"pnum":"44"}},{"type":"Feature","geometry":{"type":"Polygon","coordinates":[[[24.799776,42.24489],[24.800018,42.24457],[24.799666,42.24439],[24.79939,42.244688],[24.799482,42.244738],[24.799659,42.244814],[24.799652,42.244821],[24.79974,42.244864],[24.799776,42.24489]]]},"properties":{"cadnum":"39918.501.45","purptype":"Урбанизирана","usetype":"Ниско застрояване (до 10 m)","proptype":"Частна","quarter":"3","immaddr":"с. Крислово, ул. \"Александър Стамболийски\" №25","area":1488.9482725066,"cadreg":501,"pnum":"45"}},{"type":"Feature","geometry":{"type":"Polygon","coordinates":[[[24.798928,42.244516],[24.799235,42.244697],[24.799395,42.24453],[24.799166,42.244408],[24.799111,42.244313],[24.798844,42.244396],[24.79888,42.244434],[24.798928,42.244516]]]},"properties":{"cadnum":"39918.501.46","purptype":"Урбанизирана","usetype":"Ниско застрояване (до 10 m)","proptype":"Частна","quarter":"4","immaddr":"с. Крислово, Иван Вазов №19","area":919.70100250405,"cadreg":501,"pnum":"46"}},{"type":"Feature","geometry":{"type":"Polygon","coordinates":[[[24.799052,42.244893],[24.799129,42.244809],[24.799147,42.244799],[24.799235,42.244697],[24.798928,42.244516],[24.79888,42.244434],[24.798844,42.244396],[24.798553,42.24449],[24.798668,42.24469],[24.799052,42.244893]]]},"properties":{"cadnum":"39918.501.47","purptype":"Урбанизирана","usetype":"Ниско застрояване (до 10 m)","proptype":"Частна","quarter":"4","immaddr":"с. Крислово, Иван Вазов №17","area":1509.2679740048,"cadreg":501,"pnum":"47"}},{"type":"Feature","geometry":{"type":"Polygon","coordinates":[[[24.798283,42.245309],[24.798441,42.245452],[24.798633,42.245339],[24.798759,42.245206],[24.798583,42.245122],[24.798472,42.244938],[24.798083,42.245065],[24.798283,42.245309]]]},"properties":{"cadnum":"39918.501.49","purptype":"Урбанизирана","usetype":"Ниско застрояване (до 10 m)","proptype":"Частна","quarter":"4","immaddr":"с. Крислово, АЛЕКСАНДЪР СТАМБОЛИЙСКИ №14","area":1611.9772310079,"cadreg":501,"pnum":"49"}},{"type":"Feature","geometry":{"type":"Polygon","coordinates":[[[24.798338,42.244685],[24.798276,42.244578],[24.797924,42.244688],[24.798057,42.244993],[24.798095,42.245059],[24.798472,42.244938],[24.798376,42.244774],[24.798338,42.244685]]]},"properties":{"cadnum":"39918.501.50","purptype":"Урбанизирана","usetype":"Ниско застрояване (до 10 m)","proptype":"Частна","quarter":"4","immaddr":"с. Крислово, Иван Вазов №13","area":1431.4317089978,"cadreg":501,"pnum":"50"}},{"type":"Feature","geometry":{"type":"Polygon","coordinates":[[[24.797716,42.245097],[24.797791,42.245192],[24.798095,42.245059],[24.798057,42.244993],[24.797924,42.244688],[24.797563,42.244842],[24.797607,42.244899],[24.797716,42.245097]]]},"properties":{"cadnum":"39918.501.51","purptype":"Урбанизирана","usetype":"Ниско застрояване (до 10 m)","proptype":"Частна","quarter":"4","immaddr":"с. Крислово, Иван Вазов №11","area":1350.4246764986,"cadreg":501,"pnum":"51"}},{"type":"Feature","geometry":{"type":"Polygon","coordinates":[[[24.798083,42.245065],[24.797768,42.2452],[24.797791,42.245274],[24.798091,42.245593],[24.798136,42.245631],[24.798441,42.245452],[24.798283,42.245309],[24.798083,42.245065]]]},"properties":{"cadnum":"39918.501.52","purptype":"Урбанизирана","usetype":"Ниско застрояване (до 10 m)","proptype":"Частна","quarter":"4","immaddr":"с. Крислово, АЛ.СТАМБОЛИЙСКИ №12","area":1733.93531199,"cadreg":501,"pnum":"52"}},{"type":"Feature","geometry":{"type":"Polygon","coordinates":[[[24.797549,42.245348],[24.797705,42.245737],[24.797754,42.245853],[24.798133,42.245629],[24.798091,42.245593],[24.797791,42.245274],[24.797672,42.24532],[24.797549,42.245348]]]},"properties":{"cadnum":"39918.501.53","purptype":"Урбанизирана","usetype":"Ниско застрояване (до 10 m)","proptype":"Частна","quarter":"4","immaddr":"с. Крислово, ул. АЛЕКСАНДЪР СТАМБОЛИЙСКИ №10","area":1580.807218502,"cadreg":501,"pnum":"53"}},{"type":"Feature","geometry":{"type":"Polygon","coordinates":[[[24.797638,42.244957],[24.797563,42.244842],[24.797379,42.244923],[24.797549,42.245348],[24.797672,42.24532],[24.797791,42.245274],[24.797768,42.2452],[24.797791,42.245192],[24.797716,42.245097],[24.797638,42.244957]]]},"properties":{"cadnum":"39918.501.54","purptype":"Урбанизирана","usetype":"Ниско застрояване (до 10 m)","proptype":"Частна","quarter":"4","immaddr":"с. Крислово, ДИМИТЪР КРИВЧЕВ №24","area":1055.9813715065,"cadreg":501,"pnum":"54"}},{"type":"Feature","geometry":{"type":"Polygon","coordinates":[[[24.797439,42.245388],[24.797271,42.244992],[24.797251,42.244981],[24.797033,42.245057],[24.797178,42.245439],[24.797439,42.245388]]]},"properties":{"cadnum":"39918.501.55","purptype":"Урбанизирана","usetype":"Ниско застрояване (до 10 m)","proptype":"Частна","quarter":"5","immaddr":"с. Крислово, Иван Вазов №9","area":989.90759398313,"cadreg":501,"pnum":"55"}},{"type":"Feature","geometry":{"type":"Polygon","coordinates":[[[24.796991,42.245485],[24.797178,42.245439],[24.797033,42.245057],[24.79684,42.245101],[24.796991,42.245485]]]},"properties":{"cadnum":"39918.501.56","purptype":"Урбанизирана","usetype":"Ниско застрояване (до 10 m)","proptype":"Частна","quarter":"5","immaddr":"с. Крислово, Иван Вазов №7","area":735.74969000935,"cadreg":501,"pnum":"56"}},{"type":"Feature","geometry":{"type":"Polygon","coordinates":[[[24.797178,42.245439],[24.796926,42.245502],[24.797033,42.245717],[24.797526,42.245602],[24.797439,42.245388],[24.797178,42.245439]]]},"properties":{"cadnum":"39918.501.57","purptype":"Урбанизирана","usetype":"Ниско застрояване (до 10 m)","proptype":"Частна","quarter":"5","immaddr":"с. Крислово, ДИМИТЪР КРИВЧЕВ №31","area":1110.0568984868,"cadreg":501,"pnum":"57"}},{"type":"Feature","geometry":{"type":"Polygon","coordinates":[[[24.796405,42.245601],[24.7962,42.245641],[24.796404,42.246172],[24.796789,42.246088],[24.796585,42.245553],[24.796405,42.245601]]]},"properties":{"cadnum":"39918.501.59","purptype":"Урбанизирана","usetype":"Ниско застрояване (до 10 m)","proptype":"Частна","quarter":"5","immaddr":"с. Крислово, ул. \"Александър Стамболийски\" №4","area":2034.749622998,"cadreg":501,"pnum":"59"}},{"type":"Feature","geometry":{"type":"Polygon","coordinates":[[[24.795877,42.246114],[24.795937,42.246275],[24.796404,42.246172],[24.796344,42.246014],[24.795877,42.246114]]]},"properties":{"cadnum":"39918.501.60","purptype":"Урбанизирана","usetype":"Ниско застрояване (до 10 m)","proptype":"Частна","quarter":"5","immaddr":"с. Крислово, АЛЕКСАНДЪР СТАМБОЛИЙСКИ №2-а","area":735.94779048523,"cadreg":501,"pnum":"60"}},{"type":"Feature","geometry":{"type":"Polygon","coordinates":[[[24.796229,42.245717],[24.796138,42.245485],[24.795688,42.245595],[24.795764,42.245813],[24.796229,42.245717]]]},"properties":{"cadnum":"39918.501.61","purptype":"Урбанизирана","usetype":"Ниско застрояване (до 10 m)","proptype":"Частна","quarter":"5","immaddr":"с. Крислово, Георги Димитров №50","area":1028.0289924914,"cadreg":501,"pnum":"61"}},{"type":"Feature","geometry":{"type":"Polygon","coordinates":[[[24.796405,42.245601],[24.796328,42.245421],[24.796265,42.245229],[24.796066,42.245275],[24.796115,42.245426],[24.7962,42.245641],[24.796405,42.245601]]]},"properties":{"cadnum":"39918.501.62","purptype":"Урбанизирана","usetype":"Ниско застрояване (до 10 m)","proptype":"Частна","quarter":"5","immaddr":"с. Крислово, Иван Вазов №1","area":734.47322450743,"cadreg":501,"pnum":"62"}},{"type":"Feature","geometry":{"type":"Polygon","coordinates":[[[24.796468,42.245184],[24.796602,42.24555],[24.796705,42.245526],[24.796707,42.245531],[24.79681,42.245518],[24.796657,42.245141],[24.796468,42.245184]]]},"properties":{"cadnum":"39918.501.63","purptype":"Урбанизирана","usetype":"Ниско застрояване (до 10 m)","proptype":"Частна","quarter":"5","immaddr":"с. Крислово, Иван Вазов №5","area":723.65853099829,"cadreg":501,"pnum":"63"}},{"type":"Feature","geometry":{"type":"Polygon","coordinates":[[[24.795909,42.244807],[24.796072,42.245178],[24.796371,42.245111],[24.796217,42.244737],[24.795909,42.244807]]]},"properties":{"cadnum":"39918.501.64","purptype":"Урбанизирана","usetype":"Ниско застрояване (до 10 m)","proptype":"Частна","quarter":"6","immaddr":"с. Крислово, ул. \"Иван Вазов\" №2-Б","area":1136.3252504868,"cadreg":501,"pnum":"64"}},{"type":"Feature","geometry":{"type":"Polygon","coordinates":[[[24.795994,42.245003],[24.795524,42.245112],[24.795582,42.245284],[24.796072,42.245178],[24.795994,42.245003]]]},"properties":{"cadnum":"39918.501.65","purptype":"Урбанизирана","usetype":"Ниско застрояване (до 10 m)","proptype":"Частна","quarter":"6","immaddr":"с. Крислово, Иван Вазов №48-а","area":831.61672900564,"cadreg":501,"pnum":"65"}},{"type":"Feature","geometry":{"type":"Polygon","coordinates":[[[24.795915,42.244821],[24.795782,42.24485],[24.795467,42.244951],[24.795524,42.245112],[24.795994,42.245003],[24.795915,42.244821]]]},"properties":{"cadnum":"39918.501.66","purptype":"Урбанизирана","usetype":"Ниско застрояване (до 10 m)","proptype":"Частна","quarter":"6","immaddr":"с. Крислово, ул. Георги Димитров №48","area":817.64894650285,"cadreg":501,"pnum":"66"}},{"type":"Feature","geometry":{"type":"Polygon","coordinates":[[[24.795915,42.244821],[24.795816,42.244595],[24.795645,42.24445],[24.795513,42.244534],[24.79535,42.244614],[24.795467,42.244951],[24.795782,42.24485],[24.795915,42.244821]]]},"properties":{"cadnum":"39918.501.67","purptype":"Урбанизирана","usetype":"Ниско застрояване (до 10 m)","proptype":"Частна","quarter":"6","immaddr":"с. Крислово, Георги Димитров №46","area":1536.0346739941,"cadreg":501,"pnum":"67"}},{"type":"Feature","geometry":{"type":"Polygon","coordinates":[[[24.795909,42.244807],[24.796512,42.244669],[24.796409,42.244399],[24.796061,42.244477],[24.795852,42.244313],[24.795645,42.24445],[24.795816,42.244595],[24.795909,42.244807]]]},"properties":{"cadnum":"39918.501.68","purptype":"Урбанизирана","usetype":"Ниско застрояване (до 10 m)","proptype":"Частна","quarter":"6","immaddr":"с. Крислово, Л.ДИМИТРОВА №1","area":2116.0986090168,"cadreg":501,"pnum":"68"}},{"type":"Feature","geometry":{"type":"Polygon","coordinates":[[[24.796367,42.243945],[24.795852,42.244313],[24.796061,42.244477],[24.796641,42.244345],[24.796536,42.244081],[24.796367,42.243945]]]},"properties":{"cadnum":"39918.501.69","purptype":"Урбанизирана","usetype":"Ниско застрояване (до 10 m)","proptype":"Частна","quarter":"6","immaddr":"с. Крислово, Л.ДИМИТРОВА №3","area":2113.1768075094,"cadreg":501,"pnum":"69"}},{"type":"Feature","geometry":{"type":"Polygon","coordinates":[[[24.796536,42.244081],[24.797003,42.243975],[24.796909,42.243611],[24.796846,42.243603],[24.796367,42.243945],[24.796536,42.244081]]]},"properties":{"cadnum":"39918.501.70","purptype":"Урбанизирана","usetype":"Ниско застрояване (до 10 m)","proptype":"Частна","quarter":"6","immaddr":"с. Крислово, ДИМИТЪР КРИВЧЕВ №25","area":1544.7983184851,"cadreg":501,"pnum":"70"}},{"type":"Feature","geometry":{"type":"Polygon","coordinates":[[[24.796536,42.244081],[24.796641,42.244345],[24.797076,42.244249],[24.797003,42.243975],[24.796536,42.244081]]]},"properties":{"cadnum":"39918.501.71","purptype":"Урбанизирана","usetype":"Ниско застрояване (до 10 m)","proptype":"Частна","quarter":"6","immaddr":"с. Крислово, ДИМИТЪР КРИВЧЕВ №25-а","area":1193.2804120219,"cadreg":501,"pnum":"71"}},{"type":"Feature","geometry":{"type":"Polygon","coordinates":[[[24.797076,42.244249],[24.796409,42.244399],[24.796512,42.244669],[24.796694,42.244636],[24.79715,42.244531],[24.797076,42.244249]]]},"properties":{"cadnum":"39918.501.72","purptype":"Урбанизирана","usetype":"Ниско застрояване (до 10 m)","proptype":"Частна","quarter":"6","immaddr":"с. Крислово, ДИМИТЪР КРИВЧЕВ №27","area":1789.943591499,"cadreg":501,"pnum":"72"}},{"type":"Feature","geometry":{"type":"Polygon","coordinates":[[[24.79689,42.244994],[24.797064,42.24495],[24.796918,42.244583],[24.796694,42.244636],[24.796787,42.245005],[24.79689,42.244994]]]},"properties":{"cadnum":"39918.501.73","purptype":"Урбанизирана","usetype":"Ниско застрояване (до 10 m)","proptype":"Частна","quarter":"6","immaddr":"с. Крислово, Иван Вазов №4","area":912.42012349722,"cadreg":501,"pnum":"73"}},{"type":"Feature","geometry":{"type":"Polygon","coordinates":[[[24.79715,42.244531],[24.796918,42.244583],[24.797064,42.24495],[24.797244,42.244881],[24.79715,42.244531]]]},"properties":{"cadnum":"39918.501.74","purptype":"Урбанизирана","usetype":"Ниско застрояване (до 10 m)","proptype":"Частна","quarter":"6","immaddr":"с. Крислово, ДИМИТЪР КРИВЧЕВ №29","area":744.07739050079,"cadreg":501,"pnum":"74"}},{"type":"Feature","geometry":{"type":"Polygon","coordinates":[[[24.797564,42.244382],[24.797246,42.244431],[24.797347,42.24481],[24.797387,42.244814],[24.797699,42.244683],[24.797621,42.244594],[24.797564,42.244382]]]},"properties":{"cadnum":"39918.501.75","purptype":"Урбанизирана","usetype":"Ниско застрояване (до 10 m)","proptype":"Частна","quarter":"7","immaddr":"с. Крислово, ДИМИТЪР КРИВЧЕВ №22","area":1117.8358474909,"cadreg":501,"pnum":"75"}},{"type":"Feature","geometry":{"type":"Polygon","coordinates":[[[24.797492,42.244066],[24.797557,42.244357],[24.797621,42.244594],[24.797699,42.244683],[24.797976,42.244576],[24.797933,42.244419],[24.79788,42.244035],[24.797492,42.244066]]]},"properties":{"cadnum":"39918.501.76","purptype":"Урбанизирана","usetype":"Ниско застрояване (до 10 m)","proptype":"Частна","quarter":"7","immaddr":"с. Крислово, ул. \"Иван Вазов\" №6","area":1977.6140014966,"cadreg":501,"pnum":"76"}},{"type":"Feature","geometry":{"type":"Polygon","coordinates":[[[24.797976,42.244576],[24.798321,42.244465],[24.798305,42.244434],[24.798297,42.244378],[24.798292,42.244037],[24.79788,42.244035],[24.797933,42.244419],[24.797976,42.244576]]]},"properties":{"cadnum":"39918.501.77","purptype":"Урбанизирана","usetype":"Ниско застрояване (до 10 m)","proptype":"Частна","quarter":"7","immaddr":"с. Крислово, ул. \"Иван Вазов\" №8","area":1699.2418894921,"cadreg":501,"pnum":"77"}},{"type":"Feature","geometry":{"type":"Polygon","coordinates":[[[24.798292,42.244037],[24.798297,42.244378],[24.798305,42.244434],[24.798321,42.244465],[24.798618,42.244371],[24.798593,42.244332],[24.798582,42.244205],[24.79861,42.243982],[24.798304,42.243964],[24.798292,42.244037]]]},"properties":{"cadnum":"39918.501.78","purptype":"Урбанизирана","usetype":"Ниско застрояване (до 10 m)","proptype":"Частна","quarter":"7","immaddr":"с. Крислово, Иван Вазов №10","area":1243.5289789935,"cadreg":501,"pnum":"78"}},{"type":"Feature","geometry":{"type":"Polygon","coordinates":[[[24.798736,42.244105],[24.798755,42.243993],[24.79861,42.243982],[24.798582,42.244205],[24.798593,42.244332],[24.798618,42.244371],[24.798795,42.244316],[24.798736,42.244105]]]},"properties":{"cadnum":"39918.501.79","purptype":"Урбанизирана","usetype":"Ниско застрояване (до 10 m)","proptype":"Частна","quarter":"7","immaddr":"с. Крислово, Иван Вазов №12","area":547.76529599762,"cadreg":501,"pnum":"79"}},{"type":"Feature","geometry":{"type":"Polygon","coordinates":[[[24.798978,42.244258],[24.798939,42.244187],[24.798918,42.244069],[24.798919,42.244008],[24.798755,42.243993],[24.798736,42.244105],[24.798795,42.244316],[24.798978,42.244258]]]},"properties":{"cadnum":"39918.501.80","purptype":"Урбанизирана","usetype":"Ниско застрояване (до 10 m)","proptype":"Частна","quarter":"7","immaddr":"с. Крислово, Иван Вазов №14","area":488.5911404966,"cadreg":501,"pnum":"80"}},{"type":"Feature","geometry":{"type":"Polygon","coordinates":[[[24.799312,42.243984],[24.799272,42.243728],[24.798923,42.243692],[24.798859,42.244001],[24.798919,42.244008],[24.798918,42.244069],[24.798939,42.244187],[24.798978,42.244258],[24.799407,42.24412],[24.799312,42.243984]]]},"properties":{"cadnum":"39918.501.81","purptype":"Урбанизирана","usetype":"Ниско застрояване (до 10 m)","proptype":"Частна","quarter":"7","immaddr":"с. Крислово, ул. \"Иван Вазов\" №16","area":1876.0434599992,"cadreg":501,"pnum":"81"}},{"type":"Feature","geometry":{"type":"Polygon","coordinates":[[[24.798923,42.243695],[24.798363,42.243636],[24.798304,42.243964],[24.798859,42.244001],[24.798923,42.243695]]]},"properties":{"cadnum":"39918.501.83","purptype":"Урбанизирана","usetype":"Ниско застрояване (до 10 m)","proptype":"Частна","quarter":"7","immaddr":"с. Крислово, РАЙКО ДАСКАЛОВ №9","area":1646.1205899986,"cadreg":501,"pnum":"83"}},{"type":"Feature","geometry":{"type":"Polygon","coordinates":[[[24.798079,42.244036],[24.798292,42.244037],[24.798363,42.243636],[24.798136,42.243615],[24.798079,42.244036]]]},"properties":{"cadnum":"39918.501.84","purptype":"Урбанизирана","usetype":"Ниско застрояване (до 10 m)","proptype":"Частна","quarter":"7","immaddr":"с. Крислово, РАЙКО ДАСКАЛОВ №7","area":832.802576007,"cadreg":501,"pnum":"84"}},{"type":"Feature","geometry":{"type":"Polygon","coordinates":[[[24.79788,42.244035],[24.79784,42.243847],[24.797881,42.243591],[24.797662,42.24357],[24.79763,42.243797],[24.797682,42.244047],[24.79788,42.244035]]]},"properties":{"cadnum":"39918.501.85","purptype":"Урбанизирана","usetype":"Ниско застрояване (до 10 m)","proptype":"Общинска частна","quarter":"7","immaddr":"с. Крислово, РАЙКО ДАСКАЛОВ №5","area":889.57629100162,"cadreg":501,"pnum":"85"}},{"type":"Feature","geometry":{"type":"Polygon","coordinates":[[[24.797662,42.24357],[24.797458,42.243553],[24.797421,42.243809],[24.797492,42.244066],[24.797682,42.244047],[24.79763,42.243797],[24.797662,42.24357]]]},"properties":{"cadnum":"39918.501.86","purptype":"Урбанизирана","usetype":"Ниско застрояване (до 10 m)","proptype":"Общинска частна","quarter":"7","immaddr":"с. Крислово, РАЙКО ДАСКАЛОВ №3","area":928.93742299788,"cadreg":501,"pnum":"86"}},{"type":"Feature","geometry":{"type":"Polygon","coordinates":[[[24.797421,42.243809],[24.797458,42.243553],[24.797161,42.243523],[24.797036,42.243616],[24.797093,42.243844],[24.797421,42.243809]]]},"properties":{"cadnum":"39918.501.87","purptype":"Урбанизирана","usetype":"Ниско застрояване (до 10 m)","proptype":"Частна","quarter":"7","immaddr":"с. Крислово, РАЙКО ДАСКАЛОВ №1","area":980.98250649508,"cadreg":501,"pnum":"87"}},{"type":"Feature","geometry":{"type":"Polygon","coordinates":[[[24.797197,42.243398],[24.797221,42.243439],[24.797384,42.243454],[24.797439,42.243219],[24.797197,42.243398]]]},"properties":{"cadnum":"39918.501.88","purptype":"Урбанизирана","usetype":"Ниско застрояване (до 10 m)","proptype":"Общинска частна","quarter":"8","immaddr":"с. Крислово, РАЙКО ДАСКАЛОВ","area":245.00632000662,"cadreg":501,"pnum":"88"}},{"type":"Feature","geometry":{"type":"Polygon","coordinates":[[[24.797384,42.243454],[24.797755,42.243488],[24.797785,42.243306],[24.797426,42.243276],[24.797384,42.243454]]]},"properties":{"cadnum":"39918.501.89","purptype":"Урбанизирана","usetype":"Ниско застрояване (до 10 m)","proptype":"Общинска частна","quarter":"8","immaddr":"с. Крислово, РАЙКО ДАСКАЛОВ №2-А","area":613.35562499537,"cadreg":501,"pnum":"89"}},{"type":"Feature","geometry":{"type":"Polygon","coordinates":[[[24.797785,42.243306],[24.797817,42.243041],[24.797677,42.242996],[24.797503,42.243171],[24.797439,42.243219],[24.797426,42.243276],[24.797785,42.243306]]]},"properties":{"cadnum":"39918.501.90","purptype":"Урбанизирана","usetype":"Ниско застрояване (до 10 m)","proptype":"Общинска частна","quarter":"8","immaddr":"с. Крислово, Лиляна Димитрова №5-а","area":713.91446949322,"cadreg":501,"pnum":"90"}},{"type":"Feature","geometry":{"type":"Polygon","coordinates":[[[24.797755,42.243488],[24.798158,42.243527],[24.798166,42.243369],[24.798082,42.242999],[24.797881,42.24304],[24.797817,42.243041],[24.797755,42.243488]]]},"properties":{"cadnum":"39918.501.91","purptype":"Урбанизирана","usetype":"Ниско застрояване (до 10 m)","proptype":"Частна","quarter":"8","immaddr":"с. Крислово, РАЙКО ДАСКАЛОВ №2","area":1537.9785235008,"cadreg":501,"pnum":"91"}},{"type":"Feature","geometry":{"type":"Polygon","coordinates":[[[24.798437,42.243554],[24.798463,42.243369],[24.798316,42.242958],[24.798082,42.242999],[24.798166,42.243369],[24.798158,42.243527],[24.798437,42.243554]]]},"properties":{"cadnum":"39918.501.92","purptype":"Урбанизирана","usetype":"Ниско застрояване (до 10 m)","proptype":"Частна","quarter":"8","immaddr":"с. Крислово, РАЙКО ДАСКАЛОВ №4","area":1426.8620794958,"cadreg":501,"pnum":"92"}},{"type":"Feature","geometry":{"type":"Polygon","coordinates":[[[24.798688,42.243578],[24.798721,42.243347],[24.798561,42.242917],[24.798316,42.242958],[24.798463,42.243369],[24.798437,42.243554],[24.798688,42.243578]]]},"properties":{"cadnum":"39918.501.93","purptype":"Урбанизирана","usetype":"Ниско застрояване (до 10 m)","proptype":"Частна","quarter":"8","immaddr":"с. Крислово, РАЙКО ДАСКАЛОВ №6","area":1500.9131374861,"cadreg":501,"pnum":"93"}},{"type":"Feature","geometry":{"type":"Polygon","coordinates":[[[24.798688,42.243578],[24.799068,42.243612],[24.798885,42.243073],[24.798838,42.242876],[24.798561,42.242917],[24.798721,42.243347],[24.798688,42.243578]]]},"properties":{"cadnum":"39918.501.94","purptype":"Урбанизирана","usetype":"Ниско застрояване (до 10 m)","proptype":"Частна","quarter":"8","immaddr":"с. Крислово, РАЙКО ДАСКАЛОВ №8","area":1823.6423079975,"cadreg":501,"pnum":"94"}},{"type":"Feature","geometry":{"type":"Polygon","coordinates":[[[24.799681,42.243575],[24.799556,42.243104],[24.799181,42.243174],[24.799285,42.243635],[24.799667,42.243673],[24.799681,42.243575]]]},"properties":{"cadnum":"39918.501.95","purptype":"Урбанизирана","usetype":"Ниско застрояване (до 10 m)","proptype":"Частна","quarter":"8","immaddr":"с. Крислово, ул. \"Райко Даскалов\" №12","area":1894.1913519994,"cadreg":501,"pnum":"95"}},{"type":"Feature","geometry":{"type":"Polygon","coordinates":[[[24.799681,42.243575],[24.800186,42.243485],[24.80007,42.243137],[24.799587,42.243212],[24.799681,42.243575]]]},"properties":{"cadnum":"39918.501.96","purptype":"Урбанизирана","usetype":"Ниско застрояване (до 10 m)","proptype":"Частна","quarter":"8","immaddr":"с. Крислово, IX септември №18","area":1692.0880234988,"cadreg":501,"pnum":"96"}},{"type":"Feature","geometry":{"type":"Polygon","coordinates":[[[24.799556,42.243104],[24.799587,42.243212],[24.80007,42.243137],[24.800036,42.243014],[24.799556,42.243104]]]},"properties":{"cadnum":"39918.501.97","purptype":"Урбанизирана","usetype":"Ниско застрояване (до 10 m)","proptype":"Частна","quarter":"8","immaddr":"с. Крислово, IX септември №20","area":528.22910500611,"cadreg":501,"pnum":"97"}},{"type":"Feature","geometry":{"type":"Polygon","coordinates":[[[24.799145,42.243025],[24.799181,42.243174],[24.800034,42.243018],[24.799984,42.24287],[24.799145,42.243025]]]},"properties":{"cadnum":"39918.501.98","purptype":"Урбанизирана","usetype":"Ниско застрояване (до 10 m)","proptype":"Частна","quarter":"8","immaddr":"с. Крислово, 9-ТИ СЕПТЕМВРИ №20-А","area":1203.592023979,"cadreg":501,"pnum":"98"}},{"type":"Feature","geometry":{"type":"Polygon","coordinates":[[[24.799984,42.24287],[24.799926,42.242697],[24.799342,42.242811],[24.799395,42.242979],[24.799984,42.24287]]]},"properties":{"cadnum":"39918.501.99","purptype":"Урбанизирана","usetype":"Ниско застрояване (до 10 m)","proptype":"Частна","quarter":"8","immaddr":"с. Крислово, ул. \"9 септември\" №20-б","area":975.42340799372,"cadreg":501,"pnum":"99"}},{"type":"Feature","geometry":{"type":"Polygon","coordinates":[[[24.798561,42.242917],[24.798838,42.242879],[24.799914,42.242659],[24.799864,42.242512],[24.798508,42.242774],[24.798561,42.242917]]]},"properties":{"cadnum":"39918.501.100","purptype":"Урбанизирана","usetype":"Ниско застрояване (до 10 m)","proptype":"Частна","quarter":"8","immaddr":"с. Крислово, 9-ТИ СЕПТЕМВРИ №22","area":2014.2678275418,"cadreg":501,"pnum":"100"}},{"type":"Feature","geometry":{"type":"Polygon","coordinates":[[[24.799689,42.241976],[24.799321,42.242008],[24.799382,42.242425],[24.799809,42.242337],[24.799689,42.241976]]]},"properties":{"cadnum":"39918.501.101","purptype":"Урбанизирана","usetype":"Ниско застрояване (до 10 m)","proptype":"Частна","quarter":"8","immaddr":"с. Крислово, КОМСОМОЛСКА №15","area":1473.9408214956,"cadreg":501,"pnum":"101"}},{"type":"Feature","geometry":{"type":"Polygon","coordinates":[[[24.798983,42.242036],[24.799013,42.242501],[24.799382,42.242425],[24.799321,42.242008],[24.798983,42.242036]]]},"properties":{"cadnum":"39918.501.102","purptype":"Урбанизирана","usetype":"Ниско застрояване (до 10 m)","proptype":"Частна","quarter":"8","immaddr":"с. Крислово, КОМСОМОЛСКА №13","area":1450.3463864953,"cadreg":501,"pnum":"102"}},{"type":"Feature","geometry":{"type":"Polygon","coordinates":[[[24.798983,42.242036],[24.798718,42.242057],[24.798756,42.242552],[24.799013,42.242501],[24.798983,42.242036]]]},"properties":{"cadnum":"39918.501.103","purptype":"Урбанизирана","usetype":"Ниско застрояване (до 10 m)","proptype":"Частна","quarter":"8","immaddr":"с. Крислово, ул. \"Комсомолска\" №11","area":1169.376948507,"cadreg":501,"pnum":"103"}},{"type":"Feature","geometry":{"type":"Polygon","coordinates":[[[24.798718,42.242057],[24.79833,42.24209],[24.798169,42.242369],[24.798383,42.242401],[24.798738,42.242367],[24.798718,42.242057]]]},"properties":{"cadnum":"39918.501.104","purptype":"Урбанизирана","usetype":"Ниско застрояване (до 10 m)","proptype":"Частна","quarter":"8","immaddr":"с. Крислово, ул. \"Комсомолска\" №9","area":1368.3539379899,"cadreg":501,"pnum":"104"}},{"type":"Feature","geometry":{"type":"Polygon","coordinates":[[[24.798169,42.242369],[24.79804,42.242588],[24.798227,42.242635],[24.798756,42.242552],[24.798738,42.242367],[24.798383,42.242401],[24.798169,42.242369]]]},"properties":{"cadnum":"39918.501.105","purptype":"Урбанизирана","usetype":"Ниско застрояване (до 10 m)","proptype":"Частна","quarter":"8","immaddr":"с. Крислово, Лиляна Димитрова №9-а","area":1276.8099590074,"cadreg":501,"pnum":"105"}},{"type":"Feature","geometry":{"type":"Polygon","coordinates":[[[24.798035,42.242855],[24.798508,42.242774],[24.798451,42.2426],[24.798227,42.242635],[24.79804,42.242588],[24.797866,42.242806],[24.798035,42.242855]]]},"properties":{"cadnum":"39918.501.106","purptype":"Урбанизирана","usetype":"Ниско застрояване (до 10 m)","proptype":"Частна","quarter":"8","immaddr":"с. Крислово, Лиляна Димитрова №7","area":1035.0190530035,"cadreg":501,"pnum":"106"}},{"type":"Feature","geometry":{"type":"Polygon","coordinates":[[[24.797677,42.242996],[24.797817,42.243041],[24.797881,42.24304],[24.798561,42.242917],[24.798508,42.242774],[24.798035,42.242855],[24.797866,42.242806],[24.797677,42.242996]]]},"properties":{"cadnum":"39918.501.107","purptype":"Урбанизирана","usetype":"Ниско застрояване (до 10 m)","proptype":"Частна","quarter":"8","immaddr":"с. Крислово, Лиляна Димитрова №5","area":1206.7235665104,"cadreg":501,"pnum":"107"}},{"type":"Feature","geometry":{"type":"Polygon","coordinates":[[[24.797382,42.24295],[24.79718,42.242806],[24.796849,42.242829],[24.796912,42.24322],[24.79699,42.243237],[24.797382,42.24295]]]},"properties":{"cadnum":"39918.501.108","purptype":"Урбанизирана","usetype":"Ниско застрояване (до 10 m)","proptype":"Частна","quarter":"9","immaddr":"с. Крислово, ДИМИТЪР КРИВЧЕВ №18","area":1299.0204119956,"cadreg":501,"pnum":"108"}},{"type":"Feature","geometry":{"type":"Polygon","coordinates":[[[24.797592,42.242725],[24.79741,42.242638],[24.797105,42.242648],[24.797014,42.242641],[24.796821,42.242657],[24.796849,42.242829],[24.79718,42.242806],[24.797382,42.24295],[24.797592,42.242725]]]},"properties":{"cadnum":"39918.501.109","purptype":"Урбанизирана","usetype":"Ниско застрояване (до 10 m)","proptype":"Частна","quarter":"9","immaddr":"с. Крислово, ДИМИТЪР КРИВЧЕВ №16","area":1290.4565360001,"cadreg":501,"pnum":"109"}},{"type":"Feature","geometry":{"type":"Polygon","coordinates":[[[24.797672,42.24264],[24.797804,42.242444],[24.797592,42.242466],[24.797254,42.24248],[24.796802,42.242535],[24.796821,42.242657],[24.797014,42.242641],[24.797105,42.242648],[24.79741,42.242638],[24.797592,42.242725],[24.797672,42.24264]]]},"properties":{"cadnum":"39918.501.110","purptype":"Урбанизирана","usetype":"Ниско застрояване (до 10 m)","proptype":"Частна","quarter":"9","immaddr":"с. Крислово, ДИМИТЪР КРИВЧЕВ №14","area":1429.2197570193,"cadreg":501,"pnum":"110"}},{"type":"Feature","geometry":{"type":"Polygon","coordinates":[[[24.798001,42.242152],[24.797961,42.242122],[24.797556,42.242155],[24.797592,42.242466],[24.797804,42.242444],[24.798001,42.242152]]]},"properties":{"cadnum":"39918.501.111","purptype":"Урбанизирана","usetype":"Ниско застрояване (до 10 m)","proptype":"Частна","quarter":"9","immaddr":"с. Крислово, ул. \"Комсомолска\" №7","area":962.60171948722,"cadreg":501,"pnum":"111"}},{"type":"Feature","geometry":{"type":"Polygon","coordinates":[[[24.797592,42.242466],[24.797556,42.242155],[24.797233,42.242183],[24.797263,42.242479],[24.797592,42.242466]]]},"properties":{"cadnum":"39918.501.112","purptype":"Урбанизирана","usetype":"Ниско застрояване (до 10 m)","proptype":"Частна","quarter":"9","immaddr":"с. Крислово, КОМСОМОЛСКА №5","area":914.04036798495,"cadreg":501,"pnum":"112"}},{"type":"Feature","geometry":{"type":"Polygon","coordinates":[[[24.796669,42.24244],[24.796638,42.242234],[24.796108,42.24228],[24.796137,42.242486],[24.796669,42.24244]]]},"properties":{"cadnum":"39918.501.114","purptype":"Урбанизирана","usetype":"Ниско застрояване (до 10 m)","proptype":"Частна","quarter":"10","immaddr":"с. Крислово, ул. \"Комсомолска\" №1","area":1011.5121730272,"cadreg":501,"pnum":"114"}},{"type":"Feature","geometry":{"type":"Polygon","coordinates":[[[24.796186,42.242785],[24.796715,42.242737],[24.796669,42.24244],[24.796137,42.242486],[24.796186,42.242785]]]},"properties":{"cadnum":"39918.501.115","purptype":"Урбанизирана","usetype":"Ниско застрояване (до 10 m)","proptype":"Частна","quarter":"10","immaddr":"с. Крислово, ДИМИТЪР КРИВЧЕВ №17","area":1467.7970844918,"cadreg":501,"pnum":"115"}},{"type":"Feature","geometry":{"type":"Polygon","coordinates":[[[24.796509,42.24311],[24.796767,42.243092],[24.796742,42.24292],[24.796422,42.242944],[24.796152,42.242914],[24.796114,42.243055],[24.796509,42.24311]]]},"properties":{"cadnum":"39918.501.116","purptype":"Урбанизирана","usetype":"Ниско застрояване (до 10 m)","proptype":"Частна","quarter":"10","immaddr":"с. Крислово, ДИМИТЪР КРИВЧЕВ №19","area":916.39014400932,"cadreg":501,"pnum":"116"}},{"type":"Feature","geometry":{"type":"Polygon","coordinates":[[[24.796509,42.243564],[24.796644,42.243468],[24.796311,42.243198],[24.796338,42.243086],[24.796114,42.243055],[24.796049,42.243319],[24.796234,42.243354],[24.796509,42.243564]]]},"properties":{"cadnum":"39918.501.117","purptype":"Урбанизирана","usetype":"Ниско застрояване (до 10 m)","proptype":"Частна","quarter":"10","immaddr":"с. Крислово, Лиляна Димитрова №8","area":1129.3079859986,"cadreg":501,"pnum":"117"}},{"type":"Feature","geometry":{"type":"Polygon","coordinates":[[[24.796234,42.243354],[24.796049,42.243319],[24.796014,42.243441],[24.796138,42.243478],[24.796368,42.243663],[24.796509,42.243564],[24.796234,42.243354]]]},"properties":{"cadnum":"39918.501.118","purptype":"Урбанизирана","usetype":"Ниско застрояване (до 10 m)","proptype":"Частна","quarter":"10","immaddr":"с. Крислово, ул. Лиляна Димитрова №6","area":671.09168700116,"cadreg":501,"pnum":"118"}},{"type":"Feature","geometry":{"type":"Polygon","coordinates":[[[24.796368,42.243663],[24.796138,42.243478],[24.796014,42.243441],[24.795976,42.24357],[24.796223,42.243763],[24.796368,42.243663]]]},"properties":{"cadnum":"39918.501.119","purptype":"Урбанизирана","usetype":"Ниско застрояване (до 10 m)","proptype":"Частна","quarter":"10","immaddr":"с. Крислово, ул. \"Лиляна Димитрова\" №4","area":554.55223300688,"cadreg":501,"pnum":"119"}},{"type":"Feature","geometry":{"type":"Polygon","coordinates":[[[24.796018,42.243905],[24.796223,42.243763],[24.795976,42.24357],[24.795579,42.243508],[24.795522,42.243741],[24.795867,42.243785],[24.796018,42.243905]]]},"properties":{"cadnum":"39918.501.120","purptype":"Урбанизирана","usetype":"Ниско застрояване (до 10 m)","proptype":"Частна","quarter":"10","immaddr":"с. Крислово, Лиляна Димитрова №2-а","area":1354.3074124867,"cadreg":501,"pnum":"120"}},{"type":"Feature","geometry":{"type":"Polygon","coordinates":[[[24.795266,42.24438],[24.795303,42.244395],[24.795468,42.244284],[24.795397,42.243979],[24.795316,42.243976],[24.795315,42.243985],[24.795138,42.243973],[24.795171,42.244108],[24.795266,42.24438]]]},"properties":{"cadnum":"39918.501.121","purptype":"Урбанизирана","usetype":"Ниско застрояване (до 10 m)","proptype":"Частна","quarter":"10","immaddr":"с. Крислово, ул. \"Георги Димтиров\" №44","area":833.53871450037,"cadreg":501,"pnum":"121"}},{"type":"Feature","geometry":{"type":"Polygon","coordinates":[[[24.795138,42.243973],[24.795315,42.243985],[24.795316,42.243976],[24.795466,42.243982],[24.795579,42.243508],[24.795215,42.243448],[24.795133,42.243748],[24.795126,42.243826],[24.795128,42.243937],[24.795138,42.243973]]]},"properties":{"cadnum":"39918.501.122","purptype":"Урбанизирана","usetype":"Ниско застрояване (до 10 m)","proptype":"Частна","quarter":"10","immaddr":"с. Крислово, ул. \"Георги Димтиров\" №42","area":1727.2709579857,"cadreg":501,"pnum":"122"}},{"type":"Feature","geometry":{"type":"Polygon","coordinates":[[[24.796027,42.243392],[24.796069,42.243235],[24.795308,42.243115],[24.795257,42.243282],[24.796027,42.243392]]]},"properties":{"cadnum":"39918.501.123","purptype":"Урбанизирана","usetype":"Ниско застрояване (до 10 m)","proptype":"Частна","quarter":"10","immaddr":"с. Крислово, Георги Димитров №40-а","area":1183.5341235065,"cadreg":501,"pnum":"123"}},{"type":"Feature","geometry":{"type":"Polygon","coordinates":[[[24.79551,42.242331],[24.79547,42.242519],[24.796146,42.242527],[24.796108,42.24228],[24.79551,42.242331]]]},"properties":{"cadnum":"39918.501.125","purptype":"Урбанизирана","usetype":"Ниско застрояване (до 10 m)","proptype":"Частна","quarter":"10","immaddr":"с. Крислово, Георги Димитров №38","area":1267.6432660153,"cadreg":501,"pnum":"125"}},{"type":"Feature","geometry":{"type":"Polygon","coordinates":[[[24.791497,42.241716],[24.791553,42.241965],[24.792261,42.241892],[24.792225,42.24163],[24.791497,42.241716]]]},"properties":{"cadnum":"39918.501.126","purptype":"Урбанизирана","usetype":"Ниско застрояване (до 10 m)","proptype":"Частна","quarter":"14","immaddr":"с. Крислово, Хаджи Димитър №3","area":1722.1164375247,"cadreg":501,"pnum":"126"}},{"type":"Feature","geometry":{"type":"Polygon","coordinates":[[[24.791444,42.241466],[24.791637,42.241438],[24.79153,42.240953],[24.791343,42.240971],[24.791444,42.241466]]]},"properties":{"cadnum":"39918.501.127","purptype":"Урбанизирана","usetype":"Ниско застрояване (до 10 m)","proptype":"Частна","quarter":"14","immaddr":"с. Крислово, ГРАФ ИГНАТИЕВ №4-а","area":877.31639150702,"cadreg":501,"pnum":"127"}},{"type":"Feature","geometry":{"type":"Polygon","coordinates":[[[24.791747,42.240932],[24.79153,42.240953],[24.791637,42.241438],[24.791821,42.24142],[24.791747,42.240932]]]},"properties":{"cadnum":"39918.501.128","purptype":"Урбанизирана","usetype":"Ниско застрояване (до 10 m)","proptype":"Частна","quarter":"14","immaddr":"с. Крислово, ГРАФ ИГНАТИЕВ №4","area":899.72836899394,"cadreg":501,"pnum":"128"}},{"type":"Feature","geometry":{"type":"Polygon","coordinates":[[[24.792169,42.241103],[24.792132,42.240893],[24.791747,42.240932],[24.791821,42.24142],[24.792192,42.241381],[24.792169,42.241103]]]},"properties":{"cadnum":"39918.501.129","purptype":"Урбанизирана","usetype":"Ниско застрояване (до 10 m)","proptype":"Частна","quarter":"14","immaddr":"с. Крислово, ГРАФ ИГНАТИЕВ №2","area":1740.8674689883,"cadreg":501,"pnum":"129"}},{"type":"Feature","geometry":{"type":"Polygon","coordinates":[[[24.792173,42.241212],[24.792261,42.241892],[24.792626,42.241859],[24.792569,42.241187],[24.792173,42.241212]]]},"properties":{"cadnum":"39918.501.131","purptype":"Урбанизирана","usetype":"Ниско застрояване (до 10 m)","proptype":"Частна","quarter":"14","immaddr":"с. Крислово, ул. \"Хаджи Димитър\" №1","area":2386.978442011,"cadreg":501,"pnum":"131"}},{"type":"Feature","geometry":{"type":"Polygon","coordinates":[[[24.793063,42.241489],[24.79303,42.241161],[24.792569,42.241187],[24.792595,42.241507],[24.793063,42.241489]]]},"properties":{"cadnum":"39918.501.132","purptype":"Урбанизирана","usetype":"Ниско застрояване (до 10 m)","proptype":"Частна","quarter":"14","immaddr":"с. Крислово, СТАРА ПЛАНИНА №1","area":1386.7146809964,"cadreg":501,"pnum":"132"}},{"type":"Feature","geometry":{"type":"Polygon","coordinates":[[[24.792626,42.241859],[24.793094,42.241813],[24.793063,42.241489],[24.792595,42.241507],[24.792626,42.241859]]]},"properties":{"cadnum":"39918.501.133","purptype":"Урбанизирана","usetype":"Ниско застрояване (до 10 m)","proptype":"Частна","quarter":"14","immaddr":"с. Крислово, СТАРА ПЛАНИНА №3","area":1456.8340909951,"cadreg":501,"pnum":"133"}},{"type":"Feature","geometry":{"type":"Polygon","coordinates":[[[24.794701,42.241287],[24.794554,42.241042],[24.794308,42.241065],[24.794325,42.24111],[24.794506,42.241367],[24.794701,42.241287]]]},"properties":{"cadnum":"39918.501.137","purptype":"Урбанизирана","usetype":"Ниско застрояване (до 10 m)","proptype":"Частна","quarter":"13","immaddr":"с. Крислово, ул. Георги Димитров №23","area":646.40281949357,"cadreg":501,"pnum":"137"}},{"type":"Feature","geometry":{"type":"Polygon","coordinates":[[[24.793985,42.241581],[24.794343,42.241535],[24.794469,42.241536],[24.794585,42.241498],[24.794781,42.24142],[24.794701,42.241287],[24.794506,42.241367],[24.794435,42.241388],[24.793958,42.24144],[24.793985,42.241581]]]},"properties":{"cadnum":"39918.501.138","purptype":"Урбанизирана","usetype":"Ниско застрояване (до 10 m)","proptype":"Частна","quarter":"13","immaddr":"с. Крислово, Георги Димитров №25","area":1052.8252475035,"cadreg":501,"pnum":"138"}},{"type":"Feature","geometry":{"type":"Polygon","coordinates":[[[24.794006,42.241726],[24.794576,42.241673],[24.794914,42.241639],[24.794781,42.24142],[24.794585,42.241498],[24.794469,42.241536],[24.794343,42.241535],[24.793985,42.241581],[24.794006,42.241726]]]},"properties":{"cadnum":"39918.501.139","purptype":"Урбанизирана","usetype":"Ниско застрояване (до 10 m)","proptype":"Частна","quarter":"13","immaddr":"с. Крислово, ул. Георги Димитров №27","area":1341.8742185073,"cadreg":501,"pnum":"139"}},{"type":"Feature","geometry":{"type":"Polygon","coordinates":[[[24.795937,42.242205],[24.795905,42.241983],[24.795723,42.241997],[24.795389,42.242112],[24.795471,42.242246],[24.795937,42.242205]]]},"properties":{"cadnum":"39918.501.140","purptype":"Урбанизирана","usetype":"Ниско застрояване (до 10 m)","proptype":"Частна","quarter":"12","immaddr":"с. Крислово, Георги Димитров №36","area":919.11239749725,"cadreg":501,"pnum":"140"}},{"type":"Feature","geometry":{"type":"Polygon","coordinates":[[[24.795905,42.241983],[24.79586,42.241723],[24.795686,42.241741],[24.795417,42.241792],[24.795232,42.241851],[24.795389,42.242112],[24.795723,42.241997],[24.795905,42.241983]]]},"properties":{"cadnum":"39918.501.141","purptype":"Урбанизирана","usetype":"Ниско застрояване (до 10 m)","proptype":"Частна","quarter":"12","immaddr":"с. Крислово, Георги Димитров №34","area":1490.8563325099,"cadreg":501,"pnum":"141"}},{"type":"Feature","geometry":{"type":"Polygon","coordinates":[[[24.795417,42.241792],[24.795686,42.241741],[24.795641,42.241392],[24.795026,42.241499],[24.795049,42.24154],[24.79504,42.241543],[24.795232,42.241851],[24.795417,42.241792]]]},"properties":{"cadnum":"39918.501.142","purptype":"Урбанизирана","usetype":"Ниско застрояване (до 10 m)","proptype":"Частна","quarter":"12","immaddr":"с. Крислово, Георги Димитров №32","area":1838.6762409933,"cadreg":501,"pnum":"142"}},{"type":"Feature","geometry":{"type":"Polygon","coordinates":[[[24.794917,42.241338],[24.795015,42.241503],[24.795641,42.241392],[24.795623,42.241256],[24.795102,42.241283],[24.794917,42.241338]]]},"properties":{"cadnum":"39918.501.143","purptype":"Урбанизирана","usetype":"Ниско застрояване (до 10 m)","proptype":"Частна","quarter":"12","immaddr":"с. Крислово, Георги Димитров №30","area":1071.7832364943,"cadreg":501,"pnum":"143"}},{"type":"Feature","geometry":{"type":"Polygon","coordinates":[[[24.795141,42.241028],[24.794776,42.241107],[24.794917,42.241338],[24.795102,42.241283],[24.795759,42.241247],[24.795701,42.240977],[24.795141,42.241028]]]},"properties":{"cadnum":"39918.501.144","purptype":"Урбанизирана","usetype":"Ниско застрояване (до 10 m)","proptype":"Частна","quarter":"12","immaddr":"с. Крислово, Георги Димитров №28","area":2116.85879051,"cadreg":501,"pnum":"144"}},{"type":"Feature","geometry":{"type":"Polygon","coordinates":[[[24.795785,42.240917],[24.795761,42.240745],[24.795104,42.240805],[24.795141,42.241028],[24.795731,42.240972],[24.795785,42.240917]]]},"properties":{"cadnum":"39918.501.145","purptype":"Урбанизирана","usetype":"Ниско застрояване (до 10 m)","proptype":"Частна","quarter":"12","immaddr":"с. Крислово, ул. ВАСИЛ КОЛАРОВ №3","area":1337.6746709823,"cadreg":501,"pnum":"145"}},{"type":"Feature","geometry":{"type":"Polygon","coordinates":[[[24.79613,42.241229],[24.796049,42.240719],[24.795761,42.240745],[24.795785,42.240917],[24.795731,42.240972],[24.795701,42.240977],[24.795759,42.241247],[24.79613,42.241229]]]},"properties":{"cadnum":"39918.501.146","purptype":"Урбанизирана","usetype":"Ниско застрояване (до 10 m)","proptype":"Частна","quarter":"12","immaddr":"с. Крислово, ВАСИЛ КОЛАРОВ №5","area":1581.8484500045,"cadreg":501,"pnum":"146"}},{"type":"Feature","geometry":{"type":"Polygon","coordinates":[[[24.796483,42.241197],[24.796406,42.240688],[24.796049,42.240719],[24.796067,42.240886],[24.796106,42.241062],[24.79613,42.241229],[24.796483,42.241197]]]},"properties":{"cadnum":"39918.501.147","purptype":"Урбанизирана","usetype":"Ниско застрояване (до 10 m)","proptype":"Частна","quarter":"12","immaddr":"с. Крислово, ул. \"Васил Коларов\" №7","area":1690.1987810028,"cadreg":501,"pnum":"147"}},{"type":"Feature","geometry":{"type":"Polygon","coordinates":[[[24.795667,42.241598],[24.796534,42.241535],[24.796509,42.241368],[24.795646,42.241431],[24.795667,42.241598]]]},"properties":{"cadnum":"39918.501.148","purptype":"Урбанизирана","usetype":"Ниско застрояване (до 10 m)","proptype":"Частна","quarter":"12","immaddr":"с. Крислово, ДИМИТЪР КРИВЧЕВ №11","area":1349.1497015013,"cadreg":501,"pnum":"148"}},{"type":"Feature","geometry":{"type":"Polygon","coordinates":[[[24.795937,42.242205],[24.796294,42.242172],[24.796245,42.241865],[24.795893,42.241896],[24.795937,42.242205]]]},"properties":{"cadnum":"39918.501.149","purptype":"Урбанизирана","usetype":"Ниско застрояване (до 10 m)","proptype":"Частна","quarter":"12","immaddr":"с. Крислово, КОМСОМОЛСКА №2","area":1010.8638820153,"cadreg":501,"pnum":"149"}},{"type":"Feature","geometry":{"type":"Polygon","coordinates":[[[24.797161,42.242099],[24.797134,42.241874],[24.796714,42.241915],[24.796748,42.242135],[24.797161,42.242099]]]},"properties":{"cadnum":"39918.501.150","purptype":"Урбанизирана","usetype":"Ниско застрояване (до 10 m)","proptype":"Частна","quarter":"11","immaddr":"с. Крислово, ул. \"Димитър Кривчев\" №12-a","area":858.23870300323,"cadreg":501,"pnum":"150"}},{"type":"Feature","geometry":{"type":"Polygon","coordinates":[[[24.797106,42.241644],[24.797161,42.242099],[24.797419,42.242077],[24.797354,42.241616],[24.797106,42.241644]]]},"properties":{"cadnum":"39918.501.151","purptype":"Урбанизирана","usetype":"Ниско застрояване (до 10 m)","proptype":"Частна","quarter":"11","immaddr":"с. Крислово, КОМСОМОЛСКА №6-А","area":1073.5691075041,"cadreg":501,"pnum":"151"}},{"type":"Feature","geometry":{"type":"Polygon","coordinates":[[[24.797419,42.242077],[24.798058,42.242023],[24.798031,42.241823],[24.797736,42.241858],[24.797392,42.241886],[24.797419,42.242077]]]},"properties":{"cadnum":"39918.501.152","purptype":"Урбанизирана","usetype":"Ниско застрояване (до 10 m)","proptype":"Частна","quarter":"11","immaddr":"с. Крислово, КОМСОМОЛСКА №6","area":1141.4190334786,"cadreg":501,"pnum":"152"}},{"type":"Feature","geometry":{"type":"Polygon","coordinates":[[[24.797392,42.241886],[24.797736,42.241858],[24.798031,42.241823],[24.798003,42.241563],[24.797701,42.241588],[24.797663,42.241589],[24.797661,42.241574],[24.797354,42.241616],[24.797392,42.241886]]]},"properties":{"cadnum":"39918.501.153","purptype":"Урбанизирана","usetype":"Ниско застрояване (до 10 m)","proptype":"Частна","quarter":"11","immaddr":"с. Крислово, Лиляна Димитрова №10","area":1620.4512705192,"cadreg":501,"pnum":"153"}},{"type":"Feature","geometry":{"type":"Polygon","coordinates":[[[24.796984,42.246045],[24.796861,42.245764],[24.796733,42.245528],[24.796707,42.245531],[24.796705,42.245526],[24.796585,42.245553],[24.796789,42.246088],[24.796984,42.246045]]]},"properties":{"cadnum":"39918.501.154","purptype":"Урбанизирана","usetype":"Ниско застрояване (до 10 m)","proptype":"Частна","quarter":"5","immaddr":"с. Крислово, АЛ.СТАМБОЛИЙСКИ №6","area":932.03950050185,"cadreg":501,"pnum":"154"}},{"type":"Feature","geometry":{"type":"Polygon","coordinates":[[[24.798003,42.241563],[24.79797,42.241245],[24.797607,42.241274],[24.797663,42.241589],[24.798003,42.241563]]]},"properties":{"cadnum":"39918.501.155","purptype":"Урбанизирана","usetype":"Ниско застрояване (до 10 m)","proptype":"Частна","quarter":"11","immaddr":"с. Крислово, Лиляна Димитрова №12","area":1031.7546144955,"cadreg":501,"pnum":"155"}},{"type":"Feature","geometry":{"type":"Polygon","coordinates":[[[24.797584,42.24112],[24.797607,42.241274],[24.79797,42.241245],[24.797951,42.241098],[24.797584,42.24112]]]},"properties":{"cadnum":"39918.501.156","purptype":"Урбанизирана","usetype":"Ниско застрояване (до 10 m)","proptype":"Частна","quarter":"11","immaddr":"с. Крислово, Л.ДИМИТРОВА №14","area":509.9223125046,"cadreg":501,"pnum":"156"}},{"type":"Feature","geometry":{"type":"Polygon","coordinates":[[[24.797242,42.241154],[24.797307,42.241623],[24.797661,42.241574],[24.797584,42.24112],[24.797242,42.241154]]]},"properties":{"cadnum":"39918.501.157","purptype":"Урбанизирана","usetype":"Ниско застрояване (до 10 m)","proptype":"Частна","quarter":"11","immaddr":"с. Крислово, КОМСОМОЛСКА","area":1492.4401455016,"cadreg":501,"pnum":"157"}},{"type":"Feature","geometry":{"type":"Polygon","coordinates":[[[24.796608,42.241213],[24.796679,42.241689],[24.797307,42.241623],[24.797242,42.241154],[24.796608,42.241213]]]},"properties":{"cadnum":"39918.501.158","purptype":"Урбанизирана","usetype":"Ниско застрояване (до 10 m)","proptype":"Частна","quarter":"11","immaddr":"с. Крислово, ДИМИТЪР КРИВЧЕВ №10-a","area":2765.1264980031,"cadreg":501,"pnum":"158"}},{"type":"Feature","geometry":{"type":"Polygon","coordinates":[[[24.796526,42.240677],[24.796608,42.241213],[24.796879,42.241189],[24.796785,42.240653],[24.796526,42.240677]]]},"properties":{"cadnum":"39918.501.159","purptype":"Урбанизирана","usetype":"Ниско застрояване (до 10 m)","proptype":"Частна","quarter":"11","immaddr":"с. Крислово, ДИМИТЪР КРИВЧЕВ №10","area":1322.7471534902,"cadreg":501,"pnum":"159"}},{"type":"Feature","geometry":{"type":"Polygon","coordinates":[[[24.797099,42.240986],[24.797049,42.24063],[24.796785,42.240653],[24.796879,42.241189],[24.797142,42.241166],[24.797108,42.240986],[24.797099,42.240986]]]},"properties":{"cadnum":"39918.501.160","purptype":"Урбанизирана","usetype":"Ниско застрояване (до 10 m)","proptype":"Частна","quarter":"11","immaddr":"с. Крислово, ВАСИЛ КОЛАРОВ №11","area":1297.0645579949,"cadreg":501,"pnum":"160"}},{"type":"Feature","geometry":{"type":"Polygon","coordinates":[[[24.797584,42.24112],[24.797951,42.241098],[24.797929,42.240919],[24.7975,42.240943],[24.797108,42.240986],[24.797142,42.241166],[24.797584,42.24112]]]},"properties":{"cadnum":"39918.501.161","purptype":"Урбанизирана","usetype":"Ниско застрояване (до 10 m)","proptype":"Частна","quarter":"11","immaddr":"с. Крислово, ул. \"Лиляна Димитрова\" №16","area":1363.4068219845,"cadreg":501,"pnum":"161"}},{"type":"Feature","geometry":{"type":"Polygon","coordinates":[[[24.797099,42.240986],[24.7975,42.240943],[24.79752,42.240818],[24.79751,42.240588],[24.797049,42.24063],[24.797099,42.240986]]]},"properties":{"cadnum":"39918.501.162","purptype":"Урбанизирана","usetype":"Ниско застрояване (до 10 m)","proptype":"Частна","quarter":"11","immaddr":"с. Крислово, ВАСИЛ КОЛАРОВ №13","area":1433.9043540069,"cadreg":501,"pnum":"162"}},{"type":"Feature","geometry":{"type":"Polygon","coordinates":[[[24.797891,42.240555],[24.79751,42.240588],[24.79752,42.240818],[24.7975,42.240943],[24.797929,42.240919],[24.797891,42.240555]]]},"properties":{"cadnum":"39918.501.163","purptype":"Урбанизирана","usetype":"Ниско застрояване (до 10 m)","proptype":"Частна","quarter":"11","immaddr":"с. Крислово, ВАСИЛ КОЛАРОВ №15","area":1315.958579001,"cadreg":501,"pnum":"163"}},{"type":"Feature","geometry":{"type":"Polygon","coordinates":[[[24.797512,42.240143],[24.79753,42.240337],[24.797539,42.240337],[24.797556,42.240457],[24.797899,42.240428],[24.797922,42.24011],[24.797512,42.240143]]]},"properties":{"cadnum":"39918.501.164","purptype":"Урбанизирана","usetype":"Ниско застрояване (до 10 m)","proptype":"Частна","quarter":"16","immaddr":"с. Крислово, ВАСИЛ КОЛАРОВ №14","area":1102.9733844942,"cadreg":501,"pnum":"164"}},{"type":"Feature","geometry":{"type":"Polygon","coordinates":[[[24.797446,42.23985],[24.797512,42.240143],[24.797922,42.24011],[24.797945,42.239759],[24.797446,42.23985]]]},"properties":{"cadnum":"39918.501.165","purptype":"Урбанизирана","usetype":"Ниско застрояване (до 10 m)","proptype":"Частна","quarter":"16","immaddr":"с. Крислово, Лиляна Димитрова №18","area":1353.2205929977,"cadreg":501,"pnum":"165"}},{"type":"Feature","geometry":{"type":"Polygon","coordinates":[[[24.797446,42.23985],[24.797945,42.239759],[24.79796,42.239442],[24.79793,42.239435],[24.797352,42.239591],[24.797446,42.23985]]]},"properties":{"cadnum":"39918.501.166","purptype":"Урбанизирана","usetype":"Ниско застрояване (до 10 m)","proptype":"Частна","quarter":"16","immaddr":"с. Крислово, ул. \"Недю Дончев\" №7","area":1539.3764040122,"cadreg":501,"pnum":"166"}},{"type":"Feature","geometry":{"type":"Polygon","coordinates":[[[24.796995,42.239689],[24.797099,42.239987],[24.79747,42.239937],[24.797352,42.239591],[24.796995,42.239689]]]},"properties":{"cadnum":"39918.501.167","purptype":"Урбанизирана","usetype":"Ниско застрояване (до 10 m)","proptype":"Частна","quarter":"16","immaddr":"с. Крислово, ул. \"Недю Дончев\" №5","area":1165.7057614986,"cadreg":501,"pnum":"167"}},{"type":"Feature","geometry":{"type":"Polygon","coordinates":[[[24.797539,42.240337],[24.79753,42.240337],[24.797512,42.240143],[24.79747,42.239937],[24.797157,42.239982],[24.797226,42.240487],[24.797556,42.240457],[24.797539,42.240337]]]},"properties":{"cadnum":"39918.501.168","purptype":"Урбанизирана","usetype":"Ниско застрояване (до 10 m)","proptype":"Частна","quarter":"16","immaddr":"с. Крислово, ВАСИЛ КОЛАРОВ №12","area":1545.876572498,"cadreg":501,"pnum":"168"}},{"type":"Feature","geometry":{"type":"Polygon","coordinates":[[[24.797226,42.240487],[24.797157,42.239982],[24.796876,42.240021],[24.796946,42.240512],[24.797226,42.240487]]]},"properties":{"cadnum":"39918.501.169","purptype":"Урбанизирана","usetype":"Ниско застрояване (до 10 m)","proptype":"Частна","quarter":"16","immaddr":"с. Крислово, ВАСИЛ КОЛАРОВ №10","area":1305.0518834897,"cadreg":501,"pnum":"169"}},{"type":"Feature","geometry":{"type":"Polygon","coordinates":[[[24.796508,42.240551],[24.796946,42.240512],[24.796885,42.240078],[24.796443,42.24012],[24.796508,42.240551]]]},"properties":{"cadnum":"39918.501.170","purptype":"Урбанизирана","usetype":"Ниско застрояване (до 10 m)","proptype":"Частна","quarter":"16","immaddr":"с. Крислово, ДИМИТЪР КРИВЧЕВ №8","area":1769.0254219942,"cadreg":501,"pnum":"170"}},{"type":"Feature","geometry":{"type":"Polygon","coordinates":[[[24.796405,42.23985],[24.796443,42.24012],[24.796885,42.240078],[24.796876,42.240021],[24.796938,42.240012],[24.796845,42.23973],[24.796405,42.23985]]]},"properties":{"cadnum":"39918.501.171","purptype":"Урбанизирана","usetype":"Ниско застрояване (до 10 m)","proptype":"Частна","quarter":"16","immaddr":"с. Крислово, ДИМИТЪР КРИВЧЕВ №7","area":1357.6051369927,"cadreg":501,"pnum":"171"}},{"type":"Feature","geometry":{"type":"Polygon","coordinates":[[[24.795337,42.240655],[24.795284,42.24025],[24.794704,42.24029],[24.79476,42.240638],[24.794851,42.240629],[24.794862,42.240696],[24.795337,42.240655]]]},"properties":{"cadnum":"39918.501.173","purptype":"Урбанизирана","usetype":"Ниско застрояване (до 10 m)","proptype":"Частна","quarter":"15","immaddr":"с. Крислово, ДИМИТЪР КРИВЧЕВ №6","area":2118.2466394848,"cadreg":501,"pnum":"173"}},{"type":"Feature","geometry":{"type":"Polygon","coordinates":[[[24.794657,42.239924],[24.794697,42.240291],[24.795281,42.24025],[24.795236,42.239905],[24.794657,42.239924]]]},"properties":{"cadnum":"39918.501.174","purptype":"Урбанизирана","usetype":"Ниско застрояване (до 10 m)","proptype":"Частна","quarter":"15","immaddr":"с. Крислово, НЕДЮ ДОНЧЕВ №3","area":1913.2292105249,"cadreg":501,"pnum":"174"}},{"type":"Feature","geometry":{"type":"Polygon","coordinates":[[[24.794324,42.239936],[24.794371,42.240331],[24.794697,42.240291],[24.794657,42.239924],[24.794324,42.239936]]]},"properties":{"cadnum":"39918.501.175","purptype":"Урбанизирана","usetype":"Ниско застрояване (до 10 m)","proptype":"Частна","quarter":"15","immaddr":"с. Крислово, НЕДЮ ДОНЧЕВ №1","area":1157.0692714995,"cadreg":501,"pnum":"175"}},{"type":"Feature","geometry":{"type":"Polygon","coordinates":[[[24.794454,42.240319],[24.79452,42.240728],[24.794771,42.240706],[24.794704,42.24029],[24.794454,42.240319]]]},"properties":{"cadnum":"39918.501.176","purptype":"Урбанизирана","usetype":"Ниско застрояване (до 10 m)","proptype":"Частна","quarter":"15","immaddr":"с. Крислово, ВАСИЛ КОЛАРОВ №4","area":967.42613150318,"cadreg":501,"pnum":"176"}},{"type":"Feature","geometry":{"type":"Polygon","coordinates":[[[24.794455,42.240321],[24.794216,42.24035],[24.794291,42.240748],[24.79452,42.240728],[24.794455,42.240321]]]},"properties":{"cadnum":"39918.501.177","purptype":"Урбанизирана","usetype":"Ниско застрояване (до 10 m)","proptype":"Частна","quarter":"15","immaddr":"с. Крислово, ВАСИЛ КОЛАРОВ №2","area":867.61154050917,"cadreg":501,"pnum":"177"}},{"type":"Feature","geometry":{"type":"Polygon","coordinates":[[[24.794291,42.240748],[24.794216,42.24035],[24.793902,42.240385],[24.793968,42.240758],[24.793996,42.240774],[24.794291,42.240748]]]},"properties":{"cadnum":"39918.501.178","purptype":"Урбанизирана","usetype":"Ниско застрояване (до 10 m)","proptype":"Частна","quarter":"15","immaddr":"с. Крислово, ул. \"Йорданка Николова\" №1","area":1169.3215484994,"cadreg":501,"pnum":"178"}},{"type":"Feature","geometry":{"type":"Polygon","coordinates":[[[24.793208,42.240658],[24.793224,42.240633],[24.79258,42.24015],[24.792461,42.240253],[24.792566,42.240724],[24.793208,42.240658]]]},"properties":{"cadnum":"39918.501.180","purptype":"Урбанизирана","usetype":"Ниско застрояване (до 10 m)","proptype":"Общинска публична","quarter":"20","immaddr":"с. Крислово, ул. \"Георги Димтиров\" №19","area":2096.9176804762,"cadreg":501,"pnum":"180"}},{"type":"Feature","geometry":{"type":"Polygon","coordinates":[[[24.791968,42.240785],[24.792566,42.240724],[24.792461,42.240253],[24.791764,42.240416],[24.791968,42.240785]]]},"properties":{"cadnum":"39918.501.181","purptype":"Урбанизирана","usetype":"Ниско застрояване (до 10 m)","proptype":"Частна","quarter":"20","immaddr":"с. Крислово, ул. Граф Игнатиев №1","area":2647.8550079873,"cadreg":501,"pnum":"181"}},{"type":"Feature","geometry":{"type":"Polygon","coordinates":[[[24.791813,42.240127],[24.79171,42.240018],[24.791585,42.240092],[24.791764,42.240416],[24.792461,42.240253],[24.79258,42.24015],[24.792411,42.240024],[24.792266,42.239938],[24.791813,42.240127]]]},"properties":{"cadnum":"39918.501.182","purptype":"Урбанизирана","usetype":"Ниско застрояване (до 10 m)","proptype":"Частна","quarter":"20","immaddr":"с. Крислово, ул. \"Георги Димтиров\" №17","area":2399.7994185091,"cadreg":501,"pnum":"182"}},{"type":"Feature","geometry":{"type":"Polygon","coordinates":[[[24.791813,42.240127],[24.792096,42.240008],[24.792266,42.239938],[24.792037,42.239797],[24.791938,42.239879],[24.791928,42.239872],[24.791912,42.239886],[24.791905,42.239881],[24.791849,42.239937],[24.79171,42.240018],[24.791813,42.240127]]]},"properties":{"cadnum":"39918.501.183","purptype":"Урбанизирана","usetype":"Ниско застрояване (до 10 m)","proptype":"Частна","quarter":"20","immaddr":"с. Крислово, ул. \"Георги Димтиров\" №15","area":737.32750049636,"cadreg":501,"pnum":"183"}},{"type":"Feature","geometry":{"type":"Polygon","coordinates":[[[24.791585,42.240092],[24.791849,42.239937],[24.791905,42.239881],[24.791912,42.239886],[24.791928,42.239872],[24.791938,42.239879],[24.792037,42.239797],[24.791779,42.239641],[24.791584,42.239777],[24.791483,42.239908],[24.791585,42.240092]]]},"properties":{"cadnum":"39918.501.184","purptype":"Урбанизирана","usetype":"Ниско застрояване (до 10 m)","proptype":"Частна","quarter":"20","immaddr":"с. Крислово, ул. \"Георги Димтиров\" №13","area":1132.2776584956,"cadreg":501,"pnum":"184"}},{"type":"Feature","geometry":{"type":"Polygon","coordinates":[[[24.791483,42.239908],[24.791584,42.239777],[24.791779,42.239641],[24.791474,42.239457],[24.791179,42.239727],[24.79106,42.239768],[24.791233,42.24],[24.791483,42.239908]]]},"properties":{"cadnum":"39918.501.185","purptype":"Урбанизирана","usetype":"Ниско застрояване (до 10 m)","proptype":"Частна","quarter":"20","immaddr":"с. Крислово, ул. \"Георги Димтиров\" №11","area":1686.0207825039,"cadreg":501,"pnum":"185"}},{"type":"Feature","geometry":{"type":"Polygon","coordinates":[[[24.790819,42.240143],[24.791233,42.24],[24.79106,42.239768],[24.790664,42.239907],[24.790819,42.240143]]]},"properties":{"cadnum":"39918.501.186","purptype":"Урбанизирана","usetype":"Ниско застрояване (до 10 m)","proptype":"Частна","quarter":"20","immaddr":"с. Крислово, ИГЛИКА №2","area":1080.3094864997,"cadreg":501,"pnum":"186"}},{"type":"Feature","geometry":{"type":"Polygon","coordinates":[[[24.791483,42.239908],[24.790819,42.240143],[24.790959,42.240362],[24.791612,42.240138],[24.791483,42.239908]]]},"properties":{"cadnum":"39918.501.187","purptype":"Урбанизирана","usetype":"Ниско застрояване (до 10 m)","proptype":"Общинска частна","quarter":"20","immaddr":"с. Крислово, ИГЛИКА №4","area":1621.81135001,"cadreg":501,"pnum":"187"}},{"type":"Feature","geometry":{"type":"Polygon","coordinates":[[[24.791763,42.240413],[24.791612,42.240138],[24.790959,42.240362],[24.791133,42.24063],[24.791763,42.240413]]]},"properties":{"cadnum":"39918.501.188","purptype":"Урбанизирана","usetype":"Ниско застрояване (до 10 m)","proptype":"Частна","quarter":"20","immaddr":"с. Крислово, ИГЛИКА №6","area":1928.6201944988,"cadreg":501,"pnum":"188"}},{"type":"Feature","geometry":{"type":"Polygon","coordinates":[[[24.790715,42.240147],[24.790577,42.239938],[24.790224,42.240063],[24.790283,42.240203],[24.790473,42.240236],[24.790715,42.240147]]]},"properties":{"cadnum":"39918.501.194","purptype":"Урбанизирана","usetype":"Ниско застрояване (до 10 m)","proptype":"Частна","quarter":"21","immaddr":"с. Крислово, ул. \"Иглика\" №1-а","area":823.58473800982,"cadreg":501,"pnum":"194"}},{"type":"Feature","geometry":{"type":"Polygon","coordinates":[[[24.790577,42.239938],[24.790433,42.239722],[24.790133,42.23983],[24.790224,42.240063],[24.790577,42.239938]]]},"properties":{"cadnum":"39918.501.195","purptype":"Урбанизирана","usetype":"Ниско застрояване (до 10 m)","proptype":"Частна","quarter":"21","immaddr":"с. Крислово, ИГЛИКА №1","area":797.19688699187,"cadreg":501,"pnum":"195"}},{"type":"Feature","geometry":{"type":"Polygon","coordinates":[[[24.790433,42.239722],[24.790305,42.239521],[24.790028,42.239571],[24.790133,42.23983],[24.790433,42.239722]]]},"properties":{"cadnum":"39918.501.196","purptype":"Урбанизирана","usetype":"Ниско застрояване (до 10 m)","proptype":"Частна","quarter":"21","immaddr":"с. Крислово, ХРИСТО БОТЕВ №4","area":694.77960451482,"cadreg":501,"pnum":"196"}},{"type":"Feature","geometry":{"type":"Polygon","coordinates":[[[24.790283,42.240203],[24.790028,42.239571],[24.789814,42.239609],[24.790055,42.240252],[24.790283,42.240203]]]},"properties":{"cadnum":"39918.501.197","purptype":"Урбанизирана","usetype":"Ниско застрояване (до 10 m)","proptype":"Частна","quarter":"21","immaddr":"с. Крислово, ХРИСТО БОТЕВ №6","area":1384.4364690018,"cadreg":501,"pnum":"197"}},{"type":"Feature","geometry":{"type":"Polygon","coordinates":[[[24.790055,42.240252],[24.789814,42.239609],[24.789613,42.239645],[24.789863,42.240294],[24.790055,42.240252]]]},"properties":{"cadnum":"39918.501.198","purptype":"Урбанизирана","usetype":"Ниско застрояване (до 10 m)","proptype":"Частна","quarter":"21","immaddr":"с. Крислово, ул. \"Христо Ботев\" №8","area":1252.416059512,"cadreg":501,"pnum":"198"}},{"type":"Feature","geometry":{"type":"Polygon","coordinates":[[[24.789863,42.240294],[24.789613,42.239645],[24.789212,42.239716],[24.789295,42.239934],[24.78942,42.240387],[24.789563,42.240365],[24.789863,42.240294]]]},"properties":{"cadnum":"39918.501.199","purptype":"Урбанизирана","usetype":"Ниско застрояване (до 10 m)","proptype":"Частна","quarter":"21","immaddr":"с. Крислово, ХРИСТО БОТЕВ №10","area":2696.2505409719,"cadreg":501,"pnum":"199"}},{"type":"Feature","geometry":{"type":"Polygon","coordinates":[[[24.789295,42.239934],[24.789212,42.239716],[24.788904,42.239769],[24.788996,42.239994],[24.789295,42.239934]]]},"properties":{"cadnum":"39918.501.200","purptype":"Урбанизирана","usetype":"Ниско застрояване (до 10 m)","proptype":"Частна","quarter":"21","immaddr":"с. Крислово, ХРИСТО БОТЕВ №12","area":661.3095590002,"cadreg":501,"pnum":"200"}},{"type":"Feature","geometry":{"type":"Polygon","coordinates":[[[24.789426,42.240406],[24.789295,42.239934],[24.788996,42.239994],[24.789186,42.240457],[24.789426,42.240406]]]},"properties":{"cadnum":"39918.501.201","purptype":"Урбанизирана","usetype":"Ниско застрояване (до 10 m)","proptype":"Частна","quarter":"21","immaddr":"с. Крислово, ул. \"Васил Левски\" №8","area":1235.1804950048,"cadreg":501,"pnum":"201"}},{"type":"Feature","geometry":{"type":"Polygon","coordinates":[[[24.789685,42.240724],[24.789563,42.240365],[24.78942,42.240387],[24.789426,42.240406],[24.789186,42.240457],[24.789326,42.240808],[24.789555,42.240762],[24.789685,42.240724]]]},"properties":{"cadnum":"39918.501.202","purptype":"Урбанизирана","usetype":"Ниско застрояване (до 10 m)","proptype":"Частна","quarter":"21","immaddr":"с. Крислово, ВАСИЛ ЛЕВСКИ №10","area":1316.8619589995,"cadreg":501,"pnum":"202"}},{"type":"Feature","geometry":{"type":"Polygon","coordinates":[[[24.789555,42.240762],[24.789326,42.240808],[24.789508,42.241253],[24.789868,42.241169],[24.789843,42.241124],[24.789685,42.240724],[24.789555,42.240762]]]},"properties":{"cadnum":"39918.501.203","purptype":"Урбанизирана","usetype":"Ниско застрояване (до 10 m)","proptype":"Частна","quarter":"21","immaddr":"с. Крислово, ул. \"Граф Игнатиев\" №9","area":1587.0786555049,"cadreg":501,"pnum":"203"}},{"type":"Feature","geometry":{"type":"Polygon","coordinates":[[[24.789302,42.241056],[24.78898,42.241132],[24.78907,42.241353],[24.789396,42.241279],[24.789302,42.241056]]]},"properties":{"cadnum":"39918.501.204","purptype":"Урбанизирана","usetype":"Ниско застрояване (до 10 m)","proptype":"Частна","quarter":"22","immaddr":"с. Крислово, ГРАФ ИГНАТИЕВ №9-а","area":718.04218249681,"cadreg":501,"pnum":"204"}},{"type":"Feature","geometry":{"type":"Polygon","coordinates":[[[24.789211,42.240835],[24.788884,42.240911],[24.78898,42.241132],[24.789302,42.241056],[24.789211,42.240835]]]},"properties":{"cadnum":"39918.501.205","purptype":"Урбанизирана","usetype":"Ниско застрояване (до 10 m)","proptype":"Частна","quarter":"22","immaddr":"с. Крислово, ВАСИЛ ЛЕВСКИ №11","area":723.06350649195,"cadreg":501,"pnum":"205"}},{"type":"Feature","geometry":{"type":"Polygon","coordinates":[[[24.78857,42.240985],[24.788754,42.241426],[24.78907,42.241353],[24.788884,42.240911],[24.78857,42.240985]]]},"properties":{"cadnum":"39918.501.206","purptype":"Урбанизирана","usetype":"Ниско застрояване (до 10 m)","proptype":"Частна","quarter":"22","immaddr":"с. Крислово, ГРАФ ИГНАТИЕВ №13","area":1409.965103994,"cadreg":501,"pnum":"206"}},{"type":"Feature","geometry":{"type":"Polygon","coordinates":[[[24.788255,42.241058],[24.788446,42.241497],[24.788754,42.241426],[24.78857,42.240985],[24.788255,42.241058]]]},"properties":{"cadnum":"39918.501.207","purptype":"Урбанизирана","usetype":"Ниско застрояване (до 10 m)","proptype":"Частна","quarter":"22","immaddr":"с. Крислово, ул. Граф Игнатиев №15","area":1376.5904119989,"cadreg":501,"pnum":"207"}},{"type":"Feature","geometry":{"type":"Polygon","coordinates":[[[24.788255,42.241058],[24.789211,42.240835],[24.78912,42.240609],[24.788153,42.240836],[24.788255,42.241058]]]},"properties":{"cadnum":"39918.501.208","purptype":"Урбанизирана","usetype":"Ниско застрояване (до 10 m)","proptype":"Частна","quarter":"22","immaddr":"с. Крислово, ВАСИЛ ЛЕВСКИ №9","area":2177.8223534824,"cadreg":501,"pnum":"208"}},{"type":"Feature","geometry":{"type":"Polygon","coordinates":[[[24.78904,42.240396],[24.788065,42.240616],[24.788153,42.240836],[24.78912,42.240609],[24.78904,42.240396]]]},"properties":{"cadnum":"39918.501.209","purptype":"Урбанизирана","usetype":"Ниско застрояване (до 10 m)","proptype":"Частна","quarter":"22","immaddr":"с. Крислово, ВАСИЛ ЛЕВСКИ №7","area":2097.3520225163,"cadreg":501,"pnum":"209"}},{"type":"Feature","geometry":{"type":"Polygon","coordinates":[[[24.796984,42.246045],[24.797167,42.246006],[24.797033,42.245717],[24.796926,42.245502],[24.796733,42.245528],[24.796861,42.245764],[24.796984,42.246045]]]},"properties":{"cadnum":"39918.501.210","purptype":"Урбанизирана","usetype":"Ниско застрояване (до 10 m)","proptype":"Частна","quarter":"5","immaddr":"с. Крислово, АЛ.СТАМБОЛИЙСКИ №6","area":932.90001049306,"cadreg":501,"pnum":"210"}},{"type":"Feature","geometry":{"type":"Polygon","coordinates":[[[24.788166,42.24087],[24.788065,42.240616],[24.787652,42.240711],[24.787761,42.240959],[24.787891,42.240932],[24.787934,42.241032],[24.78798,42.24102],[24.788213,42.241551],[24.788249,42.241545],[24.788023,42.241014],[24.788069,42.241005],[24.788028,42.240903],[24.788166,42.24087]]]},"properties":{"cadnum":"39918.501.211","purptype":"Урбанизирана","usetype":"Ниско застрояване (до 10 m)","proptype":"Частна","quarter":"22","immaddr":"с. Крислово, ГРАФ ИГНАТИЕВ №19","area":1378.0776065057,"cadreg":501,"pnum":"211"}},{"type":"Feature","geometry":{"type":"Polygon","coordinates":[[[24.788249,42.241545],[24.788446,42.241497],[24.788166,42.24087],[24.788028,42.240903],[24.788069,42.241005],[24.788023,42.241014],[24.788249,42.241545]]]},"properties":{"cadnum":"39918.501.212","purptype":"Урбанизирана","usetype":"Ниско застрояване (до 10 m)","proptype":"Частна","quarter":"22","immaddr":"с. Крислово, ГРАФ ИГНАТИЕВ №17","area":1187.6298205033,"cadreg":501,"pnum":"212"}},{"type":"Feature","geometry":{"type":"Polygon","coordinates":[[[24.788031,42.241589],[24.788213,42.241551],[24.78798,42.24102],[24.787934,42.241032],[24.787891,42.240932],[24.787761,42.240959],[24.788031,42.241589]]]},"properties":{"cadnum":"39918.501.213","purptype":"Урбанизирана","usetype":"Ниско застрояване (до 10 m)","proptype":"Частна","quarter":"22","immaddr":"с. Крислово, ГРАФ ИГНАТИЕВ №17-а","area":1095.4561764955,"cadreg":501,"pnum":"213"}},{"type":"Feature","geometry":{"type":"Polygon","coordinates":[[[24.787864,42.241625],[24.788031,42.241589],[24.787932,42.241364],[24.787332,42.241524],[24.78742,42.241739],[24.787868,42.241635],[24.787864,42.241625]]]},"properties":{"cadnum":"39918.501.214","purptype":"Урбанизирана","usetype":"Ниско застрояване (до 10 m)","proptype":"Частна","quarter":"22","immaddr":"с. Крислово, ГРАФ ИГНАТИЕВ №21","area":1364.8204294749,"cadreg":501,"pnum":"214"}},{"type":"Feature","geometry":{"type":"Polygon","coordinates":[[[24.787242,42.241306],[24.787332,42.241524],[24.787932,42.241364],[24.787847,42.241171],[24.787242,42.241306]]]},"properties":{"cadnum":"39918.501.215","purptype":"Урбанизирана","usetype":"Ниско застрояване (до 10 m)","proptype":"Частна","quarter":"22","immaddr":"с. Крислово, ул. \"Митко Палаузов\" №6","area":1259.1435030219,"cadreg":501,"pnum":"215"}},{"type":"Feature","geometry":{"type":"Polygon","coordinates":[[[24.787175,42.24114],[24.787242,42.241306],[24.787847,42.241171],[24.787778,42.241001],[24.787175,42.24114]]]},"properties":{"cadnum":"39918.501.216","purptype":"Урбанизирана","usetype":"Ниско застрояване (до 10 m)","proptype":"Частна","quarter":"22","immaddr":"с. Крислово, МИТКО ПАЛАУЗОВ №4","area":1010.2239830016,"cadreg":501,"pnum":"216"}},{"type":"Feature","geometry":{"type":"Polygon","coordinates":[[[24.787047,42.240822],[24.787446,42.240749],[24.787337,42.240527],[24.786956,42.240604],[24.787047,42.240822]]]},"properties":{"cadnum":"39918.501.217","purptype":"Урбанизирана","usetype":"Ниско застрояване (до 10 m)","proptype":"Частна","quarter":"22","immaddr":"с. Крислово, МИТКО ПАЛАУЗОВ №2","area":855.13560698328,"cadreg":501,"pnum":"217"}},{"type":"Feature","geometry":{"type":"Polygon","coordinates":[[[24.786899,42.240467],[24.786956,42.240604],[24.787337,42.240527],[24.787289,42.24038],[24.786899,42.240467]]]},"properties":{"cadnum":"39918.501.218","purptype":"Урбанизирана","usetype":"Ниско застрояване (до 10 m)","proptype":"Частна","quarter":"22","immaddr":"с. Крислово, ХРИСТО БОТЕВ №26-а","area":541.96719499198,"cadreg":501,"pnum":"218"}},{"type":"Feature","geometry":{"type":"Polygon","coordinates":[[[24.787608,42.240284],[24.787534,42.24001],[24.787188,42.240071],[24.787337,42.240527],[24.787446,42.240749],[24.787753,42.240686],[24.787608,42.240284]]]},"properties":{"cadnum":"39918.501.219","purptype":"Урбанизирана","usetype":"Ниско застрояване (до 10 m)","proptype":"Частна","quarter":"22","immaddr":"с. Крислово, ХРИСТО БОТЕВ №24","area":2196.3739440142,"cadreg":501,"pnum":"219"}},{"type":"Feature","geometry":{"type":"Polygon","coordinates":[[[24.787753,42.240686],[24.788037,42.240622],[24.787816,42.239959],[24.787534,42.24001],[24.787608,42.240284],[24.787753,42.240686]]]},"properties":{"cadnum":"39918.501.220","purptype":"Урбанизирана","usetype":"Ниско застрояване (до 10 m)","proptype":"Частна","quarter":"22","immaddr":"с. Крислово, ХРИСТО БОТЕВ №22","area":1899.7471010034,"cadreg":501,"pnum":"220"}},{"type":"Feature","geometry":{"type":"Polygon","coordinates":[[[24.787816,42.239959],[24.788037,42.240622],[24.788184,42.240588],[24.787973,42.239931],[24.787816,42.239959]]]},"properties":{"cadnum":"39918.501.221","purptype":"Урбанизирана","usetype":"Ниско застрояване (до 10 m)","proptype":"Частна","quarter":"22","immaddr":"с. Крислово, ХРИСТО БОТЕВ №20","area":976.12365349328,"cadreg":501,"pnum":"221"}},{"type":"Feature","geometry":{"type":"Polygon","coordinates":[[[24.78833,42.240555],[24.788116,42.239906],[24.787973,42.239931],[24.788184,42.240588],[24.78833,42.240555]]]},"properties":{"cadnum":"39918.501.222","purptype":"Урбанизирана","usetype":"Ниско застрояване (до 10 m)","proptype":"Частна","quarter":"22","immaddr":"с. Крислово, ХРИСТО БОТЕВ №18","area":940.1866905026,"cadreg":501,"pnum":"222"}},{"type":"Feature","geometry":{"type":"Polygon","coordinates":[[[24.788253,42.240312],[24.78833,42.240555],[24.78904,42.240396],[24.788954,42.240183],[24.788253,42.240312]]]},"properties":{"cadnum":"39918.501.223","purptype":"Урбанизирана","usetype":"Ниско застрояване (до 10 m)","proptype":"Частна","quarter":"22","immaddr":"с. Крислово, ВАСИЛ ЛЕВСКИ №7","area":1586.7777949956,"cadreg":501,"pnum":"223"}},{"type":"Feature","geometry":{"type":"Polygon","coordinates":[[[24.788601,42.240248],[24.788452,42.239847],[24.788116,42.239906],[24.788253,42.240312],[24.788601,42.240248]]]},"properties":{"cadnum":"39918.501.224","purptype":"Урбанизирана","usetype":"Ниско застрояване (до 10 m)","proptype":"Частна","quarter":"22","immaddr":"с. Крислово, ХРИСТО БОТЕВ №16","area":1344.5333400068,"cadreg":501,"pnum":"224"}},{"type":"Feature","geometry":{"type":"Polygon","coordinates":[[[24.788954,42.240183],[24.788785,42.239789],[24.788452,42.239847],[24.788601,42.240248],[24.788954,42.240183]]]},"properties":{"cadnum":"39918.501.225","purptype":"Урбанизирана","usetype":"Ниско застрояване (до 10 m)","proptype":"Частна","quarter":"22","immaddr":"с. Крислово, ХРИСТО БОТЕВ №14","area":1338.2666330062,"cadreg":501,"pnum":"225"}},{"type":"Feature","geometry":{"type":"Polygon","coordinates":[[[24.788361,42.239735],[24.788736,42.239669],[24.788617,42.239309],[24.788245,42.239369],[24.788361,42.239735]]]},"properties":{"cadnum":"39918.501.226","purptype":"Урбанизирана","usetype":"Ниско застрояване (до 10 m)","proptype":"Частна","quarter":"30","immaddr":"с. Крислово, ВАСИЛ ЛЕВСКИ №3","area":1312.9166570112,"cadreg":501,"pnum":"226"}},{"type":"Feature","geometry":{"type":"Polygon","coordinates":[[[24.789113,42.238487],[24.788509,42.238601],[24.788564,42.238763],[24.789167,42.238652],[24.789113,42.238487]]]},"properties":{"cadnum":"39918.501.228","purptype":"Урбанизирана","usetype":"Ниско застрояване (до 10 m)","proptype":"Частна","quarter":"23","immaddr":"с. Крислово, ВАСИЛ ЛЕВСКИ №2","area":962.34359699186,"cadreg":501,"pnum":"228"}},{"type":"Feature","geometry":{"type":"Polygon","coordinates":[[[24.788848,42.238536],[24.788676,42.238199],[24.788422,42.238346],[24.788509,42.238601],[24.788848,42.238536]]]},"properties":{"cadnum":"39918.501.229","purptype":"Урбанизирана","usetype":"Ниско застрояване (до 10 m)","proptype":"Частна","quarter":"23","immaddr":"с. Крислово, МЛАДА ГВАРДИЯ №4","area":931.31794700003,"cadreg":501,"pnum":"229"}},{"type":"Feature","geometry":{"type":"Polygon","coordinates":[[[24.788676,42.238199],[24.788848,42.238536],[24.789113,42.238487],[24.78908,42.238401],[24.788884,42.238079],[24.788676,42.238199]]]},"properties":{"cadnum":"39918.501.230","purptype":"Урбанизирана","usetype":"Ниско застрояване (до 10 m)","proptype":"Частна","quarter":"23","immaddr":"с. Крислово, МЛАДА ГВАРДИЯ №2","area":990.47595099501,"cadreg":501,"pnum":"230"}},{"type":"Feature","geometry":{"type":"Polygon","coordinates":[[[24.789287,42.238324],[24.789688,42.238169],[24.789564,42.237986],[24.789176,42.238142],[24.789287,42.238324]]]},"properties":{"cadnum":"39918.501.231","purptype":"Урбанизирана","usetype":"Ниско застрояване (до 10 m)","proptype":"Частна","quarter":"23","immaddr":"с. Крислово, Георги Димитров №1","area":826.97919301223,"cadreg":501,"pnum":"231"}},{"type":"Feature","geometry":{"type":"Polygon","coordinates":[[[24.789219,42.238787],[24.789695,42.238699],[24.789963,42.238527],[24.789917,42.238483],[24.789826,42.238359],[24.789504,42.238497],[24.789148,42.238592],[24.789219,42.238787]]]},"properties":{"cadnum":"39918.501.232","purptype":"Урбанизирана","usetype":"Ниско застрояване (до 10 m)","proptype":"Частна","quarter":"23","immaddr":"с. Крислово, Георги Димитров №3","area":1595.9402094988,"cadreg":501,"pnum":"232"}},{"type":"Feature","geometry":{"type":"Polygon","coordinates":[[[24.790019,42.239005],[24.790283,42.238866],[24.790377,42.238786],[24.790162,42.238661],[24.789963,42.238527],[24.789695,42.238699],[24.790019,42.239005]]]},"properties":{"cadnum":"39918.501.233","purptype":"Урбанизирана","usetype":"Ниско застрояване (до 10 m)","proptype":"Частна","quarter":"23","immaddr":"с. Крислово, ул. \"Георги Димтиров\" №5","area":1502.6650284894,"cadreg":501,"pnum":"233"}},{"type":"Feature","geometry":{"type":"Polygon","coordinates":[[[24.790421,42.239061],[24.790592,42.238925],[24.790377,42.238786],[24.790283,42.238866],[24.790019,42.239005],[24.790221,42.239197],[24.790421,42.239061]]]},"properties":{"cadnum":"39918.501.234","purptype":"Урбанизирана","usetype":"Ниско застрояване (до 10 m)","proptype":"Частна","quarter":"23","immaddr":"с. Крислово, Георги Димитров №7","area":1008.9301970002,"cadreg":501,"pnum":"234"}},{"type":"Feature","geometry":{"type":"Polygon","coordinates":[[[24.789729,42.239493],[24.789495,42.238737],[24.789219,42.238787],[24.78945,42.239542],[24.789729,42.239493]]]},"properties":{"cadnum":"39918.501.235","purptype":"Урбанизирана","usetype":"Ниско застрояване (до 10 m)","proptype":"Частна","quarter":"23","immaddr":"с. Крислово, ХРИСТО БОТЕВ №3","area":2020.3182769892,"cadreg":501,"pnum":"235"}},{"type":"Feature","geometry":{"type":"Polygon","coordinates":[[[24.790203,42.239204],[24.790264,42.239399],[24.790572,42.239341],[24.790495,42.239146],[24.790421,42.239061],[24.790203,42.239204]]]},"properties":{"cadnum":"39918.501.236","purptype":"Урбанизирана","usetype":"Ниско застрояване (до 10 m)","proptype":"Частна","quarter":"23","immaddr":"с. Крислово, ХРИСТО БОТЕВ №1","area":698.73287149886,"cadreg":501,"pnum":"236"}},{"type":"Feature","geometry":{"type":"Polygon","coordinates":[[[24.790592,42.238925],[24.790421,42.239061],[24.790495,42.239146],[24.790572,42.239341],[24.7909,42.239285],[24.79083,42.23907],[24.790592,42.238925]]]},"properties":{"cadnum":"39918.501.237","purptype":"Урбанизирана","usetype":"Ниско застрояване (до 10 m)","proptype":"Частна","quarter":"23","immaddr":"с. Крислово, Георги Димитров №9","area":1077.9327505027,"cadreg":501,"pnum":"237"}},{"type":"Feature","geometry":{"type":"Polygon","coordinates":[[[24.791705,42.238502],[24.791589,42.238427],[24.791412,42.238587],[24.791868,42.238857],[24.792022,42.238721],[24.791789,42.238568],[24.791705,42.238502]]]},"properties":{"cadnum":"39918.501.240","purptype":"Урбанизирана","usetype":"Ниско застрояване (до 10 m)","proptype":"Частна","quarter":"24","immaddr":"с. Крислово, СТЕФАН КАРАДЖА №1","area":1032.218828011,"cadreg":501,"pnum":"240"}},{"type":"Feature","geometry":{"type":"Polygon","coordinates":[[[24.791878,42.238165],[24.791589,42.238427],[24.792022,42.238721],[24.792159,42.238798],[24.792447,42.238531],[24.791878,42.238165]]]},"properties":{"cadnum":"39918.501.241","purptype":"Урбанизирана","usetype":"Ниско застрояване (до 10 m)","proptype":"Частна","quarter":"24","immaddr":"с. Крислово, СТЕФАН КАРАДЖА №3","area":2391.3362524939,"cadreg":501,"pnum":"241"}},{"type":"Feature","geometry":{"type":"Polygon","coordinates":[[[24.792432,42.238044],[24.792704,42.237806],[24.792443,42.237651],[24.792173,42.237896],[24.79222,42.237925],[24.792227,42.237919],[24.792432,42.238044]]]},"properties":{"cadnum":"39918.501.243","purptype":"Урбанизирана","usetype":"Ниско застрояване (до 10 m)","proptype":"Частна","quarter":"24","immaddr":"с. Крислово, ул. \"Стефан Караджа\" №7","area":944.93823251123,"cadreg":501,"pnum":"243"}},{"type":"Feature","geometry":{"type":"Polygon","coordinates":[[[24.793117,42.238457],[24.793377,42.238217],[24.792704,42.237806],[24.792432,42.238044],[24.793117,42.238457]]]},"properties":{"cadnum":"39918.501.244","purptype":"Урбанизирана","usetype":"Ниско застрояване (до 10 m)","proptype":"Частна","quarter":"24","immaddr":"с. Крислово, ул. ЮРИЙ ГАГАРИН №4","area":2512.9433700101,"cadreg":501,"pnum":"244"}},{"type":"Feature","geometry":{"type":"Polygon","coordinates":[[[24.792814,42.238733],[24.793117,42.238457],[24.792764,42.23825],[24.79246,42.23852],[24.792814,42.238733]]]},"properties":{"cadnum":"39918.501.245","purptype":"Урбанизирана","usetype":"Ниско застрояване (до 10 m)","proptype":"Частна","quarter":"24","immaddr":"с. Крислово, ул. ЮРИЙ ГАГАРИН №2","area":1476.484797501,"cadreg":501,"pnum":"245"}},{"type":"Feature","geometry":{"type":"Polygon","coordinates":[[[24.792313,42.238891],[24.792022,42.238721],[24.791413,42.23926],[24.79163,42.239391],[24.791927,42.239161],[24.792313,42.238891]]]},"properties":{"cadnum":"39918.501.246","purptype":"Урбанизирана","usetype":"Ниско застрояване (до 10 m)","proptype":"Частна","quarter":"24","immaddr":"с. Крислово, Георги Димитров №16","area":2064.9096069918,"cadreg":501,"pnum":"246"}},{"type":"Feature","geometry":{"type":"Polygon","coordinates":[[[24.79163,42.239391],[24.791909,42.239559],[24.792186,42.239305],[24.791927,42.239161],[24.79163,42.239391]]]},"properties":{"cadnum":"39918.501.247","purptype":"Урбанизирана","usetype":"Ниско застрояване (до 10 m)","proptype":"Частна","quarter":"24","immaddr":"с. Крислово, ул. \"Георги Димтиров\" №18","area":1003.8755455065,"cadreg":501,"pnum":"247"}},{"type":"Feature","geometry":{"type":"Polygon","coordinates":[[[24.792169,42.239714],[24.792448,42.239474],[24.792255,42.239356],[24.791984,42.239604],[24.792169,42.239714]]]},"properties":{"cadnum":"39918.501.248","purptype":"Урбанизирана","usetype":"Ниско застрояване (до 10 m)","proptype":"Частна","quarter":"19","immaddr":"с. Крислово, ГАГАРИН №1","area":711.81269850241,"cadreg":501,"pnum":"248"}},{"type":"Feature","geometry":{"type":"Polygon","coordinates":[[[24.792703,42.239256],[24.792169,42.239714],[24.792373,42.239841],[24.792894,42.239372],[24.792703,42.239256]]]},"properties":{"cadnum":"39918.501.249","purptype":"Урбанизирана","usetype":"Ниско застрояване (до 10 m)","proptype":"Частна","quarter":"19","immaddr":"с. Крислово, Георги Димитров №20","area":1429.7333074926,"cadreg":501,"pnum":"249"}},{"type":"Feature","geometry":{"type":"Polygon","coordinates":[[[24.792373,42.239841],[24.792559,42.239954],[24.792869,42.239739],[24.792802,42.23968],[24.792831,42.239652],[24.7927,42.239547],[24.792373,42.239841]]]},"properties":{"cadnum":"39918.501.250","purptype":"Урбанизирана","usetype":"Ниско застрояване (до 10 m)","proptype":"Частна","quarter":"19","immaddr":"с. Крислово, Георги Димитров №22","area":873.63943499903,"cadreg":501,"pnum":"250"}},{"type":"Feature","geometry":{"type":"Polygon","coordinates":[[[24.792894,42.239372],[24.7927,42.239547],[24.792831,42.239652],[24.792802,42.23968],[24.792869,42.239739],[24.792559,42.239954],[24.792586,42.239975],[24.792932,42.239754],[24.793047,42.239692],[24.793207,42.239573],[24.792894,42.239372]]]},"properties":{"cadnum":"39918.501.251","purptype":"Урбанизирана","usetype":"Ниско застрояване (до 10 m)","proptype":"Частна","quarter":"19","immaddr":"с. Крислово, Георги Димитров №22-а","area":1074.2518249972,"cadreg":501,"pnum":"251"}},{"type":"Feature","geometry":{"type":"Polygon","coordinates":[[[24.792768,42.240109],[24.792923,42.240224],[24.79327,42.240058],[24.793178,42.239909],[24.792964,42.239984],[24.792768,42.240109]]]},"properties":{"cadnum":"39918.501.252","purptype":"Урбанизирана","usetype":"Ниско застрояване (до 10 m)","proptype":"Частна","quarter":"19","immaddr":"с. Крислово, Георги Димитров №24","area":725.59584250686,"cadreg":501,"pnum":"252"}},{"type":"Feature","geometry":{"type":"Polygon","coordinates":[[[24.793043,42.239695],[24.79327,42.240058],[24.793641,42.239886],[24.793687,42.23981],[24.793511,42.239777],[24.793207,42.239573],[24.793043,42.239695]]]},"properties":{"cadnum":"39918.501.253","purptype":"Урбанизирана","usetype":"Ниско застрояване (до 10 m)","proptype":"Частна","quarter":"19","immaddr":"с. Крислово, ЙОРДАНКА НИКОЛОВА №2","area":1369.1523489981,"cadreg":501,"pnum":"253"}},{"type":"Feature","geometry":{"type":"Polygon","coordinates":[[[24.79341,42.239089],[24.793225,42.239261],[24.793777,42.239605],[24.793947,42.239407],[24.79343,42.239091],[24.793421,42.239096],[24.79341,42.239089]]]},"properties":{"cadnum":"39918.501.254","purptype":"Урбанизирана","usetype":"Ниско застрояване (до 10 m)","proptype":"Частна","quarter":"19","immaddr":"с. Крислово, ЙОРДАНКА НИКОЛОВА №6","area":1479.9179835008,"cadreg":501,"pnum":"254"}},{"type":"Feature","geometry":{"type":"Polygon","coordinates":[[[24.792891,42.238774],[24.793421,42.239096],[24.793618,42.238908],[24.793505,42.23883],[24.793096,42.238585],[24.792891,42.238774]]]},"properties":{"cadnum":"39918.501.256","purptype":"Урбанизирана","usetype":"Ниско застрояване (до 10 m)","proptype":"Частна","quarter":"19","immaddr":"с. Крислово, ул. ЮРИЙ ГАГАРИН №7","area":1523.2090265089,"cadreg":501,"pnum":"256"}},{"type":"Feature","geometry":{"type":"Polygon","coordinates":[[[24.793271,42.238425],[24.793096,42.238585],[24.793505,42.23883],[24.793682,42.238673],[24.793271,42.238425]]]},"properties":{"cadnum":"39918.501.257","purptype":"Урбанизирана","usetype":"Ниско застрояване (до 10 m)","proptype":"Частна","quarter":"19","immaddr":"с. Крислово, ул. ЮРИЙ ГАГАРИН №9","area":999.7588214918,"cadreg":501,"pnum":"257"}},{"type":"Feature","geometry":{"type":"Polygon","coordinates":[[[24.793271,42.238425],[24.793682,42.238673],[24.793871,42.238505],[24.793456,42.238255],[24.793271,42.238425]]]},"properties":{"cadnum":"39918.501.258","purptype":"Урбанизирана","usetype":"Ниско застрояване (до 10 m)","proptype":"Частна","quarter":"19","immaddr":"с. Крислово, ул. ЮРИЙ ГАГАРИН №11","area":1061.5945475103,"cadreg":501,"pnum":"258"}},{"type":"Feature","geometry":{"type":"Polygon","coordinates":[[[24.794073,42.238624],[24.793871,42.238505],[24.793505,42.23883],[24.793618,42.238908],[24.793745,42.238981],[24.793971,42.238719],[24.794073,42.238624]]]},"properties":{"cadnum":"39918.501.259","purptype":"Урбанизирана","usetype":"Ниско застрояване (до 10 m)","proptype":"Частна","quarter":"19","immaddr":"с. Крислово, СРЕДНА ГОРА №7","area":1104.1316155005,"cadreg":501,"pnum":"259"}},{"type":"Feature","geometry":{"type":"Polygon","coordinates":[[[24.793971,42.238719],[24.793745,42.238981],[24.793936,42.239096],[24.794271,42.238743],[24.794073,42.238624],[24.793971,42.238719]]]},"properties":{"cadnum":"39918.501.260","purptype":"Урбанизирана","usetype":"Ниско застрояване (до 10 m)","proptype":"Частна","quarter":"19","immaddr":"с. Крислово, СРЕДНА ГОРА №7-A","area":1014.0725344906,"cadreg":501,"pnum":"260"}},{"type":"Feature","geometry":{"type":"Polygon","coordinates":[[[24.794133,42.239226],[24.794505,42.23889],[24.794479,42.238865],[24.794271,42.238743],[24.793936,42.239096],[24.794133,42.239226]]]},"properties":{"cadnum":"39918.501.261","purptype":"Урбанизирана","usetype":"Ниско застрояване (до 10 m)","proptype":"Частна","quarter":"19","immaddr":"с. Крислово, ЙОРДАНКА НИКОЛОВА №10","area":1141.3362820003,"cadreg":501,"pnum":"261"}},{"type":"Feature","geometry":{"type":"Polygon","coordinates":[[[24.794133,42.239226],[24.793936,42.239096],[24.793618,42.238908],[24.79343,42.239091],[24.793947,42.239407],[24.794133,42.239226]]]},"properties":{"cadnum":"39918.501.262","purptype":"Урбанизирана","usetype":"Ниско застрояване (до 10 m)","proptype":"Частна","quarter":"19","immaddr":"с. Крислово, ул. \"Йорданка Николова\" №8","area":1429.3672050163,"cadreg":501,"pnum":"262"}},{"type":"Feature","geometry":{"type":"Polygon","coordinates":[[[24.794995,42.239585],[24.794838,42.23944],[24.794647,42.239579],[24.794747,42.239636],[24.794766,42.239853],[24.795037,42.239842],[24.794995,42.239585]]]},"properties":{"cadnum":"39918.501.264","purptype":"Урбанизирана","usetype":"Ниско застрояване (до 10 m)","proptype":"Частна","quarter":"18","immaddr":"с. Крислово, ул. Недю Дончев №4-6","area":887.4292155017,"cadreg":501,"pnum":"264"}},{"type":"Feature","geometry":{"type":"Polygon","coordinates":[[[24.794995,42.239585],[24.795037,42.239842],[24.795337,42.239832],[24.795281,42.23952],[24.795132,42.239234],[24.794838,42.23944],[24.794995,42.239585]]]},"properties":{"cadnum":"39918.501.265","purptype":"Урбанизирана","usetype":"Ниско застрояване (до 10 m)","proptype":"Частна","quarter":"18","immaddr":"с. Крислово, НЕДЮ ДОНЧЕВ №8","area":1539.6563974897,"cadreg":501,"pnum":"265"}},{"type":"Feature","geometry":{"type":"Polygon","coordinates":[[[24.795491,42.239071],[24.795184,42.239191],[24.795132,42.239234],[24.795281,42.23952],[24.795337,42.239832],[24.795857,42.239812],[24.795795,42.239456],[24.795519,42.238955],[24.795439,42.238981],[24.795491,42.239071]]]},"properties":{"cadnum":"39918.501.266","purptype":"Урбанизирана","usetype":"Ниско застрояване (до 10 m)","proptype":"Частна","quarter":"18","immaddr":"с. Крислово, ул. \"Недю Дончев\" №10","area":3452.8151900136,"cadreg":501,"pnum":"266"}},{"type":"Feature","geometry":{"type":"Polygon","coordinates":[[[24.795484,42.238369],[24.795601,42.238438],[24.795691,42.238735],[24.795986,42.238692],[24.795841,42.238159],[24.795697,42.238182],[24.795484,42.238369]]]},"properties":{"cadnum":"39918.501.268","purptype":"Урбанизирана","usetype":"Ниско застрояване (до 10 m)","proptype":"Частна","quarter":"18","immaddr":"с. Крислово, ДИМИТЪР КРИВЧЕВ №1","area":1521.2777970088,"cadreg":501,"pnum":"268"}},{"type":"Feature","geometry":{"type":"Polygon","coordinates":[[[24.795986,42.238692],[24.795428,42.238778],[24.795598,42.23911],[24.796074,42.23903],[24.795986,42.238692]]]},"properties":{"cadnum":"39918.501.269","purptype":"Урбанизирана","usetype":"Ниско застрояване (до 10 m)","proptype":"Частна","quarter":"18","immaddr":"с. Крислово, ДИМИТЪР КРИВЧЕВ №3","area":1692.4732719862,"cadreg":501,"pnum":"269"}},{"type":"Feature","geometry":{"type":"Polygon","coordinates":[[[24.79611,42.239167],[24.796074,42.23903],[24.795598,42.23911],[24.795674,42.239243],[24.79611,42.239167]]]},"properties":{"cadnum":"39918.501.270","purptype":"Урбанизирана","usetype":"Ниско застрояване (до 10 m)","proptype":"Частна","quarter":"18","immaddr":"с. Крислово, ул. \"Димитър Кривчев\" №5-А","area":604.67569149578,"cadreg":501,"pnum":"270"}},{"type":"Feature","geometry":{"type":"Polygon","coordinates":[[[24.795795,42.239456],[24.795857,42.239812],[24.796252,42.239794],[24.796272,42.239768],[24.796171,42.239393],[24.795795,42.239456]]]},"properties":{"cadnum":"39918.501.271","purptype":"Урбанизирана","usetype":"Ниско застрояване (до 10 m)","proptype":"Частна","quarter":"18","immaddr":"с. Крислово, ДИМИТЪР КРИВЧЕВ №7","area":1406.9892085127,"cadreg":501,"pnum":"271"}},{"type":"Feature","geometry":{"type":"Polygon","coordinates":[[[24.796414,42.23977],[24.796762,42.239676],[24.796682,42.239514],[24.796627,42.239333],[24.79627,42.239387],[24.796373,42.239756],[24.796414,42.23977]]]},"properties":{"cadnum":"39918.501.272","purptype":"Урбанизирана","usetype":"Ниско застрояване (до 10 m)","proptype":"Частна","quarter":"17","immaddr":"с. Крислово, ул. \"Недю Дончев\" №12","area":1305.3130324979,"cadreg":501,"pnum":"272"}},{"type":"Feature","geometry":{"type":"Polygon","coordinates":[[[24.796597,42.239192],[24.796588,42.239159],[24.796224,42.239194],[24.79627,42.239387],[24.796627,42.239333],[24.796616,42.239294],[24.796653,42.239281],[24.796636,42.239187],[24.796597,42.239192]]]},"properties":{"cadnum":"39918.501.273","purptype":"Урбанизирана","usetype":"Ниско застрояване (до 10 m)","proptype":"Частна","quarter":"17","immaddr":"с. Крислово, ДИМИТЪР КРИВЧЕВ №4","area":660.16143149931,"cadreg":501,"pnum":"273"}},{"type":"Feature","geometry":{"type":"Polygon","coordinates":[[[24.796544,42.238915],[24.79641,42.238482],[24.796039,42.238537],[24.796169,42.239013],[24.796544,42.238915]]]},"properties":{"cadnum":"39918.501.274","purptype":"Урбанизирана","usetype":"Ниско застрояване (до 10 m)","proptype":"Частна","quarter":"17","immaddr":"с. Крислово, ДИМИТЪР КРИВЧЕВ №2","area":1634.9568875002,"cadreg":501,"pnum":"274"}},{"type":"Feature","geometry":{"type":"Polygon","coordinates":[[[24.796247,42.238119],[24.795941,42.238161],[24.796039,42.238537],[24.796348,42.238492],[24.796247,42.238119]]]},"properties":{"cadnum":"39918.501.275","purptype":"Урбанизирана","usetype":"Ниско застрояване (до 10 m)","proptype":"Частна","quarter":"17","immaddr":"с. Крислово, ДИМИТЪР КРИВЧЕВ №2-А","area":1100.797627497,"cadreg":501,"pnum":"275"}},{"type":"Feature","geometry":{"type":"Polygon","coordinates":[[[24.796247,42.238119],[24.796348,42.238492],[24.796591,42.238454],[24.796483,42.238088],[24.796247,42.238119]]]},"properties":{"cadnum":"39918.501.276","purptype":"Урбанизирана","usetype":"Ниско застрояване (до 10 m)","proptype":"Частна","quarter":"17","immaddr":"с. Крислово, Малчика №3","area":844.87341699569,"cadreg":501,"pnum":"276"}},{"type":"Feature","geometry":{"type":"Polygon","coordinates":[[[24.796919,42.23803],[24.796483,42.238088],[24.796591,42.238454],[24.796799,42.238433],[24.797012,42.238402],[24.796919,42.23803]]]},"properties":{"cadnum":"39918.501.277","purptype":"Урбанизирана","usetype":"Ниско застрояване (до 10 m)","proptype":"Частна","quarter":"17","immaddr":"с. Крислово, ул. Тракия №8","area":1514.7346079993,"cadreg":501,"pnum":"277"}},{"type":"Feature","geometry":{"type":"Polygon","coordinates":[[[24.79667,42.238449],[24.796703,42.238697],[24.797071,42.238642],[24.797012,42.238402],[24.79667,42.238449]]]},"properties":{"cadnum":"39918.501.278","purptype":"Урбанизирана","usetype":"Ниско застрояване (до 10 m)","proptype":"Частна","quarter":"17","immaddr":"с. Крислово, ул. \"Тракия\" №2","area":818.14293250181,"cadreg":501,"pnum":"278"}},{"type":"Feature","geometry":{"type":"Polygon","coordinates":[[[24.796486,42.238741],[24.796623,42.238718],[24.79663,42.238741],[24.796695,42.238735],[24.797079,42.238675],[24.797071,42.238642],[24.796703,42.238697],[24.79667,42.238449],[24.796591,42.238454],[24.79641,42.238482],[24.796486,42.238741]]]},"properties":{"cadnum":"39918.501.279","purptype":"Урбанизирана","usetype":"Ниско застрояване (до 10 m)","proptype":"Частна","quarter":"17","immaddr":"с. Крислово, Тракия №4","area":721.37377249391,"cadreg":501,"pnum":"279"}},{"type":"Feature","geometry":{"type":"Polygon","coordinates":[[[24.796623,42.238718],[24.796486,42.238741],[24.796544,42.238915],[24.796742,42.238882],[24.796695,42.238735],[24.79663,42.238741],[24.796623,42.238718]]]},"properties":{"cadnum":"39918.501.280","purptype":"Урбанизирана","usetype":"Ниско застрояване (до 10 m)","proptype":"Частна","quarter":"17","immaddr":"с. Крислово, ул. \"Тракия\" №4-а","area":321.24767949401,"cadreg":501,"pnum":"280"}},{"type":"Feature","geometry":{"type":"Polygon","coordinates":[[[24.796597,42.239192],[24.797186,42.239112],[24.797113,42.238821],[24.796525,42.238921],[24.796597,42.239192]]]},"properties":{"cadnum":"39918.501.282","purptype":"Урбанизирана","usetype":"Ниско застрояване (до 10 m)","proptype":"Частна","quarter":"17","immaddr":"с. Крислово, ул. \"Тракия\" №2","area":1591.8314035149,"cadreg":501,"pnum":"282"}},{"type":"Feature","geometry":{"type":"Polygon","coordinates":[[[24.797038,42.239603],[24.796944,42.239396],[24.79687,42.239158],[24.796636,42.239187],[24.796653,42.239281],[24.796616,42.239294],[24.796701,42.239548],[24.796711,42.239547],[24.796762,42.239676],[24.797038,42.239603]]]},"properties":{"cadnum":"39918.501.283","purptype":"Урбанизирана","usetype":"Ниско застрояване (до 10 m)","proptype":"Частна","quarter":"17","immaddr":"с. Крислово, НЕДЮ ДОНЧЕВ №14","area":1233.9119054887,"cadreg":501,"pnum":"283"}},{"type":"Feature","geometry":{"type":"Polygon","coordinates":[[[24.797287,42.239537],[24.797186,42.239112],[24.79687,42.239158],[24.796944,42.239396],[24.797038,42.239603],[24.797287,42.239537]]]},"properties":{"cadnum":"39918.501.284","purptype":"Урбанизирана","usetype":"Ниско застрояване (до 10 m)","proptype":"Частна","quarter":"17","immaddr":"с. Крислово, НЕДЮ ДОНЧЕВ №16","area":1223.4005620033,"cadreg":501,"pnum":"284"}},{"type":"Feature","geometry":{"type":"Polygon","coordinates":[[[24.797935,42.239168],[24.797319,42.239268],[24.797384,42.239512],[24.797968,42.23934],[24.797935,42.239168]]]},"properties":{"cadnum":"39918.501.285","purptype":"Урбанизирана","usetype":"Ниско застрояване (до 10 m)","proptype":"Частна","quarter":"27","immaddr":"с. Крислово, ул. \"Тракия\" №1","area":1224.3227844929,"cadreg":501,"pnum":"285"}},{"type":"Feature","geometry":{"type":"Polygon","coordinates":[[[24.797621,42.238987],[24.79726,42.239023],[24.797319,42.239268],[24.797935,42.239168],[24.797892,42.238975],[24.797621,42.238987]]]},"properties":{"cadnum":"39918.501.286","purptype":"Урбанизирана","usetype":"Ниско застрояване (до 10 m)","proptype":"Частна","quarter":"27","immaddr":"с. Крислово, Тракия №3","area":1306.0117835148,"cadreg":501,"pnum":"286"}},{"type":"Feature","geometry":{"type":"Polygon","coordinates":[[[24.79726,42.239023],[24.797621,42.238987],[24.797892,42.238975],[24.797843,42.238749],[24.797213,42.238825],[24.79726,42.239023]]]},"properties":{"cadnum":"39918.501.287","purptype":"Урбанизирана","usetype":"Ниско застрояване (до 10 m)","proptype":"Частна","quarter":"27","immaddr":"с. Крислово, Тракия №5","area":1234.3787479908,"cadreg":501,"pnum":"287"}},{"type":"Feature","geometry":{"type":"Polygon","coordinates":[[[24.797213,42.238825],[24.797736,42.238761],[24.79767,42.238509],[24.797153,42.238573],[24.797213,42.238825]]]},"properties":{"cadnum":"39918.501.288","purptype":"Урбанизирана","usetype":"Ниско застрояване (до 10 m)","proptype":"Общинска частна","quarter":"27","immaddr":"с. Крислово, Тракия №7","area":1237.6993919973,"cadreg":501,"pnum":"288"}},{"type":"Feature","geometry":{"type":"Polygon","coordinates":[[[24.794384,42.239428],[24.794338,42.239401],[24.794202,42.239529],[24.794097,42.239657],[24.794008,42.2398],[24.794079,42.239877],[24.794427,42.239865],[24.794384,42.239428]]]},"properties":{"cadnum":"39918.501.289","purptype":"Урбанизирана","usetype":"Ниско застрояване (до 10 m)","proptype":"Частна","immaddr":"с. Крислово, НЕДЮ ДОНЧЕВ №2-А","area":1154.4363769989,"cadreg":501,"pnum":"289"}},{"type":"Feature","geometry":{"type":"Polygon","coordinates":[[[24.797092,42.238319],[24.797153,42.238573],[24.79767,42.238509],[24.797601,42.238245],[24.797092,42.238319]]]},"properties":{"cadnum":"39918.501.290","purptype":"Урбанизирана","usetype":"Ниско застрояване (до 10 m)","proptype":"Общинска частна","quarter":"27","immaddr":"с. Крислово, Тракия №9","area":1257.5200170023,"cadreg":501,"pnum":"290"}},{"type":"Feature","geometry":{"type":"Polygon","coordinates":[[[24.794839,42.238598],[24.795093,42.238373],[24.794736,42.238154],[24.79448,42.238374],[24.794839,42.238598]]]},"properties":{"cadnum":"39918.501.291","purptype":"Урбанизирана","usetype":"Ниско застрояване (до 10 m)","proptype":"Частна","quarter":"26","immaddr":"с. Крислово, ул. \"Йорданка Николова\" №14","area":1246.6950650079,"cadreg":501,"pnum":"291"}},{"type":"Feature","geometry":{"type":"Polygon","coordinates":[[[24.794839,42.238598],[24.79448,42.238374],[24.794223,42.238599],[24.794591,42.238817],[24.794839,42.238598]]]},"properties":{"cadnum":"39918.501.292","purptype":"Урбанизирана","usetype":"Ниско застрояване (до 10 m)","proptype":"Частна","quarter":"26","immaddr":"с. Крислово, ЙОРДАНКА НИКОЛОВА №12","area":1254.4324450022,"cadreg":501,"pnum":"292"}},{"type":"Feature","geometry":{"type":"Polygon","coordinates":[[[24.794223,42.238599],[24.79448,42.238374],[24.794227,42.238215],[24.793956,42.238443],[24.794223,42.238599]]]},"properties":{"cadnum":"39918.501.293","purptype":"Урбанизирана","usetype":"Ниско застрояване (до 10 m)","proptype":"Частна","quarter":"26","immaddr":"с. Крислово, СРЕДНА ГОРА №10","area":920.71086850503,"cadreg":501,"pnum":"293"}},{"type":"Feature","geometry":{"type":"Polygon","coordinates":[[[24.79448,42.238374],[24.794736,42.238154],[24.794472,42.237991],[24.794227,42.238215],[24.79448,42.238374]]]},"properties":{"cadnum":"39918.501.294","purptype":"Урбанизирана","usetype":"Ниско застрояване (до 10 m)","proptype":"Частна","quarter":"26","immaddr":"с. Крислово, ХРИСТО СМИРНЕНСКИ №7","area":900.10718449621,"cadreg":501,"pnum":"294"}},{"type":"Feature","geometry":{"type":"Polygon","coordinates":[[[24.793966,42.238057],[24.793711,42.238298],[24.793956,42.238443],[24.794226,42.238216],[24.793966,42.238057]]]},"properties":{"cadnum":"39918.501.295","purptype":"Урбанизирана","usetype":"Ниско застрояване (до 10 m)","proptype":"Частна","quarter":"26","immaddr":"с. Крислово, ул. \"Христо Смирненски\" №8","area":905.55689249613,"cadreg":501,"pnum":"295"}},{"type":"Feature","geometry":{"type":"Polygon","coordinates":[[[24.794217,42.237837],[24.793966,42.238057],[24.794226,42.238216],[24.794472,42.237991],[24.794217,42.237837]]]},"properties":{"cadnum":"39918.501.296","purptype":"Урбанизирана","usetype":"Ниско застрояване (до 10 m)","proptype":"Частна","quarter":"26","immaddr":"с. Крислово, ХРИСТО СМИРНЕНСКИ №5","area":873.14524699636,"cadreg":501,"pnum":"296"}},{"type":"Feature","geometry":{"type":"Polygon","coordinates":[[[24.793683,42.237879],[24.793966,42.238057],[24.794217,42.237837],[24.793932,42.237657],[24.793683,42.237879]]]},"properties":{"cadnum":"39918.501.297","purptype":"Урбанизирана","usetype":"Ниско застрояване (до 10 m)","proptype":"Частна","quarter":"26","immaddr":"с. Крислово, ул. \"Христо Смирненски\" №3","area":993.98649949506,"cadreg":501,"pnum":"297"}},{"type":"Feature","geometry":{"type":"Polygon","coordinates":[[[24.793966,42.238057],[24.793703,42.237895],[24.793424,42.238128],[24.793711,42.238298],[24.793966,42.238057]]]},"properties":{"cadnum":"39918.501.298","purptype":"Урбанизирана","usetype":"Ниско застрояване (до 10 m)","proptype":"Частна","quarter":"26","immaddr":"с. Крислово, СРЕДНА ГОРА №6","area":1005.0986719864,"cadreg":501,"pnum":"298"}},{"type":"Feature","geometry":{"type":"Polygon","coordinates":[[[24.793703,42.237895],[24.793396,42.237678],[24.793114,42.237935],[24.793424,42.238128],[24.793703,42.237895]]]},"properties":{"cadnum":"39918.501.299","purptype":"Урбанизирана","usetype":"Ниско застрояване (до 10 m)","proptype":"Частна","quarter":"26","immaddr":"с. Крислово, СРЕДНА ГОРА №4","area":1228.5987495079,"cadreg":501,"pnum":"299"}},{"type":"Feature","geometry":{"type":"Polygon","coordinates":[[[24.793394,42.237348],[24.793019,42.237124],[24.792771,42.237355],[24.793137,42.237578],[24.793394,42.237348]]]},"properties":{"cadnum":"39918.501.302","purptype":"Урбанизирана","usetype":"Ниско застрояване (до 10 m)","proptype":"Частна","quarter":"26","immaddr":"с. Крислово, ул. \"Стефан Караджа\" №13","area":1299.3176689859,"cadreg":501,"pnum":"302"}},{"type":"Feature","geometry":{"type":"Polygon","coordinates":[[[24.792517,42.237583],[24.792631,42.237665],[24.792886,42.237804],[24.793137,42.237578],[24.792771,42.237355],[24.792517,42.237583]]]},"properties":{"cadnum":"39918.501.303","purptype":"Урбанизирана","usetype":"Ниско застрояване (до 10 m)","proptype":"Частна","quarter":"26","immaddr":"с. Крислово, СТЕФАН КАРАДЖА №11","area":1301.1905094998,"cadreg":501,"pnum":"303"}},{"type":"Feature","geometry":{"type":"Polygon","coordinates":[[[24.793137,42.237578],[24.792886,42.237804],[24.79311,42.237938],[24.79336,42.23771],[24.793137,42.237578]]]},"properties":{"cadnum":"39918.501.304","purptype":"Урбанизирана","usetype":"Ниско застрояване (до 10 m)","proptype":"Частна","quarter":"26","immaddr":"с. Крислово, СРЕДНА ГОРА №2--2а","area":771.76529351017,"cadreg":501,"pnum":"304"}},{"type":"Feature","geometry":{"type":"Polygon","coordinates":[[[24.792351,42.237595],[24.792048,42.237414],[24.791957,42.23751],[24.792245,42.237696],[24.792351,42.237595]]]},"properties":{"cadnum":"39918.501.305","purptype":"Урбанизирана","usetype":"Ниско застрояване (до 10 m)","proptype":"Частна","quarter":"25","immaddr":"с. Крислово, ул. \"Стефан Караджа\" №12","area":435.54549800329,"cadreg":501,"pnum":"305"}},{"type":"Feature","geometry":{"type":"Polygon","coordinates":[[[24.792037,42.237884],[24.792139,42.237799],[24.792245,42.237696],[24.791957,42.23751],[24.791838,42.237627],[24.791778,42.237666],[24.792037,42.237884]]]},"properties":{"cadnum":"39918.501.306","purptype":"Урбанизирана","usetype":"Ниско застрояване (до 10 m)","proptype":"Частна","quarter":"25","immaddr":"с. Крислово, СТЕФАН КАРАДЖА №10","area":787.29939449316,"cadreg":501,"pnum":"306"}},{"type":"Feature","geometry":{"type":"Polygon","coordinates":[[[24.791835,42.237286],[24.79161,42.237499],[24.791838,42.237627],[24.792048,42.237414],[24.791835,42.237286]]]},"properties":{"cadnum":"39918.501.307","purptype":"Урбанизирана","usetype":"Ниско застрояване (до 10 m)","proptype":"Частна","quarter":"25","immaddr":"с. Крислово, СРЕДНА ГОРА №3","area":687.70677700568,"cadreg":501,"pnum":"307"}},{"type":"Feature","geometry":{"type":"Polygon","coordinates":[[[24.791218,42.236918],[24.791161,42.236912],[24.791023,42.236963],[24.79161,42.237499],[24.791835,42.237286],[24.791218,42.236918]]]},"properties":{"cadnum":"39918.501.308","purptype":"Урбанизирана","usetype":"Ниско застрояване (до 10 m)","proptype":"Частна","quarter":"25","immaddr":"с. Крислово, СРЕДНА ГОРА №1","area":1597.4653709812,"cadreg":501,"pnum":"308"}},{"type":"Feature","geometry":{"type":"Polygon","coordinates":[[[24.791219,42.23756],[24.790961,42.237716],[24.791046,42.237781],[24.791687,42.238197],[24.791892,42.238014],[24.791219,42.23756]]]},"properties":{"cadnum":"39918.501.309","purptype":"Урбанизирана","usetype":"Ниско застрояване (до 10 m)","proptype":"Частна","quarter":"25","immaddr":"с. Крислово, СТЕФАН КАРАДЖА №8","area":2115.6735385028,"cadreg":501,"pnum":"309"}},{"type":"Feature","geometry":{"type":"Polygon","coordinates":[[[24.79094,42.23789],[24.791577,42.238299],[24.791687,42.238197],[24.791046,42.237781],[24.79094,42.23789]]]},"properties":{"cadnum":"39918.501.310","purptype":"Урбанизирана","usetype":"Ниско застрояване (до 10 m)","proptype":"Частна","quarter":"25","immaddr":"с. Крислово, ул. \"Стефан Караджа\" №6-а","area":1018.5356010159,"cadreg":501,"pnum":"310"}},{"type":"Feature","geometry":{"type":"Polygon","coordinates":[[[24.790833,42.237999],[24.791469,42.238396],[24.791577,42.238299],[24.79094,42.23789],[24.790833,42.237999]]]},"properties":{"cadnum":"39918.501.311","purptype":"Урбанизирана","usetype":"Ниско застрояване (до 10 m)","proptype":"Частна","quarter":"25","immaddr":"с. Крислово, СТЕФАН КАРАДЖА №6","area":993.40773448861,"cadreg":501,"pnum":"311"}},{"type":"Feature","geometry":{"type":"Polygon","coordinates":[[[24.790833,42.237999],[24.790736,42.238086],[24.791241,42.238448],[24.791342,42.23851],[24.791469,42.238396],[24.790833,42.237999]]]},"properties":{"cadnum":"39918.501.312","purptype":"Урбанизирана","usetype":"Ниско застрояване (до 10 m)","proptype":"Частна","quarter":"25","immaddr":"с. Крислово, СТЕФАН КАРАДЖА №4","area":1021.8961914968,"cadreg":501,"pnum":"312"}},{"type":"Feature","geometry":{"type":"Polygon","coordinates":[[[24.791342,42.23851],[24.791241,42.238448],[24.790736,42.238086],[24.790616,42.238198],[24.790856,42.238348],[24.791235,42.238608],[24.791342,42.23851]]]},"properties":{"cadnum":"39918.501.313","purptype":"Урбанизирана","usetype":"Ниско застрояване (до 10 m)","proptype":"Частна","quarter":"25","immaddr":"с. Крислово, СТЕФАН КАРАДЖА №2","area":976.51696350984,"cadreg":501,"pnum":"313"}},{"type":"Feature","geometry":{"type":"Polygon","coordinates":[[[24.790733,42.238454],[24.79047,42.238689],[24.790878,42.238933],[24.791113,42.238718],[24.790733,42.238454]]]},"properties":{"cadnum":"39918.501.314","purptype":"Урбанизирана","usetype":"Ниско застрояване (до 10 m)","proptype":"Частна","quarter":"25","immaddr":"с. Крислово, Георги Димитров №12","area":1400.4194845034,"cadreg":501,"pnum":"314"}},{"type":"Feature","geometry":{"type":"Polygon","coordinates":[[[24.790174,42.23851],[24.79047,42.238689],[24.790856,42.238348],[24.79065,42.238221],[24.79021,42.238476],[24.790174,42.23851]]]},"properties":{"cadnum":"39918.501.315","purptype":"Урбанизирана","usetype":"Ниско застрояване (до 10 m)","proptype":"Частна","quarter":"25","immaddr":"с. Крислово, ул. Георги Димитров №10","area":1344.8033309893,"cadreg":501,"pnum":"315"}},{"type":"Feature","geometry":{"type":"Polygon","coordinates":[[[24.790741,42.237546],[24.790236,42.237882],[24.789979,42.238033],[24.789982,42.238039],[24.789837,42.238109],[24.789999,42.238345],[24.790336,42.238187],[24.790893,42.237662],[24.790741,42.237546]]]},"properties":{"cadnum":"39918.501.316","purptype":"Урбанизирана","usetype":"Ниско застрояване (до 10 m)","proptype":"Частна","quarter":"25","immaddr":"с. Крислово, Георги Димитров №8","area":2651.7075604938,"cadreg":501,"pnum":"316"}},{"type":"Feature","geometry":{"type":"Polygon","coordinates":[[[24.790531,42.237355],[24.790108,42.237559],[24.790144,42.237621],[24.789982,42.237704],[24.78965,42.237829],[24.789837,42.238109],[24.789982,42.238039],[24.789979,42.238033],[24.790236,42.237882],[24.790741,42.237546],[24.790531,42.237355]]]},"properties":{"cadnum":"39918.501.317","purptype":"Урбанизирана","usetype":"Ниско застрояване (до 10 m)","proptype":"Частна","quarter":"25","immaddr":"с. Крислово, Георги Димитров №6","area":2871.0398244981,"cadreg":501,"pnum":"317"}},{"type":"Feature","geometry":{"type":"Polygon","coordinates":[[[24.789976,42.237373],[24.790108,42.237559],[24.790531,42.237355],[24.790384,42.237214],[24.789976,42.237373]]]},"properties":{"cadnum":"39918.501.318","purptype":"Урбанизирана","usetype":"Ниско застрояване (до 10 m)","proptype":"Частна","quarter":"25","immaddr":"с. Крислово, РОДОПИ №3","area":849.06592548667,"cadreg":501,"pnum":"318"}},{"type":"Feature","geometry":{"type":"Polygon","coordinates":[[[24.789716,42.237492],[24.789478,42.23758],[24.78965,42.237829],[24.789982,42.237704],[24.790144,42.237621],[24.790093,42.237533],[24.789976,42.237373],[24.789709,42.237477],[24.789716,42.237492]]]},"properties":{"cadnum":"39918.501.319","purptype":"Урбанизирана","usetype":"Ниско застрояване (до 10 m)","proptype":"Частна","quarter":"25","immaddr":"с. Крислово, ул. \"Георги Димтиров\" №4","area":1499.4219045062,"cadreg":501,"pnum":"319"}},{"type":"Feature","geometry":{"type":"Polygon","coordinates":[[[24.793613,42.237479],[24.793394,42.237348],[24.793137,42.237578],[24.79336,42.23771],[24.793613,42.237479]]]},"properties":{"cadnum":"39918.501.320","purptype":"Урбанизирана","usetype":"Ниско застрояване (до 10 m)","proptype":"Частна","quarter":"26","immaddr":"с. Крислово, ул. \"Христо Смирненски\"","area":776.09332799072,"cadreg":501,"pnum":"320"}},{"type":"Feature","geometry":{"type":"Polygon","coordinates":[[[24.793902,42.240385],[24.794371,42.240331],[24.79435,42.240151],[24.793869,42.240186],[24.793902,42.240385]]]},"properties":{"cadnum":"39918.501.321","purptype":"Урбанизирана","usetype":"Ниско застрояване (до 10 m)","proptype":"Частна","quarter":"15","immaddr":"с. Крислово, ЙОРДАНКА НИКОЛОВА №1-А","area":839.07772598106,"cadreg":501,"pnum":"321"}},{"type":"Feature","geometry":{"type":"Polygon","coordinates":[[[24.79393,42.239951],[24.793905,42.24],[24.79388,42.240083],[24.793869,42.240186],[24.79435,42.240151],[24.794324,42.239936],[24.79393,42.239951]]]},"properties":{"cadnum":"39918.501.322","purptype":"Урбанизирана","usetype":"Ниско застрояване (до 10 m)","proptype":"Частна","quarter":"15","immaddr":"с. Крислово, НЕДЮ ДОНЧЕВ №1-А","area":919.67933002077,"cadreg":501,"pnum":"322"}},{"type":"Feature","geometry":{"type":"Polygon","coordinates":[[[24.797188,42.24654],[24.797508,42.24646],[24.79734,42.246062],[24.797011,42.246132],[24.79705,42.246237],[24.797188,42.24654]]]},"properties":{"cadnum":"39918.501.323","purptype":"Урбанизирана","usetype":"Ниско застрояване (до 10 m)","proptype":"Частна","quarter":"1","immaddr":"с. Крислово, АЛЕКСАНДЪР СТАМБОЛИЙСКИ №11","area":1329.9025844808,"cadreg":501,"pnum":"323"}},{"type":"Feature","geometry":{"type":"Polygon","coordinates":[[[24.797928,42.246567],[24.797843,42.246381],[24.797587,42.246437],[24.79766,42.24662],[24.797928,42.246567]]]},"properties":{"cadnum":"39918.501.324","purptype":"Урбанизирана","usetype":"Ниско застрояване (до 10 m)","proptype":"Частна","quarter":"1","immaddr":"с. Крислово, ДИМИТЪР КРИВЧЕВ №33-а","area":480.86717900637,"cadreg":501,"pnum":"324"}},{"type":"Feature","geometry":{"type":"Polygon","coordinates":[[[24.80037,42.245614],[24.799745,42.245539],[24.799708,42.245724],[24.80037,42.245803],[24.80037,42.245614]]]},"properties":{"cadnum":"39918.501.325","purptype":"Урбанизирана","usetype":"Ниско застрояване (до 10 m)","proptype":"Частна","quarter":"2","immaddr":"с. Крислово, Димчо Дебелянов №7","area":1118.2088700104,"cadreg":501,"pnum":"325"}},{"type":"Feature","geometry":{"type":"Polygon","coordinates":[[[24.799775,42.245302],[24.800365,42.245372],[24.800358,42.24518],[24.799901,42.24518],[24.799617,42.245049],[24.799511,42.245208],[24.799775,42.245302]]]},"properties":{"cadnum":"39918.501.326","purptype":"Урбанизирана","usetype":"Ниско застрояване (до 10 m)","proptype":"Частна","quarter":"3","immaddr":"с. Крислово, Димчо Дебелянов №6","area":1257.8338430026,"cadreg":501,"pnum":"326"}},{"type":"Feature","geometry":{"type":"Polygon","coordinates":[[[24.799663,42.244242],[24.799574,42.244162],[24.799111,42.244313],[24.799166,42.244408],[24.799395,42.24453],[24.799663,42.244242]]]},"properties":{"cadnum":"39918.501.327","purptype":"Урбанизирана","usetype":"Ниско застрояване (до 10 m)","proptype":"Частна","quarter":"4","immaddr":"с. Крислово, ул. Иван Вазов №19-а","area":939.15964700429,"cadreg":501,"pnum":"327"}},{"type":"Feature","geometry":{"type":"Polygon","coordinates":[[[24.798136,42.243615],[24.797881,42.243591],[24.79784,42.243847],[24.79788,42.244035],[24.798079,42.244036],[24.798136,42.243615]]]},"properties":{"cadnum":"39918.501.328","purptype":"Урбанизирана","usetype":"Ниско застрояване (до 10 m)","proptype":"Частна","quarter":"7","immaddr":"с. Крислово, РАЙКО ДАСКАЛОВ №7","area":984.51162499856,"cadreg":501,"pnum":"328"}},{"type":"Feature","geometry":{"type":"Polygon","coordinates":[[[24.795818,42.245956],[24.795877,42.246114],[24.796344,42.246014],[24.796283,42.245854],[24.795818,42.245956]]]},"properties":{"cadnum":"39918.501.330","purptype":"Урбанизирана","usetype":"Ниско застрояване (до 10 m)","proptype":"Частна","quarter":"5","immaddr":"с. Крислово, Георги Димитров №2","area":733.63850600526,"cadreg":501,"pnum":"330"}},{"type":"Feature","geometry":{"type":"Polygon","coordinates":[[[24.796229,42.245717],[24.795764,42.245813],[24.795818,42.245956],[24.796283,42.245854],[24.796229,42.245717]]]},"properties":{"cadnum":"39918.501.331","purptype":"Урбанизирана","usetype":"Ниско застрояване (до 10 m)","proptype":"Частна","quarter":"5","immaddr":"с. Крислово, АЛЕКСАНДЪР СТАМБОЛИЙСКИ №2-б","area":643.16771701069,"cadreg":501,"pnum":"331"}},{"type":"Feature","geometry":{"type":"Polygon","coordinates":[[[24.795826,42.245326],[24.795611,42.245372],[24.795688,42.245595],[24.795917,42.245539],[24.795826,42.245326]]]},"properties":{"cadnum":"39918.501.332","purptype":"Урбанизирана","usetype":"Ниско застрояване (до 10 m)","proptype":"Частна","quarter":"5","immaddr":"с. Крислово, ПОБЕДА №50-б","area":483.59353499985,"cadreg":501,"pnum":"332"}},{"type":"Feature","geometry":{"type":"Polygon","coordinates":[[[24.796138,42.245485],[24.796066,42.245275],[24.795826,42.245326],[24.795917,42.245539],[24.796138,42.245485]]]},"properties":{"cadnum":"39918.501.333","purptype":"Урбанизирана","usetype":"Ниско застрояване (до 10 m)","proptype":"Частна","quarter":"5","immaddr":"с. Крислово, ПОБЕДА №50-а","area":481.46243950552,"cadreg":501,"pnum":"333"}},{"type":"Feature","geometry":{"type":"Polygon","coordinates":[[[24.796217,42.244737],[24.796371,42.245111],[24.796667,42.245044],[24.796512,42.244669],[24.796217,42.244737]]]},"properties":{"cadnum":"39918.501.334","purptype":"Урбанизирана","usetype":"Ниско застрояване (до 10 m)","proptype":"Частна","quarter":"6","immaddr":"с. Крислово, ул. \"Иван Вазов\" №2","area":1104.2543919994,"cadreg":501,"pnum":"334"}},{"type":"Feature","geometry":{"type":"Polygon","coordinates":[[[24.796512,42.244669],[24.796667,42.245044],[24.796795,42.245015],[24.796694,42.244636],[24.796512,42.244669]]]},"properties":{"cadnum":"39918.501.335","purptype":"Урбанизирана","usetype":"Ниско застрояване (до 10 m)","proptype":"Частна","quarter":"6","immaddr":"с. Крислово, ул. \"Иван Вазов\" №2-В","area":570.03390550015,"cadreg":501,"pnum":"335"}},{"type":"Feature","geometry":{"type":"Polygon","coordinates":[[[24.799068,42.243612],[24.799285,42.243635],[24.799145,42.243025],[24.798885,42.243073],[24.799068,42.243612]]]},"properties":{"cadnum":"39918.501.336","purptype":"Урбанизирана","usetype":"Ниско застрояване (до 10 m)","proptype":"Частна","quarter":"8","immaddr":"с. Крислово, РАЙКО ДАСКАЛОВ №10","area":1280.0385259959,"cadreg":501,"pnum":"336"}},{"type":"Feature","geometry":{"type":"Polygon","coordinates":[[[24.799681,42.243575],[24.799667,42.243673],[24.799852,42.243691],[24.799902,42.243693],[24.800234,42.243627],[24.800186,42.243485],[24.799681,42.243575]]]},"properties":{"cadnum":"39918.501.337","purptype":"Урбанизирана","usetype":"Ниско застрояване (до 10 m)","proptype":"Частна","quarter":"8","immaddr":"с. Крислово, ул. \"Райко Даскалов\" №14","area":701.15279900198,"cadreg":501,"pnum":"337"}},{"type":"Feature","geometry":{"type":"Polygon","coordinates":[[[24.798885,42.243073],[24.799395,42.242979],[24.799342,42.242811],[24.799926,42.242697],[24.799914,42.242659],[24.798838,42.242879],[24.798885,42.243073]]]},"properties":{"cadnum":"39918.501.338","purptype":"Урбанизирана","usetype":"Ниско застрояване (до 10 m)","proptype":"Частна","quarter":"8","immaddr":"с. Крислово, IX септември №20-б","area":1159.6234385105,"cadreg":501,"pnum":"338"}},{"type":"Feature","geometry":{"type":"Polygon","coordinates":[[[24.799864,42.242512],[24.799809,42.242337],[24.798756,42.242552],[24.798451,42.2426],[24.798508,42.242774],[24.799864,42.242512]]]},"properties":{"cadnum":"39918.501.339","purptype":"Урбанизирана","usetype":"Ниско застрояване (до 10 m)","proptype":"Частна","immaddr":"с. Крислово, IX септември №22-а","area":2226.4896244837,"cadreg":501,"pnum":"339"}},{"type":"Feature","geometry":{"type":"Polygon","coordinates":[[[24.796509,42.24311],[24.796338,42.243086],[24.796311,42.243198],[24.796644,42.243468],[24.796808,42.243353],[24.796767,42.243092],[24.796509,42.24311]]]},"properties":{"cadnum":"39918.501.340","purptype":"Урбанизирана","usetype":"Ниско застрояване (до 10 m)","proptype":"Частна","quarter":"10","immaddr":"с. Крислово, ДИМИТЪР КРИВЧЕВ №23","area":1122.7276214984,"cadreg":501,"pnum":"340"}},{"type":"Feature","geometry":{"type":"Polygon","coordinates":[[[24.795867,42.243785],[24.795522,42.243741],[24.795466,42.243982],[24.795624,42.243989],[24.795745,42.244095],[24.796018,42.243905],[24.795867,42.243785]]]},"properties":{"cadnum":"39918.501.341","purptype":"Урбанизирана","usetype":"Ниско застрояване (до 10 m)","proptype":"Частна","quarter":"10","immaddr":"с. Крислово, Лиляна Димитрова №2","area":1064.7632270142,"cadreg":501,"pnum":"341"}},{"type":"Feature","geometry":{"type":"Polygon","coordinates":[[[24.795468,42.244284],[24.795745,42.244095],[24.795624,42.243989],[24.795397,42.243979],[24.795468,42.244284]]]},"properties":{"cadnum":"39918.501.342","purptype":"Урбанизирана","usetype":"Ниско застрояване (до 10 m)","proptype":"Частна","quarter":"10","immaddr":"с. Крислово, Георги Димитров №44-а","area":554.92770900372,"cadreg":501,"pnum":"342"}},{"type":"Feature","geometry":{"type":"Polygon","coordinates":[[[24.795215,42.243448],[24.795976,42.24357],[24.796027,42.243392],[24.795259,42.243282],[24.795215,42.243448]]]},"properties":{"cadnum":"39918.501.343","purptype":"Урбанизирана","usetype":"Ниско застрояване (до 10 m)","proptype":"Частна","quarter":"10","immaddr":"с. Крислово, Георги Димитров №40","area":1261.0595495305,"cadreg":501,"pnum":"343"}},{"type":"Feature","geometry":{"type":"Polygon","coordinates":[[[24.796069,42.243235],[24.796114,42.243055],[24.795356,42.242945],[24.795308,42.243115],[24.796069,42.243235]]]},"properties":{"cadnum":"39918.501.344","purptype":"Урбанизирана","usetype":"Ниско застрояване (до 10 m)","proptype":"Частна","quarter":"10","immaddr":"с. Крислово, Георги Димитров №40","area":1276.933631986,"cadreg":501,"pnum":"344"}},{"type":"Feature","geometry":{"type":"Polygon","coordinates":[[[24.796146,42.242527],[24.79547,42.242519],[24.795433,42.24266],[24.796175,42.242728],[24.796146,42.242527]]]},"properties":{"cadnum":"39918.501.345","purptype":"Урбанизирана","usetype":"Ниско застрояване (до 10 m)","proptype":"Частна","quarter":"10","immaddr":"с. Крислово, ул. ГЕОРГИ ДИМИТРОВ №38-б","area":1111.537146969,"cadreg":501,"pnum":"345"}},{"type":"Feature","geometry":{"type":"Polygon","coordinates":[[[24.796579,42.241837],[24.796245,42.241865],[24.796294,42.242172],[24.796624,42.242145],[24.796579,42.241837]]]},"properties":{"cadnum":"39918.501.346","purptype":"Урбанизирана","usetype":"Ниско застрояване (до 10 m)","proptype":"Частна","quarter":"12","immaddr":"с. Крислово, ул. \"Комсомолска\" №4","area":948.3924630065,"cadreg":501,"pnum":"346"}},{"type":"Feature","geometry":{"type":"Polygon","coordinates":[[[24.796555,42.24168],[24.795862,42.241736],[24.795893,42.241896],[24.796579,42.241837],[24.796555,42.24168]]]},"properties":{"cadnum":"39918.501.347","purptype":"Урбанизирана","usetype":"Ниско застрояване (до 10 m)","proptype":"Частна","quarter":"12","immaddr":"с. Крислово, ДИМИТЪР КРИВЧЕВ №15","area":1014.9632789811,"cadreg":501,"pnum":"347"}},{"type":"Feature","geometry":{"type":"Polygon","coordinates":[[[24.795862,42.241736],[24.796555,42.24168],[24.796534,42.241535],[24.795667,42.241598],[24.795686,42.241741],[24.79586,42.241723],[24.795862,42.241736]]]},"properties":{"cadnum":"39918.501.348","purptype":"Урбанизирана","usetype":"Ниско застрояване (до 10 m)","proptype":"Частна","quarter":"12","immaddr":"с. Крислово, ул. \"Димитър Кривчев\" №13","area":1160.9531685002,"cadreg":501,"pnum":"348"}},{"type":"Feature","geometry":{"type":"Polygon","coordinates":[[[24.796509,42.241368],[24.796483,42.241197],[24.796134,42.241229],[24.795623,42.241256],[24.795646,42.241431],[24.796509,42.241368]]]},"properties":{"cadnum":"39918.501.349","purptype":"Урбанизирана","usetype":"Ниско застрояване (до 10 m)","proptype":"Частна","quarter":"12","immaddr":"с. Крислово, ДИМИТЪР КРИВЧЕВ №9","area":1352.381483997,"cadreg":501,"pnum":"349"}},{"type":"Feature","geometry":{"type":"Polygon","coordinates":[[[24.795141,42.241028],[24.795104,42.240805],[24.794664,42.240844],[24.794695,42.240972],[24.794776,42.241107],[24.795141,42.241028]]]},"properties":{"cadnum":"39918.501.350","purptype":"Урбанизирана","usetype":"Ниско застрояване (до 10 m)","proptype":"Частна","quarter":"12","immaddr":"с. Крислово, ВАСИЛ КОЛАРОВ №1","area":969.47815398051,"cadreg":501,"pnum":"350"}},{"type":"Feature","geometry":{"type":"Polygon","coordinates":[[[24.793143,42.24108],[24.793431,42.241059],[24.793402,42.240769],[24.79313,42.240794],[24.793115,42.240804],[24.793143,42.24108]]]},"properties":{"cadnum":"39918.501.353","purptype":"Урбанизирана","usetype":"Ниско застрояване (до 10 m)","proptype":"Частна","quarter":"13","immaddr":"с. Крислово, СТАРА ПЛАНИНА №6-а","area":764.67007749778,"cadreg":501,"pnum":"353"}},{"type":"Feature","geometry":{"type":"Polygon","coordinates":[[[24.791497,42.241716],[24.792225,42.24163],[24.792192,42.241381],[24.791637,42.241438],[24.791444,42.241466],[24.791497,42.241716]]]},"properties":{"cadnum":"39918.501.354","purptype":"Урбанизирана","usetype":"Ниско застрояване (до 10 m)","proptype":"Частна","quarter":"14","immaddr":"с. Крислово, ИГЛИКА №8","area":1743.1308870039,"cadreg":501,"pnum":"354"}},{"type":"Feature","geometry":{"type":"Polygon","coordinates":[[[24.787778,42.241001],[24.787707,42.240835],[24.7871,42.240954],[24.787175,42.24114],[24.787778,42.241001]]]},"properties":{"cadnum":"39918.501.355","purptype":"Урбанизирана","usetype":"Ниско застрояване (до 10 m)","proptype":"Частна","quarter":"22","immaddr":"с. Крислово, МИТКО ПАЛАУЗОВ №4-а","area":1065.6334219869,"cadreg":501,"pnum":"355"}},{"type":"Feature","geometry":{"type":"Polygon","coordinates":[[[24.787652,42.240711],[24.787047,42.240822],[24.7871,42.240954],[24.787707,42.240835],[24.787652,42.240711]]]},"properties":{"cadnum":"39918.501.356","purptype":"Урбанизирана","usetype":"Ниско застрояване (до 10 m)","proptype":"Частна","quarter":"22","immaddr":"с. Крислово, МИТКО ПАЛАУЗОВ №2-а","area":766.31297601446,"cadreg":501,"pnum":"356"}},{"type":"Feature","geometry":{"type":"Polygon","coordinates":[[[24.787289,42.24038],[24.787188,42.240071],[24.786766,42.240147],[24.786899,42.240467],[24.787289,42.24038]]]},"properties":{"cadnum":"39918.501.357","purptype":"Урбанизирана","usetype":"Ниско застрояване (до 10 m)","proptype":"Частна","quarter":"22","immaddr":"с. Крислово, ХРИСТО БОТЕВ №26","area":1257.6324685192,"cadreg":501,"pnum":"357"}},{"type":"Feature","geometry":{"type":"Polygon","coordinates":[[[24.790447,42.24104],[24.790255,42.240557],[24.790022,42.240624],[24.790221,42.241092],[24.790447,42.24104]]]},"properties":{"cadnum":"39918.501.358","purptype":"Урбанизирана","usetype":"Ниско застрояване (до 10 m)","proptype":"Частна","quarter":"21","immaddr":"с. Крислово, ГРАФ ИГНАТИЕВ №7","area":1107.9551435075,"cadreg":501,"pnum":"358"}},{"type":"Feature","geometry":{"type":"Polygon","coordinates":[[[24.790937,42.239409],[24.79044,42.239497],[24.790411,42.239523],[24.790664,42.239907],[24.79106,42.239768],[24.791002,42.239689],[24.790937,42.239409]]]},"properties":{"cadnum":"39918.501.359","purptype":"Урбанизирана","usetype":"Ниско застрояване (до 10 m)","proptype":"Частна","quarter":"20","immaddr":"с. Крислово, ХРИСТО БОТЕВ №2","area":1785.456162992,"cadreg":501,"pnum":"359"}},{"type":"Feature","geometry":{"type":"Polygon","coordinates":[[[24.791002,42.239689],[24.79106,42.239768],[24.791179,42.239727],[24.791474,42.239457],[24.791292,42.239347],[24.790937,42.239409],[24.791002,42.239689]]]},"properties":{"cadnum":"39918.501.360","purptype":"Урбанизирана","usetype":"Ниско застрояване (до 10 m)","proptype":"Частна","quarter":"20","immaddr":"с. Крислово, ул. \"Георги Димтиров\" №11-А","area":1230.3603829954,"cadreg":501,"pnum":"360"}},{"type":"Feature","geometry":{"type":"Polygon","coordinates":[[[24.788519,42.239013],[24.788152,42.239077],[24.788245,42.239369],[24.788617,42.239309],[24.788519,42.239013]]]},"properties":{"cadnum":"39918.501.361","purptype":"Урбанизирана","usetype":"Ниско застрояване (до 10 m)","proptype":"Частна","quarter":"30","immaddr":"с. Крислово, ул. \"Васил Левски\" №1","area":1048.8618904924,"cadreg":501,"pnum":"361"}},{"type":"Feature","geometry":{"type":"Polygon","coordinates":[[[24.788422,42.238731],[24.78806,42.23879],[24.788152,42.239077],[24.788519,42.239013],[24.788422,42.238731]]]},"properties":{"cadnum":"39918.501.362","purptype":"Урбанизирана","usetype":"Ниско застрояване (до 10 m)","proptype":"Частна","quarter":"30","immaddr":"с. Крислово, ул. Васил Левски №1-а","area":1004.9961059965,"cadreg":501,"pnum":"362"}},{"type":"Feature","geometry":{"type":"Polygon","coordinates":[[[24.788672,42.239076],[24.789278,42.238975],[24.789228,42.23881],[24.788614,42.238909],[24.788672,42.239076]]]},"properties":{"cadnum":"39918.501.364","purptype":"Урбанизирана","usetype":"Ниско застрояване (до 10 m)","proptype":"Частна","quarter":"23","immaddr":"с. Крислово, ул. \"Васил Левски\" №6","area":975.23337349872,"cadreg":501,"pnum":"364"}},{"type":"Feature","geometry":{"type":"Polygon","coordinates":[[[24.788614,42.238909],[24.789228,42.23881],[24.789167,42.238652],[24.788564,42.238763],[24.788614,42.238909]]]},"properties":{"cadnum":"39918.501.365","purptype":"Урбанизирана","usetype":"Ниско застрояване (до 10 m)","proptype":"Частна","quarter":"23","immaddr":"с. Крислово, ВАСИЛ ЛЕВСКИ №4","area":901.46588199682,"cadreg":501,"pnum":"365"}},{"type":"Feature","geometry":{"type":"Polygon","coordinates":[[[24.789495,42.238737],[24.789729,42.239493],[24.790264,42.239399],[24.790203,42.239204],[24.790221,42.239197],[24.789695,42.238699],[24.789495,42.238737]]]},"properties":{"cadnum":"39918.501.366","purptype":"Урбанизирана","usetype":"Ниско застрояване (до 10 m)","proptype":"Частна","quarter":"23","immaddr":"с. Крислово, ХРИСТО БОТЕВ №3-а","area":3055.9131024967,"cadreg":501,"pnum":"366"}},{"type":"Feature","geometry":{"type":"Polygon","coordinates":[[[24.792768,42.240109],[24.792964,42.239984],[24.793178,42.239909],[24.793043,42.239695],[24.792932,42.239754],[24.792586,42.239975],[24.792768,42.240109]]]},"properties":{"cadnum":"39918.501.367","purptype":"Урбанизирана","usetype":"Ниско застрояване (до 10 m)","proptype":"Частна","quarter":"19","immaddr":"с. Крислово, Георги Димитров №24-a","area":1004.4479154974,"cadreg":501,"pnum":"367"}},{"type":"Feature","geometry":{"type":"Polygon","coordinates":[[[24.792703,42.239256],[24.792503,42.239129],[24.792255,42.239356],[24.792448,42.239474],[24.792703,42.239256]]]},"properties":{"cadnum":"39918.501.368","purptype":"Урбанизирана","usetype":"Ниско застрояване (до 10 m)","proptype":"Частна","quarter":"19","immaddr":"с. Крислово, ул. ЮРИЙ ГАГАРИН №1-a","area":683.67106049778,"cadreg":501,"pnum":"368"}},{"type":"Feature","geometry":{"type":"Polygon","coordinates":[[[24.7927,42.238949],[24.792503,42.239129],[24.793015,42.239445],[24.793225,42.239261],[24.7927,42.238949]]]},"properties":{"cadnum":"39918.501.369","purptype":"Урбанизирана","usetype":"Ниско застрояване (до 10 m)","proptype":"Частна","quarter":"19","immaddr":"с. Крислово, ул. ЮРИЙ ГАГАРИН №3","area":1459.5144484996,"cadreg":501,"pnum":"369"}},{"type":"Feature","geometry":{"type":"Polygon","coordinates":[[[24.79246,42.23852],[24.792159,42.238798],[24.792517,42.239003],[24.792814,42.238733],[24.79246,42.23852]]]},"properties":{"cadnum":"39918.501.370","purptype":"Урбанизирана","usetype":"Ниско застрояване (до 10 m)","proptype":"Частна","quarter":"24","immaddr":"с. Крислово, ул. ЮРИЙ ГАГАРИН №2-А","area":1473.4764034951,"cadreg":501,"pnum":"370"}},{"type":"Feature","geometry":{"type":"Polygon","coordinates":[[[24.791113,42.238718],[24.791235,42.238608],[24.790856,42.238348],[24.790733,42.238454],[24.791113,42.238718]]]},"properties":{"cadnum":"39918.501.371","purptype":"Урбанизирана","usetype":"Ниско застрояване (до 10 m)","proptype":"Частна","quarter":"25","immaddr":"с. Крислово, ул. Георги Димитров №12-а","area":671.57972749435,"cadreg":501,"pnum":"371"}},{"type":"Feature","geometry":{"type":"Polygon","coordinates":[[[24.791892,42.238014],[24.792037,42.237884],[24.791778,42.237666],[24.791838,42.237627],[24.79161,42.237499],[24.791499,42.237396],[24.791219,42.23756],[24.791892,42.238014]]]},"properties":{"cadnum":"39918.501.372","purptype":"Урбанизирана","usetype":"Ниско застрояване (до 10 m)","proptype":"Частна","quarter":"25","immaddr":"с. Крислово, СТЕФАН КАРАДЖА №8-а","area":1772.456566494,"cadreg":501,"pnum":"372"}},{"type":"Feature","geometry":{"type":"Polygon","coordinates":[[[24.791046,42.237781],[24.790893,42.237662],[24.790336,42.238187],[24.789999,42.238345],[24.790034,42.238397],[24.790174,42.23851],[24.79021,42.238476],[24.79065,42.238221],[24.790616,42.238198],[24.790833,42.237999],[24.791046,42.237781]]]},"properties":{"cadnum":"39918.501.373","purptype":"Урбанизирана","usetype":"Ниско застрояване (до 10 m)","proptype":"Частна","quarter":"25","immaddr":"с. Крислово, Георги Димитров №8-а","area":2137.4832080161,"cadreg":501,"pnum":"373"}},{"type":"Feature","geometry":{"type":"Polygon","coordinates":[[[24.796845,42.23973],[24.796938,42.240012],[24.797099,42.239987],[24.796995,42.239689],[24.796845,42.23973]]]},"properties":{"cadnum":"39918.501.374","purptype":"Урбанизирана","usetype":"Ниско застрояване (до 10 m)","proptype":"Частна","quarter":"16","immaddr":"с. Крислово, НЕДЮ ДОНЧЕВ №5-а","area":443.48846450237,"cadreg":501,"pnum":"374"}},{"type":"Feature","geometry":{"type":"Polygon","coordinates":[[[24.796328,42.245421],[24.796405,42.245601],[24.796602,42.24555],[24.796468,42.245184],[24.796265,42.245229],[24.796328,42.245421]]]},"properties":{"cadnum":"39918.501.375","purptype":"Урбанизирана","usetype":"Ниско застрояване (до 10 m)","proptype":"Частна","quarter":"5","immaddr":"с. Крислово, Иван Вазов №3","area":750.61655550096,"cadreg":501,"pnum":"375"}},{"type":"Feature","geometry":{"type":"Polygon","coordinates":[[[24.791219,42.23756],[24.791499,42.237396],[24.791023,42.236963],[24.790703,42.237089],[24.791219,42.23756]]]},"properties":{"cadnum":"39918.501.376","purptype":"Урбанизирана","usetype":"Ниско застрояване (до 10 m)","proptype":"Частна","quarter":"25","immaddr":"с. Крислово, РОДОПИ №1","area":1899.63537601,"cadreg":501,"pnum":"376"}},{"type":"Feature","geometry":{"type":"Polygon","coordinates":[[[24.790384,42.237214],[24.790741,42.237546],[24.790961,42.237716],[24.791219,42.23756],[24.790703,42.237089],[24.790384,42.237214]]]},"properties":{"cadnum":"39918.501.377","purptype":"Урбанизирана","usetype":"Ниско застрояване (до 10 m)","proptype":"Частна","quarter":"25","immaddr":"с. Крислово, РОДОПИ №1-а","area":2050.8467914975,"cadreg":501,"pnum":"377"}},{"type":"Feature","geometry":{"type":"Polygon","coordinates":[[[24.796878,42.237436],[24.798034,42.237275],[24.798086,42.237515],[24.798116,42.237063],[24.798083,42.237039],[24.797087,42.237021],[24.79704,42.237032],[24.797007,42.237048],[24.796824,42.237204],[24.796878,42.237436]]]},"properties":{"cadnum":"39918.501.378","purptype":"Урбанизирана","usetype":"Ниско застрояване (до 10 m)","proptype":"Общинска частна","immaddr":"с. Крислово, Лиляна Димитрова","area":3667.250267033,"cadreg":501,"pnum":"378"}},{"type":"Feature","geometry":{"type":"Polygon","coordinates":[[[24.796894,42.237939],[24.796764,42.237399],[24.79661,42.237383],[24.795895,42.238004],[24.795915,42.238076],[24.796894,42.237939]]]},"properties":{"cadnum":"39918.501.379","purptype":"Урбанизирана","usetype":"Ниско застрояване (до 10 m)","proptype":"Общинска частна","immaddr":"с. Крислово, ЙОРДАНКА НИКОЛОВА","area":3339.5645180062,"cadreg":501,"pnum":"379"}},{"type":"Feature","geometry":{"type":"Polygon","coordinates":[[[24.795395,42.238089],[24.795147,42.237934],[24.7949,42.238154],[24.79515,42.238306],[24.795395,42.238089]]]},"properties":{"cadnum":"39918.501.380","purptype":"Урбанизирана","usetype":"Ниско застрояване (до 10 m)","proptype":"Частна","quarter":"28","immaddr":"с. Крислово, ЙОРДАНКА НИКОЛОВА №16","area":844.21241098988,"cadreg":501,"pnum":"380"}},{"type":"Feature","geometry":{"type":"Polygon","coordinates":[[[24.795277,42.237818],[24.79509,42.237706],[24.794716,42.238043],[24.7949,42.238154],[24.795277,42.237818]]]},"properties":{"cadnum":"39918.501.381","purptype":"Урбанизирана","usetype":"Ниско застрояване (до 10 m)","proptype":"Частна","quarter":"28","immaddr":"с. Крислово, ХРИСТО СМИРНЕНСКИ №18","area":954.28219899494,"cadreg":501,"pnum":"381"}},{"type":"Feature","geometry":{"type":"Polygon","coordinates":[[[24.794716,42.238043],[24.79509,42.237706],[24.794902,42.237594],[24.794528,42.23793],[24.794716,42.238043]]]},"properties":{"cadnum":"39918.501.384","purptype":"Урбанизирана","usetype":"Ниско застрояване (до 10 m)","proptype":"Частна","quarter":"28","immaddr":"с. Крислово, ХРИСТО СМИРНЕНСКИ №16","area":966.83504849072,"cadreg":501,"pnum":"384"}},{"type":"Feature","geometry":{"type":"Polygon","coordinates":[[[24.794528,42.23793],[24.794902,42.237594],[24.794727,42.23749],[24.794346,42.23782],[24.794528,42.23793]]]},"properties":{"cadnum":"39918.501.386","purptype":"Урбанизирана","usetype":"Ниско застрояване (до 10 m)","proptype":"Частна","quarter":"28","immaddr":"с. Крислово, ХРИСТО СМИРНЕНСКИ №14","area":914.99544700536,"cadreg":501,"pnum":"386"}},{"type":"Feature","geometry":{"type":"Polygon","coordinates":[[[24.795249,42.237283],[24.794902,42.237594],[24.79509,42.237706],[24.795434,42.237395],[24.795249,42.237283]]]},"properties":{"cadnum":"39918.501.387","purptype":"Урбанизирана","usetype":"Ниско застрояване (до 10 m)","proptype":"Общинска частна","quarter":"28","immaddr":"с. Крислово, СОКОЛ №15","area":884.65922700004,"cadreg":501,"pnum":"387"}},{"type":"Feature","geometry":{"type":"Polygon","coordinates":[[[24.794346,42.23782],[24.794727,42.23749],[24.794557,42.237388],[24.794181,42.23772],[24.794346,42.23782]]]},"properties":{"cadnum":"39918.501.388","purptype":"Урбанизирана","usetype":"Ниско застрояване (до 10 m)","proptype":"Частна","quarter":"28","immaddr":"с. Крислово, ХРИСТО СМИРНЕНСКИ №12","area":859.616614501,"cadreg":501,"pnum":"388"}},{"type":"Feature","geometry":{"type":"Polygon","coordinates":[[[24.795081,42.237182],[24.794727,42.23749],[24.794902,42.237594],[24.795249,42.237283],[24.795081,42.237182]]]},"properties":{"cadnum":"39918.501.389","purptype":"Урбанизирана","usetype":"Ниско застрояване (до 10 m)","proptype":"Частна","quarter":"28","immaddr":"с. Крислово, СОКОЛ №13","area":818.39308949238,"cadreg":501,"pnum":"389"}},{"type":"Feature","geometry":{"type":"Polygon","coordinates":[[[24.794181,42.23772],[24.794557,42.237388],[24.794366,42.237275],[24.793993,42.237607],[24.794181,42.23772]]]},"properties":{"cadnum":"39918.501.390","purptype":"Урбанизирана","usetype":"Ниско застрояване (до 10 m)","proptype":"Частна","quarter":"28","immaddr":"с. Крислово, ХРИСТО СМИРНЕНСКИ №10","area":962.84449898811,"cadreg":501,"pnum":"390"}},{"type":"Feature","geometry":{"type":"Polygon","coordinates":[[[24.794908,42.237076],[24.794557,42.237388],[24.794727,42.23749],[24.795081,42.237182],[24.794908,42.237076]]]},"properties":{"cadnum":"39918.501.391","purptype":"Урбанизирана","usetype":"Ниско застрояване (до 10 m)","proptype":"Частна","quarter":"28","immaddr":"с. Крислово, ул. \"Сокол\" №11","area":822.31202051481,"cadreg":501,"pnum":"391"}},{"type":"Feature","geometry":{"type":"Polygon","coordinates":[[[24.793993,42.237607],[24.794366,42.237275],[24.794188,42.237169],[24.793816,42.2375],[24.793993,42.237607]]]},"properties":{"cadnum":"39918.501.392","purptype":"Урбанизирана","usetype":"Ниско застрояване (до 10 m)","proptype":"Частна","quarter":"28","immaddr":"с. Крислово, ХРИСТО СМИРНЕНСКИ №8","area":902.41173749351,"cadreg":501,"pnum":"392"}},{"type":"Feature","geometry":{"type":"Polygon","coordinates":[[[24.794719,42.236962],[24.794366,42.237275],[24.794557,42.237388],[24.794908,42.237076],[24.794719,42.236962]]]},"properties":{"cadnum":"39918.501.393","purptype":"Урбанизирана","usetype":"Ниско застрояване (до 10 m)","proptype":"Частна","quarter":"28","immaddr":"с. Крислово, СОКОЛ №9","area":909.3763504982,"cadreg":501,"pnum":"393"}},{"type":"Feature","geometry":{"type":"Polygon","coordinates":[[[24.793816,42.2375],[24.794188,42.237169],[24.794006,42.237062],[24.793635,42.23739],[24.793816,42.2375]]]},"properties":{"cadnum":"39918.501.394","purptype":"Урбанизирана","usetype":"Ниско застрояване (до 10 m)","proptype":"Частна","quarter":"28","immaddr":"с. Крислово, ул. \"Христо Смирненски\" №6","area":916.79889399495,"cadreg":501,"pnum":"394"}},{"type":"Feature","geometry":{"type":"Polygon","coordinates":[[[24.794541,42.236855],[24.794188,42.237169],[24.794366,42.237275],[24.794719,42.236962],[24.794541,42.236855]]]},"properties":{"cadnum":"39918.501.395","purptype":"Урбанизирана","usetype":"Ниско застрояване (до 10 m)","proptype":"Частна","quarter":"28","immaddr":"с. Крислово, СОКОЛ №7","area":857.04788400367,"cadreg":501,"pnum":"395"}},{"type":"Feature","geometry":{"type":"Polygon","coordinates":[[[24.793635,42.23739],[24.794006,42.237062],[24.793825,42.236954],[24.793458,42.237283],[24.793635,42.23739]]]},"properties":{"cadnum":"39918.501.396","purptype":"Урбанизирана","usetype":"Ниско застрояване (до 10 m)","proptype":"Частна","quarter":"28","immaddr":"с. Крислово, ХРИСТО СМИРНЕНСКИ №4","area":901.46411749785,"cadreg":501,"pnum":"396"}},{"type":"Feature","geometry":{"type":"Polygon","coordinates":[[[24.794188,42.237169],[24.794541,42.236855],[24.794362,42.236746],[24.794006,42.237062],[24.794188,42.237169]]]},"properties":{"cadnum":"39918.501.397","purptype":"Урбанизирана","usetype":"Ниско застрояване (до 10 m)","proptype":"Частна","quarter":"28","immaddr":"с. Крислово, СОКОЛ №5","area":873.60920600088,"cadreg":501,"pnum":"397"}},{"type":"Feature","geometry":{"type":"Polygon","coordinates":[[[24.793458,42.237283],[24.793825,42.236954],[24.793642,42.236846],[24.793277,42.237174],[24.793458,42.237283]]]},"properties":{"cadnum":"39918.501.398","purptype":"Урбанизирана","usetype":"Ниско застрояване (до 10 m)","proptype":"Частна","quarter":"28","immaddr":"с. Крислово, ХРИСТО СМИРНЕНСКИ №2","area":915.90752950317,"cadreg":501,"pnum":"398"}},{"type":"Feature","geometry":{"type":"Polygon","coordinates":[[[24.793996,42.236525],[24.793642,42.236846],[24.793825,42.236954],[24.79418,42.236636],[24.793996,42.236525]]]},"properties":{"cadnum":"39918.501.399","purptype":"Урбанизирана","usetype":"Ниско застрояване (до 10 m)","proptype":"Частна","quarter":"28","immaddr":"с. Крислово, ул. Сокол №1","area":896.34757050666,"cadreg":501,"pnum":"399"}},{"type":"Feature","geometry":{"type":"Polygon","coordinates":[[[24.789416,42.23749],[24.789137,42.237105],[24.788921,42.237071],[24.789354,42.237663],[24.789418,42.237771],[24.789688,42.238169],[24.789917,42.238483],[24.789963,42.238527],[24.790162,42.238661],[24.790377,42.238786],[24.79083,42.23907],[24.792411,42.240024],[24.793416,42.240775],[24.793646,42.240931],[24.793716,42.240928],[24.793833,42.240774],[24.793736,42.240781],[24.793632,42.240145],[24.793693,42.239985],[24.793641,42.239886],[24.792923,42.240224],[24.792527,42.239932],[24.790162,42.238504],[24.790034,42.238397],[24.789416,42.23749]],[[24.793603,42.240726],[24.792958,42.240242],[24.793552,42.239952],[24.793674,42.2407],[24.793603,42.240726]]]},"properties":{"cadnum":"39918.501.400","purptype":"Урбанизирана","usetype":"За второстепенна улица","proptype":"Общинска публична","immaddr":"с. Крислово, Георги Димитров","area":8930.0031240629,"cadreg":501,"pnum":"400"}},{"type":"Feature","geometry":{"type":"Polygon","coordinates":[[[24.787325,42.241755],[24.78742,42.241739],[24.786779,42.24018],[24.786723,42.240023],[24.786618,42.240042],[24.787325,42.241755]]]},"properties":{"cadnum":"39918.501.401","purptype":"Урбанизирана","usetype":"За второстепенна улица","proptype":"Общинска публична","immaddr":"с. Крислово, МИТКО ПАЛАУЗОВ","area":1649.5167764974,"cadreg":501,"pnum":"401"}},{"type":"Feature","geometry":{"type":"Polygon","coordinates":[[[24.788422,42.238346],[24.789389,42.237788],[24.789434,42.237796],[24.789354,42.237663],[24.789336,42.237673],[24.789342,42.237697],[24.788283,42.238305],[24.788736,42.239669],[24.788954,42.240183],[24.789392,42.241278],[24.789508,42.241253],[24.788855,42.239648],[24.788738,42.239269],[24.788422,42.238346]]]},"properties":{"cadnum":"39918.501.402","purptype":"Урбанизирана","usetype":"За второстепенна улица","proptype":"Общинска публична","immaddr":"с. Крислово, ВАСИЛ ЛЕВСКИ","area":4572.7769034793,"cadreg":501,"pnum":"402"}},{"type":"Feature","geometry":{"type":"Polygon","coordinates":[[[24.79128,42.240851],[24.790411,42.239523],[24.79044,42.239497],[24.790305,42.239521],[24.791184,42.24087],[24.791222,42.240992],[24.791432,42.241978],[24.791553,42.241965],[24.791343,42.240971],[24.79128,42.240851]]]},"properties":{"cadnum":"39918.501.403","purptype":"Урбанизирана","usetype":"За второстепенна улица","proptype":"Общинска публична","immaddr":"с. Крислово, ИГЛИКА","area":2554.7802749912,"cadreg":501,"pnum":"403"}},{"type":"Feature","geometry":{"type":"Polygon","coordinates":[[[24.793115,42.240804],[24.79313,42.240794],[24.792986,42.24081],[24.792999,42.240817],[24.793094,42.241813],[24.793213,42.241802],[24.793115,42.240804]]]},"properties":{"cadnum":"39918.501.404","purptype":"Урбанизирана","usetype":"За второстепенна улица","proptype":"Общинска публична","immaddr":"с. Крислово, СТАРА ПЛАНИНА","area":1110.2469385023,"cadreg":501,"pnum":"404"}},{"type":"Feature","geometry":{"type":"Polygon","coordinates":[[[24.787375,42.241876],[24.791222,42.240992],[24.791184,42.24087],[24.788249,42.241545],[24.787864,42.241625],[24.787868,42.241635],[24.78742,42.241739],[24.787325,42.241755],[24.787375,42.241876]]]},"properties":{"cadnum":"39918.501.405","purptype":"Урбанизирана","usetype":"За второстепенна улица","proptype":"Общинска публична","immaddr":"с. Крислово, ГРАФ ИГНАТИЕВ","area":4656.394386515,"cadreg":501,"pnum":"405"}},{"type":"Feature","geometry":{"type":"Polygon","coordinates":[[[24.797197,42.243398],[24.797503,42.243171],[24.797866,42.242806],[24.79804,42.242588],[24.79833,42.24209],[24.798196,42.242132],[24.797924,42.242549],[24.797762,42.242764],[24.797424,42.243102],[24.797023,42.243395],[24.797197,42.243398]]]},"properties":{"cadnum":"39918.501.406","purptype":"Урбанизирана","usetype":"За второстепенна улица","proptype":"Общинска публична","immaddr":"с. Крислово, Лиляна Димитрова","area":1702.3387969856,"cadreg":501,"pnum":"406"}},{"type":"Feature","geometry":{"type":"Polygon","coordinates":[[[24.794747,42.239636],[24.794384,42.239428],[24.794427,42.239865],[24.794766,42.239853],[24.794747,42.239636]]]},"properties":{"cadnum":"39918.501.407","purptype":"Урбанизирана","usetype":"Ниско застрояване (до 10 m)","proptype":"Частна","immaddr":"с. Крислово, НЕДЮ ДОНЧЕВ №2-А","area":1023.7239865036,"cadreg":501,"pnum":"407"}},{"type":"Feature","geometry":{"type":"Polygon","coordinates":[[[24.794958,42.241719],[24.794914,42.241639],[24.792903,42.24183],[24.791432,42.241978],[24.791451,42.242067],[24.794958,42.241719]]]},"properties":{"cadnum":"39918.501.408","purptype":"Урбанизирана","usetype":"За второстепенна улица","proptype":"Общинска публична","immaddr":"с. Крислово, Хаджи Димитър","area":2831.0059010031,"cadreg":501,"pnum":"408"}},{"type":"Feature","geometry":{"type":"Polygon","coordinates":[[[24.791343,42.240971],[24.793402,42.240769],[24.793416,42.240775],[24.793224,42.240633],[24.793208,42.240658],[24.79128,42.240851],[24.791343,42.240971]]]},"properties":{"cadnum":"39918.501.409","purptype":"Урбанизирана","usetype":"За второстепенна улица","proptype":"Общинска публична","immaddr":"с. Крислово, ГРАФ ИГНАТИЕВ","area":2352.954684004,"cadreg":501,"pnum":"409"}},{"type":"Feature","geometry":{"type":"Polygon","coordinates":[[[24.788736,42.239669],[24.786723,42.240023],[24.786766,42.240147],[24.788785,42.239789],[24.788736,42.239669]]]},"properties":{"cadnum":"39918.501.410","purptype":"Урбанизирана","usetype":"За второстепенна улица","proptype":"Общинска публична","immaddr":"с. Крислово, ХРИСТО БОТЕВ","area":2386.8515914877,"cadreg":501,"pnum":"410"}},{"type":"Feature","geometry":{"type":"Polygon","coordinates":[[[24.791292,42.239347],[24.791093,42.239228],[24.791086,42.239251],[24.788855,42.239648],[24.788904,42.239769],[24.791292,42.239347]]]},"properties":{"cadnum":"39918.501.411","purptype":"Урбанизирана","usetype":"За второстепенна улица","proptype":"Общинска публична","immaddr":"с. Крислово, ХРИСТО БОТЕВ","area":2802.6927290161,"cadreg":501,"pnum":"411"}},{"type":"Feature","geometry":{"type":"Polygon","coordinates":[[[24.789417,42.237492],[24.789478,42.23758],[24.789716,42.237492],[24.789709,42.237477],[24.791059,42.236949],[24.791161,42.236912],[24.791194,42.236911],[24.791218,42.236918],[24.792351,42.237595],[24.793377,42.238217],[24.793456,42.238255],[24.794479,42.238865],[24.794505,42.23889],[24.794591,42.238817],[24.793388,42.238107],[24.793114,42.237935],[24.792631,42.237665],[24.792326,42.237449],[24.791303,42.236831],[24.791261,42.236816],[24.791205,42.236809],[24.791137,42.236819],[24.789417,42.237492]]]},"properties":{"cadnum":"39918.501.412","purptype":"Урбанизирана","usetype":"За второстепенна улица","proptype":"Общинска публична","immaddr":"с. Крислово, СРЕДНА ГОРА","area":5331.9628555538,"cadreg":501,"pnum":"412"}},{"type":"Feature","geometry":{"type":"Polygon","coordinates":[[[24.792443,42.237651],[24.792351,42.237595],[24.792139,42.237799],[24.791113,42.238718],[24.790878,42.238933],[24.790972,42.238994],[24.791447,42.238553],[24.792443,42.237651]]]},"properties":{"cadnum":"39918.501.413","purptype":"Урбанизирана","usetype":"За второстепенна улица","proptype":"Общинска публична","immaddr":"с. Крислово, СТЕФАН КАРАДЖА","area":1867.2754314895,"cadreg":501,"pnum":"413"}},{"type":"Feature","geometry":{"type":"Polygon","coordinates":[[[24.791984,42.239604],[24.793456,42.238255],[24.793377,42.238217],[24.791909,42.239559],[24.791984,42.239604]]]},"properties":{"cadnum":"39918.501.414","purptype":"Урбанизирана","usetype":"За второстепенна улица","proptype":"Общинска публична","immaddr":"с. Крислово, ул. ЮРИЙ ГАГАРИН","area":1506.31667899,"cadreg":501,"pnum":"414"}},{"type":"Feature","geometry":{"type":"Polygon","coordinates":[[[24.792517,42.237583],[24.794253,42.236],[24.794149,42.235938],[24.792532,42.237421],[24.792421,42.237355],[24.792326,42.237449],[24.792517,42.237583]]]},"properties":{"cadnum":"39918.501.415","purptype":"Урбанизирана","usetype":"За второстепенна улица","proptype":"Общинска публична","immaddr":"с. Крислово, СТЕФАН КАРАДЖА","area":2564.0728170117,"cadreg":501,"pnum":"415"}},{"type":"Feature","geometry":{"type":"Polygon","coordinates":[[[24.793626,42.237468],[24.794217,42.237837],[24.795093,42.238373],[24.79515,42.238306],[24.793087,42.237059],[24.793019,42.237124],[24.793613,42.237479],[24.793626,42.237468]]]},"properties":{"cadnum":"39918.501.416","purptype":"Урбанизирана","usetype":"За второстепенна улица","proptype":"Общинска публична","immaddr":"с. Крислово, ул. ХРИСТО СМИРНЕНСКИ","area":1839.6172935323,"cadreg":501,"pnum":"416"}},{"type":"Feature","geometry":{"type":"Polygon","coordinates":[[[24.795955,42.237596],[24.793874,42.236345],[24.793804,42.236408],[24.795867,42.237657],[24.795955,42.237596]]]},"properties":{"cadnum":"39918.501.417","purptype":"Урбанизирана","usetype":"За второстепенна улица","proptype":"Общинска публична","immaddr":"с. Крислово, СОКОЛ","area":2077.9161504985,"cadreg":501,"pnum":"417"}},{"type":"Feature","geometry":{"type":"Polygon","coordinates":[[[24.796889,42.236912],[24.796794,42.236857],[24.795955,42.237596],[24.795867,42.237657],[24.79515,42.238306],[24.795093,42.238373],[24.794133,42.239226],[24.793947,42.239407],[24.793777,42.239605],[24.793669,42.239849],[24.793638,42.239883],[24.793693,42.239985],[24.79378,42.239993],[24.793847,42.239861],[24.793794,42.239847],[24.793831,42.239754],[24.793917,42.239598],[24.794034,42.239446],[24.794623,42.238914],[24.796889,42.236912]]]},"properties":{"cadnum":"39918.501.418","purptype":"Урбанизирана","usetype":"За второстепенна улица","proptype":"Общинска публична","immaddr":"с. Крислово, ЙОРДАНКА НИКОЛОВА","area":4281.5051700555,"cadreg":501,"pnum":"418"}},{"type":"Feature","geometry":{"type":"Polygon","coordinates":[[[24.793087,42.237059],[24.793277,42.237174],[24.793642,42.236846],[24.793448,42.23673],[24.793087,42.237059]]]},"properties":{"cadnum":"39918.501.419","purptype":"Урбанизирана","usetype":"Ниско застрояване (до 10 m)","proptype":"Общинска частна","quarter":"28","immaddr":"с. Крислово, СТЕФАН КАРАДЖА №13","area":959.24046899747,"cadreg":501,"pnum":"419"}},{"type":"Feature","geometry":{"type":"Polygon","coordinates":[[[24.793804,42.236408],[24.793448,42.23673],[24.793642,42.236846],[24.793996,42.236525],[24.793804,42.236408]]]},"properties":{"cadnum":"39918.501.420","purptype":"Урбанизирана","usetype":"Ниско застрояване (до 10 m)","proptype":"Частна","quarter":"28","immaddr":"с. Крислово, ул. \"Стефан Караджа\" №15","area":947.58405800228,"cadreg":501,"pnum":"420"}},{"type":"Feature","geometry":{"type":"Polygon","coordinates":[[[24.794253,42.236],[24.793874,42.236345],[24.794067,42.236461],[24.794444,42.236115],[24.794253,42.236]]]},"properties":{"cadnum":"39918.501.421","purptype":"Урбанизирана","usetype":"Ниско застрояване (до 10 m)","proptype":"Частна","quarter":"29","immaddr":"с. Крислово, СТЕФАН КАРАДЖА №17","area":1008.3574350017,"cadreg":501,"pnum":"421"}},{"type":"Feature","geometry":{"type":"Polygon","coordinates":[[[24.794631,42.236226],[24.794444,42.236115],[24.794067,42.236461],[24.794254,42.236573],[24.794631,42.236226]]]},"properties":{"cadnum":"39918.501.422","purptype":"Урбанизирана","usetype":"Ниско застрояване (до 10 m)","proptype":"Частна","quarter":"29","immaddr":"с. Крислово, ул. \"Сокол\" №2","area":980.44450148479,"cadreg":501,"pnum":"422"}},{"type":"Feature","geometry":{"type":"Polygon","coordinates":[[[24.794631,42.236226],[24.794254,42.236573],[24.794435,42.236682],[24.794819,42.236339],[24.794631,42.236226]]]},"properties":{"cadnum":"39918.501.423","purptype":"Урбанизирана","usetype":"Ниско застрояване (до 10 m)","proptype":"Частна","quarter":"29","immaddr":"с. Крислово, СОКОЛ №4","area":972.07386500065,"cadreg":501,"pnum":"423"}},{"type":"Feature","geometry":{"type":"Polygon","coordinates":[[[24.794435,42.236682],[24.794615,42.23679],[24.794994,42.236443],[24.794819,42.236339],[24.794435,42.236682]]]},"properties":{"cadnum":"39918.501.424","purptype":"Урбанизирана","usetype":"Ниско застрояване (до 10 m)","proptype":"Частна","quarter":"29","immaddr":"с. Крислово, СОКОЛ №8","area":932.91187749518,"cadreg":501,"pnum":"424"}},{"type":"Feature","geometry":{"type":"Polygon","coordinates":[[[24.794794,42.236898],[24.79518,42.236554],[24.794994,42.236443],[24.794615,42.23679],[24.794794,42.236898]]]},"properties":{"cadnum":"39918.501.425","purptype":"Урбанизирана","usetype":"Ниско застрояване (до 10 m)","proptype":"Частна","quarter":"29","immaddr":"с. Крислово, СОКОЛ №8","area":962.97199049418,"cadreg":501,"pnum":"425"}},{"type":"Feature","geometry":{"type":"Polygon","coordinates":[[[24.794986,42.237013],[24.795374,42.23667],[24.79518,42.236554],[24.794794,42.236898],[24.794986,42.237013]]]},"properties":{"cadnum":"39918.501.426","purptype":"Урбанизирана","usetype":"Ниско застрояване (до 10 m)","proptype":"Частна","quarter":"29","immaddr":"с. Крислово, СОКОЛ №10","area":1019.0708209902,"cadreg":501,"pnum":"426"}},{"type":"Feature","geometry":{"type":"Polygon","coordinates":[[[24.795159,42.237118],[24.795549,42.236774],[24.795374,42.23667],[24.794986,42.237013],[24.795159,42.237118]]]},"properties":{"cadnum":"39918.501.427","purptype":"Урбанизирана","usetype":"Ниско застрояване (до 10 m)","proptype":"Частна","quarter":"29","immaddr":"с. Крислово, ул. Сокол №12","area":919.73911349852,"cadreg":501,"pnum":"427"}},{"type":"Feature","geometry":{"type":"Polygon","coordinates":[[[24.795326,42.237218],[24.795712,42.236872],[24.795549,42.236774],[24.795159,42.237118],[24.795326,42.237218]]]},"properties":{"cadnum":"39918.501.428","purptype":"Урбанизирана","usetype":"Ниско застрояване (до 10 m)","proptype":"Частна","quarter":"29","immaddr":"с. Крислово, СОКОЛ №14","area":873.84994750509,"cadreg":501,"pnum":"428"}},{"type":"Feature","geometry":{"type":"Polygon","coordinates":[[[24.795511,42.237329],[24.795898,42.236983],[24.795712,42.236872],[24.795326,42.237218],[24.795511,42.237329]]]},"properties":{"cadnum":"39918.501.429","purptype":"Урбанизирана","usetype":"Ниско застрояване (до 10 m)","proptype":"Частна","quarter":"29","immaddr":"с. Крислово, ул. \"Сокол\" №16","area":982.06369599682,"cadreg":501,"pnum":"429"}},{"type":"Feature","geometry":{"type":"Polygon","coordinates":[[[24.795699,42.237442],[24.796092,42.237094],[24.795898,42.236983],[24.795511,42.237329],[24.795699,42.237442]]]},"properties":{"cadnum":"39918.501.430","purptype":"Урбанизирана","usetype":"Ниско застрояване (до 10 m)","proptype":"Общинска частна","quarter":"29","immaddr":"с. Крислово, СОКОЛ №18","area":1004.9305555139,"cadreg":501,"pnum":"430"}},{"type":"Feature","geometry":{"type":"Polygon","coordinates":[[[24.795955,42.237596],[24.796357,42.237242],[24.796092,42.237094],[24.795699,42.237442],[24.795955,42.237596]]]},"properties":{"cadnum":"39918.501.431","purptype":"Урбанизирана","usetype":"Ниско застрояване (до 10 m)","proptype":"Частна","quarter":"29","immaddr":"с. Крислово, ул. \"Йорданка Николова\" №22","area":1388.8943414862,"cadreg":501,"pnum":"431"}},{"type":"Feature","geometry":{"type":"Polygon","coordinates":[[[24.797369,42.239478],[24.796824,42.237204],[24.79661,42.237383],[24.796764,42.237399],[24.797287,42.239537],[24.797384,42.239512],[24.797369,42.239478]]]},"properties":{"cadnum":"39918.501.432","purptype":"Урбанизирана","usetype":"За второстепенна улица","proptype":"Общинска публична","immaddr":"с. Крислово, Тракия","area":2184.8701694892,"cadreg":501,"pnum":"432"}},{"type":"Feature","geometry":{"type":"Polygon","coordinates":[[[24.796405,42.23985],[24.79793,42.239435],[24.79796,42.239442],[24.797968,42.23934],[24.797441,42.239496],[24.796414,42.23977],[24.796252,42.239794],[24.794079,42.239877],[24.794008,42.2398],[24.79393,42.239951],[24.795867,42.239882],[24.796261,42.239865],[24.796405,42.23985]]]},"properties":{"cadnum":"39918.501.433","purptype":"Урбанизирана","usetype":"За второстепенна улица","proptype":"Общинска публична","immaddr":"с. Крислово, НЕДЮ ДОНЧЕВ","area":2694.6290939624,"cadreg":501,"pnum":"433"}},{"type":"Feature","geometry":{"type":"Polygon","coordinates":[[[24.797058,42.237026],[24.797087,42.237021],[24.798083,42.237039],[24.798116,42.237063],[24.798125,42.236925],[24.797037,42.23691],[24.796978,42.236927],[24.79601,42.237765],[24.794678,42.238938],[24.794098,42.239484],[24.793944,42.239683],[24.79378,42.239993],[24.793754,42.240097],[24.793745,42.240202],[24.793833,42.240774],[24.793996,42.240774],[24.793968,42.240758],[24.793869,42.240186],[24.793872,42.240137],[24.793905,42.24],[24.79405,42.239727],[24.79415,42.239588],[24.794202,42.239529],[24.794772,42.238995],[24.795895,42.238004],[24.797007,42.237048],[24.797058,42.237026]]]},"properties":{"cadnum":"39918.501.434","purptype":"Урбанизирана","usetype":"За второстепенна улица","proptype":"Общинска публична","immaddr":"с. Крислово, ЙОРДАНКА НИКОЛОВА","area":6367.059255965,"cadreg":501,"pnum":"434"}},{"type":"Feature","geometry":{"type":"Polygon","coordinates":[[[24.796373,42.239756],[24.795895,42.238004],[24.795697,42.238182],[24.795841,42.238159],[24.796272,42.239768],[24.796252,42.239794],[24.796414,42.23977],[24.796373,42.239756]]]},"properties":{"cadnum":"39918.501.435","purptype":"Урбанизирана","usetype":"За второстепенна улица","proptype":"Общинска публична","immaddr":"с. Крислово, ДИМИТЪР КРИВЧЕВ","area":1648.6708809993,"cadreg":501,"pnum":"435"}},{"type":"Feature","geometry":{"type":"Polygon","coordinates":[[[24.795941,42.238161],[24.796919,42.23803],[24.796894,42.237939],[24.795915,42.238076],[24.795941,42.238161]]]},"properties":{"cadnum":"39918.501.436","purptype":"Урбанизирана","usetype":"За второстепенна улица","proptype":"Общинска публична","immaddr":"с. Крислово, Малчика","area":812.22188000234,"cadreg":501,"pnum":"436"}},{"type":"Feature","geometry":{"type":"Polygon","coordinates":[[[24.794006,42.241726],[24.793901,42.241108],[24.793743,42.241128],[24.793763,42.241274],[24.793809,42.241269],[24.793884,42.241736],[24.794006,42.241726]]]},"properties":{"cadnum":"39918.501.437","purptype":"Урбанизирана","usetype":"За второстепенна улица","proptype":"Общинска публична","immaddr":"с. Крислово, ЙОРДАНКА НИКОЛОВА","area":750.0286434961,"cadreg":501,"pnum":"437"}},{"type":"Feature","geometry":{"type":"Polygon","coordinates":[[[24.796406,42.240688],[24.796387,42.240561],[24.793996,42.240774],[24.793833,42.240774],[24.793716,42.240928],[24.793743,42.241128],[24.794554,42.241042],[24.794695,42.240972],[24.794664,42.240844],[24.796406,42.240688]]]},"properties":{"cadnum":"39918.501.438","purptype":"Урбанизирана","usetype":"За второстепенна улица","proptype":"Общинска публична","immaddr":"с. Крислово, Георги Димитров","area":4765.0093855353,"cadreg":501,"pnum":"438"}},{"type":"Feature","geometry":{"type":"Polygon","coordinates":[[[24.797899,42.240428],[24.796508,42.240551],[24.796526,42.240677],[24.797891,42.240555],[24.797899,42.240428]]]},"properties":{"cadnum":"39918.501.439","purptype":"Урбанизирана","usetype":"За второстепенна улица","proptype":"Общинска публична","immaddr":"с. Крислово, ВАСИЛ КОЛАРОВ","area":1604.1357995182,"cadreg":501,"pnum":"439"}},{"type":"Feature","geometry":{"type":"Polygon","coordinates":[[[24.79551,42.242331],[24.796638,42.242234],[24.796624,42.242145],[24.795471,42.242246],[24.79551,42.242331]]]},"properties":{"cadnum":"39918.501.440","purptype":"Урбанизирана","usetype":"За второстепенна улица","proptype":"Общинска публична","immaddr":"с. Крислово, КОМСОМОЛСКА","area":948.32675698196,"cadreg":501,"pnum":"440"}},{"type":"Feature","geometry":{"type":"Polygon","coordinates":[[[24.798058,42.242023],[24.796748,42.242135],[24.796763,42.242224],[24.797961,42.242122],[24.798002,42.24215],[24.798058,42.242023]]]},"properties":{"cadnum":"39918.501.441","purptype":"Урбанизирана","usetype":"За второстепенна улица","proptype":"Общинска публична","immaddr":"с. Крислово, КОМСОМОЛСКА","area":1071.8470815162,"cadreg":501,"pnum":"441"}},{"type":"Feature","geometry":{"type":"Polygon","coordinates":[[[24.796832,42.243458],[24.796842,42.24346],[24.796808,42.243353],[24.795927,42.243971],[24.795365,42.244354],[24.795303,42.244395],[24.795266,42.24438],[24.795307,42.244496],[24.795471,42.244395],[24.796832,42.243458]]]},"properties":{"cadnum":"39918.501.442","purptype":"Урбанизирана","usetype":"За второстепенна улица","proptype":"Общинска публична","immaddr":"с. Крислово, Лиляна Димитрова","area":1605.1977524686,"cadreg":501,"pnum":"442"}},{"type":"Feature","geometry":{"type":"Polygon","coordinates":[[[24.796846,42.243484],[24.795489,42.244438],[24.795319,42.244526],[24.79535,42.244614],[24.795513,42.244534],[24.795882,42.244294],[24.796846,42.243603],[24.796909,42.243611],[24.796846,42.243484]]]},"properties":{"cadnum":"39918.501.443","purptype":"Урбанизирана","usetype":"За второстепенна улица","proptype":"Общинска публична","immaddr":"с. Крислово, Лиляна Димитрова","area":1714.4254390094,"cadreg":501,"pnum":"443"}},{"type":"Feature","geometry":{"type":"Polygon","coordinates":[[[24.796763,42.242224],[24.796405,42.23985],[24.796261,42.239865],[24.796287,42.239879],[24.796808,42.243353],[24.796846,42.243484],[24.796909,42.243611],[24.797271,42.244992],[24.797351,42.245171],[24.797676,42.245986],[24.798007,42.246751],[24.79798,42.246794],[24.798161,42.246752],[24.798128,42.246735],[24.797962,42.246366],[24.797379,42.244923],[24.797036,42.243616],[24.797023,42.243395],[24.796976,42.243358],[24.796912,42.24322],[24.796802,42.242535],[24.796763,42.242224]]]},"properties":{"cadnum":"39918.501.444","purptype":"Урбанизирана","usetype":"За второстепенна улица","proptype":"Общинска публична","immaddr":"с. Крислово, ДИМИТЪР КРИВЧЕВ","area":7990.4583339891,"cadreg":501,"pnum":"444"}},{"type":"Feature","geometry":{"type":"Polygon","coordinates":[[[24.795133,42.243748],[24.79547,42.242519],[24.79551,42.242331],[24.795471,42.242246],[24.79504,42.241543],[24.795049,42.24154],[24.795026,42.241499],[24.795015,42.241503],[24.794695,42.240972],[24.794554,42.241042],[24.794958,42.241719],[24.795271,42.242208],[24.795314,42.242314],[24.795324,42.242387],[24.795318,42.242461],[24.794965,42.243722],[24.79495,42.243857],[24.794961,42.243966],[24.79514,42.244508],[24.796102,42.247212],[24.796263,42.247169],[24.79574,42.245748],[24.795171,42.244108],[24.795128,42.243937],[24.795133,42.243748]]]},"properties":{"cadnum":"39918.501.445","purptype":"Урбанизирана","usetype":"За второстепенна улица","proptype":"Общинска публична","immaddr":"с. Крислово, Георги Димитров","area":9813.965841521,"cadreg":501,"pnum":"445"}},{"type":"Feature","geometry":{"type":"Polygon","coordinates":[[[24.795969,42.246361],[24.797676,42.245986],[24.797644,42.245901],[24.795937,42.246275],[24.795969,42.246361]]]},"properties":{"cadnum":"39918.501.446","purptype":"Урбанизирана","usetype":"За второстепенна улица","proptype":"Общинска публична","immaddr":"с. Крислово, АЛ.СТАМБОЛИЙСКИ","area":1465.7790259995,"cadreg":501,"pnum":"446"}},{"type":"Feature","geometry":{"type":"Polygon","coordinates":[[[24.795582,42.245284],[24.795611,42.245372],[24.797033,42.245057],[24.797251,42.244981],[24.797271,42.244992],[24.797244,42.244881],[24.797064,42.24495],[24.79689,42.244994],[24.796792,42.245005],[24.796795,42.245015],[24.795582,42.245284]]]},"properties":{"cadnum":"39918.501.447","purptype":"Урбанизирана","usetype":"За второстепенна улица","proptype":"Общинска публична","immaddr":"с. Крислово, Иван Вазов","area":1465.3967145029,"cadreg":501,"pnum":"447"}},{"type":"Feature","geometry":{"type":"Polygon","coordinates":[[[24.798125,42.236925],[24.797891,42.240555],[24.798058,42.242023],[24.798001,42.242152],[24.797672,42.24264],[24.797382,42.24295],[24.79699,42.243237],[24.796912,42.24322],[24.796976,42.243358],[24.797448,42.24302],[24.79777,42.242687],[24.798159,42.24212],[24.798201,42.241978],[24.798019,42.240392],[24.798248,42.236946],[24.798125,42.236925]]]},"properties":{"cadnum":"39918.501.448","purptype":"Урбанизирана","usetype":"За второстепенна улица","proptype":"Общинска публична","immaddr":"с. Крислово, Лиляна Димитрова","area":7738.1975879819,"cadreg":501,"pnum":"448"}},{"type":"Feature","geometry":{"type":"Polygon","coordinates":[[[24.800496,42.246249],[24.79821,42.246741],[24.796976,42.247021],[24.796972,42.247012],[24.79693,42.247023],[24.796932,42.247029],[24.796263,42.247169],[24.796102,42.247212],[24.796134,42.247301],[24.800497,42.246343],[24.800496,42.246249]]]},"properties":{"cadnum":"39918.501.450","purptype":"Урбанизирана","usetype":"За второстепенна улица","proptype":"Общинска публична","immaddr":"с. Крислово, ПОБЕДА","area":4002.0906948478,"cadreg":501,"pnum":"450"}},{"type":"Feature","geometry":{"type":"Polygon","coordinates":[[[24.800303,42.245531],[24.798848,42.245355],[24.798815,42.24531],[24.798711,42.245412],[24.80037,42.245614],[24.800361,42.245478],[24.800303,42.245531]]]},"properties":{"cadnum":"39918.501.451","purptype":"Урбанизирана","usetype":"За второстепенна улица","proptype":"Общинска публична","immaddr":"с. Крислово, Димчо Дебелянов","area":1122.3181110092,"cadreg":501,"pnum":"451"}},{"type":"Feature","geometry":{"type":"Polygon","coordinates":[[[24.797789,42.245945],[24.798711,42.245412],[24.798815,42.24531],[24.798809,42.245302],[24.800005,42.244026],[24.799574,42.244162],[24.799663,42.244242],[24.799147,42.244799],[24.799129,42.244809],[24.799033,42.244909],[24.798633,42.245339],[24.797754,42.245853],[24.797789,42.245945]]]},"properties":{"cadnum":"39918.501.452","purptype":"Урбанизирана","usetype":"За второстепенна улица","proptype":"Общинска публична","immaddr":"с. Крислово, АЛЕКСАНДЪР СТАМБОЛИЙСКИ","area":2811.0507195254,"cadreg":501,"pnum":"452"}},{"type":"Feature","geometry":{"type":"Polygon","coordinates":[[[24.799877,42.243971],[24.797976,42.244576],[24.797805,42.244637],[24.797387,42.244814],[24.797347,42.24481],[24.797379,42.244923],[24.797924,42.244688],[24.798276,42.244578],[24.79828,42.244583],[24.798451,42.244535],[24.798446,42.244524],[24.800005,42.244026],[24.799877,42.243971]]]},"properties":{"cadnum":"39918.501.453","purptype":"Урбанизирана","usetype":"За второстепенна улица","proptype":"Общинска публична","immaddr":"с. Крислово, Иван Вазов","area":2321.0617820095,"cadreg":501,"pnum":"453"}},{"type":"Feature","geometry":{"type":"Polygon","coordinates":[[[24.797161,42.243523],[24.79981,42.243781],[24.799902,42.243693],[24.797221,42.243439],[24.797197,42.243398],[24.797023,42.243395],[24.797036,42.243616],[24.797161,42.243523]]]},"properties":{"cadnum":"39918.501.454","purptype":"Урбанизирана","usetype":"За второстепенна улица","proptype":"Общинска публична","immaddr":"с. Крислово, РАЙКО ДАСКАЛОВ","area":2495.0738505273,"cadreg":501,"pnum":"454"}},{"type":"Feature","geometry":{"type":"Polygon","coordinates":[[[24.799662,42.241891],[24.798244,42.241999],[24.798201,42.241978],[24.798159,42.24212],[24.798196,42.242132],[24.79833,42.24209],[24.799689,42.241976],[24.799662,42.241891]]]},"properties":{"cadnum":"39918.501.455","purptype":"Урбанизирана","usetype":"За второстепенна улица","proptype":"Общинска публична","immaddr":"с. Крислово, КОМСОМОЛСКА","area":1312.1456565218,"cadreg":501,"pnum":"455"}},{"type":"Feature","geometry":{"type":"Polygon","coordinates":[[[24.79981,42.243781],[24.799877,42.243971],[24.800005,42.244026],[24.80034,42.244086],[24.800465,42.244085],[24.800463,42.243944],[24.800352,42.243604],[24.799902,42.243693],[24.79981,42.243781]],[[24.799968,42.243821],[24.799975,42.243787],[24.800002,42.243768],[24.800209,42.243727],[24.800258,42.243737],[24.800277,42.243758],[24.800335,42.243934],[24.800336,42.244015],[24.800322,42.244042],[24.800294,42.244055],[24.800267,42.244057],[24.800037,42.244015],[24.799968,42.243821]]]},"properties":{"cadnum":"39918.501.456","purptype":"Урбанизирана","usetype":"За второстепенна улица","proptype":"Общинска публична","immaddr":"с. Крислово, IX септември","area":1239.2219665107,"cadreg":501,"pnum":"456"}},{"type":"Feature","geometry":{"type":"Polygon","coordinates":[[[24.800496,42.246249],[24.800465,42.244085],[24.80034,42.244086],[24.800378,42.246274],[24.800496,42.246249]]]},"properties":{"cadnum":"39918.501.457","purptype":"Урбанизирана","usetype":"За второстепенна улица","proptype":"Общинска публична","immaddr":"с. Крислово, IX септември","area":2418.2281754922,"cadreg":501,"pnum":"457"}},{"type":"Feature","geometry":{"type":"Polygon","coordinates":[[[24.799662,42.241891],[24.800234,42.243627],[24.800352,42.243604],[24.799789,42.24188],[24.799662,42.241891]]]},"properties":{"cadnum":"39918.501.458","purptype":"Урбанизирана","usetype":"За второстепенна улица","proptype":"Общинска публична","immaddr":"с. Крислово, IX септември","area":2040.3144545017,"cadreg":501,"pnum":"458"}},{"type":"Feature","geometry":{"type":"Polygon","coordinates":[[[24.79684,42.245101],[24.796657,42.245141],[24.796811,42.245521],[24.796989,42.245486],[24.79684,42.245101]]]},"properties":{"cadnum":"39918.501.460","purptype":"Урбанизирана","usetype":"Ниско застрояване (до 10 m)","proptype":"Частна","quarter":"5","immaddr":"с. Крислово, Иван Вазов №7-а","area":683.37155450154,"cadreg":501,"pnum":"460"}},{"type":"Feature","geometry":{"type":"Polygon","coordinates":[[[24.797033,42.245717],[24.797167,42.246006],[24.797644,42.245901],[24.797526,42.245602],[24.797033,42.245717]]]},"properties":{"cadnum":"39918.501.461","purptype":"Урбанизирана","usetype":"Ниско застрояване (до 10 m)","proptype":"Частна","quarter":"5","immaddr":"с. Крислово, ДИМИТЪР КРИВЧЕВ №31-а","area":1426.7778100095,"cadreg":501,"pnum":"461"}},{"type":"Feature","geometry":{"type":"Polygon","coordinates":[[[24.796742,42.24292],[24.796715,42.242737],[24.796186,42.242785],[24.796152,42.242914],[24.796422,42.242944],[24.796742,42.24292]]]},"properties":{"cadnum":"39918.501.462","purptype":"Урбанизирана","usetype":"Ниско застрояване (до 10 m)","proptype":"Частна","quarter":"10","immaddr":"с. Крислово, ДИМИТЪР КРИВЧЕВ №19-а","area":877.13823399286,"cadreg":501,"pnum":"462"}},{"type":"Feature","geometry":{"type":"Polygon","coordinates":[[[24.797134,42.241874],[24.797106,42.241644],[24.796679,42.241689],[24.796714,42.241915],[24.797134,42.241874]]]},"properties":{"cadnum":"39918.501.463","purptype":"Урбанизирана","usetype":"Ниско застрояване (до 10 m)","proptype":"Частна","quarter":"11","immaddr":"с. Крислово, ул. \"Димитър Кривчев\" №12","area":898.46664100322,"cadreg":501,"pnum":"463"}},{"type":"Feature","geometry":{"type":"Polygon","coordinates":[[[24.789389,42.237788],[24.78907,42.237972],[24.789176,42.238142],[24.789564,42.237986],[24.789434,42.237796],[24.789389,42.237788]]]},"properties":{"cadnum":"39918.501.465","purptype":"Урбанизирана","usetype":"Ниско застрояване (до 10 m)","proptype":"Частна","quarter":"23","immaddr":"с. Крислово, ул. \"Георги Димтиров\" №1","area":849.74660900561,"cadreg":501,"pnum":"465"}},{"type":"Feature","geometry":{"type":"Polygon","coordinates":[[[24.789287,42.238324],[24.78907,42.237972],[24.788884,42.238079],[24.78908,42.238401],[24.789287,42.238324]]]},"properties":{"cadnum":"39918.501.466","purptype":"Урбанизирана","usetype":"Ниско застрояване (до 10 m)","proptype":"Частна","quarter":"23","immaddr":"с. Крислово, ул. ГЕОРГИ ДИМИТРОВ №1-б","area":784.47949800677,"cadreg":501,"pnum":"466"}},{"type":"Feature","geometry":{"type":"Polygon","coordinates":[[[24.789504,42.238497],[24.789826,42.238359],[24.789688,42.238169],[24.78908,42.238401],[24.789148,42.238592],[24.789504,42.238497]]]},"properties":{"cadnum":"39918.501.467","purptype":"Урбанизирана","usetype":"Ниско застрояване (до 10 m)","proptype":"Частна","quarter":"23","immaddr":"с. Крислово, Георги Димитров №3-а","area":1419.3208339894,"cadreg":501,"pnum":"467"}},{"type":"Feature","geometry":{"type":"Polygon","coordinates":[[[24.791927,42.239161],[24.792186,42.239305],[24.792517,42.239003],[24.792313,42.238891],[24.791927,42.239161]]]},"properties":{"cadnum":"39918.501.468","purptype":"Урбанизирана","usetype":"Ниско застрояване (до 10 m)","proptype":"Частна","quarter":"24","immaddr":"с. Крислово, ул. ЮРИЙ ГАГАРИН №2-a","area":1035.3887495132,"cadreg":501,"pnum":"468"}},{"type":"Feature","geometry":{"type":"Polygon","coordinates":[[[24.793777,42.239605],[24.793225,42.239261],[24.793015,42.239445],[24.793511,42.239777],[24.793687,42.23981],[24.793777,42.239605]]]},"properties":{"cadnum":"39918.501.469","purptype":"Урбанизирана","usetype":"Ниско застрояване (до 10 m)","proptype":"Частна","quarter":"19","immaddr":"с. Крислово, ЙОРДАНКА НИКОЛОВА №4","area":1773.7513209974,"cadreg":501,"pnum":"469"}},{"type":"Feature","geometry":{"type":"Polygon","coordinates":[[[24.795132,42.239234],[24.794738,42.239027],[24.794538,42.239214],[24.794878,42.239412],[24.795132,42.239234]]]},"properties":{"cadnum":"39918.501.471","purptype":"Урбанизирана","usetype":"Ниско застрояване (до 10 m)","proptype":"Частна","quarter":"18","immaddr":"с. Крислово, ЙОРДАНКА НИКОЛОВА №5","area":1032.038701996,"cadreg":501,"pnum":"471"}},{"type":"Feature","geometry":{"type":"Polygon","coordinates":[[[24.79611,42.239167],[24.795674,42.239243],[24.795795,42.239456],[24.796171,42.239393],[24.79611,42.239167]]]},"properties":{"cadnum":"39918.501.472","purptype":"Урбанизирана","usetype":"Ниско застрояване (до 10 m)","proptype":"Частна","quarter":"18","immaddr":"с. Крислово, ул. \"Димитър Кривчев\" №5","area":874.80961099603,"cadreg":501,"pnum":"472"}},{"type":"Feature","geometry":{"type":"Polygon","coordinates":[[[24.796588,42.239159],[24.796525,42.238921],[24.796169,42.239013],[24.796224,42.239194],[24.796588,42.239159]]]},"properties":{"cadnum":"39918.501.473","purptype":"Урбанизирана","usetype":"Ниско застрояване (до 10 m)","proptype":"Частна","quarter":"17","immaddr":"с. Крислово, ДИМИТЪР КРИВЧЕВ №4-а","area":728.01477900669,"cadreg":501,"pnum":"473"}},{"type":"Feature","geometry":{"type":"Polygon","coordinates":[[[24.794152,42.241419],[24.794095,42.241088],[24.793901,42.241108],[24.793958,42.24144],[24.794152,42.241419]]]},"properties":{"cadnum":"39918.501.474","purptype":"Урбанизирана","usetype":"Ниско застрояване (до 10 m)","proptype":"Частна","quarter":"13","immaddr":"с. Крислово, ул. \"Георги Димтиров\" №21-А","area":599.97532549841,"cadreg":501,"pnum":"474"}},{"type":"Feature","geometry":{"type":"Polygon","coordinates":[[[24.794325,42.24111],[24.794308,42.241065],[24.794095,42.241088],[24.794152,42.241419],[24.794435,42.241388],[24.794506,42.241367],[24.794325,42.24111]]]},"properties":{"cadnum":"39918.501.475","purptype":"Урбанизирана","usetype":"Ниско застрояване (до 10 m)","proptype":"Частна","quarter":"13","immaddr":"с. Крислово, ул. \"Георги Димтиров\" №21","area":871.9388534888,"cadreg":501,"pnum":"475"}},{"type":"Feature","geometry":{"type":"Polygon","coordinates":[[[24.792764,42.23825],[24.79242,42.238036],[24.792247,42.238194],[24.792006,42.238048],[24.791878,42.238165],[24.792447,42.238531],[24.792764,42.23825]]]},"properties":{"cadnum":"39918.501.476","purptype":"Урбанизирана","usetype":"Ниско застрояване (до 10 m)","proptype":"Частна","quarter":"24","immaddr":"с. Крислово, ул. \"Стефан Караджа\" №5","area":1927.4357054925,"cadreg":501,"pnum":"476"}},{"type":"Feature","geometry":{"type":"Polygon","coordinates":[[[24.79242,42.238036],[24.792173,42.237896],[24.792006,42.238048],[24.792247,42.238194],[24.79242,42.238036]]]},"properties":{"cadnum":"39918.501.477","purptype":"Урбанизирана","usetype":"Ниско застрояване (до 10 m)","proptype":"Частна","quarter":"24","immaddr":"с. Крислово, ул. \"Стефан Караджа\" №5","area":574.11609450526,"cadreg":501,"pnum":"477"}},{"type":"Feature","geometry":{"type":"Polygon","coordinates":[[[24.79418,42.236636],[24.793825,42.236954],[24.794006,42.237062],[24.794362,42.236746],[24.79418,42.236636]]]},"properties":{"cadnum":"39918.501.479","purptype":"Урбанизирана","usetype":"Ниско застрояване (до 10 m)","proptype":"Частна","quarter":"28","immaddr":"с. Крислово, ул. Сокол №3","area":881.46015500643,"cadreg":501,"pnum":"479"}},{"type":"Feature","geometry":{"type":"Polygon","coordinates":[[[24.793748,42.24015],[24.79378,42.239993],[24.793693,42.239985],[24.793632,42.240145],[24.793736,42.240781],[24.793833,42.240774],[24.793745,42.240202],[24.793748,42.24015]]]},"properties":{"cadnum":"39918.501.480","purptype":"Урбанизирана","usetype":"За друг вид водно течение, водна площ, съоръжение","proptype":"Общинска публична","immaddr":"с. Крислово, ЙОРДАНКА НИКОЛОВА","area":733.02944350032,"cadreg":501,"pnum":"480"}},{"type":"Feature","geometry":{"type":"Polygon","coordinates":[[[24.796959,42.236941],[24.796889,42.236912],[24.794623,42.238914],[24.794034,42.239446],[24.793917,42.239598],[24.793868,42.239679],[24.793794,42.239847],[24.793847,42.239861],[24.793944,42.239683],[24.794098,42.239484],[24.794678,42.238938],[24.796959,42.236941]]]},"properties":{"cadnum":"39918.501.481","purptype":"Урбанизирана","usetype":"За друг вид водно течение, водна площ, съоръжение","proptype":"Общинска публична","immaddr":"с. Крислово, ЙОРДАНКА НИКОЛОВА","area":2377.0010099802,"cadreg":501,"pnum":"481"}},{"type":"Feature","geometry":{"type":"Polygon","coordinates":[[[24.795471,42.244395],[24.795307,42.244496],[24.795319,42.244526],[24.795489,42.244438],[24.795562,42.244388],[24.796846,42.243484],[24.796842,42.24346],[24.796832,42.243458],[24.795471,42.244395]]]},"properties":{"cadnum":"39918.501.482","purptype":"Урбанизирана","usetype":"За друг вид водно течение, водна площ, съоръжение","proptype":"Общинска публична","immaddr":"с. Крислово, Лиляна Димитрова","area":636.12322948909,"cadreg":501,"pnum":"482"}},{"type":"Feature","geometry":{"type":"Polygon","coordinates":[[[24.798159,42.24212],[24.79777,42.242687],[24.797448,42.24302],[24.796976,42.243358],[24.797023,42.243395],[24.797424,42.243102],[24.797762,42.242764],[24.797924,42.242549],[24.798196,42.242132],[24.798159,42.24212]]]},"properties":{"cadnum":"39918.501.483","purptype":"Урбанизирана","usetype":"За друг вид водно течение, водна площ, съоръжение","proptype":"Общинска публична","immaddr":"с. Крислово, Лиляна Димитрова","area":728.48089753764,"cadreg":501,"pnum":"483"}},{"type":"Feature","geometry":{"type":"Polygon","coordinates":[[[24.797886,42.238947],[24.797892,42.238975],[24.797969,42.239323],[24.797994,42.238932],[24.797886,42.238947]]]},"properties":{"cadnum":"39918.501.484","purptype":"Урбанизирана","usetype":"Ниско застрояване (до 10 m)","proptype":"Общинска частна","immaddr":"с. Крислово, Лиляна Димитрова","place":"с. КРИСЛОВО","area":191.31520749963,"cadreg":501,"pnum":"484"}},{"type":"Feature","geometry":{"type":"Polygon","coordinates":[[[24.797994,42.238932],[24.798035,42.238301],[24.797631,42.238357],[24.797736,42.238762],[24.797843,42.238749],[24.797886,42.238947],[24.797994,42.238932]]]},"properties":{"cadnum":"39918.501.485","purptype":"Урбанизирана","usetype":"Ниско застрояване (до 10 m)","proptype":"Частна","immaddr":"с. Крислово, ул. \"Лиляна Димитрова\"","area":1558.5803145037,"cadreg":501,"pnum":"485"}},{"type":"Feature","geometry":{"type":"Polygon","coordinates":[[[24.798035,42.238301],[24.798072,42.237729],[24.796982,42.23788],[24.797092,42.238319],[24.797601,42.238245],[24.797631,42.238357],[24.798035,42.238301]]]},"properties":{"cadnum":"39918.501.486","purptype":"Урбанизирана","usetype":"Ниско застрояване (до 10 m)","proptype":"Общинска частна","immaddr":"с. Крислово, Тракия","place":"с. КРИСЛОВО","area":4677.5856754957,"cadreg":501,"pnum":"486"}},{"type":"Feature","geometry":{"type":"Polygon","coordinates":[[[24.796878,42.237436],[24.796982,42.23788],[24.798072,42.237729],[24.798086,42.237515],[24.798034,42.237275],[24.796878,42.237436]]]},"properties":{"cadnum":"39918.501.487","purptype":"Урбанизирана","usetype":"Ниско застрояване (до 10 m)","proptype":"Частна","immaddr":"с. Крислово, Тракия","place":"с. КРИСЛОВО","area":4795.6219049906,"cadreg":501,"pnum":"487"}},{"type":"Feature","geometry":{"type":"Polygon","coordinates":[[[24.794851,42.240629],[24.79476,42.240638],[24.794771,42.240706],[24.794862,42.240696],[24.794851,42.240629]]]},"properties":{"cadnum":"39918.501.488","purptype":"Урбанизирана","usetype":"Ниско застрояване (до 10 m)","proptype":"Частна","immaddr":"с. Крислово, Георги Димитров","area":58.056240000557,"cadreg":501,"pnum":"488"}},{"type":"Feature","geometry":{"type":"Polygon","coordinates":[[[24.790047,42.24113],[24.789853,42.240674],[24.789685,42.240724],[24.789843,42.241124],[24.789868,42.241169],[24.790047,42.24113]]]},"properties":{"cadnum":"39918.501.489","purptype":"Урбанизирана","usetype":"Ниско застрояване (до 10 m)","proptype":"Частна","quarter":"21","immaddr":"с. Крислово, ул. \"Граф Игнатиев\" №7-а","area":805.82655700683,"cadreg":501,"pnum":"489"}},{"type":"Feature","geometry":{"type":"Polygon","coordinates":[[[24.790221,42.241092],[24.790022,42.240624],[24.789853,42.240674],[24.790047,42.24113],[24.790221,42.241092]]]},"properties":{"cadnum":"39918.501.490","purptype":"Урбанизирана","usetype":"Ниско застрояване (до 10 m)","proptype":"Частна","quarter":"21","immaddr":"с. Крислово, ул. \"Граф Игнатиев\" №7-а","area":804.26431350259,"cadreg":501,"pnum":"490"}},{"type":"Feature","geometry":{"type":"Polygon","coordinates":[[[24.795175,42.23864],[24.794738,42.239027],[24.795132,42.239234],[24.795184,42.239191],[24.795491,42.239071],[24.795439,42.238981],[24.795203,42.238689],[24.795175,42.23864]]]},"properties":{"cadnum":"39918.501.491","purptype":"Урбанизирана","usetype":"Ниско застрояване (до 10 m)","proptype":"Частна","quarter":"18","immaddr":"с. Крислово, ЙОРДАНКА НИКОЛОВА №7","area":2048.1163005087,"cadreg":501,"pnum":"491"}},{"type":"Feature","geometry":{"type":"Polygon","coordinates":[[[24.795203,42.238689],[24.795439,42.238981],[24.795519,42.238955],[24.795428,42.238778],[24.795691,42.238735],[24.795601,42.238438],[24.795484,42.238369],[24.795175,42.23864],[24.795203,42.238689]]]},"properties":{"cadnum":"39918.501.492","purptype":"Урбанизирана","usetype":"Ниско застрояване (до 10 m)","proptype":"Частна","quarter":"18","immaddr":"с. Крислово, ЙОРДАНКА НИКОЛОВА №7","area":1441.2051109933,"cadreg":501,"pnum":"492"}},{"type":"Feature","geometry":{"type":"Polygon","coordinates":[[[24.791868,42.238857],[24.791412,42.238587],[24.791195,42.238784],[24.791637,42.239061],[24.791868,42.238857]]]},"properties":{"cadnum":"39918.501.495","purptype":"Урбанизирана","usetype":"Ниско застрояване (до 10 m)","proptype":"Частна","quarter":"24","immaddr":"с. Крислово, ул. \"Стефан Караджа\" №1","area":1383.8862455005,"cadreg":501,"pnum":"495"}},{"type":"Feature","geometry":{"type":"Polygon","coordinates":[[[24.796387,42.240561],[24.796287,42.239879],[24.796261,42.239865],[24.795236,42.239905],[24.795337,42.240655],[24.796387,42.240561]]]},"properties":{"cadnum":"39918.501.496","purptype":"Урбанизирана","usetype":"Ниско застрояване (до 10 m)","proptype":"Частна","quarter":"15","immaddr":"с. Крислово, ВАСИЛ КОЛАРОВ №8","area":7007.4081475246,"cadreg":501,"pnum":"496"}},{"type":"Feature","geometry":{"type":"Polygon","coordinates":[[[24.792999,42.240817],[24.792986,42.24081],[24.792132,42.240893],[24.792169,42.241103],[24.792173,42.241212],[24.792668,42.241181],[24.792654,42.241032],[24.793017,42.241011],[24.792999,42.240817]]]},"properties":{"cadnum":"39918.501.497","purptype":"Урбанизирана","usetype":"За друг обществен обект, комплекс","proptype":"Общинска частна","quarter":"14","immaddr":"с. Крислово, ул. Граф Игнатиев","area":2151.5100764964,"cadreg":501,"pnum":"497"}},{"type":"Feature","geometry":{"type":"Polygon","coordinates":[[[24.79303,42.241161],[24.793017,42.241011],[24.792654,42.241032],[24.792668,42.241181],[24.79303,42.241161]]]},"properties":{"cadnum":"39918.501.498","purptype":"Урбанизирана","usetype":"Ниско застрояване (до 10 m)","proptype":"Частна","quarter":"14","immaddr":"с. Крислово, ул. \"Стара планина\" №1-А","area":499.97613399323,"cadreg":501,"pnum":"498"}},{"type":"Feature","geometry":{"type":"Polygon","coordinates":[[[24.790961,42.240525],[24.79086,42.24037],[24.790255,42.240557],[24.790349,42.240795],[24.790712,42.24071],[24.790606,42.24066],[24.790589,42.240622],[24.790961,42.240525]]]},"properties":{"cadnum":"39918.501.499","purptype":"Урбанизирана","usetype":"Ниско застрояване (до 10 m)","proptype":"Частна","quarter":"21","immaddr":"с. Крислово, ул. Иглика №5","area":1293.5987349939,"cadreg":501,"pnum":"499"}},{"type":"Feature","geometry":{"type":"Polygon","coordinates":[[[24.791031,42.240634],[24.790961,42.240525],[24.790589,42.240622],[24.790606,42.24066],[24.790712,42.24071],[24.791031,42.240634]]]},"properties":{"cadnum":"39918.501.500","purptype":"Урбанизирана","usetype":"Ниско застрояване (до 10 m)","proptype":"Частна","quarter":"21","immaddr":"с. Крислово, ул. \"Иглика\" №5","area":404.09902649618,"cadreg":501,"pnum":"500"}},{"type":"Feature","geometry":{"type":"Polygon","coordinates":[[[24.796762,42.239676],[24.796711,42.239547],[24.796701,42.239548],[24.796627,42.239333],[24.796682,42.239514],[24.796762,42.239676]]]},"properties":{"cadnum":"39918.501.501","purptype":"Урбанизирана","usetype":"Ниско застрояване (до 10 m)","proptype":"Частна","quarter":"17","immaddr":"с. Крислово, ул. Недю Дончев №12","area":15.59649749999,"cadreg":501,"pnum":"501"}},{"type":"Feature","geometry":{"type":"Polygon","coordinates":[[[24.800349,42.244291],[24.800078,42.244277],[24.799882,42.244497],[24.800018,42.24457],[24.800344,42.244576],[24.800349,42.244291]]]},"properties":{"cadnum":"39918.501.505","purptype":"Урбанизирана","usetype":"Ниско застрояване (до 10 m)","proptype":"Частна","quarter":"3","immaddr":"с. Крислово, ул. IX септември №16","area":999.299626514,"cadreg":501,"pnum":"505"}},{"type":"Feature","geometry":{"type":"Polygon","coordinates":[[[24.80034,42.244086],[24.800208,42.244062],[24.80017,42.244281],[24.800349,42.244291],[24.80034,42.244086]]]},"properties":{"cadnum":"39918.501.506","purptype":"Урбанизирана","usetype":"Ниско застрояване (до 10 m)","proptype":"Частна","quarter":"3","immaddr":"с. Крислово, ул. \"9 септември\"","area":303.28178949473,"cadreg":501,"pnum":"506"}},{"type":"Feature","geometry":{"type":"Polygon","coordinates":[[[24.793674,42.2407],[24.793552,42.239952],[24.792958,42.240242],[24.793603,42.240726],[24.793674,42.2407]]]},"properties":{"cadnum":"39918.501.507","purptype":"Урбанизирана","usetype":"За друг обществен обект, комплекс","proptype":"Общинска частна","quarter":"31","immaddr":"с. Крислово, Георги Димитров","area":2431.4715754893,"cadreg":501,"pnum":"507"}},{"type":"Feature","geometry":{"type":"Polygon","coordinates":[[[24.795595,42.237902],[24.795336,42.23774],[24.79526,42.237807],[24.795277,42.237818],[24.795147,42.237934],[24.79539,42.238086],[24.795595,42.237902]]]},"properties":{"cadnum":"39918.501.509","purptype":"Урбанизирана","usetype":"Ниско застрояване (до 10 m)","proptype":"Общинска частна","quarter":"28","immaddr":"с. Крислово, ул. Йорданка Николова №18","area":713.52563899561,"cadreg":501,"pnum":"509"}},{"type":"Feature","geometry":{"type":"Polygon","coordinates":[[[24.795867,42.237657],[24.795609,42.237496],[24.795336,42.23774],[24.795595,42.237902],[24.795867,42.237657]]]},"properties":{"cadnum":"39918.501.510","purptype":"Урбанизирана","usetype":"За друг вид застрояване","proptype":"Общинска частна","quarter":"28","immaddr":"с. Крислово, ул. Йорданка Николова №20","area":980.40693050462,"cadreg":501,"pnum":"510"}},{"type":"Feature","geometry":{"type":"Polygon","coordinates":[[[24.795609,42.237496],[24.795434,42.237395],[24.79509,42.237706],[24.79526,42.237807],[24.795609,42.237496]]]},"properties":{"cadnum":"39918.501.511","purptype":"Урбанизирана","usetype":"За друг вид застрояване","proptype":"Общинска частна","quarter":"28","immaddr":"с. Крислово, ул. Сокол №17","area":812.94777500716,"cadreg":501,"pnum":"511"}},{"type":"Feature","geometry":{"type":"Polygon","coordinates":[[[24.791093,42.239228],[24.79083,42.23907],[24.7909,42.239285],[24.791086,42.239251],[24.791093,42.239228]]]},"properties":{"cadnum":"39918.501.512","purptype":"Урбанизирана","usetype":"Ниско застрояване (до 10 m)","proptype":"Общинска частна","quarter":"23","immaddr":"с. Крислово, ХРИСТО БОТЕВ","area":226.77692099634,"cadreg":501,"pnum":"512"}},{"type":"Feature","geometry":{"type":"Polygon","coordinates":[[[24.800017,42.243959],[24.800037,42.244015],[24.800171,42.244039],[24.800137,42.243937],[24.800017,42.243959]]]},"properties":{"cadnum":"39918.501.513","purptype":"Урбанизирана","usetype":"За електроенергийното производство","proptype":"Общинска частна","quarter":"31","immaddr":"с. Крислово, ул. \"9 септември\"","area":92.028528997799,"cadreg":501,"pnum":"513"}},{"type":"Feature","geometry":{"type":"Polygon","coordinates":[[[24.800171,42.244039],[24.800284,42.244057],[24.800318,42.244044],[24.800336,42.24402],[24.800335,42.243934],[24.800278,42.243761],[24.800258,42.243737],[24.800228,42.243727],[24.800002,42.243768],[24.799975,42.243787],[24.799967,42.243807],[24.800017,42.243959],[24.800137,42.243937],[24.800171,42.244039]]]},"properties":{"cadnum":"39918.501.514","purptype":"Урбанизирана","usetype":"Ниско застрояване (до 10 m)","proptype":"Общинска частна","quarter":"31","immaddr":"с. Крислово, ул. \"9 септември\"","area":759.4927005001,"cadreg":501,"pnum":"514"}},{"type":"Feature","geometry":{"type":"Polygon","coordinates":[[[24.797018,42.242357],[24.796994,42.242204],[24.796763,42.242224],[24.796802,42.242535],[24.797017,42.242509],[24.797018,42.242357]]]},"properties":{"cadnum":"39918.501.515","purptype":"Урбанизирана","usetype":"Ниско застрояване (до 10 m)","proptype":"Частна","quarter":"9","immaddr":"с. Крислово, ул. \"Комсомолска\" №3","area":654.83914450737,"cadreg":501,"pnum":"515"}},{"type":"Feature","geometry":{"type":"Polygon","coordinates":[[[24.797263,42.242479],[24.797233,42.242183],[24.796994,42.242204],[24.797018,42.242357],[24.797017,42.242509],[24.797263,42.242479]]]},"properties":{"cadnum":"39918.501.516","purptype":"Урбанизирана","usetype":"Ниско застрояване (до 10 m)","proptype":"Частна","quarter":"9","immaddr":"с. Крислово, ул. Комсомолска №3","area":655.300913489,"cadreg":501,"pnum":"516"}},{"type":"Feature","geometry":{"type":"Polygon","coordinates":[[[24.797428,42.243834],[24.797421,42.243809],[24.797093,42.243844],[24.797103,42.243884],[24.797428,42.243834]]]},"properties":{"cadnum":"39918.501.517","purptype":"Урбанизирана","usetype":"Ниско застрояване (до 10 m)","proptype":"Частна","quarter":"7","immaddr":"с. Крислово, ДИМИТЪР КРИВЧЕВ №20","area":101.19929399129,"cadreg":501,"pnum":"517"}},{"type":"Feature","geometry":{"type":"Polygon","coordinates":[[[24.797492,42.244066],[24.797428,42.243834],[24.797103,42.243884],[24.797246,42.244431],[24.797564,42.244382],[24.797492,42.244066]]]},"properties":{"cadnum":"39918.501.518","purptype":"Урбанизирана","usetype":"Ниско застрояване (до 10 m)","proptype":"Частна","quarter":"7","immaddr":"с. Крислово, ул. ДИМИТЪР КРИВЧЕВ №20","area":1692.3934525153,"cadreg":501,"pnum":"518"}},{"type":"Feature","geometry":{"type":"Polygon","coordinates":[[[24.78945,42.239542],[24.789331,42.239151],[24.788732,42.23925],[24.788855,42.239648],[24.78945,42.239542]]]},"properties":{"cadnum":"39918.501.519","purptype":"Урбанизирана","usetype":"Ниско застрояване (до 10 m)","proptype":"Частна","immaddr":"с. Крислово, ул. \"Христо Ботев\" №5","area":2274.5067324918,"cadreg":501,"pnum":"519"}},{"type":"Feature","geometry":{"type":"Polygon","coordinates":[[[24.789331,42.239151],[24.789278,42.238975],[24.788672,42.239076],[24.788732,42.23925],[24.789331,42.239151]]]},"properties":{"cadnum":"39918.501.520","purptype":"Урбанизирана","usetype":"Ниско застрояване (до 10 m)","proptype":"Частна","immaddr":"с. Крислово, ул. ''Млада Гвардия''","area":1021.3719895107,"cadreg":501,"pnum":"520"}},{"type":"Feature","geometry":{"type":"Polygon","coordinates":[[[24.79086,42.24037],[24.790736,42.240179],[24.790479,42.240274],[24.790285,42.24024],[24.790181,42.240262],[24.790293,42.240545],[24.79086,42.24037]]]},"properties":{"cadnum":"39918.501.526","purptype":"Урбанизирана","usetype":"Ниско застрояване (до 10 m)","proptype":"Частна","quarter":"21","immaddr":"с. Крислово, ул. \"Иглика\" №3","area":1250.2234060064,"cadreg":501,"pnum":"526"}},{"type":"Feature","geometry":{"type":"Polygon","coordinates":[[[24.790293,42.240545],[24.790181,42.240262],[24.789856,42.240333],[24.78996,42.240642],[24.790293,42.240545]]]},"properties":{"cadnum":"39918.501.527","purptype":"Урбанизирана","usetype":"Ниско застрояване (до 10 m)","proptype":"Частна чужди физически и юридически лица","quarter":"21","immaddr":"с. Крислово, ул. \"Иглика\" №3","area":975.40480949848,"cadreg":501,"pnum":"527"}},{"type":"Feature","geometry":{"type":"Polygon","coordinates":[[[24.78996,42.240642],[24.789844,42.240298],[24.789563,42.240365],[24.789685,42.240724],[24.78996,42.240642]]]},"properties":{"cadnum":"39918.501.528","purptype":"Урбанизирана","usetype":"Ниско застрояване (до 10 m)","proptype":"Частна чужди физически и юридически лица","quarter":"21","immaddr":"с. Крислово, ул. \"Иглика\" №3","area":974.90918751035,"cadreg":501,"pnum":"528"}},{"type":"Feature","geometry":{"type":"Polygon","coordinates":[[[24.789856,42.240333],[24.790285,42.24024],[24.790479,42.240274],[24.790736,42.240179],[24.790715,42.240147],[24.790473,42.240236],[24.790283,42.240203],[24.789844,42.240298],[24.789856,42.240333]]]},"properties":{"cadnum":"39918.501.529","purptype":"Урбанизирана","usetype":"За второстепенна улица","proptype":"Съсобственост","immaddr":"с. Крислово, ул. \"Иглика\" №3","area":307.06180949036,"cadreg":501,"pnum":"529"}},{"type":"Feature","geometry":{"type":"Polygon","coordinates":[[[24.798523,42.244738],[24.798383,42.244784],[24.798583,42.245122],[24.798755,42.245204],[24.798873,42.245079],[24.798772,42.245022],[24.798523,42.244738]]]},"properties":{"cadnum":"39918.501.530","purptype":"Урбанизирана","usetype":"Ниско застрояване (до 10 m)","proptype":"Частна","quarter":"4","immaddr":"с. Крислово, ул. Александър Стамболийски","area":859.94046749918,"cadreg":501,"pnum":"530"}},{"type":"Feature","geometry":{"type":"Polygon","coordinates":[[[24.798668,42.24469],[24.798553,42.24449],[24.798446,42.244524],[24.798451,42.244535],[24.79828,42.244583],[24.798383,42.244784],[24.798668,42.24469]]]},"properties":{"cadnum":"39918.501.531","purptype":"Урбанизирана","usetype":"Ниско застрояване (до 10 m)","proptype":"Частна","quarter":"4","immaddr":"с. Крислово, ул. \"Иван Вазов\" №15","area":594.57353299944,"cadreg":501,"pnum":"531"}},{"type":"Feature","geometry":{"type":"Polygon","coordinates":[[[24.799052,42.244893],[24.798668,42.24469],[24.798523,42.244738],[24.798772,42.245022],[24.798873,42.245079],[24.799052,42.244893]]]},"properties":{"cadnum":"39918.501.532","purptype":"Урбанизирана","usetype":"Ниско застрояване (до 10 m)","proptype":"Частна","quarter":"4","immaddr":"с. Крислово, ул. \"Александър Стамболийски\" №16","area":859.52741398224,"cadreg":501,"pnum":"532"}},{"type":"Feature","geometry":{"type":"Polygon","coordinates":[[[24.797113,42.238821],[24.797084,42.238697],[24.796695,42.238735],[24.796742,42.238882],[24.797113,42.238821]]]},"properties":{"cadnum":"39918.501.533","purptype":"Урбанизирана","usetype":"Ниско застрояване (до 10 m)","proptype":"Частна","quarter":"17","immaddr":"с. Крислово, ул. \"Тракия\" №4","area":494.25885999611,"cadreg":501,"pnum":"533"}},{"type":"Feature","geometry":{"type":"Polygon","coordinates":[[[24.797084,42.238697],[24.797079,42.238675],[24.796726,42.23873],[24.796768,42.238725],[24.797084,42.238697]]]},"properties":{"cadnum":"39918.501.534","purptype":"Урбанизирана","usetype":"За второстепенна улица","proptype":"Частна","immaddr":"с. Крислово, ул. \"Тракия\" №4","area":35.522349503993,"cadreg":501,"pnum":"534"}},{"type":"Feature","geometry":{"type":"Polygon","coordinates":[[[24.791341,42.238875],[24.791195,42.238784],[24.790972,42.238994],[24.791117,42.239082],[24.791341,42.238875]]]},"properties":{"cadnum":"39918.501.535","purptype":"Урбанизирана","usetype":"Ниско застрояване (до 10 m)","proptype":"Частна","quarter":"24","immaddr":"с. Крислово, ул. \"Георги Димтиров\" №14","area":461.13586449583,"cadreg":501,"pnum":"535"}},{"type":"Feature","geometry":{"type":"Polygon","coordinates":[[[24.791488,42.238968],[24.791341,42.238875],[24.791117,42.239082],[24.791264,42.23917],[24.791488,42.238968]]]},"properties":{"cadnum":"39918.501.536","purptype":"Урбанизирана","usetype":"Ниско застрояване (до 10 m)","proptype":"Частна","quarter":"24","immaddr":"с. Крислово, ул. \"Георги Димтиров\" №14","area":461.54137300212,"cadreg":501,"pnum":"536"}},{"type":"Feature","geometry":{"type":"Polygon","coordinates":[[[24.791637,42.239061],[24.791488,42.238968],[24.791264,42.23917],[24.791413,42.23926],[24.791637,42.239061]]]},"properties":{"cadnum":"39918.501.537","purptype":"Урбанизирана","usetype":"Ниско застрояване (до 10 m)","proptype":"Частна","quarter":"24","immaddr":"с. Крислово, ул. \"Георги Димтиров\" №14","area":461.07463249965,"cadreg":501,"pnum":"537"}},{"type":"Feature","geometry":{"type":"Polygon","coordinates":[[[24.791665,42.240814],[24.791486,42.240509],[24.791133,42.24063],[24.79128,42.240851],[24.791665,42.240814]]]},"properties":{"cadnum":"39918.501.541","purptype":"Урбанизирана","usetype":"Ниско застрояване (до 10 m)","proptype":"Частна","quarter":"20","immaddr":"с. Крислово, ул. \"Граф Игнатиев\" №3","area":1011.5160614964,"cadreg":501,"pnum":"541"}},{"type":"Feature","geometry":{"type":"Polygon","coordinates":[[[24.791968,42.240785],[24.791764,42.240416],[24.791486,42.240509],[24.791665,42.240814],[24.791968,42.240785]]]},"properties":{"cadnum":"39918.501.542","purptype":"Урбанизирана","usetype":"Ниско застрояване (до 10 m)","proptype":"Частна","quarter":"20","immaddr":"с. Крислово, ул. \"Граф Игнатиев\" №3","area":1010.883662999,"cadreg":501,"pnum":"542"}},{"type":"Feature","geometry":{"type":"Polygon","coordinates":[[[24.796161,42.242878],[24.795612,42.242838],[24.795393,42.242806],[24.795356,42.242945],[24.796114,42.243055],[24.796161,42.242878]]]},"properties":{"cadnum":"39918.501.543","purptype":"Урбанизирана","usetype":"Ниско застрояване (до 10 m)","proptype":"Частна","quarter":"10","immaddr":"с. Крислово, Георги Димитров №38-А","area":1092.1002239903,"cadreg":501,"pnum":"543"}},{"type":"Feature","geometry":{"type":"Polygon","coordinates":[[[24.795393,42.242806],[24.795612,42.242838],[24.796161,42.242878],[24.796186,42.242785],[24.796175,42.242728],[24.795433,42.24266],[24.795393,42.242806]]]},"properties":{"cadnum":"39918.501.544","purptype":"Урбанизирана","usetype":"Ниско застрояване (до 10 m)","proptype":"Частна","quarter":"10","immaddr":"с. Крислово, Георги Димитров №38-А","area":1092.1680840091,"cadreg":501,"pnum":"544"}},{"type":"Feature","geometry":{"type":"Polygon","coordinates":[[[24.794681,42.239343],[24.794508,42.239242],[24.794338,42.239401],[24.794515,42.239503],[24.794681,42.239343]]]},"properties":{"cadnum":"39918.501.547","purptype":"Урбанизирана","usetype":"Ниско застрояване (до 10 m)","proptype":"Частна","quarter":"18","immaddr":"с. Крислово, ЙОРДАНКА НИКОЛОВА №3","area":412.56747899981,"cadreg":501,"pnum":"547"}},{"type":"Feature","geometry":{"type":"Polygon","coordinates":[[[24.794878,42.239412],[24.794711,42.239314],[24.794515,42.239503],[24.794647,42.239579],[24.794878,42.239412]]]},"properties":{"cadnum":"39918.501.548","purptype":"Урбанизирана","usetype":"Ниско застрояване (до 10 m)","proptype":"Частна","quarter":"18","immaddr":"с. Крислово, ЙОРДАНКА НИКОЛОВА №3","area":412.75274949847,"cadreg":501,"pnum":"548"}},{"type":"Feature","geometry":{"type":"Polygon","coordinates":[[[24.794711,42.239314],[24.794538,42.239214],[24.794508,42.239242],[24.794681,42.239343],[24.794711,42.239314]]]},"properties":{"cadnum":"39918.501.549","purptype":"Урбанизирана","usetype":"За второстепенна улица","proptype":"Частна","immaddr":"с. Крислово, ЙОРДАНКА НИКОЛОВА №3","area":72.596035504912,"cadreg":501,"pnum":"549"}},{"type":"Feature","geometry":{"type":"Polygon","coordinates":[[[24.79355,42.241769],[24.793519,42.241535],[24.793192,42.241569],[24.793213,42.241802],[24.79355,42.241769]]]},"properties":{"cadnum":"39918.501.555","purptype":"Урбанизирана","usetype":"Ниско застрояване (до 10 m)","proptype":"Частна","quarter":"13","immaddr":"с. Крислово, ул. СТАРА ПЛАНИНА №2","area":718.79569250362,"cadreg":501,"pnum":"555"}},{"type":"Feature","geometry":{"type":"Polygon","coordinates":[[[24.793884,42.241736],[24.793846,42.241502],[24.793519,42.241535],[24.79355,42.241769],[24.793884,42.241736]]]},"properties":{"cadnum":"39918.501.556","purptype":"Урбанизирана","usetype":"Ниско застрояване (до 10 m)","proptype":"Частна","quarter":"13","immaddr":"с. Крислово, ул. СТАРА ПЛАНИНА №2","area":719.14797049146,"cadreg":501,"pnum":"556"}},{"type":"Feature","geometry":{"type":"Polygon","coordinates":[[[24.793168,42.241324],[24.793192,42.241569],[24.793846,42.241502],[24.793809,42.241269],[24.793455,42.241304],[24.793454,42.241295],[24.793168,42.241324]]]},"properties":{"cadnum":"39918.501.557","purptype":"Урбанизирана","usetype":"Ниско застрояване (до 10 m)","proptype":"Частна","quarter":"13","immaddr":"с. Крислово, ул. СТАРА ПЛАНИНА №4","area":1432.1039415243,"cadreg":501,"pnum":"557"}},{"type":"Feature","geometry":{"type":"Polygon","coordinates":[[[24.793763,42.241274],[24.793735,42.24107],[24.793434,42.241093],[24.793455,42.241304],[24.793763,42.241274]]]},"properties":{"cadnum":"39918.501.558","purptype":"Урбанизирана","usetype":"Ниско застрояване (до 10 m)","proptype":"Частна","quarter":"13","immaddr":"с. Крислово, ул. СТАРА ПЛАНИНА №4-а","area":586.85681898695,"cadreg":501,"pnum":"558"}},{"type":"Feature","geometry":{"type":"Polygon","coordinates":[[[24.793735,42.24107],[24.793716,42.240928],[24.793646,42.240931],[24.793402,42.240769],[24.793434,42.241093],[24.793735,42.24107]]]},"properties":{"cadnum":"39918.501.559","purptype":"Урбанизирана","usetype":"Ниско застрояване (до 10 m)","proptype":"Частна","quarter":"13","immaddr":"с. Крислово, ул. СТАРА ПЛАНИНА №4-а","area":586.91056749861,"cadreg":501,"pnum":"559"}},{"type":"Feature","geometry":{"type":"Polygon","coordinates":[[[24.793454,42.241295],[24.793431,42.241059],[24.793143,42.24108],[24.793168,42.241324],[24.793454,42.241295]]]},"properties":{"cadnum":"39918.501.560","purptype":"Урбанизирана","usetype":"Ниско застрояване (до 10 m)","proptype":"Частна","quarter":"13","immaddr":"с. Крислово, ул. СТАРА ПЛАНИНА №6","area":636.89761499864,"cadreg":501,"pnum":"560"}},{"type":"Feature","geometry":{"type":"Polygon","coordinates":[[[24.790705,42.240981],[24.790606,42.240735],[24.790349,42.240795],[24.790447,42.24104],[24.790705,42.240981]]]},"properties":{"cadnum":"39918.501.568","purptype":"Урбанизирана","usetype":"Ниско застрояване (до 10 m)","proptype":"Частна","quarter":"21","immaddr":"с. Крислово, ул. ГРАФ ИГНАТИЕВ №5-а","area":632.46924349831,"cadreg":501,"pnum":"568"}},{"type":"Feature","geometry":{"type":"Polygon","coordinates":[[[24.790909,42.240934],[24.790809,42.240687],[24.790606,42.240735],[24.790705,42.240981],[24.790909,42.240934]]]},"properties":{"cadnum":"39918.501.569","purptype":"Урбанизирана","usetype":"Ниско застрояване (до 10 m)","proptype":"Частна","quarter":"21","immaddr":"с. Крислово, ул. ГРАФ ИГНАТИЕВ №5-а","area":500.15483250041,"cadreg":501,"pnum":"569"}},{"type":"Feature","geometry":{"type":"Polygon","coordinates":[[[24.791184,42.24087],[24.791032,42.240634],[24.790809,42.240687],[24.790909,42.240934],[24.791184,42.24087]]]},"properties":{"cadnum":"39918.501.570","purptype":"Урбанизирана","usetype":"Ниско застрояване (до 10 m)","proptype":"Частна","quarter":"21","immaddr":"с. Крислово, ул. ГРАФ ИГНАТИЕВ №5-а","area":620.66920100039,"cadreg":501,"pnum":"570"}},{"type":"Feature","geometry":{"type":"Polygon","coordinates":[[[24.7927,42.238949],[24.793011,42.239134],[24.793161,42.238996],[24.792853,42.238809],[24.7927,42.238949]]]},"properties":{"cadnum":"39918.501.575","purptype":"Урбанизирана","usetype":"Ниско застрояване (до 10 m)","proptype":"Частна","quarter":"19","immaddr":"с. Крислово, ул. ЮРИЙ ГАГАРИН №5","area":651.5152640052,"cadreg":501,"pnum":"575"}},{"type":"Feature","geometry":{"type":"Polygon","coordinates":[[[24.792853,42.238809],[24.793161,42.238996],[24.793011,42.239134],[24.793225,42.239261],[24.79341,42.239089],[24.792891,42.238774],[24.792853,42.238809]]]},"properties":{"cadnum":"39918.501.576","purptype":"Урбанизирана","usetype":"Ниско застрояване (до 10 m)","proptype":"Частна","quarter":"19","immaddr":"с. Крислово, ул. ЮРИЙ ГАГАРИН №5","area":716.12297449417,"cadreg":501,"pnum":"576"}},{"type":"Feature","geometry":{"type":"Polygon","coordinates":[[[24.799407,42.24412],[24.799605,42.244059],[24.799464,42.243747],[24.799272,42.243728],[24.799312,42.243984],[24.799407,42.24412]]]},"properties":{"cadnum":"39918.501.578","purptype":"Урбанизирана","usetype":"Ниско застрояване (до 10 m)","proptype":"Частна","quarter":"7","immaddr":"с. Крислово, РАЙКО ДАСКАЛОВ №11","area":741.48755149538,"cadreg":501,"pnum":"578"}},{"type":"Feature","geometry":{"type":"Polygon","coordinates":[[[24.799464,42.243747],[24.799605,42.244059],[24.799877,42.243971],[24.79981,42.243781],[24.799464,42.243747]]]},"properties":{"cadnum":"39918.501.579","purptype":"Урбанизирана","usetype":"Ниско застрояване (до 10 m)","proptype":"Частна","quarter":"7","immaddr":"с. Крислово, РАЙКО ДАСКАЛОВ №11","area":741.39515049518,"cadreg":501,"pnum":"579"}},{"type":"Feature","geometry":{"type":"Polygon","coordinates":[[[24.793396,42.237678],[24.793683,42.237879],[24.79392,42.237667],[24.793613,42.237479],[24.793396,42.237678]]]},"properties":{"cadnum":"39918.501.587","purptype":"Урбанизирана","usetype":"Ниско застрояване (до 10 m)","proptype":"Частна","quarter":"26","immaddr":"с. Крислово, ХРИСТО СМИРНЕНСКИ №1","area":960.90290201686,"cadreg":501,"pnum":"587"}},{"type":"Feature","geometry":{"type":"Polygon","coordinates":[[[24.793613,42.237479],[24.79392,42.237667],[24.793932,42.237657],[24.793626,42.237468],[24.793613,42.237479]]]},"properties":{"cadnum":"39918.501.588","purptype":"Урбанизирана","usetype":"За друг поземлен имот за движение и транспорт","proptype":"Частна","immaddr":"с. Крислово, ХРИСТО СМИРНЕНСКИ №1","area":52.333951494481,"cadreg":501,"pnum":"588"}}]}