{"type":"FeatureCollection","features":[{"type":"Feature","geometry":{"type":"Polygon","coordinates":[[[24.81468,42.063575],[24.814561,42.063506],[24.814507,42.063557],[24.814628,42.063626],[24.81468,42.063575]]]},"properties":{"num":9}},{"type":"Feature","geometry":{"type":"Polygon","coordinates":[[[24.813715,42.063495],[24.813532,42.06339],[24.813473,42.063448],[24.813653,42.063553],[24.813715,42.063495]]]},"properties":{"num":11}},{"type":"Feature","geometry":{"type":"Polygon","coordinates":[[[24.813593,42.063252],[24.813295,42.063084],[24.813205,42.063173],[24.813499,42.063343],[24.813593,42.063252]]]},"properties":{"num":12}},{"type":"Feature","geometry":{"type":"Polygon","coordinates":[[[24.813159,42.063136],[24.813031,42.063062],[24.81294,42.063149],[24.813068,42.063223],[24.813159,42.063136]]]},"properties":{"num":14}},{"type":"Feature","geometry":{"type":"Polygon","coordinates":[[[24.813064,42.063005],[24.813017,42.062977],[24.812883,42.063105],[24.812928,42.063134],[24.813064,42.063005]]]},"properties":{"num":15}},{"type":"Feature","geometry":{"type":"Polygon","coordinates":[[[24.813019,42.062975],[24.812292,42.062557],[24.812155,42.062689],[24.812879,42.063108],[24.813019,42.062975]]]},"properties":{"num":16}},{"type":"Feature","geometry":{"type":"Polygon","coordinates":[[[24.814719,42.064446],[24.814371,42.064251],[24.814275,42.064341],[24.81462,42.064538],[24.814595,42.064562],[24.814633,42.064584],[24.814682,42.064536],[24.814647,42.064516],[24.814719,42.064446]]]},"properties":{"num":18}},{"type":"Feature","geometry":{"type":"Polygon","coordinates":[[[24.805811,42.062029],[24.806017,42.061835],[24.805955,42.061797],[24.805783,42.061962],[24.805764,42.061948],[24.805729,42.06198],[24.805811,42.062029]]]},"properties":{"num":1}},{"type":"Feature","geometry":{"type":"Polygon","coordinates":[[[24.805718,42.061454],[24.805653,42.061512],[24.805658,42.061516],[24.805545,42.061624],[24.805559,42.061633],[24.805532,42.061655],[24.805516,42.061647],[24.805413,42.061746],[24.805455,42.06177],[24.805471,42.061757],[24.805566,42.061812],[24.805792,42.061596],[24.805701,42.061542],[24.805765,42.061482],[24.805718,42.061454]]]},"properties":{"num":2}},{"type":"Feature","geometry":{"type":"Polygon","coordinates":[[[24.809171,42.061765],[24.809076,42.06159],[24.80893,42.061627],[24.80891,42.061628],[24.808831,42.061652],[24.808932,42.061842],[24.809171,42.061765]]]},"properties":{"num":4}},{"type":"Feature","geometry":{"type":"Polygon","coordinates":[[[24.810265,42.061859],[24.809922,42.06166],[24.80976,42.061819],[24.810111,42.062021],[24.810203,42.061928],[24.810197,42.061925],[24.810265,42.061859]]]},"properties":{"num":5}},{"type":"Feature","geometry":{"type":"Polygon","coordinates":[[[24.809015,42.061136],[24.809033,42.061118],[24.809017,42.061109],[24.808998,42.061127],[24.808802,42.061013],[24.808669,42.061143],[24.809647,42.061713],[24.809782,42.06158],[24.809015,42.061136]]]},"properties":{"num":6}},{"type":"Feature","geometry":{"type":"Polygon","coordinates":[[[24.808802,42.061013],[24.808715,42.060963],[24.808669,42.061007],[24.808758,42.061056],[24.808802,42.061013]]]},"properties":{"num":7}},{"type":"Feature","geometry":{"type":"Polygon","coordinates":[[[24.808833,42.061276],[24.808748,42.061226],[24.80872,42.061253],[24.808806,42.061302],[24.808833,42.061276]]]},"properties":{"num":8}},{"type":"Feature","geometry":{"type":"Polygon","coordinates":[[[24.810443,42.061205],[24.81027,42.061101],[24.810176,42.06119],[24.81035,42.061295],[24.810443,42.061205]]]},"properties":{"num":11}},{"type":"Feature","geometry":{"type":"Polygon","coordinates":[[[24.810061,42.060806],[24.809977,42.060757],[24.809945,42.060788],[24.810029,42.060838],[24.810061,42.060806]]]},"properties":{"num":12}},{"type":"Feature","geometry":{"type":"Polygon","coordinates":[[[24.809706,42.060644],[24.809676,42.060626],[24.809655,42.060645],[24.809686,42.060663],[24.809706,42.060644]]]},"properties":{"num":14}},{"type":"Feature","geometry":{"type":"Polygon","coordinates":[[[24.808248,42.059644],[24.808187,42.059609],[24.808125,42.059668],[24.808186,42.059704],[24.808248,42.059644]]]},"properties":{"num":20}},{"type":"Feature","geometry":{"type":"Polygon","coordinates":[[[24.80843,42.05947],[24.808305,42.0594],[24.808124,42.059574],[24.808248,42.059644],[24.80843,42.05947]]]},"properties":{"num":21}},{"type":"Feature","geometry":{"type":"Polygon","coordinates":[[[24.808519,42.059786],[24.808457,42.059762],[24.808385,42.059868],[24.808448,42.059891],[24.808519,42.059786]]]},"properties":{"num":23}},{"type":"Feature","geometry":{"type":"Polygon","coordinates":[[[24.808831,42.059862],[24.808683,42.059775],[24.808652,42.059804],[24.808799,42.059892],[24.808831,42.059862]]]},"properties":{"num":24}},{"type":"Feature","geometry":{"type":"Polygon","coordinates":[[[24.808947,42.059832],[24.808553,42.059601],[24.80849,42.059662],[24.808883,42.059892],[24.808947,42.059832]]]},"properties":{"num":25}},{"type":"Feature","geometry":{"type":"Polygon","coordinates":[[[24.809305,42.059882],[24.809087,42.059758],[24.809023,42.059822],[24.809005,42.059811],[24.808987,42.059829],[24.809222,42.05996],[24.809305,42.059882]]]},"properties":{"num":26}},{"type":"Feature","geometry":{"type":"Polygon","coordinates":[[[24.80891,42.059227],[24.808814,42.059172],[24.808773,42.059211],[24.808766,42.059207],[24.808632,42.059336],[24.809158,42.059644],[24.809295,42.05951],[24.80887,42.059266],[24.80891,42.059227]]]},"properties":{"num":29}},{"type":"Feature","geometry":{"type":"Polygon","coordinates":[[[24.810199,42.059497],[24.810507,42.059201],[24.810521,42.059209],[24.810636,42.059094],[24.810576,42.05906],[24.810588,42.05905],[24.810451,42.058971],[24.810414,42.059007],[24.810129,42.058844],[24.810072,42.058899],[24.810102,42.058916],[24.810056,42.05896],[24.810027,42.058945],[24.809985,42.058986],[24.809938,42.058959],[24.809865,42.05903],[24.809941,42.059073],[24.809738,42.059269],[24.809859,42.059339],[24.809955,42.059246],[24.810066,42.05931],[24.810042,42.059334],[24.810163,42.059403],[24.810113,42.059449],[24.810199,42.059497]]]},"properties":{"num":39}},{"type":"Feature","geometry":{"type":"Polygon","coordinates":[[[24.81075,42.059166],[24.810717,42.059148],[24.810684,42.05918],[24.810716,42.059199],[24.81075,42.059166]]]},"properties":{"num":43}},{"type":"Feature","geometry":{"type":"Polygon","coordinates":[[[24.813462,42.056607],[24.813458,42.056582],[24.813414,42.056586],[24.813417,42.056611],[24.813462,42.056607]]]},"properties":{"num":51}},{"type":"Feature","geometry":{"type":"Polygon","coordinates":[[[24.813752,42.05675],[24.813518,42.056615],[24.813457,42.056674],[24.813562,42.056735],[24.813585,42.056713],[24.813714,42.056787],[24.813752,42.05675]]]},"properties":{"num":52}},{"type":"Feature","geometry":{"type":"Polygon","coordinates":[[[24.81369,42.056773],[24.813585,42.056713],[24.813548,42.056748],[24.813653,42.056809],[24.81369,42.056773]]]},"properties":{"num":53}},{"type":"Feature","geometry":{"type":"Polygon","coordinates":[[[24.814424,42.056922],[24.813906,42.056621],[24.813792,42.056731],[24.814311,42.057032],[24.814424,42.056922]]]},"properties":{"num":54}},{"type":"Feature","geometry":{"type":"Polygon","coordinates":[[[24.814544,42.057114],[24.814372,42.057015],[24.814328,42.057057],[24.814499,42.057157],[24.814544,42.057114]]]},"properties":{"num":55}},{"type":"Feature","geometry":{"type":"Polygon","coordinates":[[[24.809292,42.064251],[24.809411,42.06432],[24.809501,42.064233],[24.809555,42.064263],[24.809669,42.064155],[24.809378,42.063987],[24.809264,42.064097],[24.809378,42.064163],[24.809292,42.064251]]]},"properties":{"num":1}},{"type":"Feature","geometry":{"type":"Polygon","coordinates":[[[24.809625,42.064198],[24.809532,42.064284],[24.809618,42.064336],[24.809713,42.06425],[24.809625,42.064198]]]},"properties":{"num":2}},{"type":"Feature","geometry":{"type":"Polygon","coordinates":[[[24.80919,42.064339],[24.809217,42.064312],[24.8092,42.064302],[24.809173,42.06433],[24.80919,42.064339]]]},"properties":{"num":3}},{"type":"Feature","geometry":{"type":"Polygon","coordinates":[[[24.809776,42.064076],[24.809809,42.064044],[24.809766,42.06402],[24.809733,42.064052],[24.809776,42.064076]]]},"properties":{"num":4}},{"type":"Feature","geometry":{"type":"Polygon","coordinates":[[[24.809983,42.063747],[24.80994,42.063711],[24.809902,42.063735],[24.809925,42.063755],[24.809912,42.063763],[24.809932,42.06378],[24.809983,42.063747]]]},"properties":{"num":5}},{"type":"Feature","geometry":{"type":"Polygon","coordinates":[[[24.811142,42.064803],[24.81132,42.064627],[24.810729,42.064286],[24.810547,42.06446],[24.811142,42.064803]]]},"properties":{"num":6}},{"type":"Feature","geometry":{"type":"Polygon","coordinates":[[[24.811317,42.064904],[24.811497,42.064729],[24.81132,42.064627],[24.811142,42.064803],[24.811317,42.064904]]]},"properties":{"num":7}},{"type":"Feature","geometry":{"type":"Polygon","coordinates":[[[24.811778,42.065169],[24.811958,42.064995],[24.811497,42.064729],[24.811317,42.064904],[24.811778,42.065169]]]},"properties":{"num":8}},{"type":"Feature","geometry":{"type":"Polygon","coordinates":[[[24.818452,42.060123],[24.818339,42.060057],[24.818259,42.060135],[24.818371,42.0602],[24.818452,42.060123]]]},"properties":{"num":155}},{"type":"Feature","geometry":{"type":"Polygon","coordinates":[[[24.814501,42.062223],[24.8141,42.06199],[24.813828,42.062252],[24.814228,42.062487],[24.814223,42.062491],[24.814312,42.062543],[24.81436,42.062497],[24.814271,42.062445],[24.814501,42.062223]]]},"properties":{"num":156}},{"type":"Feature","geometry":{"type":"Polygon","coordinates":[[[24.813879,42.062203],[24.81368,42.062088],[24.813627,42.062137],[24.813828,42.062252],[24.813879,42.062203]]]},"properties":{"num":157}},{"type":"Feature","geometry":{"type":"Polygon","coordinates":[[[24.81497,42.062094],[24.814889,42.062048],[24.814856,42.06208],[24.814937,42.062127],[24.81497,42.062094]]]},"properties":{"num":158}},{"type":"Feature","geometry":{"type":"Polygon","coordinates":[[[24.816222,42.063026],[24.81616,42.062991],[24.816068,42.06308],[24.816245,42.063181],[24.816315,42.063113],[24.816199,42.063048],[24.816222,42.063026]]]},"properties":{"num":159}},{"type":"Feature","geometry":{"type":"Polygon","coordinates":[[[24.812562,42.061474],[24.812502,42.061439],[24.812468,42.061472],[24.812529,42.061507],[24.812562,42.061474]]]},"properties":{"num":160}},{"type":"Feature","geometry":{"type":"Polygon","coordinates":[[[24.813347,42.060788],[24.813305,42.060764],[24.8132,42.060864],[24.813242,42.060888],[24.813347,42.060788]]]},"properties":{"num":161}},{"type":"Feature","geometry":{"type":"Polygon","coordinates":[[[24.817806,42.060386],[24.817617,42.060276],[24.817512,42.060376],[24.817701,42.060486],[24.817806,42.060386]]]},"properties":{"num":162}},{"type":"Feature","geometry":{"type":"Polygon","coordinates":[[[24.8143,42.060675],[24.81418,42.060605],[24.814039,42.060739],[24.814161,42.060809],[24.8143,42.060675]]]},"properties":{"num":163}},{"type":"Feature","geometry":{"type":"Polygon","coordinates":[[[24.81462,42.064538],[24.814275,42.064341],[24.814345,42.064273],[24.81399,42.064066],[24.81381,42.06424],[24.814052,42.064377],[24.814017,42.064413],[24.814075,42.064446],[24.814109,42.064413],[24.814217,42.064476],[24.814179,42.064512],[24.81447,42.06468],[24.81462,42.064538]]]},"properties":{"num":1}},{"type":"Feature","geometry":{"type":"Polygon","coordinates":[[[24.814789,42.064808],[24.814759,42.064791],[24.814735,42.064813],[24.814766,42.06483],[24.814789,42.064808]]]},"properties":{"num":4}},{"type":"Feature","geometry":{"type":"Polygon","coordinates":[[[24.815,42.064516],[24.815059,42.064458],[24.815028,42.06444],[24.815001,42.064465],[24.814984,42.064456],[24.814951,42.064488],[24.815,42.064516]]]},"properties":{"num":5}},{"type":"Feature","geometry":{"type":"Polygon","coordinates":[[[24.814803,42.064366],[24.815109,42.064064],[24.815097,42.064058],[24.815122,42.064032],[24.815134,42.064039],[24.815168,42.064006],[24.815068,42.063949],[24.815036,42.06398],[24.814563,42.063706],[24.814204,42.064046],[24.814245,42.064069],[24.814236,42.064078],[24.81433,42.064132],[24.814355,42.064108],[24.814803,42.064366]]]},"properties":{"num":6}},{"type":"Feature","geometry":{"type":"Polygon","coordinates":[[[24.814204,42.064046],[24.81426,42.063992],[24.814229,42.063974],[24.814205,42.063997],[24.814102,42.063937],[24.814069,42.063967],[24.814204,42.064046]]]},"properties":{"num":7}},{"type":"Feature","geometry":{"type":"Polygon","coordinates":[[[24.814294,42.063655],[24.813831,42.063387],[24.813653,42.063553],[24.81412,42.06382],[24.814294,42.063655]]]},"properties":{"num":10}},{"type":"Feature","geometry":{"type":"Polygon","coordinates":[[[24.812934,42.067842],[24.812844,42.067931],[24.813159,42.068098],[24.813246,42.068006],[24.812934,42.067842]]]},"properties":{"num":2}},{"type":"Feature","geometry":{"type":"Polygon","coordinates":[[[24.81284,42.067824],[24.812817,42.067809],[24.812797,42.067826],[24.81282,42.067841],[24.81284,42.067824]]]},"properties":{"num":3}},{"type":"Feature","geometry":{"type":"Polygon","coordinates":[[[24.812707,42.067797],[24.812734,42.067813],[24.812755,42.067793],[24.812729,42.067777],[24.812707,42.067797]]]},"properties":{"num":4}},{"type":"Feature","geometry":{"type":"Polygon","coordinates":[[[24.812986,42.067869],[24.813003,42.067853],[24.813009,42.067857],[24.81302,42.067845],[24.813015,42.067842],[24.813033,42.067824],[24.813009,42.06781],[24.813053,42.067767],[24.813028,42.067752],[24.813043,42.067739],[24.81305,42.067743],[24.813062,42.067732],[24.813055,42.067727],[24.813073,42.06771],[24.812992,42.067663],[24.812943,42.067709],[24.812968,42.067724],[24.812922,42.067766],[24.812945,42.067779],[24.812901,42.067821],[24.812986,42.067869]]]},"properties":{"num":5}},{"type":"Feature","geometry":{"type":"Polygon","coordinates":[[[24.813259,42.067334],[24.812943,42.067634],[24.813089,42.067719],[24.813359,42.06746],[24.813345,42.067452],[24.81339,42.06741],[24.813259,42.067334]]]},"properties":{"num":6}},{"type":"Feature","geometry":{"type":"Polygon","coordinates":[[[24.81343,42.067205],[24.813466,42.06717],[24.813452,42.067162],[24.813477,42.067138],[24.813419,42.067105],[24.813359,42.067163],[24.81343,42.067205]]]},"properties":{"num":1}},{"type":"Feature","geometry":{"type":"Polygon","coordinates":[[[24.812547,42.068417],[24.812641,42.06833],[24.812376,42.068177],[24.812284,42.068265],[24.812547,42.068417]]]},"properties":{"num":1}},{"type":"Feature","geometry":{"type":"Polygon","coordinates":[[[24.811267,42.057555],[24.810911,42.057467],[24.810635,42.05809],[24.810991,42.058177],[24.811267,42.057555]]]},"properties":{"num":1}},{"type":"Feature","geometry":{"type":"Polygon","coordinates":[[[24.811789,42.057928],[24.81175,42.057658],[24.81164,42.057667],[24.811679,42.057936],[24.811789,42.057928]]]},"properties":{"num":3}},{"type":"Feature","geometry":{"type":"Polygon","coordinates":[[[24.812001,42.057996],[24.81193,42.057503],[24.811734,42.057519],[24.811806,42.058011],[24.812001,42.057996]]]},"properties":{"num":4}},{"type":"Feature","geometry":{"type":"Polygon","coordinates":[[[24.812272,42.057599],[24.812229,42.057573],[24.812117,42.057678],[24.812228,42.057743],[24.812323,42.057651],[24.812257,42.057613],[24.812272,42.057599]]]},"properties":{"num":5}},{"type":"Feature","geometry":{"type":"Polygon","coordinates":[[[24.815159,42.057248],[24.815111,42.05722],[24.815079,42.057251],[24.815096,42.05726],[24.815068,42.057287],[24.8151,42.057305],[24.815159,42.057248]]]},"properties":{"num":1}},{"type":"Feature","geometry":{"type":"Polygon","coordinates":[[[24.81266,42.068162],[24.812671,42.068152],[24.812703,42.06817],[24.812723,42.068152],[24.812671,42.068121],[24.81266,42.068132],[24.81265,42.068126],[24.812629,42.068145],[24.81266,42.068162]]]},"properties":{"num":1}},{"type":"Feature","geometry":{"type":"Polygon","coordinates":[[[24.812186,42.068243],[24.812277,42.068154],[24.811128,42.067489],[24.811036,42.067577],[24.812186,42.068243]]]},"properties":{"num":1}},{"type":"Feature","geometry":{"type":"Polygon","coordinates":[[[24.811965,42.068115],[24.811943,42.068135],[24.811991,42.068162],[24.812012,42.068142],[24.811965,42.068115]]]},"properties":{"num":2}},{"type":"Feature","geometry":{"type":"Polygon","coordinates":[[[24.811616,42.067552],[24.811563,42.067522],[24.811545,42.067539],[24.811598,42.067569],[24.811616,42.067552]]]},"properties":{"num":3}},{"type":"Feature","geometry":{"type":"Polygon","coordinates":[[[24.810769,42.067432],[24.810816,42.067387],[24.810699,42.067318],[24.810651,42.067363],[24.810769,42.067432]]]},"properties":{"num":1}},{"type":"Feature","geometry":{"type":"Polygon","coordinates":[[[24.809472,42.066571],[24.809441,42.066553],[24.809463,42.066532],[24.809401,42.066496],[24.809309,42.066585],[24.809402,42.066638],[24.809472,42.066571]]]},"properties":{"num":1}},{"type":"Feature","geometry":{"type":"Polygon","coordinates":[[[24.809756,42.066832],[24.809819,42.066772],[24.809664,42.066681],[24.8096,42.066741],[24.809756,42.066832]]]},"properties":{"num":2}},{"type":"Feature","geometry":{"type":"Polygon","coordinates":[[[24.81004,42.066681],[24.81011,42.066713],[24.810153,42.066661],[24.810082,42.066629],[24.81004,42.066681]]]},"properties":{"num":3}},{"type":"Feature","geometry":{"type":"Polygon","coordinates":[[[24.810303,42.06683],[24.810212,42.066918],[24.81053,42.067103],[24.810622,42.067014],[24.810303,42.06683]]]},"properties":{"num":4}},{"type":"Feature","geometry":{"type":"Polygon","coordinates":[[[24.812654,42.066975],[24.812414,42.06684],[24.812277,42.066975],[24.812516,42.067109],[24.812654,42.066975]]]},"properties":{"num":1}},{"type":"Feature","geometry":{"type":"Polygon","coordinates":[[[24.812863,42.06731],[24.812999,42.06718],[24.812709,42.067012],[24.812573,42.067142],[24.812863,42.06731]]]},"properties":{"num":2}},{"type":"Feature","geometry":{"type":"Polygon","coordinates":[[[24.812417,42.067352],[24.81255,42.067224],[24.812431,42.067155],[24.812298,42.067283],[24.812417,42.067352]]]},"properties":{"num":3}},{"type":"Feature","geometry":{"type":"Polygon","coordinates":[[[24.812241,42.067251],[24.811972,42.06751],[24.812149,42.067611],[24.812417,42.067352],[24.812241,42.067251]]]},"properties":{"num":4}},{"type":"Feature","geometry":{"type":"Polygon","coordinates":[[[24.812523,42.067622],[24.812792,42.06736],[24.812635,42.06727],[24.812364,42.067531],[24.812523,42.067622]]]},"properties":{"num":5}},{"type":"Feature","geometry":{"type":"Polygon","coordinates":[[[24.812354,42.067526],[24.812218,42.067657],[24.812395,42.067757],[24.812531,42.067627],[24.812354,42.067526]]]},"properties":{"num":6}},{"type":"Feature","geometry":{"type":"Polygon","coordinates":[[[24.811656,42.067328],[24.811748,42.06724],[24.811629,42.067172],[24.811537,42.067261],[24.811656,42.067328]]]},"properties":{"num":1}},{"type":"Feature","geometry":{"type":"Polygon","coordinates":[[[24.812222,42.066962],[24.811984,42.066827],[24.811629,42.067172],[24.811748,42.06724],[24.811656,42.067328],[24.811777,42.067397],[24.812222,42.066962]]]},"properties":{"num":2}},{"type":"Feature","geometry":{"type":"Polygon","coordinates":[[[24.810476,42.064896],[24.810664,42.064715],[24.810565,42.064658],[24.810378,42.064838],[24.810476,42.064896]]]},"properties":{"num":1}},{"type":"Feature","geometry":{"type":"Polygon","coordinates":[[[24.81069,42.064705],[24.810467,42.06492],[24.810562,42.064979],[24.810786,42.064762],[24.81069,42.064705]]]},"properties":{"num":2}},{"type":"Feature","geometry":{"type":"Polygon","coordinates":[[[24.810642,42.065079],[24.810898,42.064832],[24.810801,42.064777],[24.810545,42.065023],[24.810642,42.065079]]]},"properties":{"num":3}},{"type":"Feature","geometry":{"type":"Polygon","coordinates":[[[24.810741,42.065052],[24.811432,42.065452],[24.811613,42.065278],[24.810922,42.064878],[24.810741,42.065052]]]},"properties":{"num":1}},{"type":"Feature","geometry":{"type":"Polygon","coordinates":[[[24.812019,42.066033],[24.811501,42.065733],[24.81132,42.065906],[24.811838,42.066206],[24.812019,42.066033]]]},"properties":{"num":1}},{"type":"Feature","geometry":{"type":"Polygon","coordinates":[[[24.812023,42.066029],[24.811834,42.06621],[24.811953,42.066277],[24.812142,42.066097],[24.812023,42.066029]]]},"properties":{"num":2}},{"type":"Feature","geometry":{"type":"Polygon","coordinates":[[[24.812255,42.066168],[24.812138,42.066101],[24.811957,42.066274],[24.812073,42.066342],[24.812255,42.066168]]]},"properties":{"num":3}},{"type":"Feature","geometry":{"type":"Polygon","coordinates":[[[24.812244,42.065851],[24.812381,42.06572],[24.812091,42.065551],[24.811954,42.065683],[24.812244,42.065851]]]},"properties":{"num":5}},{"type":"Feature","geometry":{"type":"Polygon","coordinates":[[[24.812721,42.065435],[24.812202,42.065136],[24.812021,42.065309],[24.81254,42.065609],[24.812721,42.065435]]]},"properties":{"num":7}},{"type":"Feature","geometry":{"type":"Polygon","coordinates":[[[24.812584,42.065566],[24.81254,42.065609],[24.812716,42.065711],[24.81276,42.065668],[24.812584,42.065566]]]},"properties":{"num":8}},{"type":"Feature","geometry":{"type":"Polygon","coordinates":[[[24.812897,42.065536],[24.812721,42.065435],[24.812584,42.065566],[24.81276,42.065668],[24.812897,42.065536]]]},"properties":{"num":9}},{"type":"Feature","geometry":{"type":"Polygon","coordinates":[[[24.812994,42.065183],[24.812958,42.065218],[24.813191,42.065349],[24.813226,42.065315],[24.812994,42.065183]]]},"properties":{"num":12}},{"type":"Feature","geometry":{"type":"Polygon","coordinates":[[[24.813649,42.066115],[24.81383,42.065943],[24.813251,42.065608],[24.81307,42.065781],[24.813649,42.066115]]]},"properties":{"num":15}},{"type":"Feature","geometry":{"type":"Polygon","coordinates":[[[24.813819,42.06611],[24.81385,42.066128],[24.813869,42.066112],[24.813837,42.066093],[24.813819,42.06611]]]},"properties":{"num":16}},{"type":"Feature","geometry":{"type":"Polygon","coordinates":[[[24.813615,42.06629],[24.813644,42.066308],[24.813667,42.066287],[24.813638,42.06627],[24.813615,42.06629]]]},"properties":{"num":17}},{"type":"Feature","geometry":{"type":"Polygon","coordinates":[[[24.81324,42.066353],[24.813467,42.066137],[24.813348,42.066068],[24.813124,42.066285],[24.81324,42.066353]]]},"properties":{"num":19}},{"type":"Feature","geometry":{"type":"Polygon","coordinates":[[[24.813124,42.066285],[24.81317,42.06624],[24.8131,42.0662],[24.813055,42.066244],[24.813124,42.066285]]]},"properties":{"num":20}},{"type":"Feature","geometry":{"type":"Polygon","coordinates":[[[24.813103,42.065925],[24.812878,42.066142],[24.813055,42.066244],[24.81328,42.066028],[24.813103,42.065925]]]},"properties":{"num":21}},{"type":"Feature","geometry":{"type":"Polygon","coordinates":[[[24.812878,42.066142],[24.813132,42.065898],[24.813027,42.065837],[24.812865,42.065992],[24.812884,42.066003],[24.812792,42.066092],[24.812878,42.066142]]]},"properties":{"num":22}},{"type":"Feature","geometry":{"type":"Polygon","coordinates":[[[24.812457,42.066501],[24.812635,42.066604],[24.812731,42.066513],[24.812553,42.06641],[24.812457,42.066501]]]},"properties":{"num":25}},{"type":"Feature","geometry":{"type":"Polygon","coordinates":[[[24.813008,42.068174],[24.813004,42.068178],[24.813045,42.068202],[24.8131,42.068148],[24.813028,42.068106],[24.812976,42.068156],[24.813008,42.068174]]]},"properties":{"num":1}},{"type":"Feature","geometry":{"type":"Polygon","coordinates":[[[24.815532,42.064501],[24.815738,42.064299],[24.815591,42.064213],[24.815494,42.064308],[24.815596,42.064367],[24.815574,42.064388],[24.815554,42.064376],[24.815466,42.064463],[24.815532,42.064501]]]},"properties":{"num":1}},{"type":"Feature","geometry":{"type":"Polygon","coordinates":[[[24.81676,42.064469],[24.816525,42.064333],[24.816492,42.064366],[24.816465,42.06435],[24.816413,42.064401],[24.81644,42.064416],[24.816434,42.064421],[24.816669,42.064557],[24.81676,42.064469]]]},"properties":{"num":2}},{"type":"Feature","geometry":{"type":"Polygon","coordinates":[[[24.815795,42.063308],[24.815143,42.062925],[24.814942,42.063118],[24.815175,42.063255],[24.815156,42.063273],[24.81521,42.063304],[24.815229,42.063286],[24.815292,42.063322],[24.815271,42.063341],[24.815323,42.063371],[24.815272,42.063419],[24.815533,42.063571],[24.815603,42.063505],[24.815594,42.063498],[24.815795,42.063308]]]},"properties":{"num":3}},{"type":"Feature","geometry":{"type":"Polygon","coordinates":[[[24.816638,42.063681],[24.81671,42.06361],[24.816649,42.063574],[24.816677,42.063546],[24.816668,42.063541],[24.816713,42.063498],[24.81677,42.063531],[24.816837,42.063469],[24.816778,42.063436],[24.816839,42.063378],[24.816898,42.06341],[24.816961,42.063349],[24.816904,42.063316],[24.816946,42.063276],[24.816958,42.063283],[24.817049,42.063199],[24.816902,42.063114],[24.816789,42.063223],[24.816842,42.063256],[24.816589,42.063496],[24.816579,42.06349],[24.816446,42.06362],[24.816545,42.063676],[24.816577,42.063645],[24.816638,42.063681]]]},"properties":{"num":4}},{"type":"Feature","geometry":{"type":"Polygon","coordinates":[[[24.817633,42.063528],[24.817556,42.063483],[24.817448,42.063586],[24.817526,42.063631],[24.817633,42.063528]]]},"properties":{"num":5}},{"type":"Feature","geometry":{"type":"Polygon","coordinates":[[[24.817261,42.063194],[24.817187,42.063149],[24.817105,42.063224],[24.81718,42.063269],[24.817261,42.063194]]]},"properties":{"num":6}},{"type":"Feature","geometry":{"type":"Polygon","coordinates":[[[24.817313,42.063126],[24.817672,42.062777],[24.817786,42.062845],[24.817864,42.06277],[24.817846,42.062758],[24.817867,42.062736],[24.817901,42.062734],[24.818118,42.062527],[24.818038,42.062481],[24.818237,42.062286],[24.818173,42.062247],[24.817967,42.06244],[24.817875,42.062386],[24.817775,42.062483],[24.817708,42.062446],[24.817672,42.062481],[24.817607,42.062444],[24.817513,42.06253],[24.817552,42.062552],[24.817528,42.062575],[24.817491,42.062553],[24.817164,42.062865],[24.817224,42.0629],[24.817321,42.062807],[24.817394,42.062848],[24.817532,42.062718],[24.817592,42.062754],[24.817304,42.06303],[24.817345,42.063054],[24.817285,42.06311],[24.817313,42.063126]]]},"properties":{"num":7}},{"type":"Feature","geometry":{"type":"Polygon","coordinates":[[[24.819119,42.062519],[24.819059,42.062485],[24.819022,42.06252],[24.819025,42.06254],[24.819002,42.062563],[24.818983,42.062565],[24.818956,42.06259],[24.818958,42.062605],[24.818939,42.062606],[24.818912,42.062632],[24.818915,42.062647],[24.818895,42.062648],[24.818889,42.062654],[24.818892,42.062669],[24.81894,42.062696],[24.819119,42.062519]]]},"properties":{"num":8}},{"type":"Feature","geometry":{"type":"Polygon","coordinates":[[[24.818761,42.061396],[24.818671,42.061344],[24.818601,42.061411],[24.818749,42.061495],[24.818796,42.06145],[24.818737,42.061417],[24.818761,42.061396]]]},"properties":{"num":11}},{"type":"Feature","geometry":{"type":"Polygon","coordinates":[[[24.819169,42.061606],[24.819073,42.061551],[24.819017,42.061603],[24.818904,42.061539],[24.818853,42.061588],[24.819081,42.061719],[24.819132,42.06167],[24.819113,42.061659],[24.819169,42.061606]]]},"properties":{"num":12}},{"type":"Feature","geometry":{"type":"Polygon","coordinates":[[[24.819468,42.061232],[24.819437,42.061214],[24.819427,42.061225],[24.819422,42.061222],[24.819073,42.061551],[24.819169,42.061606],[24.819514,42.061275],[24.819456,42.061242],[24.819468,42.061232]]]},"properties":{"num":13}},{"type":"Feature","geometry":{"type":"Polygon","coordinates":[[[24.819744,42.0607],[24.819675,42.06066],[24.819213,42.061105],[24.819283,42.061145],[24.819744,42.0607]]]},"properties":{"num":15}},{"type":"Feature","geometry":{"type":"Polygon","coordinates":[[[24.819586,42.060488],[24.819491,42.060431],[24.819351,42.060568],[24.819446,42.060623],[24.819586,42.060488]]]},"properties":{"num":16}},{"type":"Feature","geometry":{"type":"Polygon","coordinates":[[[24.820152,42.060126],[24.820076,42.060082],[24.819488,42.060647],[24.819583,42.060703],[24.820148,42.060162],[24.82013,42.060151],[24.820152,42.060126]]]},"properties":{"num":17}},{"type":"Feature","geometry":{"type":"Polygon","coordinates":[[[24.820069,42.060718],[24.820095,42.060697],[24.820112,42.060707],[24.820381,42.060446],[24.820387,42.06045],[24.820416,42.060422],[24.820277,42.060342],[24.819955,42.06065],[24.820069,42.060718]]]},"properties":{"num":19}},{"type":"Feature","geometry":{"type":"Polygon","coordinates":[[[24.819142,42.060034],[24.818996,42.059951],[24.818949,42.059996],[24.819097,42.06008],[24.819142,42.060034]]]},"properties":{"num":21}},{"type":"Feature","geometry":{"type":"Polygon","coordinates":[[[24.818907,42.059632],[24.818325,42.0593],[24.818189,42.059432],[24.818766,42.059768],[24.818907,42.059632]]]},"properties":{"num":22}},{"type":"Feature","geometry":{"type":"Polygon","coordinates":[[[24.818338,42.059108],[24.81829,42.05908],[24.818242,42.059127],[24.81829,42.059154],[24.818338,42.059108]]]},"properties":{"num":23}},{"type":"Feature","geometry":{"type":"Polygon","coordinates":[[[24.815531,42.058018],[24.815644,42.058083],[24.815638,42.058089],[24.815697,42.058123],[24.815704,42.058117],[24.816448,42.058549],[24.816441,42.058555],[24.816495,42.058586],[24.816501,42.05858],[24.816562,42.058615],[24.816555,42.058621],[24.816611,42.058654],[24.816588,42.058677],[24.816649,42.058713],[24.816673,42.058689],[24.81673,42.058722],[24.816734,42.058718],[24.816905,42.058817],[24.817136,42.058599],[24.81702,42.058528],[24.817017,42.058531],[24.816961,42.058499],[24.816965,42.058495],[24.816906,42.058461],[24.816902,42.058465],[24.816726,42.058365],[24.816731,42.05836],[24.816678,42.058329],[24.816672,42.058334],[24.816386,42.05817],[24.816392,42.058164],[24.816334,42.05813],[24.816327,42.058136],[24.816267,42.058101],[24.816273,42.058095],[24.816222,42.058065],[24.816233,42.058055],[24.816171,42.058019],[24.816154,42.058036],[24.816041,42.057972],[24.816049,42.057965],[24.815991,42.057931],[24.815983,42.057939],[24.815927,42.057906],[24.815934,42.057899],[24.815876,42.057865],[24.815868,42.057872],[24.815754,42.057807],[24.81576,42.057801],[24.815645,42.057735],[24.815648,42.057732],[24.815587,42.057696],[24.815583,42.0577],[24.815176,42.057467],[24.814949,42.057687],[24.815012,42.057723],[24.815007,42.057727],[24.815068,42.057762],[24.815073,42.057758],[24.81508,42.057762],[24.815054,42.057785],[24.815152,42.057841],[24.815177,42.057818],[24.815355,42.057921],[24.81535,42.057925],[24.815411,42.057961],[24.815416,42.057956],[24.815528,42.058021],[24.815531,42.058018]]]},"properties":{"num":24}},{"type":"Feature","geometry":{"type":"Polygon","coordinates":[[[24.814884,42.058377],[24.814932,42.05833],[24.814894,42.058307],[24.814885,42.058316],[24.814827,42.058282],[24.814989,42.058129],[24.814955,42.058109],[24.814794,42.058263],[24.814763,42.058245],[24.814703,42.058303],[24.814828,42.058375],[24.814849,42.058356],[24.814884,42.058377]]]},"properties":{"num":27}},{"type":"Feature","geometry":{"type":"Polygon","coordinates":[[[24.814514,42.058853],[24.814043,42.058582],[24.813996,42.058627],[24.814054,42.058661],[24.813737,42.058968],[24.814148,42.059206],[24.814123,42.05923],[24.814272,42.059315],[24.814635,42.058966],[24.814486,42.05888],[24.814514,42.058853]]]},"properties":{"num":28}},{"type":"Feature","geometry":{"type":"Polygon","coordinates":[[[24.814586,42.058238],[24.814529,42.058206],[24.814411,42.05832],[24.814466,42.058352],[24.814586,42.058238]]]},"properties":{"num":29}},{"type":"Feature","geometry":{"type":"Polygon","coordinates":[[[24.815879,42.059689],[24.815759,42.059621],[24.815712,42.059667],[24.815831,42.059735],[24.815879,42.059689]]]},"properties":{"num":35}},{"type":"Feature","geometry":{"type":"Polygon","coordinates":[[[24.81629,42.060037],[24.815817,42.059766],[24.815705,42.059875],[24.816175,42.060147],[24.81629,42.060037]]]},"properties":{"num":36}},{"type":"Feature","geometry":{"type":"Polygon","coordinates":[[[24.817449,42.059546],[24.817272,42.059445],[24.817189,42.059525],[24.817365,42.059627],[24.817449,42.059546]]]},"properties":{"num":42}},{"type":"Feature","geometry":{"type":"Polygon","coordinates":[[[24.818369,42.060655],[24.818723,42.060309],[24.818604,42.060241],[24.818543,42.0603],[24.818139,42.060065],[24.818167,42.060041],[24.818062,42.05998],[24.818035,42.060005],[24.817764,42.059856],[24.817497,42.059697],[24.817316,42.059871],[24.817736,42.060107],[24.817733,42.060111],[24.817897,42.060207],[24.817785,42.060316],[24.817922,42.060396],[24.8179,42.060417],[24.818001,42.060475],[24.818022,42.060454],[24.818369,42.060655]]]},"properties":{"num":43}},{"type":"Feature","geometry":{"type":"Polygon","coordinates":[[[24.816309,42.060674],[24.816159,42.06059],[24.816065,42.060679],[24.816212,42.060767],[24.816309,42.060674]]]},"properties":{"num":47}},{"type":"Feature","geometry":{"type":"Polygon","coordinates":[[[24.814674,42.061103],[24.814895,42.060892],[24.814825,42.060851],[24.814604,42.061062],[24.8146,42.06106],[24.814548,42.061108],[24.814625,42.061153],[24.814677,42.061105],[24.814674,42.061103]]]},"properties":{"num":49}},{"type":"Feature","geometry":{"type":"Polygon","coordinates":[[[24.815141,42.061756],[24.815458,42.061452],[24.815546,42.061502],[24.815656,42.061396],[24.815569,42.061345],[24.815828,42.061095],[24.815333,42.060806],[24.814641,42.061469],[24.815141,42.061756]]]},"properties":{"num":50}},{"type":"Feature","geometry":{"type":"Polygon","coordinates":[[[24.817284,42.060545],[24.817168,42.060478],[24.816853,42.060776],[24.816968,42.060845],[24.817284,42.060545]]]},"properties":{"num":52}},{"type":"Feature","geometry":{"type":"Polygon","coordinates":[[[24.817365,42.060756],[24.817291,42.060715],[24.81725,42.060755],[24.817325,42.060796],[24.817365,42.060756]]]},"properties":{"num":54}},{"type":"Feature","geometry":{"type":"Polygon","coordinates":[[[24.817604,42.061123],[24.817699,42.061029],[24.818081,42.061251],[24.818218,42.06112],[24.81803,42.061011],[24.818058,42.060985],[24.818012,42.060959],[24.817985,42.060985],[24.817543,42.060728],[24.81748,42.06079],[24.817518,42.060812],[24.817444,42.060882],[24.817631,42.06099],[24.817545,42.061074],[24.817514,42.061056],[24.817492,42.061076],[24.817396,42.06102],[24.817351,42.061067],[24.817756,42.061303],[24.817804,42.061256],[24.817607,42.061142],[24.817618,42.061131],[24.817604,42.061123]]]},"properties":{"num":55}},{"type":"Feature","geometry":{"type":"Polygon","coordinates":[[[24.81796,42.061181],[24.817768,42.061366],[24.817895,42.061438],[24.818085,42.061253],[24.81796,42.061181]]]},"properties":{"num":56}},{"type":"Feature","geometry":{"type":"Polygon","coordinates":[[[24.817697,42.061616],[24.817759,42.061556],[24.817797,42.061579],[24.81783,42.061547],[24.81725,42.061214],[24.817157,42.061304],[24.817697,42.061616]]]},"properties":{"num":57}},{"type":"Feature","geometry":{"type":"Polygon","coordinates":[[[24.81733,42.061966],[24.81692,42.061724],[24.816812,42.061827],[24.817227,42.062067],[24.81733,42.061966]]]},"properties":{"num":58}},{"type":"Feature","geometry":{"type":"Polygon","coordinates":[[[24.817065,42.062218],[24.816905,42.062124],[24.816225,42.06278],[24.816385,42.062874],[24.817065,42.062218]]]},"properties":{"num":59}},{"type":"Feature","geometry":{"type":"Polygon","coordinates":[[[24.815611,42.063012],[24.815665,42.062959],[24.815692,42.062975],[24.816658,42.062055],[24.816282,42.061836],[24.81605,42.062056],[24.815959,42.062004],[24.815781,42.062177],[24.815869,42.062228],[24.815318,42.062757],[24.8156,42.062926],[24.81555,42.062976],[24.815611,42.063012]]]},"properties":{"num":60}},{"type":"Feature","geometry":{"type":"Polygon","coordinates":[[[24.815068,42.063511],[24.814664,42.063278],[24.814564,42.063375],[24.814969,42.063606],[24.815068,42.063511]]]},"properties":{"num":61}},{"type":"Feature","geometry":{"type":"Polygon","coordinates":[[[24.81455,42.063161],[24.812163,42.06178],[24.812071,42.061869],[24.814077,42.063026],[24.814041,42.06306],[24.81406,42.063098],[24.814405,42.0633],[24.81455,42.063161]]]},"properties":{"num":62}},{"type":"Feature","geometry":{"type":"Polygon","coordinates":[[[24.815675,42.062056],[24.815328,42.061857],[24.815281,42.061899],[24.815629,42.0621],[24.815675,42.062056]]]},"properties":{"num":65}},{"type":"Feature","geometry":{"type":"Polygon","coordinates":[[[24.815799,42.061915],[24.816343,42.061396],[24.815956,42.06117],[24.815862,42.06126],[24.81598,42.061329],[24.815933,42.061373],[24.815969,42.061392],[24.815567,42.06178],[24.815799,42.061915]]]},"properties":{"num":66}},{"type":"Feature","geometry":{"type":"Polygon","coordinates":[[[24.81228,42.062769],[24.812016,42.06261],[24.811847,42.062767],[24.812112,42.062922],[24.81228,42.062769]]]},"properties":{"num":69}},{"type":"Feature","geometry":{"type":"Polygon","coordinates":[[[24.812105,42.062938],[24.81184,42.062783],[24.81175,42.062869],[24.812015,42.063025],[24.812105,42.062938]]]},"properties":{"num":70}},{"type":"Feature","geometry":{"type":"Polygon","coordinates":[[[24.811678,42.062869],[24.811179,42.062579],[24.811091,42.062667],[24.811587,42.062957],[24.811678,42.062869]]]},"properties":{"num":71}},{"type":"Feature","geometry":{"type":"Polygon","coordinates":[[[24.811784,42.06194],[24.811608,42.061843],[24.811494,42.061956],[24.811536,42.06198],[24.811526,42.061991],[24.811592,42.062029],[24.811501,42.062115],[24.811971,42.062383],[24.81212,42.062242],[24.811715,42.062009],[24.811784,42.06194]]]},"properties":{"num":72}},{"type":"Feature","geometry":{"type":"Polygon","coordinates":[[[24.811744,42.06155],[24.811653,42.061497],[24.811557,42.061585],[24.811652,42.061638],[24.811744,42.06155]]]},"properties":{"num":73}},{"type":"Feature","geometry":{"type":"Polygon","coordinates":[[[24.810889,42.06149],[24.810814,42.061449],[24.810778,42.061485],[24.810852,42.061526],[24.810889,42.06149]]]},"properties":{"num":74}},{"type":"Feature","geometry":{"type":"Polygon","coordinates":[[[24.813169,42.06195],[24.813219,42.061902],[24.813237,42.061913],[24.813285,42.061867],[24.813153,42.061789],[24.813105,42.061836],[24.813159,42.061867],[24.813108,42.061915],[24.813169,42.06195]]]},"properties":{"num":75}},{"type":"Feature","geometry":{"type":"Polygon","coordinates":[[[24.81319,42.061742],[24.812697,42.061459],[24.812651,42.061503],[24.812612,42.061481],[24.812565,42.061525],[24.813097,42.061831],[24.81319,42.061742]]]},"properties":{"num":76}},{"type":"Feature","geometry":{"type":"Polygon","coordinates":[[[24.814084,42.061698],[24.813909,42.061596],[24.81386,42.061642],[24.813958,42.061699],[24.813907,42.061748],[24.813985,42.061793],[24.814084,42.061698]]]},"properties":{"num":77}},{"type":"Feature","geometry":{"type":"Polygon","coordinates":[[[24.813419,42.060833],[24.813344,42.06079],[24.813174,42.060954],[24.813694,42.061254],[24.81383,42.061122],[24.813388,42.060865],[24.813419,42.060833]]]},"properties":{"num":78}},{"type":"Feature","geometry":{"type":"Polygon","coordinates":[[[24.814339,42.060238],[24.814371,42.060208],[24.814196,42.060105],[24.814084,42.060212],[24.813968,42.060145],[24.813931,42.06018],[24.813989,42.060213],[24.813992,42.060211],[24.814685,42.060614],[24.8148,42.060506],[24.814339,42.060238]]]},"properties":{"num":79}},{"type":"Feature","geometry":{"type":"Polygon","coordinates":[[[24.812624,42.059201],[24.812564,42.059167],[24.812539,42.05919],[24.812485,42.059159],[24.812507,42.059138],[24.81239,42.05907],[24.812368,42.059091],[24.812317,42.059062],[24.81234,42.05904],[24.811922,42.058802],[24.811855,42.058866],[24.811627,42.058734],[24.811468,42.058887],[24.81263,42.059559],[24.812789,42.059407],[24.812613,42.059305],[24.812659,42.05926],[24.812599,42.059225],[24.812624,42.059201]]]},"properties":{"num":82}},{"type":"Feature","geometry":{"type":"Polygon","coordinates":[[[24.812642,42.060254],[24.812352,42.060085],[24.812164,42.060264],[24.812283,42.060334],[24.812379,42.060242],[24.812551,42.060343],[24.812642,42.060254]]]},"properties":{"num":84}},{"type":"Feature","geometry":{"type":"Polygon","coordinates":[[[24.810701,42.060932],[24.810575,42.060858],[24.810545,42.060887],[24.810628,42.060935],[24.810612,42.060951],[24.810655,42.060976],[24.810701,42.060932]]]},"properties":{"num":88}},{"type":"Feature","geometry":{"type":"Polygon","coordinates":[[[24.811088,42.060837],[24.811109,42.060817],[24.811138,42.060833],[24.81123,42.060744],[24.81094,42.060577],[24.810789,42.060721],[24.810828,42.060744],[24.810857,42.060717],[24.810875,42.060728],[24.810884,42.060719],[24.811088,42.060837]]]},"properties":{"num":89}},{"type":"Feature","geometry":{"type":"Polygon","coordinates":[[[24.811415,42.060663],[24.811459,42.06062],[24.811516,42.060653],[24.811564,42.060607],[24.811274,42.06044],[24.811182,42.060528],[24.811415,42.060663]]]},"properties":{"num":90}},{"type":"Feature","geometry":{"type":"Polygon","coordinates":[[[24.810426,42.060487],[24.810284,42.060406],[24.810239,42.060448],[24.810383,42.060531],[24.810426,42.060487]]]},"properties":{"num":91}},{"type":"Feature","geometry":{"type":"Polygon","coordinates":[[[24.810185,42.060144],[24.81029,42.060046],[24.81037,42.060094],[24.810462,42.060006],[24.810291,42.059907],[24.810167,42.060026],[24.81014,42.06001],[24.810117,42.060031],[24.810145,42.060047],[24.810099,42.060091],[24.810068,42.060073],[24.809887,42.060246],[24.810064,42.060347],[24.810242,42.060175],[24.810185,42.060144]]]},"properties":{"num":92}},{"type":"Feature","geometry":{"type":"Polygon","coordinates":[[[24.810656,42.059692],[24.81049,42.059595],[24.810396,42.059684],[24.810564,42.05978],[24.810656,42.059692]]]},"properties":{"num":93}},{"type":"Feature","geometry":{"type":"Polygon","coordinates":[[[24.811892,42.06034],[24.811572,42.060155],[24.811463,42.060262],[24.811782,42.060446],[24.811892,42.06034]]]},"properties":{"num":94}},{"type":"Feature","geometry":{"type":"Polygon","coordinates":[[[24.812435,42.05973],[24.812272,42.059636],[24.812245,42.059662],[24.812202,42.059637],[24.812188,42.05965],[24.812171,42.05964],[24.812137,42.059673],[24.812361,42.059802],[24.812435,42.05973]]]},"properties":{"num":95}},{"type":"Feature","geometry":{"type":"Polygon","coordinates":[[[24.814351,42.060566],[24.813807,42.060251],[24.813718,42.060337],[24.813886,42.060435],[24.81388,42.060441],[24.813978,42.060497],[24.813984,42.060491],[24.814262,42.060652],[24.814351,42.060566]]]},"properties":{"num":96}},{"type":"Feature","geometry":{"type":"Polygon","coordinates":[[[24.814002,42.059494],[24.813704,42.059322],[24.813596,42.059426],[24.813893,42.059598],[24.814002,42.059494]]]},"properties":{"num":97}},{"type":"Feature","geometry":{"type":"Polygon","coordinates":[[[24.819225,42.062073],[24.818872,42.061874],[24.818865,42.06188],[24.818836,42.06186],[24.8188,42.061896],[24.818654,42.061811],[24.818615,42.061844],[24.818668,42.061874],[24.81864,42.061902],[24.819117,42.062175],[24.819225,42.062073]]]},"properties":{"num":98}},{"type":"Feature","geometry":{"type":"Polygon","coordinates":[[[24.81536,42.059638],[24.815381,42.059618],[24.815406,42.059633],[24.815434,42.059605],[24.815477,42.05963],[24.815472,42.059634],[24.815476,42.059637],[24.815546,42.059571],[24.815542,42.059568],[24.815537,42.059573],[24.815494,42.059548],[24.815521,42.059522],[24.815474,42.059494],[24.815337,42.059625],[24.81536,42.059638]]]},"properties":{"num":99}},{"type":"Feature","geometry":{"type":"Polygon","coordinates":[[[24.815595,42.060209],[24.815664,42.060144],[24.815409,42.059994],[24.815389,42.060013],[24.815372,42.060003],[24.81534,42.060033],[24.815357,42.060043],[24.815337,42.060063],[24.815595,42.060209]]]},"properties":{"num":100}},{"type":"Feature","geometry":{"type":"Polygon","coordinates":[[[24.81455,42.059457],[24.814443,42.059395],[24.814321,42.059512],[24.814428,42.059574],[24.81455,42.059457]]]},"properties":{"num":101}},{"type":"Feature","geometry":{"type":"Polygon","coordinates":[[[24.815803,42.058901],[24.815854,42.058852],[24.815827,42.058836],[24.815812,42.05885],[24.815801,42.058843],[24.815838,42.058808],[24.815761,42.058764],[24.815739,42.058785],[24.815721,42.058774],[24.81567,42.058824],[24.815687,42.058834],[24.815678,42.058843],[24.815682,42.058846],[24.815692,42.058837],[24.81576,42.058876],[24.815751,42.058885],[24.815755,42.058888],[24.815764,42.058879],[24.815803,42.058901]]]},"properties":{"num":102}},{"type":"Feature","geometry":{"type":"Polygon","coordinates":[[[24.814151,42.059263],[24.813975,42.059161],[24.813926,42.059207],[24.814103,42.059309],[24.814151,42.059263]]]},"properties":{"num":103}},{"type":"Feature","geometry":{"type":"Polygon","coordinates":[[[24.814261,42.059689],[24.814281,42.059671],[24.814293,42.059677],[24.814306,42.059673],[24.814309,42.059663],[24.814298,42.059654],[24.81431,42.059642],[24.814247,42.059606],[24.814198,42.059653],[24.814261,42.059689]]]},"properties":{"num":104}},{"type":"Feature","geometry":{"type":"Polygon","coordinates":[[[24.81472,42.059305],[24.814599,42.059236],[24.814456,42.059374],[24.814576,42.059443],[24.81472,42.059305]]]},"properties":{"num":106}},{"type":"Feature","geometry":{"type":"Polygon","coordinates":[[[24.814766,42.059204],[24.815006,42.058972],[24.815019,42.058979],[24.815105,42.058896],[24.814998,42.058834],[24.814671,42.059148],[24.814766,42.059204]]]},"properties":{"num":108}},{"type":"Feature","geometry":{"type":"Polygon","coordinates":[[[24.815097,42.059315],[24.815286,42.059134],[24.815006,42.058972],[24.814766,42.059204],[24.814816,42.059233],[24.814868,42.059182],[24.815097,42.059315]]]},"properties":{"num":109}},{"type":"Feature","geometry":{"type":"Polygon","coordinates":[[[24.815521,42.058936],[24.81546,42.0589],[24.815278,42.059073],[24.81534,42.05911],[24.815521,42.058936]]]},"properties":{"num":111}},{"type":"Feature","geometry":{"type":"Polygon","coordinates":[[[24.815835,42.059208],[24.815716,42.059139],[24.815534,42.059314],[24.815653,42.059383],[24.815835,42.059208]]]},"properties":{"num":112}},{"type":"Feature","geometry":{"type":"Polygon","coordinates":[[[24.815691,42.058569],[24.815469,42.058441],[24.815226,42.058674],[24.815501,42.058833],[24.815533,42.058802],[24.81548,42.058772],[24.815691,42.058569]]]},"properties":{"num":114}},{"type":"Feature","geometry":{"type":"Polygon","coordinates":[[[24.81498,42.058647],[24.814919,42.058612],[24.81465,42.058871],[24.81471,42.058906],[24.81498,42.058647]]]},"properties":{"num":115}},{"type":"Feature","geometry":{"type":"Polygon","coordinates":[[[24.814914,42.062141],[24.814838,42.062097],[24.814802,42.062132],[24.814879,42.062176],[24.814914,42.062141]]]},"properties":{"num":118}},{"type":"Feature","geometry":{"type":"Polygon","coordinates":[[[24.817271,42.060166],[24.817222,42.060138],[24.817182,42.060177],[24.817231,42.060204],[24.817271,42.060166]]]},"properties":{"num":119}},{"type":"Feature","geometry":{"type":"Polygon","coordinates":[[[24.81512,42.061744],[24.814996,42.061672],[24.814882,42.06178],[24.81503,42.061866],[24.815126,42.061775],[24.815102,42.061761],[24.81512,42.061744]]]},"properties":{"num":120}},{"type":"Feature","geometry":{"type":"Polygon","coordinates":[[[24.815446,42.061658],[24.81532,42.061584],[24.815174,42.061725],[24.815299,42.061798],[24.815446,42.061658]]]},"properties":{"num":121}},{"type":"Feature","geometry":{"type":"Polygon","coordinates":[[[24.81463,42.058474],[24.814569,42.058439],[24.814355,42.058642],[24.814415,42.058677],[24.81463,42.058474]]]},"properties":{"num":122}},{"type":"Feature","geometry":{"type":"Polygon","coordinates":[[[24.814794,42.058497],[24.814614,42.058392],[24.814565,42.058437],[24.814748,42.058542],[24.814794,42.058497]]]},"properties":{"num":123}},{"type":"Feature","geometry":{"type":"Polygon","coordinates":[[[24.814381,42.05829],[24.814348,42.05827],[24.814322,42.058295],[24.814354,42.058315],[24.814381,42.05829]]]},"properties":{"num":124}},{"type":"Feature","geometry":{"type":"Polygon","coordinates":[[[24.813816,42.061921],[24.813723,42.061869],[24.813675,42.061914],[24.813616,42.06188],[24.813565,42.061929],[24.813648,42.061977],[24.813565,42.062056],[24.813657,42.062109],[24.813792,42.061981],[24.813767,42.061967],[24.813816,42.061921]]]},"properties":{"num":125}},{"type":"Feature","geometry":{"type":"Polygon","coordinates":[[[24.811519,42.062098],[24.811436,42.06205],[24.811422,42.062064],[24.811112,42.061884],[24.81112,42.061877],[24.811051,42.061837],[24.810996,42.06189],[24.810935,42.061854],[24.810843,42.061942],[24.81143,42.062282],[24.811565,42.062152],[24.811501,42.062115],[24.811519,42.062098]]]},"properties":{"num":126}},{"type":"Feature","geometry":{"type":"Polygon","coordinates":[[[24.811803,42.062331],[24.811749,42.0623],[24.81167,42.062375],[24.811724,42.062406],[24.811803,42.062331]]]},"properties":{"num":127}},{"type":"Feature","geometry":{"type":"Polygon","coordinates":[[[24.813155,42.061412],[24.813117,42.06139],[24.813069,42.061436],[24.813106,42.061458],[24.813155,42.061412]]]},"properties":{"num":128}},{"type":"Feature","geometry":{"type":"Polygon","coordinates":[[[24.813641,42.061452],[24.813548,42.061398],[24.813534,42.061412],[24.813041,42.061129],[24.812958,42.061208],[24.813451,42.061491],[24.813413,42.061529],[24.813505,42.061582],[24.813641,42.061452]]]},"properties":{"num":129}},{"type":"Feature","geometry":{"type":"Polygon","coordinates":[[[24.81387,42.061668],[24.813717,42.06158],[24.813668,42.061626],[24.813821,42.061715],[24.81387,42.061668]]]},"properties":{"num":130}},{"type":"Feature","geometry":{"type":"Polygon","coordinates":[[[24.811599,42.06013],[24.811308,42.059962],[24.811171,42.060093],[24.811463,42.060262],[24.811599,42.06013]]]},"properties":{"num":131}},{"type":"Feature","geometry":{"type":"Polygon","coordinates":[[[24.811272,42.062432],[24.811217,42.0624],[24.811169,42.062446],[24.811224,42.062478],[24.811272,42.062432]]]},"properties":{"num":132}},{"type":"Feature","geometry":{"type":"Polygon","coordinates":[[[24.818315,42.062179],[24.81834,42.062154],[24.818366,42.062169],[24.818668,42.061874],[24.818599,42.061835],[24.81827,42.062151],[24.818315,42.062179]]]},"properties":{"num":133}},{"type":"Feature","geometry":{"type":"Polygon","coordinates":[[[24.812178,42.060079],[24.812103,42.060036],[24.81201,42.060125],[24.812084,42.060168],[24.812178,42.060079]]]},"properties":{"num":134}},{"type":"Feature","geometry":{"type":"Polygon","coordinates":[[[24.81225,42.060009],[24.812186,42.059972],[24.812155,42.06],[24.81222,42.060038],[24.81225,42.060009]]]},"properties":{"num":135}},{"type":"Feature","geometry":{"type":"Polygon","coordinates":[[[24.811741,42.059812],[24.811571,42.059714],[24.811517,42.059766],[24.811686,42.059864],[24.811741,42.059812]]]},"properties":{"num":136}},{"type":"Feature","geometry":{"type":"Polygon","coordinates":[[[24.810881,42.059771],[24.810813,42.059732],[24.810735,42.059807],[24.810803,42.059846],[24.810881,42.059771]]]},"properties":{"num":137}},{"type":"Feature","geometry":{"type":"Polygon","coordinates":[[[24.811063,42.059519],[24.811007,42.059487],[24.810974,42.059519],[24.81103,42.059551],[24.811063,42.059519]]]},"properties":{"num":138}},{"type":"Feature","geometry":{"type":"Polygon","coordinates":[[[24.810883,42.061751],[24.810765,42.061681],[24.810722,42.061723],[24.81084,42.061791],[24.810883,42.061751]]]},"properties":{"num":140}},{"type":"Feature","geometry":{"type":"Polygon","coordinates":[[[24.816083,42.063263],[24.815625,42.062998],[24.815547,42.063072],[24.815428,42.063005],[24.815398,42.063034],[24.815458,42.063068],[24.815431,42.063094],[24.815906,42.063372],[24.815857,42.063419],[24.815897,42.063442],[24.816083,42.063263]]]},"properties":{"num":141}},{"type":"Feature","geometry":{"type":"Polygon","coordinates":[[[24.810949,42.060083],[24.810814,42.060005],[24.810778,42.060039],[24.810913,42.060117],[24.810949,42.060083]]]},"properties":{"num":142}},{"type":"Feature","geometry":{"type":"Polygon","coordinates":[[[24.815336,42.064577],[24.815307,42.064578],[24.815295,42.064584],[24.815284,42.064599],[24.815289,42.064622],[24.815308,42.064633],[24.815321,42.064636],[24.815342,42.064632],[24.815362,42.064615],[24.815358,42.06459],[24.815336,42.064577]]]},"properties":{"num":143}},{"type":"Feature","geometry":{"type":"Polygon","coordinates":[[[24.815296,42.064633],[24.815278,42.064623],[24.815239,42.064661],[24.815257,42.064671],[24.815296,42.064633]]]},"properties":{"num":144}},{"type":"Feature","geometry":{"type":"Polygon","coordinates":[[[24.818186,42.060707],[24.818156,42.06069],[24.818119,42.060726],[24.818148,42.060743],[24.818186,42.060707]]]},"properties":{"num":145}},{"type":"Feature","geometry":{"type":"Polygon","coordinates":[[[24.81366,42.061328],[24.813582,42.061282],[24.81353,42.06133],[24.813609,42.061376],[24.81366,42.061328]]]},"properties":{"num":146}},{"type":"Feature","geometry":{"type":"Polygon","coordinates":[[[24.814336,42.061278],[24.814281,42.061246],[24.814235,42.061291],[24.814288,42.061321],[24.814336,42.061278]]]},"properties":{"num":147}},{"type":"Feature","geometry":{"type":"Polygon","coordinates":[[[24.811783,42.060004],[24.811729,42.059973],[24.811688,42.060012],[24.811742,42.060043],[24.811783,42.060004]]]},"properties":{"num":148}},{"type":"Feature","geometry":{"type":"Polygon","coordinates":[[[24.811834,42.059953],[24.811728,42.059892],[24.811676,42.059942],[24.811783,42.060004],[24.811834,42.059953]]]},"properties":{"num":149}},{"type":"Feature","geometry":{"type":"Polygon","coordinates":[[[24.811463,42.059488],[24.811432,42.05947],[24.811392,42.059508],[24.811424,42.059526],[24.811463,42.059488]]]},"properties":{"num":150}},{"type":"Feature","geometry":{"type":"Polygon","coordinates":[[[24.811791,42.05968],[24.811743,42.059652],[24.811713,42.059681],[24.811761,42.059709],[24.811791,42.05968]]]},"properties":{"num":151}},{"type":"Feature","geometry":{"type":"Polygon","coordinates":[[[24.812004,42.059911],[24.811844,42.059822],[24.811799,42.059865],[24.811959,42.059954],[24.812004,42.059911]]]},"properties":{"num":152}},{"type":"Feature","geometry":{"type":"Polygon","coordinates":[[[24.812047,42.059827],[24.812004,42.059803],[24.811972,42.059834],[24.812015,42.059858],[24.812047,42.059827]]]},"properties":{"num":153}},{"type":"Feature","geometry":{"type":"Polygon","coordinates":[[[24.814007,42.060281],[24.813886,42.060211],[24.813851,42.060244],[24.813971,42.060315],[24.814007,42.060281]]]},"properties":{"num":154}},{"type":"Feature","geometry":{"type":"Polygon","coordinates":[[[24.810644,42.064204],[24.810604,42.064181],[24.810584,42.0642],[24.810347,42.064063],[24.810164,42.064239],[24.810547,42.06446],[24.810729,42.064286],[24.810623,42.064223],[24.810644,42.064204]]]},"properties":{"num":9}},{"type":"Feature","geometry":{"type":"Polygon","coordinates":[[[24.810847,42.06594],[24.8105,42.065739],[24.810431,42.065806],[24.810778,42.066007],[24.810847,42.06594]]]},"properties":{"num":1}},{"type":"Feature","geometry":{"type":"Polygon","coordinates":[[[24.811658,42.066796],[24.810775,42.06628],[24.810372,42.066663],[24.811256,42.067179],[24.811658,42.066796]]]},"properties":{"num":2}},{"type":"Feature","geometry":{"type":"Polygon","coordinates":[[[24.811889,42.066499],[24.811567,42.066313],[24.811389,42.066489],[24.811707,42.066672],[24.811889,42.066499]]]},"properties":{"num":1}},{"type":"Feature","geometry":{"type":"Polygon","coordinates":[[[24.811529,42.066291],[24.811088,42.066039],[24.810909,42.066213],[24.81135,42.066466],[24.811529,42.066291]]]},"properties":{"num":2}},{"type":"Feature","geometry":{"type":"Polygon","coordinates":[[[24.81328,42.066499],[24.813235,42.066473],[24.813164,42.066543],[24.813209,42.066569],[24.81328,42.066499]]]},"properties":{"num":35}},{"type":"Feature","geometry":{"type":"Polygon","coordinates":[[[24.812954,42.065604],[24.81289,42.065567],[24.812823,42.065631],[24.812887,42.065669],[24.812954,42.065604]]]},"properties":{"num":36}},{"type":"Feature","geometry":{"type":"Polygon","coordinates":[[[24.812376,42.068492],[24.812165,42.068376],[24.812143,42.068398],[24.812354,42.068514],[24.812376,42.068492]]]},"properties":{"num":5}},{"type":"Feature","geometry":{"type":"Polygon","coordinates":[[[24.812807,42.066395],[24.812853,42.066352],[24.812909,42.066385],[24.813003,42.066294],[24.812709,42.066125],[24.812617,42.066217],[24.812676,42.066252],[24.812633,42.066293],[24.812807,42.066395]]]},"properties":{"num":37}},{"type":"Feature","geometry":{"type":"Polygon","coordinates":[[[24.812417,42.065979],[24.812359,42.065946],[24.812297,42.066006],[24.812354,42.066039],[24.812417,42.065979]]]},"properties":{"num":27}},{"type":"Feature","geometry":{"type":"Polygon","coordinates":[[[24.811934,42.065681],[24.811856,42.065636],[24.811838,42.065653],[24.811916,42.065698],[24.811934,42.065681]]]},"properties":{"num":28}},{"type":"Feature","geometry":{"type":"Polygon","coordinates":[[[24.812587,42.065838],[24.812497,42.065786],[24.812359,42.065918],[24.81245,42.06597],[24.812587,42.065838]]]},"properties":{"num":31}},{"type":"Feature","geometry":{"type":"Polygon","coordinates":[[[24.812092,42.065544],[24.811833,42.065393],[24.811691,42.065529],[24.811949,42.065679],[24.812092,42.065544]]]},"properties":{"num":32}},{"type":"Feature","geometry":{"type":"Polygon","coordinates":[[[24.812497,42.065786],[24.812382,42.065719],[24.812243,42.065852],[24.812358,42.065919],[24.812497,42.065786]]]},"properties":{"num":33}},{"type":"Feature","geometry":{"type":"Polygon","coordinates":[[[24.81359,42.066207],[24.81347,42.066137],[24.81324,42.066357],[24.813361,42.066426],[24.81359,42.066207]]]},"properties":{"num":34}},{"type":"Feature","geometry":{"type":"Polygon","coordinates":[[[24.798478,42.027431],[24.798418,42.027401],[24.798389,42.027432],[24.798451,42.027462],[24.798478,42.027431]]]},"properties":{"num":1}},{"type":"Feature","geometry":{"type":"Polygon","coordinates":[[[24.800911,42.028761],[24.800896,42.028741],[24.800917,42.02873],[24.800891,42.028696],[24.800804,42.028734],[24.800794,42.028721],[24.800748,42.028744],[24.800781,42.028786],[24.800825,42.028766],[24.800847,42.028791],[24.800911,42.028761]]]},"properties":{"num":1}},{"type":"Feature","geometry":{"type":"Polygon","coordinates":[[[24.800662,42.028835],[24.800708,42.028812],[24.800655,42.028754],[24.800604,42.028796],[24.800662,42.028835]]]},"properties":{"num":2}},{"type":"Feature","geometry":{"type":"Polygon","coordinates":[[[24.800703,42.028728],[24.800655,42.028754],[24.800736,42.028842],[24.800781,42.028815],[24.800703,42.028728]]]},"properties":{"num":3}},{"type":"Feature","geometry":{"type":"Polygon","coordinates":[[[24.800761,42.027549],[24.80076,42.027508],[24.800632,42.027509],[24.800633,42.02755],[24.800761,42.027549]]]},"properties":{"num":1}},{"type":"Feature","geometry":{"type":"Polygon","coordinates":[[[24.80076,42.027508],[24.80076,42.027489],[24.800598,42.027492],[24.800599,42.027551],[24.800633,42.02755],[24.800632,42.027509],[24.80076,42.027508]]]},"properties":{"num":2}},{"type":"Feature","geometry":{"type":"Polygon","coordinates":[[[24.800711,42.02856],[24.800603,42.028529],[24.800543,42.028648],[24.800578,42.028659],[24.800592,42.028632],[24.800623,42.02864],[24.800637,42.028613],[24.800679,42.028624],[24.800711,42.02856]]]},"properties":{"num":1}},{"type":"Feature","geometry":{"type":"Polygon","coordinates":[[[24.800857,42.028113],[24.800892,42.028035],[24.800824,42.028018],[24.800842,42.027979],[24.800789,42.027966],[24.80073,42.028096],[24.80081,42.028119],[24.800817,42.028103],[24.800857,42.028113]]]},"properties":{"num":1}},{"type":"Feature","geometry":{"type":"Polygon","coordinates":[[[24.785754,42.029211],[24.785776,42.029199],[24.785773,42.029169],[24.785728,42.029123],[24.785676,42.029152],[24.78569,42.029166],[24.785667,42.029178],[24.785667,42.029186],[24.785681,42.0292],[24.78569,42.029202],[24.785702,42.029196],[24.785734,42.029228],[24.785757,42.029215],[24.785754,42.029211]]]},"properties":{"num":1}},{"type":"Feature","geometry":{"type":"Polygon","coordinates":[[[24.785951,42.02911],[24.785981,42.029092],[24.785968,42.029082],[24.785978,42.029074],[24.785992,42.029084],[24.786045,42.029044],[24.785981,42.028999],[24.785993,42.02899],[24.785954,42.028961],[24.785866,42.029026],[24.785917,42.029063],[24.785903,42.029074],[24.785951,42.02911]]]},"properties":{"num":1}},{"type":"Feature","geometry":{"type":"Polygon","coordinates":[[[24.787683,42.027673],[24.787665,42.027627],[24.787568,42.027648],[24.787574,42.027666],[24.787549,42.027671],[24.787562,42.027708],[24.787591,42.027703],[24.787588,42.027693],[24.787683,42.027673]]]},"properties":{"num":1}},{"type":"Feature","geometry":{"type":"Polygon","coordinates":[[[24.791643,42.027831],[24.791687,42.027816],[24.791693,42.027825],[24.791764,42.027801],[24.791724,42.027739],[24.791611,42.027779],[24.791643,42.027831]]]},"properties":{"num":1}},{"type":"Feature","geometry":{"type":"Polygon","coordinates":[[[24.791194,42.02765],[24.791207,42.027714],[24.791262,42.027708],[24.791265,42.027722],[24.791311,42.027717],[24.791313,42.027728],[24.791393,42.027719],[24.791375,42.02763],[24.791194,42.02765]]]},"properties":{"num":1}},{"type":"Feature","geometry":{"type":"Polygon","coordinates":[[[24.777999,42.02695],[24.778007,42.02692],[24.777928,42.026915],[24.777924,42.026945],[24.777999,42.02695]]]},"properties":{"num":1}},{"type":"Feature","geometry":{"type":"Polygon","coordinates":[[[24.778031,42.033739],[24.777957,42.033724],[24.777945,42.033759],[24.778019,42.033774],[24.778031,42.033739]]]},"properties":{"num":1}},{"type":"Feature","geometry":{"type":"Polygon","coordinates":[[[24.778159,42.033722],[24.77814,42.033778],[24.778215,42.033793],[24.778235,42.033737],[24.778159,42.033722]]]},"properties":{"num":1}},{"type":"Feature","geometry":{"type":"Polygon","coordinates":[[[24.777756,42.036655],[24.77765,42.036576],[24.777581,42.036628],[24.777686,42.036707],[24.777756,42.036655]]]},"properties":{"num":1}},{"type":"Feature","geometry":{"type":"Polygon","coordinates":[[[24.777796,42.036689],[24.777753,42.036657],[24.777689,42.036705],[24.77773,42.036736],[24.777796,42.036689]]]},"properties":{"num":2}},{"type":"Feature","geometry":{"type":"Polygon","coordinates":[[[24.777121,42.036702],[24.777084,42.036631],[24.776944,42.036671],[24.776981,42.036742],[24.777121,42.036702]]]},"properties":{"num":1}},{"type":"Feature","geometry":{"type":"Polygon","coordinates":[[[24.79844,42.028164],[24.798436,42.028199],[24.798513,42.02821],[24.798518,42.028175],[24.79844,42.028164]]]},"properties":{"num":1}},{"type":"Feature","geometry":{"type":"Polygon","coordinates":[[[24.811521,42.06907],[24.811563,42.06903],[24.811571,42.069034],[24.811625,42.068984],[24.811539,42.068933],[24.811535,42.068937],[24.811497,42.068914],[24.81146,42.06895],[24.811192,42.068791],[24.811206,42.068777],[24.811157,42.068749],[24.811088,42.068813],[24.811521,42.06907]]]},"properties":{"num":1}},{"type":"Feature","geometry":{"type":"Polygon","coordinates":[[[24.798595,42.028192],[24.798593,42.028218],[24.798654,42.028222],[24.798658,42.028182],[24.798601,42.028178],[24.798605,42.028149],[24.798582,42.028147],[24.798576,42.028191],[24.798595,42.028192]]]},"properties":{"num":1}},{"type":"Feature","geometry":{"type":"Polygon","coordinates":[[[24.803358,42.064465],[24.803278,42.064418],[24.803209,42.064485],[24.803202,42.064482],[24.803184,42.0645],[24.80327,42.06455],[24.803358,42.064465]]]},"properties":{"num":1}},{"type":"Feature","geometry":{"type":"Polygon","coordinates":[[[24.803383,42.063784],[24.803356,42.06381],[24.80339,42.063829],[24.803416,42.063804],[24.803383,42.063784]]]},"properties":{"num":2}},{"type":"Feature","geometry":{"type":"Polygon","coordinates":[[[24.805298,42.062221],[24.805407,42.062283],[24.805466,42.062225],[24.805358,42.062164],[24.805298,42.062221]]]},"properties":{"num":3}},{"type":"Feature","geometry":{"type":"Polygon","coordinates":[[[24.798413,42.077806],[24.798496,42.077877],[24.798564,42.077833],[24.798483,42.077761],[24.798413,42.077806]]]},"properties":{"num":1}},{"type":"Feature","geometry":{"type":"Polygon","coordinates":[[[24.798625,42.077988],[24.79869,42.077947],[24.798564,42.077833],[24.798496,42.077877],[24.798625,42.077988]]]},"properties":{"num":2}},{"type":"Feature","geometry":{"type":"Polygon","coordinates":[[[24.798771,42.078112],[24.798842,42.078065],[24.79869,42.077947],[24.798625,42.077988],[24.798771,42.078112]]]},"properties":{"num":3}},{"type":"Feature","geometry":{"type":"Polygon","coordinates":[[[24.799464,42.078227],[24.799486,42.078213],[24.799456,42.078189],[24.799462,42.078185],[24.799443,42.078171],[24.799414,42.07819],[24.799433,42.078205],[24.799436,42.078202],[24.799464,42.078227]]]},"properties":{"num":4}},{"type":"Feature","geometry":{"type":"Polygon","coordinates":[[[24.798549,42.077575],[24.798641,42.077653],[24.798706,42.077611],[24.798614,42.077533],[24.798549,42.077575]]]},"properties":{"num":5}},{"type":"Feature","geometry":{"type":"Polygon","coordinates":[[[24.798614,42.077533],[24.798511,42.077446],[24.798446,42.077489],[24.798549,42.077575],[24.798614,42.077533]]]},"properties":{"num":6}},{"type":"Feature","geometry":{"type":"Polygon","coordinates":[[[24.798295,42.077588],[24.798401,42.07752],[24.798357,42.077478],[24.798293,42.077518],[24.798308,42.077531],[24.798263,42.077559],[24.798295,42.077588]]]},"properties":{"num":7}},{"type":"Feature","geometry":{"type":"Polygon","coordinates":[[[24.798307,42.077715],[24.798348,42.077689],[24.798287,42.077635],[24.798245,42.077661],[24.798307,42.077715]]]},"properties":{"num":8}},{"type":"Feature","geometry":{"type":"Polygon","coordinates":[[[24.798456,42.077779],[24.798361,42.077694],[24.798315,42.077722],[24.798413,42.077806],[24.798456,42.077779]]]},"properties":{"num":9}},{"type":"Feature","geometry":{"type":"Polygon","coordinates":[[[24.798485,42.077182],[24.798439,42.077112],[24.798088,42.077237],[24.798131,42.077308],[24.798485,42.077182]]]},"properties":{"num":10}},{"type":"Feature","geometry":{"type":"Polygon","coordinates":[[[24.798702,42.077221],[24.798662,42.077153],[24.798629,42.077163],[24.798668,42.07723],[24.798702,42.077221]]]},"properties":{"num":11}},{"type":"Feature","geometry":{"type":"Polygon","coordinates":[[[24.797902,42.077046],[24.797869,42.077008],[24.79782,42.077032],[24.797854,42.07707],[24.797902,42.077046]]]},"properties":{"num":12}},{"type":"Feature","geometry":{"type":"Polygon","coordinates":[[[24.814002,42.064929],[24.813423,42.064595],[24.813288,42.064724],[24.813869,42.065059],[24.814002,42.064929]]]},"properties":{"num":1}},{"type":"Feature","geometry":{"type":"Polygon","coordinates":[[[24.814182,42.064756],[24.813736,42.06519],[24.813913,42.06529],[24.814361,42.064859],[24.814182,42.064756]]]},"properties":{"num":2}},{"type":"Feature","geometry":{"type":"Polygon","coordinates":[[[24.813869,42.065059],[24.813288,42.064724],[24.813156,42.064852],[24.813736,42.06519],[24.813869,42.065059]]]},"properties":{"num":3}},{"type":"Feature","geometry":{"type":"Polygon","coordinates":[[[24.814967,42.065678],[24.814679,42.065963],[24.814793,42.066029],[24.814814,42.066008],[24.814903,42.06606],[24.815175,42.065798],[24.815055,42.065732],[24.815057,42.06573],[24.814967,42.065678]]]},"properties":{"num":4}},{"type":"Feature","geometry":{"type":"Polygon","coordinates":[[[24.815164,42.065625],[24.815167,42.065623],[24.815269,42.065684],[24.815473,42.065487],[24.815325,42.065404],[24.815122,42.065601],[24.815164,42.065625]]]},"properties":{"num":5}},{"type":"Feature","geometry":{"type":"Polygon","coordinates":[[[24.815167,42.065623],[24.815055,42.065732],[24.815261,42.065848],[24.815368,42.065742],[24.815167,42.065623]]]},"properties":{"num":6}},{"type":"Feature","geometry":{"type":"Polygon","coordinates":[[[24.815778,42.065407],[24.815489,42.065245],[24.815399,42.065331],[24.815688,42.065494],[24.815778,42.065407]]]},"properties":{"num":7}},{"type":"Feature","geometry":{"type":"Polygon","coordinates":[[[24.814021,42.065725],[24.814072,42.065676],[24.814029,42.065651],[24.813978,42.0657],[24.814021,42.065725]]]},"properties":{"num":8}},{"type":"Feature","geometry":{"type":"Polygon","coordinates":[[[24.814719,42.0661],[24.814764,42.066127],[24.814791,42.066103],[24.814744,42.066077],[24.814719,42.0661]]]},"properties":{"num":9}},{"type":"Feature","geometry":{"type":"Polygon","coordinates":[[[24.814983,42.066241],[24.815028,42.066194],[24.814964,42.066161],[24.81492,42.066206],[24.814983,42.066241]]]},"properties":{"num":10}},{"type":"Feature","geometry":{"type":"Polygon","coordinates":[[[24.814896,42.065161],[24.814428,42.065609],[24.814573,42.065691],[24.81504,42.065243],[24.814896,42.065161]]]},"properties":{"num":11}},{"type":"Feature","geometry":{"type":"Polygon","coordinates":[[[24.81473,42.065066],[24.814585,42.064984],[24.814116,42.065434],[24.814262,42.065515],[24.81473,42.065066]]]},"properties":{"num":12}},{"type":"Feature","geometry":{"type":"Polygon","coordinates":[[[24.812863,42.06507],[24.813675,42.065529],[24.813855,42.065353],[24.813042,42.064892],[24.812863,42.06507]]]},"properties":{"num":13}},{"type":"Feature","geometry":{"type":"Polygon","coordinates":[[[24.814062,42.06567],[24.814157,42.06558],[24.813939,42.065457],[24.813914,42.065481],[24.813792,42.065415],[24.813762,42.065444],[24.813882,42.065513],[24.813847,42.065546],[24.814062,42.06567]]]},"properties":{"num":14}},{"type":"Feature","geometry":{"type":"Polygon","coordinates":[[[24.814377,42.065925],[24.814545,42.065764],[24.814192,42.065562],[24.814023,42.065722],[24.814377,42.065925]]]},"properties":{"num":15}},{"type":"Feature","geometry":{"type":"Polygon","coordinates":[[[24.813223,42.064659],[24.813162,42.064623],[24.813125,42.064658],[24.813186,42.064694],[24.813223,42.064659]]]},"properties":{"num":16}},{"type":"Feature","geometry":{"type":"Polygon","coordinates":[[[24.814084,42.064619],[24.813994,42.064566],[24.813812,42.064744],[24.813902,42.064796],[24.814084,42.064619]]]},"properties":{"num":17}},{"type":"Feature","geometry":{"type":"Polygon","coordinates":[[[24.813956,42.064544],[24.813842,42.064476],[24.813795,42.064521],[24.813911,42.064588],[24.813956,42.064544]]]},"properties":{"num":18}},{"type":"Feature","geometry":{"type":"Polygon","coordinates":[[[24.813285,42.064486],[24.813322,42.064509],[24.813369,42.064468],[24.813332,42.064445],[24.813285,42.064486]]]},"properties":{"num":19}},{"type":"Feature","geometry":{"type":"Polygon","coordinates":[[[24.813388,42.064441],[24.813417,42.064414],[24.813386,42.064395],[24.813356,42.064422],[24.813388,42.064441]]]},"properties":{"num":20}},{"type":"Feature","geometry":{"type":"Polygon","coordinates":[[[24.815181,42.064949],[24.815105,42.064902],[24.815053,42.064947],[24.815131,42.064996],[24.815181,42.064949]]]},"properties":{"num":21}},{"type":"Feature","geometry":{"type":"Polygon","coordinates":[[[24.815177,42.064837],[24.815243,42.064779],[24.815161,42.06473],[24.81511,42.064777],[24.815173,42.064815],[24.81516,42.064827],[24.815177,42.064837]]]},"properties":{"num":22}},{"type":"Feature","geometry":{"type":"Polygon","coordinates":[[[24.814235,42.064635],[24.814156,42.06459],[24.814111,42.064633],[24.81419,42.064678],[24.814235,42.064635]]]},"properties":{"num":23}},{"type":"Feature","geometry":{"type":"Polygon","coordinates":[[[24.808268,42.062144],[24.807689,42.061812],[24.807554,42.061943],[24.808132,42.062275],[24.808268,42.062144]]]},"properties":{"num":1}},{"type":"Feature","geometry":{"type":"Polygon","coordinates":[[[24.808132,42.062275],[24.807554,42.061943],[24.807508,42.061988],[24.808086,42.06232],[24.808132,42.062275]]]},"properties":{"num":2}},{"type":"Feature","geometry":{"type":"Polygon","coordinates":[[[24.809614,42.062299],[24.809376,42.062164],[24.809284,42.062253],[24.809522,42.062388],[24.809614,42.062299]]]},"properties":{"num":1}},{"type":"Feature","geometry":{"type":"Polygon","coordinates":[[[24.809675,42.062333],[24.809614,42.062299],[24.809522,42.062388],[24.809583,42.062421],[24.809675,42.062333]]]},"properties":{"num":2}},{"type":"Feature","geometry":{"type":"Polygon","coordinates":[[[24.813491,42.064168],[24.813376,42.0641],[24.813138,42.064322],[24.813254,42.064389],[24.813491,42.064168]]]},"properties":{"num":1}},{"type":"Feature","geometry":{"type":"Polygon","coordinates":[[[24.811658,42.063421],[24.811751,42.063332],[24.811051,42.062928],[24.810959,42.063017],[24.811658,42.063421]]]},"properties":{"num":1}},{"type":"Feature","geometry":{"type":"Polygon","coordinates":[[[24.811866,42.063552],[24.812007,42.063417],[24.811884,42.063346],[24.811744,42.063481],[24.811866,42.063552]]]},"properties":{"num":2}},{"type":"Feature","geometry":{"type":"Polygon","coordinates":[[[24.813313,42.063505],[24.813179,42.063634],[24.813237,42.063668],[24.81334,42.063658],[24.813429,42.063571],[24.813313,42.063505]]]},"properties":{"num":1}},{"type":"Feature","geometry":{"type":"Polygon","coordinates":[[[24.813291,42.063526],[24.812602,42.063128],[24.812489,42.063237],[24.813179,42.063634],[24.813291,42.063526]]]},"properties":{"num":2}},{"type":"Feature","geometry":{"type":"Polygon","coordinates":[[[24.813009,42.063363],[24.813046,42.063327],[24.812697,42.063125],[24.812659,42.063161],[24.813009,42.063363]]]},"properties":{"num":3}},{"type":"Feature","geometry":{"type":"Polygon","coordinates":[[[24.812133,42.062998],[24.812165,42.06297],[24.812127,42.062946],[24.812095,42.062974],[24.812133,42.062998]]]},"properties":{"num":4}},{"type":"Feature","geometry":{"type":"Polygon","coordinates":[[[24.813409,42.063764],[24.813427,42.063745],[24.813398,42.063729],[24.81338,42.063748],[24.813409,42.063764]]]},"properties":{"num":5}},{"type":"Feature","geometry":{"type":"Polygon","coordinates":[[[24.806975,42.061257],[24.807103,42.061356],[24.807159,42.061316],[24.80703,42.061217],[24.806975,42.061257]]]},"properties":{"num":1}},{"type":"Feature","geometry":{"type":"Polygon","coordinates":[[[24.808386,42.062865],[24.807935,42.063291],[24.808056,42.063363],[24.808509,42.062936],[24.808386,42.062865]]]},"properties":{"num":1}},{"type":"Feature","geometry":{"type":"Polygon","coordinates":[[[24.809033,42.063957],[24.809483,42.063529],[24.809365,42.063459],[24.808915,42.063888],[24.809033,42.063957]]]},"properties":{"num":2}},{"type":"Feature","geometry":{"type":"Polygon","coordinates":[[[24.809202,42.063976],[24.809084,42.063908],[24.809037,42.063953],[24.809154,42.064021],[24.809202,42.063976]]]},"properties":{"num":3}},{"type":"Feature","geometry":{"type":"Polygon","coordinates":[[[24.808903,42.063899],[24.809019,42.063969],[24.809033,42.063957],[24.808915,42.063888],[24.808903,42.063899]]]},"properties":{"num":4}},{"type":"Feature","geometry":{"type":"Polygon","coordinates":[[[24.809029,42.063399],[24.809121,42.063312],[24.808552,42.062978],[24.808459,42.063064],[24.809029,42.063399]]]},"properties":{"num":5}},{"type":"Feature","geometry":{"type":"Polygon","coordinates":[[[24.81198,42.064054],[24.811937,42.064029],[24.812026,42.063944],[24.811978,42.063916],[24.811705,42.06418],[24.811796,42.064233],[24.81198,42.064054]]]},"properties":{"num":1}},{"type":"Feature","geometry":{"type":"Polygon","coordinates":[[[24.806807,42.061496],[24.806759,42.061451],[24.806648,42.06152],[24.806623,42.061497],[24.806506,42.061569],[24.806531,42.061592],[24.80642,42.061662],[24.806466,42.061706],[24.806807,42.061496]]]},"properties":{"num":1}},{"type":"Feature","geometry":{"type":"Polygon","coordinates":[[[24.813125,42.064511],[24.813008,42.064441],[24.81277,42.064664],[24.812886,42.064734],[24.813125,42.064511]]]},"properties":{"num":1}},{"type":"Feature","geometry":{"type":"Polygon","coordinates":[[[24.812548,42.064588],[24.812638,42.064639],[24.812815,42.064468],[24.812725,42.064417],[24.812548,42.064588]]]},"properties":{"num":1}},{"type":"Feature","geometry":{"type":"Polygon","coordinates":[[[24.812725,42.064417],[24.812815,42.064468],[24.812993,42.064297],[24.812903,42.064246],[24.812725,42.064417]]]},"properties":{"num":1}},{"type":"Feature","geometry":{"type":"Polygon","coordinates":[[[24.807443,42.061264],[24.807583,42.061129],[24.807409,42.061029],[24.807269,42.061163],[24.807443,42.061264]]]},"properties":{"num":1}},{"type":"Feature","geometry":{"type":"Polygon","coordinates":[[[24.807988,42.061363],[24.807583,42.061129],[24.807443,42.061264],[24.807847,42.061499],[24.807988,42.061363]]]},"properties":{"num":1}},{"type":"Feature","geometry":{"type":"Polygon","coordinates":[[[24.811558,42.063832],[24.810808,42.063396],[24.810669,42.063529],[24.81142,42.063965],[24.811558,42.063832]]]},"properties":{"num":1}},{"type":"Feature","geometry":{"type":"Polygon","coordinates":[[[24.811623,42.063771],[24.811388,42.063635],[24.811323,42.063695],[24.811558,42.063832],[24.811623,42.063771]]]},"properties":{"num":2}},{"type":"Feature","geometry":{"type":"Polygon","coordinates":[[[24.812569,42.063538],[24.812522,42.063585],[24.812613,42.063638],[24.812663,42.063592],[24.812569,42.063538]]]},"properties":{"num":1}},{"type":"Feature","geometry":{"type":"Polygon","coordinates":[[[24.811796,42.064233],[24.811971,42.064334],[24.812521,42.063803],[24.812345,42.063702],[24.811796,42.064233]]]},"properties":{"num":1}},{"type":"Feature","geometry":{"type":"Polygon","coordinates":[[[24.811978,42.063916],[24.812026,42.063944],[24.811937,42.064029],[24.81198,42.064054],[24.812345,42.063702],[24.812255,42.063651],[24.811978,42.063916]]]},"properties":{"num":2}},{"type":"Feature","geometry":{"type":"Polygon","coordinates":[[[24.80711,42.062011],[24.807167,42.061956],[24.807061,42.061896],[24.807004,42.061951],[24.80711,42.062011]]]},"properties":{"num":1}},{"type":"Feature","geometry":{"type":"Polygon","coordinates":[[[24.807505,42.064917],[24.807861,42.065116],[24.808473,42.064506],[24.808117,42.064307],[24.807505,42.064917]]]},"properties":{"num":1}},{"type":"Feature","geometry":{"type":"Polygon","coordinates":[[[24.812548,42.064588],[24.812903,42.064246],[24.812993,42.064297],[24.813135,42.06416],[24.81287,42.064005],[24.812319,42.064535],[24.812586,42.064689],[24.812638,42.064639],[24.812548,42.064588]]]},"properties":{"num":1}},{"type":"Feature","geometry":{"type":"Polygon","coordinates":[[[24.811119,42.062864],[24.811053,42.062825],[24.81089,42.062977],[24.810959,42.063017],[24.811119,42.062864]]]},"properties":{"num":1}},{"type":"Feature","geometry":{"type":"Polygon","coordinates":[[[24.810475,42.062449],[24.810353,42.062377],[24.810079,42.062635],[24.810201,42.062705],[24.810475,42.062449]]]},"properties":{"num":1}},{"type":"Feature","geometry":{"type":"Polygon","coordinates":[[[24.81073,42.062527],[24.810521,42.062405],[24.810425,42.062493],[24.810636,42.062619],[24.81073,42.062527]]]},"properties":{"num":2}},{"type":"Feature","geometry":{"type":"Polygon","coordinates":[[[24.810935,42.062889],[24.810875,42.062855],[24.810805,42.062923],[24.810864,42.062957],[24.810935,42.062889]]]},"properties":{"num":1}},{"type":"Feature","geometry":{"type":"Polygon","coordinates":[[[24.808167,42.061469],[24.807988,42.061363],[24.807847,42.061499],[24.808028,42.061604],[24.808167,42.061469]]]},"properties":{"num":1}},{"type":"Feature","geometry":{"type":"Polygon","coordinates":[[[24.811723,42.06947],[24.811763,42.069433],[24.811759,42.069413],[24.811716,42.069386],[24.8118,42.069311],[24.811057,42.068869],[24.810904,42.06901],[24.811645,42.069451],[24.811651,42.069445],[24.811695,42.069472],[24.811723,42.06947]]]},"properties":{"num":1}},{"type":"Feature","geometry":{"type":"Polygon","coordinates":[[[24.810717,42.068847],[24.809907,42.06838],[24.809697,42.068582],[24.810508,42.069049],[24.810717,42.068847]]]},"properties":{"num":2}},{"type":"Feature","geometry":{"type":"Polygon","coordinates":[[[24.78714,42.03928],[24.786901,42.039071],[24.786787,42.039143],[24.787026,42.039352],[24.78714,42.03928]]]},"properties":{"num":1}},{"type":"Feature","geometry":{"type":"Polygon","coordinates":[[[24.787096,42.040006],[24.787244,42.039906],[24.787229,42.039894],[24.787242,42.039884],[24.787201,42.039851],[24.787027,42.03997],[24.787068,42.040003],[24.787081,42.039994],[24.787096,42.040006]]]},"properties":{"num":1}},{"type":"Feature","geometry":{"type":"Polygon","coordinates":[[[24.791361,42.040679],[24.791158,42.040516],[24.791202,42.040485],[24.791193,42.040477],[24.79122,42.040459],[24.791196,42.040439],[24.791024,42.040563],[24.791257,42.040751],[24.791361,42.040679]]]},"properties":{"num":1}},{"type":"Feature","geometry":{"type":"Polygon","coordinates":[[[24.791637,42.041264],[24.791833,42.041126],[24.791749,42.041059],[24.791551,42.041196],[24.791637,42.041264]]]},"properties":{"num":1}},{"type":"Feature","geometry":{"type":"Polygon","coordinates":[[[24.781736,42.041647],[24.78166,42.041628],[24.781658,42.041631],[24.78164,42.041626],[24.781643,42.04162],[24.781576,42.041603],[24.781525,42.041713],[24.781687,42.041754],[24.781736,42.041647]]]},"properties":{"num":1}},{"type":"Feature","geometry":{"type":"Polygon","coordinates":[[[24.789852,42.03995],[24.789832,42.039932],[24.789791,42.039958],[24.789811,42.039976],[24.789852,42.03995]]]},"properties":{"num":1}},{"type":"Feature","geometry":{"type":"Polygon","coordinates":[[[24.78873,42.041765],[24.788693,42.041719],[24.788818,42.041663],[24.788559,42.041333],[24.788302,42.041446],[24.788601,42.041822],[24.78873,42.041765]]]},"properties":{"num":1}},{"type":"Feature","geometry":{"type":"Polygon","coordinates":[[[24.788932,42.041614],[24.789057,42.041559],[24.789094,42.041606],[24.789351,42.041492],[24.789125,42.041208],[24.789002,42.041263],[24.788928,42.04117],[24.788669,42.041285],[24.788932,42.041614]]]},"properties":{"num":1}},{"type":"Feature","geometry":{"type":"Polygon","coordinates":[[[24.789406,42.041425],[24.789342,42.041343],[24.789327,42.04135],[24.78929,42.041303],[24.789224,42.041333],[24.789338,42.041475],[24.789403,42.041446],[24.789406,42.041425]]]},"properties":{"num":2}},{"type":"Feature","geometry":{"type":"Polygon","coordinates":[[[24.788362,42.040734],[24.788326,42.040727],[24.787937,42.040901],[24.788069,42.041065],[24.78848,42.040882],[24.788362,42.040734]]]},"properties":{"num":1}},{"type":"Feature","geometry":{"type":"Polygon","coordinates":[[[24.788305,42.041296],[24.78862,42.041157],[24.788561,42.041081],[24.788617,42.041056],[24.788514,42.040928],[24.78808,42.041121],[24.788196,42.041267],[24.78826,42.041239],[24.788305,42.041296]]]},"properties":{"num":1}},{"type":"Feature","geometry":{"type":"Polygon","coordinates":[[[24.7909,42.040567],[24.790931,42.04052],[24.79096,42.040531],[24.791026,42.040433],[24.791056,42.040444],[24.791166,42.040271],[24.791032,42.040225],[24.790833,42.040545],[24.7909,42.040567]]]},"properties":{"num":1}},{"type":"Feature","geometry":{"type":"Polygon","coordinates":[[[24.790506,42.038839],[24.790533,42.038878],[24.790547,42.038872],[24.79052,42.038834],[24.790506,42.038839]]]},"properties":{"num":1}},{"type":"Feature","geometry":{"type":"Polygon","coordinates":[[[24.789577,42.039051],[24.789719,42.039249],[24.790538,42.038926],[24.790396,42.038726],[24.789577,42.039051]]]},"properties":{"num":2}},{"type":"Feature","geometry":{"type":"Polygon","coordinates":[[[24.789298,42.039904],[24.789148,42.039716],[24.788582,42.039967],[24.788732,42.040154],[24.789298,42.039904]]]},"properties":{"num":1}},{"type":"Feature","geometry":{"type":"Polygon","coordinates":[[[24.789242,42.040144],[24.789177,42.040063],[24.789026,42.04013],[24.789091,42.040211],[24.789242,42.040144]]]},"properties":{"num":2}},{"type":"Feature","geometry":{"type":"Polygon","coordinates":[[[24.790241,42.040087],[24.790074,42.04003],[24.790069,42.040038],[24.790032,42.040025],[24.790002,42.040073],[24.790205,42.040142],[24.790241,42.040087]]]},"properties":{"num":1}},{"type":"Feature","geometry":{"type":"Polygon","coordinates":[[[24.790121,42.040113],[24.790038,42.040085],[24.789896,42.040312],[24.789976,42.040341],[24.790121,42.040113]]]},"properties":{"num":2}},{"type":"Feature","geometry":{"type":"Polygon","coordinates":[[[24.79052,42.040183],[24.790409,42.040144],[24.790374,42.040199],[24.790486,42.040238],[24.79052,42.040183]]]},"properties":{"num":3}},{"type":"Feature","geometry":{"type":"Polygon","coordinates":[[[24.791882,42.04062],[24.791932,42.040577],[24.791853,42.04053],[24.791803,42.040573],[24.791882,42.04062]]]},"properties":{"num":1}},{"type":"Feature","geometry":{"type":"Polygon","coordinates":[[[24.781431,42.041456],[24.781475,42.04139],[24.781373,42.041352],[24.781329,42.041418],[24.781431,42.041456]]]},"properties":{"num":1}},{"type":"Feature","geometry":{"type":"Polygon","coordinates":[[[24.78258,42.042185],[24.782638,42.042142],[24.782525,42.042057],[24.782466,42.0421],[24.78258,42.042185]]]},"properties":{"num":1}},{"type":"Feature","geometry":{"type":"Polygon","coordinates":[[[24.778199,42.057621],[24.778246,42.057629],[24.778256,42.057598],[24.77821,42.057589],[24.778199,42.057621]]]},"properties":{"num":1}},{"type":"Feature","geometry":{"type":"Polygon","coordinates":[[[24.7788,42.046417],[24.778777,42.046416],[24.778772,42.046403],[24.778665,42.046425],[24.778676,42.046455],[24.778664,42.046458],[24.778678,42.046495],[24.778814,42.046468],[24.7788,42.046417]]]},"properties":{"num":1}},{"type":"Feature","geometry":{"type":"Polygon","coordinates":[[[24.785337,42.043709],[24.785362,42.043697],[24.785371,42.043707],[24.78568,42.043566],[24.785616,42.04349],[24.785305,42.043632],[24.785332,42.043664],[24.785307,42.043675],[24.785337,42.043709]]]},"properties":{"num":1}},{"type":"Feature","geometry":{"type":"Polygon","coordinates":[[[24.780144,42.043816],[24.780067,42.043799],[24.780063,42.043786],[24.780027,42.043776],[24.779995,42.043847],[24.780111,42.043882],[24.780144,42.043816]]]},"properties":{"num":1}},{"type":"Feature","geometry":{"type":"Polygon","coordinates":[[[24.779772,42.044649],[24.779856,42.044689],[24.779869,42.044673],[24.779926,42.0447],[24.779953,42.044667],[24.779959,42.044667],[24.779943,42.044659],[24.779955,42.044645],[24.77999,42.044662],[24.780037,42.044608],[24.779958,42.044571],[24.779962,42.044566],[24.779857,42.044516],[24.779841,42.044536],[24.779847,42.044538],[24.77981,42.044581],[24.779786,42.04457],[24.779768,42.044592],[24.779806,42.04461],[24.779772,42.044649]]]},"properties":{"num":1}},{"type":"Feature","geometry":{"type":"Polygon","coordinates":[[[24.779983,42.044475],[24.780075,42.044369],[24.779998,42.044332],[24.779992,42.04434],[24.779958,42.044323],[24.77993,42.044355],[24.779897,42.044339],[24.779859,42.044383],[24.779844,42.044375],[24.779818,42.044405],[24.779898,42.044444],[24.779905,42.044437],[24.779983,42.044475]]]},"properties":{"num":1}},{"type":"Feature","geometry":{"type":"Polygon","coordinates":[[[24.782678,42.044886],[24.782617,42.044865],[24.782546,42.044976],[24.782606,42.044998],[24.782678,42.044886]]]},"properties":{"num":1}},{"type":"Feature","geometry":{"type":"Polygon","coordinates":[[[24.782606,42.044998],[24.782546,42.044976],[24.782514,42.045026],[24.782574,42.045048],[24.782606,42.044998]]]},"properties":{"num":2}},{"type":"Feature","geometry":{"type":"Polygon","coordinates":[[[24.782762,42.044752],[24.782702,42.044731],[24.782678,42.044768],[24.782738,42.04479],[24.782762,42.044752]]]},"properties":{"num":3}},{"type":"Feature","geometry":{"type":"Polygon","coordinates":[[[24.78081,42.043738],[24.780874,42.043662],[24.780795,42.043626],[24.780805,42.043615],[24.780743,42.043586],[24.780705,42.043632],[24.780714,42.043635],[24.780668,42.043691],[24.780732,42.04372],[24.780743,42.043707],[24.78081,42.043738]]]},"properties":{"num":1}},{"type":"Feature","geometry":{"type":"Polygon","coordinates":[[[24.78007,42.044167],[24.779947,42.0441],[24.779901,42.044146],[24.779913,42.044152],[24.779888,42.044177],[24.779999,42.044238],[24.78007,42.044167]]]},"properties":{"num":1}},{"type":"Feature","geometry":{"type":"Polygon","coordinates":[[[24.780077,42.044117],[24.779977,42.04407],[24.779947,42.0441],[24.780042,42.044152],[24.780077,42.044117]]]},"properties":{"num":2}},{"type":"Feature","geometry":{"type":"Polygon","coordinates":[[[24.795606,42.041427],[24.795957,42.041229],[24.795889,42.041162],[24.795538,42.04136],[24.795606,42.041427]]]},"properties":{"num":1}},{"type":"Feature","geometry":{"type":"Polygon","coordinates":[[[24.792942,42.040733],[24.79335,42.040502],[24.793258,42.040411],[24.79285,42.040641],[24.792942,42.040733]]]},"properties":{"num":1}},{"type":"Feature","geometry":{"type":"Polygon","coordinates":[[[24.792901,42.040522],[24.792813,42.040435],[24.792522,42.040599],[24.792611,42.040686],[24.792901,42.040522]]]},"properties":{"num":1}},{"type":"Feature","geometry":{"type":"Polygon","coordinates":[[[24.795316,42.040874],[24.795398,42.040955],[24.795605,42.040838],[24.795522,42.040758],[24.795316,42.040874]]]},"properties":{"num":1}},{"type":"Feature","geometry":{"type":"Polygon","coordinates":[[[24.793744,42.041307],[24.793832,42.041393],[24.794026,42.041283],[24.793938,42.041197],[24.793744,42.041307]]]},"properties":{"num":1}},{"type":"Feature","geometry":{"type":"Polygon","coordinates":[[[24.793938,42.041197],[24.794026,42.041283],[24.79422,42.041174],[24.794132,42.041088],[24.793938,42.041197]]]},"properties":{"num":2}},{"type":"Feature","geometry":{"type":"Polygon","coordinates":[[[24.794132,42.041088],[24.79422,42.041174],[24.794456,42.04104],[24.794368,42.040954],[24.794132,42.041088]]]},"properties":{"num":3}},{"type":"Feature","geometry":{"type":"Polygon","coordinates":[[[24.82503,42.058242],[24.825077,42.05819],[24.824978,42.058139],[24.824929,42.058191],[24.824918,42.058186],[24.824904,42.058211],[24.824902,42.058239],[24.824909,42.058239],[24.825004,42.058287],[24.82505,42.058251],[24.82503,42.058242]]]},"properties":{"num":1}},{"type":"Feature","geometry":{"type":"Polygon","coordinates":[[[24.835371,42.069704],[24.835301,42.069547],[24.835192,42.069572],[24.835262,42.06973],[24.835371,42.069704]]]},"properties":{"num":1}},{"type":"Feature","geometry":{"type":"Polygon","coordinates":[[[24.835484,42.069105],[24.835439,42.068943],[24.835326,42.068961],[24.835371,42.069123],[24.835484,42.069105]]]},"properties":{"num":2}},{"type":"Feature","geometry":{"type":"Polygon","coordinates":[[[24.834434,42.068855],[24.834404,42.068811],[24.834309,42.068849],[24.83434,42.068893],[24.834434,42.068855]]]},"properties":{"num":3}},{"type":"Feature","geometry":{"type":"Polygon","coordinates":[[[24.834075,42.068435],[24.834177,42.068411],[24.834155,42.068363],[24.834053,42.068388],[24.834075,42.068435]]]},"properties":{"num":4}},{"type":"Feature","geometry":{"type":"Polygon","coordinates":[[[24.833993,42.067933],[24.833963,42.067891],[24.833869,42.067929],[24.833899,42.067972],[24.833993,42.067933]]]},"properties":{"num":5}},{"type":"Feature","geometry":{"type":"Polygon","coordinates":[[[24.834251,42.067722],[24.834277,42.067743],[24.834306,42.067723],[24.834281,42.067702],[24.834251,42.067722]]]},"properties":{"num":6}},{"type":"Feature","geometry":{"type":"Polygon","coordinates":[[[24.833556,42.067452],[24.833537,42.067403],[24.833433,42.067425],[24.833451,42.067474],[24.833556,42.067452]]]},"properties":{"num":7}},{"type":"Feature","geometry":{"type":"Polygon","coordinates":[[[24.833733,42.066626],[24.833793,42.066602],[24.833741,42.066531],[24.833681,42.066555],[24.833733,42.066626]]]},"properties":{"num":8}},{"type":"Feature","geometry":{"type":"Polygon","coordinates":[[[24.833312,42.067011],[24.833377,42.066995],[24.833343,42.066918],[24.833278,42.066934],[24.833312,42.067011]]]},"properties":{"num":9}},{"type":"Feature","geometry":{"type":"Polygon","coordinates":[[[24.831665,42.05394],[24.831714,42.053915],[24.831724,42.053926],[24.831735,42.053989],[24.831783,42.053985],[24.831793,42.053994],[24.831802,42.054056],[24.83185,42.054052],[24.832128,42.05433],[24.833505,42.053566],[24.832617,42.052679],[24.831241,42.053441],[24.831442,42.053643],[24.831413,42.053659],[24.83152,42.053767],[24.831503,42.053777],[24.831665,42.05394]]]},"properties":{"num":1}},{"type":"Feature","geometry":{"type":"Polygon","coordinates":[[[24.831833,42.053113],[24.831685,42.052966],[24.831416,42.053115],[24.831427,42.053125],[24.831377,42.053153],[24.831366,42.053142],[24.831097,42.053292],[24.831244,42.05344],[24.831833,42.053113]]]},"properties":{"num":2}},{"type":"Feature","geometry":{"type":"Polygon","coordinates":[[[24.831228,42.053574],[24.831138,42.053485],[24.830926,42.05356],[24.830849,42.053515],[24.83073,42.053629],[24.830873,42.05377],[24.831228,42.053574]]]},"properties":{"num":3}},{"type":"Feature","geometry":{"type":"Polygon","coordinates":[[[24.831109,42.053751],[24.831049,42.053691],[24.830995,42.053721],[24.831055,42.053781],[24.831109,42.053751]]]},"properties":{"num":4}},{"type":"Feature","geometry":{"type":"Polygon","coordinates":[[[24.832682,42.055194],[24.832634,42.055221],[24.83267,42.055257],[24.832718,42.05523],[24.832682,42.055194]]]},"properties":{"num":5}},{"type":"Feature","geometry":{"type":"Polygon","coordinates":[[[24.832158,42.0554],[24.832129,42.055371],[24.832081,42.055398],[24.83211,42.055427],[24.832158,42.0554]]]},"properties":{"num":7}},{"type":"Feature","geometry":{"type":"Polygon","coordinates":[[[24.831892,42.055546],[24.831547,42.0552],[24.831541,42.055203],[24.831358,42.05502],[24.83005,42.055745],[24.830485,42.056182],[24.830451,42.0562],[24.830498,42.056247],[24.830532,42.056228],[24.830578,42.056275],[24.831892,42.055546]]]},"properties":{"num":8}},{"type":"Feature","geometry":{"type":"Polygon","coordinates":[[[24.833468,42.059402],[24.833526,42.059459],[24.833575,42.059429],[24.833518,42.059375],[24.833468,42.059402]]]},"properties":{"num":1}},{"type":"Feature","geometry":{"type":"Polygon","coordinates":[[[24.828617,42.060014],[24.828984,42.059603],[24.828315,42.059271],[24.827922,42.05971],[24.828015,42.059756],[24.828024,42.059746],[24.828052,42.05976],[24.828044,42.05977],[24.828169,42.059832],[24.828194,42.059805],[24.828617,42.060014]]]},"properties":{"num":1}},{"type":"Feature","geometry":{"type":"Polygon","coordinates":[[[24.826059,42.059027],[24.826042,42.059047],[24.826085,42.059068],[24.826102,42.059048],[24.826059,42.059027]]]},"properties":{"num":1}},{"type":"Feature","geometry":{"type":"Polygon","coordinates":[[[24.82699,42.06048],[24.827437,42.059979],[24.826586,42.059558],[24.826139,42.060059],[24.82699,42.06048]]]},"properties":{"num":1}},{"type":"Feature","geometry":{"type":"Polygon","coordinates":[[[24.827255,42.059889],[24.827305,42.059833],[24.826938,42.059651],[24.826889,42.059707],[24.827255,42.059889]]]},"properties":{"num":2}},{"type":"Feature","geometry":{"type":"Polygon","coordinates":[[[24.826852,42.059689],[24.826895,42.05964],[24.826833,42.059609],[24.826788,42.059657],[24.826852,42.059689]]]},"properties":{"num":3}},{"type":"Feature","geometry":{"type":"Polygon","coordinates":[[[24.82673,42.059418],[24.826759,42.059385],[24.826721,42.059366],[24.826692,42.059399],[24.82673,42.059418]]]},"properties":{"num":4}},{"type":"Feature","geometry":{"type":"Polygon","coordinates":[[[24.826857,42.060634],[24.826491,42.060452],[24.826326,42.060637],[24.826692,42.060818],[24.826857,42.060634]]]},"properties":{"num":5}},{"type":"Feature","geometry":{"type":"Polygon","coordinates":[[[24.826366,42.060591],[24.826491,42.060452],[24.825967,42.060193],[24.825882,42.060288],[24.826094,42.060393],[24.826055,42.060438],[24.826114,42.060467],[24.826102,42.060481],[24.826168,42.060513],[24.82618,42.0605],[24.826366,42.060591]]]},"properties":{"num":6}},{"type":"Feature","geometry":{"type":"Polygon","coordinates":[[[24.831172,42.059847],[24.830282,42.060412],[24.83039,42.060507],[24.830374,42.060516],[24.830311,42.060588],[24.830428,42.06069],[24.830528,42.060626],[24.830676,42.060755],[24.831565,42.060191],[24.831172,42.059847]]]},"properties":{"num":1}},{"type":"Feature","geometry":{"type":"Polygon","coordinates":[[[24.830622,42.060034],[24.830507,42.060108],[24.830516,42.060115],[24.830439,42.060164],[24.830431,42.060157],[24.83037,42.060195],[24.830477,42.060289],[24.830729,42.060128],[24.830622,42.060034]]]},"properties":{"num":2}},{"type":"Feature","geometry":{"type":"Polygon","coordinates":[[[24.829958,42.060684],[24.830031,42.06072],[24.830052,42.060697],[24.829979,42.06066],[24.829958,42.060684]]]},"properties":{"num":3}},{"type":"Feature","geometry":{"type":"Polygon","coordinates":[[[24.830186,42.060831],[24.830169,42.06085],[24.830199,42.060865],[24.830216,42.060846],[24.830186,42.060831]]]},"properties":{"num":4}},{"type":"Feature","geometry":{"type":"Polygon","coordinates":[[[24.831711,42.060404],[24.831509,42.060228],[24.830731,42.060722],[24.830933,42.060898],[24.831711,42.060404]]]},"properties":{"num":5}},{"type":"Feature","geometry":{"type":"Polygon","coordinates":[[[24.831853,42.060314],[24.83169,42.060171],[24.831601,42.060228],[24.831616,42.060241],[24.831565,42.060269],[24.831514,42.060224],[24.831509,42.060228],[24.831711,42.060404],[24.831853,42.060314]]]},"properties":{"num":6}},{"type":"Feature","geometry":{"type":"Polygon","coordinates":[[[24.831099,42.061043],[24.8308,42.060782],[24.830765,42.060822],[24.830806,42.060842],[24.83073,42.060927],[24.831039,42.061081],[24.831099,42.061043]]]},"properties":{"num":7}},{"type":"Feature","geometry":{"type":"Polygon","coordinates":[[[24.826354,42.056788],[24.826175,42.056959],[24.826156,42.056993],[24.826144,42.056989],[24.826121,42.057025],[24.82611,42.057022],[24.826094,42.05705],[24.826084,42.057046],[24.826012,42.057115],[24.826315,42.057293],[24.82666,42.056964],[24.826354,42.056788]]]},"properties":{"num":1}},{"type":"Feature","geometry":{"type":"Polygon","coordinates":[[[24.825742,42.057379],[24.825523,42.057249],[24.825208,42.057551],[24.825732,42.057857],[24.826255,42.057356],[24.825951,42.05718],[24.825897,42.057232],[24.825904,42.05724],[24.825865,42.057264],[24.825874,42.057272],[24.82583,42.057296],[24.825742,42.057379]]]},"properties":{"num":2}},{"type":"Feature","geometry":{"type":"Polygon","coordinates":[[[24.825821,42.057052],[24.825767,42.057021],[24.825743,42.057044],[24.825797,42.057075],[24.825821,42.057052]]]},"properties":{"num":3}},{"type":"Feature","geometry":{"type":"Polygon","coordinates":[[[24.838584,42.060828],[24.837602,42.059884],[24.836104,42.06075],[24.837088,42.061693],[24.838584,42.060828]]]},"properties":{"num":1}},{"type":"Feature","geometry":{"type":"Polygon","coordinates":[[[24.836335,42.060971],[24.836104,42.06075],[24.83602,42.060798],[24.836251,42.061019],[24.836335,42.060971]]]},"properties":{"num":2}},{"type":"Feature","geometry":{"type":"Polygon","coordinates":[[[24.836968,42.06025],[24.836859,42.060142],[24.835995,42.060642],[24.836104,42.06075],[24.836968,42.06025]]]},"properties":{"num":3}},{"type":"Feature","geometry":{"type":"Polygon","coordinates":[[[24.823953,42.057552],[24.823821,42.057679],[24.823969,42.057764],[24.824101,42.057636],[24.823953,42.057552]]]},"properties":{"num":1}},{"type":"Feature","geometry":{"type":"Polygon","coordinates":[[[24.823953,42.057552],[24.823803,42.057465],[24.823671,42.057593],[24.823821,42.057679],[24.823953,42.057552]]]},"properties":{"num":2}},{"type":"Feature","geometry":{"type":"Polygon","coordinates":[[[24.824902,42.056606],[24.825072,42.0567],[24.825238,42.05654],[24.825189,42.05651],[24.825259,42.056444],[24.824992,42.05629],[24.824274,42.056982],[24.824425,42.057067],[24.824902,42.056606]]]},"properties":{"num":1}},{"type":"Feature","geometry":{"type":"Polygon","coordinates":[[[24.825987,42.055038],[24.825643,42.054837],[24.825193,42.055265],[24.825538,42.055466],[24.825987,42.055038]]]},"properties":{"num":1}},{"type":"Feature","geometry":{"type":"Polygon","coordinates":[[[24.825948,42.055623],[24.825932,42.055614],[24.826012,42.055539],[24.825893,42.055471],[24.825779,42.055579],[24.825913,42.055657],[24.825948,42.055623]]]},"properties":{"num":2}},{"type":"Feature","geometry":{"type":"Polygon","coordinates":[[[24.826398,42.055223],[24.826388,42.055225],[24.82632,42.05529],[24.826319,42.055296],[24.826439,42.055368],[24.826453,42.055367],[24.826523,42.055302],[24.826523,42.055296],[24.826398,42.055223]]]},"properties":{"num":3}},{"type":"Feature","geometry":{"type":"Polygon","coordinates":[[[24.826347,42.054866],[24.826752,42.055101],[24.826935,42.054925],[24.826528,42.05469],[24.826347,42.054866]]]},"properties":{"num":1}},{"type":"Feature","geometry":{"type":"Polygon","coordinates":[[[24.833544,42.062511],[24.833496,42.062489],[24.833494,42.062488],[24.833494,42.062515],[24.833527,42.062532],[24.833544,42.062511]]]},"properties":{"num":1}},{"type":"Feature","geometry":{"type":"Polygon","coordinates":[[[24.833544,42.062511],[24.833563,42.062488],[24.833533,42.062464],[24.833496,42.062489],[24.833544,42.062511]]]},"properties":{"num":2}},{"type":"Feature","geometry":{"type":"Polygon","coordinates":[[[24.833527,42.062532],[24.833617,42.062576],[24.833651,42.062535],[24.833561,42.062491],[24.833527,42.062532]]]},"properties":{"num":3}},{"type":"Feature","geometry":{"type":"Polygon","coordinates":[[[24.833872,42.062343],[24.83401,42.06241],[24.834057,42.062354],[24.83392,42.062287],[24.833872,42.062343]]]},"properties":{"num":4}},{"type":"Feature","geometry":{"type":"Polygon","coordinates":[[[24.83409,42.061656],[24.834252,42.061779],[24.834283,42.061753],[24.834126,42.061629],[24.83409,42.061656]]]},"properties":{"num":5}},{"type":"Feature","geometry":{"type":"Polygon","coordinates":[[[24.834283,42.061753],[24.834357,42.061691],[24.83432,42.061663],[24.834283,42.061694],[24.834266,42.061682],[24.834233,42.06171],[24.834283,42.061753]]]},"properties":{"num":6}},{"type":"Feature","geometry":{"type":"Polygon","coordinates":[[[24.834035,42.061613],[24.834065,42.061637],[24.834198,42.061539],[24.834178,42.061524],[24.834127,42.061562],[24.834116,42.061553],[24.834035,42.061613]]]},"properties":{"num":7}},{"type":"Feature","geometry":{"type":"Polygon","coordinates":[[[24.834993,42.061676],[24.835155,42.061512],[24.835065,42.061466],[24.834904,42.06163],[24.834993,42.061676]]]},"properties":{"num":9}},{"type":"Feature","geometry":{"type":"Polygon","coordinates":[[[24.835156,42.061761],[24.835251,42.06181],[24.835404,42.061639],[24.835308,42.06159],[24.835156,42.061761]]]},"properties":{"num":10}},{"type":"Feature","geometry":{"type":"Polygon","coordinates":[[[24.8355,42.061939],[24.835654,42.061767],[24.835554,42.061717],[24.835401,42.061887],[24.8355,42.061939]]]},"properties":{"num":11}},{"type":"Feature","geometry":{"type":"Polygon","coordinates":[[[24.835799,42.062432],[24.83586,42.062364],[24.835752,42.06231],[24.835692,42.062376],[24.835799,42.062432]]]},"properties":{"num":12}},{"type":"Feature","geometry":{"type":"Polygon","coordinates":[[[24.835908,42.062388],[24.83586,42.062364],[24.835841,42.062384],[24.835889,42.062408],[24.835908,42.062388]]]},"properties":{"num":13}},{"type":"Feature","geometry":{"type":"Polygon","coordinates":[[[24.836256,42.062315],[24.836155,42.062265],[24.836064,42.062367],[24.835904,42.062287],[24.836047,42.062128],[24.835958,42.062082],[24.835972,42.062066],[24.835816,42.061991],[24.835854,42.061949],[24.835755,42.061899],[24.835602,42.06207],[24.835702,42.062122],[24.835735,42.062085],[24.835794,42.062115],[24.835823,42.062083],[24.835913,42.062129],[24.835752,42.06231],[24.836103,42.062486],[24.836256,42.062315]]]},"properties":{"num":14}},{"type":"Feature","geometry":{"type":"Polygon","coordinates":[[[24.836178,42.062084],[24.836298,42.061959],[24.836173,42.061893],[24.836054,42.062018],[24.836178,42.062084]]]},"properties":{"num":15}},{"type":"Feature","geometry":{"type":"Polygon","coordinates":[[[24.836054,42.062018],[24.836026,42.062048],[24.836149,42.062114],[24.836178,42.062084],[24.836054,42.062018]]]},"properties":{"num":16}},{"type":"Feature","geometry":{"type":"Polygon","coordinates":[[[24.835816,42.061628],[24.835839,42.061612],[24.835806,42.061587],[24.835783,42.061604],[24.835816,42.061628]]]},"properties":{"num":17}},{"type":"Feature","geometry":{"type":"Polygon","coordinates":[[[24.836008,42.061544],[24.836407,42.061824],[24.836482,42.061765],[24.836087,42.061485],[24.836008,42.061544]]]},"properties":{"num":18}},{"type":"Feature","geometry":{"type":"Polygon","coordinates":[[[24.836142,42.061474],[24.836209,42.061427],[24.836175,42.0614],[24.836108,42.061447],[24.836142,42.061474]]]},"properties":{"num":19}},{"type":"Feature","geometry":{"type":"Polygon","coordinates":[[[24.836602,42.057365],[24.836075,42.056838],[24.83512,42.057367],[24.83525,42.057496],[24.835104,42.057577],[24.835502,42.057975],[24.836602,42.057365]]]},"properties":{"num":1}},{"type":"Feature","geometry":{"type":"Polygon","coordinates":[[[24.834095,42.058218],[24.833133,42.058751],[24.833788,42.059408],[24.83397,42.059309],[24.834006,42.059344],[24.834606,42.059012],[24.83457,42.058975],[24.834749,42.058877],[24.834095,42.058218]]]},"properties":{"num":1}},{"type":"Feature","geometry":{"type":"Polygon","coordinates":[[[24.83309,42.058707],[24.833139,42.05868],[24.833074,42.058615],[24.833026,42.058642],[24.83309,42.058707]]]},"properties":{"num":2}},{"type":"Feature","geometry":{"type":"Polygon","coordinates":[[[24.83489,42.058854],[24.835546,42.058491],[24.835509,42.058455],[24.835537,42.05844],[24.834794,42.057695],[24.834083,42.058088],[24.834826,42.058834],[24.834854,42.058818],[24.83489,42.058854]]]},"properties":{"num":3}},{"type":"Feature","geometry":{"type":"Polygon","coordinates":[[[24.834235,42.056614],[24.834955,42.056215],[24.83437,42.055629],[24.833651,42.056027],[24.833696,42.056073],[24.833663,42.056092],[24.833733,42.056161],[24.833765,42.056144],[24.834119,42.056498],[24.834088,42.056515],[24.834101,42.056528],[24.834075,42.056543],[24.834117,42.056585],[24.834144,42.056571],[24.834157,42.056584],[24.834187,42.056567],[24.834235,42.056614]]]},"properties":{"num":1}},{"type":"Feature","geometry":{"type":"Polygon","coordinates":[[[24.834147,42.05675],[24.834117,42.056722],[24.83407,42.056749],[24.834099,42.056778],[24.834147,42.05675]]]},"properties":{"num":2}},{"type":"Feature","geometry":{"type":"Polygon","coordinates":[[[24.832598,42.059074],[24.831821,42.059568],[24.83225,42.059943],[24.833027,42.05945],[24.832598,42.059074]]]},"properties":{"num":1}},{"type":"Feature","geometry":{"type":"Polygon","coordinates":[[[24.8325,42.058988],[24.831876,42.059383],[24.831974,42.059471],[24.832598,42.059074],[24.8325,42.058988]]]},"properties":{"num":2}},{"type":"Feature","geometry":{"type":"Polygon","coordinates":[[[24.83155,42.059499],[24.831485,42.05954],[24.831509,42.059561],[24.831574,42.05952],[24.83155,42.059499]]]},"properties":{"num":3}},{"type":"Feature","geometry":{"type":"Polygon","coordinates":[[[24.831291,42.059571],[24.831273,42.059553],[24.831224,42.05958],[24.831242,42.059598],[24.831291,42.059571]]]},"properties":{"num":4}},{"type":"Feature","geometry":{"type":"Polygon","coordinates":[[[24.83245,42.059816],[24.83225,42.059943],[24.832438,42.060108],[24.832245,42.060231],[24.832487,42.060442],[24.83288,42.060193],[24.83245,42.059816]]]},"properties":{"num":5}},{"type":"Feature","geometry":{"type":"Polygon","coordinates":[[[24.833458,42.059825],[24.833027,42.05945],[24.83245,42.059816],[24.83288,42.060193],[24.833458,42.059825]]]},"properties":{"num":6}},{"type":"Feature","geometry":{"type":"Polygon","coordinates":[[[24.833874,42.060207],[24.833734,42.060084],[24.833285,42.06037],[24.833425,42.060492],[24.833874,42.060207]]]},"properties":{"num":7}},{"type":"Feature","geometry":{"type":"Polygon","coordinates":[[[24.833734,42.060084],[24.833446,42.059833],[24.832997,42.060118],[24.833285,42.06037],[24.833734,42.060084]]]},"properties":{"num":8}},{"type":"Feature","geometry":{"type":"Polygon","coordinates":[[[24.833425,42.060492],[24.832997,42.060118],[24.832378,42.060509],[24.832808,42.060884],[24.833425,42.060492]]]},"properties":{"num":9}},{"type":"Feature","geometry":{"type":"Polygon","coordinates":[[[24.812972,42.048878],[24.813281,42.049226],[24.813322,42.049206],[24.813013,42.048856],[24.812972,42.048878]]]},"properties":{"num":1}},{"type":"Feature","geometry":{"type":"Polygon","coordinates":[[[24.795734,42.040116],[24.795694,42.040081],[24.79562,42.04013],[24.795661,42.040164],[24.795734,42.040116]]]},"properties":{"num":1}},{"type":"Feature","geometry":{"type":"Polygon","coordinates":[[[24.796046,42.040076],[24.795993,42.040031],[24.795963,42.040051],[24.796015,42.040096],[24.796046,42.040076]]]},"properties":{"num":2}},{"type":"Feature","geometry":{"type":"Polygon","coordinates":[[[24.796465,42.039844],[24.796303,42.039707],[24.796134,42.039817],[24.796296,42.039955],[24.796465,42.039844]]]},"properties":{"num":3}},{"type":"Feature","geometry":{"type":"Polygon","coordinates":[[[24.796614,42.03965],[24.796652,42.039625],[24.796543,42.039533],[24.796452,42.039593],[24.796521,42.039651],[24.796534,42.039643],[24.796607,42.039705],[24.796648,42.039679],[24.796614,42.03965]]]},"properties":{"num":4}},{"type":"Feature","geometry":{"type":"Polygon","coordinates":[[[24.815824,42.037607],[24.815712,42.037497],[24.81561,42.037554],[24.815722,42.037665],[24.815824,42.037607]]]},"properties":{"num":1}},{"type":"Feature","geometry":{"type":"Polygon","coordinates":[[[24.81583,42.037265],[24.815728,42.037323],[24.81584,42.037433],[24.815942,42.037374],[24.81583,42.037265]]]},"properties":{"num":3}},{"type":"Feature","geometry":{"type":"Polygon","coordinates":[[[24.777139,42.042762],[24.777068,42.04273],[24.777053,42.042749],[24.776915,42.042688],[24.776858,42.04276],[24.777016,42.04283],[24.77701,42.042837],[24.777072,42.042864],[24.777099,42.042829],[24.777089,42.042825],[24.777139,42.042762]]]},"properties":{"num":1}},{"type":"Feature","geometry":{"type":"Polygon","coordinates":[[[24.778467,42.042006],[24.778459,42.042017],[24.778412,42.041994],[24.77835,42.042068],[24.778366,42.042075],[24.778351,42.042095],[24.778439,42.042133],[24.778521,42.04203],[24.778467,42.042006]]]},"properties":{"num":1}},{"type":"Feature","geometry":{"type":"Polygon","coordinates":[[[24.779558,42.042193],[24.779549,42.042157],[24.779505,42.042163],[24.779499,42.042139],[24.779445,42.042146],[24.779439,42.042118],[24.779377,42.042126],[24.779399,42.042215],[24.779558,42.042193]]]},"properties":{"num":1}},{"type":"Feature","geometry":{"type":"Polygon","coordinates":[[[24.779607,42.042163],[24.779592,42.042157],[24.77955,42.042163],[24.779564,42.042221],[24.779619,42.042214],[24.779607,42.042163]]]},"properties":{"num":2}},{"type":"Feature","geometry":{"type":"Polygon","coordinates":[[[24.779488,42.043742],[24.779506,42.043709],[24.77958,42.043731],[24.779618,42.043662],[24.779442,42.043608],[24.779423,42.043642],[24.779406,42.043637],[24.779369,42.043705],[24.779488,42.043742]]]},"properties":{"num":1}},{"type":"Feature","geometry":{"type":"Polygon","coordinates":[[[24.779451,42.043052],[24.779459,42.043017],[24.779463,42.043018],[24.779477,42.042954],[24.779337,42.042937],[24.779324,42.042998],[24.77929,42.042995],[24.779283,42.043032],[24.779451,42.043052]]]},"properties":{"num":1}},{"type":"Feature","geometry":{"type":"Polygon","coordinates":[[[24.77957,42.042879],[24.779588,42.042791],[24.779541,42.042786],[24.779527,42.042766],[24.7795,42.042763],[24.779479,42.042775],[24.779466,42.042838],[24.779446,42.042836],[24.779438,42.042873],[24.77952,42.042883],[24.779522,42.042873],[24.77957,42.042879]]]},"properties":{"num":1}},{"type":"Feature","geometry":{"type":"Polygon","coordinates":[[[24.779215,42.041854],[24.779232,42.041833],[24.779252,42.041843],[24.779287,42.041801],[24.779299,42.041729],[24.779246,42.041704],[24.779231,42.041723],[24.779213,42.041715],[24.779131,42.041815],[24.779215,42.041854]]]},"properties":{"num":1}},{"type":"Feature","geometry":{"type":"Polygon","coordinates":[[[24.779094,42.041751],[24.779089,42.041749],[24.779121,42.041719],[24.779102,42.04171],[24.779125,42.041682],[24.779026,42.041642],[24.778963,42.041715],[24.779078,42.04177],[24.779094,42.041751]]]},"properties":{"num":1}},{"type":"Feature","geometry":{"type":"Polygon","coordinates":[[[24.778853,42.041576],[24.778782,42.041546],[24.778732,42.041606],[24.778875,42.041675],[24.77891,42.041633],[24.778878,42.041619],[24.778891,42.041605],[24.778846,42.041585],[24.778853,42.041576]]]},"properties":{"num":1}},{"type":"Feature","geometry":{"type":"Polygon","coordinates":[[[24.778304,42.041326],[24.77834,42.041283],[24.778351,42.041288],[24.778387,42.041245],[24.778296,42.041203],[24.778292,42.041207],[24.77825,42.041188],[24.778229,42.041212],[24.778208,42.041202],[24.778173,42.041243],[24.778206,42.041258],[24.778176,42.041295],[24.778225,42.041318],[24.778243,42.041297],[24.778304,42.041326]]]},"properties":{"num":1}},{"type":"Feature","geometry":{"type":"Polygon","coordinates":[[[24.777759,42.041984],[24.777757,42.041976],[24.777743,42.041971],[24.777734,42.041973],[24.777728,42.041981],[24.777694,42.041967],[24.777657,42.042014],[24.777733,42.042046],[24.777769,42.041999],[24.777753,42.041992],[24.777759,42.041984]]]},"properties":{"num":1}},{"type":"Feature","geometry":{"type":"Polygon","coordinates":[[[24.77989,42.04197],[24.779929,42.041881],[24.779828,42.041843],[24.779802,42.041883],[24.779787,42.041877],[24.779763,42.041907],[24.779765,42.041914],[24.779775,42.041917],[24.77976,42.04194],[24.779867,42.041979],[24.77989,42.04197]]]},"properties":{"num":1}},{"type":"Feature","geometry":{"type":"Polygon","coordinates":[[[24.77977,42.041898],[24.779787,42.041877],[24.779802,42.041883],[24.779828,42.041843],[24.779863,42.041857],[24.779867,42.04185],[24.779862,42.041842],[24.779836,42.041832],[24.779844,42.04182],[24.779792,42.041802],[24.779774,42.041803],[24.77976,42.041809],[24.779737,42.04184],[24.77976,42.041849],[24.779736,42.041885],[24.77977,42.041898]]]},"properties":{"num":2}},{"type":"Feature","geometry":{"type":"Polygon","coordinates":[[[24.7775,42.042062],[24.777429,42.042032],[24.777324,42.042169],[24.777446,42.042222],[24.777498,42.042154],[24.777446,42.042132],[24.7775,42.042062]]]},"properties":{"num":1}},{"type":"Feature","geometry":{"type":"Polygon","coordinates":[[[24.777901,42.042381],[24.777932,42.042342],[24.777959,42.042354],[24.778004,42.042298],[24.777833,42.042224],[24.777789,42.042279],[24.777825,42.042296],[24.777795,42.042335],[24.777901,42.042381]]]},"properties":{"num":1}},{"type":"Feature","geometry":{"type":"Polygon","coordinates":[[[24.796103,42.032688],[24.795947,42.032684],[24.795943,42.032761],[24.796097,42.032764],[24.796103,42.032688]]]},"properties":{"num":1}},{"type":"Feature","geometry":{"type":"Polygon","coordinates":[[[24.799226,42.031302],[24.799302,42.031311],[24.799316,42.031229],[24.799241,42.031225],[24.799226,42.031302]]]},"properties":{"num":1}},{"type":"Feature","geometry":{"type":"Polygon","coordinates":[[[24.799213,42.031394],[24.799271,42.031395],[24.799283,42.031309],[24.799232,42.031303],[24.799213,42.031394]]]},"properties":{"num":2}},{"type":"Feature","geometry":{"type":"Polygon","coordinates":[[[24.799367,42.031276],[24.799403,42.031279],[24.79941,42.031235],[24.799376,42.031232],[24.799367,42.031276]]]},"properties":{"num":3}},{"type":"Feature","geometry":{"type":"Polygon","coordinates":[[[24.795611,42.035771],[24.795617,42.035775],[24.795586,42.035801],[24.795666,42.035856],[24.795739,42.035795],[24.795653,42.035737],[24.795611,42.035771]]]},"properties":{"num":1}},{"type":"Feature","geometry":{"type":"Polygon","coordinates":[[[24.797794,42.028899],[24.797779,42.029],[24.797834,42.029003],[24.79785,42.028903],[24.797794,42.028899]]]},"properties":{"num":1}},{"type":"Feature","geometry":{"type":"Polygon","coordinates":[[[24.798545,42.029016],[24.79836,42.029],[24.798341,42.029102],[24.798525,42.029118],[24.798545,42.029016]]]},"properties":{"num":2}},{"type":"Feature","geometry":{"type":"Polygon","coordinates":[[[24.797322,42.029241],[24.797312,42.029233],[24.797344,42.02921],[24.79728,42.029154],[24.797185,42.029215],[24.797261,42.029279],[24.797322,42.029241]]]},"properties":{"num":1}},{"type":"Feature","geometry":{"type":"Polygon","coordinates":[[[24.797312,42.029233],[24.797356,42.029269],[24.797405,42.02924],[24.79736,42.0292],[24.797312,42.029233]]]},"properties":{"num":2}},{"type":"Feature","geometry":{"type":"Polygon","coordinates":[[[24.797483,42.029123],[24.797501,42.029113],[24.797485,42.029098],[24.79749,42.029095],[24.797454,42.02906],[24.797449,42.029063],[24.797434,42.029049],[24.797413,42.029061],[24.797427,42.029075],[24.797412,42.029084],[24.797448,42.029119],[24.797467,42.029108],[24.797483,42.029123]]]},"properties":{"num":1}},{"type":"Feature","geometry":{"type":"Polygon","coordinates":[[[24.797367,42.02904],[24.797386,42.029029],[24.797402,42.029045],[24.797419,42.029034],[24.797404,42.029019],[24.797409,42.029016],[24.797373,42.028981],[24.797368,42.028984],[24.797353,42.02897],[24.797332,42.028982],[24.797346,42.028996],[24.79733,42.029005],[24.797367,42.02904]]]},"properties":{"num":2}}]}