{"type":"FeatureCollection","features":[{"type":"Feature","geometry":{"type":"Polygon","coordinates":[[[24.855676,41.747706],[24.85617,41.748796],[24.856246,41.748772],[24.85637,41.748815],[24.856506,41.748813],[24.856608,41.748689],[24.856675,41.748688],[24.856886,41.748779],[24.856857,41.748854],[24.856982,41.748858],[24.857028,41.748846],[24.85825,41.746892],[24.858677,41.746758],[24.858645,41.746595],[24.858705,41.746515],[24.858971,41.746467],[24.858867,41.746196],[24.858642,41.746256],[24.858514,41.746307],[24.858395,41.746492],[24.858298,41.746562],[24.858242,41.746529],[24.858103,41.74654],[24.85802,41.746273],[24.858055,41.746134],[24.85809,41.746117],[24.858104,41.746084],[24.858177,41.746085],[24.858271,41.745866],[24.858293,41.745747],[24.858229,41.745664],[24.858142,41.74561],[24.857921,41.745593],[24.857803,41.745532],[24.857787,41.745424],[24.857718,41.745336],[24.856432,41.745234],[24.856403,41.745283],[24.856514,41.745475],[24.856511,41.745703],[24.856215,41.745557],[24.856011,41.745863],[24.85618,41.745976],[24.856344,41.746146],[24.856111,41.746179],[24.856022,41.746082],[24.855946,41.745945],[24.855609,41.746158],[24.85564,41.746601],[24.855689,41.746609],[24.855718,41.746578],[24.855816,41.746795],[24.855949,41.746982],[24.856112,41.747113],[24.855908,41.747061],[24.855826,41.746998],[24.855689,41.747163],[24.855726,41.747221],[24.855584,41.747233],[24.855487,41.747263],[24.854924,41.747131],[24.854892,41.74731],[24.85489,41.747519],[24.855049,41.747511],[24.855217,41.747447],[24.855273,41.747463],[24.855301,41.747424],[24.855545,41.747297],[24.855728,41.74725],[24.855872,41.747387],[24.855747,41.747533],[24.85576,41.747591],[24.855687,41.747647],[24.855676,41.747706]]]},"properties":{"cadreg":888}},{"type":"Feature","geometry":{"type":"Polygon","coordinates":[[[24.858572,41.726128],[24.859243,41.725847],[24.859671,41.725758],[24.860174,41.725621],[24.860566,41.725444],[24.861622,41.725048],[24.861607,41.724914],[24.861744,41.724856],[24.86154,41.724411],[24.861243,41.72401],[24.861196,41.723886],[24.861095,41.723744],[24.860999,41.723697],[24.860827,41.723648],[24.860702,41.723654],[24.860593,41.723702],[24.860532,41.723912],[24.860451,41.723956],[24.86031,41.723996],[24.860214,41.724049],[24.859978,41.724242],[24.859776,41.72427],[24.859427,41.724181],[24.859307,41.724086],[24.859205,41.723856],[24.858978,41.723885],[24.858764,41.723805],[24.85873,41.723658],[24.858213,41.723673],[24.85813,41.723606],[24.85788,41.723493],[24.857642,41.723464],[24.857238,41.723455],[24.856968,41.723479],[24.85666,41.723455],[24.856437,41.723411],[24.85619,41.723303],[24.856068,41.72327],[24.855924,41.723289],[24.855553,41.723445],[24.855245,41.723446],[24.855008,41.723517],[24.854817,41.723605],[24.854777,41.723589],[24.854681,41.723667],[24.854578,41.723713],[24.854544,41.723661],[24.854184,41.723642],[24.853685,41.723872],[24.853562,41.724066],[24.853655,41.724079],[24.853788,41.724058],[24.853841,41.72418],[24.853868,41.724374],[24.853876,41.72466],[24.85403,41.724964],[24.854159,41.72506],[24.854129,41.725104],[24.854086,41.725123],[24.853584,41.725311],[24.853436,41.725382],[24.853144,41.725598],[24.852982,41.725805],[24.852853,41.725754],[24.8527,41.726012],[24.852662,41.726146],[24.852777,41.726172],[24.852772,41.726239],[24.853061,41.726304],[24.853703,41.726411],[24.854032,41.726501],[24.854735,41.726657],[24.854961,41.726773],[24.855391,41.726445],[24.855713,41.726267],[24.855971,41.726269],[24.856236,41.72629],[24.856443,41.726467],[24.856687,41.726617],[24.857096,41.726576],[24.857179,41.726631],[24.857545,41.727123],[24.857942,41.726877],[24.85853,41.726675],[24.858273,41.726309],[24.858572,41.726128]]]},"properties":{"cadreg":889}},{"type":"Feature","geometry":{"type":"Polygon","coordinates":[[[24.887134,41.732359],[24.886866,41.732025],[24.886197,41.7316],[24.885825,41.731457],[24.885699,41.731432],[24.885417,41.731423],[24.885273,41.731437],[24.884972,41.731519],[24.884529,41.731671],[24.884332,41.731684],[24.883905,41.731676],[24.883899,41.731798],[24.883832,41.731859],[24.88366,41.731908],[24.88356,41.731916],[24.883347,41.731908],[24.883107,41.731815],[24.882757,41.731732],[24.882599,41.73168],[24.882594,41.731583],[24.882665,41.731501],[24.882773,41.731569],[24.882843,41.731572],[24.882722,41.731449],[24.882692,41.731368],[24.882711,41.731333],[24.882777,41.731293],[24.882726,41.730822],[24.882464,41.730444],[24.882455,41.730343],[24.882493,41.730146],[24.882499,41.729945],[24.882441,41.729557],[24.88241,41.729455],[24.88193,41.72964],[24.881161,41.730101],[24.880527,41.730415],[24.879708,41.730917],[24.87942,41.731129],[24.879475,41.731372],[24.879558,41.731616],[24.879862,41.732112],[24.880167,41.732443],[24.880423,41.732811],[24.880552,41.733079],[24.880644,41.733502],[24.880706,41.733635],[24.880833,41.733802],[24.881231,41.734227],[24.881418,41.734363],[24.88165,41.734522],[24.882054,41.734713],[24.882296,41.734887],[24.8826,41.735033],[24.882921,41.735698],[24.88305,41.735925],[24.88349,41.736501],[24.883701,41.736701],[24.883729,41.736846],[24.883737,41.737066],[24.88368,41.737236],[24.883678,41.737363],[24.883751,41.737869],[24.883839,41.738078],[24.883862,41.738202],[24.884032,41.738482],[24.884455,41.739033],[24.884662,41.739418],[24.884762,41.739761],[24.884703,41.739841],[24.884579,41.740099],[24.884475,41.740232],[24.884208,41.740438],[24.883935,41.740705],[24.883806,41.740783],[24.883745,41.74084],[24.883674,41.740923],[24.883553,41.741127],[24.883293,41.741382],[24.883228,41.741487],[24.883158,41.741708],[24.883142,41.741838],[24.883195,41.741982],[24.883381,41.742242],[24.8834,41.742299],[24.883404,41.742601],[24.883358,41.742654],[24.883196,41.742986],[24.883243,41.743126],[24.883301,41.743229],[24.88338,41.743513],[24.883373,41.743658],[24.883319,41.743926],[24.883167,41.744052],[24.883039,41.744126],[24.882835,41.744372],[24.882769,41.744875],[24.882728,41.745035],[24.882738,41.745701],[24.882768,41.745963],[24.882832,41.746124],[24.883074,41.74657],[24.883116,41.746817],[24.883094,41.74705],[24.88299,41.747229],[24.882596,41.747534],[24.88241,41.747644],[24.882239,41.747669],[24.882152,41.747699],[24.881927,41.747814],[24.881669,41.747988],[24.881437,41.748291],[24.88128,41.74856],[24.881285,41.748761],[24.881338,41.748984],[24.881359,41.749171],[24.881382,41.74965],[24.881406,41.749798],[24.881535,41.750171],[24.881535,41.750506],[24.881479,41.750601],[24.881209,41.75086],[24.881101,41.751156],[24.881106,41.75145],[24.881153,41.751568],[24.881147,41.751714],[24.881048,41.751802],[24.880618,41.751934],[24.880439,41.752032],[24.880268,41.752217],[24.880173,41.752395],[24.880145,41.75265],[24.880161,41.752915],[24.880115,41.753228],[24.880076,41.753372],[24.879858,41.753926],[24.879531,41.754286],[24.879408,41.75457],[24.879308,41.754874],[24.879294,41.754957],[24.879319,41.755361],[24.879382,41.755495],[24.879395,41.755626],[24.879427,41.755734],[24.879488,41.755728],[24.879455,41.755584],[24.879873,41.755546],[24.880078,41.755548],[24.88024,41.755573],[24.880503,41.75562],[24.880718,41.755685],[24.880719,41.755666],[24.88051,41.755603],[24.88008,41.75553],[24.879872,41.755528],[24.879456,41.755565],[24.879441,41.755483],[24.879377,41.755353],[24.879353,41.754959],[24.879367,41.754884],[24.879455,41.754579],[24.879575,41.754303],[24.879902,41.75394],[24.880124,41.753381],[24.880163,41.753233],[24.880209,41.752917],[24.880197,41.752542],[24.88022,41.752405],[24.880311,41.752233],[24.880473,41.752057],[24.880641,41.751967],[24.881078,41.751832],[24.881194,41.751727],[24.881201,41.751563],[24.881153,41.751444],[24.881148,41.751162],[24.881254,41.750876],[24.88152,41.75062],[24.881584,41.750514],[24.881582,41.750166],[24.881443,41.749723],[24.88184,41.749718],[24.882106,41.74968],[24.882341,41.749673],[24.88234,41.749655],[24.882237,41.749657],[24.882103,41.749662],[24.881838,41.7497],[24.88144,41.749705],[24.881407,41.749168],[24.881333,41.748758],[24.881329,41.748567],[24.881479,41.748308],[24.881707,41.748011],[24.881955,41.747843],[24.882074,41.747786],[24.882216,41.747786],[24.88237,41.747788],[24.882693,41.747861],[24.882709,41.747847],[24.882373,41.747771],[24.882107,41.747767],[24.882261,41.747701],[24.88243,41.747678],[24.882629,41.747561],[24.883029,41.74725],[24.883141,41.747058],[24.883164,41.746815],[24.883121,41.746559],[24.882877,41.746112],[24.882815,41.745955],[24.882786,41.745699],[24.882776,41.745038],[24.882817,41.74488],[24.882881,41.744384],[24.883074,41.744152],[24.8832,41.744078],[24.883364,41.743942],[24.883421,41.743661],[24.883429,41.74351],[24.883347,41.743218],[24.883243,41.742987],[24.883402,41.742669],[24.883452,41.742611],[24.883448,41.742295],[24.883427,41.74223],[24.88324,41.741969],[24.883192,41.741835],[24.883206,41.741715],[24.883274,41.741498],[24.883334,41.741402],[24.883593,41.741145],[24.883717,41.74094],[24.883785,41.740861],[24.88384,41.740809],[24.883969,41.740732],[24.884246,41.740461],[24.884513,41.740254],[24.884622,41.740114],[24.884746,41.739855],[24.884828,41.739746],[24.884986,41.739595],[24.885318,41.7394],[24.885686,41.739315],[24.885883,41.739236],[24.886131,41.739204],[24.886279,41.739163],[24.886626,41.739129],[24.886711,41.739097],[24.887038,41.739298],[24.88718,41.739347],[24.887428,41.739391],[24.887528,41.739427],[24.887759,41.739471],[24.887852,41.739506],[24.888262,41.739469],[24.88854,41.739418],[24.888856,41.739283],[24.889169,41.73919],[24.889995,41.739182],[24.890362,41.73923],[24.890593,41.739242],[24.891021,41.739235],[24.891292,41.739202],[24.891483,41.739129],[24.891669,41.738919],[24.891798,41.738843],[24.891992,41.738693],[24.89209,41.738605],[24.892134,41.738528],[24.892273,41.738374],[24.892655,41.738078],[24.893246,41.737483],[24.89333,41.737432],[24.89355,41.737342],[24.894156,41.737125],[24.894506,41.737104],[24.895012,41.737106],[24.895418,41.737194],[24.895539,41.737301],[24.895618,41.7374],[24.895714,41.737603],[24.895735,41.737593],[24.895641,41.737393],[24.895558,41.73729],[24.895441,41.737186],[24.895675,41.737054],[24.895865,41.736855],[24.896079,41.736489],[24.896147,41.736218],[24.896408,41.735875],[24.896729,41.735888],[24.897115,41.735881],[24.897115,41.735863],[24.896728,41.73587],[24.896414,41.735857],[24.896519,41.735516],[24.89667,41.735162],[24.896777,41.735014],[24.896969,41.734844],[24.897089,41.734748],[24.897376,41.734581],[24.89747,41.734649],[24.89771,41.734751],[24.89771,41.73473],[24.897485,41.734634],[24.897394,41.734568],[24.89745,41.734527],[24.897605,41.734352],[24.89768,41.73385],[24.897799,41.733454],[24.897928,41.733326],[24.898087,41.733092],[24.898181,41.732751],[24.898188,41.732634],[24.89816,41.732305],[24.898114,41.732243],[24.8982,41.732113],[24.898195,41.732051],[24.898065,41.732238],[24.897922,41.732261],[24.897655,41.73226],[24.897565,41.732227],[24.897446,41.732152],[24.897336,41.732112],[24.896713,41.732038],[24.896546,41.731971],[24.896287,41.731837],[24.896254,41.731907],[24.896267,41.73205],[24.896334,41.732255],[24.896403,41.732371],[24.896436,41.732504],[24.896415,41.732664],[24.89632,41.732841],[24.89643,41.73308],[24.896533,41.733198],[24.896545,41.73325],[24.896227,41.733509],[24.895973,41.733672],[24.895888,41.733714],[24.895711,41.73377],[24.895614,41.733743],[24.895468,41.733629],[24.895347,41.733586],[24.895033,41.733523],[24.894809,41.733453],[24.894532,41.733405],[24.894396,41.733367],[24.894267,41.733239],[24.894124,41.733175],[24.894106,41.733191],[24.893847,41.733081],[24.893576,41.733021],[24.89342,41.733107],[24.893552,41.733164],[24.89379,41.733198],[24.893995,41.733295],[24.894085,41.733381],[24.894076,41.733461],[24.893893,41.733636],[24.893821,41.733681],[24.893744,41.733706],[24.893569,41.73374],[24.893454,41.733778],[24.89308,41.733831],[24.892985,41.733863],[24.892848,41.733879],[24.892742,41.733913],[24.892537,41.733925],[24.892454,41.734038],[24.892432,41.734124],[24.89252,41.734443],[24.89263,41.734614],[24.892742,41.734689],[24.892893,41.73476],[24.892973,41.734945],[24.892989,41.735036],[24.892758,41.735113],[24.892627,41.735112],[24.892557,41.735094],[24.892399,41.734971],[24.892383,41.734706],[24.892347,41.734612],[24.892288,41.734611],[24.892189,41.734717],[24.891917,41.734823],[24.891907,41.734846],[24.89192,41.73486],[24.892189,41.734861],[24.892126,41.734934],[24.891994,41.735002],[24.891864,41.735012],[24.891674,41.734966],[24.891571,41.734895],[24.891466,41.734784],[24.891411,41.73461],[24.891337,41.734554],[24.891116,41.734466],[24.891052,41.734413],[24.891032,41.734356],[24.891031,41.734246],[24.891044,41.734197],[24.891101,41.734152],[24.891211,41.734133],[24.891545,41.734184],[24.891849,41.734176],[24.891931,41.734144],[24.891923,41.734102],[24.891859,41.734046],[24.891855,41.734009],[24.891725,41.734022],[24.890853,41.734024],[24.890603,41.733949],[24.890401,41.733843],[24.890285,41.733832],[24.890099,41.733845],[24.889753,41.733759],[24.88962,41.733748],[24.889028,41.733736],[24.888725,41.733683],[24.888444,41.733607],[24.888335,41.733554],[24.888041,41.733354],[24.887556,41.732899],[24.887358,41.732748],[24.887134,41.732359]]]},"properties":{"cadreg":206}},{"type":"Feature","geometry":{"type":"Polygon","coordinates":[[[24.868999,41.72628],[24.868489,41.726463],[24.868348,41.72655],[24.868111,41.726741],[24.867788,41.726921],[24.867357,41.727044],[24.86723,41.727113],[24.867308,41.727472],[24.867422,41.727741],[24.867726,41.728099],[24.86774,41.728184],[24.867457,41.72844],[24.868426,41.729097],[24.868647,41.729222],[24.868816,41.729338],[24.869083,41.729429],[24.869446,41.729512],[24.869791,41.729564],[24.869867,41.729549],[24.869912,41.7295],[24.869973,41.729238],[24.869974,41.728832],[24.869989,41.72872],[24.870155,41.728282],[24.870178,41.728127],[24.870414,41.727776],[24.870081,41.72765],[24.869952,41.727767],[24.869818,41.727969],[24.86972,41.727975],[24.86954,41.727878],[24.869074,41.727686],[24.868948,41.727598],[24.868796,41.727427],[24.868683,41.727577],[24.868578,41.727831],[24.868493,41.727887],[24.868419,41.727878],[24.868374,41.727794],[24.868354,41.7277],[24.86839,41.72713],[24.868102,41.726905],[24.868198,41.726811],[24.86841,41.726661],[24.868999,41.72628]]]},"properties":{"cadreg":208}},{"type":"Feature","geometry":{"type":"Polygon","coordinates":[[[24.859627,41.73002],[24.859623,41.729856],[24.859707,41.729732],[24.859521,41.729674],[24.859315,41.729573],[24.859148,41.729374],[24.858683,41.729288],[24.858585,41.729345],[24.858401,41.729387],[24.858305,41.729497],[24.858183,41.729538],[24.85815,41.729772],[24.858314,41.729884],[24.858443,41.730012],[24.858352,41.73008],[24.859677,41.730059],[24.859846,41.730091],[24.85992,41.730212],[24.859859,41.730271],[24.859658,41.730287],[24.85983,41.73035],[24.860051,41.730389],[24.860482,41.730395],[24.860584,41.730423],[24.860738,41.730503],[24.860744,41.730383],[24.860831,41.730372],[24.861013,41.730426],[24.861163,41.730427],[24.861335,41.730473],[24.861488,41.730641],[24.861266,41.730709],[24.861445,41.730839],[24.861643,41.730909],[24.861794,41.730581],[24.861803,41.730434],[24.862033,41.73021],[24.861996,41.730054],[24.861837,41.730039],[24.861782,41.730009],[24.861747,41.729858],[24.86168,41.729852],[24.861565,41.729786],[24.861422,41.729728],[24.861328,41.729716],[24.861246,41.729728],[24.861049,41.729598],[24.861027,41.729663],[24.860906,41.729793],[24.860593,41.729837],[24.860248,41.729831],[24.859984,41.729763],[24.859946,41.729947],[24.859881,41.730071],[24.859627,41.73002]]]},"properties":{"cadreg":209}},{"type":"Feature","geometry":{"type":"Polygon","coordinates":[[[24.867793,41.721797],[24.867623,41.722038],[24.867557,41.722296],[24.867199,41.722832],[24.867146,41.722989],[24.866992,41.723191],[24.86747,41.723034],[24.867971,41.722969],[24.868374,41.722896],[24.868163,41.722948],[24.867474,41.723042],[24.866625,41.723332],[24.865661,41.723607],[24.86555,41.72361],[24.865786,41.723652],[24.865896,41.723708],[24.866423,41.724183],[24.866553,41.724324],[24.866798,41.724547],[24.86696,41.724656],[24.867303,41.724945],[24.867422,41.725019],[24.867433,41.725046],[24.867682,41.724959],[24.867877,41.724813],[24.867875,41.724729],[24.867966,41.724644],[24.868094,41.724617],[24.868379,41.724708],[24.868587,41.724695],[24.868847,41.724726],[24.869031,41.724804],[24.869128,41.724683],[24.868644,41.724487],[24.868793,41.724219],[24.868956,41.724024],[24.8691,41.723904],[24.869164,41.723916],[24.869167,41.723984],[24.869127,41.72416],[24.869209,41.724175],[24.869341,41.724023],[24.869396,41.723993],[24.869451,41.723998],[24.869491,41.724029],[24.86942,41.724116],[24.869233,41.724268],[24.869285,41.724322],[24.869423,41.724262],[24.869535,41.724072],[24.869626,41.724011],[24.86976,41.724],[24.869901,41.723954],[24.870209,41.723762],[24.870424,41.723749],[24.870601,41.723796],[24.870634,41.72371],[24.87068,41.723415],[24.870477,41.723153],[24.870243,41.7228],[24.870042,41.722596],[24.869737,41.722375],[24.869513,41.722069],[24.869372,41.72192],[24.869021,41.721624],[24.86878,41.721358],[24.868698,41.721233],[24.868451,41.721312],[24.868187,41.721447],[24.867793,41.721797]]]},"properties":{"cadreg":210}},{"type":"Feature","geometry":{"type":"MultiPolygon","coordinates":[[[[24.834367,41.727612],[24.834151,41.727414],[24.834098,41.72731],[24.834121,41.727203],[24.834131,41.726963],[24.834118,41.726907],[24.834095,41.726886],[24.834159,41.726865],[24.834103,41.726819],[24.833886,41.726388],[24.83384,41.726251],[24.833784,41.726166],[24.833713,41.725907],[24.8337,41.725699],[24.833627,41.725464],[24.83361,41.725253],[24.833536,41.724993],[24.833521,41.724862],[24.833544,41.724757],[24.833539,41.724637],[24.833439,41.72431],[24.833367,41.724214],[24.833251,41.724111],[24.833049,41.724012],[24.832702,41.723805],[24.832607,41.723824],[24.83258,41.724021],[24.832606,41.724274],[24.832544,41.724641],[24.832543,41.724868],[24.832469,41.725041],[24.832301,41.725269],[24.832225,41.725611],[24.83211,41.725795],[24.832003,41.725896],[24.831776,41.726023],[24.8317,41.726105],[24.831511,41.726407],[24.831458,41.726527],[24.831347,41.726684],[24.831169,41.726766],[24.830962,41.726817],[24.830836,41.726957],[24.83065,41.727102],[24.830407,41.727184],[24.830064,41.727405],[24.829959,41.727498],[24.82989,41.727637],[24.829739,41.727766],[24.829456,41.727865],[24.829129,41.728063],[24.82903,41.728152],[24.828965,41.728229],[24.828956,41.728273],[24.828947,41.728819],[24.828995,41.72882],[24.829004,41.728277],[24.829038,41.728204],[24.829164,41.728089],[24.829391,41.727947],[24.829482,41.727895],[24.829687,41.727818],[24.829506,41.727989],[24.829438,41.72808],[24.829322,41.728335],[24.829305,41.728477],[24.829351,41.72875],[24.82937,41.729085],[24.829335,41.729228],[24.829316,41.72951],[24.829418,41.729512],[24.829448,41.729564],[24.829511,41.729849],[24.829448,41.72992],[24.829438,41.72998],[24.829465,41.730094],[24.829492,41.730135],[24.829717,41.730332],[24.829827,41.730381],[24.830007,41.730374],[24.830275,41.730308],[24.830511,41.730229],[24.830862,41.730157],[24.83098,41.730119],[24.831482,41.730105],[24.831646,41.730037],[24.831843,41.729924],[24.832097,41.729825],[24.832216,41.729821],[24.832427,41.729869],[24.832487,41.729909],[24.832555,41.729994],[24.832569,41.730087],[24.832559,41.73015],[24.83247,41.730316],[24.832391,41.730397],[24.832248,41.730493],[24.832197,41.730496],[24.832144,41.730553],[24.832146,41.730636],[24.832198,41.730729],[24.83227,41.730803],[24.832341,41.730834],[24.832402,41.730887],[24.832513,41.731014],[24.832535,41.73109],[24.832519,41.731162],[24.832533,41.7312],[24.832786,41.731626],[24.832795,41.731697],[24.832776,41.731931],[24.832716,41.732052],[24.832693,41.732162],[24.83252,41.732628],[24.832484,41.732746],[24.832496,41.732806],[24.83242,41.733006],[24.832429,41.733572],[24.832379,41.733716],[24.832413,41.733861],[24.832463,41.73393],[24.832648,41.734064],[24.83274,41.7341],[24.833013,41.734168],[24.833133,41.734242],[24.833198,41.734309],[24.833351,41.734583],[24.833506,41.734754],[24.833919,41.735046],[24.834169,41.735133],[24.834502,41.735161],[24.834637,41.734964],[24.834742,41.734896],[24.835014,41.734948],[24.835114,41.734992],[24.83525,41.735111],[24.835465,41.735351],[24.835796,41.735783],[24.835911,41.735891],[24.836047,41.735974],[24.836356,41.736082],[24.836444,41.736069],[24.836664,41.736075],[24.836805,41.736095],[24.837174,41.736237],[24.837323,41.736266],[24.837477,41.736258],[24.837553,41.736211],[24.837671,41.736008],[24.83767,41.735777],[24.837707,41.73551],[24.837637,41.735205],[24.837542,41.73509],[24.837429,41.735005],[24.836998,41.734735],[24.836785,41.734517],[24.836639,41.734271],[24.836621,41.73408],[24.836751,41.733665],[24.836786,41.733341],[24.836944,41.732971],[24.837125,41.732723],[24.837149,41.732644],[24.837445,41.732299],[24.837484,41.732276],[24.837539,41.732269],[24.83763,41.732188],[24.837704,41.732079],[24.837764,41.732044],[24.83779,41.73199],[24.838088,41.7317],[24.838246,41.731584],[24.83832,41.731571],[24.838432,41.731489],[24.838639,41.73126],[24.838783,41.731144],[24.838948,41.730981],[24.839011,41.73095],[24.839136,41.730818],[24.839255,41.730604],[24.839303,41.730472],[24.839758,41.729738],[24.839892,41.729575],[24.840057,41.72944],[24.840123,41.729389],[24.840804,41.729035],[24.841016,41.728956],[24.841116,41.728869],[24.841533,41.728652],[24.841771,41.728493],[24.841889,41.728442],[24.842042,41.728326],[24.842409,41.728147],[24.842813,41.727866],[24.842912,41.727829],[24.843005,41.727812],[24.843246,41.727663],[24.843278,41.727617],[24.843391,41.727524],[24.843773,41.727307],[24.84413,41.727062],[24.844314,41.726956],[24.844562,41.726851],[24.844651,41.726785],[24.844756,41.726667],[24.844805,41.726644],[24.844875,41.726642],[24.844917,41.726608],[24.844795,41.726599],[24.844767,41.726611],[24.844596,41.726312],[24.84436,41.725974],[24.844056,41.725672],[24.843924,41.725569],[24.843933,41.725774],[24.843891,41.725879],[24.843743,41.72609],[24.843476,41.726239],[24.843071,41.726335],[24.842872,41.726273],[24.842745,41.726291],[24.842621,41.726268],[24.842466,41.726176],[24.842284,41.72549],[24.842014,41.725103],[24.841997,41.724993],[24.842034,41.724915],[24.841844,41.724794],[24.841719,41.724759],[24.841635,41.724752],[24.841489,41.724278],[24.841367,41.72399],[24.841207,41.723944],[24.840954,41.72396],[24.840902,41.72479],[24.840454,41.724718],[24.8403,41.724723],[24.840201,41.724746],[24.840186,41.72459],[24.840038,41.724746],[24.839694,41.724902],[24.839616,41.724845],[24.839508,41.724623],[24.839394,41.72455],[24.839299,41.724552],[24.839245,41.724601],[24.839177,41.724834],[24.839091,41.724842],[24.838987,41.724835],[24.838776,41.724775],[24.83857,41.724784],[24.838432,41.724762],[24.838097,41.724774],[24.837895,41.724764],[24.837777,41.724719],[24.837591,41.724563],[24.837617,41.724803],[24.837682,41.724965],[24.838278,41.725285],[24.838584,41.725198],[24.838933,41.725183],[24.83908,41.725136],[24.839192,41.725195],[24.839249,41.725283],[24.839196,41.725367],[24.838517,41.725505],[24.838558,41.72579],[24.838545,41.725845],[24.838484,41.725907],[24.838459,41.725958],[24.838442,41.726079],[24.838471,41.726221],[24.838507,41.726249],[24.838561,41.726251],[24.838609,41.726235],[24.838673,41.726185],[24.838753,41.726096],[24.838771,41.726017],[24.838871,41.725864],[24.838968,41.725781],[24.839093,41.725727],[24.839223,41.725719],[24.839295,41.725739],[24.83937,41.725788],[24.839415,41.725876],[24.839597,41.726023],[24.839368,41.72607],[24.839359,41.726221],[24.839192,41.726282],[24.838842,41.726288],[24.838714,41.726304],[24.838662,41.726376],[24.838607,41.7265],[24.838534,41.726537],[24.838426,41.726506],[24.83831,41.726523],[24.838253,41.726551],[24.838211,41.726592],[24.838199,41.726632],[24.838209,41.726787],[24.838423,41.726893],[24.83847,41.726967],[24.838438,41.727022],[24.83829,41.727159],[24.838134,41.727371],[24.83806,41.727427],[24.838001,41.727465],[24.837566,41.727639],[24.837384,41.727728],[24.837332,41.727835],[24.837276,41.727905],[24.837231,41.728097],[24.837129,41.728228],[24.837115,41.728304],[24.837042,41.728443],[24.837032,41.728495],[24.836621,41.728672],[24.836278,41.728927],[24.836191,41.728953],[24.836138,41.728924],[24.836109,41.728882],[24.836062,41.728488],[24.836018,41.72837],[24.835937,41.728294],[24.835656,41.728147],[24.835296,41.728056],[24.834741,41.727839],[24.834367,41.727612]],[[24.840341,41.725355],[24.840089,41.725533],[24.839943,41.725566],[24.839895,41.72563],[24.839897,41.725717],[24.839968,41.72585],[24.839971,41.725961],[24.839923,41.726034],[24.839834,41.726042],[24.839784,41.725979],[24.839547,41.725508],[24.839594,41.725412],[24.839809,41.725315],[24.840012,41.725177],[24.840129,41.725136],[24.840245,41.725047],[24.840322,41.72492],[24.840467,41.724879],[24.840577,41.724948],[24.84058,41.725091],[24.840488,41.725338],[24.840341,41.725355]]],[[[24.841244,41.729044],[24.840448,41.729421],[24.840184,41.729574],[24.839891,41.730027],[24.839563,41.730597],[24.839379,41.730842],[24.839258,41.730938],[24.83906,41.731144],[24.838772,41.731385],[24.838577,41.731584],[24.837982,41.732085],[24.837859,41.732169],[24.837791,41.732268],[24.837656,41.732389],[24.837494,41.732569],[24.837153,41.73308],[24.837058,41.733339],[24.836928,41.733893],[24.836941,41.733955],[24.836927,41.734221],[24.836957,41.734352],[24.837068,41.734501],[24.83716,41.734565],[24.837245,41.734653],[24.837376,41.734738],[24.837539,41.734808],[24.83766,41.734883],[24.837733,41.734939],[24.837853,41.735086],[24.837958,41.735334],[24.83798,41.735658],[24.837966,41.73577],[24.837889,41.735858],[24.837867,41.736029],[24.837804,41.736232],[24.838111,41.73637],[24.838177,41.736382],[24.838248,41.736363],[24.838336,41.736218],[24.83837,41.736188],[24.838405,41.736183],[24.838325,41.736418],[24.838199,41.736663],[24.837768,41.73706],[24.83753,41.737382],[24.837519,41.737406],[24.837543,41.737458],[24.837622,41.737319],[24.837808,41.73708],[24.838243,41.73668],[24.83843,41.736276],[24.8385,41.735745],[24.838474,41.735228],[24.838423,41.735105],[24.838401,41.734994],[24.838328,41.734869],[24.83823,41.734785],[24.838033,41.734681],[24.837691,41.734584],[24.837565,41.734531],[24.837387,41.734401],[24.83729,41.734246],[24.837285,41.734131],[24.837507,41.733083],[24.8376,41.73287],[24.83773,41.732695],[24.837877,41.732566],[24.838134,41.732411],[24.838354,41.732247],[24.838718,41.731898],[24.838976,41.731689],[24.839099,41.731608],[24.839416,41.731471],[24.839555,41.731365],[24.839729,41.731114],[24.839874,41.73068],[24.84001,41.730395],[24.840129,41.730183],[24.840355,41.729911],[24.840471,41.72985],[24.840636,41.729793],[24.840828,41.729755],[24.841189,41.729653],[24.841551,41.72946],[24.841814,41.729259],[24.84194,41.729327],[24.842107,41.729452],[24.842609,41.729885],[24.843217,41.730358],[24.843512,41.730653],[24.843644,41.730711],[24.844286,41.730813],[24.84456,41.730892],[24.844824,41.730992],[24.845367,41.731125],[24.845365,41.73111],[24.845301,41.731089],[24.844832,41.730979],[24.844567,41.730879],[24.844291,41.7308],[24.84365,41.730698],[24.843525,41.730642],[24.843231,41.730349],[24.842424,41.729706],[24.842123,41.72944],[24.841956,41.729314],[24.841829,41.729245],[24.842075,41.728989],[24.842156,41.728878],[24.842265,41.728838],[24.842695,41.728771],[24.84314,41.728509],[24.843421,41.728279],[24.843914,41.727934],[24.844117,41.727552],[24.844255,41.727482],[24.844397,41.727434],[24.844686,41.727388],[24.845029,41.727383],[24.845149,41.727355],[24.845238,41.727296],[24.845422,41.726979],[24.8457,41.726737],[24.845965,41.72658],[24.845996,41.726525],[24.845959,41.726428],[24.845905,41.726356],[24.845914,41.726298],[24.846061,41.72623],[24.84628,41.726171],[24.846463,41.726091],[24.846828,41.725918],[24.847082,41.72575],[24.847606,41.725604],[24.847724,41.725607],[24.848015,41.725751],[24.848134,41.725778],[24.84826,41.725762],[24.848329,41.725693],[24.848395,41.725583],[24.848594,41.725501],[24.848639,41.725416],[24.848641,41.725321],[24.848617,41.725239],[24.848527,41.725127],[24.848329,41.724978],[24.848165,41.724881],[24.848058,41.724842],[24.847771,41.724811],[24.847681,41.724818],[24.847583,41.724891],[24.847304,41.72517],[24.846696,41.725624],[24.84636,41.725835],[24.846088,41.725967],[24.845924,41.726073],[24.845757,41.726212],[24.845139,41.726638],[24.844866,41.726851],[24.844448,41.727093],[24.844112,41.727312],[24.844053,41.727387],[24.843805,41.727535],[24.843584,41.727698],[24.843224,41.727876],[24.842978,41.728065],[24.842219,41.728506],[24.841244,41.729044]]]]},"properties":{"cadreg":211}},{"type":"Feature","geometry":{"type":"Polygon","coordinates":[[[24.852922,41.77214],[24.853057,41.772069],[24.853191,41.771964],[24.853392,41.771897],[24.853612,41.77185],[24.853712,41.771913],[24.853819,41.772016],[24.853891,41.77197],[24.853907,41.771831],[24.854038,41.771671],[24.854183,41.771541],[24.854263,41.77156],[24.854298,41.771712],[24.854568,41.771689],[24.854642,41.771732],[24.854675,41.771811],[24.85489,41.771769],[24.855062,41.771772],[24.855081,41.771671],[24.855048,41.771582],[24.854998,41.771543],[24.854838,41.771531],[24.854738,41.771487],[24.854735,41.771379],[24.854679,41.77133],[24.854664,41.771206],[24.854192,41.770908],[24.854157,41.770968],[24.853764,41.770948],[24.853484,41.770969],[24.8533,41.771051],[24.853125,41.771186],[24.852973,41.771252],[24.852564,41.771362],[24.852368,41.771676],[24.85227,41.771721],[24.851899,41.771656],[24.851749,41.771505],[24.851385,41.77146],[24.851224,41.771408],[24.851089,41.771395],[24.850693,41.7714],[24.850559,41.771667],[24.850554,41.771984],[24.850581,41.772073],[24.850676,41.772234],[24.850771,41.772328],[24.85079,41.772397],[24.850742,41.772457],[24.85067,41.772497],[24.850572,41.772513],[24.850059,41.772547],[24.849919,41.772578],[24.849747,41.772655],[24.849618,41.772631],[24.849447,41.772673],[24.849393,41.772743],[24.849241,41.77282],[24.849162,41.772835],[24.849112,41.772792],[24.84911,41.772707],[24.848909,41.772606],[24.84885,41.772458],[24.848624,41.772515],[24.848452,41.772513],[24.848344,41.772692],[24.848289,41.772683],[24.84824,41.772649],[24.848232,41.772609],[24.848274,41.772569],[24.848279,41.772529],[24.848168,41.772487],[24.847806,41.772496],[24.847548,41.772385],[24.847195,41.772286],[24.847102,41.772292],[24.846981,41.772356],[24.84691,41.772447],[24.847186,41.772443],[24.847585,41.772534],[24.848222,41.772711],[24.848509,41.772851],[24.848979,41.773261],[24.849211,41.773334],[24.849496,41.773558],[24.849663,41.773613],[24.849955,41.773651],[24.850246,41.773711],[24.850534,41.773736],[24.850765,41.773778],[24.851466,41.773954],[24.851675,41.774035],[24.851909,41.774097],[24.852227,41.774144],[24.852674,41.774291],[24.852867,41.77433],[24.853282,41.774366],[24.853743,41.774379],[24.854233,41.77437],[24.854523,41.77435],[24.854785,41.774411],[24.855375,41.774424],[24.855574,41.77438],[24.855738,41.774319],[24.85616,41.774077],[24.856137,41.773994],[24.855993,41.773847],[24.855964,41.773784],[24.855775,41.773568],[24.855694,41.773435],[24.855604,41.773504],[24.855454,41.773527],[24.855225,41.773501],[24.855033,41.773444],[24.854921,41.773356],[24.854795,41.773199],[24.854732,41.773195],[24.854635,41.773225],[24.854562,41.773281],[24.854556,41.773374],[24.854502,41.773468],[24.854385,41.773495],[24.854158,41.773498],[24.854029,41.77366],[24.853932,41.773907],[24.853794,41.774012],[24.853702,41.774003],[24.853578,41.773916],[24.853471,41.773808],[24.853436,41.773675],[24.853294,41.773554],[24.853285,41.773401],[24.853197,41.773343],[24.853161,41.773204],[24.853098,41.773106],[24.852986,41.773079],[24.852892,41.773099],[24.852857,41.773204],[24.852798,41.773294],[24.852713,41.773369],[24.852567,41.7734],[24.852486,41.773381],[24.852202,41.773361],[24.8519,41.77328],[24.851751,41.773222],[24.851693,41.773139],[24.85168,41.77306],[24.851727,41.772986],[24.851799,41.772906],[24.851884,41.772885],[24.851963,41.772824],[24.852004,41.772739],[24.852003,41.77267],[24.852226,41.77248],[24.852345,41.772334],[24.852557,41.772272],[24.852703,41.772266],[24.852776,41.772171],[24.852922,41.77214]]]},"properties":{"cadreg":212}},{"type":"Feature","geometry":{"type":"Polygon","coordinates":[[[24.870911,41.766341],[24.870776,41.766563],[24.870592,41.766811],[24.870595,41.766863],[24.870552,41.766923],[24.870351,41.767111],[24.870257,41.767171],[24.870196,41.76719],[24.870323,41.767187],[24.870466,41.767147],[24.870486,41.767179],[24.870328,41.767223],[24.870052,41.767234],[24.869866,41.767311],[24.869483,41.767393],[24.869124,41.767518],[24.868906,41.767661],[24.868831,41.767762],[24.868732,41.767977],[24.868547,41.768094],[24.868451,41.768126],[24.86821,41.768158],[24.867636,41.768194],[24.86695,41.768301],[24.866512,41.768404],[24.866243,41.7685],[24.866186,41.768555],[24.866179,41.768723],[24.866253,41.769024],[24.866424,41.769461],[24.866445,41.769678],[24.86644,41.769795],[24.866401,41.769936],[24.866331,41.76999],[24.866193,41.770032],[24.866049,41.770029],[24.865926,41.769992],[24.865735,41.769895],[24.865611,41.769876],[24.86547,41.769875],[24.865307,41.769892],[24.865089,41.769987],[24.864705,41.770334],[24.864622,41.77035],[24.864551,41.770347],[24.864468,41.770321],[24.86437,41.770249],[24.864228,41.770189],[24.864115,41.770174],[24.863984,41.770179],[24.863926,41.770197],[24.86374,41.770319],[24.86362,41.770442],[24.863444,41.770574],[24.863304,41.770631],[24.863063,41.770638],[24.863002,41.770652],[24.863007,41.770776],[24.863243,41.771108],[24.863273,41.771311],[24.863269,41.771467],[24.863162,41.771603],[24.863041,41.771686],[24.862848,41.771746],[24.862835,41.771772],[24.862757,41.771789],[24.862664,41.77184],[24.862572,41.771851],[24.862549,41.771866],[24.862402,41.771849],[24.862196,41.771876],[24.862157,41.77187],[24.862121,41.771884],[24.862068,41.771882],[24.862016,41.771908],[24.861954,41.771907],[24.861923,41.771937],[24.861782,41.771943],[24.861739,41.771979],[24.861605,41.772042],[24.861514,41.772044],[24.861509,41.772082],[24.861484,41.7721],[24.861301,41.772102],[24.861273,41.772151],[24.86116,41.77219],[24.860938,41.772157],[24.860896,41.772158],[24.860841,41.772191],[24.860851,41.772342],[24.861006,41.772517],[24.861048,41.772615],[24.861131,41.77268],[24.861215,41.772864],[24.861214,41.772903],[24.861269,41.773021],[24.86129,41.773196],[24.861318,41.773249],[24.861634,41.772995],[24.861681,41.772924],[24.861776,41.772897],[24.861852,41.772928],[24.861963,41.772897],[24.862427,41.773118],[24.862516,41.773049],[24.862546,41.772872],[24.862627,41.772837],[24.86286,41.7728],[24.863084,41.772733],[24.86312,41.772688],[24.863132,41.772533],[24.863312,41.772502],[24.863544,41.7724],[24.86395,41.772356],[24.864236,41.772297],[24.864227,41.772231],[24.864112,41.772097],[24.864203,41.771996],[24.86473,41.772019],[24.864996,41.772105],[24.865079,41.771941],[24.865222,41.771776],[24.8654,41.771689],[24.865594,41.771617],[24.865687,41.771631],[24.865804,41.771709],[24.865825,41.771786],[24.865791,41.771833],[24.865782,41.771919],[24.865981,41.771871],[24.866084,41.771817],[24.866097,41.771984],[24.866176,41.771906],[24.866208,41.771806],[24.866354,41.771751],[24.866489,41.771759],[24.866484,41.771882],[24.86652,41.771882],[24.866521,41.771899],[24.866702,41.771738],[24.866862,41.771731],[24.866999,41.771838],[24.867145,41.77201],[24.867311,41.772012],[24.867706,41.771921],[24.867901,41.771839],[24.868087,41.771651],[24.868449,41.771577],[24.868192,41.771403],[24.868282,41.771298],[24.868285,41.771159],[24.868177,41.771011],[24.868308,41.771059],[24.868818,41.771389],[24.868915,41.771133],[24.869036,41.771082],[24.869264,41.771205],[24.869327,41.771253],[24.869406,41.771217],[24.869501,41.771209],[24.869712,41.771276],[24.869787,41.771225],[24.869947,41.771247],[24.87002,41.771182],[24.870022,41.771019],[24.869886,41.770981],[24.869871,41.770882],[24.869943,41.770792],[24.870084,41.77077],[24.870245,41.770798],[24.870571,41.770744],[24.871088,41.770953],[24.871466,41.771022],[24.871769,41.771112],[24.871821,41.771153],[24.871849,41.771271],[24.871974,41.77134],[24.872167,41.771379],[24.872308,41.771432],[24.87238,41.771536],[24.872506,41.771577],[24.872824,41.771392],[24.872895,41.77119],[24.87314,41.771062],[24.873479,41.771042],[24.873656,41.771071],[24.873752,41.770941],[24.873748,41.770793],[24.873572,41.770636],[24.87352,41.770518],[24.873346,41.77046],[24.87333,41.770292],[24.873463,41.770152],[24.873707,41.770099],[24.873949,41.769898],[24.873931,41.769621],[24.873866,41.769473],[24.873909,41.769195],[24.874053,41.769005],[24.874137,41.768954],[24.874287,41.769032],[24.874448,41.769069],[24.874913,41.768953],[24.874929,41.768695],[24.875074,41.768644],[24.87529,41.768722],[24.875842,41.768722],[24.875931,41.768734],[24.876066,41.768777],[24.876228,41.768857],[24.876394,41.768908],[24.876676,41.768896],[24.876828,41.768873],[24.876971,41.768812],[24.877073,41.76879],[24.877279,41.768773],[24.877494,41.768777],[24.877629,41.768796],[24.877793,41.768843],[24.877881,41.768888],[24.878381,41.76927],[24.878851,41.769213],[24.879484,41.769197],[24.879556,41.769175],[24.879686,41.769067],[24.879782,41.76906],[24.880253,41.769059],[24.880923,41.769209],[24.881029,41.769202],[24.88139,41.769068],[24.881537,41.76906],[24.881676,41.769008],[24.881881,41.769009],[24.882096,41.769044],[24.882327,41.769125],[24.882468,41.76914],[24.882535,41.769116],[24.882607,41.769049],[24.882541,41.76889],[24.882433,41.768716],[24.882333,41.768632],[24.882289,41.768574],[24.882128,41.768296],[24.881783,41.768002],[24.881526,41.767866],[24.881556,41.76786],[24.881949,41.767883],[24.88213,41.767912],[24.882297,41.767968],[24.882443,41.767987],[24.882709,41.76796],[24.88277,41.767942],[24.882928,41.767884],[24.883061,41.767819],[24.883113,41.767777],[24.883431,41.767764],[24.883787,41.767727],[24.884235,41.767709],[24.884566,41.767658],[24.885125,41.767598],[24.885538,41.767593],[24.885808,41.767643],[24.885891,41.767696],[24.886548,41.767867],[24.886757,41.767902],[24.886862,41.767943],[24.887582,41.767935],[24.887956,41.768006],[24.888126,41.768082],[24.888396,41.768156],[24.888957,41.76835],[24.889195,41.768374],[24.889491,41.768434],[24.889908,41.768465],[24.89027,41.768462],[24.890726,41.76843],[24.89083,41.768406],[24.890991,41.768409],[24.891215,41.768447],[24.891519,41.768558],[24.891843,41.76861],[24.892047,41.768616],[24.892267,41.7686],[24.892758,41.768489],[24.892938,41.768424],[24.893158,41.768373],[24.893461,41.768275],[24.893761,41.768139],[24.894105,41.768072],[24.894344,41.768008],[24.894439,41.768069],[24.894488,41.768077],[24.895039,41.767996],[24.895351,41.767989],[24.895612,41.768028],[24.896093,41.768181],[24.896315,41.768231],[24.896544,41.768247],[24.896848,41.768324],[24.897049,41.76833],[24.897218,41.768378],[24.897423,41.768377],[24.897491,41.768402],[24.897589,41.768523],[24.897693,41.768552],[24.897839,41.768628],[24.897909,41.768577],[24.897956,41.768511],[24.898078,41.768425],[24.898179,41.768425],[24.898256,41.768449],[24.898313,41.768492],[24.898329,41.768563],[24.89839,41.768617],[24.898282,41.768697],[24.898104,41.768752],[24.898124,41.768775],[24.898521,41.768958],[24.898554,41.769033],[24.898652,41.769005],[24.899044,41.768828],[24.899168,41.7687],[24.899345,41.768559],[24.899952,41.768178],[24.900098,41.768048],[24.900136,41.767932],[24.90012,41.767873],[24.900073,41.767814],[24.899924,41.76769],[24.89983,41.767561],[24.899823,41.767493],[24.899871,41.767262],[24.899808,41.766931],[24.899836,41.766779],[24.899985,41.766442],[24.900152,41.766202],[24.900542,41.765864],[24.900502,41.765612],[24.900746,41.76561],[24.90092,41.765713],[24.900951,41.765764],[24.900997,41.765603],[24.901001,41.76541],[24.900957,41.764802],[24.900804,41.764536],[24.899861,41.763412],[24.89908,41.762602],[24.89879,41.762395],[24.898465,41.762038],[24.89801,41.761376],[24.897956,41.761282],[24.897927,41.761178],[24.897841,41.76105],[24.89774,41.7607],[24.897717,41.760433],[24.897763,41.760257],[24.897808,41.76016],[24.897984,41.759933],[24.898168,41.759606],[24.898237,41.759251],[24.898234,41.758851],[24.898377,41.758484],[24.898609,41.758054],[24.89863,41.757806],[24.898611,41.757143],[24.898467,41.757133],[24.898389,41.757142],[24.898103,41.756989],[24.897981,41.757063],[24.897877,41.757058],[24.897154,41.756941],[24.896514,41.756938],[24.896333,41.75695],[24.895967,41.757007],[24.896117,41.756855],[24.896296,41.75659],[24.896561,41.756266],[24.896711,41.756036],[24.896831,41.755784],[24.896545,41.75626],[24.89628,41.756583],[24.896101,41.756849],[24.895874,41.757077],[24.895601,41.757249],[24.895455,41.75731],[24.895208,41.757363],[24.894873,41.757466],[24.894685,41.757567],[24.894374,41.757792],[24.894075,41.758075],[24.893808,41.75822],[24.892854,41.758633],[24.892556,41.758721],[24.892236,41.758745],[24.891515,41.758738],[24.891269,41.758719],[24.890879,41.758659],[24.890621,41.758647],[24.890423,41.758714],[24.889925,41.758995],[24.889734,41.75907],[24.889626,41.759138],[24.889577,41.7592],[24.889351,41.759323],[24.889141,41.75934],[24.888825,41.759341],[24.88856,41.759334],[24.8883,41.759294],[24.88813,41.759294],[24.887522,41.759353],[24.887317,41.759401],[24.886976,41.759418],[24.886704,41.759421],[24.886435,41.759358],[24.886287,41.759302],[24.886125,41.759216],[24.885753,41.759081],[24.885686,41.759075],[24.885339,41.759105],[24.885008,41.759198],[24.884677,41.759223],[24.884318,41.759228],[24.88393,41.759204],[24.883594,41.759123],[24.883128,41.758941],[24.882612,41.758764],[24.882355,41.758642],[24.882127,41.758571],[24.881433,41.758421],[24.880936,41.758277],[24.880596,41.758238],[24.879854,41.758248],[24.879673,41.758221],[24.879149,41.758204],[24.87879,41.758229],[24.878283,41.758217],[24.878214,41.758164],[24.878132,41.758058],[24.878003,41.757968],[24.877922,41.757853],[24.877649,41.757659],[24.877388,41.757433],[24.877342,41.757491],[24.877238,41.757717],[24.877037,41.758034],[24.87694,41.758158],[24.876826,41.758248],[24.876754,41.758329],[24.876744,41.758402],[24.876786,41.758522],[24.876808,41.75872],[24.876817,41.75896],[24.876803,41.758994],[24.876718,41.759072],[24.876637,41.759121],[24.87638,41.759215],[24.876232,41.759292],[24.876161,41.759362],[24.876141,41.75969],[24.876077,41.760111],[24.875852,41.760785],[24.875611,41.761025],[24.875458,41.761283],[24.875429,41.761336],[24.875404,41.761547],[24.875366,41.761644],[24.875308,41.761728],[24.875219,41.761814],[24.875029,41.76194],[24.874841,41.762111],[24.87441,41.762644],[24.874317,41.762801],[24.874073,41.763352],[24.873984,41.763474],[24.873812,41.763615],[24.873638,41.763691],[24.873261,41.763818],[24.873164,41.763905],[24.87311,41.76405],[24.873005,41.764125],[24.872786,41.764162],[24.872449,41.764174],[24.872367,41.764193],[24.872265,41.764305],[24.872145,41.764566],[24.872053,41.764681],[24.871917,41.764792],[24.871612,41.764961],[24.871513,41.765175],[24.871498,41.765669],[24.871479,41.765846],[24.871448,41.765909],[24.871316,41.766041],[24.871178,41.76615],[24.871121,41.766224],[24.871094,41.76631],[24.870988,41.766311],[24.870911,41.766341]],[[24.867465,41.770891],[24.867317,41.770903],[24.867192,41.770811],[24.867116,41.770737],[24.867125,41.770612],[24.867075,41.770583],[24.866862,41.770681],[24.86674,41.770662],[24.866714,41.770611],[24.866714,41.770461],[24.866967,41.770174],[24.867261,41.770061],[24.867662,41.770096],[24.867781,41.770194],[24.867798,41.770356],[24.867835,41.770391],[24.868035,41.770244],[24.868159,41.770258],[24.868284,41.770346],[24.868494,41.770383],[24.868674,41.77044],[24.868911,41.770592],[24.869206,41.770831],[24.869183,41.770872],[24.869104,41.770873],[24.868884,41.770828],[24.868561,41.770827],[24.868452,41.770858],[24.868342,41.770946],[24.868219,41.770987],[24.868121,41.770992],[24.868031,41.770984],[24.867846,41.770891],[24.867741,41.770877],[24.867676,41.770983],[24.867621,41.770983],[24.867465,41.770891]],[[24.867985,41.771452],[24.867931,41.771512],[24.867803,41.771573],[24.867715,41.771567],[24.867633,41.7715],[24.867602,41.771421],[24.867753,41.771296],[24.86799,41.771412],[24.867985,41.771452]],[[24.871118,41.768115],[24.871317,41.768192],[24.871514,41.768189],[24.871689,41.768237],[24.87173,41.768485],[24.871945,41.76871],[24.872073,41.768896],[24.872001,41.769026],[24.871831,41.769097],[24.871659,41.76909],[24.871307,41.768817],[24.870858,41.768565],[24.870856,41.768486],[24.87089,41.768346],[24.870999,41.768245],[24.871057,41.768136],[24.871118,41.768115]]]},"properties":{"cadreg":213}},{"type":"Feature","geometry":{"type":"Polygon","coordinates":[[[24.897826,41.734779],[24.89771,41.73473],[24.89771,41.734751],[24.89747,41.734649],[24.897376,41.734581],[24.897089,41.734748],[24.896777,41.735014],[24.89667,41.735162],[24.896519,41.735516],[24.896414,41.735857],[24.896728,41.73587],[24.897115,41.735863],[24.897115,41.735881],[24.896729,41.735888],[24.896408,41.735875],[24.896147,41.736218],[24.896079,41.736489],[24.895865,41.736855],[24.895675,41.737054],[24.895441,41.737186],[24.895558,41.73729],[24.895641,41.737393],[24.895735,41.737593],[24.895714,41.737603],[24.895618,41.7374],[24.895539,41.737301],[24.895418,41.737194],[24.895012,41.737106],[24.894506,41.737104],[24.894156,41.737125],[24.89355,41.737342],[24.89333,41.737432],[24.893246,41.737483],[24.892655,41.738078],[24.892273,41.738374],[24.892134,41.738528],[24.89209,41.738605],[24.891992,41.738693],[24.891798,41.738843],[24.891669,41.738919],[24.891483,41.739129],[24.891292,41.739202],[24.891021,41.739235],[24.890593,41.739242],[24.890362,41.73923],[24.889995,41.739182],[24.889169,41.73919],[24.888856,41.739283],[24.88854,41.739418],[24.888262,41.739469],[24.887852,41.739506],[24.887759,41.739471],[24.887528,41.739427],[24.887428,41.739391],[24.88718,41.739347],[24.887038,41.739298],[24.886711,41.739097],[24.886626,41.739129],[24.886279,41.739163],[24.886131,41.739204],[24.885883,41.739236],[24.885686,41.739315],[24.885318,41.7394],[24.884986,41.739595],[24.884828,41.739746],[24.884746,41.739855],[24.884622,41.740114],[24.884513,41.740254],[24.884246,41.740461],[24.883969,41.740732],[24.88384,41.740809],[24.883785,41.740861],[24.883717,41.74094],[24.883593,41.741145],[24.883334,41.741402],[24.883274,41.741498],[24.883206,41.741715],[24.883192,41.741835],[24.88324,41.741969],[24.883427,41.74223],[24.883448,41.742295],[24.883452,41.742611],[24.883402,41.742669],[24.883243,41.742987],[24.883347,41.743218],[24.883429,41.74351],[24.883421,41.743661],[24.883364,41.743942],[24.8832,41.744078],[24.883074,41.744152],[24.882881,41.744384],[24.882817,41.74488],[24.882776,41.745038],[24.882786,41.745699],[24.882815,41.745955],[24.882877,41.746112],[24.883121,41.746559],[24.883164,41.746815],[24.883141,41.747058],[24.883029,41.74725],[24.882629,41.747561],[24.88243,41.747678],[24.882261,41.747701],[24.882107,41.747767],[24.882373,41.747771],[24.882709,41.747847],[24.882693,41.747861],[24.88237,41.747788],[24.882216,41.747786],[24.882074,41.747786],[24.881955,41.747843],[24.881707,41.748011],[24.881479,41.748308],[24.881329,41.748567],[24.881333,41.748758],[24.881407,41.749168],[24.88144,41.749705],[24.881838,41.7497],[24.882103,41.749662],[24.882237,41.749657],[24.88234,41.749655],[24.882341,41.749673],[24.882106,41.74968],[24.88184,41.749718],[24.881443,41.749723],[24.881582,41.750166],[24.881584,41.750514],[24.88152,41.75062],[24.881254,41.750876],[24.881148,41.751162],[24.881153,41.751444],[24.881201,41.751563],[24.881194,41.751727],[24.881078,41.751832],[24.880641,41.751967],[24.880473,41.752057],[24.880311,41.752233],[24.88022,41.752405],[24.880197,41.752542],[24.880209,41.752917],[24.880163,41.753233],[24.880124,41.753381],[24.879902,41.75394],[24.879575,41.754303],[24.879455,41.754579],[24.879367,41.754884],[24.879353,41.754959],[24.879377,41.755353],[24.879441,41.755483],[24.879456,41.755565],[24.879872,41.755528],[24.88008,41.75553],[24.88051,41.755603],[24.880719,41.755666],[24.880718,41.755685],[24.880503,41.75562],[24.880078,41.755548],[24.879754,41.755552],[24.879455,41.755584],[24.879488,41.755728],[24.879368,41.755745],[24.879315,41.755773],[24.879269,41.755821],[24.879206,41.755828],[24.87914,41.755855],[24.879024,41.756027],[24.878963,41.756072],[24.878924,41.756127],[24.878771,41.756178],[24.878717,41.75623],[24.878613,41.756268],[24.878501,41.756338],[24.878153,41.756461],[24.878136,41.756487],[24.878018,41.756549],[24.878001,41.756594],[24.877416,41.756867],[24.877196,41.757144],[24.877157,41.757159],[24.877079,41.757243],[24.877048,41.757356],[24.876987,41.757462],[24.876985,41.757534],[24.876837,41.757752],[24.87681,41.757834],[24.876483,41.758225],[24.876448,41.758326],[24.87643,41.758462],[24.876484,41.758811],[24.876441,41.758938],[24.876373,41.758992],[24.87602,41.759127],[24.876016,41.75917],[24.875891,41.75933],[24.875868,41.759528],[24.875815,41.759749],[24.875808,41.759971],[24.875744,41.760262],[24.875697,41.760311],[24.875669,41.76042],[24.875682,41.760448],[24.875586,41.760689],[24.875535,41.760764],[24.875431,41.760821],[24.875248,41.760982],[24.875208,41.761091],[24.875206,41.76115],[24.875178,41.761178],[24.87517,41.76122],[24.875162,41.761312],[24.875166,41.761335],[24.875203,41.761364],[24.875197,41.76142],[24.875025,41.761539],[24.874897,41.761711],[24.874652,41.761899],[24.874508,41.762042],[24.874491,41.762088],[24.874417,41.762161],[24.874345,41.762278],[24.874328,41.762407],[24.87429,41.762477],[24.874236,41.762554],[24.874164,41.762556],[24.874135,41.762572],[24.873968,41.762813],[24.873683,41.763413],[24.873591,41.763477],[24.873481,41.763518],[24.873267,41.763561],[24.873097,41.76364],[24.873032,41.7637],[24.873009,41.763775],[24.872888,41.76385],[24.872848,41.763867],[24.87241,41.763936],[24.872185,41.764057],[24.872086,41.764159],[24.871987,41.764322],[24.871803,41.764526],[24.871599,41.764717],[24.871469,41.764784],[24.871245,41.764966],[24.871225,41.765073],[24.871252,41.765233],[24.871227,41.76539],[24.871245,41.765671],[24.87122,41.76578],[24.871012,41.766007],[24.870859,41.766135],[24.870741,41.766286],[24.870691,41.766414],[24.870709,41.766445],[24.870667,41.766525],[24.870478,41.766777],[24.870364,41.766829],[24.870123,41.767069],[24.869992,41.767132],[24.869494,41.767296],[24.869228,41.767359],[24.86903,41.767427],[24.868941,41.767473],[24.868713,41.767635],[24.868588,41.76783],[24.868557,41.767917],[24.868508,41.767986],[24.868442,41.76802],[24.868356,41.768037],[24.867701,41.768051],[24.867491,41.768078],[24.867434,41.768128],[24.867059,41.76819],[24.866647,41.768185],[24.866594,41.7682],[24.866479,41.768272],[24.866373,41.7683],[24.866338,41.768327],[24.866297,41.768312],[24.866231,41.768318],[24.866093,41.768409],[24.866009,41.768472],[24.865986,41.768538],[24.865986,41.768648],[24.866086,41.769058],[24.866117,41.769079],[24.866151,41.769289],[24.866262,41.769496],[24.866288,41.76983],[24.86627,41.769871],[24.866225,41.769908],[24.866048,41.769905],[24.865662,41.769752],[24.86554,41.769752],[24.865241,41.769788],[24.864953,41.769923],[24.864873,41.769969],[24.864717,41.770107],[24.864639,41.770134],[24.864469,41.770126],[24.86434,41.770036],[24.864243,41.769997],[24.86415,41.76998],[24.86401,41.769978],[24.863859,41.769998],[24.863761,41.770074],[24.863701,41.770163],[24.863598,41.770213],[24.863405,41.77044],[24.863267,41.770516],[24.862894,41.770568],[24.862877,41.770623],[24.862892,41.770799],[24.862941,41.770878],[24.863039,41.770886],[24.863122,41.770956],[24.863007,41.770776],[24.863009,41.770645],[24.863304,41.770631],[24.863444,41.770574],[24.86362,41.770442],[24.86374,41.770319],[24.863809,41.770283],[24.863863,41.770231],[24.863984,41.770179],[24.864115,41.770174],[24.864228,41.770189],[24.86437,41.770249],[24.864468,41.770321],[24.864551,41.770347],[24.864622,41.77035],[24.864705,41.770334],[24.865089,41.769987],[24.865307,41.769892],[24.86547,41.769875],[24.865611,41.769876],[24.865735,41.769895],[24.865926,41.769992],[24.866049,41.770029],[24.866193,41.770032],[24.866331,41.76999],[24.866401,41.769936],[24.86644,41.769795],[24.866445,41.769678],[24.866424,41.769461],[24.866253,41.769024],[24.866179,41.768723],[24.866186,41.768555],[24.866243,41.7685],[24.866341,41.768456],[24.866743,41.768344],[24.867174,41.768263],[24.867636,41.768194],[24.86821,41.768158],[24.868451,41.768126],[24.868625,41.768056],[24.868732,41.767977],[24.868831,41.767762],[24.868906,41.767661],[24.869124,41.767518],[24.869483,41.767393],[24.869866,41.767311],[24.870052,41.767234],[24.870328,41.767223],[24.870486,41.767179],[24.870466,41.767147],[24.870323,41.767187],[24.870196,41.76719],[24.870257,41.767171],[24.870351,41.767111],[24.870587,41.766882],[24.870592,41.766811],[24.870776,41.766563],[24.870911,41.766341],[24.870988,41.766311],[24.871094,41.76631],[24.871121,41.766224],[24.871178,41.76615],[24.871316,41.766041],[24.871448,41.765909],[24.871479,41.765846],[24.871498,41.765669],[24.871513,41.765175],[24.871612,41.764961],[24.871917,41.764792],[24.872053,41.764681],[24.872145,41.764566],[24.872265,41.764305],[24.872367,41.764193],[24.872449,41.764174],[24.872786,41.764162],[24.873005,41.764125],[24.87311,41.76405],[24.873164,41.763905],[24.873261,41.763818],[24.873638,41.763691],[24.873812,41.763615],[24.873984,41.763474],[24.874073,41.763352],[24.874317,41.762801],[24.87441,41.762644],[24.874841,41.762111],[24.875029,41.76194],[24.875219,41.761814],[24.875308,41.761728],[24.875366,41.761644],[24.875404,41.761547],[24.875429,41.761336],[24.875458,41.761283],[24.875611,41.761025],[24.875852,41.760785],[24.876077,41.760111],[24.876141,41.75969],[24.876161,41.759362],[24.876232,41.759292],[24.87638,41.759215],[24.876637,41.759121],[24.876718,41.759072],[24.876803,41.758994],[24.876817,41.75896],[24.876808,41.75872],[24.876786,41.758522],[24.876744,41.758402],[24.876754,41.758329],[24.876826,41.758248],[24.87694,41.758158],[24.877037,41.758034],[24.877238,41.757717],[24.877342,41.757491],[24.877388,41.757433],[24.877649,41.757659],[24.877922,41.757853],[24.878003,41.757968],[24.878132,41.758058],[24.878214,41.758164],[24.878283,41.758217],[24.87879,41.758229],[24.879149,41.758204],[24.879673,41.758221],[24.879854,41.758248],[24.880596,41.758238],[24.880936,41.758277],[24.881433,41.758421],[24.882127,41.758571],[24.882355,41.758642],[24.882612,41.758764],[24.883128,41.758941],[24.883594,41.759123],[24.88393,41.759204],[24.884318,41.759228],[24.884677,41.759223],[24.885008,41.759198],[24.885339,41.759105],[24.885686,41.759075],[24.885753,41.759081],[24.886125,41.759216],[24.886287,41.759302],[24.886435,41.759358],[24.886704,41.759421],[24.886976,41.759418],[24.887317,41.759401],[24.887522,41.759353],[24.88813,41.759294],[24.8883,41.759294],[24.88856,41.759334],[24.888825,41.759341],[24.889141,41.75934],[24.889351,41.759323],[24.889577,41.7592],[24.889626,41.759138],[24.889734,41.75907],[24.889925,41.758995],[24.890423,41.758714],[24.890621,41.758647],[24.890879,41.758659],[24.891269,41.758719],[24.891515,41.758738],[24.892236,41.758745],[24.892556,41.758721],[24.892854,41.758633],[24.893808,41.75822],[24.894075,41.758075],[24.894374,41.757792],[24.894685,41.757567],[24.894873,41.757466],[24.895208,41.757363],[24.895455,41.75731],[24.895601,41.757249],[24.895874,41.757077],[24.896101,41.756849],[24.89628,41.756583],[24.896545,41.75626],[24.896831,41.755784],[24.896711,41.756036],[24.896561,41.756266],[24.896296,41.75659],[24.896117,41.756855],[24.895967,41.757007],[24.896333,41.75695],[24.896514,41.756938],[24.897154,41.756941],[24.897877,41.757058],[24.897981,41.757063],[24.898103,41.756989],[24.898389,41.757142],[24.898467,41.757133],[24.898611,41.757143],[24.898591,41.756305],[24.898641,41.756097],[24.898907,41.755532],[24.89907,41.755033],[24.899132,41.754767],[24.899275,41.754575],[24.899426,41.754328],[24.899501,41.75426],[24.899731,41.753945],[24.899998,41.753706],[24.900401,41.753402],[24.900694,41.753203],[24.900933,41.75294],[24.901383,41.752527],[24.90146,41.752423],[24.901503,41.75227],[24.901537,41.751901],[24.901526,41.751385],[24.901506,41.751202],[24.901458,41.751085],[24.901452,41.75082],[24.901537,41.750679],[24.901677,41.750337],[24.901723,41.749764],[24.902056,41.749246],[24.902218,41.748806],[24.902302,41.748649],[24.902419,41.748543],[24.90286,41.74827],[24.902918,41.748217],[24.903035,41.748038],[24.903002,41.747906],[24.90301,41.747536],[24.903114,41.747284],[24.903221,41.747094],[24.903381,41.746891],[24.903493,41.746638],[24.903508,41.746495],[24.903024,41.746516],[24.902919,41.746502],[24.902792,41.746456],[24.902724,41.746375],[24.902676,41.746278],[24.902722,41.746212],[24.902792,41.74617],[24.902791,41.746081],[24.902728,41.746061],[24.902586,41.746085],[24.902502,41.745958],[24.902318,41.74594],[24.902196,41.745895],[24.902095,41.745796],[24.901935,41.745682],[24.90182,41.745652],[24.901429,41.745473],[24.901198,41.745337],[24.900791,41.745178],[24.90057,41.745029],[24.900505,41.745013],[24.900376,41.744897],[24.900338,41.744772],[24.900144,41.744733],[24.900073,41.744686],[24.89985,41.744506],[24.899769,41.744395],[24.899528,41.744245],[24.899334,41.744088],[24.899384,41.744028],[24.899448,41.743988],[24.899636,41.743908],[24.899788,41.743873],[24.899834,41.743877],[24.899901,41.743893],[24.89998,41.743952],[24.900061,41.744087],[24.900071,41.744206],[24.900156,41.744322],[24.900189,41.744335],[24.90031,41.744264],[24.900318,41.744209],[24.900368,41.744182],[24.900451,41.744222],[24.900653,41.744243],[24.900914,41.744303],[24.901105,41.744394],[24.90125,41.744422],[24.901329,41.744452],[24.901484,41.744472],[24.901698,41.74447],[24.901745,41.744457],[24.90177,41.744407],[24.9017,41.744345],[24.901587,41.744278],[24.901572,41.744241],[24.901584,41.744197],[24.901652,41.744133],[24.901671,41.743862],[24.901754,41.743812],[24.901853,41.743781],[24.901957,41.743798],[24.90215,41.743866],[24.902322,41.743978],[24.902345,41.744159],[24.902481,41.744384],[24.902588,41.744629],[24.902717,41.744651],[24.902804,41.744637],[24.90286,41.744602],[24.902879,41.74454],[24.902869,41.744361],[24.902922,41.744286],[24.90301,41.744244],[24.903252,41.74422],[24.903353,41.744193],[24.903715,41.744056],[24.904307,41.744105],[24.904813,41.744101],[24.904868,41.744139],[24.904979,41.744172],[24.905131,41.744169],[24.905207,41.744215],[24.905322,41.744347],[24.90542,41.744399],[24.905579,41.744399],[24.90569,41.744375],[24.905837,41.744288],[24.906002,41.744078],[24.906405,41.743693],[24.906527,41.743609],[24.90667,41.743565],[24.906651,41.743522],[24.90663,41.74324],[24.906562,41.743121],[24.906586,41.743079],[24.906955,41.743021],[24.907206,41.742926],[24.90725,41.742902],[24.907354,41.742777],[24.907427,41.742645],[24.907564,41.742532],[24.907654,41.742525],[24.907783,41.742542],[24.907857,41.742516],[24.908058,41.74232],[24.90817,41.742169],[24.908257,41.741979],[24.908263,41.741777],[24.908297,41.741702],[24.908372,41.741614],[24.908468,41.741541],[24.908718,41.741463],[24.908737,41.741426],[24.908732,41.741335],[24.908663,41.741245],[24.908528,41.741197],[24.908383,41.741198],[24.908328,41.741181],[24.90832,41.741138],[24.90835,41.741084],[24.908476,41.740927],[24.908776,41.7408],[24.909227,41.740454],[24.909409,41.740212],[24.909584,41.73984],[24.909644,41.739641],[24.909691,41.739347],[24.909793,41.73896],[24.909781,41.738767],[24.909691,41.738489],[24.909708,41.738271],[24.909852,41.738155],[24.90987,41.738122],[24.909315,41.737773],[24.909006,41.737638],[24.908718,41.737595],[24.908491,41.737588],[24.907831,41.737492],[24.907491,41.737359],[24.906957,41.737103],[24.906532,41.737031],[24.90597,41.736664],[24.90581,41.736551],[24.905721,41.736465],[24.905228,41.736161],[24.905047,41.736082],[24.90504,41.736013],[24.904893,41.735908],[24.904759,41.735778],[24.90472,41.735708],[24.904675,41.735668],[24.904454,41.735537],[24.904299,41.73535],[24.904054,41.735196],[24.903857,41.735113],[24.903665,41.734946],[24.903656,41.734825],[24.903695,41.734633],[24.903792,41.734409],[24.903827,41.734255],[24.903967,41.73399],[24.90399,41.7339],[24.903996,41.733738],[24.903983,41.733602],[24.903795,41.733431],[24.903587,41.73327],[24.903567,41.732725],[24.903781,41.732435],[24.903991,41.73201],[24.904168,41.731838],[24.904453,41.73167],[24.904741,41.731339],[24.904798,41.731296],[24.905157,41.731085],[24.905434,41.730892],[24.905918,41.730635],[24.906036,41.730536],[24.906084,41.730466],[24.906154,41.730237],[24.906162,41.730071],[24.906191,41.729984],[24.906262,41.729856],[24.906535,41.729574],[24.906599,41.729487],[24.906576,41.729264],[24.906502,41.72907],[24.90644,41.728987],[24.906459,41.728903],[24.906528,41.728781],[24.906724,41.728486],[24.90683,41.728362],[24.907395,41.727979],[24.907961,41.727671],[24.908502,41.727463],[24.908945,41.727252],[24.90919,41.727093],[24.909297,41.727],[24.909662,41.726743],[24.91024,41.726456],[24.910505,41.72628],[24.910602,41.726153],[24.910668,41.725886],[24.910704,41.725822],[24.911017,41.725418],[24.911183,41.725248],[24.91137,41.724936],[24.911469,41.724805],[24.911566,41.724697],[24.912247,41.724232],[24.912462,41.724012],[24.912631,41.723788],[24.912599,41.723551],[24.912517,41.723269],[24.912501,41.723149],[24.912341,41.722596],[24.912202,41.722228],[24.912128,41.721952],[24.912083,41.721667],[24.91198,41.721544],[24.911908,41.7212],[24.911814,41.720988],[24.911589,41.720649],[24.911559,41.720552],[24.911567,41.720423],[24.911711,41.720148],[24.911862,41.719986],[24.912094,41.719896],[24.912217,41.719819],[24.912336,41.719698],[24.912412,41.719494],[24.912542,41.719403],[24.912789,41.719134],[24.912762,41.719078],[24.912657,41.719211],[24.912495,41.719374],[24.912165,41.719587],[24.911995,41.719676],[24.911911,41.719765],[24.911853,41.719909],[24.91156,41.720236],[24.911509,41.720325],[24.91148,41.720426],[24.911503,41.720695],[24.911579,41.720862],[24.911741,41.721095],[24.911854,41.721305],[24.912098,41.722317],[24.912332,41.722977],[24.912368,41.723282],[24.912486,41.723715],[24.912468,41.723841],[24.912038,41.724307],[24.911837,41.724388],[24.911618,41.724529],[24.911336,41.724854],[24.910643,41.725718],[24.910494,41.726107],[24.910394,41.72623],[24.909368,41.726833],[24.909093,41.727028],[24.908905,41.727191],[24.908158,41.727504],[24.907361,41.727942],[24.906885,41.728253],[24.906783,41.728335],[24.906667,41.728469],[24.906401,41.72889],[24.906368,41.729008],[24.906329,41.728961],[24.906308,41.728851],[24.90644,41.728271],[24.906522,41.728176],[24.906466,41.728152],[24.906381,41.728256],[24.906366,41.728385],[24.906248,41.728849],[24.906271,41.728978],[24.906322,41.729038],[24.906382,41.729078],[24.906421,41.729468],[24.906138,41.729753],[24.906078,41.729857],[24.906041,41.729988],[24.906037,41.730161],[24.906,41.730321],[24.905915,41.730469],[24.905673,41.73065],[24.905099,41.73094],[24.904703,41.731211],[24.904463,41.731432],[24.904215,41.731557],[24.904084,41.731646],[24.903775,41.731975],[24.903656,41.732313],[24.903567,41.732461],[24.903433,41.732576],[24.903394,41.732662],[24.903343,41.732892],[24.903359,41.733212],[24.903412,41.733343],[24.903483,41.733452],[24.903756,41.733722],[24.903738,41.73393],[24.903692,41.734],[24.903606,41.734335],[24.903472,41.734628],[24.903448,41.734882],[24.903474,41.735027],[24.903537,41.735095],[24.903712,41.735222],[24.903876,41.735326],[24.904055,41.7354],[24.904219,41.73556],[24.904697,41.735928],[24.904796,41.736016],[24.904799,41.736056],[24.904489,41.736025],[24.904087,41.735878],[24.90378,41.735825],[24.903333,41.735721],[24.902836,41.7357],[24.902659,41.735655],[24.902112,41.735596],[24.901845,41.735512],[24.901647,41.735396],[24.901542,41.735281],[24.901479,41.73518],[24.901258,41.734949],[24.901113,41.734711],[24.900981,41.734598],[24.900807,41.734508],[24.899832,41.73483],[24.899296,41.734983],[24.899099,41.735012],[24.898611,41.735034],[24.898255,41.734981],[24.898062,41.734917],[24.897816,41.734797],[24.897826,41.734779]]]},"properties":{"cadreg":214}},{"type":"Feature","geometry":{"type":"MultiPolygon","coordinates":[[[[24.835171,41.688336],[24.835676,41.688329],[24.835694,41.688347],[24.835764,41.688312],[24.835929,41.688347],[24.835907,41.688533],[24.835838,41.688622],[24.835846,41.688976],[24.835886,41.689166],[24.835944,41.689282],[24.835967,41.689559],[24.835948,41.689794],[24.835833,41.69002],[24.835619,41.690086],[24.835292,41.690412],[24.835323,41.690557],[24.835553,41.690915],[24.835729,41.691101],[24.835962,41.691268],[24.836557,41.691591],[24.836629,41.691764],[24.836836,41.691908],[24.83735,41.692333],[24.837391,41.692516],[24.837371,41.692616],[24.837203,41.692731],[24.836976,41.692806],[24.836538,41.693082],[24.836501,41.693087],[24.836369,41.693163],[24.836371,41.693281],[24.836338,41.693501],[24.836228,41.693527],[24.836109,41.693495],[24.835915,41.693294],[24.836014,41.69313],[24.835945,41.692891],[24.835814,41.692938],[24.835458,41.693149],[24.835269,41.693287],[24.835106,41.69337],[24.83488,41.693662],[24.834768,41.693708],[24.834564,41.693753],[24.834445,41.693873],[24.834354,41.694009],[24.834247,41.694123],[24.834127,41.69417],[24.833771,41.694223],[24.833571,41.694222],[24.833454,41.694188],[24.833357,41.694179],[24.832944,41.694329],[24.832763,41.694354],[24.832689,41.694287],[24.832555,41.694117],[24.832523,41.693991],[24.832428,41.693951],[24.831714,41.693862],[24.831553,41.693666],[24.831549,41.693459],[24.831413,41.693299],[24.831219,41.693202],[24.830917,41.693152],[24.830801,41.693343],[24.830462,41.693194],[24.830266,41.693025],[24.830224,41.693007],[24.830018,41.69272],[24.829844,41.69262],[24.829645,41.69256],[24.82923,41.692514],[24.829155,41.692494],[24.829093,41.692439],[24.828905,41.692449],[24.828688,41.692687],[24.828497,41.692648],[24.828495,41.692716],[24.8284,41.692754],[24.828342,41.69266],[24.828301,41.692625],[24.828202,41.692645],[24.828068,41.692835],[24.827991,41.693011],[24.827992,41.693515],[24.82804,41.693873],[24.828186,41.69414],[24.828447,41.694509],[24.829383,41.694778],[24.829613,41.694892],[24.829855,41.695054],[24.829979,41.695245],[24.830149,41.695457],[24.830372,41.695568],[24.830551,41.695606],[24.830741,41.69572],[24.830837,41.695759],[24.831044,41.695914],[24.831064,41.695978],[24.831042,41.696068],[24.830912,41.696169],[24.83067,41.696269],[24.830391,41.696509],[24.830176,41.696921],[24.830144,41.697104],[24.830166,41.697334],[24.830295,41.697522],[24.830496,41.697744],[24.830673,41.697977],[24.830718,41.698188],[24.830879,41.698591],[24.831014,41.69886],[24.831148,41.698939],[24.831272,41.699117],[24.831407,41.699116],[24.831654,41.699374],[24.831606,41.699488],[24.832384,41.700056],[24.832724,41.700177],[24.833051,41.70024],[24.833767,41.700293],[24.833744,41.700338],[24.833688,41.700635],[24.833643,41.700684],[24.833499,41.700694],[24.833416,41.70087],[24.833908,41.700543],[24.834045,41.70047],[24.834194,41.700437],[24.83439,41.700428],[24.834686,41.700376],[24.834918,41.700405],[24.835083,41.700398],[24.835502,41.700325],[24.835708,41.70021],[24.835801,41.700095],[24.835962,41.699982],[24.836109,41.699935],[24.83615,41.699899],[24.836237,41.699699],[24.836397,41.699543],[24.836506,41.699359],[24.836642,41.699232],[24.836857,41.699115],[24.837095,41.698881],[24.837499,41.698597],[24.837687,41.698416],[24.837813,41.698341],[24.838103,41.698251],[24.838205,41.698136],[24.838275,41.698004],[24.838381,41.697941],[24.838775,41.697813],[24.838948,41.697632],[24.839006,41.697522],[24.839035,41.697377],[24.839073,41.697311],[24.839247,41.697183],[24.83919,41.697059],[24.839193,41.696899],[24.839137,41.696789],[24.838989,41.696621],[24.838732,41.696117],[24.838608,41.69558],[24.838522,41.695331],[24.838484,41.694871],[24.838271,41.694403],[24.838219,41.694211],[24.838221,41.694117],[24.838279,41.693993],[24.838382,41.693883],[24.838756,41.693563],[24.838802,41.693488],[24.838796,41.693311],[24.838856,41.693203],[24.839244,41.692921],[24.839528,41.692658],[24.839718,41.692551],[24.840029,41.692446],[24.840428,41.69239],[24.840687,41.692289],[24.840912,41.692224],[24.84134,41.692158],[24.841561,41.692105],[24.841862,41.691977],[24.84193,41.69193],[24.842082,41.691779],[24.84229,41.691606],[24.842418,41.691456],[24.842512,41.691397],[24.842634,41.691357],[24.842909,41.691315],[24.842914,41.691333],[24.842641,41.691374],[24.842524,41.691413],[24.842437,41.691468],[24.84231,41.691617],[24.8421,41.691791],[24.841948,41.691943],[24.841737,41.692056],[24.84157,41.692122],[24.841346,41.692175],[24.840919,41.692241],[24.840697,41.692305],[24.840436,41.692407],[24.840037,41.692464],[24.839674,41.692594],[24.839545,41.692671],[24.839262,41.692934],[24.838876,41.693214],[24.83882,41.693315],[24.838826,41.693491],[24.838776,41.693573],[24.838401,41.693894],[24.838301,41.694003],[24.838245,41.69412],[24.838259,41.694298],[24.838508,41.694867],[24.838546,41.695327],[24.838632,41.695577],[24.838734,41.696048],[24.838896,41.696404],[24.839011,41.696612],[24.839206,41.696852],[24.839213,41.697057],[24.839269,41.697174],[24.83934,41.697129],[24.839449,41.69701],[24.839779,41.696563],[24.840164,41.696207],[24.840538,41.695985],[24.840663,41.695886],[24.840871,41.695653],[24.841184,41.695408],[24.841393,41.695295],[24.841639,41.695188],[24.841797,41.695096],[24.842003,41.69487],[24.842134,41.694664],[24.842546,41.694223],[24.842639,41.69416],[24.84276,41.694104],[24.84303,41.694043],[24.843193,41.693988],[24.843343,41.69389],[24.843676,41.693804],[24.844063,41.693732],[24.844199,41.693674],[24.844741,41.693531],[24.845075,41.693408],[24.84545,41.693191],[24.845666,41.693033],[24.845848,41.692845],[24.845939,41.692677],[24.846449,41.692213],[24.846888,41.691847],[24.847224,41.691591],[24.84735,41.69143],[24.847446,41.691143],[24.847745,41.690668],[24.847772,41.690549],[24.847756,41.690312],[24.847766,41.690192],[24.847969,41.689746],[24.848057,41.689565],[24.848228,41.689312],[24.848309,41.689224],[24.848352,41.689114],[24.848365,41.688979],[24.84842,41.688863],[24.848535,41.688696],[24.848554,41.688706],[24.848442,41.68887],[24.848389,41.688982],[24.848376,41.689117],[24.848331,41.689232],[24.848249,41.689322],[24.84808,41.689572],[24.848118,41.68957],[24.848207,41.689467],[24.848477,41.689103],[24.848555,41.688837],[24.848632,41.688646],[24.84865,41.688558],[24.848626,41.688365],[24.848632,41.687988],[24.848561,41.687609],[24.848468,41.687428],[24.848468,41.687329],[24.848593,41.686985],[24.849021,41.686801],[24.849598,41.686653],[24.849779,41.686658],[24.849896,41.686512],[24.85,41.686415],[24.849816,41.686147],[24.8496,41.685569],[24.849513,41.685425],[24.849338,41.685194],[24.848906,41.684782],[24.848723,41.684215],[24.848667,41.683761],[24.848594,41.683672],[24.847684,41.683718],[24.846558,41.683726],[24.845763,41.683703],[24.844864,41.683641],[24.844579,41.683592],[24.844224,41.683487],[24.843862,41.683342],[24.843363,41.683034],[24.843056,41.683014],[24.842785,41.683083],[24.841951,41.683435],[24.841072,41.683936],[24.840506,41.684214],[24.840111,41.684477],[24.838838,41.685134],[24.838358,41.685434],[24.837912,41.68568],[24.837331,41.685964],[24.836892,41.686201],[24.836534,41.686447],[24.836174,41.686727],[24.83587,41.687029],[24.835616,41.687323],[24.835426,41.687615],[24.835244,41.688026],[24.835133,41.6883],[24.835131,41.688347],[24.835171,41.688336]]],[[[24.839041,41.697529],[24.838981,41.697645],[24.838798,41.697834],[24.838398,41.697964],[24.838306,41.69802],[24.838237,41.698149],[24.838126,41.698273],[24.838222,41.69822],[24.838639,41.698099],[24.839083,41.697942],[24.839143,41.697908],[24.83921,41.697812],[24.839254,41.69766],[24.839274,41.697478],[24.839262,41.697197],[24.839105,41.697326],[24.83907,41.697384],[24.839041,41.697529]]]]},"properties":{"cadreg":215}},{"type":"Feature","geometry":{"type":"MultiPolygon","coordinates":[[[[24.856092,41.722453],[24.856012,41.722371],[24.855915,41.722311],[24.855787,41.722254],[24.855603,41.722207],[24.855461,41.722185],[24.854794,41.722143],[24.854582,41.722114],[24.854332,41.722058],[24.85403,41.721871],[24.853586,41.721682],[24.853465,41.721602],[24.853543,41.721773],[24.853587,41.721821],[24.853659,41.721857],[24.853933,41.721908],[24.854033,41.72196],[24.85429,41.722182],[24.854745,41.722489],[24.854782,41.722548],[24.854723,41.722828],[24.854731,41.722925],[24.854795,41.722997],[24.854922,41.723055],[24.855367,41.723131],[24.855452,41.723165],[24.855579,41.723165],[24.855682,41.722952],[24.855627,41.723153],[24.855721,41.723229],[24.855798,41.723233],[24.855953,41.723186],[24.85605,41.723197],[24.856383,41.723319],[24.856504,41.72339],[24.856585,41.723406],[24.856733,41.723389],[24.856861,41.723334],[24.857072,41.723317],[24.857911,41.723333],[24.858361,41.723443],[24.858671,41.723617],[24.859304,41.723824],[24.859079,41.723625],[24.858784,41.723464],[24.857807,41.723026],[24.856942,41.723112],[24.856668,41.723017],[24.856259,41.722675],[24.856218,41.722669],[24.856092,41.722453]]],[[[24.894075,41.787651],[24.894044,41.787506],[24.894054,41.787441],[24.894114,41.787318],[24.894472,41.787055],[24.894666,41.786953],[24.894732,41.786884],[24.894988,41.786468],[24.895123,41.786314],[24.895211,41.786148],[24.895234,41.786066],[24.895263,41.785701],[24.895288,41.784978],[24.895253,41.784744],[24.895278,41.784574],[24.895351,41.784413],[24.895747,41.783714],[24.895905,41.783365],[24.895905,41.783269],[24.89594,41.783107],[24.895933,41.783046],[24.895794,41.7831],[24.895523,41.783151],[24.895269,41.783229],[24.89527,41.783287],[24.895068,41.78333],[24.894582,41.783505],[24.894115,41.783713],[24.892363,41.784634],[24.891998,41.78486],[24.891787,41.785062],[24.891218,41.785145],[24.890566,41.785209],[24.890407,41.785211],[24.88977,41.785192],[24.889503,41.785148],[24.889499,41.785166],[24.889109,41.785118],[24.888804,41.784987],[24.888674,41.784952],[24.888379,41.784913],[24.888007,41.784721],[24.887798,41.784642],[24.887642,41.784626],[24.887188,41.784626],[24.886905,41.784651],[24.885355,41.784859],[24.884702,41.784876],[24.88462,41.784859],[24.88451,41.784806],[24.884315,41.784681],[24.884116,41.784499],[24.883797,41.784333],[24.883299,41.784134],[24.883023,41.784077],[24.882733,41.78405],[24.882666,41.784056],[24.882593,41.784085],[24.882337,41.784099],[24.882119,41.784303],[24.881967,41.784557],[24.881896,41.784596],[24.881781,41.784627],[24.881716,41.784675],[24.881385,41.785058],[24.881232,41.785157],[24.881162,41.78518],[24.880871,41.785197],[24.880644,41.785151],[24.880332,41.785145],[24.880142,41.785085],[24.879948,41.785003],[24.87984,41.784997],[24.879636,41.785056],[24.879478,41.785131],[24.87938,41.785236],[24.87932,41.785369],[24.879172,41.785487],[24.879043,41.785519],[24.878894,41.785524],[24.878205,41.785447],[24.878054,41.785412],[24.87793,41.785362],[24.877803,41.785275],[24.877685,41.785227],[24.877561,41.785191],[24.87744,41.785186],[24.877161,41.785364],[24.877,41.785424],[24.876635,41.785598],[24.876468,41.785741],[24.876359,41.785866],[24.876322,41.78592],[24.876309,41.785977],[24.8762,41.786108],[24.876184,41.786161],[24.876131,41.786198],[24.876034,41.786224],[24.876043,41.786296],[24.876001,41.786348],[24.875588,41.78675],[24.875396,41.786917],[24.875096,41.787097],[24.874665,41.787436],[24.874462,41.787553],[24.874375,41.787588],[24.874262,41.787662],[24.874202,41.787721],[24.874148,41.787813],[24.87406,41.787843],[24.873713,41.787845],[24.873592,41.787862],[24.873523,41.787895],[24.8733,41.787928],[24.873101,41.787953],[24.872931,41.787957],[24.872818,41.788062],[24.872774,41.788204],[24.872773,41.788293],[24.872817,41.788375],[24.872938,41.788475],[24.873447,41.788731],[24.873513,41.788796],[24.873697,41.789153],[24.873776,41.789236],[24.873922,41.78931],[24.874228,41.789333],[24.874494,41.789329],[24.875051,41.789359],[24.875643,41.789324],[24.875793,41.789345],[24.875866,41.789371],[24.876002,41.789462],[24.876434,41.78952],[24.876791,41.789535],[24.877325,41.789518],[24.878001,41.789536],[24.878259,41.789547],[24.878478,41.789614],[24.878583,41.789626],[24.879283,41.789598],[24.879666,41.789635],[24.879998,41.789728],[24.880522,41.789943],[24.880917,41.790077],[24.88103,41.790093],[24.881256,41.790161],[24.881798,41.790462],[24.882468,41.790768],[24.882625,41.79088],[24.883006,41.791049],[24.883601,41.79118],[24.883812,41.791281],[24.883977,41.791312],[24.884205,41.791313],[24.884436,41.791357],[24.884731,41.791386],[24.88486,41.79144],[24.884958,41.791498],[24.885177,41.791675],[24.885477,41.791871],[24.885771,41.792038],[24.885862,41.792118],[24.885909,41.792201],[24.886104,41.79241],[24.886569,41.792737],[24.887129,41.793054],[24.887231,41.793192],[24.88736,41.793306],[24.887909,41.793569],[24.887953,41.793672],[24.887959,41.793734],[24.887973,41.794318],[24.888026,41.794738],[24.888068,41.794796],[24.888305,41.795001],[24.888415,41.795128],[24.888474,41.79544],[24.888558,41.795577],[24.888625,41.795624],[24.888691,41.795824],[24.888753,41.795919],[24.888926,41.796094],[24.889245,41.796506],[24.889328,41.797006],[24.88936,41.797083],[24.889481,41.797203],[24.889543,41.797239],[24.889583,41.797245],[24.889647,41.797205],[24.889682,41.7972],[24.889706,41.79724],[24.889769,41.797287],[24.889902,41.797167],[24.889974,41.797172],[24.890253,41.79728],[24.890393,41.797369],[24.890978,41.797818],[24.891151,41.79791],[24.891712,41.798261],[24.892786,41.798804],[24.893378,41.799167],[24.894914,41.800025],[24.895037,41.800124],[24.895157,41.800524],[24.895199,41.80059],[24.895225,41.800617],[24.895341,41.800669],[24.89539,41.800716],[24.895292,41.800763],[24.895286,41.800787],[24.895749,41.800785],[24.896074,41.800826],[24.895923,41.800559],[24.895917,41.800514],[24.895703,41.800083],[24.895628,41.799319],[24.895537,41.799182],[24.895507,41.79882],[24.895477,41.798718],[24.895364,41.798512],[24.895291,41.798118],[24.895206,41.797856],[24.895174,41.797559],[24.895172,41.797333],[24.895203,41.797068],[24.895477,41.796534],[24.895613,41.796309],[24.895805,41.796051],[24.895925,41.796005],[24.896259,41.795964],[24.896426,41.795874],[24.896744,41.795582],[24.896838,41.795454],[24.896846,41.795329],[24.896774,41.795204],[24.896707,41.795154],[24.896706,41.795088],[24.896956,41.794835],[24.89696,41.794732],[24.896864,41.794582],[24.896832,41.794361],[24.896859,41.79425],[24.896942,41.79411],[24.896966,41.793745],[24.89687,41.793484],[24.896773,41.793309],[24.896519,41.793009],[24.89644,41.792874],[24.896304,41.79248],[24.896293,41.792132],[24.896253,41.79189],[24.896091,41.791494],[24.895997,41.791741],[24.895908,41.79191],[24.895852,41.792074],[24.89585,41.79217],[24.895763,41.792305],[24.895691,41.792308],[24.895339,41.791697],[24.895124,41.791454],[24.895064,41.791365],[24.894869,41.790917],[24.894746,41.790464],[24.894735,41.790184],[24.894817,41.789549],[24.894832,41.789284],[24.894812,41.789125],[24.894727,41.788799],[24.894663,41.78864],[24.894449,41.788304],[24.894406,41.788265],[24.894332,41.788097],[24.894075,41.787651]]]]},"properties":{"cadreg":1}},{"type":"Feature","geometry":{"type":"MultiPolygon","coordinates":[[[[24.877115,41.77892],[24.877123,41.779232],[24.876907,41.779309],[24.876359,41.779401],[24.876268,41.7794],[24.875975,41.779143],[24.875792,41.779039],[24.875518,41.779074],[24.875381,41.778925],[24.875087,41.77885],[24.874995,41.779148],[24.875006,41.779328],[24.874776,41.779483],[24.874664,41.77953],[24.874779,41.779647],[24.87495,41.779528],[24.875015,41.779446],[24.875153,41.779455],[24.875223,41.7797],[24.875167,41.779762],[24.874975,41.779776],[24.874878,41.77981],[24.874858,41.779872],[24.874955,41.779959],[24.875233,41.780107],[24.875268,41.780216],[24.875262,41.780376],[24.875359,41.780412],[24.875474,41.780411],[24.875565,41.780391],[24.875893,41.780244],[24.876077,41.780223],[24.876431,41.780278],[24.876698,41.780384],[24.876938,41.78044],[24.877052,41.780439],[24.87732,41.780501],[24.877384,41.780682],[24.877379,41.780756],[24.877427,41.780894],[24.877523,41.780934],[24.877606,41.780772],[24.877621,41.780593],[24.877554,41.780513],[24.877533,41.780278],[24.877568,41.780137],[24.877502,41.779976],[24.877437,41.779876],[24.877611,41.779775],[24.877755,41.779714],[24.877881,41.779591],[24.87799,41.779513],[24.878072,41.779479],[24.878279,41.779458],[24.878492,41.779491],[24.878578,41.779475],[24.87859,41.779399],[24.878572,41.779348],[24.878496,41.779297],[24.878304,41.779284],[24.878275,41.779227],[24.878294,41.779144],[24.878274,41.779099],[24.877901,41.778904],[24.877842,41.778853],[24.877847,41.778814],[24.877972,41.778755],[24.877975,41.778713],[24.877856,41.778413],[24.877805,41.778474],[24.877567,41.778652],[24.877316,41.778736],[24.877271,41.778796],[24.8772,41.778806],[24.877135,41.778864],[24.877115,41.77892]]],[[[24.87973,41.781499],[24.880012,41.781552],[24.880383,41.781662],[24.880288,41.781552],[24.880182,41.781468],[24.879951,41.78132],[24.879876,41.78124],[24.879813,41.781123],[24.879796,41.781052],[24.878968,41.780985],[24.879169,41.781461],[24.87973,41.781499]]]]},"properties":{"cadreg":2}},{"type":"Feature","geometry":{"type":"Polygon","coordinates":[[[24.883329,41.774818],[24.883271,41.774626],[24.883237,41.775078],[24.883134,41.775143],[24.882957,41.77516],[24.882699,41.775154],[24.882624,41.775125],[24.88256,41.77501],[24.882438,41.77456],[24.882283,41.774469],[24.882189,41.774467],[24.882093,41.774488],[24.88166,41.774745],[24.881601,41.774865],[24.881401,41.775055],[24.881099,41.7752],[24.881122,41.775208],[24.881129,41.775259],[24.881292,41.775183],[24.881355,41.775146],[24.881449,41.775047],[24.881565,41.774957],[24.881597,41.7749],[24.881619,41.774907],[24.881586,41.774967],[24.881467,41.775058],[24.881374,41.775159],[24.881075,41.775305],[24.88083,41.775452],[24.880607,41.775637],[24.880558,41.775739],[24.880481,41.77583],[24.880403,41.776007],[24.880376,41.776028],[24.88026,41.776222],[24.880174,41.776414],[24.880091,41.776527],[24.880015,41.77661],[24.879909,41.77669],[24.879668,41.776833],[24.879701,41.777089],[24.879698,41.777418],[24.879621,41.777725],[24.879714,41.777848],[24.879738,41.777938],[24.879691,41.778097],[24.879668,41.778297],[24.879714,41.778438],[24.879848,41.779486],[24.879994,41.779925],[24.879989,41.779992],[24.879927,41.780096],[24.879923,41.780151],[24.879973,41.780327],[24.880001,41.780565],[24.879984,41.780655],[24.879833,41.780961],[24.879818,41.781051],[24.879899,41.781221],[24.879983,41.781315],[24.880307,41.781541],[24.880406,41.781655],[24.880421,41.781761],[24.880368,41.781836],[24.880302,41.781879],[24.880196,41.781985],[24.88014,41.78207],[24.880087,41.782196],[24.880036,41.782399],[24.87993,41.782576],[24.879889,41.782698],[24.879782,41.782744],[24.879702,41.782807],[24.879612,41.782972],[24.879409,41.783253],[24.879314,41.783497],[24.87924,41.783911],[24.879173,41.783971],[24.879153,41.784027],[24.879108,41.784385],[24.878984,41.784571],[24.878887,41.784828],[24.878631,41.785137],[24.878494,41.785212],[24.878385,41.785239],[24.8782,41.785271],[24.877858,41.78529],[24.877817,41.785259],[24.877566,41.785173],[24.877435,41.785168],[24.877362,41.7852],[24.877148,41.785349],[24.876989,41.785409],[24.876619,41.785584],[24.876449,41.785731],[24.876339,41.785856],[24.876298,41.785915],[24.876287,41.785969],[24.876177,41.786101],[24.876162,41.786151],[24.876034,41.786224],[24.876131,41.786198],[24.876184,41.786161],[24.8762,41.786108],[24.876309,41.785977],[24.876322,41.78592],[24.876359,41.785866],[24.876468,41.785741],[24.876635,41.785598],[24.877,41.785424],[24.877161,41.785364],[24.87744,41.785186],[24.877561,41.785191],[24.877685,41.785227],[24.877803,41.785275],[24.87793,41.785362],[24.878054,41.785412],[24.878205,41.785447],[24.878894,41.785524],[24.879043,41.785519],[24.879172,41.785487],[24.87932,41.785369],[24.87938,41.785236],[24.879478,41.785131],[24.879636,41.785056],[24.87984,41.784997],[24.879948,41.785003],[24.880142,41.785085],[24.880332,41.785145],[24.880644,41.785151],[24.880871,41.785197],[24.881162,41.78518],[24.881232,41.785157],[24.881385,41.785058],[24.881716,41.784675],[24.881781,41.784627],[24.881896,41.784596],[24.881967,41.784557],[24.882119,41.784303],[24.882337,41.784099],[24.882593,41.784085],[24.882666,41.784056],[24.882733,41.78405],[24.883023,41.784077],[24.883299,41.784134],[24.883797,41.784333],[24.884116,41.784499],[24.884315,41.784681],[24.88451,41.784806],[24.88462,41.784859],[24.884702,41.784876],[24.885355,41.784859],[24.886905,41.784651],[24.887188,41.784626],[24.887642,41.784626],[24.887798,41.784642],[24.888007,41.784721],[24.888379,41.784913],[24.888674,41.784952],[24.888804,41.784987],[24.889109,41.785118],[24.889499,41.785166],[24.889503,41.785148],[24.88977,41.785192],[24.890566,41.785209],[24.891218,41.785145],[24.891787,41.785062],[24.891998,41.78486],[24.892363,41.784634],[24.894115,41.783713],[24.894582,41.783505],[24.895068,41.78333],[24.89527,41.783287],[24.895269,41.783229],[24.895523,41.783151],[24.895794,41.7831],[24.895933,41.783046],[24.89594,41.783107],[24.895905,41.783269],[24.895905,41.783365],[24.895747,41.783714],[24.895351,41.784413],[24.895278,41.784574],[24.895253,41.784744],[24.895288,41.784978],[24.895263,41.785701],[24.895234,41.786066],[24.895211,41.786148],[24.895123,41.786314],[24.894988,41.786468],[24.894732,41.786884],[24.894666,41.786953],[24.894472,41.787055],[24.894114,41.787318],[24.894054,41.787441],[24.894044,41.787506],[24.894049,41.787577],[24.894142,41.787788],[24.8942,41.78786],[24.894332,41.788097],[24.894406,41.788265],[24.894449,41.788304],[24.894663,41.78864],[24.894727,41.788799],[24.894812,41.789125],[24.894832,41.789284],[24.894824,41.789464],[24.894735,41.790184],[24.894734,41.790371],[24.894766,41.790561],[24.894869,41.790917],[24.895064,41.791365],[24.895124,41.791454],[24.895339,41.791697],[24.895691,41.792308],[24.895763,41.792305],[24.89585,41.79217],[24.895852,41.792074],[24.895908,41.79191],[24.895997,41.791741],[24.896091,41.791494],[24.895972,41.791206],[24.895974,41.790881],[24.896046,41.790722],[24.896273,41.790386],[24.89644,41.790193],[24.896757,41.789761],[24.89679,41.789623],[24.896763,41.789302],[24.896591,41.788874],[24.896529,41.788543],[24.896528,41.788179],[24.896668,41.787752],[24.896828,41.787494],[24.897121,41.787213],[24.897396,41.786877],[24.897491,41.786731],[24.897716,41.78651],[24.898068,41.786265],[24.898445,41.785915],[24.89878,41.785492],[24.899071,41.785165],[24.899255,41.785028],[24.89951,41.784905],[24.899936,41.784799],[24.900073,41.784685],[24.900158,41.784516],[24.900154,41.784361],[24.900189,41.784208],[24.900259,41.784063],[24.900349,41.783686],[24.90041,41.783553],[24.900426,41.78347],[24.900339,41.783339],[24.900284,41.783195],[24.900341,41.783119],[24.900581,41.782968],[24.900725,41.782691],[24.900941,41.782183],[24.900936,41.782039],[24.900893,41.781914],[24.900752,41.781667],[24.900706,41.781549],[24.900548,41.781445],[24.900413,41.781384],[24.900097,41.781191],[24.899935,41.780997],[24.899816,41.78089],[24.899273,41.780574],[24.89915,41.780471],[24.898885,41.780027],[24.898785,41.779917],[24.898649,41.779801],[24.89815,41.7795],[24.898037,41.779397],[24.897806,41.779236],[24.897587,41.779115],[24.897238,41.778871],[24.896771,41.778485],[24.89668,41.778364],[24.896381,41.77806],[24.896293,41.777922],[24.896279,41.777827],[24.896262,41.776613],[24.896337,41.776218],[24.896393,41.776093],[24.896947,41.775697],[24.897513,41.775323],[24.8976,41.775227],[24.897723,41.775181],[24.89799,41.775002],[24.898083,41.774962],[24.898142,41.774881],[24.898294,41.774783],[24.898954,41.774467],[24.899127,41.774406],[24.899608,41.774192],[24.899928,41.774024],[24.900349,41.773756],[24.90071,41.773484],[24.901199,41.773174],[24.9015,41.772933],[24.901587,41.772822],[24.901622,41.772678],[24.901636,41.77245],[24.901721,41.772118],[24.901895,41.771798],[24.901965,41.771717],[24.901997,41.771645],[24.90219,41.771434],[24.90232,41.77134],[24.90255,41.771223],[24.902576,41.771182],[24.902702,41.771084],[24.902841,41.770892],[24.902864,41.770782],[24.902838,41.770561],[24.902444,41.770226],[24.902285,41.770036],[24.90221,41.769821],[24.902057,41.769563],[24.901996,41.769409],[24.901962,41.769187],[24.901853,41.769164],[24.901838,41.769149],[24.901544,41.769163],[24.901408,41.769103],[24.901327,41.769041],[24.901315,41.768991],[24.901484,41.768912],[24.901401,41.76887],[24.901251,41.768861],[24.901099,41.768824],[24.900896,41.76873],[24.900886,41.76865],[24.901003,41.76856],[24.90095,41.768503],[24.900801,41.768507],[24.900711,41.768527],[24.900644,41.76858],[24.900422,41.768668],[24.900362,41.768668],[24.899719,41.768825],[24.899565,41.768841],[24.899281,41.768917],[24.898995,41.768956],[24.898892,41.769065],[24.898892,41.769127],[24.898912,41.769158],[24.899519,41.769616],[24.899886,41.769854],[24.899962,41.769917],[24.900001,41.769986],[24.899996,41.770058],[24.899904,41.770174],[24.899836,41.77023],[24.899488,41.770462],[24.899321,41.770594],[24.898983,41.77093],[24.898749,41.770947],[24.898544,41.771076],[24.898375,41.771085],[24.898316,41.771184],[24.898352,41.771284],[24.898411,41.771304],[24.898603,41.771309],[24.89844,41.771557],[24.898222,41.771793],[24.897923,41.771693],[24.897694,41.771575],[24.897588,41.771561],[24.897452,41.771593],[24.897292,41.771603],[24.897197,41.771591],[24.896955,41.771482],[24.896806,41.771354],[24.896731,41.771406],[24.896634,41.771436],[24.896533,41.771372],[24.896455,41.771346],[24.896178,41.771369],[24.895997,41.771511],[24.895844,41.771663],[24.895602,41.771982],[24.895519,41.772271],[24.895485,41.77247],[24.89542,41.772531],[24.895265,41.772537],[24.895175,41.772555],[24.894596,41.772739],[24.894309,41.772891],[24.894073,41.773062],[24.893632,41.773269],[24.893544,41.773326],[24.89338,41.773393],[24.893246,41.773418],[24.893047,41.773505],[24.892002,41.773791],[24.891389,41.773861],[24.891151,41.773863],[24.890706,41.773974],[24.890406,41.774067],[24.890286,41.774068],[24.890217,41.774093],[24.890075,41.774094],[24.88957,41.774058],[24.887853,41.77399],[24.887057,41.773998],[24.886663,41.773956],[24.886626,41.773947],[24.886659,41.773803],[24.886632,41.773612],[24.88651,41.773525],[24.886438,41.773502],[24.886326,41.773491],[24.886197,41.773501],[24.886043,41.773602],[24.886035,41.773879],[24.88592,41.77389],[24.885847,41.773985],[24.88581,41.774009],[24.885814,41.774042],[24.885871,41.774095],[24.884391,41.774132],[24.884217,41.77431],[24.884101,41.774967],[24.883835,41.774875],[24.883702,41.774917],[24.883533,41.774915],[24.883329,41.774818]]]},"properties":{"cadreg":3}},{"type":"Feature","geometry":{"type":"Polygon","coordinates":[[[24.897143,41.76948],[24.897276,41.769617],[24.89735,41.769626],[24.89745,41.769436],[24.897536,41.769405],[24.897671,41.769443],[24.898063,41.769379],[24.898495,41.769428],[24.898697,41.769396],[24.898745,41.76934],[24.898832,41.769301],[24.898892,41.769065],[24.898995,41.768956],[24.899281,41.768917],[24.899565,41.768841],[24.899719,41.768825],[24.900362,41.768668],[24.900422,41.768668],[24.900644,41.76858],[24.900711,41.768527],[24.900867,41.768501],[24.90095,41.768503],[24.901003,41.76856],[24.900886,41.76865],[24.900896,41.76873],[24.901099,41.768824],[24.901251,41.768861],[24.901401,41.76887],[24.901484,41.768912],[24.901315,41.768991],[24.901327,41.769041],[24.901408,41.769103],[24.901544,41.769163],[24.901838,41.769149],[24.901431,41.768803],[24.901141,41.768585],[24.901077,41.768477],[24.900988,41.767968],[24.900968,41.767586],[24.900795,41.766961],[24.900712,41.766753],[24.900595,41.766565],[24.900609,41.766448],[24.900648,41.766336],[24.900951,41.765764],[24.90092,41.765713],[24.900746,41.76561],[24.900502,41.765612],[24.900542,41.765864],[24.900152,41.766202],[24.900092,41.766282],[24.899943,41.76652],[24.899811,41.766857],[24.89982,41.767019],[24.899871,41.767262],[24.899823,41.767493],[24.89983,41.767561],[24.899924,41.76769],[24.900073,41.767814],[24.90012,41.767873],[24.900136,41.767932],[24.900098,41.768048],[24.899952,41.768178],[24.899345,41.768559],[24.899168,41.7687],[24.899044,41.768828],[24.898652,41.769005],[24.898554,41.769033],[24.898521,41.768958],[24.898124,41.768775],[24.898104,41.768752],[24.897741,41.76869],[24.896436,41.769068],[24.895676,41.769177],[24.895328,41.769285],[24.895309,41.769249],[24.895214,41.769229],[24.89509,41.76923],[24.894807,41.769181],[24.894708,41.76915],[24.894456,41.769151],[24.894411,41.769182],[24.894308,41.769384],[24.89419,41.769467],[24.894086,41.769565],[24.894062,41.76968],[24.894076,41.769736],[24.894122,41.769791],[24.894148,41.76981],[24.89418,41.769789],[24.894201,41.769893],[24.894449,41.769959],[24.894491,41.770152],[24.894644,41.77016],[24.8947,41.770238],[24.894553,41.770447],[24.894596,41.770502],[24.894816,41.770434],[24.894907,41.770349],[24.894927,41.770448],[24.894888,41.770572],[24.894995,41.770679],[24.895237,41.77078],[24.895341,41.770768],[24.89543,41.770624],[24.895795,41.770679],[24.896149,41.770288],[24.896395,41.770266],[24.896456,41.770244],[24.896739,41.770353],[24.896785,41.770398],[24.896956,41.770394],[24.89715,41.770361],[24.897387,41.77029],[24.897576,41.770267],[24.897733,41.770212],[24.897731,41.770184],[24.897611,41.770101],[24.897408,41.770049],[24.897169,41.769864],[24.896876,41.769685],[24.896776,41.769647],[24.896806,41.769529],[24.896921,41.769439],[24.897143,41.76948]]]},"properties":{"cadreg":4}},{"type":"Feature","geometry":{"type":"Polygon","coordinates":[[[24.881265,41.770423],[24.881574,41.770474],[24.881712,41.770609],[24.881766,41.770703],[24.881779,41.770819],[24.881876,41.770932],[24.881912,41.771012],[24.881939,41.771354],[24.882181,41.771717],[24.882674,41.772095],[24.883082,41.772174],[24.883308,41.772279],[24.88351,41.772543],[24.883647,41.772616],[24.88387,41.772663],[24.884114,41.77262],[24.884245,41.772648],[24.884387,41.772715],[24.884848,41.77266],[24.885019,41.772822],[24.885084,41.772979],[24.884864,41.773071],[24.88478,41.773161],[24.885029,41.773257],[24.885084,41.773504],[24.885081,41.773909],[24.884899,41.77406],[24.884665,41.774034],[24.884391,41.774132],[24.885871,41.774095],[24.885814,41.774042],[24.88581,41.774009],[24.885847,41.773985],[24.88592,41.77389],[24.886035,41.773879],[24.886043,41.773602],[24.886197,41.773501],[24.886326,41.773491],[24.886438,41.773502],[24.88651,41.773525],[24.886632,41.773612],[24.886659,41.773803],[24.886626,41.773947],[24.886663,41.773956],[24.887057,41.773998],[24.887853,41.77399],[24.88957,41.774058],[24.889977,41.774093],[24.890217,41.774093],[24.890286,41.774068],[24.890406,41.774067],[24.890706,41.773974],[24.891151,41.773863],[24.891389,41.773861],[24.892002,41.773791],[24.893047,41.773505],[24.893246,41.773418],[24.89338,41.773393],[24.893544,41.773326],[24.893632,41.773269],[24.894073,41.773062],[24.894309,41.772891],[24.894596,41.772739],[24.895175,41.772555],[24.895265,41.772537],[24.89542,41.772531],[24.895485,41.77247],[24.895519,41.772271],[24.895602,41.771982],[24.895844,41.771663],[24.895997,41.771511],[24.896178,41.771369],[24.896455,41.771346],[24.896533,41.771372],[24.896634,41.771436],[24.896731,41.771406],[24.896806,41.771354],[24.896955,41.771482],[24.897197,41.771591],[24.897292,41.771603],[24.897452,41.771593],[24.897588,41.771561],[24.897694,41.771575],[24.897923,41.771693],[24.898222,41.771793],[24.89844,41.771557],[24.898603,41.771309],[24.898411,41.771304],[24.898352,41.771284],[24.898316,41.771184],[24.898375,41.771085],[24.898544,41.771076],[24.898749,41.770947],[24.898983,41.77093],[24.899321,41.770594],[24.899904,41.770174],[24.899996,41.770058],[24.900001,41.769986],[24.899962,41.769917],[24.899886,41.769854],[24.899519,41.769616],[24.898951,41.769194],[24.898892,41.769127],[24.898892,41.769065],[24.898832,41.769301],[24.898745,41.76934],[24.898697,41.769396],[24.898495,41.769428],[24.898063,41.769379],[24.897671,41.769443],[24.897536,41.769405],[24.89745,41.769436],[24.89735,41.769626],[24.897276,41.769617],[24.897143,41.76948],[24.896921,41.769439],[24.896806,41.769529],[24.896776,41.769647],[24.896876,41.769685],[24.897169,41.769864],[24.897408,41.770049],[24.897611,41.770101],[24.897731,41.770184],[24.897733,41.770212],[24.897576,41.770267],[24.897387,41.77029],[24.89715,41.770361],[24.896956,41.770394],[24.896785,41.770398],[24.896739,41.770353],[24.896456,41.770244],[24.896395,41.770266],[24.896149,41.770288],[24.895795,41.770679],[24.89543,41.770624],[24.895341,41.770768],[24.895237,41.77078],[24.894995,41.770679],[24.894888,41.770572],[24.894927,41.770448],[24.894907,41.770349],[24.894816,41.770434],[24.894596,41.770502],[24.894553,41.770447],[24.8947,41.770238],[24.894644,41.77016],[24.894491,41.770152],[24.89418,41.770226],[24.893474,41.770279],[24.89191,41.770291],[24.891771,41.770355],[24.891687,41.770362],[24.891512,41.770353],[24.891322,41.770301],[24.890902,41.770296],[24.890555,41.770248],[24.890301,41.770339],[24.890039,41.770367],[24.889871,41.770277],[24.889835,41.770209],[24.889755,41.770139],[24.889586,41.770067],[24.889528,41.770171],[24.889369,41.770203],[24.888745,41.77016],[24.888023,41.770338],[24.887968,41.770615],[24.887643,41.770679],[24.88748,41.7708],[24.887597,41.771088],[24.88751,41.771159],[24.887475,41.771219],[24.88737,41.771275],[24.887314,41.771326],[24.887227,41.771362],[24.886396,41.771373],[24.885914,41.771417],[24.885764,41.771402],[24.885364,41.771192],[24.885053,41.771125],[24.884922,41.77107],[24.884631,41.770935],[24.88442,41.770809],[24.883929,41.770586],[24.883859,41.770504],[24.883665,41.770164],[24.883565,41.770042],[24.883459,41.769947],[24.882974,41.769632],[24.882838,41.769496],[24.882694,41.769224],[24.882563,41.768883],[24.882455,41.768707],[24.882352,41.768621],[24.882312,41.768567],[24.882149,41.768288],[24.8818,41.767989],[24.881556,41.76786],[24.881526,41.767866],[24.881783,41.768002],[24.882128,41.768296],[24.882289,41.768574],[24.882333,41.768632],[24.882433,41.768716],[24.882541,41.76889],[24.882671,41.769228],[24.882817,41.769506],[24.882956,41.769644],[24.883398,41.76993],[24.883546,41.770053],[24.883644,41.770172],[24.883837,41.770512],[24.883913,41.770601],[24.884406,41.770824],[24.884618,41.770949],[24.88491,41.771085],[24.885043,41.771141],[24.885239,41.771192],[24.885107,41.771194],[24.884258,41.771052],[24.883851,41.770915],[24.883259,41.770622],[24.882934,41.770484],[24.88255,41.770222],[24.882185,41.769996],[24.881979,41.769932],[24.881651,41.769862],[24.881536,41.769851],[24.880885,41.769881],[24.880696,41.769914],[24.880617,41.769944],[24.880556,41.769994],[24.880427,41.770257],[24.880375,41.770308],[24.880405,41.770466],[24.880369,41.770585],[24.880166,41.770489],[24.880076,41.770372],[24.879444,41.770383],[24.879324,41.770398],[24.87907,41.770465],[24.878584,41.770682],[24.878161,41.770935],[24.878046,41.770988],[24.87792,41.771018],[24.877787,41.771032],[24.877647,41.771026],[24.876586,41.770887],[24.876485,41.770923],[24.876468,41.77099],[24.876477,41.771037],[24.87651,41.771146],[24.876668,41.771478],[24.876706,41.771459],[24.876833,41.771458],[24.877062,41.771499],[24.877266,41.771596],[24.877492,41.771742],[24.877636,41.771862],[24.877695,41.771884],[24.877816,41.771886],[24.877843,41.771832],[24.878001,41.771668],[24.878096,41.771607],[24.878375,41.771495],[24.878667,41.771434],[24.878811,41.771483],[24.879039,41.771498],[24.879267,41.771625],[24.879362,41.771773],[24.879421,41.771944],[24.8796,41.772143],[24.879657,41.772168],[24.879816,41.772158],[24.880068,41.772066],[24.880152,41.772091],[24.880393,41.77222],[24.880434,41.772258],[24.880535,41.77244],[24.880603,41.772445],[24.880538,41.772254],[24.880488,41.771999],[24.880596,41.772138],[24.880882,41.772388],[24.881016,41.77248],[24.881087,41.77249],[24.881106,41.772467],[24.881097,41.772435],[24.8808,41.772167],[24.88062,41.772039],[24.880524,41.771911],[24.880513,41.771777],[24.880548,41.771683],[24.880646,41.771674],[24.880736,41.771695],[24.880779,41.771692],[24.880814,41.771639],[24.880907,41.771335],[24.880943,41.771304],[24.880956,41.770905],[24.881032,41.77064],[24.881156,41.77045],[24.881265,41.770423]]]},"properties":{"cadreg":5}},{"type":"Feature","geometry":{"type":"Polygon","coordinates":[[[24.884981,41.767611],[24.884235,41.767709],[24.883787,41.767727],[24.883431,41.767764],[24.883113,41.767777],[24.883061,41.767819],[24.882928,41.767884],[24.88277,41.767942],[24.882709,41.76796],[24.882443,41.767987],[24.882297,41.767968],[24.88213,41.767912],[24.881949,41.767883],[24.881556,41.76786],[24.8818,41.767989],[24.882149,41.768288],[24.882312,41.768567],[24.882352,41.768621],[24.882455,41.768707],[24.882563,41.768883],[24.882694,41.769224],[24.882838,41.769496],[24.882974,41.769632],[24.883459,41.769947],[24.883565,41.770042],[24.883665,41.770164],[24.883859,41.770504],[24.883929,41.770586],[24.88442,41.770809],[24.884631,41.770935],[24.885053,41.771125],[24.885364,41.771192],[24.885764,41.771402],[24.885914,41.771417],[24.886396,41.771373],[24.887123,41.771372],[24.887227,41.771362],[24.887314,41.771326],[24.88737,41.771275],[24.887475,41.771219],[24.88751,41.771159],[24.887597,41.771088],[24.88748,41.7708],[24.887643,41.770679],[24.887968,41.770615],[24.888023,41.770338],[24.888745,41.77016],[24.889369,41.770203],[24.889528,41.770171],[24.889586,41.770067],[24.889755,41.770139],[24.889835,41.770209],[24.889871,41.770277],[24.890039,41.770367],[24.890301,41.770339],[24.890555,41.770248],[24.890902,41.770296],[24.891322,41.770301],[24.891512,41.770353],[24.891687,41.770362],[24.891771,41.770355],[24.89191,41.770291],[24.893474,41.770279],[24.89418,41.770226],[24.894243,41.770203],[24.894433,41.770171],[24.894491,41.770152],[24.894449,41.769959],[24.894201,41.769893],[24.89418,41.769789],[24.894148,41.76981],[24.894096,41.769767],[24.894062,41.769649],[24.894086,41.769565],[24.89419,41.769467],[24.894308,41.769384],[24.894411,41.769182],[24.894456,41.769151],[24.894708,41.76915],[24.894807,41.769181],[24.89509,41.76923],[24.895214,41.769229],[24.895309,41.769249],[24.895328,41.769285],[24.895676,41.769177],[24.896436,41.769068],[24.897741,41.76869],[24.898104,41.768752],[24.898282,41.768697],[24.89839,41.768617],[24.898329,41.768563],[24.898313,41.768492],[24.898256,41.768449],[24.898179,41.768425],[24.898078,41.768425],[24.897956,41.768511],[24.897909,41.768577],[24.897839,41.768628],[24.897693,41.768552],[24.897589,41.768523],[24.897491,41.768402],[24.897423,41.768377],[24.897218,41.768378],[24.897049,41.76833],[24.896848,41.768324],[24.896544,41.768247],[24.896315,41.768231],[24.896093,41.768181],[24.895612,41.768028],[24.895351,41.767989],[24.895039,41.767996],[24.894488,41.768077],[24.894439,41.768069],[24.894344,41.768008],[24.894105,41.768072],[24.893761,41.768139],[24.893461,41.768275],[24.893158,41.768373],[24.892938,41.768424],[24.892758,41.768489],[24.892509,41.768553],[24.892182,41.76861],[24.891843,41.76861],[24.89167,41.768584],[24.891519,41.768558],[24.891215,41.768447],[24.890991,41.768409],[24.89083,41.768406],[24.890726,41.76843],[24.890375,41.76846],[24.889667,41.768455],[24.889195,41.768374],[24.888957,41.76835],[24.888396,41.768156],[24.888126,41.768082],[24.887956,41.768006],[24.887582,41.767935],[24.886862,41.767943],[24.886757,41.767902],[24.886548,41.767867],[24.885891,41.767696],[24.885808,41.767643],[24.885538,41.767593],[24.884981,41.767611]]]},"properties":{"cadreg":6}},{"type":"Feature","geometry":{"type":"Polygon","coordinates":[[[24.879657,41.772168],[24.8796,41.772143],[24.879445,41.771978],[24.879362,41.771773],[24.879267,41.771625],[24.879039,41.771498],[24.878811,41.771483],[24.878667,41.771434],[24.878375,41.771495],[24.878044,41.771639],[24.877932,41.771733],[24.877843,41.771832],[24.877816,41.771886],[24.877736,41.77189],[24.877636,41.771862],[24.877492,41.771742],[24.877266,41.771596],[24.877062,41.771499],[24.876833,41.771458],[24.876706,41.771459],[24.876649,41.771488],[24.876655,41.77155],[24.87673,41.771626],[24.876726,41.771771],[24.876946,41.772314],[24.876878,41.77247],[24.87685,41.772596],[24.876373,41.773114],[24.876283,41.773182],[24.876177,41.77323],[24.875953,41.773288],[24.875677,41.773279],[24.875429,41.773236],[24.875185,41.773142],[24.87499,41.773215],[24.874914,41.773361],[24.874859,41.773559],[24.87507,41.77331],[24.875203,41.774142],[24.875618,41.774013],[24.875976,41.774037],[24.875978,41.774122],[24.875822,41.774297],[24.875488,41.774489],[24.875255,41.774517],[24.874806,41.774633],[24.874518,41.774772],[24.875064,41.77476],[24.875206,41.774767],[24.875323,41.774789],[24.875387,41.77482],[24.875459,41.774807],[24.875456,41.77491],[24.875895,41.775276],[24.876563,41.775144],[24.876601,41.774979],[24.876822,41.774972],[24.877454,41.774607],[24.877637,41.774565],[24.877769,41.774613],[24.878055,41.774471],[24.878062,41.774228],[24.877994,41.773983],[24.87788,41.77385],[24.877981,41.773498],[24.878411,41.773535],[24.87839,41.773549],[24.878431,41.773587],[24.878558,41.773621],[24.878545,41.773653],[24.878562,41.77376],[24.878814,41.773813],[24.879082,41.773963],[24.879126,41.774278],[24.879108,41.774595],[24.879236,41.774796],[24.879451,41.774843],[24.879834,41.774893],[24.879934,41.774951],[24.879929,41.775109],[24.879874,41.775146],[24.879984,41.775205],[24.880038,41.77516],[24.880316,41.775032],[24.880419,41.775087],[24.880308,41.775441],[24.880772,41.775453],[24.880815,41.775393],[24.88097,41.775345],[24.881129,41.775259],[24.881122,41.775208],[24.881099,41.7752],[24.881401,41.775055],[24.881601,41.774865],[24.88166,41.774745],[24.882093,41.774488],[24.882189,41.774467],[24.882283,41.774469],[24.882438,41.77456],[24.88256,41.77501],[24.882624,41.775125],[24.882699,41.775154],[24.882957,41.77516],[24.883134,41.775143],[24.883237,41.775078],[24.883271,41.774626],[24.883329,41.774818],[24.883533,41.774915],[24.883702,41.774917],[24.883835,41.774875],[24.884101,41.774967],[24.884217,41.77431],[24.884397,41.774126],[24.884665,41.774034],[24.884899,41.77406],[24.885081,41.773909],[24.885084,41.773504],[24.885029,41.773257],[24.88478,41.773161],[24.884864,41.773071],[24.885084,41.772979],[24.885019,41.772822],[24.884848,41.77266],[24.884387,41.772715],[24.884245,41.772648],[24.884114,41.77262],[24.88387,41.772663],[24.883647,41.772616],[24.88351,41.772543],[24.883308,41.772279],[24.883082,41.772174],[24.882674,41.772095],[24.882181,41.771717],[24.881939,41.771354],[24.881912,41.771012],[24.881876,41.770932],[24.881779,41.770819],[24.881766,41.770703],[24.881712,41.770609],[24.881574,41.770474],[24.881265,41.770423],[24.881156,41.77045],[24.881032,41.77064],[24.880956,41.770905],[24.880943,41.771304],[24.880907,41.771335],[24.880837,41.771597],[24.880779,41.771692],[24.880578,41.771674],[24.880548,41.771683],[24.880518,41.771746],[24.880513,41.771878],[24.8806,41.772014],[24.88065,41.772072],[24.8808,41.772167],[24.881097,41.772435],[24.881106,41.772467],[24.881087,41.77249],[24.881016,41.77248],[24.880882,41.772388],[24.880596,41.772138],[24.880488,41.771999],[24.880538,41.772254],[24.880603,41.772445],[24.880535,41.77244],[24.880434,41.772258],[24.880393,41.77222],[24.880152,41.772091],[24.880068,41.772066],[24.879816,41.772158],[24.879657,41.772168]]]},"properties":{"cadreg":7}},{"type":"Feature","geometry":{"type":"Polygon","coordinates":[[[24.874913,41.768953],[24.874448,41.769069],[24.874287,41.769032],[24.874137,41.768954],[24.874053,41.769005],[24.873909,41.769195],[24.873866,41.769473],[24.873931,41.769621],[24.873949,41.769898],[24.873707,41.770099],[24.873463,41.770152],[24.87333,41.770292],[24.873346,41.77046],[24.87352,41.770518],[24.873572,41.770636],[24.873748,41.770793],[24.873752,41.770941],[24.873656,41.771071],[24.873479,41.771042],[24.87314,41.771062],[24.872895,41.77119],[24.872824,41.771392],[24.872506,41.771577],[24.872658,41.771658],[24.872689,41.771735],[24.87261,41.771831],[24.8725,41.771936],[24.872408,41.771989],[24.872385,41.77203],[24.87255,41.77219],[24.871724,41.772285],[24.87145,41.772115],[24.871157,41.77186],[24.871268,41.772032],[24.87137,41.772135],[24.871422,41.772224],[24.871457,41.77242],[24.871547,41.772738],[24.871546,41.772808],[24.871485,41.772984],[24.871808,41.773054],[24.87213,41.77324],[24.872622,41.773442],[24.873104,41.773602],[24.87336,41.773643],[24.874401,41.773719],[24.874739,41.773667],[24.874859,41.773559],[24.874914,41.773361],[24.87499,41.773215],[24.875185,41.773142],[24.875429,41.773236],[24.875677,41.773279],[24.875953,41.773288],[24.876177,41.77323],[24.876283,41.773182],[24.876373,41.773114],[24.87685,41.772596],[24.876878,41.77247],[24.876946,41.772314],[24.876726,41.771771],[24.87673,41.771626],[24.876655,41.77155],[24.876649,41.771488],[24.876668,41.771478],[24.87651,41.771146],[24.876468,41.77099],[24.876485,41.770923],[24.876586,41.770887],[24.876667,41.770892],[24.877097,41.77096],[24.877647,41.771026],[24.877787,41.771032],[24.87792,41.771018],[24.878046,41.770988],[24.878161,41.770935],[24.878584,41.770682],[24.87907,41.770465],[24.879324,41.770398],[24.879444,41.770383],[24.880076,41.770372],[24.880166,41.770489],[24.880369,41.770585],[24.880405,41.770466],[24.880375,41.770308],[24.880427,41.770257],[24.880556,41.769994],[24.880617,41.769944],[24.880785,41.769895],[24.881536,41.769851],[24.881651,41.769862],[24.882091,41.769959],[24.882273,41.770043],[24.882934,41.770484],[24.883259,41.770622],[24.883851,41.770915],[24.884258,41.771052],[24.885107,41.771194],[24.885239,41.771192],[24.885043,41.771141],[24.88491,41.771085],[24.884618,41.770949],[24.884406,41.770824],[24.883913,41.770601],[24.883837,41.770512],[24.883644,41.770172],[24.883546,41.770053],[24.883398,41.76993],[24.882956,41.769644],[24.882817,41.769506],[24.882671,41.769228],[24.882607,41.769049],[24.882535,41.769116],[24.882468,41.76914],[24.882327,41.769125],[24.882096,41.769044],[24.881881,41.769009],[24.881676,41.769008],[24.881537,41.76906],[24.88139,41.769068],[24.881029,41.769202],[24.880923,41.769209],[24.880253,41.769059],[24.879782,41.76906],[24.879686,41.769067],[24.879556,41.769175],[24.879484,41.769197],[24.878851,41.769213],[24.878381,41.76927],[24.877881,41.768888],[24.877793,41.768843],[24.877629,41.768796],[24.877494,41.768777],[24.877279,41.768773],[24.877073,41.76879],[24.876971,41.768812],[24.876828,41.768873],[24.876676,41.768896],[24.876394,41.768908],[24.876228,41.768857],[24.876066,41.768777],[24.875931,41.768734],[24.875842,41.768722],[24.87529,41.768722],[24.875074,41.768644],[24.874929,41.768695],[24.874913,41.768953]]]},"properties":{"cadreg":8}},{"type":"Feature","geometry":{"type":"Polygon","coordinates":[[[24.871307,41.768817],[24.871659,41.76909],[24.871831,41.769097],[24.872001,41.769026],[24.872073,41.768896],[24.871945,41.76871],[24.87173,41.768485],[24.871689,41.768237],[24.871514,41.768189],[24.871317,41.768192],[24.871118,41.768115],[24.871057,41.768136],[24.870999,41.768245],[24.87089,41.768346],[24.870856,41.768486],[24.870858,41.768565],[24.871307,41.768817]]]},"properties":{"cadreg":9}},{"type":"Feature","geometry":{"type":"MultiPolygon","coordinates":[[[[24.866208,41.771806],[24.866176,41.771906],[24.866097,41.771984],[24.866084,41.771817],[24.865981,41.771871],[24.865782,41.771919],[24.865791,41.771833],[24.865825,41.771786],[24.865804,41.771709],[24.865687,41.771631],[24.865594,41.771617],[24.8654,41.771689],[24.865222,41.771776],[24.865079,41.771941],[24.864996,41.772105],[24.86473,41.772019],[24.864203,41.771996],[24.864112,41.772097],[24.864227,41.772231],[24.864236,41.772297],[24.86395,41.772356],[24.863544,41.7724],[24.863312,41.772502],[24.863132,41.772533],[24.86312,41.772688],[24.863084,41.772733],[24.86286,41.7728],[24.862627,41.772837],[24.862546,41.772872],[24.862516,41.773049],[24.862427,41.773118],[24.861963,41.772897],[24.861852,41.772928],[24.861776,41.772897],[24.861681,41.772924],[24.861634,41.772995],[24.861318,41.773249],[24.861321,41.773389],[24.861295,41.773441],[24.861307,41.773529],[24.861404,41.773673],[24.861492,41.773763],[24.861538,41.773777],[24.861668,41.773883],[24.861746,41.773999],[24.861749,41.774125],[24.861699,41.774247],[24.861654,41.77444],[24.86157,41.774602],[24.861397,41.774826],[24.861422,41.774921],[24.861551,41.775095],[24.861612,41.7753],[24.861573,41.775513],[24.861645,41.775683],[24.861622,41.775708],[24.861573,41.775719],[24.861594,41.775778],[24.861868,41.775744],[24.862615,41.775597],[24.863154,41.775573],[24.863456,41.77562],[24.863823,41.775855],[24.864008,41.775954],[24.864239,41.776111],[24.864442,41.776207],[24.864619,41.776246],[24.8649,41.776232],[24.865253,41.776148],[24.865389,41.776142],[24.865666,41.7761],[24.865788,41.776063],[24.866141,41.776004],[24.866282,41.775995],[24.866485,41.776009],[24.866925,41.776088],[24.867312,41.776196],[24.867975,41.776347],[24.868556,41.776525],[24.868888,41.776598],[24.869053,41.776657],[24.869178,41.776733],[24.869246,41.776741],[24.869505,41.776728],[24.869652,41.776693],[24.869961,41.776549],[24.870004,41.776505],[24.870019,41.776408],[24.869995,41.776406],[24.86998,41.7765],[24.869946,41.776535],[24.869642,41.776676],[24.869416,41.776716],[24.869189,41.776716],[24.869065,41.776641],[24.868897,41.776581],[24.868535,41.776494],[24.868608,41.776399],[24.868897,41.776148],[24.869078,41.776047],[24.869218,41.776047],[24.869369,41.775931],[24.869581,41.775823],[24.869747,41.775815],[24.869745,41.775784],[24.869668,41.775704],[24.869548,41.775657],[24.869241,41.775634],[24.868985,41.775556],[24.869249,41.775401],[24.869427,41.775141],[24.869633,41.775001],[24.869254,41.774508],[24.869201,41.774471],[24.869405,41.774371],[24.869509,41.774352],[24.869657,41.774357],[24.869739,41.774381],[24.86989,41.774328],[24.870011,41.774309],[24.870398,41.774309],[24.870806,41.774276],[24.870911,41.77428],[24.871005,41.774292],[24.871199,41.774369],[24.871301,41.774486],[24.871551,41.77493],[24.871618,41.775],[24.871656,41.775083],[24.871691,41.775452],[24.871773,41.775582],[24.871854,41.775596],[24.871898,41.775581],[24.871914,41.77553],[24.872054,41.77545],[24.872141,41.775449],[24.872199,41.77541],[24.872277,41.775199],[24.872325,41.775196],[24.872363,41.775142],[24.872476,41.775245],[24.873243,41.775358],[24.873557,41.775617],[24.873486,41.775952],[24.873664,41.776006],[24.873742,41.775864],[24.87393,41.775806],[24.874126,41.77585],[24.874223,41.775898],[24.874511,41.775898],[24.874563,41.775948],[24.874619,41.776055],[24.87463,41.776158],[24.874629,41.776213],[24.874571,41.776335],[24.874563,41.776449],[24.874749,41.77669],[24.87481,41.776803],[24.874821,41.776883],[24.874818,41.777104],[24.874746,41.777299],[24.874667,41.777406],[24.874586,41.777441],[24.87456,41.777478],[24.874558,41.777687],[24.87459,41.777761],[24.87471,41.777852],[24.874794,41.77786],[24.875093,41.777833],[24.875137,41.777759],[24.875174,41.77764],[24.875199,41.777463],[24.875312,41.777375],[24.875452,41.777301],[24.875578,41.777261],[24.875788,41.777243],[24.875983,41.777178],[24.876429,41.777073],[24.876506,41.777034],[24.876528,41.776984],[24.876494,41.776818],[24.876451,41.776691],[24.876406,41.776657],[24.875988,41.776464],[24.875892,41.776462],[24.875826,41.776473],[24.875739,41.776515],[24.87568,41.776513],[24.875506,41.776285],[24.875439,41.776223],[24.875454,41.776151],[24.875567,41.775951],[24.875561,41.775831],[24.875503,41.775715],[24.875422,41.775606],[24.875187,41.775436],[24.875149,41.7753],[24.875174,41.775232],[24.875289,41.775135],[24.875279,41.77489],[24.875342,41.774833],[24.875387,41.77482],[24.875323,41.774789],[24.875206,41.774767],[24.874518,41.774772],[24.874806,41.774633],[24.875255,41.774517],[24.875488,41.774489],[24.875822,41.774297],[24.875978,41.774122],[24.875976,41.774037],[24.875618,41.774013],[24.875203,41.774142],[24.87507,41.77331],[24.874859,41.773559],[24.874739,41.773667],[24.874401,41.773719],[24.87336,41.773643],[24.873104,41.773602],[24.872622,41.773442],[24.87213,41.77324],[24.871808,41.773054],[24.871485,41.772984],[24.871546,41.772808],[24.871547,41.772738],[24.871457,41.77242],[24.871422,41.772224],[24.87137,41.772135],[24.871268,41.772032],[24.871157,41.77186],[24.87145,41.772115],[24.871724,41.772285],[24.87255,41.77219],[24.872385,41.77203],[24.872408,41.771989],[24.8725,41.771936],[24.87261,41.771831],[24.872689,41.771735],[24.872658,41.771658],[24.87246,41.771552],[24.87238,41.771536],[24.872308,41.771432],[24.872167,41.771379],[24.871974,41.77134],[24.871849,41.771271],[24.871821,41.771153],[24.871769,41.771112],[24.871466,41.771022],[24.871088,41.770953],[24.870571,41.770744],[24.870245,41.770798],[24.870084,41.77077],[24.869943,41.770792],[24.869871,41.770882],[24.869886,41.770981],[24.870022,41.771019],[24.87002,41.771182],[24.869947,41.771247],[24.869787,41.771225],[24.869712,41.771276],[24.869501,41.771209],[24.869406,41.771217],[24.869327,41.771253],[24.869264,41.771205],[24.869036,41.771082],[24.868915,41.771133],[24.868818,41.771389],[24.868308,41.771059],[24.868177,41.771011],[24.868285,41.771159],[24.868282,41.771298],[24.868192,41.771403],[24.868449,41.771577],[24.868087,41.771651],[24.867901,41.771839],[24.867706,41.771921],[24.867311,41.772012],[24.867145,41.77201],[24.866999,41.771838],[24.866862,41.771731],[24.866702,41.771738],[24.866521,41.771899],[24.86652,41.771882],[24.866484,41.771882],[24.866489,41.771759],[24.866354,41.771751],[24.866208,41.771806]]],[[[24.868284,41.770346],[24.868159,41.770258],[24.868035,41.770244],[24.867835,41.770391],[24.867798,41.770356],[24.867781,41.770194],[24.867662,41.770096],[24.867261,41.770061],[24.866967,41.770174],[24.866714,41.770461],[24.866714,41.770611],[24.86674,41.770662],[24.866862,41.770681],[24.867075,41.770583],[24.867125,41.770612],[24.867116,41.770737],[24.867317,41.770903],[24.867465,41.770891],[24.867621,41.770983],[24.867676,41.770983],[24.867741,41.770877],[24.867846,41.770891],[24.868031,41.770984],[24.868121,41.770992],[24.868219,41.770987],[24.868342,41.770946],[24.868452,41.770858],[24.868561,41.770827],[24.868884,41.770828],[24.869104,41.770873],[24.869183,41.770872],[24.869206,41.770831],[24.869163,41.770783],[24.869089,41.770745],[24.868911,41.770592],[24.868674,41.77044],[24.868494,41.770383],[24.868284,41.770346]]],[[[24.867753,41.771296],[24.867602,41.771421],[24.867633,41.7715],[24.867715,41.771567],[24.867803,41.771573],[24.867931,41.771512],[24.867985,41.771452],[24.86799,41.771412],[24.867753,41.771296]]]]},"properties":{"cadreg":10}},{"type":"Feature","geometry":{"type":"Polygon","coordinates":[[[24.871101,41.776323],[24.870784,41.776112],[24.870666,41.775968],[24.870642,41.775774],[24.870648,41.775468],[24.870609,41.775457],[24.870591,41.775478],[24.870474,41.775497],[24.870245,41.775505],[24.870149,41.775529],[24.870092,41.775568],[24.870086,41.775618],[24.870111,41.775682],[24.87014,41.775699],[24.870329,41.775704],[24.870362,41.775732],[24.870371,41.775797],[24.870247,41.775881],[24.870237,41.775941],[24.870262,41.776063],[24.870183,41.776125],[24.870044,41.776138],[24.869989,41.776098],[24.869932,41.776028],[24.869872,41.775856],[24.869751,41.775876],[24.869747,41.775815],[24.869581,41.775823],[24.869369,41.775931],[24.869218,41.776047],[24.869078,41.776047],[24.868897,41.776148],[24.868608,41.776399],[24.868535,41.776494],[24.868897,41.776581],[24.869065,41.776641],[24.869189,41.776716],[24.869416,41.776716],[24.869642,41.776676],[24.869946,41.776535],[24.86998,41.7765],[24.869995,41.776406],[24.870019,41.776408],[24.870011,41.776466],[24.870455,41.776787],[24.870678,41.776892],[24.870777,41.776891],[24.87086,41.776722],[24.87113,41.776699],[24.871312,41.776627],[24.87131,41.776528],[24.871135,41.776392],[24.871101,41.776323]]]},"properties":{"cadreg":11}},{"type":"Feature","geometry":{"type":"Polygon","coordinates":[[[24.854664,41.771206],[24.854679,41.77133],[24.854735,41.771379],[24.854738,41.771487],[24.854838,41.771531],[24.854998,41.771543],[24.855048,41.771582],[24.855081,41.771671],[24.855062,41.771772],[24.85489,41.771769],[24.854675,41.771811],[24.854642,41.771732],[24.854568,41.771689],[24.854298,41.771712],[24.854263,41.77156],[24.854183,41.771541],[24.854038,41.771671],[24.853907,41.771831],[24.853891,41.77197],[24.853819,41.772016],[24.853712,41.771913],[24.853612,41.77185],[24.853392,41.771897],[24.853191,41.771964],[24.853057,41.772069],[24.852922,41.77214],[24.852776,41.772171],[24.852703,41.772266],[24.852557,41.772272],[24.852345,41.772334],[24.852226,41.77248],[24.852003,41.77267],[24.852004,41.772739],[24.851963,41.772824],[24.851884,41.772885],[24.851799,41.772906],[24.851727,41.772986],[24.85168,41.77306],[24.851693,41.773139],[24.851751,41.773222],[24.8519,41.77328],[24.852202,41.773361],[24.852486,41.773381],[24.852567,41.7734],[24.852713,41.773369],[24.852798,41.773294],[24.852857,41.773204],[24.852892,41.773099],[24.852986,41.773079],[24.853098,41.773106],[24.853161,41.773204],[24.853197,41.773343],[24.853285,41.773401],[24.853294,41.773554],[24.853436,41.773675],[24.853471,41.773808],[24.853578,41.773916],[24.853702,41.774003],[24.853794,41.774012],[24.853932,41.773907],[24.854029,41.77366],[24.854158,41.773498],[24.854385,41.773495],[24.854502,41.773468],[24.854556,41.773374],[24.854562,41.773281],[24.854635,41.773225],[24.854732,41.773195],[24.854795,41.773199],[24.854921,41.773356],[24.855033,41.773444],[24.855225,41.773501],[24.855454,41.773527],[24.855604,41.773504],[24.855694,41.773435],[24.855775,41.773568],[24.855964,41.773784],[24.855993,41.773847],[24.856137,41.773994],[24.85616,41.774077],[24.856632,41.774151],[24.856932,41.774174],[24.85708,41.77425],[24.857195,41.774335],[24.857531,41.774656],[24.857747,41.774928],[24.857883,41.775009],[24.858036,41.775065],[24.858868,41.775367],[24.859205,41.775466],[24.859376,41.775472],[24.859594,41.775452],[24.860158,41.775341],[24.860311,41.775325],[24.860767,41.775328],[24.861019,41.775376],[24.861282,41.775561],[24.861282,41.775544],[24.861027,41.775364],[24.860769,41.775314],[24.860309,41.775311],[24.860155,41.775328],[24.859592,41.775438],[24.859376,41.775459],[24.859208,41.775452],[24.858876,41.775354],[24.857893,41.774998],[24.857761,41.774918],[24.857546,41.774647],[24.857208,41.774326],[24.857091,41.774239],[24.856939,41.774162],[24.856428,41.77411],[24.856179,41.774059],[24.85616,41.773988],[24.856014,41.773837],[24.855913,41.773679],[24.855796,41.773558],[24.855753,41.773471],[24.855563,41.773246],[24.855472,41.773163],[24.855876,41.773061],[24.856045,41.772921],[24.856256,41.772978],[24.856557,41.772994],[24.856704,41.772972],[24.856832,41.772921],[24.856944,41.77291],[24.857117,41.772967],[24.857264,41.772985],[24.857338,41.772954],[24.857305,41.772886],[24.857098,41.77271],[24.857097,41.77266],[24.85723,41.77253],[24.857243,41.772419],[24.857209,41.772285],[24.857215,41.772043],[24.857186,41.771821],[24.85706,41.771694],[24.856849,41.771613],[24.856724,41.771495],[24.856662,41.771476],[24.85654,41.771537],[24.856162,41.771448],[24.856031,41.771432],[24.855874,41.771439],[24.855778,41.771404],[24.855678,41.771346],[24.855612,41.771274],[24.855223,41.77117],[24.854829,41.771145],[24.854712,41.771156],[24.854664,41.771206]]]},"properties":{"cadreg":12}},{"type":"Feature","geometry":{"type":"Polygon","coordinates":[[[24.857121,41.765899],[24.856664,41.766059],[24.856529,41.766067],[24.856445,41.766096],[24.856308,41.766203],[24.856219,41.766241],[24.855844,41.766342],[24.8557,41.766369],[24.855387,41.76639],[24.855252,41.766451],[24.854556,41.766599],[24.853988,41.766691],[24.85342,41.766715],[24.853298,41.766756],[24.85309,41.766856],[24.852921,41.766876],[24.852221,41.766894],[24.851975,41.766923],[24.851694,41.766993],[24.851344,41.767139],[24.850947,41.767262],[24.850719,41.767302],[24.850509,41.767321],[24.850013,41.767334],[24.849479,41.767254],[24.849015,41.767145],[24.848743,41.7671],[24.848211,41.767059],[24.848064,41.767016],[24.847906,41.766935],[24.847484,41.766774],[24.847273,41.766638],[24.846902,41.766496],[24.846415,41.766265],[24.845811,41.765928],[24.846408,41.766272],[24.846893,41.766507],[24.847072,41.76657],[24.846458,41.766879],[24.846381,41.766941],[24.846244,41.767161],[24.846391,41.766946],[24.846465,41.766888],[24.84667,41.766772],[24.847036,41.766614],[24.847087,41.766576],[24.847262,41.76665],[24.84747,41.766788],[24.848165,41.767068],[24.84874,41.767118],[24.849009,41.767163],[24.849133,41.767198],[24.848738,41.76751],[24.848502,41.76739],[24.848311,41.767382],[24.84785,41.767432],[24.847729,41.767587],[24.847786,41.767661],[24.848351,41.767642],[24.848436,41.767697],[24.848558,41.767857],[24.848782,41.76798],[24.848966,41.768018],[24.849243,41.768002],[24.84927,41.768016],[24.849257,41.768087],[24.849128,41.768186],[24.84911,41.768231],[24.849123,41.768269],[24.849174,41.768298],[24.849258,41.768298],[24.849356,41.76827],[24.849405,41.768279],[24.849404,41.768493],[24.849295,41.7686],[24.849236,41.768638],[24.849085,41.768697],[24.849002,41.768724],[24.848956,41.768724],[24.848927,41.768693],[24.848919,41.76865],[24.848911,41.768461],[24.848861,41.76843],[24.84866,41.768378],[24.848259,41.768354],[24.847997,41.7683],[24.847832,41.768281],[24.847608,41.76822],[24.847329,41.768255],[24.847311,41.768292],[24.847228,41.768254],[24.847064,41.768209],[24.846795,41.768179],[24.846641,41.768113],[24.846392,41.76807],[24.845682,41.76804],[24.84479,41.768113],[24.844642,41.768066],[24.84447,41.767929],[24.844136,41.767864],[24.843832,41.767942],[24.843578,41.768133],[24.843345,41.76818],[24.843302,41.768225],[24.842955,41.768315],[24.842631,41.768355],[24.842536,41.768386],[24.842278,41.768409],[24.84217,41.76845],[24.842085,41.768508],[24.841901,41.768565],[24.841557,41.768735],[24.841455,41.768767],[24.841306,41.768778],[24.84125,41.768797],[24.84114,41.768854],[24.840945,41.768995],[24.840493,41.769283],[24.84024,41.769416],[24.839998,41.769498],[24.839319,41.76968],[24.838718,41.769897],[24.838481,41.769996],[24.83806,41.770209],[24.838586,41.770807],[24.839039,41.771141],[24.839378,41.771351],[24.839546,41.771477],[24.839562,41.771536],[24.839552,41.771598],[24.83949,41.771809],[24.839417,41.772223],[24.839402,41.772446],[24.839424,41.772643],[24.839591,41.772598],[24.840433,41.772513],[24.840877,41.772496],[24.841082,41.772459],[24.841764,41.772428],[24.84208,41.77236],[24.842483,41.772332],[24.84261,41.77231],[24.842697,41.772278],[24.84276,41.772278],[24.84304,41.77237],[24.843149,41.772381],[24.843273,41.77238],[24.843371,41.772353],[24.843413,41.772327],[24.843513,41.772322],[24.843585,41.772339],[24.843719,41.7724],[24.84388,41.772433],[24.844083,41.772411],[24.844657,41.772408],[24.845394,41.772345],[24.84553,41.772346],[24.84602,41.77243],[24.846248,41.77245],[24.846417,41.772405],[24.84691,41.772447],[24.846981,41.772356],[24.847102,41.772292],[24.847195,41.772286],[24.847548,41.772385],[24.847806,41.772496],[24.848168,41.772487],[24.848279,41.772529],[24.848274,41.772569],[24.848232,41.772609],[24.84824,41.772649],[24.848289,41.772683],[24.848344,41.772692],[24.848452,41.772513],[24.848624,41.772515],[24.84885,41.772458],[24.848909,41.772606],[24.84911,41.772707],[24.849112,41.772792],[24.849162,41.772835],[24.849314,41.772794],[24.849393,41.772743],[24.849447,41.772673],[24.849618,41.772631],[24.849747,41.772655],[24.849919,41.772578],[24.850059,41.772547],[24.850572,41.772513],[24.85067,41.772497],[24.850742,41.772457],[24.85079,41.772397],[24.850771,41.772328],[24.850676,41.772234],[24.850581,41.772073],[24.850554,41.771984],[24.850559,41.771667],[24.850693,41.7714],[24.851089,41.771395],[24.851224,41.771408],[24.851385,41.77146],[24.851749,41.771505],[24.851899,41.771656],[24.85227,41.771721],[24.852368,41.771676],[24.852564,41.771362],[24.852973,41.771252],[24.853125,41.771186],[24.8533,41.771051],[24.853484,41.770969],[24.853764,41.770948],[24.854157,41.770968],[24.854192,41.770908],[24.854664,41.771206],[24.854712,41.771156],[24.854829,41.771145],[24.855223,41.77117],[24.855612,41.771274],[24.855678,41.771346],[24.855778,41.771404],[24.855874,41.771439],[24.856031,41.771432],[24.856162,41.771448],[24.85654,41.771537],[24.856662,41.771476],[24.856724,41.771495],[24.856849,41.771613],[24.85706,41.771694],[24.857186,41.771821],[24.857215,41.772043],[24.857209,41.772285],[24.857243,41.772419],[24.85723,41.77253],[24.857097,41.77266],[24.857098,41.77271],[24.857305,41.772886],[24.857338,41.772954],[24.857264,41.772985],[24.857117,41.772967],[24.856944,41.77291],[24.856832,41.772921],[24.856704,41.772972],[24.856557,41.772994],[24.856256,41.772978],[24.856045,41.772921],[24.855876,41.773061],[24.855472,41.773163],[24.855563,41.773246],[24.855753,41.773471],[24.855796,41.773558],[24.855913,41.773679],[24.856014,41.773837],[24.85616,41.773988],[24.856179,41.774059],[24.856428,41.77411],[24.856939,41.774162],[24.857091,41.774239],[24.857208,41.774326],[24.857546,41.774647],[24.857761,41.774918],[24.857893,41.774998],[24.858876,41.775354],[24.859208,41.775452],[24.859376,41.775459],[24.859592,41.775438],[24.860155,41.775328],[24.860309,41.775311],[24.860769,41.775314],[24.861027,41.775364],[24.861282,41.775544],[24.861269,41.77531],[24.8612,41.77522],[24.861076,41.775103],[24.860913,41.775029],[24.860841,41.774973],[24.860849,41.77488],[24.860922,41.774763],[24.861377,41.77427],[24.8614,41.774223],[24.861396,41.774166],[24.861353,41.774123],[24.861256,41.774088],[24.860971,41.774018],[24.860814,41.773963],[24.860788,41.773868],[24.860907,41.773559],[24.860886,41.773421],[24.860836,41.773316],[24.860809,41.773137],[24.860662,41.77286],[24.860436,41.772528],[24.860307,41.772304],[24.860244,41.772157],[24.860241,41.77208],[24.860263,41.772033],[24.860338,41.77199],[24.860774,41.771912],[24.861138,41.771802],[24.861687,41.771715],[24.861902,41.771645],[24.862406,41.771605],[24.86273,41.771542],[24.862845,41.771477],[24.862866,41.771397],[24.862611,41.771184],[24.86262,41.771136],[24.862592,41.771093],[24.862574,41.770976],[24.862216,41.770911],[24.862124,41.770847],[24.862033,41.770746],[24.862006,41.770658],[24.862016,41.770495],[24.861963,41.770292],[24.861933,41.770238],[24.861722,41.770076],[24.861584,41.770025],[24.861397,41.769907],[24.861037,41.769461],[24.860727,41.769194],[24.86057,41.769007],[24.860498,41.768873],[24.860487,41.76875],[24.860496,41.768695],[24.860562,41.768573],[24.860633,41.768492],[24.860637,41.768402],[24.860617,41.768336],[24.860508,41.768255],[24.860185,41.7681],[24.860099,41.76804],[24.85997,41.767908],[24.85994,41.767818],[24.859945,41.767616],[24.859969,41.767571],[24.860092,41.767446],[24.860112,41.767383],[24.86007,41.767316],[24.86003,41.767306],[24.859758,41.767334],[24.859151,41.767485],[24.858997,41.767507],[24.8586,41.767628],[24.858412,41.767644],[24.858197,41.76762],[24.858097,41.767587],[24.857993,41.767573],[24.857963,41.76754],[24.857931,41.767433],[24.857884,41.767352],[24.857886,41.767254],[24.857954,41.767073],[24.858145,41.766878],[24.858138,41.766793],[24.857804,41.766681],[24.857663,41.766593],[24.857569,41.76651],[24.857493,41.766362],[24.857432,41.76604],[24.857326,41.765937],[24.857331,41.765899],[24.857235,41.765827],[24.857121,41.765899]]]},"properties":{"cadreg":13}},{"type":"Feature","geometry":{"type":"MultiPolygon","coordinates":[[[[24.84767,41.762952],[24.847172,41.763002],[24.846647,41.763016],[24.846419,41.762987],[24.846311,41.762938],[24.846077,41.762766],[24.845901,41.76275],[24.845497,41.762754],[24.84532,41.762691],[24.845238,41.762765],[24.845346,41.762782],[24.84546,41.762823],[24.845511,41.762869],[24.845527,41.762924],[24.846122,41.763016],[24.846528,41.763126],[24.846696,41.763152],[24.846713,41.76359],[24.846585,41.763631],[24.84643,41.763643],[24.846363,41.76368],[24.846364,41.76397],[24.846298,41.764049],[24.846333,41.764159],[24.846566,41.764333],[24.846144,41.764179],[24.845945,41.764083],[24.845739,41.763947],[24.845659,41.763953],[24.845519,41.763994],[24.845334,41.763991],[24.845101,41.764024],[24.844953,41.764026],[24.844864,41.763804],[24.844621,41.763834],[24.844417,41.763832],[24.844152,41.763861],[24.844,41.763822],[24.843772,41.763874],[24.843532,41.7641],[24.843503,41.76419],[24.843633,41.764213],[24.843834,41.764166],[24.84399,41.764232],[24.844132,41.764241],[24.844216,41.764448],[24.844348,41.764545],[24.844451,41.76449],[24.844502,41.764177],[24.844586,41.764155],[24.844812,41.764255],[24.844919,41.764325],[24.844936,41.764493],[24.845011,41.764567],[24.845297,41.764712],[24.845628,41.76494],[24.845823,41.765131],[24.845791,41.765587],[24.845861,41.765946],[24.846033,41.765929],[24.846236,41.765957],[24.846574,41.766204],[24.846704,41.766208],[24.847002,41.766096],[24.847193,41.766098],[24.847384,41.766125],[24.847724,41.766205],[24.847821,41.766164],[24.848238,41.766296],[24.848299,41.766266],[24.848423,41.766052],[24.848747,41.765984],[24.848783,41.765934],[24.849058,41.765782],[24.849133,41.765795],[24.849142,41.765894],[24.848953,41.765946],[24.848845,41.766042],[24.848644,41.766168],[24.848615,41.766257],[24.848655,41.766288],[24.848832,41.766338],[24.84891,41.766501],[24.848973,41.766584],[24.849134,41.766611],[24.849261,41.766551],[24.849232,41.766363],[24.849455,41.766118],[24.849482,41.765999],[24.849597,41.765904],[24.849627,41.765606],[24.849716,41.765407],[24.849963,41.765163],[24.850506,41.765104],[24.850714,41.765207],[24.850766,41.765218],[24.850891,41.765196],[24.850984,41.765108],[24.851111,41.765032],[24.851198,41.765009],[24.851324,41.765006],[24.851468,41.764963],[24.851627,41.764884],[24.851793,41.764887],[24.851766,41.765062],[24.852047,41.765105],[24.852752,41.765142],[24.852938,41.765035],[24.852944,41.764777],[24.853249,41.764655],[24.853407,41.764563],[24.853668,41.76455],[24.853711,41.764515],[24.853775,41.764289],[24.853754,41.764115],[24.853863,41.764111],[24.853944,41.76417],[24.854049,41.764381],[24.854076,41.764418],[24.854127,41.764426],[24.854139,41.76433],[24.854036,41.764085],[24.854027,41.764013],[24.854038,41.763942],[24.854119,41.763825],[24.854133,41.763696],[24.853947,41.763482],[24.853833,41.763382],[24.853666,41.763282],[24.853573,41.763195],[24.853509,41.763159],[24.853378,41.763129],[24.853274,41.763143],[24.853253,41.763189],[24.853294,41.763374],[24.853388,41.763519],[24.853608,41.763712],[24.853691,41.763826],[24.853707,41.763959],[24.853686,41.764039],[24.853529,41.763927],[24.853442,41.763972],[24.852745,41.76363],[24.852506,41.7634],[24.852338,41.763273],[24.852244,41.763245],[24.8522,41.76306],[24.85208,41.762903],[24.851944,41.762865],[24.851868,41.762786],[24.851872,41.762697],[24.851974,41.762557],[24.852184,41.762332],[24.85241,41.76225],[24.852634,41.762134],[24.852846,41.761994],[24.852726,41.761836],[24.852805,41.761629],[24.852965,41.761708],[24.853043,41.761681],[24.85307,41.761618],[24.85307,41.761519],[24.853051,41.76146],[24.852875,41.761504],[24.852873,41.761426],[24.852767,41.761372],[24.852676,41.761389],[24.852476,41.761515],[24.852253,41.761686],[24.852083,41.761851],[24.851994,41.7618],[24.851925,41.761721],[24.851946,41.761573],[24.851661,41.761488],[24.851527,41.761563],[24.851475,41.76161],[24.85134,41.761568],[24.851364,41.761515],[24.851634,41.761359],[24.85169,41.761301],[24.851636,41.761255],[24.851638,41.761203],[24.851702,41.76116],[24.851634,41.761119],[24.851481,41.76112],[24.851396,41.761136],[24.851321,41.761166],[24.851164,41.761301],[24.85111,41.761309],[24.850952,41.761281],[24.850781,41.761269],[24.850638,41.761287],[24.850727,41.761382],[24.850924,41.761502],[24.85092,41.761541],[24.85087,41.761548],[24.850819,41.761609],[24.850818,41.761688],[24.850791,41.761709],[24.850728,41.761717],[24.850681,41.761703],[24.850638,41.761625],[24.850484,41.761445],[24.850385,41.761368],[24.850323,41.761351],[24.850266,41.761354],[24.850197,41.76139],[24.850006,41.76142],[24.850001,41.761507],[24.850302,41.761518],[24.850439,41.761625],[24.850444,41.76165],[24.850413,41.761676],[24.850326,41.761684],[24.850183,41.761672],[24.850098,41.761702],[24.850202,41.761784],[24.850199,41.761869],[24.850638,41.761893],[24.850968,41.761939],[24.851232,41.762062],[24.851141,41.762249],[24.85106,41.76225],[24.851001,41.76234],[24.850975,41.762509],[24.850911,41.762527],[24.850807,41.762471],[24.850748,41.762469],[24.850634,41.762536],[24.850481,41.76241],[24.850394,41.762431],[24.850466,41.762609],[24.8503,41.76264],[24.850386,41.762899],[24.850121,41.762917],[24.849533,41.763063],[24.849003,41.7631],[24.848696,41.763098],[24.848523,41.763076],[24.848208,41.762972],[24.848004,41.762948],[24.84767,41.762952]]],[[[24.844392,41.764812],[24.84423,41.764699],[24.844194,41.764765],[24.844383,41.765005],[24.844677,41.765427],[24.844698,41.765564],[24.844913,41.765543],[24.845079,41.765579],[24.845216,41.765415],[24.845152,41.765292],[24.844907,41.765033],[24.844764,41.764985],[24.84463,41.765017],[24.844392,41.764812]]],[[[24.843383,41.766169],[24.843382,41.766363],[24.843275,41.766701],[24.843333,41.766939],[24.843225,41.766953],[24.843244,41.767065],[24.843154,41.767214],[24.843157,41.767351],[24.843118,41.767415],[24.84318,41.7674],[24.843258,41.767613],[24.843156,41.767738],[24.8431,41.767976],[24.843164,41.768094],[24.843345,41.76818],[24.843578,41.768133],[24.843832,41.767942],[24.844136,41.767864],[24.84447,41.767929],[24.844642,41.768066],[24.84479,41.768113],[24.845682,41.76804],[24.846392,41.76807],[24.846641,41.768113],[24.846795,41.768179],[24.847064,41.768209],[24.847228,41.768254],[24.847311,41.768292],[24.847329,41.768255],[24.847608,41.76822],[24.847832,41.768281],[24.847997,41.7683],[24.848259,41.768354],[24.84866,41.768378],[24.848861,41.76843],[24.848911,41.768461],[24.848919,41.76865],[24.848927,41.768693],[24.848956,41.768724],[24.849002,41.768724],[24.849236,41.768638],[24.849364,41.768546],[24.849404,41.768493],[24.849405,41.768279],[24.849356,41.76827],[24.849258,41.768298],[24.849174,41.768298],[24.849123,41.768269],[24.84911,41.768231],[24.849128,41.768186],[24.849257,41.768087],[24.84927,41.768016],[24.849243,41.768002],[24.848966,41.768018],[24.848782,41.76798],[24.848558,41.767857],[24.848436,41.767697],[24.848351,41.767642],[24.847786,41.767661],[24.847729,41.767587],[24.84785,41.767432],[24.848311,41.767382],[24.848502,41.76739],[24.848738,41.76751],[24.849133,41.767198],[24.849009,41.767163],[24.84874,41.767118],[24.848165,41.767068],[24.84747,41.766788],[24.847262,41.76665],[24.847087,41.766576],[24.847036,41.766614],[24.84667,41.766772],[24.846465,41.766888],[24.846391,41.766946],[24.846244,41.767161],[24.846381,41.766941],[24.846458,41.766879],[24.847072,41.76657],[24.846893,41.766507],[24.846408,41.766272],[24.845811,41.765928],[24.845386,41.765912],[24.845123,41.765688],[24.844877,41.765661],[24.844745,41.765841],[24.844611,41.765872],[24.844375,41.766016],[24.8442,41.766005],[24.844136,41.765919],[24.84398,41.765828],[24.843686,41.765832],[24.843161,41.765795],[24.843172,41.765888],[24.843305,41.765979],[24.843383,41.766169]]]]},"properties":{"cadreg":14}},{"type":"Feature","geometry":{"type":"Polygon","coordinates":[[[24.840512,41.761942],[24.84026,41.762007],[24.840083,41.76202],[24.840013,41.762057],[24.840007,41.762199],[24.840026,41.762297],[24.840085,41.762423],[24.839775,41.7626],[24.839451,41.762668],[24.839391,41.762739],[24.839669,41.763061],[24.83969,41.76319],[24.839408,41.763537],[24.839254,41.763573],[24.839153,41.763728],[24.839082,41.764209],[24.838973,41.76429],[24.838916,41.764216],[24.838838,41.763796],[24.838678,41.763759],[24.838617,41.763799],[24.838512,41.763781],[24.838429,41.763683],[24.838216,41.76372],[24.838164,41.763577],[24.838022,41.763594],[24.837958,41.763718],[24.837783,41.763621],[24.837636,41.763658],[24.837383,41.763642],[24.837246,41.763812],[24.837006,41.763805],[24.836998,41.763998],[24.836956,41.764048],[24.83681,41.764099],[24.83683,41.764188],[24.836998,41.76425],[24.837372,41.764211],[24.837418,41.764314],[24.83761,41.764445],[24.837569,41.764807],[24.837755,41.764843],[24.837802,41.764729],[24.838028,41.764663],[24.838357,41.76452],[24.838756,41.764727],[24.838942,41.764775],[24.839291,41.764736],[24.839635,41.764474],[24.840141,41.764001],[24.840847,41.763417],[24.840964,41.763426],[24.841105,41.763404],[24.841237,41.763264],[24.841517,41.763162],[24.841723,41.763031],[24.841834,41.762767],[24.842069,41.762663],[24.84238,41.762554],[24.842755,41.762531],[24.843065,41.762581],[24.843371,41.762749],[24.843436,41.762927],[24.843635,41.763013],[24.84433,41.763009],[24.844545,41.762977],[24.844622,41.762896],[24.844491,41.762755],[24.844438,41.762631],[24.844614,41.762522],[24.844608,41.762664],[24.845238,41.762765],[24.84532,41.762691],[24.845497,41.762754],[24.845901,41.76275],[24.846077,41.762766],[24.846034,41.762705],[24.84579,41.762531],[24.845706,41.762424],[24.845615,41.762354],[24.845543,41.762243],[24.845537,41.762202],[24.845563,41.762152],[24.845615,41.762115],[24.8456,41.76204],[24.84538,41.761968],[24.845252,41.761866],[24.845125,41.761549],[24.844995,41.761371],[24.844956,41.761337],[24.844506,41.761345],[24.844315,41.761296],[24.844274,41.761263],[24.844285,41.761147],[24.844314,41.761109],[24.844303,41.761057],[24.844267,41.761038],[24.844051,41.761001],[24.843018,41.761028],[24.842893,41.761015],[24.842638,41.760913],[24.842527,41.760897],[24.842188,41.760913],[24.842098,41.760955],[24.841788,41.760935],[24.8409,41.760788],[24.840366,41.760622],[24.84016,41.760516],[24.840139,41.760615],[24.84047,41.761408],[24.840713,41.761825],[24.840712,41.761946],[24.840512,41.761942]]]},"properties":{"cadreg":15}},{"type":"Feature","geometry":{"type":"Polygon","coordinates":[[[24.835962,41.76035],[24.835878,41.760343],[24.835776,41.760412],[24.835694,41.760523],[24.835542,41.760549],[24.835505,41.760577],[24.835491,41.760692],[24.835454,41.76072],[24.835242,41.760791],[24.835177,41.760858],[24.835184,41.760915],[24.835165,41.761003],[24.83517,41.761039],[24.835201,41.761063],[24.835206,41.76112],[24.835178,41.761155],[24.834981,41.761274],[24.834952,41.761332],[24.834983,41.76141],[24.835062,41.761503],[24.835101,41.761603],[24.835085,41.761709],[24.835055,41.76173],[24.835047,41.76177],[24.835055,41.761898],[24.834945,41.76198],[24.834724,41.762022],[24.83444,41.762006],[24.834372,41.762056],[24.834377,41.762122],[24.834489,41.762268],[24.834595,41.762298],[24.83462,41.762323],[24.834606,41.762359],[24.834534,41.762431],[24.834565,41.762518],[24.834618,41.762589],[24.834718,41.762601],[24.834793,41.76264],[24.834918,41.762642],[24.835066,41.762693],[24.835318,41.762716],[24.835335,41.76268],[24.835336,41.762581],[24.835396,41.762516],[24.835226,41.762472],[24.835219,41.76243],[24.835258,41.762389],[24.835373,41.762371],[24.835465,41.762404],[24.835649,41.7626],[24.835784,41.762603],[24.83572,41.762776],[24.835758,41.76288],[24.835631,41.762975],[24.835642,41.763019],[24.835742,41.763063],[24.835825,41.763082],[24.836016,41.763084],[24.836246,41.763046],[24.836301,41.763057],[24.836358,41.763091],[24.836437,41.763101],[24.836509,41.76309],[24.836559,41.763058],[24.836587,41.762946],[24.83662,41.762907],[24.836704,41.762873],[24.836759,41.762868],[24.836917,41.762888],[24.836972,41.762871],[24.837,41.76284],[24.836983,41.762764],[24.836784,41.762546],[24.836593,41.762479],[24.836507,41.762247],[24.836582,41.761732],[24.836592,41.761365],[24.836661,41.761262],[24.836832,41.761225],[24.837212,41.761181],[24.837696,41.761101],[24.837885,41.760994],[24.837716,41.760724],[24.837678,41.760606],[24.837225,41.760399],[24.837358,41.760349],[24.83735,41.760236],[24.837242,41.760114],[24.837061,41.759972],[24.836845,41.75994],[24.836584,41.760077],[24.836501,41.760241],[24.83662,41.760342],[24.836362,41.760311],[24.835962,41.76035]]]},"properties":{"cadreg":16}},{"type":"Feature","geometry":{"type":"MultiPolygon","coordinates":[[[[24.837657,41.759566],[24.838206,41.759901],[24.83835,41.759731],[24.838544,41.759639],[24.838745,41.759567],[24.838779,41.759389],[24.838467,41.75921],[24.838238,41.759143],[24.83808,41.759234],[24.837966,41.75935],[24.837657,41.759566]]],[[[24.839014,41.760287],[24.839239,41.760195],[24.839281,41.76013],[24.839169,41.760047],[24.83919,41.759928],[24.839522,41.759642],[24.839509,41.759597],[24.839022,41.759584],[24.838736,41.759692],[24.838535,41.759788],[24.838453,41.760205],[24.83832,41.760359],[24.838163,41.760451],[24.838141,41.760574],[24.83829,41.760652],[24.838375,41.760611],[24.838531,41.760426],[24.838623,41.760405],[24.838812,41.760631],[24.838923,41.760717],[24.838944,41.760778],[24.83896,41.760994],[24.83894,41.761075],[24.838863,41.761168],[24.838885,41.761212],[24.83905,41.761309],[24.839135,41.761293],[24.839173,41.761237],[24.839157,41.761095],[24.83908,41.760915],[24.839079,41.760792],[24.838983,41.760636],[24.838903,41.760545],[24.839014,41.760287]]]]},"properties":{"cadreg":17}},{"type":"Feature","geometry":{"type":"Polygon","coordinates":[[[24.837516,41.758286],[24.837296,41.758094],[24.83701,41.757944],[24.836921,41.758113],[24.836788,41.758214],[24.836599,41.758266],[24.836539,41.758336],[24.836571,41.758419],[24.836814,41.75856],[24.836817,41.758664],[24.836959,41.758717],[24.83701,41.75882],[24.837181,41.758941],[24.837268,41.758832],[24.837295,41.75876],[24.837357,41.758678],[24.837516,41.758286]]]},"properties":{"cadreg":18}},{"type":"Feature","geometry":{"type":"MultiPolygon","coordinates":[[[[24.841148,41.757252],[24.841003,41.757327],[24.840931,41.757443],[24.841045,41.7576],[24.840937,41.757705],[24.840982,41.758045],[24.841074,41.758034],[24.8412,41.757914],[24.841437,41.757792],[24.841872,41.757396],[24.841849,41.757233],[24.841706,41.757131],[24.842043,41.756572],[24.842053,41.756479],[24.841937,41.75651],[24.841143,41.757024],[24.841148,41.757252]]],[[[24.845497,41.759035],[24.845921,41.75897],[24.8461,41.759022],[24.846166,41.759128],[24.846316,41.759271],[24.846218,41.759286],[24.846177,41.759371],[24.846239,41.759435],[24.8465,41.759511],[24.846612,41.759583],[24.846305,41.759655],[24.845395,41.76023],[24.845379,41.7603],[24.845661,41.760282],[24.84579,41.76031],[24.845891,41.760408],[24.846191,41.760339],[24.846506,41.760444],[24.846607,41.76028],[24.846694,41.760002],[24.847024,41.759676],[24.847034,41.759577],[24.847107,41.75941],[24.847337,41.759249],[24.847488,41.759163],[24.84817,41.759125],[24.84853,41.759031],[24.849097,41.759004],[24.849212,41.758948],[24.849258,41.75877],[24.849507,41.758707],[24.849504,41.758563],[24.849343,41.758437],[24.84942,41.758332],[24.849271,41.758022],[24.849049,41.75799],[24.848804,41.758033],[24.848697,41.75797],[24.848708,41.757901],[24.848502,41.757804],[24.848263,41.757788],[24.848122,41.757829],[24.848052,41.757978],[24.847665,41.757993],[24.847399,41.757957],[24.847299,41.757874],[24.8471,41.757822],[24.846843,41.757795],[24.84661,41.757878],[24.846401,41.75791],[24.84624,41.757813],[24.846162,41.757655],[24.846,41.757548],[24.845829,41.75758],[24.84561,41.757692],[24.845404,41.757823],[24.845244,41.757825],[24.845156,41.757727],[24.845177,41.757569],[24.845355,41.75726],[24.845399,41.757072],[24.845532,41.756951],[24.84553,41.756862],[24.845321,41.756884],[24.845189,41.756975],[24.845021,41.757235],[24.84494,41.757403],[24.844733,41.757525],[24.844076,41.757306],[24.843942,41.757308],[24.843818,41.75729],[24.843814,41.757151],[24.84396,41.75705],[24.84418,41.756988],[24.844524,41.756984],[24.844585,41.756904],[24.844532,41.756766],[24.844383,41.756708],[24.844076,41.756732],[24.843769,41.756735],[24.843838,41.757052],[24.843518,41.757075],[24.843372,41.757147],[24.843296,41.757048],[24.843491,41.756927],[24.843463,41.756819],[24.843241,41.756772],[24.842863,41.756833],[24.84256,41.75698],[24.842433,41.757091],[24.842199,41.757394],[24.841772,41.75781],[24.841073,41.758239],[24.840903,41.758384],[24.840997,41.758462],[24.841339,41.758646],[24.841838,41.758956],[24.842039,41.759127],[24.842032,41.759324],[24.841824,41.759664],[24.84185,41.759747],[24.842152,41.759753],[24.842309,41.759965],[24.842399,41.759859],[24.842541,41.759833],[24.842739,41.759934],[24.842905,41.759952],[24.843166,41.759776],[24.843305,41.759645],[24.84318,41.759543],[24.843375,41.759423],[24.843686,41.75933],[24.844542,41.759265],[24.843985,41.759602],[24.844166,41.759738],[24.844308,41.759771],[24.844683,41.759727],[24.844882,41.759606],[24.845269,41.759286],[24.845497,41.759035]]]]},"properties":{"cadreg":19}},{"type":"Feature","geometry":{"type":"MultiPolygon","coordinates":[[[[24.858299,41.759786],[24.858223,41.759955],[24.858216,41.760173],[24.858316,41.760301],[24.85849,41.760308],[24.858782,41.76021],[24.859052,41.760167],[24.859206,41.760175],[24.859403,41.760228],[24.859645,41.760021],[24.85966,41.759913],[24.859286,41.759684],[24.859229,41.759591],[24.859317,41.759388],[24.859291,41.759303],[24.859166,41.759285],[24.8587,41.759311],[24.858563,41.759263],[24.858549,41.75917],[24.858682,41.759049],[24.858655,41.758946],[24.858519,41.758903],[24.858423,41.759003],[24.858326,41.759351],[24.858299,41.759786]]],[[[24.859225,41.760433],[24.859089,41.760668],[24.859058,41.760935],[24.859112,41.761152],[24.859033,41.761208],[24.858934,41.761387],[24.858961,41.761551],[24.859125,41.761711],[24.859411,41.761841],[24.859494,41.761964],[24.859661,41.761996],[24.85982,41.76197],[24.860033,41.762194],[24.860132,41.762193],[24.860362,41.762052],[24.860598,41.761851],[24.860645,41.761771],[24.86063,41.761682],[24.860947,41.761298],[24.861133,41.761044],[24.861119,41.760951],[24.860999,41.760803],[24.860847,41.760696],[24.8606,41.760616],[24.860329,41.760614],[24.86031,41.760574],[24.860413,41.760489],[24.860472,41.760394],[24.860457,41.760261],[24.860399,41.760148],[24.860385,41.760044],[24.860174,41.759977],[24.859983,41.75999],[24.859686,41.760142],[24.859498,41.760278],[24.8595,41.76037],[24.859329,41.760392],[24.859225,41.760433]]]]},"properties":{"cadreg":20}},{"type":"Feature","geometry":{"type":"MultiPolygon","coordinates":[[[[24.860715,41.762413],[24.860512,41.7624],[24.860318,41.762407],[24.860258,41.762421],[24.860076,41.762507],[24.859923,41.762551],[24.859807,41.762606],[24.859626,41.762753],[24.859329,41.762913],[24.85905,41.763361],[24.858939,41.763482],[24.85877,41.763612],[24.858777,41.763656],[24.858833,41.763694],[24.858908,41.763656],[24.858974,41.763668],[24.859083,41.763651],[24.859071,41.763829],[24.858996,41.763835],[24.85894,41.763776],[24.858849,41.763797],[24.858825,41.763866],[24.858745,41.763848],[24.858613,41.764057],[24.85847,41.764015],[24.858322,41.764017],[24.858249,41.764092],[24.858284,41.76423],[24.858453,41.764392],[24.858677,41.764444],[24.858822,41.76463],[24.859077,41.764911],[24.859109,41.76501],[24.859138,41.765144],[24.859122,41.765312],[24.85901,41.765497],[24.858865,41.765648],[24.858751,41.765738],[24.858727,41.765808],[24.858771,41.765857],[24.858925,41.76583],[24.859077,41.765754],[24.859433,41.765433],[24.859495,41.765401],[24.859662,41.765469],[24.859841,41.765497],[24.85995,41.765446],[24.86001,41.765341],[24.860008,41.765242],[24.860127,41.765086],[24.860273,41.764975],[24.860409,41.764936],[24.860646,41.765062],[24.86078,41.764995],[24.860888,41.76491],[24.860958,41.764943],[24.860948,41.765117],[24.861077,41.76508],[24.86137,41.764958],[24.861704,41.764904],[24.861788,41.764849],[24.86188,41.76458],[24.862079,41.764399],[24.862156,41.7642],[24.862336,41.764043],[24.862371,41.763934],[24.862645,41.763942],[24.86278,41.763911],[24.863065,41.764011],[24.863049,41.764086],[24.862972,41.764235],[24.863111,41.764368],[24.86326,41.764415],[24.863463,41.764407],[24.863737,41.764305],[24.864257,41.764535],[24.864627,41.764847],[24.864732,41.764861],[24.86483,41.764805],[24.864933,41.764491],[24.865039,41.764278],[24.865416,41.76404],[24.865426,41.763931],[24.865323,41.76376],[24.865242,41.763409],[24.865309,41.762821],[24.865382,41.76277],[24.865681,41.76287],[24.865853,41.762883],[24.866095,41.762944],[24.866222,41.762898],[24.866492,41.762543],[24.866422,41.762474],[24.866293,41.762476],[24.866043,41.762554],[24.865932,41.762555],[24.865861,41.762432],[24.865839,41.762293],[24.865964,41.76206],[24.865931,41.761456],[24.865484,41.761561],[24.865337,41.761622],[24.865278,41.761716],[24.86513,41.761772],[24.865162,41.762071],[24.864915,41.76216],[24.864908,41.762226],[24.864935,41.76233],[24.864888,41.762338],[24.864864,41.762169],[24.864945,41.762005],[24.865023,41.761916],[24.865054,41.761821],[24.864605,41.761943],[24.863749,41.76203],[24.862986,41.7622],[24.86268,41.762307],[24.862454,41.762345],[24.862324,41.762327],[24.862286,41.762837],[24.862211,41.762859],[24.861805,41.763051],[24.861707,41.763119],[24.86142,41.763269],[24.861229,41.763296],[24.860938,41.763206],[24.860834,41.763257],[24.860736,41.763258],[24.860649,41.763214],[24.860336,41.763297],[24.85994,41.763352],[24.859906,41.763134],[24.859944,41.762995],[24.860187,41.762833],[24.860338,41.762765],[24.860458,41.762681],[24.860607,41.762542],[24.860715,41.762413]]],[[[24.866933,41.76374],[24.866982,41.763476],[24.86681,41.763444],[24.866605,41.763655],[24.866221,41.763824],[24.866481,41.7639],[24.86702,41.764016],[24.866933,41.76374]]]]},"properties":{"cadreg":21}},{"type":"Feature","geometry":{"type":"Polygon","coordinates":[[[24.86447,41.757756],[24.86421,41.757803],[24.864061,41.75781],[24.864028,41.757776],[24.863919,41.757785],[24.863691,41.757835],[24.863449,41.75794],[24.863371,41.758007],[24.863318,41.758107],[24.863293,41.758491],[24.863104,41.758753],[24.86309,41.758854],[24.863105,41.758968],[24.863137,41.75906],[24.863509,41.759332],[24.863598,41.759432],[24.864015,41.759689],[24.863696,41.759928],[24.863438,41.759694],[24.863218,41.759568],[24.862897,41.759493],[24.862585,41.759389],[24.862304,41.759239],[24.86216,41.759087],[24.861691,41.759073],[24.861922,41.759204],[24.862344,41.7596],[24.86248,41.759955],[24.862685,41.760007],[24.863018,41.760032],[24.863267,41.760118],[24.863446,41.760121],[24.863534,41.760488],[24.86387,41.761027],[24.86353,41.761012],[24.863413,41.761246],[24.86338,41.761445],[24.863478,41.761672],[24.863646,41.761788],[24.863845,41.76186],[24.864379,41.761794],[24.864491,41.761817],[24.864601,41.761776],[24.864787,41.761615],[24.864873,41.761579],[24.865025,41.761695],[24.865054,41.761797],[24.865045,41.761874],[24.864945,41.762005],[24.864864,41.762169],[24.864888,41.762338],[24.864935,41.76233],[24.864908,41.762226],[24.864915,41.76216],[24.86498,41.762034],[24.865092,41.761882],[24.865124,41.761718],[24.865111,41.761673],[24.865003,41.761575],[24.864924,41.761528],[24.864699,41.761434],[24.864533,41.761342],[24.864494,41.761282],[24.864451,41.761153],[24.864434,41.760926],[24.865189,41.760749],[24.865314,41.761114],[24.865907,41.761201],[24.865907,41.760934],[24.865983,41.760448],[24.86579,41.760382],[24.865677,41.760264],[24.865641,41.760086],[24.865678,41.759826],[24.865845,41.759724],[24.866066,41.759762],[24.866155,41.759917],[24.866299,41.759925],[24.866359,41.759906],[24.866428,41.759863],[24.866508,41.759743],[24.866535,41.759626],[24.866536,41.759497],[24.866499,41.759419],[24.866481,41.759533],[24.866388,41.759665],[24.866258,41.759698],[24.866138,41.759667],[24.865966,41.759462],[24.865841,41.759348],[24.865413,41.759188],[24.865231,41.759083],[24.864988,41.7589],[24.864754,41.758667],[24.864548,41.758385],[24.864482,41.758138],[24.86447,41.757756]]]},"properties":{"cadreg":22}},{"type":"Feature","geometry":{"type":"Polygon","coordinates":[[[24.863565,41.757886],[24.863781,41.757807],[24.863919,41.757785],[24.864028,41.757776],[24.864061,41.75781],[24.864295,41.757791],[24.86447,41.757756],[24.864474,41.757718],[24.864284,41.757756],[24.864121,41.757772],[24.863983,41.757718],[24.863906,41.757712],[24.862832,41.757736],[24.862511,41.757764],[24.862261,41.75782],[24.86202,41.757853],[24.861978,41.758152],[24.862062,41.75835],[24.862189,41.758502],[24.861826,41.758536],[24.861577,41.758653],[24.8615,41.758783],[24.861527,41.758917],[24.861691,41.759073],[24.86216,41.759087],[24.862304,41.759239],[24.862585,41.759389],[24.862897,41.759493],[24.863218,41.759568],[24.863438,41.759694],[24.863696,41.759928],[24.864015,41.759689],[24.863598,41.759432],[24.863509,41.759332],[24.863137,41.75906],[24.86309,41.758854],[24.863104,41.758753],[24.863137,41.758693],[24.863293,41.758491],[24.863318,41.758107],[24.863371,41.758007],[24.863417,41.757965],[24.863565,41.757886]]]},"properties":{"cadreg":23}},{"type":"Feature","geometry":{"type":"Polygon","coordinates":[[[24.8634,41.756076],[24.863261,41.756226],[24.863088,41.756358],[24.862718,41.756555],[24.862548,41.756606],[24.862104,41.756626],[24.861381,41.756825],[24.860811,41.756956],[24.860653,41.756972],[24.86039,41.757034],[24.860182,41.757143],[24.859962,41.757236],[24.859768,41.757345],[24.859586,41.757477],[24.85928,41.757759],[24.859128,41.757844],[24.858824,41.757974],[24.858635,41.758121],[24.85849,41.758246],[24.858392,41.758522],[24.858319,41.758597],[24.858224,41.75866],[24.858062,41.758832],[24.85787,41.758922],[24.857596,41.759011],[24.857292,41.759147],[24.856487,41.759593],[24.855898,41.760158],[24.855796,41.760223],[24.855812,41.760236],[24.855917,41.760171],[24.856504,41.759606],[24.857306,41.759162],[24.857606,41.759028],[24.85788,41.758938],[24.858079,41.758845],[24.858243,41.758672],[24.858337,41.758609],[24.858412,41.758531],[24.858511,41.758256],[24.858839,41.757988],[24.85914,41.757859],[24.859297,41.757773],[24.859495,41.757578],[24.859784,41.757358],[24.859974,41.757251],[24.860196,41.757159],[24.860401,41.75705],[24.860659,41.756989],[24.860816,41.756974],[24.861181,41.756883],[24.861353,41.756916],[24.861204,41.756995],[24.861147,41.75705],[24.861008,41.757125],[24.860849,41.757258],[24.860904,41.757324],[24.861107,41.757358],[24.861222,41.757437],[24.861313,41.757411],[24.861382,41.757475],[24.861503,41.757493],[24.86142,41.757613],[24.861211,41.757647],[24.860908,41.75764],[24.86085,41.757849],[24.860749,41.757985],[24.860769,41.758039],[24.860867,41.758034],[24.861408,41.757912],[24.861613,41.757993],[24.861829,41.757971],[24.86202,41.757853],[24.86261,41.757754],[24.863062,41.757725],[24.863906,41.757712],[24.863983,41.757718],[24.864121,41.757772],[24.864284,41.757756],[24.864474,41.757718],[24.864556,41.757506],[24.864635,41.757401],[24.864853,41.757022],[24.864874,41.756902],[24.864842,41.756744],[24.864703,41.756664],[24.864401,41.756552],[24.864066,41.756381],[24.863792,41.75628],[24.86356,41.75612],[24.863456,41.756082],[24.8634,41.756076]]]},"properties":{"cadreg":24}},{"type":"Feature","geometry":{"type":"Polygon","coordinates":[[[24.860662,41.754743],[24.860666,41.754784],[24.86062,41.754791],[24.860638,41.754867],[24.860716,41.754983],[24.860918,41.755182],[24.861189,41.755343],[24.861764,41.755585],[24.861964,41.755649],[24.862129,41.755741],[24.86248,41.755837],[24.862987,41.75606],[24.863113,41.756087],[24.863456,41.756082],[24.86356,41.75612],[24.863792,41.75628],[24.864066,41.756381],[24.864401,41.756552],[24.864703,41.756664],[24.864842,41.756744],[24.864874,41.756902],[24.864853,41.757022],[24.864635,41.757401],[24.864556,41.757506],[24.864474,41.757718],[24.864482,41.758138],[24.864548,41.758385],[24.864754,41.758667],[24.864988,41.7589],[24.865231,41.759083],[24.865413,41.759188],[24.865841,41.759348],[24.865966,41.759462],[24.866138,41.759667],[24.866258,41.759698],[24.866388,41.759665],[24.866481,41.759533],[24.866499,41.759419],[24.866483,41.759343],[24.866418,41.759269],[24.866313,41.759193],[24.866496,41.759151],[24.866642,41.759075],[24.866875,41.758787],[24.866989,41.758736],[24.867035,41.758689],[24.867031,41.758639],[24.866987,41.758618],[24.866827,41.758326],[24.86678,41.758183],[24.866766,41.757857],[24.86672,41.75771],[24.866569,41.7574],[24.866564,41.757253],[24.866651,41.757102],[24.867197,41.75662],[24.867303,41.756419],[24.867286,41.756133],[24.867061,41.755838],[24.867012,41.755689],[24.866902,41.755538],[24.866397,41.755302],[24.866159,41.755172],[24.865996,41.755048],[24.865802,41.754764],[24.865715,41.754567],[24.865702,41.754478],[24.86581,41.754313],[24.866262,41.75409],[24.866493,41.754035],[24.866584,41.753976],[24.866517,41.753909],[24.866438,41.753909],[24.866198,41.75384],[24.866104,41.753752],[24.866015,41.753702],[24.86603,41.75367],[24.865937,41.753625],[24.865906,41.753564],[24.865703,41.753586],[24.865545,41.753687],[24.865566,41.753776],[24.86576,41.753927],[24.866056,41.754095],[24.866025,41.754104],[24.864327,41.754026],[24.862988,41.754326],[24.862525,41.754502],[24.861994,41.754577],[24.861591,41.754576],[24.860878,41.754493],[24.860662,41.754743]]]},"properties":{"cadreg":25}},{"type":"Feature","geometry":{"type":"Polygon","coordinates":[[[24.866584,41.753976],[24.866445,41.75405],[24.866262,41.75409],[24.86581,41.754313],[24.865702,41.754478],[24.865715,41.754567],[24.865802,41.754764],[24.865996,41.755048],[24.866159,41.755172],[24.866397,41.755302],[24.866902,41.755538],[24.867012,41.755689],[24.867061,41.755838],[24.867286,41.756133],[24.867303,41.756419],[24.867197,41.75662],[24.866651,41.757102],[24.866564,41.757253],[24.866569,41.7574],[24.86672,41.75771],[24.866766,41.757857],[24.86678,41.758183],[24.866827,41.758326],[24.866987,41.758618],[24.867031,41.758639],[24.867058,41.75842],[24.867308,41.758012],[24.867353,41.757867],[24.867277,41.757775],[24.867048,41.757669],[24.866933,41.757551],[24.866912,41.757427],[24.86699,41.757307],[24.867143,41.757256],[24.867339,41.757323],[24.867561,41.756881],[24.867583,41.756767],[24.867913,41.756643],[24.86824,41.756492],[24.868411,41.756325],[24.86845,41.756415],[24.8685,41.756444],[24.868739,41.756316],[24.868927,41.75617],[24.869026,41.756183],[24.869071,41.756247],[24.869076,41.756496],[24.869133,41.75657],[24.869381,41.756572],[24.86946,41.75652],[24.869562,41.756371],[24.869703,41.756354],[24.869932,41.756376],[24.870216,41.756372],[24.870406,41.756275],[24.870405,41.75623],[24.869925,41.756053],[24.869645,41.756007],[24.869248,41.755967],[24.868921,41.755965],[24.868688,41.756083],[24.868601,41.75602],[24.868584,41.755892],[24.868723,41.755771],[24.868739,41.755631],[24.868682,41.755612],[24.868361,41.755865],[24.868145,41.755883],[24.868019,41.75579],[24.867811,41.755335],[24.86758,41.755204],[24.867449,41.755187],[24.867526,41.754742],[24.867438,41.754703],[24.867166,41.754865],[24.866742,41.754856],[24.866711,41.754815],[24.866677,41.754706],[24.866681,41.754591],[24.866774,41.754576],[24.866975,41.754614],[24.867055,41.754609],[24.867128,41.754579],[24.867152,41.754502],[24.86722,41.754398],[24.867237,41.754458],[24.867361,41.754562],[24.867521,41.754439],[24.867547,41.75438],[24.867758,41.754383],[24.86775,41.754294],[24.867931,41.754324],[24.868274,41.75425],[24.868727,41.754225],[24.869506,41.754141],[24.869924,41.754116],[24.87009,41.753847],[24.869841,41.753682],[24.869457,41.753558],[24.869272,41.75358],[24.869035,41.753667],[24.868592,41.753643],[24.86882,41.753537],[24.868714,41.753524],[24.868448,41.753528],[24.86845,41.753443],[24.868715,41.753409],[24.868899,41.753426],[24.868978,41.753405],[24.868992,41.753338],[24.86879,41.753251],[24.868567,41.753246],[24.868552,41.752907],[24.868478,41.75267],[24.868354,41.752676],[24.868509,41.752431],[24.868558,41.752315],[24.868544,41.751954],[24.868496,41.75196],[24.86851,41.75231],[24.868388,41.752551],[24.868127,41.752937],[24.867752,41.753269],[24.867627,41.753325],[24.867431,41.753461],[24.866943,41.753687],[24.866774,41.753739],[24.866722,41.753769],[24.866605,41.753873],[24.866546,41.753953],[24.866584,41.753976]]]},"properties":{"cadreg":26}},{"type":"Feature","geometry":{"type":"Polygon","coordinates":[[[24.872936,41.75219],[24.872568,41.752274],[24.872533,41.752373],[24.872695,41.752451],[24.872612,41.752561],[24.872426,41.752504],[24.872337,41.752356],[24.872042,41.75239],[24.872059,41.752617],[24.872001,41.752766],[24.872078,41.753116],[24.872317,41.753498],[24.872317,41.753905],[24.872409,41.754132],[24.872683,41.754287],[24.873139,41.75437],[24.873334,41.754338],[24.873491,41.754167],[24.873568,41.754012],[24.873709,41.753945],[24.873959,41.754021],[24.874186,41.754018],[24.874302,41.753982],[24.874554,41.753979],[24.874768,41.753921],[24.875107,41.753992],[24.875337,41.754006],[24.875651,41.754002],[24.875779,41.753941],[24.875863,41.753835],[24.875835,41.753712],[24.875647,41.753572],[24.875642,41.753314],[24.875588,41.753142],[24.875444,41.753015],[24.875518,41.752912],[24.875539,41.752758],[24.875498,41.752542],[24.875458,41.752438],[24.875384,41.752404],[24.87526,41.752426],[24.875158,41.752516],[24.874845,41.752515],[24.874625,41.752543],[24.874478,41.752584],[24.874207,41.752598],[24.873384,41.752567],[24.873429,41.752535],[24.872936,41.75219]]]},"properties":{"cadreg":27}},{"type":"Feature","geometry":{"type":"Polygon","coordinates":[[[24.876982,41.749449],[24.876922,41.749519],[24.8769,41.749652],[24.876928,41.749785],[24.87698,41.749899],[24.877168,41.750079],[24.877182,41.750163],[24.8771,41.750302],[24.877007,41.750541],[24.876978,41.750673],[24.877115,41.750696],[24.877416,41.750985],[24.877541,41.751081],[24.877695,41.751094],[24.877768,41.751074],[24.877772,41.75093],[24.877813,41.75087],[24.877966,41.750853],[24.878232,41.750909],[24.878358,41.751071],[24.878465,41.751154],[24.878563,41.751153],[24.878662,41.751052],[24.878736,41.751026],[24.878897,41.751074],[24.878977,41.751082],[24.879049,41.751047],[24.879003,41.75087],[24.879025,41.75076],[24.879022,41.750627],[24.878975,41.750504],[24.878874,41.750381],[24.878903,41.750297],[24.878981,41.750202],[24.878875,41.75009],[24.878719,41.750032],[24.878318,41.749973],[24.878034,41.749912],[24.877924,41.749959],[24.877774,41.750109],[24.877707,41.750124],[24.877625,41.750036],[24.877567,41.749924],[24.877472,41.749917],[24.87738,41.749948],[24.877306,41.749904],[24.877234,41.749761],[24.877143,41.749491],[24.877068,41.749447],[24.876982,41.749449]]]},"properties":{"cadreg":28}},{"type":"Feature","geometry":{"type":"MultiPolygon","coordinates":[[[[24.874067,41.744374],[24.873907,41.744485],[24.873877,41.744565],[24.873798,41.744556],[24.87372,41.744656],[24.873591,41.745303],[24.873519,41.745406],[24.873596,41.745425],[24.873746,41.745624],[24.873804,41.745658],[24.874068,41.745732],[24.874389,41.745787],[24.874539,41.745833],[24.874675,41.745889],[24.874928,41.746078],[24.875112,41.746134],[24.875431,41.746166],[24.875544,41.746209],[24.875788,41.746363],[24.875689,41.7464],[24.875565,41.74648],[24.875418,41.746511],[24.875137,41.746513],[24.874451,41.746449],[24.874218,41.746468],[24.874147,41.746505],[24.874243,41.74664],[24.874192,41.746814],[24.873798,41.74716],[24.873535,41.747517],[24.874051,41.747652],[24.874467,41.747804],[24.874515,41.747749],[24.874606,41.747838],[24.874135,41.747958],[24.874119,41.748047],[24.874318,41.748114],[24.874343,41.748163],[24.874284,41.748243],[24.874142,41.748265],[24.873934,41.748248],[24.87378,41.748254],[24.873701,41.748315],[24.873728,41.748651],[24.87398,41.748804],[24.873989,41.748907],[24.873928,41.748933],[24.873816,41.748875],[24.87373,41.748896],[24.873811,41.749196],[24.873908,41.749322],[24.873993,41.749353],[24.874073,41.749352],[24.874254,41.749211],[24.874387,41.74913],[24.874745,41.749103],[24.874792,41.748984],[24.874815,41.748989],[24.874769,41.749102],[24.875037,41.749057],[24.875234,41.748986],[24.875383,41.749058],[24.875546,41.749199],[24.875707,41.749251],[24.875779,41.749191],[24.875875,41.749051],[24.875981,41.748983],[24.876072,41.748968],[24.876177,41.748848],[24.876206,41.748463],[24.87598,41.748394],[24.8761,41.748274],[24.876245,41.748091],[24.876316,41.748101],[24.876382,41.748092],[24.876434,41.747942],[24.876458,41.747946],[24.876406,41.748096],[24.876452,41.748192],[24.876442,41.748281],[24.876517,41.74834],[24.876679,41.748393],[24.877233,41.748707],[24.877358,41.748715],[24.877286,41.748776],[24.877428,41.748838],[24.877553,41.748866],[24.87778,41.748853],[24.877864,41.748812],[24.878008,41.748657],[24.878121,41.748458],[24.878482,41.748112],[24.878588,41.747917],[24.878651,41.747743],[24.878693,41.747431],[24.878649,41.747382],[24.878538,41.747384],[24.87846,41.747439],[24.878389,41.747539],[24.878265,41.747511],[24.878081,41.747523],[24.877916,41.74757],[24.877199,41.747193],[24.876984,41.747123],[24.876824,41.746896],[24.876546,41.746608],[24.876397,41.746491],[24.875992,41.746325],[24.875721,41.746177],[24.875564,41.746025],[24.875406,41.745835],[24.875119,41.745403],[24.874969,41.745276],[24.874738,41.745131],[24.874556,41.744975],[24.874308,41.744719],[24.874269,41.744636],[24.8742,41.744588],[24.874067,41.744374]]],[[[24.873512,41.749156],[24.873286,41.748966],[24.87323,41.748898],[24.873314,41.748803],[24.873319,41.748738],[24.873273,41.74863],[24.873161,41.748583],[24.873013,41.748584],[24.872923,41.748624],[24.872981,41.748762],[24.872915,41.748803],[24.872929,41.748877],[24.872874,41.748922],[24.872857,41.748997],[24.872908,41.749085],[24.873088,41.749108],[24.873152,41.749236],[24.873227,41.749328],[24.873333,41.749352],[24.873454,41.749321],[24.873527,41.749241],[24.873512,41.749156]]],[[[24.87737,41.74901],[24.877238,41.748893],[24.877124,41.748752],[24.876969,41.748674],[24.876656,41.748451],[24.876507,41.748398],[24.87639,41.748394],[24.876294,41.748441],[24.876258,41.748529],[24.876304,41.748628],[24.876373,41.748702],[24.876522,41.748739],[24.876652,41.748817],[24.876673,41.748916],[24.876724,41.749023],[24.876813,41.749097],[24.876936,41.749139],[24.877146,41.749182],[24.877287,41.74917],[24.877378,41.749099],[24.87737,41.74901]]]]},"properties":{"cadreg":29}},{"type":"Feature","geometry":{"type":"MultiPolygon","coordinates":[[[[24.871817,41.74653],[24.87158,41.746542],[24.87146,41.746577],[24.871373,41.746622],[24.871222,41.746815],[24.871046,41.746979],[24.870956,41.747024],[24.870454,41.74702],[24.870359,41.747043],[24.870316,41.747106],[24.870301,41.747173],[24.870662,41.747184],[24.870861,41.747151],[24.87102,41.747188],[24.871138,41.747238],[24.871293,41.747335],[24.871533,41.74758],[24.871619,41.747614],[24.87166,41.747519],[24.871682,41.747355],[24.871734,41.747196],[24.87181,41.747062],[24.871901,41.747021],[24.87202,41.747064],[24.872199,41.74725],[24.872548,41.747473],[24.872683,41.747476],[24.873074,41.747564],[24.873197,41.747567],[24.873338,41.74753],[24.873378,41.747484],[24.873374,41.747444],[24.873297,41.747372],[24.873297,41.747353],[24.873363,41.747297],[24.873563,41.747229],[24.873616,41.74712],[24.873589,41.747049],[24.873388,41.746928],[24.873336,41.74688],[24.873312,41.746826],[24.873326,41.746767],[24.87338,41.746729],[24.873766,41.746738],[24.873732,41.746602],[24.873176,41.746609],[24.872613,41.746594],[24.872303,41.746551],[24.871817,41.74653]]],[[[24.871492,41.74841],[24.871612,41.748457],[24.871619,41.747614],[24.871474,41.747617],[24.871492,41.74841]]],[[[24.871932,41.747615],[24.871924,41.748515],[24.872285,41.748517],[24.872292,41.747617],[24.871932,41.747615]]],[[[24.870257,41.748734],[24.870767,41.748728],[24.870762,41.748466],[24.870321,41.748471],[24.870424,41.74856],[24.870257,41.748734]]],[[[24.873487,41.748523],[24.873495,41.747623],[24.873134,41.747621],[24.873126,41.748521],[24.873487,41.748523]]],[[[24.872693,41.748519],[24.872701,41.747619],[24.872581,41.747618],[24.872573,41.748519],[24.872693,41.748519]]]]},"properties":{"cadreg":30}},{"type":"Feature","geometry":{"type":"MultiPolygon","coordinates":[[[[24.871069,41.748785],[24.871087,41.748651],[24.871153,41.748571],[24.871175,41.748423],[24.871138,41.748271],[24.870974,41.748124],[24.870851,41.748081],[24.870757,41.748151],[24.870767,41.748729],[24.870795,41.748764],[24.870808,41.74894],[24.87098,41.749067],[24.871072,41.749076],[24.870984,41.749329],[24.870854,41.749377],[24.870716,41.749282],[24.870703,41.749237],[24.870784,41.749115],[24.870792,41.74905],[24.8706,41.748867],[24.870269,41.749029],[24.870104,41.749048],[24.869794,41.749112],[24.869592,41.749185],[24.86959,41.749223],[24.869698,41.749321],[24.869847,41.7494],[24.870098,41.749398],[24.870254,41.749479],[24.8704,41.749532],[24.870499,41.749501],[24.870624,41.749411],[24.870775,41.749466],[24.870906,41.74947],[24.87099,41.749521],[24.871335,41.749615],[24.871693,41.749689],[24.87181,41.749752],[24.871909,41.749534],[24.871939,41.749079],[24.871663,41.748939],[24.871475,41.748824],[24.871331,41.748855],[24.871348,41.749033],[24.871187,41.74891],[24.871069,41.748785]]],[[[24.87181,41.749752],[24.871973,41.750017],[24.872423,41.750499],[24.872631,41.750542],[24.872733,41.750373],[24.872718,41.750328],[24.873115,41.750359],[24.873107,41.750317],[24.873025,41.750199],[24.873035,41.750135],[24.872979,41.750086],[24.872825,41.750068],[24.872602,41.749987],[24.872362,41.749813],[24.87181,41.749752]]],[[[24.874545,41.751091],[24.874492,41.751196],[24.87442,41.751261],[24.874439,41.75131],[24.874514,41.751368],[24.874495,41.751611],[24.874607,41.751679],[24.874742,41.751687],[24.874895,41.751645],[24.874918,41.751561],[24.874839,41.751349],[24.874757,41.751212],[24.874755,41.751133],[24.874789,41.751053],[24.874982,41.750882],[24.874969,41.750809],[24.874835,41.750657],[24.874654,41.75051],[24.874456,41.750439],[24.874408,41.750474],[24.874429,41.750622],[24.874522,41.750908],[24.874545,41.751091]]]]},"properties":{"cadreg":31}},{"type":"Feature","geometry":{"type":"Polygon","coordinates":[[[24.87563,41.746341],[24.875524,41.746414],[24.875403,41.746439],[24.875263,41.746443],[24.874974,41.746428],[24.87472,41.746394],[24.874549,41.746353],[24.874271,41.746352],[24.873673,41.746495],[24.873286,41.746501],[24.873017,41.746503],[24.87216,41.746399],[24.871648,41.746414],[24.871398,41.746462],[24.871319,41.746515],[24.871024,41.746818],[24.870891,41.746905],[24.870849,41.746913],[24.870465,41.746884],[24.870233,41.746891],[24.870176,41.746999],[24.87007,41.747477],[24.870055,41.74766],[24.870066,41.748084],[24.870012,41.748263],[24.86994,41.74833],[24.869628,41.748514],[24.869504,41.748546],[24.869369,41.748561],[24.869003,41.748674],[24.868633,41.748871],[24.86842,41.748956],[24.868234,41.749066],[24.868148,41.749134],[24.868121,41.749176],[24.868139,41.749518],[24.868194,41.749637],[24.868199,41.749773],[24.868166,41.749805],[24.868103,41.749807],[24.868363,41.750099],[24.868423,41.750248],[24.868398,41.750584],[24.868426,41.7511],[24.868988,41.751051],[24.868803,41.750761],[24.869242,41.750708],[24.869784,41.750832],[24.8698,41.750456],[24.869698,41.750309],[24.869328,41.750215],[24.869089,41.75001],[24.869034,41.749831],[24.868848,41.749578],[24.868525,41.74935],[24.868318,41.749137],[24.868403,41.749089],[24.868688,41.748978],[24.868973,41.748829],[24.869114,41.748736],[24.86923,41.748702],[24.869509,41.748663],[24.869711,41.7486],[24.869975,41.748929],[24.870183,41.748811],[24.870424,41.74856],[24.87012,41.748297],[24.870157,41.74817],[24.870198,41.747599],[24.870316,41.747106],[24.870359,41.747043],[24.870454,41.74702],[24.870956,41.747024],[24.871046,41.746979],[24.871222,41.746815],[24.871373,41.746622],[24.87146,41.746577],[24.87158,41.746542],[24.872045,41.746532],[24.872613,41.746594],[24.872926,41.746606],[24.873732,41.746602],[24.873947,41.746572],[24.874129,41.746515],[24.874218,41.746468],[24.874328,41.746451],[24.874702,41.746466],[24.875137,41.746513],[24.875418,41.746511],[24.875565,41.74648],[24.875689,41.7464],[24.875788,41.746363],[24.875711,41.746311],[24.87563,41.746341]]]},"properties":{"cadreg":32}},{"type":"Feature","geometry":{"type":"Polygon","coordinates":[[[24.866254,41.74915],[24.86669,41.749402],[24.866903,41.749606],[24.867161,41.749593],[24.867128,41.74976],[24.866864,41.74999],[24.867238,41.750253],[24.867361,41.750232],[24.86754,41.750001],[24.867774,41.750028],[24.867852,41.750186],[24.867818,41.75039],[24.867505,41.750486],[24.867454,41.75061],[24.867315,41.750588],[24.867261,41.750595],[24.867171,41.750719],[24.867151,41.750856],[24.866728,41.750861],[24.86653,41.750926],[24.866525,41.751074],[24.866652,41.751202],[24.866961,41.751354],[24.86735,41.751436],[24.867534,41.751451],[24.867697,41.751536],[24.867862,41.751763],[24.868403,41.751533],[24.868496,41.75196],[24.868544,41.751954],[24.868464,41.751637],[24.868426,41.751268],[24.868398,41.750584],[24.868424,41.750278],[24.868413,41.750198],[24.868295,41.750009],[24.868128,41.74985],[24.868017,41.749667],[24.86797,41.749618],[24.867971,41.749557],[24.867927,41.749485],[24.867807,41.749385],[24.867745,41.749308],[24.867318,41.748971],[24.867123,41.748749],[24.866964,41.748498],[24.866254,41.74915]]]},"properties":{"cadreg":33}},{"type":"Feature","geometry":{"type":"Polygon","coordinates":[[[24.855596,41.755002],[24.855092,41.755033],[24.854812,41.755078],[24.85446,41.7551],[24.853915,41.755246],[24.853877,41.75528],[24.853826,41.755299],[24.853769,41.75526],[24.853504,41.75515],[24.853328,41.75511],[24.853206,41.755118],[24.852983,41.755196],[24.853099,41.755365],[24.853182,41.755454],[24.853331,41.755528],[24.853552,41.755721],[24.853675,41.755867],[24.853747,41.755891],[24.853921,41.75589],[24.85399,41.755965],[24.854073,41.755988],[24.853922,41.756158],[24.853527,41.756331],[24.853525,41.756489],[24.853634,41.756676],[24.854241,41.757153],[24.854458,41.75751],[24.854577,41.757604],[24.854946,41.757668],[24.854699,41.758073],[24.854702,41.758202],[24.855132,41.758438],[24.855133,41.758488],[24.854378,41.758814],[24.854717,41.759175],[24.854924,41.759317],[24.854951,41.759371],[24.854797,41.759475],[24.85468,41.759533],[24.854663,41.759573],[24.854707,41.759645],[24.854771,41.75964],[24.85485,41.759523],[24.855011,41.759457],[24.855056,41.759469],[24.855719,41.759149],[24.856942,41.758081],[24.857347,41.757785],[24.857495,41.757812],[24.857564,41.757895],[24.857573,41.758276],[24.857696,41.758294],[24.857825,41.758268],[24.857978,41.758187],[24.858096,41.758151],[24.858087,41.75808],[24.858186,41.757905],[24.858122,41.757721],[24.857997,41.757737],[24.857791,41.757581],[24.857703,41.757469],[24.857723,41.75731],[24.857831,41.757185],[24.858125,41.757112],[24.858295,41.757025],[24.858317,41.756931],[24.858173,41.75677],[24.858023,41.756663],[24.857845,41.75667],[24.857736,41.75677],[24.857667,41.756984],[24.857582,41.757024],[24.857555,41.757193],[24.857465,41.757289],[24.857267,41.757307],[24.857287,41.756966],[24.857385,41.756801],[24.857315,41.756688],[24.857052,41.756554],[24.857219,41.756343],[24.857621,41.756353],[24.857944,41.756329],[24.858537,41.75661],[24.858791,41.756656],[24.858901,41.756595],[24.859062,41.756618],[24.859572,41.756756],[24.859664,41.756735],[24.8598,41.756653],[24.859798,41.75657],[24.859597,41.756432],[24.859391,41.75638],[24.859322,41.756286],[24.85957,41.756299],[24.859871,41.756464],[24.86004,41.756531],[24.860188,41.756529],[24.860399,41.756572],[24.860496,41.75664],[24.86086,41.756635],[24.860991,41.756698],[24.861214,41.756707],[24.861426,41.75663],[24.861749,41.756604],[24.861828,41.756692],[24.862104,41.756626],[24.862548,41.756606],[24.862718,41.756555],[24.863088,41.756358],[24.863261,41.756226],[24.8634,41.756076],[24.863113,41.756087],[24.862987,41.75606],[24.86248,41.755837],[24.862129,41.755741],[24.861964,41.755649],[24.861764,41.755585],[24.861373,41.755428],[24.861189,41.755343],[24.860918,41.755182],[24.860691,41.754953],[24.860638,41.754867],[24.86062,41.754791],[24.860666,41.754784],[24.860662,41.754743],[24.860947,41.754415],[24.860497,41.75431],[24.860019,41.754272],[24.859788,41.754325],[24.859648,41.754429],[24.859864,41.754971],[24.859543,41.754991],[24.858541,41.754523],[24.858939,41.753858],[24.858827,41.753375],[24.858754,41.753386],[24.85844,41.753618],[24.858077,41.753985],[24.857983,41.754149],[24.857774,41.754765],[24.856788,41.755089],[24.856844,41.755392],[24.855698,41.75545],[24.855696,41.755288],[24.855672,41.75524],[24.855603,41.755218],[24.855662,41.755171],[24.855782,41.755009],[24.855596,41.755002]]]},"properties":{"cadreg":34}},{"type":"Feature","geometry":{"type":"MultiPolygon","coordinates":[[[[24.846843,41.754099],[24.847001,41.753939],[24.847029,41.753828],[24.846962,41.753693],[24.846767,41.753581],[24.846559,41.753508],[24.846389,41.7534],[24.846226,41.753375],[24.846027,41.753424],[24.845656,41.753579],[24.845399,41.75362],[24.845248,41.753662],[24.845182,41.753708],[24.845209,41.753778],[24.845402,41.753863],[24.845483,41.753933],[24.845461,41.754098],[24.845401,41.754064],[24.845235,41.754098],[24.845035,41.753989],[24.844962,41.753982],[24.844718,41.75417],[24.844579,41.754139],[24.84442,41.754007],[24.844232,41.754001],[24.844136,41.754121],[24.844193,41.754469],[24.844265,41.754602],[24.844454,41.754687],[24.844674,41.754738],[24.844713,41.754894],[24.844891,41.75506],[24.844993,41.755221],[24.84482,41.755632],[24.844911,41.755595],[24.845104,41.755592],[24.845277,41.75542],[24.845336,41.755435],[24.845415,41.755434],[24.8454,41.755515],[24.845495,41.755622],[24.845581,41.755646],[24.84584,41.75594],[24.846052,41.75605],[24.846045,41.756268],[24.84596,41.756369],[24.845789,41.75639],[24.84578,41.756514],[24.845879,41.756616],[24.846004,41.756635],[24.84615,41.756603],[24.846367,41.756695],[24.846491,41.756718],[24.846729,41.756641],[24.846836,41.756505],[24.846841,41.756417],[24.847028,41.75627],[24.847099,41.756131],[24.847035,41.756048],[24.847117,41.755821],[24.847562,41.755499],[24.848019,41.755256],[24.848362,41.755204],[24.848446,41.755044],[24.848716,41.754732],[24.84869,41.754879],[24.848742,41.754916],[24.849036,41.754919],[24.849415,41.755302],[24.849508,41.755357],[24.849605,41.755338],[24.849635,41.755239],[24.849628,41.755182],[24.849419,41.754961],[24.849367,41.754775],[24.84922,41.754639],[24.849057,41.754554],[24.848911,41.754642],[24.84856,41.754595],[24.848469,41.754509],[24.847928,41.754484],[24.847377,41.754508],[24.846972,41.754402],[24.846815,41.754404],[24.846529,41.754286],[24.846512,41.754254],[24.846663,41.754169],[24.846843,41.754099]]],[[[24.843674,41.755981],[24.84402,41.755834],[24.844106,41.755979],[24.84421,41.756013],[24.844406,41.755976],[24.844643,41.755811],[24.84472,41.755699],[24.844712,41.755572],[24.844626,41.755494],[24.844513,41.755492],[24.84352,41.75572],[24.843468,41.755805],[24.843456,41.755912],[24.843526,41.755983],[24.843674,41.755981]]]]},"properties":{"cadreg":35}},{"type":"Feature","geometry":{"type":"Polygon","coordinates":[[[24.842259,41.754764],[24.842241,41.754827],[24.842291,41.754955],[24.842284,41.75511],[24.841989,41.755208],[24.841429,41.755243],[24.840829,41.755219],[24.840713,41.75532],[24.840743,41.755366],[24.841307,41.755506],[24.84174,41.755659],[24.842251,41.755601],[24.842591,41.755617],[24.842714,41.755638],[24.843117,41.755633],[24.843221,41.755466],[24.843377,41.755156],[24.843409,41.75504],[24.843403,41.754891],[24.843431,41.754788],[24.843174,41.754729],[24.842533,41.754673],[24.842259,41.754764]]]},"properties":{"cadreg":36}},{"type":"Feature","geometry":{"type":"MultiPolygon","coordinates":[[[[24.83893,41.751564],[24.838625,41.751393],[24.838437,41.75123],[24.838348,41.75119],[24.838018,41.751255],[24.837654,41.751346],[24.837266,41.751736],[24.837192,41.751784],[24.83685,41.751785],[24.836601,41.751762],[24.836506,41.751786],[24.836153,41.752049],[24.835863,41.752216],[24.835769,41.7523],[24.835615,41.752491],[24.835235,41.753138],[24.835451,41.753333],[24.835752,41.753554],[24.836241,41.753798],[24.836724,41.754007],[24.835756,41.754148],[24.834797,41.75416],[24.834826,41.754357],[24.835306,41.754371],[24.835551,41.754348],[24.836286,41.754211],[24.836974,41.754232],[24.837432,41.753899],[24.837909,41.753476],[24.838412,41.752895],[24.838499,41.75286],[24.838674,41.753026],[24.838836,41.753123],[24.838996,41.753102],[24.839299,41.752949],[24.839309,41.75285],[24.839282,41.752722],[24.839572,41.752501],[24.840087,41.75222],[24.840205,41.752219],[24.840314,41.752164],[24.84061,41.751863],[24.840595,41.751824],[24.840498,41.751805],[24.840228,41.751862],[24.839922,41.751994],[24.839223,41.75182],[24.839327,41.751727],[24.839596,41.751644],[24.839791,41.751563],[24.839642,41.751496],[24.83926,41.751481],[24.83893,41.751564]]],[[[24.838073,41.754784],[24.83807,41.754682],[24.838286,41.754204],[24.83784,41.754082],[24.837834,41.75428],[24.837721,41.754496],[24.837511,41.754775],[24.838073,41.754784]]],[[[24.836343,41.75555],[24.83637,41.755352],[24.8365,41.755143],[24.836871,41.754653],[24.836942,41.754499],[24.836912,41.754296],[24.836509,41.754541],[24.836149,41.754635],[24.836105,41.754883],[24.835842,41.755404],[24.835762,41.755647],[24.83571,41.756053],[24.835712,41.756142],[24.835731,41.756178],[24.835786,41.756181],[24.836041,41.756023],[24.836297,41.755941],[24.836333,41.755877],[24.836343,41.75555]]],[[[24.836585,41.756025],[24.836806,41.756032],[24.836914,41.755892],[24.836994,41.755673],[24.836842,41.755438],[24.83684,41.755319],[24.837161,41.75483],[24.837352,41.75462],[24.837156,41.754592],[24.836691,41.755262],[24.836696,41.755489],[24.836675,41.755677],[24.836594,41.755876],[24.836585,41.756025]]],[[[24.83875,41.755682],[24.838578,41.755403],[24.838286,41.755557],[24.838101,41.755615],[24.837967,41.755815],[24.837952,41.756028],[24.838248,41.756163],[24.838342,41.756024],[24.838475,41.755872],[24.83875,41.755682]]]]},"properties":{"cadreg":37}},{"type":"Feature","geometry":{"type":"MultiPolygon","coordinates":[[[[24.832215,41.750894],[24.83187,41.75082],[24.831677,41.751029],[24.831474,41.751289],[24.831381,41.751558],[24.831424,41.751815],[24.831539,41.75201],[24.831499,41.752209],[24.83141,41.752309],[24.831454,41.75236],[24.831322,41.752608],[24.831181,41.752732],[24.831079,41.752729],[24.831046,41.752552],[24.830789,41.752987],[24.831546,41.752914],[24.831685,41.753073],[24.83169,41.75324],[24.83126,41.753364],[24.831055,41.753406],[24.831003,41.753462],[24.831098,41.753801],[24.831207,41.753863],[24.831453,41.753813],[24.831689,41.753624],[24.832029,41.753204],[24.832324,41.753035],[24.832605,41.752943],[24.832492,41.752865],[24.832346,41.752896],[24.832161,41.752899],[24.831925,41.752783],[24.831938,41.752689],[24.832028,41.752534],[24.83219,41.752395],[24.832251,41.752319],[24.832413,41.75223],[24.832788,41.752105],[24.833092,41.752049],[24.833796,41.752064],[24.833948,41.75224],[24.833985,41.752502],[24.834274,41.752261],[24.834248,41.752162],[24.834548,41.751882],[24.83458,41.751624],[24.834701,41.751573],[24.834929,41.751566],[24.834961,41.751347],[24.834942,41.751011],[24.834887,41.750774],[24.834735,41.750579],[24.834574,41.750521],[24.834268,41.750574],[24.834001,41.750725],[24.833626,41.751017],[24.833492,41.751098],[24.833514,41.751262],[24.833564,41.751339],[24.833389,41.751311],[24.833113,41.751313],[24.832995,41.751289],[24.832927,41.751252],[24.832888,41.751185],[24.832902,41.751115],[24.833082,41.75088],[24.833355,41.750678],[24.833423,41.750618],[24.83345,41.750559],[24.833456,41.750502],[24.833161,41.750338],[24.832963,41.750277],[24.832681,41.750276],[24.832569,41.750308],[24.83247,41.750426],[24.832415,41.750531],[24.832259,41.751001],[24.832206,41.750993],[24.832215,41.750894]]],[[[24.829744,41.752667],[24.830224,41.752792],[24.830295,41.75291],[24.830263,41.753013],[24.830789,41.752987],[24.831041,41.752542],[24.830991,41.752359],[24.830882,41.752309],[24.829774,41.752513],[24.829744,41.752667]]],[[[24.830422,41.753541],[24.830457,41.753786],[24.830493,41.75384],[24.830562,41.753856],[24.830636,41.753835],[24.830751,41.753727],[24.83083,41.753527],[24.83081,41.753496],[24.830602,41.753475],[24.830479,41.753441],[24.830364,41.753375],[24.830311,41.753388],[24.830347,41.753459],[24.830422,41.753541]]]]},"properties":{"cadreg":38}},{"type":"Feature","geometry":{"type":"Polygon","coordinates":[[[24.825674,41.751804],[24.826174,41.751742],[24.8262,41.751544],[24.826044,41.751213],[24.825898,41.751263],[24.825504,41.751268],[24.825674,41.751804]]]},"properties":{"cadreg":39}},{"type":"Feature","geometry":{"type":"Polygon","coordinates":[[[24.823417,41.74973],[24.823447,41.749636],[24.823412,41.749512],[24.823202,41.749248],[24.823057,41.749206],[24.822963,41.749148],[24.822828,41.749026],[24.822728,41.748993],[24.82257,41.748995],[24.822481,41.749104],[24.822483,41.749199],[24.822577,41.749345],[24.822614,41.749464],[24.822589,41.749528],[24.822329,41.749702],[24.822278,41.749757],[24.822335,41.749979],[24.822959,41.750183],[24.823151,41.749963],[24.82334,41.749835],[24.823417,41.74973]]]},"properties":{"cadreg":40}},{"type":"Feature","geometry":{"type":"Polygon","coordinates":[[[24.820904,41.74464],[24.820768,41.744689],[24.820687,41.744696],[24.820527,41.744628],[24.820406,41.744608],[24.820203,41.744664],[24.820047,41.744681],[24.820015,41.744656],[24.819998,41.744607],[24.819976,41.744168],[24.819857,41.744051],[24.81979,41.744007],[24.819625,41.743966],[24.819748,41.744229],[24.819475,41.7445],[24.819431,41.744795],[24.81944,41.744981],[24.819478,41.745166],[24.819641,41.745466],[24.819756,41.745612],[24.819991,41.745736],[24.820524,41.746177],[24.820782,41.746425],[24.820864,41.746552],[24.820908,41.746678],[24.820828,41.74692],[24.820814,41.747157],[24.821062,41.748843],[24.821181,41.748742],[24.821221,41.748679],[24.82121,41.74855],[24.821153,41.748435],[24.821123,41.748316],[24.821131,41.748231],[24.821168,41.748175],[24.821272,41.748094],[24.821321,41.748034],[24.821324,41.747974],[24.821153,41.747829],[24.821034,41.747648],[24.821033,41.747504],[24.821114,41.747358],[24.821056,41.747199],[24.821054,41.747139],[24.821077,41.747088],[24.821183,41.747066],[24.821203,41.746956],[24.821252,41.746863],[24.821745,41.74628],[24.82179,41.746182],[24.821931,41.745996],[24.822026,41.745935],[24.822206,41.745924],[24.822298,41.745902],[24.822466,41.745846],[24.822589,41.745775],[24.822723,41.745758],[24.822887,41.745697],[24.822936,41.745633],[24.822997,41.745587],[24.823105,41.745556],[24.823376,41.745389],[24.823532,41.745192],[24.823599,41.745142],[24.823968,41.744993],[24.824284,41.74492],[24.824544,41.744885],[24.82492,41.744775],[24.825082,41.744693],[24.825224,41.744553],[24.825221,41.744435],[24.824305,41.74413],[24.823963,41.744144],[24.823933,41.744111],[24.823947,41.744064],[24.824295,41.744055],[24.82438,41.744],[24.824336,41.743971],[24.824127,41.743927],[24.824057,41.743899],[24.823799,41.74373],[24.823781,41.743687],[24.823736,41.743652],[24.823578,41.743606],[24.823502,41.743568],[24.823426,41.743485],[24.8234,41.743336],[24.823345,41.743313],[24.823299,41.743338],[24.823236,41.743468],[24.823213,41.743597],[24.82283,41.743905],[24.822713,41.743964],[24.822595,41.743961],[24.822525,41.743938],[24.822464,41.743881],[24.82246,41.743813],[24.822406,41.743758],[24.822312,41.743778],[24.822038,41.74391],[24.821965,41.743955],[24.821893,41.744027],[24.821825,41.744056],[24.821627,41.744072],[24.821535,41.744101],[24.821505,41.744162],[24.821297,41.744274],[24.82109,41.744464],[24.821028,41.744643],[24.820904,41.74464]]]},"properties":{"cadreg":41}},{"type":"Feature","geometry":{"type":"MultiPolygon","coordinates":[[[[24.835864,41.746602],[24.835389,41.746593],[24.835255,41.746565],[24.835136,41.746558],[24.834962,41.746572],[24.834613,41.746666],[24.834304,41.746835],[24.834253,41.746937],[24.834249,41.747042],[24.834213,41.747139],[24.833737,41.747768],[24.833698,41.747905],[24.833624,41.748008],[24.833503,41.748135],[24.833195,41.748366],[24.832992,41.748589],[24.832991,41.748661],[24.833102,41.748699],[24.833334,41.748647],[24.833834,41.748403],[24.834189,41.748378],[24.834368,41.748158],[24.834528,41.748146],[24.834948,41.74822],[24.835108,41.748208],[24.835217,41.748128],[24.8353,41.747999],[24.835555,41.747887],[24.835797,41.747686],[24.836665,41.747719],[24.837359,41.747831],[24.83757,41.747937],[24.837626,41.748023],[24.836861,41.748427],[24.837124,41.749035],[24.837377,41.750046],[24.837433,41.750125],[24.837812,41.749787],[24.838013,41.749674],[24.838107,41.749581],[24.838456,41.749178],[24.838519,41.749061],[24.838815,41.748675],[24.838984,41.748504],[24.839025,41.748362],[24.839011,41.748278],[24.838849,41.74807],[24.838821,41.747987],[24.838841,41.747877],[24.838892,41.74778],[24.838996,41.747645],[24.839277,41.747378],[24.839396,41.747229],[24.83956,41.746955],[24.839494,41.74698],[24.839377,41.746993],[24.839199,41.746998],[24.838813,41.746977],[24.838575,41.746935],[24.837833,41.746711],[24.837461,41.746688],[24.83725,41.746695],[24.837029,41.746751],[24.836716,41.746737],[24.836251,41.746673],[24.835991,41.746615],[24.835864,41.746602]]],[[[24.833205,41.747931],[24.833376,41.747922],[24.833691,41.747848],[24.833714,41.747761],[24.834138,41.747201],[24.834001,41.747241],[24.833932,41.747276],[24.833801,41.747182],[24.833591,41.747161],[24.833528,41.747348],[24.833494,41.747397],[24.833199,41.74765],[24.833116,41.747699],[24.832577,41.747853],[24.832722,41.74786],[24.833205,41.747931]]],[[[24.83361,41.748001],[24.83368,41.747901],[24.833686,41.747863],[24.83338,41.747936],[24.833206,41.747945],[24.832718,41.747874],[24.832189,41.747868],[24.8322,41.747899],[24.832315,41.747961],[24.832622,41.748094],[24.832887,41.748262],[24.832995,41.748377],[24.833085,41.74839],[24.833121,41.748421],[24.833181,41.748358],[24.833489,41.748127],[24.83353,41.748069],[24.83361,41.748001]]],[[[24.832169,41.74885],[24.832091,41.74893],[24.831976,41.749105],[24.831973,41.749248],[24.832095,41.749419],[24.832182,41.749442],[24.832359,41.749396],[24.832465,41.749313],[24.832534,41.749217],[24.832564,41.7491],[24.832529,41.749034],[24.832274,41.748859],[24.832169,41.74885]]],[[[24.838825,41.748681],[24.83853,41.749064],[24.838467,41.749182],[24.838117,41.749586],[24.838021,41.749681],[24.837821,41.749793],[24.837389,41.750181],[24.837348,41.750271],[24.837348,41.75052],[24.837311,41.750618],[24.837298,41.750616],[24.837295,41.750756],[24.837508,41.750992],[24.837665,41.750831],[24.837896,41.75069],[24.838189,41.750597],[24.838803,41.750326],[24.83914,41.749956],[24.839155,41.749781],[24.839273,41.749727],[24.839501,41.749674],[24.839597,41.749554],[24.839581,41.749357],[24.839587,41.74909],[24.83963,41.748812],[24.839735,41.748573],[24.839837,41.748448],[24.83951,41.748258],[24.839271,41.748003],[24.838996,41.748508],[24.838825,41.748681]]]]},"properties":{"cadreg":42}},{"type":"Feature","geometry":{"type":"MultiPolygon","coordinates":[[[[24.840979,41.746805],[24.840637,41.746908],[24.840183,41.746953],[24.839791,41.747017],[24.839572,41.747099],[24.839359,41.747498],[24.839218,41.747816],[24.839271,41.748003],[24.83951,41.748258],[24.839837,41.748448],[24.840157,41.748597],[24.840358,41.748237],[24.840614,41.748195],[24.840959,41.74819],[24.840993,41.748061],[24.840966,41.747943],[24.840704,41.747797],[24.840665,41.74771],[24.840788,41.747668],[24.841093,41.747625],[24.84165,41.747677],[24.841639,41.747766],[24.841491,41.747921],[24.841498,41.74797],[24.841691,41.748057],[24.841721,41.74821],[24.841817,41.748371],[24.841408,41.748342],[24.841164,41.748345],[24.8411,41.748395],[24.841189,41.748586],[24.841277,41.74867],[24.841365,41.748802],[24.841478,41.748845],[24.842512,41.748521],[24.842641,41.748401],[24.842671,41.748281],[24.842563,41.748135],[24.842296,41.74799],[24.842414,41.747961],[24.842538,41.747988],[24.842738,41.748077],[24.842846,41.748107],[24.843072,41.748123],[24.843163,41.74817],[24.843318,41.748288],[24.843304,41.748307],[24.843098,41.748322],[24.842975,41.748357],[24.842981,41.748387],[24.843081,41.748492],[24.843144,41.748615],[24.843178,41.749548],[24.84312,41.749891],[24.843294,41.749943],[24.843555,41.749941],[24.843638,41.749915],[24.843801,41.74983],[24.844294,41.749623],[24.844323,41.749661],[24.844359,41.749869],[24.84458,41.749888],[24.844657,41.749869],[24.844673,41.749793],[24.844653,41.749676],[24.844567,41.749417],[24.844538,41.749402],[24.844408,41.74943],[24.844277,41.749436],[24.844276,41.749392],[24.844475,41.749325],[24.844703,41.748951],[24.844831,41.748796],[24.844911,41.748529],[24.844916,41.748425],[24.844747,41.748262],[24.844903,41.748127],[24.845054,41.74809],[24.845137,41.748015],[24.845188,41.747896],[24.845266,41.74784],[24.84539,41.747799],[24.845447,41.7477],[24.845571,41.747679],[24.845643,41.747593],[24.845601,41.74749],[24.84561,41.747327],[24.84553,41.747284],[24.845378,41.747286],[24.845157,41.747382],[24.844986,41.747498],[24.844832,41.747391],[24.844659,41.747325],[24.844195,41.747384],[24.843863,41.74729],[24.843417,41.747374],[24.843275,41.747435],[24.843226,41.747368],[24.843099,41.747264],[24.843045,41.747196],[24.842708,41.747187],[24.84252,41.747205],[24.841999,41.747141],[24.841861,41.747097],[24.841663,41.747075],[24.842103,41.747068],[24.841668,41.746885],[24.84131,41.746791],[24.840979,41.746805]]],[[[24.840514,41.750541],[24.840541,41.750659],[24.840978,41.750783],[24.841227,41.750978],[24.841425,41.751006],[24.841523,41.750975],[24.841581,41.750845],[24.841515,41.750618],[24.841424,41.750421],[24.841369,41.750185],[24.841374,41.749848],[24.841299,41.74976],[24.841087,41.749742],[24.840991,41.749862],[24.840743,41.750351],[24.840514,41.750541]]]]},"properties":{"cadreg":43}},{"type":"Feature","geometry":{"type":"Polygon","coordinates":[[[24.851123,41.750823],[24.85095,41.750934],[24.850885,41.751058],[24.851057,41.751289],[24.851128,41.751441],[24.851585,41.751237],[24.85162,41.751163],[24.851616,41.750985],[24.851521,41.750852],[24.85134,41.750799],[24.851123,41.750823]]]},"properties":{"cadreg":44}},{"type":"Feature","geometry":{"type":"Polygon","coordinates":[[[24.860903,41.752211],[24.860492,41.752372],[24.860595,41.752532],[24.860922,41.752488],[24.861113,41.752407],[24.860903,41.752211]]]},"properties":{"cadreg":45}},{"type":"Feature","geometry":{"type":"MultiPolygon","coordinates":[[[[24.834626,41.745365],[24.834772,41.745485],[24.834855,41.745497],[24.835083,41.745427],[24.835251,41.745349],[24.835374,41.745316],[24.835524,41.745299],[24.835874,41.745038],[24.835974,41.744985],[24.835954,41.74495],[24.835724,41.744867],[24.835358,41.744663],[24.835017,41.744565],[24.834835,41.744598],[24.834687,41.744751],[24.83456,41.744827],[24.834428,41.744848],[24.834288,41.744957],[24.834252,41.745128],[24.834546,41.745267],[24.834626,41.745365]]],[[[24.835304,41.745582],[24.83486,41.745815],[24.835623,41.745788],[24.835407,41.74562],[24.835304,41.745582]]]]},"properties":{"cadreg":46}},{"type":"Feature","geometry":{"type":"MultiPolygon","coordinates":[[[[24.818247,41.74066],[24.818448,41.740992],[24.818568,41.741152],[24.818708,41.741292],[24.818883,41.74159],[24.818908,41.741678],[24.819049,41.741938],[24.819094,41.742513],[24.819239,41.742549],[24.819302,41.742542],[24.819326,41.742513],[24.819302,41.742231],[24.819322,41.742048],[24.819244,41.741875],[24.819181,41.741783],[24.81916,41.741437],[24.818942,41.741331],[24.818799,41.741229],[24.81846,41.740828],[24.81839,41.740654],[24.818247,41.74066]]],[[[24.820402,41.741677],[24.820132,41.741894],[24.819889,41.742012],[24.819974,41.742102],[24.820184,41.74225],[24.81993,41.742391],[24.820235,41.742548],[24.820334,41.742413],[24.820606,41.742434],[24.821228,41.742728],[24.821662,41.742967],[24.821711,41.742971],[24.821754,41.742911],[24.821652,41.742513],[24.821399,41.742255],[24.821354,41.742176],[24.821335,41.741994],[24.821274,41.741955],[24.821072,41.74168],[24.820402,41.741677]]]]},"properties":{"cadreg":47}},{"type":"Feature","geometry":{"type":"Polygon","coordinates":[[[24.829245,41.74306],[24.829216,41.742941],[24.829029,41.74285],[24.828864,41.742842],[24.828569,41.742891],[24.828227,41.742899],[24.828219,41.743152],[24.828164,41.743365],[24.828192,41.743438],[24.828265,41.743491],[24.828468,41.743435],[24.828706,41.743412],[24.829013,41.743315],[24.829085,41.743284],[24.829245,41.74306]]]},"properties":{"cadreg":48}},{"type":"Feature","geometry":{"type":"Polygon","coordinates":[[[24.831746,41.743027],[24.831272,41.742731],[24.831003,41.742508],[24.830731,41.742714],[24.8307,41.742793],[24.830708,41.742887],[24.830784,41.742979],[24.830897,41.743037],[24.831053,41.74318],[24.831289,41.743109],[24.831451,41.743085],[24.831649,41.743078],[24.831746,41.743027]]]},"properties":{"cadreg":49}},{"type":"Feature","geometry":{"type":"MultiPolygon","coordinates":[[[[24.855166,41.748919],[24.855485,41.749123],[24.855599,41.749023],[24.85548,41.74892],[24.855429,41.748847],[24.855779,41.74885],[24.855819,41.749032],[24.855848,41.749361],[24.855796,41.749451],[24.855736,41.749438],[24.855536,41.749438],[24.855409,41.749451],[24.855328,41.74948],[24.85517,41.74961],[24.854991,41.749627],[24.855001,41.749535],[24.854544,41.749532],[24.854527,41.749638],[24.854791,41.749657],[24.854901,41.749703],[24.85489,41.749801],[24.855035,41.749908],[24.85502,41.750047],[24.85504,41.750161],[24.855041,41.750472],[24.855178,41.750491],[24.85527,41.750483],[24.855561,41.750371],[24.855991,41.75008],[24.856104,41.749931],[24.856283,41.74997],[24.856451,41.749952],[24.856652,41.7499],[24.857083,41.749977],[24.857247,41.749794],[24.857549,41.749542],[24.857626,41.749418],[24.857767,41.749376],[24.857842,41.749197],[24.858395,41.749215],[24.858492,41.749125],[24.85846,41.748969],[24.858531,41.748973],[24.858651,41.749026],[24.858968,41.749268],[24.859023,41.749278],[24.859033,41.749243],[24.858991,41.749236],[24.85868,41.748997],[24.858543,41.748938],[24.858372,41.748932],[24.857981,41.748962],[24.857779,41.748985],[24.857332,41.74907],[24.857252,41.749072],[24.857194,41.749062],[24.857132,41.749022],[24.857043,41.748924],[24.857028,41.748846],[24.856982,41.748858],[24.856857,41.748854],[24.856886,41.748779],[24.856675,41.748688],[24.856608,41.748689],[24.856506,41.748813],[24.85637,41.748815],[24.856246,41.748772],[24.85617,41.748796],[24.85607,41.748574],[24.856038,41.748611],[24.855088,41.74844],[24.854961,41.748809],[24.855166,41.748919]]],[[[24.854564,41.750485],[24.854283,41.750523],[24.854198,41.750568],[24.854147,41.750663],[24.854142,41.751008],[24.854225,41.751155],[24.854346,41.751292],[24.854407,41.751336],[24.854558,41.751319],[24.854703,41.751362],[24.854795,41.751331],[24.854872,41.751207],[24.855014,41.751116],[24.855037,41.750646],[24.854981,41.750494],[24.854899,41.750376],[24.854826,41.750358],[24.854564,41.750485]]],[[[24.855948,41.751533],[24.856095,41.751452],[24.856152,41.751372],[24.856138,41.751264],[24.855983,41.751172],[24.855331,41.75116],[24.855074,41.751233],[24.854929,41.751344],[24.855038,41.751535],[24.855369,41.751491],[24.855948,41.751533]]]]},"properties":{"cadreg":50}},{"type":"Feature","geometry":{"type":"Polygon","coordinates":[[[24.85808,41.747988],[24.857937,41.747941],[24.857808,41.74796],[24.857719,41.748077],[24.857687,41.748251],[24.857598,41.748401],[24.857604,41.748497],[24.857383,41.748522],[24.857255,41.748484],[24.857028,41.748846],[24.857043,41.748924],[24.857132,41.749022],[24.857194,41.749062],[24.857332,41.74907],[24.85745,41.749046],[24.857869,41.748684],[24.857978,41.748638],[24.858242,41.748605],[24.858327,41.748579],[24.858294,41.748456],[24.858392,41.7484],[24.858659,41.748328],[24.858768,41.748242],[24.858613,41.74814],[24.858359,41.748064],[24.858237,41.74809],[24.85808,41.747988]]]},"properties":{"cadreg":51}},{"type":"Feature","geometry":{"type":"Polygon","coordinates":[[[24.858662,41.749184],[24.858618,41.749392],[24.858659,41.749609],[24.858785,41.749741],[24.858946,41.749778],[24.859169,41.749772],[24.85951,41.749535],[24.859563,41.74937],[24.859363,41.74932],[24.858968,41.749268],[24.858738,41.749085],[24.858662,41.749184]]]},"properties":{"cadreg":52}},{"type":"Feature","geometry":{"type":"Polygon","coordinates":[[[24.861546,41.750025],[24.861605,41.749935],[24.861529,41.749822],[24.861589,41.749742],[24.861418,41.749541],[24.861466,41.749481],[24.861693,41.749453],[24.861716,41.749353],[24.861619,41.749046],[24.861442,41.748815],[24.861328,41.748697],[24.860398,41.748967],[24.860351,41.749052],[24.860366,41.749131],[24.860548,41.749327],[24.860618,41.749445],[24.860619,41.74951],[24.860112,41.749251],[24.860021,41.749252],[24.85999,41.749292],[24.860159,41.749509],[24.860246,41.749587],[24.860343,41.749765],[24.860359,41.750235],[24.86047,41.750243],[24.860537,41.75032],[24.860501,41.750378],[24.860782,41.750536],[24.861162,41.750223],[24.861546,41.750025]]]},"properties":{"cadreg":53}},{"type":"Feature","geometry":{"type":"Polygon","coordinates":[[[24.859664,41.746429],[24.859516,41.74645],[24.859411,41.746442],[24.859237,41.746345],[24.859151,41.746326],[24.858867,41.746196],[24.858971,41.746467],[24.858705,41.746515],[24.858645,41.746595],[24.858701,41.746867],[24.85866,41.746961],[24.858503,41.747091],[24.858733,41.747251],[24.85873,41.747354],[24.858792,41.747403],[24.858879,41.747417],[24.859145,41.747338],[24.859282,41.747437],[24.859099,41.747619],[24.859132,41.747712],[24.859351,41.747868],[24.859514,41.748014],[24.85965,41.748052],[24.859883,41.748054],[24.860043,41.748047],[24.86014,41.747991],[24.860157,41.747932],[24.8601,41.74781],[24.860414,41.747764],[24.861241,41.74792],[24.861685,41.747964],[24.862042,41.74798],[24.862138,41.747909],[24.862363,41.747486],[24.862365,41.747313],[24.862264,41.747225],[24.862073,41.747186],[24.86218,41.747015],[24.862231,41.747071],[24.86233,41.747114],[24.862681,41.747159],[24.862856,41.747222],[24.863067,41.747343],[24.863177,41.747351],[24.863367,41.747279],[24.863538,41.747238],[24.863661,41.747246],[24.863753,41.74722],[24.863818,41.747135],[24.864049,41.747028],[24.864129,41.746943],[24.864293,41.746595],[24.864374,41.746342],[24.864367,41.746292],[24.864249,41.746244],[24.864212,41.746248],[24.863999,41.746299],[24.863731,41.746533],[24.863337,41.746554],[24.863189,41.746219],[24.863096,41.7462],[24.863004,41.746212],[24.862968,41.746252],[24.862942,41.74646],[24.862888,41.7465],[24.862789,41.746511],[24.862703,41.746488],[24.862695,41.746433],[24.862781,41.746418],[24.862835,41.746372],[24.86284,41.746303],[24.862766,41.746299],[24.862675,41.746344],[24.862612,41.746286],[24.86236,41.746285],[24.862253,41.746201],[24.862106,41.746199],[24.861917,41.746265],[24.861811,41.746343],[24.861498,41.746215],[24.861364,41.746217],[24.861229,41.746264],[24.861194,41.746363],[24.861222,41.746511],[24.86134,41.746816],[24.861287,41.746901],[24.861121,41.746918],[24.861019,41.746824],[24.860804,41.746812],[24.860559,41.746849],[24.860401,41.746839],[24.860234,41.746762],[24.860223,41.746603],[24.86003,41.746463],[24.859925,41.746486],[24.859868,41.746439],[24.859664,41.746429]]]},"properties":{"cadreg":54}},{"type":"Feature","geometry":{"type":"Polygon","coordinates":[[[24.864929,41.746505],[24.864836,41.746734],[24.864998,41.746851],[24.8652,41.746936],[24.865612,41.747327],[24.865905,41.747284],[24.86631,41.747141],[24.866337,41.747194],[24.866351,41.747531],[24.866439,41.747824],[24.866876,41.748583],[24.866964,41.748498],[24.866886,41.748334],[24.866549,41.747843],[24.866469,41.747632],[24.866452,41.747541],[24.866433,41.74718],[24.866175,41.746757],[24.865759,41.746188],[24.865699,41.746141],[24.865486,41.746049],[24.865383,41.745959],[24.865289,41.745842],[24.865145,41.745745],[24.865058,41.745723],[24.864889,41.745727],[24.864775,41.745712],[24.864721,41.745678],[24.864649,41.74566],[24.864493,41.745687],[24.864427,41.745746],[24.864154,41.746144],[24.863999,41.746299],[24.864212,41.746248],[24.864398,41.745997],[24.864467,41.745859],[24.864544,41.745762],[24.864637,41.745741],[24.864891,41.745764],[24.865008,41.745803],[24.865086,41.74585],[24.864864,41.746337],[24.864929,41.746505]]]},"properties":{"cadreg":55}},{"type":"Feature","geometry":{"type":"Polygon","coordinates":[[[24.867349,41.746073],[24.867106,41.746224],[24.867084,41.746304],[24.867336,41.746576],[24.867175,41.746568],[24.867159,41.746623],[24.867277,41.746958],[24.867376,41.746992],[24.867445,41.747045],[24.867512,41.747287],[24.867594,41.747371],[24.867573,41.747455],[24.867536,41.747481],[24.867305,41.74805],[24.867224,41.748475],[24.867114,41.74852],[24.867047,41.748631],[24.867123,41.748749],[24.867318,41.748971],[24.867745,41.749308],[24.867807,41.749385],[24.867927,41.749485],[24.867971,41.749557],[24.86797,41.749618],[24.868067,41.749748],[24.868067,41.749543],[24.868009,41.749444],[24.867884,41.749342],[24.867838,41.749283],[24.867841,41.749065],[24.867819,41.74901],[24.867601,41.748831],[24.867528,41.748733],[24.867516,41.748587],[24.86757,41.748447],[24.867569,41.748371],[24.86751,41.748175],[24.867628,41.747839],[24.867725,41.747686],[24.867731,41.74759],[24.867668,41.747452],[24.867678,41.747407],[24.867792,41.747245],[24.867886,41.747153],[24.867984,41.746998],[24.868042,41.746856],[24.868072,41.746724],[24.868092,41.746376],[24.867996,41.74638],[24.86751,41.746115],[24.867349,41.746073]]]},"properties":{"cadreg":56}},{"type":"Feature","geometry":{"type":"Polygon","coordinates":[[[24.866865,41.74169],[24.866786,41.74176],[24.866765,41.741889],[24.866427,41.741933],[24.86628,41.741995],[24.866222,41.742114],[24.866089,41.742145],[24.865713,41.742114],[24.865668,41.74214],[24.865534,41.742012],[24.865382,41.741833],[24.865318,41.741784],[24.865252,41.741763],[24.865077,41.741767],[24.86503,41.741794],[24.864986,41.741853],[24.864923,41.741985],[24.864917,41.742061],[24.864953,41.742112],[24.86503,41.742146],[24.865116,41.742155],[24.864979,41.742277],[24.864927,41.742449],[24.864942,41.742489],[24.865133,41.742657],[24.865351,41.742465],[24.865675,41.742352],[24.86653,41.742388],[24.866642,41.742456],[24.866532,41.74266],[24.866542,41.742817],[24.866743,41.743003],[24.867031,41.743087],[24.867103,41.743174],[24.867124,41.743275],[24.867115,41.743319],[24.866698,41.743273],[24.866555,41.743299],[24.866395,41.74335],[24.866285,41.743363],[24.866293,41.743435],[24.866422,41.74342],[24.866586,41.743367],[24.866704,41.743346],[24.867162,41.7434],[24.867306,41.743461],[24.867378,41.74352],[24.867284,41.743682],[24.867289,41.743828],[24.867423,41.743856],[24.867486,41.743924],[24.867476,41.744013],[24.867805,41.744122],[24.867864,41.744226],[24.867956,41.744206],[24.867868,41.74404],[24.868032,41.743888],[24.868112,41.743852],[24.868146,41.743768],[24.868271,41.743766],[24.86838,41.743701],[24.86846,41.74368],[24.868858,41.743888],[24.868991,41.743824],[24.869009,41.744011],[24.869073,41.744144],[24.869181,41.744292],[24.869178,41.744469],[24.869379,41.744664],[24.869254,41.744805],[24.86923,41.744884],[24.869324,41.744907],[24.869363,41.744996],[24.869351,41.745061],[24.869404,41.745118],[24.86933,41.745177],[24.869166,41.745262],[24.868917,41.745681],[24.868744,41.745896],[24.868735,41.746059],[24.868683,41.746189],[24.86853,41.746283],[24.868396,41.746345],[24.868092,41.746376],[24.868072,41.746724],[24.868042,41.746856],[24.867984,41.746998],[24.867886,41.747153],[24.867792,41.747245],[24.867678,41.747407],[24.867668,41.747452],[24.867731,41.74759],[24.867725,41.747686],[24.867628,41.747839],[24.867513,41.748132],[24.867512,41.748222],[24.867558,41.748303],[24.867569,41.748371],[24.86757,41.748447],[24.867516,41.748587],[24.867528,41.748733],[24.867601,41.748831],[24.867819,41.74901],[24.867841,41.749065],[24.867838,41.749283],[24.867884,41.749342],[24.868009,41.749444],[24.868067,41.749543],[24.868067,41.749748],[24.868103,41.749807],[24.868166,41.749805],[24.868199,41.749773],[24.868194,41.749637],[24.868139,41.749518],[24.868116,41.749285],[24.868121,41.749176],[24.868148,41.749134],[24.86842,41.748956],[24.868633,41.748871],[24.869003,41.748674],[24.869369,41.748561],[24.869504,41.748546],[24.869628,41.748514],[24.86994,41.74833],[24.870012,41.748263],[24.870066,41.748084],[24.870055,41.74766],[24.869734,41.747547],[24.869462,41.747496],[24.869361,41.747411],[24.869344,41.747197],[24.869556,41.747299],[24.869607,41.747271],[24.869689,41.747112],[24.869738,41.747076],[24.869938,41.747028],[24.86996,41.746783],[24.869989,41.746711],[24.870074,41.7466],[24.870145,41.746555],[24.870254,41.746539],[24.87035,41.746478],[24.870535,41.746476],[24.870627,41.746489],[24.870675,41.746439],[24.870806,41.746443],[24.870848,41.746497],[24.870852,41.746539],[24.870742,41.7466],[24.870601,41.746622],[24.870257,41.746636],[24.870297,41.746769],[24.870429,41.746892],[24.870465,41.746884],[24.870849,41.746913],[24.87096,41.746871],[24.871024,41.746818],[24.871319,41.746515],[24.871398,41.746462],[24.871539,41.746427],[24.871698,41.746411],[24.87216,41.746399],[24.873017,41.746503],[24.873673,41.746495],[24.874271,41.746352],[24.874549,41.746353],[24.87472,41.746394],[24.875091,41.746438],[24.875403,41.746439],[24.875524,41.746414],[24.87563,41.746341],[24.875711,41.746311],[24.875544,41.746209],[24.875431,41.746166],[24.875112,41.746134],[24.874928,41.746078],[24.874675,41.745889],[24.874539,41.745833],[24.874389,41.745787],[24.874068,41.745732],[24.873804,41.745658],[24.873746,41.745624],[24.873596,41.745425],[24.873519,41.745406],[24.873407,41.745323],[24.873307,41.745218],[24.873214,41.745112],[24.873044,41.744839],[24.87283,41.744679],[24.872461,41.744499],[24.872294,41.744354],[24.871864,41.74388],[24.87172,41.743894],[24.871685,41.74387],[24.871614,41.743859],[24.871675,41.744089],[24.871612,41.744225],[24.871694,41.744301],[24.871754,41.744435],[24.871854,41.744537],[24.871853,41.744636],[24.871714,41.744646],[24.871323,41.744519],[24.871305,41.744702],[24.87107,41.744705],[24.870968,41.744738],[24.870876,41.744443],[24.870785,41.744357],[24.870875,41.744332],[24.87096,41.744286],[24.871001,41.744218],[24.871139,41.744124],[24.871307,41.744062],[24.871001,41.74392],[24.870687,41.743837],[24.870512,41.743751],[24.870454,41.74375],[24.870167,41.743469],[24.870134,41.743332],[24.870124,41.743139],[24.870078,41.743026],[24.86994,41.742938],[24.869817,41.742926],[24.869707,41.742967],[24.869519,41.7432],[24.869485,41.743261],[24.869458,41.743379],[24.869377,41.743411],[24.869226,41.743537],[24.869138,41.743569],[24.868903,41.743579],[24.868836,41.743522],[24.868754,41.743395],[24.868681,41.743204],[24.868316,41.7426],[24.867966,41.742506],[24.867975,41.742484],[24.868109,41.742406],[24.868183,41.742394],[24.868314,41.742402],[24.86804,41.742168],[24.867971,41.742063],[24.867925,41.741939],[24.867572,41.74204],[24.867136,41.741813],[24.866928,41.741774],[24.866865,41.74169]]]},"properties":{"cadreg":57}},{"type":"Feature","geometry":{"type":"Polygon","coordinates":[[[24.862336,41.74265],[24.862053,41.742668],[24.862081,41.743059],[24.862199,41.743105],[24.862234,41.743175],[24.862127,41.743304],[24.862092,41.743383],[24.862102,41.743491],[24.862201,41.743655],[24.86237,41.743772],[24.86239,41.743851],[24.86237,41.74393],[24.862287,41.743997],[24.86212,41.744018],[24.862014,41.74396],[24.861956,41.743859],[24.861779,41.743837],[24.861604,41.743849],[24.86163,41.744046],[24.861768,41.744299],[24.861967,41.744436],[24.862212,41.74453],[24.862507,41.744528],[24.862559,41.744476],[24.862614,41.744469],[24.862689,41.744435],[24.862844,41.744333],[24.86295,41.744448],[24.863099,41.744437],[24.863137,41.744413],[24.863248,41.744426],[24.863574,41.744303],[24.863719,41.744231],[24.863927,41.744173],[24.864333,41.744089],[24.864581,41.743989],[24.864896,41.743973],[24.864994,41.743946],[24.865173,41.743883],[24.865412,41.743739],[24.865732,41.74341],[24.86598,41.74343],[24.866293,41.743435],[24.866285,41.743363],[24.865989,41.743358],[24.865878,41.743343],[24.865825,41.743215],[24.865728,41.743087],[24.865447,41.742988],[24.865342,41.742991],[24.86528,41.743015],[24.8652,41.74314],[24.865188,41.743274],[24.865167,41.743317],[24.865058,41.743311],[24.864952,41.743278],[24.864864,41.74322],[24.864801,41.743147],[24.864772,41.743058],[24.864679,41.742995],[24.864825,41.742981],[24.865133,41.742657],[24.864942,41.742489],[24.864927,41.742449],[24.864979,41.742277],[24.864774,41.742116],[24.864723,41.742119],[24.864491,41.7422],[24.864262,41.742318],[24.864045,41.742366],[24.86389,41.742257],[24.863814,41.742237],[24.863759,41.742298],[24.863828,41.742407],[24.863704,41.742546],[24.863598,41.742558],[24.863476,41.74254],[24.863298,41.742538],[24.863236,41.742552],[24.863141,41.742626],[24.863061,41.74266],[24.863078,41.742718],[24.863198,41.742758],[24.863242,41.742789],[24.863243,41.742863],[24.863109,41.742965],[24.863057,41.742987],[24.862911,41.743005],[24.862748,41.742961],[24.86262,41.742828],[24.862609,41.742765],[24.862494,41.742549],[24.862336,41.74265]]]},"properties":{"cadreg":58}},{"type":"Feature","geometry":{"type":"Polygon","coordinates":[[[24.857283,41.743069],[24.856556,41.743126],[24.856536,41.743252],[24.856383,41.743479],[24.856343,41.743585],[24.856393,41.743913],[24.856381,41.744246],[24.856353,41.744371],[24.856264,41.744477],[24.856262,41.744599],[24.856306,41.744695],[24.85638,41.744774],[24.856481,41.744851],[24.856638,41.744917],[24.85671,41.744973],[24.856616,41.744949],[24.85645,41.744878],[24.856342,41.744796],[24.856259,41.744704],[24.856223,41.744962],[24.856231,41.745061],[24.856309,41.745194],[24.856432,41.745234],[24.857718,41.745336],[24.857787,41.745424],[24.857803,41.745532],[24.857921,41.745593],[24.858142,41.74561],[24.858229,41.745664],[24.858293,41.745747],[24.858271,41.745866],[24.858177,41.746085],[24.858104,41.746084],[24.85809,41.746117],[24.858055,41.746134],[24.85802,41.746273],[24.858103,41.74654],[24.858242,41.746529],[24.858298,41.746562],[24.858395,41.746492],[24.858514,41.746307],[24.858642,41.746256],[24.858843,41.746205],[24.858804,41.74592],[24.858789,41.745469],[24.858889,41.745394],[24.858904,41.745279],[24.858803,41.745177],[24.858609,41.745057],[24.858255,41.744899],[24.85869,41.74489],[24.858776,41.744854],[24.858791,41.744691],[24.858831,41.744643],[24.858937,41.744623],[24.859056,41.744688],[24.859162,41.74482],[24.859741,41.744837],[24.859877,41.744855],[24.859926,41.744826],[24.859903,41.744773],[24.85978,41.744627],[24.859738,41.744343],[24.859545,41.744175],[24.859348,41.744096],[24.859225,41.744087],[24.859172,41.74406],[24.858943,41.744035],[24.85883,41.744005],[24.858974,41.743894],[24.859023,41.74373],[24.85913,41.74355],[24.859313,41.743459],[24.859208,41.743194],[24.859355,41.743152],[24.859865,41.74316],[24.860122,41.743107],[24.860319,41.743095],[24.86044,41.743014],[24.860413,41.742935],[24.860242,41.742957],[24.859968,41.742823],[24.859807,41.742775],[24.859601,41.742847],[24.859327,41.742702],[24.859154,41.742655],[24.858995,41.742697],[24.858821,41.742679],[24.858818,41.742511],[24.858583,41.742454],[24.858404,41.742356],[24.85823,41.742328],[24.858096,41.74235],[24.857948,41.742332],[24.857786,41.742235],[24.85759,41.742227],[24.857432,41.742318],[24.857283,41.743069]]]},"properties":{"cadreg":59}},{"type":"Feature","geometry":{"type":"Polygon","coordinates":[[[24.854937,41.745374],[24.855177,41.745501],[24.855454,41.745576],[24.855633,41.745597],[24.855731,41.745634],[24.855793,41.745683],[24.855863,41.746],[24.855946,41.745945],[24.856022,41.746082],[24.856111,41.746179],[24.856344,41.746146],[24.85618,41.745976],[24.856011,41.745863],[24.856215,41.745557],[24.856511,41.745703],[24.856514,41.745475],[24.856403,41.745283],[24.856432,41.745234],[24.856309,41.745194],[24.856231,41.745061],[24.856223,41.744962],[24.856259,41.744704],[24.856342,41.744796],[24.85645,41.744878],[24.856616,41.744949],[24.85671,41.744973],[24.856638,41.744917],[24.856481,41.744851],[24.85638,41.744774],[24.856306,41.744695],[24.856262,41.744599],[24.856264,41.744477],[24.856353,41.744371],[24.856381,41.744246],[24.856393,41.743913],[24.856343,41.743585],[24.856383,41.743479],[24.856536,41.743252],[24.856556,41.743126],[24.856477,41.743058],[24.856212,41.742928],[24.856106,41.742816],[24.85606,41.742831],[24.855939,41.743085],[24.856009,41.743165],[24.85603,41.743245],[24.856012,41.743303],[24.855834,41.743561],[24.855813,41.74364],[24.855835,41.743953],[24.855889,41.743994],[24.855881,41.744121],[24.855729,41.744229],[24.855244,41.744412],[24.854934,41.744578],[24.854737,41.744851],[24.854729,41.745045],[24.854826,41.745237],[24.854937,41.745374]]]},"properties":{"cadreg":60}},{"type":"Feature","geometry":{"type":"Polygon","coordinates":[[[24.854775,41.746743],[24.854773,41.746663],[24.854725,41.746634],[24.854599,41.746631],[24.854471,41.746654],[24.854149,41.746798],[24.853874,41.746903],[24.853773,41.746992],[24.853691,41.747148],[24.853521,41.747659],[24.853471,41.747911],[24.853466,41.748231],[24.853433,41.748247],[24.853359,41.74825],[24.853458,41.748398],[24.853564,41.74837],[24.854202,41.748064],[24.854404,41.747947],[24.854622,41.747934],[24.854732,41.747879],[24.854837,41.747855],[24.855048,41.747913],[24.855401,41.747871],[24.855503,41.747891],[24.855526,41.747979],[24.855623,41.74804],[24.855732,41.748014],[24.855795,41.747967],[24.855676,41.747706],[24.855687,41.747647],[24.85576,41.747591],[24.855747,41.747533],[24.855872,41.747387],[24.855728,41.74725],[24.855545,41.747297],[24.855301,41.747424],[24.855264,41.74747],[24.855061,41.747547],[24.854818,41.747556],[24.854624,41.747529],[24.854492,41.747435],[24.854479,41.74734],[24.854505,41.747243],[24.854706,41.746832],[24.854775,41.746743]]]},"properties":{"cadreg":62}},{"type":"Feature","geometry":{"type":"Polygon","coordinates":[[[24.852709,41.744866],[24.852537,41.744883],[24.852254,41.744867],[24.85199,41.74489],[24.851977,41.74495],[24.85175,41.744943],[24.85163,41.745446],[24.851648,41.745723],[24.851803,41.745788],[24.851942,41.7458],[24.852216,41.745791],[24.852394,41.745839],[24.852551,41.745845],[24.852876,41.745927],[24.853079,41.746047],[24.853201,41.746161],[24.85344,41.746442],[24.853481,41.746527],[24.853432,41.746578],[24.853175,41.746623],[24.852824,41.74666],[24.852686,41.746719],[24.852621,41.746838],[24.852601,41.74706],[24.852612,41.74719],[24.852657,41.747327],[24.852695,41.747382],[24.85277,41.747708],[24.852832,41.747811],[24.853046,41.748095],[24.853111,41.748152],[24.85323,41.748235],[24.853279,41.748253],[24.853433,41.748247],[24.853466,41.748231],[24.853475,41.748195],[24.853471,41.747911],[24.853521,41.747659],[24.853731,41.747052],[24.853773,41.746992],[24.853874,41.746903],[24.854149,41.746798],[24.854471,41.746654],[24.854636,41.746629],[24.854725,41.746634],[24.854773,41.746663],[24.854775,41.746743],[24.854706,41.746832],[24.854505,41.747243],[24.85448,41.747365],[24.854492,41.747435],[24.854624,41.747529],[24.854818,41.747556],[24.855061,41.747547],[24.855273,41.747463],[24.855217,41.747447],[24.855049,41.747511],[24.85489,41.747519],[24.854892,41.74731],[24.854924,41.747131],[24.855487,41.747263],[24.855584,41.747233],[24.855726,41.747221],[24.855689,41.747163],[24.855826,41.746998],[24.855908,41.747061],[24.856112,41.747113],[24.855949,41.746982],[24.855816,41.746795],[24.855718,41.746578],[24.855689,41.746609],[24.85564,41.746601],[24.855609,41.746158],[24.855863,41.746],[24.855793,41.745683],[24.855731,41.745634],[24.855633,41.745597],[24.855454,41.745576],[24.855177,41.745501],[24.854937,41.745374],[24.854826,41.745237],[24.854729,41.745045],[24.854737,41.744851],[24.854934,41.744578],[24.855244,41.744412],[24.855729,41.744229],[24.855881,41.744121],[24.855889,41.743994],[24.855835,41.743953],[24.855813,41.74364],[24.855834,41.743561],[24.856012,41.743303],[24.85603,41.743245],[24.856009,41.743165],[24.855912,41.743052],[24.855832,41.74301],[24.855595,41.743184],[24.855524,41.743176],[24.855393,41.743215],[24.855265,41.743317],[24.855247,41.743393],[24.854836,41.743419],[24.854626,41.743468],[24.854367,41.743877],[24.854189,41.744064],[24.854081,41.744145],[24.853876,41.744173],[24.853642,41.744272],[24.853484,41.744381],[24.853032,41.74462],[24.852709,41.744866]]]},"properties":{"cadreg":63}},{"type":"Feature","geometry":{"type":"Polygon","coordinates":[[[24.852216,41.745791],[24.851803,41.745788],[24.851648,41.745723],[24.85163,41.745446],[24.851225,41.745461],[24.851153,41.745541],[24.850988,41.745869],[24.851065,41.745987],[24.851074,41.746151],[24.850525,41.746306],[24.850341,41.746002],[24.850253,41.745953],[24.850175,41.746014],[24.85008,41.746163],[24.850045,41.746273],[24.849997,41.746333],[24.849918,41.746344],[24.849807,41.74633],[24.84972,41.746336],[24.849524,41.746638],[24.849521,41.746843],[24.849591,41.74696],[24.849692,41.747],[24.849721,41.747157],[24.849784,41.747221],[24.849895,41.747254],[24.850054,41.747223],[24.850242,41.747136],[24.85044,41.747183],[24.850605,41.747136],[24.85084,41.747203],[24.850913,41.747142],[24.850951,41.746959],[24.851098,41.746922],[24.851183,41.746852],[24.851176,41.746792],[24.8507,41.746709],[24.850691,41.746611],[24.850999,41.746607],[24.851568,41.746446],[24.851591,41.746463],[24.851631,41.746495],[24.85161,41.746634],[24.851575,41.746724],[24.851383,41.746929],[24.851464,41.746977],[24.851739,41.746939],[24.851759,41.747008],[24.851577,41.747085],[24.851438,41.74717],[24.851419,41.747443],[24.851298,41.747523],[24.851163,41.74756],[24.851074,41.74762],[24.85104,41.747801],[24.851139,41.748077],[24.851525,41.748572],[24.851746,41.748791],[24.852018,41.748841],[24.852204,41.748918],[24.852314,41.748892],[24.852368,41.748837],[24.852364,41.748659],[24.852022,41.7485],[24.852031,41.748337],[24.85211,41.748286],[24.852226,41.748241],[24.852588,41.748528],[24.852806,41.748391],[24.853246,41.748529],[24.853458,41.748398],[24.853359,41.74825],[24.853279,41.748253],[24.85323,41.748235],[24.853046,41.748095],[24.852832,41.747811],[24.85277,41.747708],[24.852695,41.747382],[24.852657,41.747327],[24.852612,41.74719],[24.852601,41.74706],[24.852621,41.746838],[24.852686,41.746719],[24.852824,41.74666],[24.853175,41.746623],[24.853432,41.746578],[24.853481,41.746527],[24.853478,41.746495],[24.853201,41.746161],[24.853029,41.746009],[24.852876,41.745927],[24.852551,41.745845],[24.852394,41.745839],[24.852216,41.745791]]]},"properties":{"cadreg":64}},{"type":"Feature","geometry":{"type":"MultiPolygon","coordinates":[[[[24.830558,41.737753],[24.830472,41.73783],[24.830363,41.737893],[24.830048,41.738033],[24.829949,41.738045],[24.829751,41.738145],[24.829617,41.738191],[24.829336,41.738344],[24.82894,41.738602],[24.82872,41.738676],[24.827981,41.738701],[24.827911,41.738725],[24.827749,41.738826],[24.827626,41.738874],[24.827508,41.738892],[24.82698,41.738912],[24.826777,41.738943],[24.826271,41.739056],[24.825574,41.739278],[24.825417,41.739352],[24.825082,41.739359],[24.824679,41.7393],[24.824239,41.739278],[24.823903,41.739361],[24.82378,41.739408],[24.823549,41.739431],[24.823382,41.739485],[24.822975,41.739511],[24.823194,41.739511],[24.823386,41.739494],[24.823553,41.73944],[24.823785,41.739416],[24.823908,41.739369],[24.82424,41.739287],[24.824677,41.739309],[24.825081,41.739368],[24.825421,41.739361],[24.825579,41.739286],[24.825779,41.739221],[24.826088,41.739137],[24.826278,41.739069],[24.826605,41.738993],[24.826983,41.738926],[24.827633,41.738892],[24.827258,41.740029],[24.827309,41.740201],[24.827396,41.740289],[24.827683,41.740147],[24.827839,41.740042],[24.827963,41.739995],[24.828089,41.740019],[24.828118,41.740127],[24.828198,41.740215],[24.828434,41.740142],[24.829218,41.739772],[24.829541,41.739707],[24.829742,41.739642],[24.830059,41.739593],[24.83064,41.739576],[24.830909,41.739582],[24.831122,41.739857],[24.831278,41.73981],[24.831409,41.739735],[24.831322,41.739511],[24.831399,41.739487],[24.831758,41.739483],[24.831773,41.73947],[24.83212,41.739628],[24.832213,41.739652],[24.832363,41.73962],[24.832539,41.7395],[24.832704,41.739256],[24.832839,41.739125],[24.832924,41.739015],[24.83296,41.739213],[24.832972,41.7394],[24.833108,41.73932],[24.833259,41.739278],[24.833214,41.739061],[24.833131,41.73888],[24.833201,41.738766],[24.833206,41.738691],[24.832974,41.738572],[24.83323,41.738214],[24.832872,41.738214],[24.83266,41.737793],[24.832534,41.737671],[24.832334,41.737687],[24.832179,41.737666],[24.832466,41.737464],[24.832497,41.737404],[24.832455,41.737286],[24.832228,41.736915],[24.832471,41.736703],[24.832648,41.736514],[24.832924,41.736445],[24.833283,41.736284],[24.833583,41.736045],[24.833646,41.735903],[24.833708,41.735837],[24.833831,41.735757],[24.834121,41.735674],[24.834265,41.735611],[24.834315,41.735565],[24.834296,41.73547],[24.834225,41.735378],[24.834123,41.735296],[24.834186,41.735246],[24.833981,41.735195],[24.834004,41.735351],[24.833979,41.735394],[24.833892,41.735459],[24.833519,41.735665],[24.83342,41.735802],[24.833307,41.735918],[24.833124,41.73602],[24.832959,41.736077],[24.832765,41.736169],[24.832508,41.736258],[24.832336,41.736338],[24.832198,41.736452],[24.832117,41.736561],[24.832026,41.736752],[24.831985,41.736797],[24.831564,41.736914],[24.831017,41.737251],[24.83079,41.737371],[24.830659,41.737475],[24.830601,41.737573],[24.830568,41.737688],[24.830362,41.737779],[24.830181,41.737814],[24.830072,41.737858],[24.82956,41.737955],[24.829332,41.738053],[24.829386,41.738117],[24.829514,41.738045],[24.829604,41.738016],[24.829859,41.737995],[24.830036,41.737959],[24.830537,41.737746],[24.830558,41.737753]]],[[[24.831222,41.740303],[24.831115,41.740251],[24.830945,41.740268],[24.830691,41.740409],[24.83051,41.74054],[24.830246,41.740603],[24.830198,41.740731],[24.830048,41.740837],[24.829895,41.741076],[24.829898,41.741225],[24.829954,41.741337],[24.830074,41.741435],[24.830324,41.741387],[24.830589,41.741191],[24.83083,41.741055],[24.831053,41.740953],[24.831162,41.740838],[24.831124,41.740666],[24.831129,41.740547],[24.831224,41.740392],[24.831222,41.740303]]],[[[24.831875,41.740263],[24.832027,41.7403],[24.832119,41.74026],[24.832161,41.739769],[24.83212,41.739628],[24.831976,41.739757],[24.831799,41.739829],[24.831862,41.739991],[24.831875,41.740263]]]]},"properties":{"cadreg":65}},{"type":"Feature","geometry":{"type":"Polygon","coordinates":[[[24.817116,41.738691],[24.817298,41.738635],[24.817495,41.738549],[24.817676,41.738438],[24.817872,41.738356],[24.817949,41.738247],[24.8179,41.738109],[24.817717,41.737864],[24.817703,41.737727],[24.817815,41.737527],[24.817644,41.737555],[24.817422,41.737621],[24.817193,41.737733],[24.817024,41.737853],[24.816886,41.73788],[24.816801,41.737861],[24.816744,41.73797],[24.816775,41.738152],[24.816961,41.738545],[24.817041,41.738643],[24.817116,41.738691]]]},"properties":{"cadreg":66}},{"type":"Feature","geometry":{"type":"Polygon","coordinates":[[[24.828157,41.735941],[24.82814,41.73602],[24.828314,41.736452],[24.828282,41.736522],[24.828086,41.736584],[24.827897,41.736675],[24.827705,41.736705],[24.827593,41.73675],[24.82755,41.736736],[24.827205,41.735659],[24.82695,41.735741],[24.826761,41.735853],[24.826678,41.735957],[24.826664,41.736274],[24.826452,41.736449],[24.826182,41.736488],[24.826205,41.736635],[24.826388,41.73687],[24.826484,41.737052],[24.826441,41.737166],[24.826284,41.737217],[24.826014,41.737246],[24.826123,41.7374],[24.826358,41.737596],[24.82642,41.737722],[24.826735,41.737936],[24.826993,41.738193],[24.827149,41.738394],[24.827175,41.738505],[24.827145,41.738546],[24.827155,41.738682],[24.827192,41.738712],[24.82753,41.738782],[24.827588,41.738829],[24.827565,41.738884],[24.827749,41.738826],[24.827911,41.738725],[24.827981,41.738701],[24.82872,41.738676],[24.82894,41.738602],[24.829336,41.738344],[24.829617,41.738191],[24.829751,41.738145],[24.829949,41.738045],[24.830048,41.738033],[24.83021,41.737967],[24.830472,41.73783],[24.830561,41.737746],[24.830036,41.737959],[24.829859,41.737995],[24.829604,41.738016],[24.829514,41.738045],[24.829386,41.738117],[24.829332,41.738053],[24.82956,41.737955],[24.829933,41.737893],[24.829845,41.737477],[24.829991,41.737218],[24.829949,41.737104],[24.829934,41.736961],[24.829984,41.736873],[24.830121,41.736846],[24.830286,41.736863],[24.830372,41.736828],[24.830403,41.736763],[24.830361,41.736662],[24.830174,41.736531],[24.830382,41.736346],[24.830469,41.73612],[24.830553,41.736041],[24.830566,41.736241],[24.83066,41.736384],[24.830834,41.736451],[24.830978,41.736464],[24.831078,41.736457],[24.831683,41.736149],[24.831847,41.736003],[24.831864,41.735909],[24.831803,41.735821],[24.831566,41.735824],[24.831263,41.735873],[24.831159,41.735874],[24.831079,41.73584],[24.831008,41.735643],[24.830854,41.735522],[24.830661,41.735435],[24.830526,41.735355],[24.830841,41.735321],[24.830831,41.735198],[24.830754,41.734981],[24.830598,41.734771],[24.830505,41.734728],[24.830235,41.734805],[24.829755,41.734262],[24.829713,41.734442],[24.828923,41.734191],[24.828785,41.734197],[24.82851,41.734274],[24.828538,41.734684],[24.828503,41.734822],[24.828722,41.735239],[24.828991,41.735261],[24.828946,41.735324],[24.82875,41.735389],[24.828563,41.735508],[24.828527,41.735679],[24.828432,41.735843],[24.828268,41.735875],[24.828157,41.735941]]]},"properties":{"cadreg":67}},{"type":"Feature","geometry":{"type":"Polygon","coordinates":[[[24.848249,41.73848],[24.8481,41.738433],[24.847972,41.738434],[24.847815,41.738471],[24.847727,41.738631],[24.847905,41.738891],[24.847744,41.739111],[24.847716,41.739235],[24.847847,41.739317],[24.848112,41.739383],[24.84824,41.739775],[24.848432,41.739872],[24.848453,41.739931],[24.848324,41.739982],[24.847895,41.740053],[24.84747,41.739969],[24.847335,41.739985],[24.847263,41.740075],[24.847321,41.740179],[24.847527,41.740307],[24.847712,41.740374],[24.847813,41.740452],[24.847777,41.740536],[24.847392,41.740902],[24.847224,41.741082],[24.847183,41.741172],[24.847209,41.74127],[24.847522,41.741429],[24.847866,41.741712],[24.847963,41.741883],[24.848063,41.741976],[24.848266,41.741973],[24.848465,41.741843],[24.848834,41.741531],[24.848998,41.741474],[24.84925,41.741451],[24.849545,41.741447],[24.849735,41.741396],[24.849768,41.741291],[24.849718,41.741179],[24.84937,41.741049],[24.849332,41.740985],[24.849438,41.74086],[24.849306,41.74077],[24.849262,41.74055],[24.849268,41.740464],[24.849283,41.740394],[24.849467,41.740006],[24.849489,41.739848],[24.849485,41.739649],[24.849377,41.739438],[24.849324,41.739352],[24.848909,41.739101],[24.848837,41.738963],[24.848719,41.738875],[24.848602,41.738854],[24.848462,41.738761],[24.848249,41.73848]]]},"properties":{"cadreg":68}},{"type":"Feature","geometry":{"type":"Polygon","coordinates":[[[24.844164,41.737709],[24.843923,41.738117],[24.843774,41.738233],[24.843431,41.738373],[24.842428,41.738879],[24.842088,41.739032],[24.841776,41.739214],[24.841603,41.739333],[24.841949,41.739629],[24.841633,41.740187],[24.841818,41.740185],[24.842079,41.740082],[24.842894,41.739974],[24.84333,41.740047],[24.843571,41.740182],[24.84381,41.740269],[24.843987,41.73997],[24.84415,41.739553],[24.844371,41.739113],[24.8444,41.73923],[24.844411,41.739462],[24.844369,41.739775],[24.844437,41.739809],[24.844633,41.739772],[24.844726,41.739775],[24.845578,41.739997],[24.845813,41.740024],[24.846668,41.740009],[24.84719,41.739705],[24.847482,41.739237],[24.847688,41.738523],[24.847885,41.738248],[24.847856,41.738159],[24.848051,41.738058],[24.848132,41.73781],[24.848099,41.737414],[24.847981,41.737411],[24.847449,41.737317],[24.846932,41.737376],[24.846628,41.737385],[24.846496,41.737372],[24.846289,41.737323],[24.846123,41.737245],[24.846048,41.737151],[24.846029,41.737073],[24.846033,41.73691],[24.845995,41.736866],[24.845851,41.736991],[24.845779,41.737095],[24.845608,41.737122],[24.845238,41.737359],[24.845179,41.7373],[24.845099,41.737335],[24.845016,41.737415],[24.844915,41.737575],[24.844785,41.737592],[24.84464,41.737668],[24.844349,41.737712],[24.844256,41.737669],[24.844164,41.737709]]]},"properties":{"cadreg":69}},{"type":"Feature","geometry":{"type":"Polygon","coordinates":[[[24.8462,41.735538],[24.84606,41.735837],[24.845906,41.735986],[24.84582,41.73597],[24.845721,41.735873],[24.845665,41.735854],[24.845526,41.735847],[24.845302,41.735868],[24.84509,41.735952],[24.844948,41.736129],[24.844931,41.73619],[24.844937,41.736263],[24.845417,41.736264],[24.84543,41.736272],[24.845437,41.736441],[24.845489,41.736504],[24.845732,41.73659],[24.845825,41.736553],[24.845816,41.736434],[24.845778,41.736308],[24.845783,41.736263],[24.845819,41.736213],[24.845972,41.736216],[24.846158,41.736246],[24.846376,41.736305],[24.846429,41.735902],[24.846478,41.735768],[24.846539,41.735657],[24.84676,41.735395],[24.84677,41.735352],[24.846332,41.735378],[24.8462,41.735538]]]},"properties":{"cadreg":70}},{"type":"Feature","geometry":{"type":"MultiPolygon","coordinates":[[[[24.840932,41.734031],[24.841143,41.734359],[24.84125,41.734412],[24.84071,41.735344],[24.840623,41.735576],[24.840441,41.735687],[24.840293,41.735832],[24.840412,41.735895],[24.840585,41.735918],[24.841016,41.735789],[24.840866,41.735979],[24.840763,41.736161],[24.840701,41.736196],[24.840614,41.736225],[24.840393,41.736256],[24.840102,41.736277],[24.840082,41.73647],[24.840006,41.736715],[24.840081,41.736737],[24.840207,41.736737],[24.840366,41.736669],[24.840367,41.736733],[24.840453,41.736772],[24.840643,41.736823],[24.840635,41.736894],[24.840666,41.737082],[24.840853,41.737237],[24.840992,41.737294],[24.841376,41.737164],[24.84176,41.737208],[24.841964,41.737195],[24.842193,41.73711],[24.842902,41.736698],[24.843059,41.736642],[24.843469,41.736438],[24.843713,41.736415],[24.844182,41.736212],[24.844284,41.736155],[24.844394,41.736054],[24.844419,41.735802],[24.844629,41.73564],[24.844915,41.735513],[24.845265,41.735519],[24.845356,41.735473],[24.84541,41.735235],[24.84548,41.735073],[24.845773,41.734878],[24.845463,41.734738],[24.845244,41.734663],[24.844858,41.734566],[24.844772,41.734529],[24.844701,41.734543],[24.844657,41.734526],[24.844549,41.734428],[24.844443,41.734297],[24.844235,41.733906],[24.844157,41.733848],[24.843748,41.733672],[24.843402,41.733503],[24.843142,41.733414],[24.843084,41.733464],[24.842899,41.73347],[24.842765,41.733437],[24.842661,41.733346],[24.842629,41.733202],[24.842665,41.733054],[24.842763,41.732867],[24.842857,41.73274],[24.842986,41.732607],[24.843321,41.732376],[24.843727,41.732191],[24.843948,41.732046],[24.843795,41.732051],[24.843509,41.732166],[24.843092,41.732225],[24.842891,41.732269],[24.842712,41.73233],[24.84234,41.732625],[24.842234,41.732741],[24.841985,41.73293],[24.841758,41.733148],[24.841496,41.73334],[24.841008,41.733586],[24.840912,41.733704],[24.840895,41.733801],[24.840932,41.734031]]],[[[24.839284,41.73709],[24.839381,41.737286],[24.839543,41.737442],[24.839896,41.737037],[24.839555,41.736557],[24.83944,41.736697],[24.839277,41.736804],[24.839241,41.736902],[24.839284,41.73709]]]]},"properties":{"cadreg":71}},{"type":"Feature","geometry":{"type":"Polygon","coordinates":[[[24.849008,41.734712],[24.848856,41.735041],[24.848724,41.735448],[24.848921,41.73561],[24.848677,41.735742],[24.848344,41.735636],[24.848447,41.735463],[24.848489,41.735136],[24.848185,41.735219],[24.847866,41.735253],[24.84778,41.735219],[24.847499,41.735287],[24.846986,41.735377],[24.84677,41.735352],[24.84676,41.735395],[24.846539,41.735657],[24.846478,41.735768],[24.846429,41.735902],[24.846415,41.736094],[24.846364,41.736357],[24.8463,41.736469],[24.846013,41.736806],[24.845995,41.736866],[24.846033,41.73691],[24.846029,41.737073],[24.846048,41.737151],[24.846123,41.737245],[24.846289,41.737323],[24.846496,41.737372],[24.846798,41.737384],[24.847449,41.737317],[24.847981,41.737411],[24.848452,41.737427],[24.848589,41.737444],[24.84877,41.737529],[24.849136,41.737611],[24.849142,41.737641],[24.849071,41.737765],[24.848811,41.738008],[24.848788,41.738073],[24.848785,41.738235],[24.848935,41.738529],[24.849033,41.738667],[24.849066,41.739052],[24.849136,41.739134],[24.84922,41.7392],[24.849377,41.739438],[24.849485,41.739649],[24.849489,41.739848],[24.849467,41.740006],[24.849283,41.740394],[24.849262,41.74055],[24.849306,41.74077],[24.849438,41.74086],[24.849637,41.740808],[24.849571,41.740805],[24.849443,41.740738],[24.849398,41.740597],[24.849397,41.740494],[24.849561,41.740138],[24.849635,41.739915],[24.849646,41.739696],[24.849629,41.739588],[24.84949,41.739349],[24.849175,41.739016],[24.849152,41.738641],[24.848937,41.738282],[24.848927,41.738231],[24.848931,41.738161],[24.848973,41.73808],[24.849124,41.737939],[24.849268,41.737756],[24.849288,41.737672],[24.84928,41.737601],[24.849248,41.737567],[24.849554,41.737268],[24.849831,41.737294],[24.849938,41.737383],[24.849991,41.737595],[24.849879,41.738101],[24.84985,41.738373],[24.849875,41.738685],[24.849996,41.738891],[24.850145,41.738954],[24.850205,41.738606],[24.850278,41.738449],[24.850861,41.738296],[24.850845,41.738108],[24.850972,41.738018],[24.851425,41.737898],[24.851877,41.737652],[24.852337,41.737355],[24.852493,41.73717],[24.85253,41.736917],[24.85243,41.736708],[24.852245,41.736438],[24.852052,41.736278],[24.851989,41.735913],[24.851909,41.735583],[24.851816,41.735385],[24.851755,41.735651],[24.851622,41.735777],[24.85145,41.735824],[24.851262,41.735785],[24.850688,41.73562],[24.850412,41.735484],[24.850102,41.735264],[24.850023,41.735182],[24.849917,41.735004],[24.849868,41.734921],[24.849836,41.734814],[24.849761,41.73469],[24.849638,41.734557],[24.849457,41.734315],[24.849183,41.734765],[24.849008,41.734712]]]},"properties":{"cadreg":72}},{"type":"Feature","geometry":{"type":"Polygon","coordinates":[[[24.845285,41.732973],[24.845125,41.732989],[24.844913,41.733042],[24.844792,41.733053],[24.844017,41.733076],[24.843901,41.733092],[24.843814,41.73312],[24.843786,41.733171],[24.843779,41.73328],[24.843714,41.733347],[24.843653,41.733376],[24.843548,41.733383],[24.843296,41.733335],[24.843231,41.733339],[24.843142,41.733414],[24.843402,41.733503],[24.843748,41.733672],[24.844157,41.733848],[24.844235,41.733906],[24.844443,41.734297],[24.844549,41.734428],[24.844657,41.734526],[24.844701,41.734543],[24.844772,41.734529],[24.844858,41.734566],[24.845244,41.734663],[24.845463,41.734738],[24.845773,41.734878],[24.845922,41.73493],[24.846086,41.734958],[24.846329,41.734956],[24.846541,41.734972],[24.846667,41.735031],[24.846731,41.735097],[24.846763,41.7352],[24.84677,41.735352],[24.846986,41.735377],[24.847499,41.735287],[24.84778,41.735219],[24.847866,41.735253],[24.848185,41.735219],[24.848489,41.735136],[24.848447,41.735463],[24.848344,41.735636],[24.848677,41.735742],[24.848921,41.73561],[24.848724,41.735448],[24.848856,41.735041],[24.849008,41.734712],[24.849183,41.734765],[24.849457,41.734315],[24.849324,41.734192],[24.848899,41.733946],[24.848749,41.733807],[24.848656,41.733753],[24.848484,41.733522],[24.84846,41.733395],[24.848453,41.733154],[24.848455,41.733022],[24.848476,41.732942],[24.84853,41.732825],[24.848748,41.732571],[24.847959,41.732376],[24.847675,41.732419],[24.847499,41.732553],[24.847315,41.732565],[24.847033,41.732384],[24.84682,41.732471],[24.846547,41.732647],[24.846428,41.732827],[24.846375,41.732999],[24.845985,41.732978],[24.845285,41.732973]]]},"properties":{"cadreg":73}},{"type":"Feature","geometry":{"type":"Polygon","coordinates":[[[24.851392,41.728535],[24.851588,41.728193],[24.85179,41.728073],[24.851919,41.72793],[24.852064,41.727823],[24.852928,41.727331],[24.853109,41.72718],[24.853148,41.726981],[24.853218,41.726832],[24.85325,41.726584],[24.853247,41.726337],[24.853061,41.726304],[24.853037,41.72685],[24.853008,41.72704],[24.852844,41.727198],[24.852164,41.727592],[24.851642,41.727919],[24.851519,41.728082],[24.851366,41.728374],[24.851214,41.728583],[24.851142,41.728644],[24.85099,41.728705],[24.850523,41.728756],[24.850057,41.728835],[24.849317,41.729054],[24.848757,41.729049],[24.848489,41.729073],[24.848034,41.72914],[24.847599,41.729243],[24.84733,41.729323],[24.847163,41.729393],[24.846901,41.72959],[24.846616,41.729904],[24.846448,41.730191],[24.846445,41.730481],[24.846513,41.730722],[24.846546,41.730962],[24.846701,41.731456],[24.846706,41.731686],[24.846488,41.731645],[24.846227,41.731539],[24.845966,41.731409],[24.845624,41.731199],[24.845666,41.731131],[24.845655,41.731026],[24.845625,41.730963],[24.845539,41.730863],[24.844968,41.730518],[24.844833,41.730427],[24.844727,41.730331],[24.844669,41.730223],[24.844677,41.729979],[24.844865,41.729693],[24.844927,41.729641],[24.845185,41.729508],[24.845464,41.7294],[24.845535,41.729343],[24.845725,41.729088],[24.845902,41.728893],[24.846134,41.728723],[24.846332,41.728618],[24.846407,41.728556],[24.846516,41.728414],[24.846568,41.728305],[24.8466,41.728162],[24.846638,41.727787],[24.846705,41.727515],[24.846792,41.727348],[24.846859,41.727264],[24.846954,41.727212],[24.847234,41.727186],[24.847514,41.727193],[24.847604,41.727154],[24.84786,41.726914],[24.847854,41.726578],[24.847885,41.726398],[24.848019,41.726275],[24.848114,41.726224],[24.848391,41.726126],[24.848766,41.725599],[24.848768,41.725563],[24.848832,41.725443],[24.84885,41.725258],[24.848829,41.725206],[24.848801,41.725196],[24.848762,41.725139],[24.848764,41.725036],[24.848729,41.724968],[24.848559,41.724805],[24.84831,41.724711],[24.848022,41.724693],[24.847997,41.724659],[24.847906,41.724615],[24.847739,41.724621],[24.847579,41.724659],[24.847548,41.724715],[24.847405,41.72476],[24.847214,41.724964],[24.846959,41.725168],[24.846862,41.725272],[24.846564,41.725497],[24.846375,41.725619],[24.846279,41.725703],[24.845971,41.725852],[24.845907,41.725867],[24.845496,41.72614],[24.845341,41.726285],[24.845069,41.726477],[24.844875,41.726642],[24.844805,41.726644],[24.844756,41.726667],[24.844651,41.726785],[24.844562,41.726851],[24.844314,41.726956],[24.84413,41.727062],[24.843868,41.727248],[24.843391,41.727524],[24.843278,41.727617],[24.843246,41.727663],[24.843005,41.727812],[24.842912,41.727829],[24.842813,41.727866],[24.842409,41.728147],[24.842042,41.728326],[24.841889,41.728442],[24.841771,41.728493],[24.841533,41.728652],[24.841116,41.728869],[24.841016,41.728956],[24.840804,41.729035],[24.840123,41.729389],[24.839892,41.729575],[24.839758,41.729738],[24.839303,41.730472],[24.839205,41.730703],[24.839136,41.730818],[24.839069,41.730891],[24.839011,41.73095],[24.838948,41.730981],[24.838783,41.731144],[24.838639,41.73126],[24.838432,41.731489],[24.83832,41.731571],[24.838246,41.731584],[24.838088,41.7317],[24.83779,41.73199],[24.837764,41.732044],[24.837704,41.732079],[24.83763,41.732188],[24.837539,41.732269],[24.837462,41.732285],[24.837398,41.732347],[24.837377,41.732392],[24.837149,41.732644],[24.837125,41.732723],[24.836997,41.732889],[24.836912,41.733038],[24.836859,41.733197],[24.836786,41.733341],[24.836751,41.733665],[24.836621,41.73408],[24.836639,41.734271],[24.836785,41.734517],[24.836998,41.734735],[24.837429,41.735005],[24.837542,41.73509],[24.837637,41.735205],[24.837707,41.73551],[24.83767,41.735777],[24.837671,41.736008],[24.837553,41.736211],[24.837477,41.736258],[24.837323,41.736266],[24.837174,41.736237],[24.836805,41.736095],[24.836664,41.736075],[24.836444,41.736069],[24.836356,41.736082],[24.836047,41.735974],[24.835911,41.735891],[24.835796,41.735783],[24.835465,41.735351],[24.83525,41.735111],[24.835114,41.734992],[24.835014,41.734948],[24.834742,41.734896],[24.834637,41.734964],[24.834502,41.735161],[24.834563,41.735167],[24.834653,41.735214],[24.834786,41.735034],[24.835018,41.735136],[24.835124,41.735229],[24.835237,41.735365],[24.835617,41.73588],[24.835827,41.736047],[24.835966,41.736112],[24.836153,41.73617],[24.836536,41.736208],[24.836683,41.736243],[24.837149,41.736413],[24.837267,41.736436],[24.837411,41.736455],[24.837544,41.736452],[24.83766,41.736403],[24.837773,41.736305],[24.837832,41.736167],[24.837889,41.735858],[24.837966,41.73577],[24.83798,41.735658],[24.837958,41.735334],[24.837853,41.735086],[24.837733,41.734939],[24.837585,41.734832],[24.837302,41.734693],[24.837068,41.734501],[24.836957,41.734352],[24.836925,41.734185],[24.83694,41.734039],[24.836928,41.733893],[24.837058,41.733339],[24.837153,41.73308],[24.837494,41.732569],[24.837656,41.732389],[24.837791,41.732268],[24.837859,41.732169],[24.837982,41.732085],[24.838577,41.731584],[24.838772,41.731385],[24.83906,41.731144],[24.839258,41.730938],[24.839379,41.730842],[24.839563,41.730597],[24.839891,41.730027],[24.84019,41.729569],[24.840448,41.729421],[24.841244,41.729044],[24.842219,41.728506],[24.842978,41.728065],[24.843224,41.727876],[24.843584,41.727698],[24.843805,41.727535],[24.844053,41.727387],[24.844112,41.727312],[24.844448,41.727093],[24.844866,41.726851],[24.845139,41.726638],[24.845757,41.726212],[24.845924,41.726073],[24.846088,41.725967],[24.84636,41.725835],[24.846696,41.725624],[24.847304,41.72517],[24.847583,41.724891],[24.847681,41.724818],[24.847771,41.724811],[24.848058,41.724842],[24.848165,41.724881],[24.848329,41.724978],[24.848527,41.725127],[24.848617,41.725239],[24.848641,41.725321],[24.848639,41.725416],[24.84847,41.725705],[24.84832,41.725875],[24.848176,41.725995],[24.847719,41.72626],[24.847655,41.726392],[24.847667,41.726872],[24.847594,41.726956],[24.847481,41.727003],[24.846978,41.727027],[24.846774,41.727088],[24.846618,41.727204],[24.846515,41.727312],[24.846426,41.727523],[24.846342,41.72834],[24.846202,41.728509],[24.845936,41.728649],[24.845724,41.728815],[24.845411,41.729202],[24.845221,41.729324],[24.844951,41.72942],[24.844693,41.729591],[24.844469,41.729909],[24.844462,41.730013],[24.844391,41.730061],[24.844388,41.730212],[24.844413,41.730295],[24.844507,41.73043],[24.844624,41.730544],[24.845262,41.730951],[24.845358,41.731052],[24.84537,41.731151],[24.845291,41.731216],[24.845203,41.731246],[24.844695,41.731353],[24.844557,41.731419],[24.844465,41.731505],[24.844335,41.731705],[24.844027,41.731994],[24.843727,41.732191],[24.843321,41.732376],[24.842986,41.732607],[24.842857,41.73274],[24.842763,41.732867],[24.842665,41.733054],[24.842629,41.733202],[24.842661,41.733346],[24.842765,41.733437],[24.842899,41.73347],[24.843084,41.733464],[24.843231,41.733339],[24.843352,41.73303],[24.843433,41.732932],[24.843528,41.732857],[24.843716,41.732799],[24.843781,41.732755],[24.843935,41.732699],[24.844013,41.732696],[24.844064,41.732669],[24.844273,41.732659],[24.844324,41.732624],[24.844448,41.732614],[24.844511,41.732579],[24.844642,41.73255],[24.844783,41.73246],[24.844875,41.732374],[24.845466,41.732162],[24.845677,41.732107],[24.845942,41.73206],[24.846153,41.732047],[24.846354,41.732005],[24.846527,41.732019],[24.846644,41.732009],[24.846767,41.731967],[24.847021,41.731798],[24.847035,41.731764],[24.847007,41.731697],[24.846929,41.731238],[24.846871,41.731065],[24.84679,41.730897],[24.846721,41.730644],[24.84669,41.730331],[24.846704,41.730173],[24.846851,41.729954],[24.847051,41.729861],[24.847096,41.729822],[24.847136,41.729612],[24.847279,41.72951],[24.847411,41.729454],[24.847663,41.729379],[24.848084,41.729279],[24.848518,41.729215],[24.848778,41.729193],[24.849023,41.729181],[24.849138,41.729198],[24.849372,41.72918],[24.850115,41.728943],[24.850425,41.728892],[24.850406,41.728846],[24.851032,41.728789],[24.85103,41.728808],[24.851085,41.728797],[24.851244,41.728735],[24.8512,41.728713],[24.851271,41.728663],[24.851392,41.728535]]]},"properties":{"cadreg":74}},{"type":"Feature","geometry":{"type":"Polygon","coordinates":[[[24.840052,41.73165],[24.840037,41.731699],[24.839981,41.731695],[24.839863,41.731728],[24.839768,41.731837],[24.839755,41.731921],[24.83981,41.732055],[24.839936,41.732237],[24.839979,41.732353],[24.839905,41.732403],[24.839853,41.732476],[24.839952,41.732674],[24.839947,41.732907],[24.839965,41.733066],[24.840024,41.733309],[24.840053,41.733379],[24.840107,41.733435],[24.840281,41.733559],[24.840406,41.733627],[24.840641,41.733654],[24.840868,41.733648],[24.840965,41.733636],[24.841008,41.733586],[24.841496,41.73334],[24.841758,41.733148],[24.841985,41.73293],[24.842234,41.732741],[24.84234,41.732625],[24.842712,41.73233],[24.842891,41.732269],[24.843092,41.732225],[24.843509,41.732166],[24.843795,41.732051],[24.843948,41.732046],[24.8442,41.731845],[24.844335,41.731705],[24.844465,41.731505],[24.844557,41.731419],[24.844695,41.731353],[24.845203,41.731246],[24.845291,41.731216],[24.845351,41.731179],[24.845367,41.731125],[24.844824,41.730992],[24.84456,41.730892],[24.844286,41.730813],[24.843644,41.730711],[24.843512,41.730653],[24.843217,41.730358],[24.842609,41.729885],[24.842107,41.729452],[24.84194,41.729327],[24.841814,41.729259],[24.841551,41.72946],[24.841189,41.729653],[24.840828,41.729755],[24.840636,41.729793],[24.840471,41.72985],[24.840355,41.729911],[24.840129,41.730183],[24.839874,41.73068],[24.839729,41.731114],[24.839754,41.731286],[24.840027,41.731601],[24.840052,41.73165]]]},"properties":{"cadreg":75}},{"type":"Feature","geometry":{"type":"Polygon","coordinates":[[[24.846704,41.730173],[24.84669,41.730331],[24.846721,41.730644],[24.84679,41.730897],[24.846871,41.731065],[24.846929,41.731238],[24.847007,41.731697],[24.847035,41.731764],[24.847021,41.731798],[24.846767,41.731967],[24.846644,41.732009],[24.846527,41.732019],[24.846354,41.732005],[24.846153,41.732047],[24.845942,41.73206],[24.845677,41.732107],[24.845466,41.732162],[24.844875,41.732374],[24.844783,41.73246],[24.844642,41.73255],[24.844511,41.732579],[24.844448,41.732614],[24.844324,41.732624],[24.844273,41.732659],[24.844064,41.732669],[24.844013,41.732696],[24.843935,41.732699],[24.843781,41.732755],[24.843716,41.732799],[24.843528,41.732857],[24.843433,41.732932],[24.843352,41.73303],[24.843231,41.733339],[24.843296,41.733335],[24.843548,41.733383],[24.843653,41.733376],[24.843714,41.733347],[24.843779,41.73328],[24.843786,41.733171],[24.843814,41.73312],[24.844017,41.733076],[24.844792,41.733053],[24.844913,41.733042],[24.845125,41.732989],[24.845285,41.732973],[24.845985,41.732978],[24.846375,41.732999],[24.846428,41.732827],[24.846547,41.732647],[24.84682,41.732471],[24.847033,41.732384],[24.847315,41.732565],[24.847499,41.732553],[24.847675,41.732419],[24.847959,41.732376],[24.848748,41.732571],[24.848909,41.732419],[24.848988,41.732297],[24.849076,41.73209],[24.849073,41.731834],[24.848976,41.731659],[24.848736,41.731463],[24.848653,41.731331],[24.848634,41.731005],[24.84848,41.7308],[24.848323,41.73065],[24.848141,41.730418],[24.848092,41.730338],[24.848076,41.730225],[24.848093,41.730168],[24.848142,41.730112],[24.848283,41.73001],[24.848631,41.729824],[24.848711,41.729807],[24.849005,41.729819],[24.849558,41.729726],[24.849732,41.729759],[24.849874,41.729746],[24.850094,41.729939],[24.850181,41.729955],[24.85054,41.729888],[24.850775,41.729801],[24.85119,41.729693],[24.85167,41.729618],[24.851762,41.729577],[24.851902,41.72949],[24.85201,41.72939],[24.852251,41.729106],[24.852157,41.729092],[24.852217,41.729021],[24.852233,41.728927],[24.852038,41.728971],[24.851757,41.728923],[24.851589,41.728866],[24.851802,41.728467],[24.851773,41.728167],[24.85179,41.728073],[24.851588,41.728193],[24.851416,41.728506],[24.851271,41.728663],[24.8512,41.728713],[24.851244,41.728735],[24.851165,41.72877],[24.85103,41.728808],[24.851032,41.728789],[24.850406,41.728846],[24.850425,41.728892],[24.850115,41.728943],[24.849372,41.72918],[24.849138,41.729198],[24.849023,41.729181],[24.848778,41.729193],[24.848342,41.729238],[24.848084,41.729279],[24.847663,41.729379],[24.847411,41.729454],[24.847279,41.72951],[24.847136,41.729612],[24.847096,41.729822],[24.847051,41.729861],[24.846851,41.729954],[24.846704,41.730173]]]},"properties":{"cadreg":76}},{"type":"Feature","geometry":{"type":"Polygon","coordinates":[[[24.849548,41.730771],[24.849561,41.730917],[24.849669,41.731173],[24.849691,41.731449],[24.849579,41.731608],[24.849541,41.731695],[24.849482,41.732102],[24.849398,41.732248],[24.849262,41.73243],[24.849082,41.732604],[24.848788,41.732793],[24.848619,41.732818],[24.848652,41.732695],[24.84853,41.732825],[24.848455,41.733022],[24.84846,41.733395],[24.848484,41.733522],[24.848656,41.733753],[24.848749,41.733807],[24.848899,41.733946],[24.849324,41.734192],[24.849442,41.734294],[24.849638,41.734557],[24.849761,41.73469],[24.849836,41.734814],[24.849868,41.734921],[24.849917,41.735004],[24.850023,41.735182],[24.850102,41.735264],[24.850412,41.735484],[24.850688,41.73562],[24.85108,41.735737],[24.85145,41.735824],[24.851622,41.735777],[24.851755,41.735651],[24.851816,41.735385],[24.851744,41.735389],[24.85168,41.735622],[24.851572,41.735723],[24.851461,41.735755],[24.851263,41.735367],[24.851029,41.735054],[24.850841,41.734942],[24.850739,41.734551],[24.850642,41.733765],[24.850719,41.733534],[24.850822,41.733444],[24.850904,41.733197],[24.850982,41.733136],[24.85106,41.733006],[24.85117,41.732743],[24.851331,41.732513],[24.851558,41.732238],[24.851915,41.731947],[24.852281,41.731621],[24.85261,41.731476],[24.852922,41.731405],[24.852969,41.731162],[24.853065,41.731042],[24.852897,41.731008],[24.852732,41.731079],[24.852607,41.73109],[24.852398,41.731081],[24.852248,41.731052],[24.85216,41.731077],[24.852014,41.731085],[24.851788,41.731054],[24.851693,41.731055],[24.851568,41.731071],[24.850956,41.731219],[24.850707,41.731232],[24.850508,41.731301],[24.850366,41.731319],[24.85032,41.731204],[24.850448,41.731019],[24.850573,41.730927],[24.85069,41.730874],[24.851045,41.730782],[24.851085,41.730746],[24.851071,41.73072],[24.850783,41.730733],[24.850162,41.730659],[24.849746,41.730662],[24.849634,41.730692],[24.849548,41.730771]]]},"properties":{"cadreg":77}},{"type":"Feature","geometry":{"type":"Polygon","coordinates":[[[24.850032,41.730577],[24.850843,41.730636],[24.851116,41.730682],[24.851153,41.730754],[24.851079,41.730821],[24.850829,41.730926],[24.850641,41.730987],[24.850502,41.731082],[24.850411,41.731187],[24.850425,41.731195],[24.850554,41.731197],[24.850659,41.731162],[24.850881,41.731135],[24.851249,41.731046],[24.851825,41.730939],[24.852184,41.730951],[24.852315,41.731018],[24.852408,41.731036],[24.852606,41.731045],[24.852715,41.731035],[24.852812,41.730999],[24.852904,41.730936],[24.852931,41.730905],[24.852768,41.730763],[24.852702,41.730584],[24.852679,41.730387],[24.852695,41.7303],[24.852722,41.730208],[24.852814,41.730041],[24.852917,41.729909],[24.853137,41.729801],[24.853446,41.729576],[24.853565,41.729463],[24.853632,41.729362],[24.853678,41.729173],[24.853694,41.728962],[24.853802,41.728615],[24.853821,41.728421],[24.85366,41.727941],[24.853662,41.727758],[24.853727,41.727609],[24.853822,41.7275],[24.853966,41.727233],[24.853984,41.727002],[24.853923,41.726789],[24.854032,41.726501],[24.853703,41.726411],[24.853247,41.726337],[24.85325,41.726584],[24.853218,41.726832],[24.853148,41.726981],[24.853109,41.72718],[24.852928,41.727331],[24.852064,41.727823],[24.851919,41.72793],[24.85179,41.728073],[24.851773,41.728167],[24.851802,41.728467],[24.851589,41.728866],[24.851757,41.728923],[24.852038,41.728971],[24.852233,41.728927],[24.852217,41.729021],[24.852157,41.729092],[24.852251,41.729106],[24.852132,41.729261],[24.851902,41.72949],[24.85167,41.729618],[24.85119,41.729693],[24.850775,41.729801],[24.85054,41.729888],[24.850181,41.729955],[24.850094,41.729939],[24.849874,41.729746],[24.849732,41.729759],[24.849357,41.729865],[24.84888,41.729893],[24.848357,41.730025],[24.848231,41.730107],[24.848208,41.730209],[24.848246,41.730336],[24.84843,41.730601],[24.848605,41.730801],[24.848738,41.731033],[24.848776,41.731366],[24.848868,41.731479],[24.849086,41.731673],[24.849161,41.731786],[24.849187,41.731875],[24.8492,41.732044],[24.849186,41.732148],[24.849123,41.732284],[24.849032,41.732382],[24.848998,41.732453],[24.848711,41.732702],[24.848696,41.732761],[24.848753,41.732752],[24.848821,41.732681],[24.849063,41.732516],[24.84913,41.732451],[24.849301,41.732253],[24.849424,41.731979],[24.849439,41.731776],[24.849565,41.731447],[24.849576,41.731349],[24.849557,41.731249],[24.849419,41.730953],[24.849452,41.730688],[24.849624,41.730584],[24.850032,41.730577]]]},"properties":{"cadreg":78}},{"type":"Feature","geometry":{"type":"Polygon","coordinates":[[[24.854179,41.730902],[24.854072,41.730842],[24.854102,41.730802],[24.854053,41.730773],[24.854034,41.730608],[24.854242,41.730308],[24.854233,41.730164],[24.854177,41.730131],[24.854079,41.730172],[24.853699,41.730523],[24.853557,41.730768],[24.8535,41.730977],[24.853451,41.730987],[24.853393,41.730869],[24.853388,41.730661],[24.853465,41.730496],[24.853513,41.730442],[24.853436,41.730317],[24.853355,41.730316],[24.853287,41.730367],[24.853122,41.730582],[24.852931,41.730905],[24.852882,41.730961],[24.852715,41.731035],[24.852606,41.731045],[24.852408,41.731036],[24.852315,41.731018],[24.852184,41.730951],[24.851825,41.730939],[24.851249,41.731046],[24.850881,41.731135],[24.850659,41.731162],[24.850554,41.731197],[24.850411,41.731187],[24.850502,41.731082],[24.850641,41.730987],[24.850829,41.730926],[24.851079,41.730821],[24.851153,41.730754],[24.851116,41.730682],[24.850843,41.730636],[24.850606,41.730628],[24.850176,41.730585],[24.849624,41.730584],[24.849452,41.730688],[24.849423,41.730826],[24.849419,41.730953],[24.849557,41.731249],[24.849576,41.731349],[24.849565,41.731447],[24.849439,41.731776],[24.849424,41.731979],[24.849301,41.732253],[24.84913,41.732451],[24.849063,41.732516],[24.848821,41.732681],[24.848753,41.732752],[24.848696,41.732761],[24.848711,41.732702],[24.848998,41.732453],[24.849032,41.732382],[24.849123,41.732284],[24.849186,41.732148],[24.8492,41.732044],[24.849187,41.731875],[24.849161,41.731786],[24.849086,41.731673],[24.848868,41.731479],[24.848776,41.731366],[24.848738,41.731033],[24.848605,41.730801],[24.84843,41.730601],[24.848246,41.730336],[24.848208,41.730209],[24.848231,41.730107],[24.848357,41.730025],[24.848787,41.729914],[24.84888,41.729893],[24.849357,41.729865],[24.849732,41.729759],[24.849558,41.729726],[24.849005,41.729819],[24.848711,41.729807],[24.848631,41.729824],[24.848283,41.73001],[24.848142,41.730112],[24.848093,41.730168],[24.848076,41.730225],[24.848092,41.730338],[24.848141,41.730418],[24.848323,41.73065],[24.84848,41.7308],[24.848634,41.731005],[24.848653,41.731331],[24.848736,41.731463],[24.848976,41.731659],[24.849073,41.731834],[24.849076,41.73209],[24.848988,41.732297],[24.848909,41.732419],[24.848659,41.73267],[24.848619,41.732818],[24.848788,41.732793],[24.849082,41.732604],[24.849262,41.73243],[24.849398,41.732248],[24.849482,41.732102],[24.849541,41.731695],[24.849579,41.731608],[24.849691,41.731449],[24.849669,41.731173],[24.849561,41.730917],[24.849548,41.730771],[24.849634,41.730692],[24.849746,41.730662],[24.850162,41.730659],[24.850783,41.730733],[24.851071,41.73072],[24.851085,41.730746],[24.851045,41.730782],[24.85069,41.730874],[24.850573,41.730927],[24.850448,41.731019],[24.85032,41.731204],[24.850366,41.731319],[24.850508,41.731301],[24.850707,41.731232],[24.850956,41.731219],[24.851568,41.731071],[24.851693,41.731055],[24.851788,41.731054],[24.852014,41.731085],[24.85216,41.731077],[24.852248,41.731052],[24.852398,41.731081],[24.852607,41.73109],[24.852732,41.731079],[24.852897,41.731008],[24.853065,41.731042],[24.852969,41.731162],[24.852922,41.731405],[24.85261,41.731476],[24.852281,41.731621],[24.851927,41.733064],[24.851545,41.73383],[24.851744,41.735389],[24.851816,41.735385],[24.851619,41.733838],[24.851994,41.733083],[24.852345,41.731656],[24.852373,41.731833],[24.852443,41.73199],[24.852352,41.732846],[24.852339,41.73332],[24.852287,41.733474],[24.852942,41.733481],[24.853009,41.733125],[24.85321,41.732815],[24.853304,41.732636],[24.85324,41.732528],[24.853041,41.732442],[24.853086,41.732233],[24.853305,41.732147],[24.853484,41.732174],[24.853658,41.73229],[24.853769,41.732299],[24.85421,41.732235],[24.854397,41.732311],[24.854681,41.732386],[24.854987,41.73249],[24.855149,41.732552],[24.855572,41.732785],[24.855947,41.733067],[24.856125,41.733155],[24.856218,41.733103],[24.85622,41.732935],[24.856091,41.732649],[24.856195,41.732668],[24.856591,41.732499],[24.856638,41.732395],[24.856561,41.732297],[24.856793,41.732185],[24.856841,41.732095],[24.856844,41.731961],[24.856916,41.731861],[24.857076,41.731854],[24.857174,41.731833],[24.857215,41.731763],[24.857105,41.731542],[24.857116,41.731477],[24.857226,41.731421],[24.85733,41.73142],[24.857645,41.731324],[24.857756,41.731337],[24.857823,41.731306],[24.857882,41.731217],[24.857794,41.730861],[24.857557,41.731008],[24.857373,41.731095],[24.857332,41.731024],[24.857145,41.731194],[24.856927,41.731336],[24.856677,41.731443],[24.856465,41.731291],[24.856962,41.731043],[24.85731,41.730748],[24.857529,41.730622],[24.858209,41.730367],[24.859859,41.730271],[24.85992,41.730212],[24.859846,41.730091],[24.859677,41.730059],[24.857539,41.73009],[24.85719,41.730144],[24.856931,41.730127],[24.856796,41.730183],[24.856658,41.730294],[24.856459,41.73038],[24.8565,41.730433],[24.857653,41.730188],[24.859666,41.730113],[24.859802,41.730139],[24.859838,41.7302],[24.859819,41.73022],[24.859557,41.73024],[24.858191,41.730313],[24.857928,41.730372],[24.857657,41.730466],[24.857398,41.730578],[24.85701,41.730885],[24.856446,41.73121],[24.856207,41.73095],[24.856105,41.730985],[24.856101,41.731059],[24.855828,41.731122],[24.855816,41.731176],[24.855427,41.731118],[24.855119,41.731035],[24.85467,41.730944],[24.854367,41.730942],[24.854235,41.730926],[24.854021,41.731036],[24.853892,41.731068],[24.853949,41.731006],[24.854115,41.730942],[24.854179,41.730902]],[[24.853333,41.730642],[24.853313,41.730899],[24.85336,41.731052],[24.853014,41.730972],[24.853084,41.730804],[24.853244,41.730534],[24.853388,41.730359],[24.853419,41.730413],[24.853333,41.730642]]]},"properties":{"cadreg":79}},{"type":"Feature","geometry":{"type":"MultiPolygon","coordinates":[[[[24.853446,41.729576],[24.853137,41.729801],[24.852917,41.729909],[24.852814,41.730041],[24.852722,41.730208],[24.852679,41.730387],[24.852687,41.730532],[24.852768,41.730763],[24.852931,41.730905],[24.853122,41.730582],[24.853287,41.730367],[24.853355,41.730316],[24.853436,41.730317],[24.853513,41.730442],[24.853465,41.730496],[24.853388,41.730661],[24.853393,41.730869],[24.853451,41.730987],[24.8535,41.730977],[24.853557,41.730768],[24.853699,41.730523],[24.854079,41.730172],[24.854177,41.730131],[24.854233,41.730164],[24.854242,41.730308],[24.854034,41.730608],[24.854053,41.730773],[24.854148,41.730658],[24.854232,41.730591],[24.854621,41.730376],[24.854819,41.730243],[24.855078,41.730034],[24.855265,41.729819],[24.855451,41.72957],[24.855546,41.729488],[24.855721,41.72939],[24.85433,41.728944],[24.854382,41.728731],[24.854476,41.728545],[24.854631,41.728344],[24.854111,41.728202],[24.854017,41.728426],[24.853821,41.728421],[24.853802,41.728615],[24.853694,41.728962],[24.853678,41.729173],[24.853632,41.729362],[24.853565,41.729463],[24.853446,41.729576]]],[[[24.853419,41.730413],[24.853388,41.730359],[24.853244,41.730534],[24.853084,41.730804],[24.853014,41.730972],[24.85336,41.731052],[24.853313,41.730899],[24.853333,41.730642],[24.853419,41.730413]]]]},"properties":{"cadreg":80}},{"type":"Feature","geometry":{"type":"MultiPolygon","coordinates":[[[[24.85613,41.728987],[24.856045,41.728992],[24.855954,41.729068],[24.855913,41.729188],[24.855877,41.729228],[24.855798,41.729253],[24.855756,41.729293],[24.855752,41.729375],[24.856116,41.729188],[24.856257,41.729095],[24.85613,41.728987]]],[[[24.855941,41.729339],[24.855588,41.729521],[24.8555,41.729596],[24.855184,41.730006],[24.854845,41.730286],[24.854659,41.730412],[24.854271,41.730625],[24.854196,41.730685],[24.854072,41.730842],[24.854179,41.730902],[24.854115,41.730942],[24.853949,41.731006],[24.853892,41.731068],[24.854021,41.731036],[24.854235,41.730926],[24.854367,41.730942],[24.85467,41.730944],[24.855119,41.731035],[24.855427,41.731118],[24.855816,41.731176],[24.855828,41.731122],[24.856101,41.731059],[24.856105,41.730985],[24.856207,41.73095],[24.856446,41.73121],[24.85701,41.730885],[24.857398,41.730578],[24.857657,41.730466],[24.857928,41.730372],[24.858191,41.730313],[24.859819,41.73022],[24.859838,41.7302],[24.859802,41.730139],[24.859666,41.730113],[24.857653,41.730188],[24.8565,41.730433],[24.856459,41.73038],[24.856658,41.730294],[24.856796,41.730183],[24.856931,41.730127],[24.85719,41.730144],[24.857539,41.73009],[24.858352,41.73008],[24.858443,41.730012],[24.858314,41.729884],[24.85815,41.729772],[24.858183,41.729538],[24.858305,41.729497],[24.858401,41.729387],[24.858585,41.729345],[24.858683,41.729288],[24.859148,41.729374],[24.859315,41.729573],[24.859521,41.729674],[24.859707,41.729732],[24.859623,41.729856],[24.859627,41.73002],[24.859881,41.730071],[24.859946,41.729947],[24.859984,41.729763],[24.860248,41.729831],[24.860593,41.729837],[24.860906,41.729793],[24.861027,41.729663],[24.861049,41.729598],[24.861035,41.729568],[24.860829,41.72965],[24.860648,41.729665],[24.860284,41.729607],[24.859741,41.729423],[24.859449,41.729284],[24.858926,41.72917],[24.858603,41.729061],[24.858464,41.728994],[24.858258,41.728818],[24.857917,41.728704],[24.857775,41.728695],[24.857467,41.728692],[24.857055,41.728749],[24.856723,41.72876],[24.856571,41.728931],[24.85641,41.72906],[24.855941,41.729339]]],[[[24.856927,41.731336],[24.857145,41.731194],[24.857332,41.731024],[24.857373,41.731095],[24.857557,41.731008],[24.857794,41.730861],[24.857814,41.730718],[24.85799,41.730591],[24.858161,41.73051],[24.858214,41.73043],[24.858078,41.730417],[24.857529,41.730622],[24.85731,41.730748],[24.856962,41.731043],[24.856465,41.731291],[24.856677,41.731443],[24.856927,41.731336]]]]},"properties":{"cadreg":81}},{"type":"Feature","geometry":{"type":"Polygon","coordinates":[[[24.859272,41.729102],[24.859405,41.728643],[24.858626,41.728713],[24.858106,41.728713],[24.858286,41.728769],[24.858504,41.72896],[24.858631,41.729022],[24.858948,41.729128],[24.859132,41.72917],[24.859272,41.729102]]]},"properties":{"cadreg":82}},{"type":"Feature","geometry":{"type":"Polygon","coordinates":[[[24.863303,41.728072],[24.862113,41.728268],[24.861782,41.72827],[24.861361,41.728333],[24.860469,41.728518],[24.860189,41.728564],[24.859455,41.728639],[24.859333,41.729096],[24.859269,41.729155],[24.859204,41.729185],[24.859474,41.729243],[24.859773,41.729384],[24.860302,41.729564],[24.860649,41.72962],[24.860811,41.729606],[24.861001,41.72953],[24.861151,41.729435],[24.861217,41.729363],[24.861469,41.729222],[24.861641,41.729183],[24.862003,41.729131],[24.862378,41.729143],[24.862691,41.729202],[24.862806,41.729242],[24.86302,41.729275],[24.863286,41.729342],[24.863512,41.729427],[24.863652,41.729464],[24.864009,41.729501],[24.864141,41.729536],[24.864298,41.72953],[24.864444,41.729498],[24.864667,41.729486],[24.864818,41.729454],[24.865078,41.729464],[24.865279,41.729452],[24.865467,41.729573],[24.865739,41.729807],[24.865796,41.729875],[24.866135,41.729486],[24.866949,41.72861],[24.867048,41.728619],[24.867214,41.728557],[24.86675,41.728295],[24.86689,41.728168],[24.866993,41.728104],[24.866624,41.727938],[24.866471,41.727941],[24.866349,41.72791],[24.865662,41.727832],[24.865479,41.727873],[24.8652,41.727896],[24.864989,41.727932],[24.864747,41.727982],[24.86455,41.728045],[24.864366,41.728077],[24.863661,41.728039],[24.863303,41.728072]]]},"properties":{"cadreg":83}},{"type":"Feature","geometry":{"type":"Polygon","coordinates":[[[24.857866,41.732081],[24.85776,41.732028],[24.857663,41.732108],[24.857433,41.732245],[24.857341,41.732251],[24.857173,41.732329],[24.857176,41.732459],[24.857065,41.732777],[24.857093,41.732876],[24.857039,41.732946],[24.857034,41.732986],[24.857229,41.732948],[24.857469,41.732935],[24.85761,41.732904],[24.857732,41.732853],[24.857885,41.732821],[24.858034,41.732713],[24.858186,41.732656],[24.858271,41.732581],[24.858269,41.732477],[24.858318,41.732343],[24.858276,41.732303],[24.858249,41.732234],[24.858272,41.732228],[24.858237,41.7322],[24.858165,41.732231],[24.858112,41.732326],[24.858001,41.732347],[24.857951,41.732283],[24.857917,41.73216],[24.857866,41.732081]]]},"properties":{"cadreg":84}},{"type":"Feature","geometry":{"type":"MultiPolygon","coordinates":[[[[24.859018,41.735162],[24.858913,41.735411],[24.858907,41.73555],[24.858989,41.735642],[24.859075,41.735692],[24.859162,41.735785],[24.859185,41.735854],[24.85919,41.736008],[24.859178,41.736049],[24.859041,41.736204],[24.858863,41.736227],[24.858713,41.736187],[24.858712,41.736334],[24.858578,41.736599],[24.858571,41.736688],[24.859135,41.736595],[24.859409,41.73653],[24.859348,41.736623],[24.85925,41.736707],[24.858727,41.73708],[24.858826,41.737129],[24.858905,41.737132],[24.859051,41.737177],[24.859269,41.737164],[24.85946,41.737046],[24.85956,41.737004],[24.859677,41.736977],[24.859761,41.736975],[24.859813,41.73699],[24.859829,41.737065],[24.859692,41.737114],[24.85956,41.737229],[24.859592,41.737294],[24.859813,41.737493],[24.859875,41.737574],[24.859945,41.737756],[24.860029,41.737792],[24.860384,41.737896],[24.860717,41.73796],[24.860793,41.737956],[24.86066,41.737837],[24.860481,41.737631],[24.860247,41.737275],[24.860227,41.737173],[24.860159,41.737],[24.859994,41.736791],[24.859905,41.736631],[24.859835,41.736543],[24.859694,41.736451],[24.859748,41.736391],[24.859658,41.736272],[24.859669,41.735868],[24.8595,41.735734],[24.859359,41.73557],[24.859338,41.735357],[24.859351,41.735218],[24.859374,41.735168],[24.859419,41.735136],[24.859492,41.735128],[24.859563,41.735158],[24.859618,41.735202],[24.859639,41.735425],[24.859685,41.73547],[24.859782,41.735479],[24.859802,41.735405],[24.859989,41.735173],[24.860333,41.73497],[24.860543,41.734896],[24.86058,41.734936],[24.860771,41.735034],[24.860874,41.735055],[24.86092,41.735049],[24.861049,41.734996],[24.861326,41.734831],[24.861469,41.734776],[24.861543,41.734732],[24.861586,41.734685],[24.86155,41.734458],[24.861594,41.73441],[24.861776,41.734325],[24.861902,41.734295],[24.862107,41.734216],[24.862544,41.733658],[24.862634,41.733442],[24.86283,41.733374],[24.862848,41.733341],[24.862795,41.733316],[24.862662,41.733357],[24.862383,41.733386],[24.862151,41.733595],[24.861866,41.733911],[24.861668,41.73401],[24.861406,41.734218],[24.861283,41.734347],[24.86126,41.734404],[24.8612,41.734411],[24.861113,41.734451],[24.861064,41.734499],[24.860964,41.734533],[24.860607,41.734744],[24.860322,41.73487],[24.860046,41.734963],[24.85995,41.734967],[24.859885,41.73495],[24.859744,41.734879],[24.859586,41.734853],[24.859461,41.734909],[24.859196,41.735088],[24.859018,41.735162]]],[[[24.882893,41.737772],[24.882687,41.737651],[24.882501,41.737574],[24.882395,41.737512],[24.8821,41.737393],[24.881912,41.737344],[24.881632,41.73721],[24.880762,41.737003],[24.880426,41.736876],[24.880128,41.7368],[24.879677,41.736638],[24.879504,41.736594],[24.878916,41.73658],[24.878269,41.736592],[24.878219,41.736518],[24.87811,41.736447],[24.877623,41.736204],[24.877458,41.736137],[24.877284,41.736108],[24.876823,41.735974],[24.876538,41.735758],[24.875818,41.735479],[24.875574,41.735362],[24.875305,41.735206],[24.874689,41.734941],[24.874689,41.734964],[24.875291,41.735221],[24.875561,41.735377],[24.875807,41.735494],[24.876522,41.735772],[24.87681,41.73599],[24.877277,41.736125],[24.877449,41.736154],[24.877611,41.736219],[24.878096,41.736461],[24.8782,41.736529],[24.878242,41.736592],[24.877752,41.736615],[24.877226,41.736678],[24.876915,41.736754],[24.876726,41.736761],[24.875925,41.736642],[24.875597,41.736621],[24.875226,41.736551],[24.875089,41.736545],[24.87473,41.736617],[24.874452,41.736692],[24.874202,41.736712],[24.874204,41.73673],[24.874458,41.736709],[24.874736,41.736634],[24.875092,41.736563],[24.875227,41.736569],[24.875594,41.736639],[24.87592,41.73666],[24.876724,41.73678],[24.876911,41.736772],[24.877231,41.736696],[24.877756,41.736633],[24.877545,41.736825],[24.8774,41.736886],[24.877201,41.736913],[24.876984,41.736988],[24.876937,41.737065],[24.876744,41.737203],[24.876502,41.737618],[24.876311,41.737853],[24.876686,41.738267],[24.876719,41.738638],[24.876831,41.738696],[24.876809,41.738786],[24.876591,41.739036],[24.876347,41.739133],[24.876065,41.739152],[24.875878,41.739099],[24.87579,41.739021],[24.875748,41.738926],[24.8751,41.738814],[24.875403,41.738737],[24.875596,41.738566],[24.875652,41.738358],[24.87571,41.738219],[24.875954,41.738117],[24.875372,41.737926],[24.875021,41.738149],[24.874634,41.737886],[24.874209,41.737671],[24.874168,41.738505],[24.874022,41.738557],[24.873565,41.738611],[24.87364,41.738727],[24.873954,41.739108],[24.87404,41.739008],[24.874197,41.738882],[24.874405,41.7388],[24.874597,41.738857],[24.874672,41.738926],[24.874718,41.739049],[24.874921,41.739299],[24.875235,41.739614],[24.875336,41.73966],[24.875399,41.739739],[24.875376,41.739798],[24.875244,41.73985],[24.875245,41.739894],[24.875027,41.740041],[24.87491,41.739929],[24.874841,41.739835],[24.874704,41.739777],[24.874674,41.739664],[24.874487,41.739441],[24.874308,41.739324],[24.874168,41.739278],[24.874096,41.739284],[24.874288,41.739577],[24.874416,41.73972],[24.874521,41.739789],[24.874951,41.740044],[24.875079,41.740142],[24.875474,41.740355],[24.876002,41.740533],[24.876428,41.740626],[24.876859,41.740885],[24.877154,41.740969],[24.877459,41.740997],[24.87804,41.740993],[24.877953,41.740965],[24.877902,41.740901],[24.878053,41.74079],[24.878007,41.740657],[24.87808,41.740612],[24.878596,41.7406],[24.878682,41.740574],[24.878826,41.740478],[24.878947,41.740339],[24.87908,41.740254],[24.878887,41.740153],[24.878751,41.74013],[24.878628,41.740127],[24.878583,41.740053],[24.878441,41.739985],[24.878304,41.739943],[24.878169,41.739929],[24.878046,41.739891],[24.877852,41.739766],[24.877735,41.739732],[24.877634,41.739669],[24.877493,41.739612],[24.877332,41.739579],[24.877247,41.739507],[24.876884,41.739749],[24.876695,41.739851],[24.876536,41.739912],[24.876361,41.739745],[24.876385,41.739721],[24.876623,41.739629],[24.876756,41.739513],[24.877028,41.739317],[24.87717,41.739103],[24.877228,41.738672],[24.877301,41.738661],[24.877358,41.738709],[24.877562,41.738776],[24.877675,41.738858],[24.877745,41.738961],[24.877814,41.739122],[24.87791,41.73924],[24.878054,41.739331],[24.878189,41.739385],[24.878306,41.739383],[24.878397,41.739358],[24.878519,41.739282],[24.878733,41.739219],[24.878972,41.739212],[24.879177,41.739283],[24.879268,41.739292],[24.879344,41.739366],[24.879434,41.739562],[24.879532,41.739848],[24.879754,41.740047],[24.879859,41.740051],[24.879969,41.740019],[24.88046,41.739711],[24.880649,41.739645],[24.880821,41.739623],[24.88095,41.739661],[24.881096,41.73959],[24.881279,41.739538],[24.88139,41.739556],[24.881362,41.739636],[24.881283,41.739726],[24.881042,41.739882],[24.88086,41.740043],[24.880766,41.740173],[24.880773,41.740242],[24.880906,41.740398],[24.880889,41.740739],[24.880782,41.740869],[24.880612,41.741024],[24.880484,41.741021],[24.880354,41.740964],[24.880299,41.740989],[24.880143,41.741179],[24.879997,41.741251],[24.880229,41.741231],[24.880777,41.741247],[24.880976,41.741195],[24.88102,41.741143],[24.881039,41.740973],[24.881169,41.740905],[24.881489,41.740691],[24.881798,41.740404],[24.881692,41.739864],[24.881415,41.73948],[24.880634,41.739235],[24.880134,41.73912],[24.880082,41.738833],[24.8803,41.738596],[24.881262,41.738693],[24.882075,41.739],[24.882585,41.739589],[24.882969,41.740095],[24.883667,41.739848],[24.883903,41.739813],[24.884139,41.739748],[24.884265,41.739693],[24.884345,41.739634],[24.884579,41.739639],[24.884379,41.738996],[24.884,41.738494],[24.883824,41.738186],[24.883398,41.738027],[24.882893,41.737772]]]]},"properties":{"cadreg":85}},{"type":"Feature","geometry":{"type":"MultiPolygon","coordinates":[[[[24.857586,41.73891],[24.856943,41.739017],[24.85676,41.739089],[24.856709,41.739278],[24.856758,41.739505],[24.856839,41.739573],[24.857196,41.739573],[24.857513,41.73953],[24.857618,41.739554],[24.857807,41.739709],[24.858024,41.739785],[24.858293,41.739947],[24.85837,41.740095],[24.858419,41.740366],[24.858545,41.740519],[24.858556,41.740731],[24.858992,41.740711],[24.859046,41.740646],[24.858983,41.740539],[24.859118,41.740498],[24.85939,41.740654],[24.859488,41.740623],[24.859446,41.740306],[24.859719,41.74053],[24.859973,41.740449],[24.859954,41.740272],[24.860006,41.740237],[24.860413,41.74015],[24.860399,41.740037],[24.860599,41.740168],[24.86075,41.74029],[24.860855,41.740576],[24.860849,41.740614],[24.861043,41.740951],[24.861257,41.74111],[24.861628,41.741322],[24.861709,41.741423],[24.861763,41.741553],[24.861829,41.741634],[24.862044,41.741741],[24.862265,41.741744],[24.862423,41.741715],[24.862449,41.741611],[24.862403,41.741568],[24.861946,41.741386],[24.861698,41.741244],[24.861676,41.741107],[24.861882,41.741073],[24.86199,41.741124],[24.862282,41.740992],[24.862624,41.740908],[24.862946,41.741003],[24.863338,41.740949],[24.863557,41.740857],[24.863592,41.740757],[24.863345,41.740671],[24.863136,41.740694],[24.862764,41.74055],[24.86243,41.740466],[24.86152,41.740672],[24.861386,41.740733],[24.861392,41.740792],[24.861469,41.740882],[24.861412,41.740958],[24.861304,41.740938],[24.861205,41.740839],[24.861183,41.740635],[24.861218,41.740526],[24.861292,41.740401],[24.861393,41.740104],[24.861593,41.740002],[24.861677,41.739912],[24.861703,41.739703],[24.861751,41.739628],[24.86176,41.739505],[24.861686,41.73947],[24.861291,41.739426],[24.860777,41.739308],[24.860542,41.739287],[24.860389,41.739323],[24.86025,41.739394],[24.859922,41.739359],[24.859856,41.739399],[24.859871,41.739538],[24.859938,41.73979],[24.859587,41.739997],[24.859372,41.739762],[24.859184,41.739409],[24.859118,41.739188],[24.859145,41.739015],[24.859124,41.73895],[24.858958,41.738928],[24.858484,41.739136],[24.858231,41.73911],[24.858121,41.739137],[24.857995,41.739079],[24.857711,41.739047],[24.857586,41.73891]]],[[[24.85941,41.741486],[24.85924,41.741295],[24.859104,41.740773],[24.858829,41.74082],[24.858633,41.740818],[24.858516,41.74085],[24.858529,41.741131],[24.85868,41.741495],[24.859361,41.741652],[24.859676,41.741691],[24.85941,41.741486]]],[[[24.860704,41.741138],[24.860826,41.741107],[24.860849,41.741002],[24.860785,41.740874],[24.860697,41.740835],[24.860445,41.740858],[24.860465,41.740943],[24.860605,41.74109],[24.860704,41.741138]]]]},"properties":{"cadreg":86}},{"type":"Feature","geometry":{"type":"Polygon","coordinates":[[[24.86493,41.740512],[24.864479,41.740686],[24.864333,41.740778],[24.864323,41.740867],[24.864411,41.740949],[24.864548,41.741027],[24.864746,41.741064],[24.865001,41.741068],[24.865358,41.741099],[24.865444,41.741068],[24.865474,41.740993],[24.865438,41.740791],[24.865374,41.740672],[24.865224,41.740575],[24.865097,41.740525],[24.86493,41.740512]]]},"properties":{"cadreg":87}},{"type":"Feature","geometry":{"type":"MultiPolygon","coordinates":[[[[24.869971,41.737622],[24.869829,41.737539],[24.869697,41.737533],[24.869563,41.737497],[24.869476,41.737497],[24.86941,41.737533],[24.869308,41.737763],[24.869321,41.737826],[24.869358,41.737865],[24.869494,41.737919],[24.869575,41.737973],[24.869604,41.738002],[24.869616,41.738054],[24.869607,41.738085],[24.869351,41.738231],[24.869328,41.738281],[24.869398,41.738394],[24.869518,41.738512],[24.870014,41.738752],[24.87009,41.73885],[24.870111,41.738929],[24.870058,41.739019],[24.870083,41.739088],[24.870242,41.739036],[24.870328,41.73903],[24.870564,41.739156],[24.870418,41.739319],[24.870524,41.739435],[24.870533,41.7395],[24.870448,41.739571],[24.870302,41.739652],[24.87007,41.739724],[24.869937,41.739795],[24.869876,41.739854],[24.86989,41.739904],[24.869964,41.739913],[24.870312,41.73983],[24.870471,41.739808],[24.870684,41.739701],[24.871079,41.739453],[24.871176,41.739432],[24.871258,41.739535],[24.871281,41.739723],[24.871351,41.739865],[24.871497,41.740051],[24.871615,41.740115],[24.871702,41.740118],[24.87191,41.739965],[24.872127,41.740056],[24.872326,41.740182],[24.872433,41.740275],[24.872455,41.740408],[24.87242,41.740508],[24.872092,41.740671],[24.871922,41.740731],[24.871813,41.740797],[24.871714,41.740819],[24.871641,41.74081],[24.871424,41.740713],[24.871337,41.740719],[24.871014,41.740948],[24.871143,41.741157],[24.871697,41.741201],[24.871913,41.741196],[24.872019,41.741172],[24.872316,41.741149],[24.872824,41.741071],[24.873225,41.741042],[24.873314,41.741052],[24.873511,41.741006],[24.873662,41.740928],[24.873727,41.740831],[24.873591,41.740601],[24.873429,41.740467],[24.873154,41.740112],[24.873077,41.740093],[24.87289,41.740007],[24.872518,41.739883],[24.872158,41.73971],[24.871957,41.739534],[24.871763,41.739523],[24.871658,41.739495],[24.87152,41.739343],[24.871182,41.739095],[24.871061,41.738984],[24.870781,41.738854],[24.870715,41.738652],[24.870646,41.738554],[24.870417,41.738492],[24.870245,41.73847],[24.870141,41.738415],[24.870078,41.738316],[24.869974,41.73805],[24.869971,41.737622]]],[[[24.869584,41.739176],[24.869467,41.738902],[24.869486,41.73873],[24.869583,41.738659],[24.869581,41.73858],[24.869518,41.738512],[24.86902,41.738786],[24.868937,41.738787],[24.868605,41.739301],[24.868595,41.739445],[24.868457,41.739575],[24.868391,41.73968],[24.868501,41.739684],[24.868661,41.739633],[24.86888,41.739506],[24.869233,41.739357],[24.869359,41.739663],[24.869772,41.739613],[24.869792,41.739401],[24.869584,41.739176]]]]},"properties":{"cadreg":88}},{"type":"Feature","geometry":{"type":"MultiPolygon","coordinates":[[[[24.873068,41.737844],[24.873286,41.738102],[24.873404,41.738406],[24.873395,41.738471],[24.87353,41.738561],[24.873565,41.738611],[24.874022,41.738557],[24.874168,41.738505],[24.874209,41.737671],[24.874634,41.737886],[24.875021,41.738149],[24.875372,41.737926],[24.875954,41.738117],[24.87571,41.738219],[24.875652,41.738358],[24.875596,41.738566],[24.875403,41.738737],[24.8751,41.738814],[24.875748,41.738926],[24.87579,41.739021],[24.875878,41.739099],[24.876065,41.739152],[24.876347,41.739133],[24.876591,41.739036],[24.876809,41.738786],[24.876831,41.738696],[24.876719,41.738638],[24.876686,41.738267],[24.876311,41.737853],[24.876502,41.737618],[24.876744,41.737203],[24.876937,41.737065],[24.876984,41.736988],[24.877201,41.736913],[24.8774,41.736886],[24.877545,41.736825],[24.877756,41.736633],[24.877231,41.736696],[24.876911,41.736772],[24.876724,41.73678],[24.87592,41.73666],[24.875594,41.736639],[24.875227,41.736569],[24.875092,41.736563],[24.874736,41.736634],[24.874458,41.736709],[24.874204,41.73673],[24.874133,41.736804],[24.873973,41.736899],[24.873983,41.737027],[24.873964,41.737087],[24.873798,41.737302],[24.873784,41.737352],[24.873811,41.737381],[24.874007,41.73738],[24.874367,41.737309],[24.874384,41.737318],[24.874012,41.737495],[24.873875,41.737526],[24.873511,41.737561],[24.873202,41.737661],[24.872932,41.737673],[24.872775,41.737729],[24.872621,41.737881],[24.872461,41.738173],[24.872412,41.738418],[24.872474,41.73866],[24.872578,41.738813],[24.872757,41.739188],[24.872901,41.739542],[24.873055,41.739839],[24.873111,41.740051],[24.873429,41.740467],[24.873591,41.740601],[24.873727,41.740831],[24.873809,41.740839],[24.875118,41.740734],[24.875091,41.740697],[24.87496,41.740625],[24.874859,41.740527],[24.874693,41.740282],[24.874506,41.739803],[24.874401,41.739732],[24.874268,41.739586],[24.874076,41.739295],[24.873942,41.739127],[24.873699,41.73912],[24.873599,41.739097],[24.873554,41.739071],[24.873498,41.738893],[24.873179,41.7385],[24.872832,41.73828],[24.872848,41.738267],[24.872841,41.738241],[24.872777,41.738134],[24.872769,41.737978],[24.872835,41.737872],[24.873068,41.737844]]],[[[24.874168,41.739278],[24.874352,41.739344],[24.874487,41.739441],[24.874674,41.739664],[24.874704,41.739777],[24.874841,41.739835],[24.87491,41.739929],[24.875027,41.740041],[24.875245,41.739894],[24.875244,41.73985],[24.875376,41.739798],[24.875399,41.739739],[24.875336,41.73966],[24.875235,41.739614],[24.874921,41.739299],[24.874718,41.739049],[24.874672,41.738926],[24.874597,41.738857],[24.874405,41.7388],[24.874197,41.738882],[24.87404,41.739008],[24.873954,41.739108],[24.874096,41.739284],[24.874168,41.739278]]]]},"properties":{"cadreg":89}},{"type":"Feature","geometry":{"type":"Polygon","coordinates":[[[24.877358,41.738709],[24.877301,41.738661],[24.877228,41.738672],[24.87717,41.739103],[24.877028,41.739317],[24.876756,41.739513],[24.876623,41.739629],[24.876385,41.739721],[24.876361,41.739745],[24.876536,41.739912],[24.876695,41.739851],[24.876884,41.739749],[24.877247,41.739507],[24.877332,41.739579],[24.877493,41.739612],[24.877634,41.739669],[24.877735,41.739732],[24.877852,41.739766],[24.878046,41.739891],[24.878169,41.739929],[24.878304,41.739943],[24.878441,41.739985],[24.878583,41.740053],[24.878628,41.740127],[24.878751,41.74013],[24.878887,41.740153],[24.87908,41.740254],[24.878947,41.740339],[24.878826,41.740478],[24.878682,41.740574],[24.878596,41.7406],[24.87808,41.740612],[24.878007,41.740657],[24.878053,41.74079],[24.877902,41.740901],[24.877953,41.740965],[24.87804,41.740993],[24.878156,41.740962],[24.878345,41.74094],[24.878486,41.740884],[24.878799,41.740845],[24.878932,41.740799],[24.879096,41.740702],[24.879271,41.740517],[24.879324,41.740434],[24.879421,41.74052],[24.879497,41.740643],[24.879533,41.740845],[24.879435,41.741099],[24.879479,41.741143],[24.879608,41.741151],[24.879742,41.74113],[24.879903,41.741207],[24.880015,41.741235],[24.880143,41.741179],[24.880299,41.740989],[24.880354,41.740964],[24.880484,41.741021],[24.880612,41.741024],[24.880782,41.740869],[24.880889,41.740739],[24.880906,41.740398],[24.880773,41.740242],[24.880766,41.740173],[24.88086,41.740043],[24.881042,41.739882],[24.881283,41.739726],[24.881362,41.739636],[24.88139,41.739556],[24.881279,41.739538],[24.881096,41.73959],[24.88095,41.739661],[24.880821,41.739623],[24.880649,41.739645],[24.88046,41.739711],[24.879969,41.740019],[24.879859,41.740051],[24.879754,41.740047],[24.879532,41.739848],[24.879434,41.739562],[24.879344,41.739366],[24.879268,41.739292],[24.879177,41.739283],[24.878972,41.739212],[24.878733,41.739219],[24.878519,41.739282],[24.878397,41.739358],[24.878306,41.739383],[24.878189,41.739385],[24.878054,41.739331],[24.87791,41.73924],[24.877814,41.739122],[24.877745,41.738961],[24.877675,41.738858],[24.877562,41.738776],[24.877358,41.738709]]]},"properties":{"cadreg":90}},{"type":"Feature","geometry":{"type":"Polygon","coordinates":[[[24.882791,41.741027],[24.883193,41.740864],[24.883253,41.740828],[24.883254,41.740748],[24.883207,41.740683],[24.883136,41.740625],[24.88354,41.740427],[24.883893,41.740292],[24.883946,41.74023],[24.883902,41.740169],[24.883797,41.740145],[24.883219,41.740152],[24.882978,41.740112],[24.882675,41.740245],[24.881973,41.740334],[24.881833,41.740405],[24.881583,41.740638],[24.881643,41.740711],[24.881831,41.740779],[24.881875,41.74084],[24.881826,41.740946],[24.881801,41.741219],[24.881776,41.741243],[24.881478,41.741405],[24.881351,41.741348],[24.88105,41.741121],[24.880993,41.741209],[24.880877,41.741249],[24.880764,41.741264],[24.880775,41.741406],[24.880891,41.741479],[24.881237,41.741494],[24.881581,41.741532],[24.881667,41.741576],[24.881575,41.741791],[24.881303,41.741822],[24.881471,41.741935],[24.881612,41.741945],[24.881685,41.741929],[24.881946,41.741736],[24.882043,41.741723],[24.882093,41.741738],[24.882224,41.741834],[24.882222,41.741817],[24.882337,41.741802],[24.882443,41.741766],[24.882416,41.741682],[24.882281,41.741593],[24.882279,41.741547],[24.882347,41.741441],[24.882417,41.741395],[24.882554,41.74139],[24.882622,41.741122],[24.882791,41.741027]]]},"properties":{"cadreg":91}},{"type":"Feature","geometry":{"type":"Polygon","coordinates":[[[24.881798,41.740404],[24.881964,41.740317],[24.882665,41.740228],[24.882969,41.740095],[24.882585,41.739589],[24.882075,41.739],[24.881262,41.738693],[24.8803,41.738596],[24.880082,41.738833],[24.880134,41.73912],[24.880634,41.739235],[24.881415,41.73948],[24.881692,41.739864],[24.881798,41.740404]]]},"properties":{"cadreg":92}},{"type":"Feature","geometry":{"type":"Polygon","coordinates":[[[24.874891,41.73187],[24.874575,41.732376],[24.874517,41.732436],[24.874506,41.732431],[24.874368,41.732652],[24.874237,41.732928],[24.873907,41.733491],[24.874036,41.73354],[24.874062,41.733484],[24.87416,41.733507],[24.874132,41.733553],[24.874151,41.733649],[24.87423,41.733731],[24.874358,41.733821],[24.874479,41.733976],[24.874509,41.73406],[24.874526,41.734221],[24.874516,41.734668],[24.874491,41.734731],[24.87455,41.734744],[24.874511,41.734806],[24.874691,41.734865],[24.874689,41.734941],[24.87494,41.735058],[24.875045,41.734905],[24.875291,41.734755],[24.875467,41.734763],[24.875582,41.734726],[24.875767,41.734724],[24.875897,41.734692],[24.875928,41.734757],[24.876027,41.73478],[24.876308,41.734673],[24.876514,41.734496],[24.876649,41.73451],[24.876675,41.734583],[24.876628,41.734669],[24.876691,41.734747],[24.877018,41.734753],[24.877151,41.734657],[24.877221,41.734584],[24.87733,41.734648],[24.877104,41.73486],[24.87695,41.734971],[24.876662,41.735004],[24.876565,41.735045],[24.876517,41.735105],[24.876536,41.735164],[24.876618,41.735242],[24.876791,41.73529],[24.877217,41.735338],[24.87743,41.735343],[24.877559,41.735365],[24.877694,41.735335],[24.877798,41.735288],[24.877861,41.735327],[24.877843,41.735585],[24.877819,41.735639],[24.877852,41.735704],[24.878121,41.735848],[24.878123,41.735943],[24.878223,41.736003],[24.878322,41.736021],[24.878366,41.73606],[24.878345,41.736239],[24.878416,41.736357],[24.878546,41.73642],[24.878786,41.736465],[24.87942,41.736492],[24.879827,41.736561],[24.880058,41.736652],[24.880319,41.736726],[24.880573,41.736828],[24.88095,41.736932],[24.881112,41.737018],[24.88134,41.737055],[24.8817,41.737075],[24.881836,41.737108],[24.881912,41.737211],[24.881987,41.73728],[24.882037,41.737289],[24.882182,41.737168],[24.88228,41.737161],[24.882407,41.7371],[24.882498,41.73701],[24.88252,41.736921],[24.882482,41.736853],[24.882123,41.736748],[24.881949,41.736681],[24.881861,41.736623],[24.881847,41.736529],[24.881881,41.736127],[24.881862,41.736059],[24.881781,41.736045],[24.881409,41.736089],[24.881212,41.735887],[24.88105,41.735786],[24.881017,41.735717],[24.881075,41.735588],[24.881079,41.735488],[24.880912,41.735431],[24.880413,41.735378],[24.880228,41.735341],[24.88019,41.735287],[24.880226,41.735232],[24.880353,41.735161],[24.880383,41.735107],[24.880338,41.735052],[24.880027,41.734949],[24.87981,41.734853],[24.879132,41.734413],[24.879081,41.734315],[24.879031,41.734141],[24.878862,41.734105],[24.878727,41.734476],[24.878895,41.73451],[24.879056,41.734523],[24.879229,41.734588],[24.879055,41.734586],[24.878828,41.734627],[24.878719,41.734688],[24.878519,41.734538],[24.87846,41.73439],[24.878438,41.734218],[24.878478,41.734061],[24.878476,41.733976],[24.878431,41.733903],[24.877817,41.733673],[24.877527,41.733593],[24.877636,41.733523],[24.877628,41.733448],[24.87769,41.733425],[24.877694,41.733326],[24.877551,41.733094],[24.877554,41.732935],[24.877418,41.732868],[24.876975,41.732869],[24.876885,41.732701],[24.876786,41.732628],[24.876669,41.732649],[24.876389,41.732782],[24.8761,41.732821],[24.87554,41.732804],[24.875373,41.732751],[24.875179,41.732601],[24.875171,41.732512],[24.875211,41.732368],[24.875292,41.732219],[24.875548,41.731874],[24.875492,41.73181],[24.875112,41.73186],[24.874891,41.73187]]]},"properties":{"cadreg":93}},{"type":"Feature","geometry":{"type":"Polygon","coordinates":[[[24.874689,41.734964],[24.874691,41.734865],[24.874597,41.734832],[24.874523,41.735131],[24.874502,41.735378],[24.874456,41.735505],[24.874403,41.735639],[24.874151,41.736008],[24.873971,41.736448],[24.873973,41.736899],[24.874133,41.736804],[24.874204,41.73673],[24.874202,41.736712],[24.874452,41.736692],[24.87473,41.736617],[24.875089,41.736545],[24.875226,41.736551],[24.875597,41.736621],[24.875925,41.736642],[24.876726,41.736761],[24.876915,41.736754],[24.877226,41.736678],[24.877752,41.736615],[24.878242,41.736592],[24.8782,41.736529],[24.878096,41.736461],[24.877611,41.736219],[24.877449,41.736154],[24.877277,41.736125],[24.87681,41.73599],[24.876853,41.736093],[24.876861,41.736172],[24.876784,41.736296],[24.876767,41.736397],[24.8768,41.736466],[24.876502,41.736314],[24.876109,41.736297],[24.876143,41.736132],[24.876138,41.736052],[24.876036,41.736009],[24.875925,41.735985],[24.876032,41.735828],[24.876223,41.7359],[24.876301,41.735751],[24.876315,41.735687],[24.875807,41.735494],[24.875561,41.735377],[24.875291,41.735221],[24.874689,41.734964]]]},"properties":{"cadreg":94}},{"type":"Feature","geometry":{"type":"Polygon","coordinates":[[[24.870914,41.736151],[24.870155,41.735692],[24.87044,41.736007],[24.870425,41.736209],[24.870291,41.736433],[24.870844,41.736659],[24.870765,41.736728],[24.87063,41.736754],[24.870285,41.737189],[24.870363,41.737386],[24.870285,41.737502],[24.870377,41.737952],[24.870511,41.738232],[24.87102,41.738403],[24.871259,41.738629],[24.871382,41.738618],[24.871464,41.738448],[24.871546,41.73863],[24.871608,41.738931],[24.871684,41.739059],[24.87187,41.739165],[24.872037,41.739217],[24.872104,41.739464],[24.872186,41.739522],[24.872247,41.739502],[24.872313,41.739441],[24.872286,41.739323],[24.87232,41.739223],[24.872493,41.739207],[24.872634,41.739219],[24.872757,41.739188],[24.872578,41.738813],[24.872474,41.73866],[24.872412,41.738418],[24.872461,41.738173],[24.872621,41.737881],[24.872714,41.737778],[24.872775,41.737729],[24.872932,41.737673],[24.873202,41.737661],[24.873511,41.737561],[24.873875,41.737526],[24.874012,41.737495],[24.874384,41.737318],[24.874367,41.737309],[24.874007,41.73738],[24.873811,41.737381],[24.873784,41.737352],[24.873798,41.737302],[24.873964,41.737087],[24.873983,41.737027],[24.873967,41.736516],[24.874001,41.736351],[24.874151,41.736008],[24.874403,41.735639],[24.874502,41.735378],[24.874523,41.735131],[24.874597,41.734832],[24.874441,41.734799],[24.874394,41.734891],[24.874331,41.734945],[24.874267,41.735043],[24.874247,41.735099],[24.874138,41.735224],[24.874048,41.735268],[24.874,41.735276],[24.873952,41.735278],[24.873849,41.735248],[24.873812,41.735185],[24.873824,41.734947],[24.873789,41.734529],[24.873697,41.734307],[24.873565,41.734097],[24.872951,41.734678],[24.873079,41.734879],[24.873035,41.735078],[24.873354,41.735054],[24.873314,41.734777],[24.873444,41.734838],[24.873501,41.734791],[24.873519,41.734959],[24.873396,41.73531],[24.873375,41.735444],[24.873236,41.735527],[24.873251,41.735636],[24.873214,41.735778],[24.872846,41.735803],[24.872708,41.735997],[24.872623,41.736048],[24.872402,41.736061],[24.87214,41.735974],[24.871919,41.735967],[24.87146,41.736206],[24.871165,41.736235],[24.870914,41.736151]]]},"properties":{"cadreg":95}},{"type":"Feature","geometry":{"type":"MultiPolygon","coordinates":[[[[24.867704,41.731326],[24.867656,41.731381],[24.867103,41.731787],[24.867326,41.73198],[24.867662,41.732222],[24.867651,41.732309],[24.867597,41.732429],[24.867446,41.733012],[24.867302,41.733406],[24.867265,41.733731],[24.867215,41.733925],[24.866946,41.734513],[24.866876,41.73462],[24.866751,41.734686],[24.86597,41.734725],[24.865345,41.734852],[24.864909,41.734994],[24.864365,41.735309],[24.8642,41.735441],[24.864034,41.735548],[24.863975,41.735527],[24.864325,41.735276],[24.864879,41.734954],[24.865324,41.73481],[24.865962,41.73468],[24.86673,41.734642],[24.866837,41.734586],[24.867157,41.733914],[24.867205,41.733725],[24.867242,41.733399],[24.867387,41.733002],[24.867539,41.732418],[24.867592,41.7323],[24.8676,41.73224],[24.867282,41.73201],[24.867105,41.732032],[24.867009,41.732133],[24.866818,41.732165],[24.866643,41.732285],[24.866646,41.732404],[24.866587,41.732618],[24.866049,41.732674],[24.865892,41.732804],[24.865608,41.732808],[24.865386,41.732761],[24.865205,41.732882],[24.865148,41.733071],[24.865253,41.733367],[24.864962,41.733589],[24.86457,41.733652],[24.864348,41.733786],[24.864338,41.73391],[24.86457,41.734125],[24.864514,41.734363],[24.864062,41.734696],[24.863945,41.734804],[24.863805,41.735088],[24.863625,41.735313],[24.863648,41.735526],[24.863546,41.735621],[24.862967,41.735894],[24.86306,41.735972],[24.86327,41.736019],[24.863491,41.735982],[24.863901,41.735818],[24.864131,41.735696],[24.86446,41.735816],[24.864877,41.735771],[24.865092,41.735724],[24.865656,41.735399],[24.865094,41.736401],[24.865146,41.736519],[24.866427,41.7374],[24.865961,41.737961],[24.865858,41.738309],[24.865561,41.738536],[24.865613,41.738634],[24.865666,41.738802],[24.865802,41.73882],[24.866356,41.738793],[24.866945,41.738736],[24.86701,41.738242],[24.867396,41.73827],[24.867948,41.738203],[24.868119,41.738122],[24.868186,41.737804],[24.868267,41.737585],[24.868615,41.737477],[24.869106,41.737421],[24.870029,41.737409],[24.87002,41.737012],[24.870076,41.736754],[24.870425,41.736209],[24.87044,41.736007],[24.870155,41.735692],[24.870554,41.735915],[24.870914,41.736151],[24.871165,41.736235],[24.87146,41.736206],[24.871919,41.735967],[24.87214,41.735974],[24.872402,41.736061],[24.872623,41.736048],[24.872708,41.735997],[24.872846,41.735803],[24.873214,41.735778],[24.873251,41.735636],[24.873236,41.735527],[24.873375,41.735444],[24.873396,41.73531],[24.873519,41.734959],[24.873501,41.734791],[24.873444,41.734838],[24.873314,41.734777],[24.873354,41.735054],[24.873035,41.735078],[24.873079,41.734879],[24.872951,41.734678],[24.87321,41.734447],[24.873667,41.733991],[24.873599,41.733936],[24.873313,41.733847],[24.873087,41.733758],[24.87298,41.733738],[24.872589,41.733733],[24.872488,41.733711],[24.872317,41.733622],[24.872147,41.733479],[24.871983,41.733404],[24.871849,41.733319],[24.871822,41.733246],[24.871814,41.733109],[24.871774,41.732936],[24.871683,41.732754],[24.871664,41.732395],[24.871616,41.732211],[24.871512,41.732096],[24.871026,41.732008],[24.870344,41.731724],[24.870343,41.731681],[24.869929,41.731479],[24.869349,41.730908],[24.869079,41.730685],[24.868958,41.730688],[24.868937,41.730664],[24.868472,41.730894],[24.868007,41.731024],[24.867898,41.731134],[24.867881,41.731235],[24.867704,41.731326]]],[[[24.863123,41.737768],[24.863189,41.738006],[24.863378,41.738172],[24.863551,41.73821],[24.863796,41.738137],[24.864227,41.738161],[24.864512,41.738217],[24.864881,41.738212],[24.86515,41.73816],[24.865393,41.738018],[24.865416,41.737918],[24.865179,41.737782],[24.864696,41.737669],[24.864455,41.737531],[24.864237,41.737497],[24.864078,41.737538],[24.863657,41.737445],[24.863337,41.737488],[24.863168,41.737599],[24.863123,41.737768]]]]},"properties":{"cadreg":96}},{"type":"Feature","geometry":{"type":"MultiPolygon","coordinates":[[[[24.874261,41.729073],[24.873982,41.72908],[24.873857,41.729159],[24.873581,41.729505],[24.873163,41.72964],[24.873058,41.729738],[24.872996,41.729909],[24.872823,41.730188],[24.872702,41.730302],[24.87249,41.730576],[24.872314,41.730734],[24.87211,41.73086],[24.871936,41.730937],[24.871538,41.731075],[24.871233,41.731147],[24.871107,41.731201],[24.871016,41.731274],[24.870829,41.731532],[24.870729,41.731612],[24.870622,41.731661],[24.870343,41.731681],[24.870344,41.731724],[24.871026,41.732008],[24.871512,41.732096],[24.871616,41.732211],[24.871664,41.732395],[24.871683,41.732754],[24.871774,41.732936],[24.871814,41.733109],[24.871822,41.733246],[24.871849,41.733319],[24.871983,41.733404],[24.872147,41.733479],[24.872317,41.733622],[24.872488,41.733711],[24.872589,41.733733],[24.87298,41.733738],[24.873087,41.733758],[24.873313,41.733847],[24.873599,41.733936],[24.873667,41.733991],[24.873565,41.734097],[24.873697,41.734307],[24.873789,41.734529],[24.873824,41.734947],[24.873812,41.735185],[24.873849,41.735248],[24.873952,41.735278],[24.874048,41.735268],[24.874138,41.735224],[24.874247,41.735099],[24.874267,41.735043],[24.874331,41.734945],[24.874394,41.734891],[24.874441,41.734799],[24.874511,41.734806],[24.87455,41.734744],[24.874491,41.734731],[24.874516,41.734668],[24.874526,41.734221],[24.874509,41.73406],[24.874479,41.733976],[24.874358,41.733821],[24.87423,41.733731],[24.874151,41.733649],[24.874132,41.733553],[24.87416,41.733507],[24.874062,41.733484],[24.874036,41.73354],[24.873907,41.733491],[24.874237,41.732928],[24.874496,41.732426],[24.874622,41.732272],[24.87481,41.731946],[24.87493,41.731774],[24.875018,41.73168],[24.874987,41.730789],[24.874168,41.730609],[24.874283,41.730481],[24.875277,41.730657],[24.875118,41.730494],[24.874843,41.730111],[24.874719,41.729983],[24.874566,41.729877],[24.874469,41.72972],[24.874346,41.729396],[24.874296,41.729328],[24.874255,41.729284],[24.873982,41.729139],[24.874001,41.729127],[24.874122,41.72912],[24.874316,41.729318],[24.874369,41.729389],[24.874491,41.729715],[24.874585,41.729866],[24.874791,41.729871],[24.874915,41.729915],[24.875287,41.730257],[24.875405,41.730256],[24.87557,41.730183],[24.875733,41.730007],[24.875809,41.729879],[24.875827,41.729784],[24.875716,41.729682],[24.875547,41.729605],[24.875359,41.72956],[24.875035,41.729557],[24.87491,41.729318],[24.874814,41.72925],[24.874744,41.729245],[24.87476,41.729202],[24.87445,41.729102],[24.874261,41.729073]]],[[[24.87554,41.732804],[24.875883,41.732818],[24.875848,41.732558],[24.875809,41.73247],[24.875593,41.73233],[24.875574,41.732286],[24.8756,41.732224],[24.875691,41.73215],[24.875818,41.732078],[24.875844,41.732015],[24.875548,41.731874],[24.875292,41.732219],[24.875211,41.732368],[24.875171,41.732512],[24.875179,41.732601],[24.875373,41.732751],[24.87554,41.732804]]]]},"properties":{"cadreg":97}},{"type":"Feature","geometry":{"type":"MultiPolygon","coordinates":[[[[24.873913,41.726504],[24.87369,41.726705],[24.87388,41.726797],[24.873539,41.72692],[24.873345,41.727015],[24.873204,41.726943],[24.87319,41.726958],[24.873533,41.727134],[24.873846,41.72748],[24.873453,41.727389],[24.87312,41.727159],[24.872906,41.727044],[24.872734,41.726916],[24.872717,41.726929],[24.87289,41.727057],[24.873104,41.727173],[24.873288,41.727312],[24.87344,41.727404],[24.873866,41.727503],[24.873898,41.727542],[24.873916,41.727671],[24.873923,41.728013],[24.873878,41.728406],[24.873812,41.728652],[24.873834,41.72877],[24.874059,41.729077],[24.874261,41.729073],[24.87445,41.729102],[24.87476,41.729202],[24.874744,41.729245],[24.87496,41.729252],[24.875406,41.729204],[24.875528,41.729179],[24.875635,41.729127],[24.875771,41.728942],[24.875953,41.729223],[24.876507,41.729191],[24.876508,41.728972],[24.876331,41.72863],[24.87609,41.728706],[24.876147,41.728519],[24.876056,41.728477],[24.875963,41.728273],[24.875736,41.728253],[24.875586,41.728093],[24.875522,41.727947],[24.875343,41.72784],[24.87547,41.727701],[24.875691,41.727598],[24.875819,41.727677],[24.875983,41.727525],[24.876171,41.727302],[24.876281,41.727058],[24.876199,41.726892],[24.876366,41.726868],[24.876397,41.726955],[24.876489,41.727104],[24.876758,41.726831],[24.876752,41.727013],[24.876825,41.727179],[24.877069,41.727292],[24.877241,41.727302],[24.87734,41.727333],[24.877483,41.727334],[24.877797,41.727443],[24.878005,41.727544],[24.878094,41.727561],[24.878183,41.727559],[24.878424,41.727168],[24.878516,41.727072],[24.878941,41.72715],[24.879092,41.727152],[24.879206,41.727127],[24.879258,41.72707],[24.879256,41.726983],[24.879206,41.726904],[24.87913,41.726874],[24.87889,41.726885],[24.878732,41.726852],[24.878577,41.726742],[24.87831,41.726484],[24.878018,41.726379],[24.877859,41.726163],[24.877782,41.726182],[24.877731,41.72635],[24.877783,41.726456],[24.877789,41.726737],[24.877705,41.726742],[24.877658,41.726802],[24.87763,41.726878],[24.877575,41.726823],[24.877463,41.726852],[24.877379,41.726853],[24.877344,41.72679],[24.87739,41.72673],[24.877441,41.726587],[24.877444,41.726441],[24.877333,41.725956],[24.877392,41.72577],[24.877176,41.72578],[24.877008,41.725711],[24.876926,41.725635],[24.877389,41.72521],[24.87694,41.72493],[24.876864,41.724987],[24.876815,41.725478],[24.876736,41.72555],[24.876536,41.72545],[24.876455,41.725293],[24.876461,41.725158],[24.876537,41.724983],[24.876367,41.724937],[24.876081,41.724886],[24.87599,41.724721],[24.875831,41.724651],[24.875655,41.724693],[24.875412,41.724839],[24.875605,41.725153],[24.87543,41.725195],[24.875096,41.725215],[24.874691,41.725127],[24.874515,41.725217],[24.874263,41.725306],[24.874146,41.725364],[24.87417,41.725585],[24.873884,41.725558],[24.873838,41.725709],[24.873826,41.726033],[24.874329,41.726106],[24.874098,41.726331],[24.873982,41.726372],[24.873913,41.726504]]],[[[24.878995,41.726303],[24.87889,41.726253],[24.878624,41.72645],[24.878761,41.726583],[24.878868,41.726526],[24.878976,41.726525],[24.879065,41.726389],[24.878995,41.726303]]]]},"properties":{"cadreg":98}},{"type":"Feature","geometry":{"type":"Polygon","coordinates":[[[24.870969,41.726344],[24.870779,41.726868],[24.870708,41.727279],[24.870508,41.727592],[24.870414,41.727776],[24.870178,41.728127],[24.870155,41.728282],[24.869989,41.72872],[24.869974,41.728832],[24.869973,41.729238],[24.869912,41.7295],[24.869867,41.729549],[24.869791,41.729564],[24.869446,41.729512],[24.869083,41.729429],[24.869007,41.72949],[24.868603,41.729725],[24.868608,41.729912],[24.868725,41.72997],[24.868734,41.7301],[24.868665,41.730264],[24.868906,41.730464],[24.869079,41.730685],[24.869349,41.730908],[24.869929,41.731479],[24.870343,41.731681],[24.870622,41.731661],[24.870729,41.731612],[24.870829,41.731532],[24.871016,41.731274],[24.871107,41.731201],[24.871233,41.731147],[24.871538,41.731075],[24.871936,41.730937],[24.87211,41.73086],[24.872314,41.730734],[24.87249,41.730576],[24.872702,41.730302],[24.872823,41.730188],[24.872996,41.729909],[24.873058,41.729738],[24.873163,41.72964],[24.873581,41.729505],[24.873857,41.729159],[24.873982,41.72908],[24.874059,41.729077],[24.873834,41.72877],[24.873812,41.728652],[24.873878,41.728406],[24.873923,41.728013],[24.873916,41.727671],[24.873898,41.727542],[24.873866,41.727503],[24.87344,41.727404],[24.873288,41.727312],[24.873104,41.727173],[24.872785,41.726984],[24.872717,41.726929],[24.872734,41.726916],[24.8727,41.726852],[24.871059,41.726151],[24.870969,41.726344]]]},"properties":{"cadreg":99}},{"type":"Feature","geometry":{"type":"Polygon","coordinates":[[[24.871286,41.724135],[24.871175,41.724556],[24.871361,41.724901],[24.871433,41.725087],[24.871442,41.725202],[24.871361,41.725582],[24.87131,41.725712],[24.871059,41.726151],[24.8727,41.726852],[24.872734,41.726916],[24.872802,41.726971],[24.87312,41.727159],[24.873453,41.727389],[24.873846,41.72748],[24.873533,41.727134],[24.87319,41.726958],[24.873204,41.726943],[24.873345,41.727015],[24.873539,41.72692],[24.87388,41.726797],[24.87369,41.726705],[24.873913,41.726504],[24.873982,41.726372],[24.874098,41.726331],[24.874329,41.726106],[24.873826,41.726033],[24.873838,41.725709],[24.873884,41.725558],[24.87417,41.725585],[24.874146,41.725364],[24.874263,41.725306],[24.874515,41.725217],[24.874691,41.725127],[24.875096,41.725215],[24.87543,41.725195],[24.875605,41.725153],[24.875412,41.724839],[24.875245,41.724843],[24.875096,41.724782],[24.87561,41.724443],[24.875508,41.724294],[24.875003,41.724142],[24.874461,41.724101],[24.874146,41.724113],[24.873366,41.724426],[24.873008,41.724637],[24.872763,41.724695],[24.872728,41.724427],[24.87254,41.724382],[24.87231,41.724377],[24.87221,41.724299],[24.872226,41.724172],[24.872328,41.723925],[24.872345,41.72379],[24.872284,41.723728],[24.872107,41.723706],[24.871792,41.723695],[24.871623,41.723593],[24.871614,41.723445],[24.871347,41.723456],[24.871334,41.723845],[24.871286,41.724135]]]},"properties":{"cadreg":100}},{"type":"Feature","geometry":{"type":"Polygon","coordinates":[[[24.870512,41.719369],[24.870466,41.719511],[24.870471,41.719943],[24.870522,41.720475],[24.870561,41.720676],[24.870735,41.721293],[24.870843,41.721877],[24.871098,41.722687],[24.871171,41.72285],[24.871347,41.723402],[24.871347,41.723456],[24.871614,41.723445],[24.87178,41.723402],[24.871834,41.723165],[24.87196,41.723068],[24.872098,41.723114],[24.872546,41.723346],[24.872839,41.723433],[24.873272,41.723467],[24.873626,41.72347],[24.873753,41.723405],[24.873779,41.723278],[24.873747,41.72316],[24.873574,41.722869],[24.873541,41.722743],[24.873568,41.722632],[24.873852,41.722572],[24.873998,41.722499],[24.874033,41.722373],[24.874419,41.722059],[24.874886,41.721824],[24.875671,41.721469],[24.875306,41.721294],[24.875174,41.721196],[24.874813,41.72099],[24.873971,41.720657],[24.873689,41.720482],[24.873403,41.720231],[24.873233,41.720109],[24.873091,41.720029],[24.873001,41.719941],[24.87295,41.719917],[24.872413,41.7199],[24.872103,41.719827],[24.87207,41.717709],[24.871839,41.717808],[24.871451,41.718151],[24.871282,41.718239],[24.871117,41.718377],[24.870983,41.718627],[24.870864,41.719003],[24.870512,41.719369]]]},"properties":{"cadreg":101}},{"type":"Feature","geometry":{"type":"Polygon","coordinates":[[[24.870055,41.725746],[24.869901,41.725911],[24.869691,41.726089],[24.869448,41.72617],[24.86926,41.726198],[24.868999,41.72628],[24.86841,41.726661],[24.868198,41.726811],[24.868102,41.726905],[24.86839,41.72713],[24.868354,41.7277],[24.868374,41.727794],[24.868419,41.727878],[24.868493,41.727887],[24.868578,41.727831],[24.868683,41.727577],[24.868796,41.727427],[24.868948,41.727598],[24.869074,41.727686],[24.86954,41.727878],[24.86972,41.727975],[24.869818,41.727969],[24.869952,41.727767],[24.870081,41.72765],[24.870414,41.727776],[24.870508,41.727592],[24.870708,41.727279],[24.870779,41.726868],[24.870879,41.726578],[24.871059,41.726151],[24.87131,41.725712],[24.871361,41.725582],[24.871424,41.725321],[24.871442,41.725202],[24.871433,41.725087],[24.871361,41.724901],[24.871175,41.724556],[24.871117,41.724705],[24.870918,41.72499],[24.870756,41.725129],[24.870345,41.725412],[24.870211,41.725541],[24.870055,41.725746]]]},"properties":{"cadreg":102}},{"type":"Feature","geometry":{"type":"Polygon","coordinates":[[[24.870634,41.72371],[24.870601,41.723796],[24.870657,41.723812],[24.870701,41.723675],[24.870755,41.723267],[24.870633,41.722532],[24.870635,41.722333],[24.870725,41.722064],[24.870843,41.721877],[24.870735,41.721293],[24.870561,41.720676],[24.870522,41.720475],[24.870471,41.719943],[24.870466,41.719511],[24.870512,41.719369],[24.870864,41.719003],[24.870983,41.718627],[24.870951,41.718551],[24.870807,41.718984],[24.870456,41.719349],[24.870407,41.719506],[24.870399,41.719706],[24.870428,41.72008],[24.870283,41.720355],[24.870193,41.720453],[24.869936,41.720642],[24.869731,41.720749],[24.869147,41.720872],[24.868637,41.720916],[24.868526,41.720968],[24.868602,41.720964],[24.868636,41.721138],[24.86878,41.721358],[24.869021,41.721624],[24.869372,41.72192],[24.869513,41.722069],[24.869737,41.722375],[24.870042,41.722596],[24.870243,41.7228],[24.870477,41.723153],[24.87068,41.723415],[24.870634,41.72371]]]},"properties":{"cadreg":103}},{"type":"Feature","geometry":{"type":"Polygon","coordinates":[[[24.870601,41.723796],[24.870537,41.723963],[24.870091,41.724527],[24.86991,41.724725],[24.869441,41.725174],[24.869123,41.725557],[24.869069,41.725529],[24.868594,41.725821],[24.868315,41.72594],[24.868546,41.726075],[24.868397,41.726201],[24.867894,41.726557],[24.867374,41.72698],[24.867509,41.726959],[24.867757,41.726882],[24.868071,41.726707],[24.868308,41.726517],[24.868456,41.726426],[24.868929,41.726251],[24.869242,41.726155],[24.869431,41.726127],[24.869654,41.726053],[24.869836,41.725899],[24.870053,41.725665],[24.87016,41.725516],[24.870301,41.725382],[24.870584,41.725173],[24.870713,41.725096],[24.870869,41.724964],[24.870958,41.724853],[24.871061,41.724689],[24.871204,41.72426],[24.871274,41.723841],[24.871287,41.723405],[24.871256,41.723239],[24.87104,41.722699],[24.870803,41.721942],[24.870725,41.722064],[24.870635,41.722333],[24.870633,41.722532],[24.870755,41.723267],[24.870692,41.723719],[24.870657,41.723812],[24.870601,41.723796]]]},"properties":{"cadreg":104}},{"type":"Feature","geometry":{"type":"MultiPolygon","coordinates":[[[[24.867422,41.725019],[24.867303,41.724945],[24.86696,41.724656],[24.866798,41.724547],[24.866553,41.724324],[24.866423,41.724183],[24.865896,41.723708],[24.865786,41.723652],[24.86555,41.72361],[24.865661,41.723607],[24.866625,41.723332],[24.867474,41.723042],[24.868163,41.722948],[24.868374,41.722896],[24.867971,41.722969],[24.86747,41.723034],[24.866992,41.723191],[24.867146,41.722989],[24.867199,41.722832],[24.867557,41.722296],[24.867623,41.722038],[24.867546,41.722294],[24.867188,41.722829],[24.867135,41.722985],[24.866974,41.723197],[24.866621,41.723324],[24.866367,41.723387],[24.865659,41.723598],[24.865442,41.723604],[24.864999,41.723643],[24.864801,41.723684],[24.864416,41.723806],[24.863181,41.723932],[24.862549,41.724072],[24.86229,41.72402],[24.862101,41.723958],[24.861632,41.723762],[24.86149,41.723743],[24.861179,41.723767],[24.861007,41.723684],[24.86083,41.723634],[24.860696,41.723641],[24.860593,41.723702],[24.860702,41.723654],[24.860827,41.723648],[24.860999,41.723697],[24.861174,41.72378],[24.861489,41.723757],[24.861625,41.723775],[24.86195,41.723918],[24.862177,41.724],[24.86255,41.724086],[24.863078,41.723961],[24.863518,41.723915],[24.863544,41.724004],[24.863676,41.724097],[24.863869,41.724179],[24.864347,41.724585],[24.864803,41.725054],[24.864861,41.725147],[24.86501,41.72522],[24.865086,41.725288],[24.865146,41.725467],[24.865292,41.72564],[24.865646,41.725442],[24.865858,41.725601],[24.866091,41.72581],[24.865705,41.725893],[24.86595,41.726016],[24.866409,41.7263],[24.866667,41.726295],[24.867434,41.726229],[24.868483,41.725791],[24.869009,41.725387],[24.869207,41.725182],[24.86945,41.724997],[24.869799,41.724628],[24.869992,41.724477],[24.870261,41.724323],[24.870537,41.723963],[24.870601,41.723796],[24.870424,41.723749],[24.870209,41.723762],[24.869901,41.723954],[24.86976,41.724],[24.869626,41.724011],[24.869535,41.724072],[24.869423,41.724262],[24.869285,41.724322],[24.869233,41.724268],[24.86942,41.724116],[24.869491,41.724029],[24.869451,41.723998],[24.869396,41.723993],[24.869341,41.724023],[24.869209,41.724175],[24.869127,41.72416],[24.869167,41.723984],[24.869164,41.723916],[24.8691,41.723904],[24.868956,41.724024],[24.868793,41.724219],[24.868644,41.724487],[24.869128,41.724683],[24.869031,41.724804],[24.868847,41.724726],[24.868587,41.724695],[24.868379,41.724708],[24.868094,41.724617],[24.867966,41.724644],[24.867875,41.724729],[24.867877,41.724813],[24.867682,41.724959],[24.867433,41.725046],[24.867422,41.725019]]],[[[24.867462,41.726299],[24.866678,41.726367],[24.866532,41.726373],[24.866746,41.726529],[24.866896,41.726605],[24.867105,41.726529],[24.867574,41.726289],[24.867533,41.72627],[24.867462,41.726299]]]]},"properties":{"cadreg":105}},{"type":"Feature","geometry":{"type":"Polygon","coordinates":[[[24.858626,41.728713],[24.860152,41.728569],[24.860469,41.728518],[24.861361,41.728333],[24.861782,41.72827],[24.862113,41.728268],[24.862336,41.728238],[24.863303,41.728072],[24.863661,41.728039],[24.864366,41.728077],[24.86455,41.728045],[24.864747,41.727982],[24.864989,41.727932],[24.8652,41.727896],[24.865479,41.727873],[24.865662,41.727832],[24.865834,41.727788],[24.8662,41.727642],[24.866509,41.727493],[24.866701,41.727362],[24.866916,41.727246],[24.86723,41.727113],[24.867357,41.727044],[24.867788,41.726921],[24.868111,41.726741],[24.868348,41.72655],[24.868489,41.726463],[24.868672,41.72639],[24.86926,41.726198],[24.869448,41.72617],[24.869691,41.726089],[24.869901,41.725911],[24.870055,41.725746],[24.870211,41.725541],[24.870345,41.725412],[24.870756,41.725129],[24.870918,41.72499],[24.871117,41.724705],[24.871263,41.724269],[24.871334,41.723845],[24.871347,41.723402],[24.870843,41.721877],[24.870803,41.721942],[24.87104,41.722699],[24.871256,41.723239],[24.871287,41.723405],[24.871274,41.723841],[24.871204,41.72426],[24.871159,41.724418],[24.871061,41.724689],[24.870869,41.724964],[24.870713,41.725096],[24.870584,41.725173],[24.870301,41.725382],[24.87016,41.725516],[24.870053,41.725665],[24.869836,41.725899],[24.869654,41.726053],[24.869431,41.726127],[24.869242,41.726155],[24.868929,41.726251],[24.868456,41.726426],[24.868308,41.726517],[24.868071,41.726707],[24.867757,41.726882],[24.867509,41.726959],[24.867374,41.72698],[24.867894,41.726557],[24.868397,41.726201],[24.868546,41.726075],[24.868315,41.72594],[24.867533,41.72627],[24.867574,41.726289],[24.867105,41.726529],[24.866896,41.726605],[24.866746,41.726529],[24.866532,41.726373],[24.866287,41.72638],[24.865918,41.726535],[24.865703,41.726553],[24.864396,41.727113],[24.864332,41.727075],[24.864282,41.72695],[24.863755,41.727121],[24.863471,41.727197],[24.863481,41.727359],[24.863194,41.727487],[24.862943,41.727696],[24.862852,41.727797],[24.862856,41.727959],[24.8619,41.728152],[24.861681,41.728232],[24.861494,41.72827],[24.860826,41.72831],[24.860245,41.72838],[24.859818,41.728408],[24.859578,41.728454],[24.859442,41.728528],[24.859413,41.728597],[24.858523,41.728676],[24.857787,41.728651],[24.857351,41.728496],[24.857136,41.728513],[24.857003,41.728561],[24.856673,41.728734],[24.85654,41.728887],[24.856369,41.729027],[24.856116,41.729188],[24.855546,41.729488],[24.855451,41.72957],[24.855265,41.729819],[24.855078,41.730034],[24.854819,41.730243],[24.854621,41.730376],[24.854232,41.730591],[24.854148,41.730658],[24.854053,41.730773],[24.854102,41.730802],[24.854196,41.730685],[24.854271,41.730625],[24.854659,41.730412],[24.854845,41.730286],[24.855184,41.730006],[24.8555,41.729596],[24.855588,41.729521],[24.856153,41.729223],[24.85641,41.72906],[24.856571,41.728931],[24.856723,41.72876],[24.857055,41.728749],[24.857467,41.728692],[24.858308,41.728721],[24.858626,41.728713]]]},"properties":{"cadreg":106}},{"type":"Feature","geometry":{"type":"MultiPolygon","coordinates":[[[[24.864033,41.725224],[24.863288,41.725289],[24.863321,41.725423],[24.862934,41.725332],[24.862613,41.725307],[24.862199,41.725346],[24.862209,41.72549],[24.862282,41.725691],[24.862122,41.725768],[24.862014,41.725874],[24.86189,41.725846],[24.861736,41.725888],[24.861633,41.725973],[24.861617,41.726073],[24.861698,41.726112],[24.861645,41.726232],[24.861653,41.726336],[24.861777,41.726602],[24.861899,41.726799],[24.862011,41.726828],[24.862231,41.72675],[24.86249,41.726721],[24.862973,41.726565],[24.863109,41.726484],[24.863401,41.726357],[24.863515,41.726738],[24.864143,41.726562],[24.864256,41.72688],[24.864782,41.72664],[24.865252,41.726477],[24.865663,41.726311],[24.866409,41.7263],[24.86595,41.726016],[24.865705,41.725893],[24.866091,41.72581],[24.865858,41.725601],[24.865646,41.725442],[24.865292,41.72564],[24.865146,41.725467],[24.865086,41.725288],[24.86501,41.72522],[24.864861,41.725147],[24.864803,41.725054],[24.864598,41.725053],[24.864346,41.725116],[24.864033,41.725224]]],[[[24.864396,41.727113],[24.865703,41.726553],[24.865918,41.726535],[24.866287,41.72638],[24.865688,41.726383],[24.865292,41.726543],[24.864826,41.726705],[24.864282,41.72695],[24.864332,41.727075],[24.864396,41.727113]]]]},"properties":{"cadreg":107}},{"type":"Feature","geometry":{"type":"MultiPolygon","coordinates":[[[[24.863401,41.726357],[24.863109,41.726484],[24.862973,41.726565],[24.86249,41.726721],[24.862476,41.726965],[24.862412,41.727075],[24.862297,41.7272],[24.862221,41.727373],[24.863438,41.72713],[24.863628,41.727082],[24.864256,41.72688],[24.864143,41.726562],[24.863515,41.726738],[24.863401,41.726357]]],[[[24.862205,41.727455],[24.86221,41.727517],[24.862177,41.727686],[24.862194,41.727939],[24.862435,41.727942],[24.86246,41.728041],[24.862689,41.727997],[24.862856,41.727959],[24.862852,41.727797],[24.862943,41.727696],[24.863194,41.727487],[24.863481,41.727359],[24.863471,41.727197],[24.862205,41.727455]]]]},"properties":{"cadreg":108}},{"type":"Feature","geometry":{"type":"Polygon","coordinates":[[[24.857727,41.727953],[24.857556,41.728044],[24.857741,41.728323],[24.85765,41.728443],[24.858052,41.728491],[24.857502,41.728541],[24.857787,41.728651],[24.858309,41.728676],[24.858523,41.728676],[24.859413,41.728597],[24.859442,41.728528],[24.859578,41.728454],[24.859702,41.728427],[24.860583,41.728345],[24.860826,41.72831],[24.861494,41.72827],[24.861681,41.728232],[24.8619,41.728152],[24.86246,41.728041],[24.862435,41.727942],[24.862194,41.727939],[24.862177,41.727686],[24.86221,41.727517],[24.862205,41.727455],[24.863271,41.727244],[24.863755,41.727121],[24.864296,41.726945],[24.864826,41.726705],[24.865292,41.726543],[24.865688,41.726383],[24.866678,41.726367],[24.867462,41.726299],[24.868594,41.725821],[24.869069,41.725529],[24.869123,41.725557],[24.869441,41.725174],[24.86991,41.724725],[24.870261,41.724323],[24.869992,41.724477],[24.869799,41.724628],[24.86945,41.724997],[24.869207,41.725182],[24.869009,41.725387],[24.868483,41.725791],[24.867434,41.726229],[24.866667,41.726295],[24.865663,41.726311],[24.865252,41.726477],[24.864782,41.72664],[24.864256,41.72688],[24.863628,41.727082],[24.863235,41.727178],[24.862221,41.727373],[24.862297,41.7272],[24.862412,41.727075],[24.862476,41.726965],[24.86249,41.726721],[24.862231,41.72675],[24.862011,41.726828],[24.861899,41.726799],[24.861777,41.726602],[24.861653,41.726336],[24.861645,41.726232],[24.861698,41.726112],[24.861617,41.726073],[24.861633,41.725973],[24.861736,41.725888],[24.86189,41.725846],[24.862014,41.725874],[24.862122,41.725768],[24.862282,41.725691],[24.862209,41.72549],[24.862199,41.725346],[24.861917,41.725395],[24.861528,41.725511],[24.861227,41.725574],[24.860984,41.725686],[24.860801,41.725798],[24.860595,41.725988],[24.860634,41.726066],[24.860648,41.726175],[24.860509,41.726296],[24.860112,41.726495],[24.859894,41.726637],[24.859538,41.726909],[24.859311,41.727118],[24.859177,41.727189],[24.858946,41.727275],[24.858683,41.727408],[24.85856,41.727515],[24.858358,41.727593],[24.858268,41.727683],[24.857943,41.727474],[24.857942,41.727702],[24.85789,41.727836],[24.857727,41.727953]]]},"properties":{"cadreg":109}},{"type":"Feature","geometry":{"type":"Polygon","coordinates":[[[24.861095,41.723744],[24.861196,41.723886],[24.861243,41.72401],[24.86154,41.724411],[24.861744,41.724856],[24.861917,41.725395],[24.862199,41.725346],[24.862613,41.725307],[24.862934,41.725332],[24.863321,41.725423],[24.863288,41.725289],[24.864033,41.725224],[24.864346,41.725116],[24.864598,41.725053],[24.864803,41.725054],[24.864347,41.724585],[24.863869,41.724179],[24.863676,41.724097],[24.863544,41.724004],[24.863518,41.723915],[24.863078,41.723961],[24.86255,41.724086],[24.862177,41.724],[24.86195,41.723918],[24.861625,41.723775],[24.861489,41.723757],[24.861174,41.72378],[24.861095,41.723744]]]},"properties":{"cadreg":110}},{"type":"Feature","geometry":{"type":"Polygon","coordinates":[[[24.859671,41.725758],[24.859243,41.725847],[24.858572,41.726128],[24.858273,41.726309],[24.85853,41.726675],[24.857942,41.726877],[24.857533,41.72713],[24.857715,41.727336],[24.858268,41.727683],[24.858358,41.727593],[24.85856,41.727515],[24.858683,41.727408],[24.858946,41.727275],[24.859177,41.727189],[24.859311,41.727118],[24.859538,41.726909],[24.859894,41.726637],[24.860112,41.726495],[24.860509,41.726296],[24.860648,41.726175],[24.860634,41.726066],[24.860595,41.725988],[24.860801,41.725798],[24.860984,41.725686],[24.861227,41.725574],[24.861528,41.725511],[24.861917,41.725395],[24.861744,41.724856],[24.861607,41.724914],[24.861622,41.725048],[24.860566,41.725444],[24.860174,41.725621],[24.859671,41.725758]]]},"properties":{"cadreg":111}},{"type":"Feature","geometry":{"type":"Polygon","coordinates":[[[24.854961,41.726773],[24.854735,41.726657],[24.854032,41.726501],[24.853923,41.726789],[24.853984,41.727002],[24.853966,41.727233],[24.853822,41.7275],[24.853727,41.727609],[24.853662,41.727758],[24.85366,41.727941],[24.853821,41.728421],[24.854017,41.728426],[24.854111,41.728202],[24.854631,41.728344],[24.854476,41.728545],[24.854382,41.728731],[24.85433,41.728944],[24.855721,41.72939],[24.855752,41.729375],[24.855756,41.729293],[24.855798,41.729253],[24.855877,41.729228],[24.855913,41.729188],[24.855954,41.729068],[24.856045,41.728992],[24.85613,41.728987],[24.856257,41.729095],[24.856369,41.729027],[24.85654,41.728887],[24.856673,41.728734],[24.857003,41.728561],[24.857136,41.728513],[24.857351,41.728496],[24.857502,41.728541],[24.858052,41.728491],[24.85765,41.728443],[24.857741,41.728323],[24.857556,41.728044],[24.857727,41.727953],[24.85789,41.727836],[24.857942,41.727702],[24.857943,41.727474],[24.857715,41.727336],[24.857533,41.72713],[24.857545,41.727123],[24.857179,41.726631],[24.857096,41.726576],[24.856687,41.726617],[24.856443,41.726467],[24.856236,41.72629],[24.855971,41.726269],[24.855713,41.726267],[24.855391,41.726445],[24.854961,41.726773]]]},"properties":{"cadreg":112}},{"type":"Feature","geometry":{"type":"Polygon","coordinates":[[[24.850284,41.726083],[24.84988,41.726429],[24.849805,41.726459],[24.849539,41.726615],[24.849029,41.726967],[24.848951,41.727106],[24.848919,41.72727],[24.84894,41.727675],[24.849048,41.727738],[24.849166,41.727766],[24.849769,41.727774],[24.849965,41.727791],[24.850059,41.727824],[24.850043,41.727796],[24.850995,41.728214],[24.850997,41.728237],[24.851246,41.728327],[24.851247,41.728437],[24.851214,41.728583],[24.851366,41.728374],[24.851519,41.728082],[24.851642,41.727919],[24.852164,41.727592],[24.852844,41.727198],[24.853008,41.72704],[24.853037,41.72685],[24.852881,41.726815],[24.852637,41.726809],[24.852506,41.726791],[24.852334,41.726743],[24.852206,41.726765],[24.852124,41.726755],[24.852028,41.726716],[24.851721,41.726644],[24.85128,41.726452],[24.850729,41.726137],[24.850387,41.726013],[24.850284,41.726083]]]},"properties":{"cadreg":113}},{"type":"Feature","geometry":{"type":"Polygon","coordinates":[[[24.846792,41.727348],[24.846705,41.727515],[24.846665,41.727659],[24.8466,41.728162],[24.846568,41.728305],[24.846516,41.728414],[24.846407,41.728556],[24.846332,41.728618],[24.846134,41.728723],[24.845902,41.728893],[24.845725,41.729088],[24.845535,41.729343],[24.845464,41.7294],[24.845375,41.729442],[24.845561,41.729568],[24.845712,41.729481],[24.845846,41.729562],[24.846451,41.729071],[24.846622,41.729301],[24.84625,41.729663],[24.846662,41.729851],[24.846883,41.729607],[24.847026,41.72949],[24.847163,41.729393],[24.84733,41.729323],[24.847599,41.729243],[24.848034,41.72914],[24.848489,41.729073],[24.848757,41.729049],[24.848917,41.729057],[24.848852,41.728609],[24.848414,41.727478],[24.848253,41.727376],[24.847933,41.727113],[24.847797,41.727051],[24.847863,41.726973],[24.84786,41.726914],[24.847604,41.727154],[24.847514,41.727193],[24.847234,41.727186],[24.846954,41.727212],[24.846859,41.727264],[24.846792,41.727348]]]},"properties":{"cadreg":114}},{"type":"Feature","geometry":{"type":"Polygon","coordinates":[[[24.848414,41.727478],[24.848852,41.728609],[24.848917,41.729057],[24.849317,41.729054],[24.850057,41.728835],[24.850523,41.728756],[24.85099,41.728705],[24.851142,41.728644],[24.851214,41.728583],[24.851247,41.728437],[24.851246,41.728327],[24.850997,41.728237],[24.850995,41.728214],[24.850043,41.727796],[24.850059,41.727824],[24.849965,41.727791],[24.849769,41.727774],[24.849166,41.727766],[24.849048,41.727738],[24.848884,41.727642],[24.848574,41.727561],[24.848414,41.727478]]]},"properties":{"cadreg":115}},{"type":"Feature","geometry":{"type":"Polygon","coordinates":[[[24.846622,41.729301],[24.846451,41.729071],[24.845846,41.729562],[24.845712,41.729481],[24.845561,41.729568],[24.845375,41.729442],[24.845185,41.729508],[24.844927,41.729641],[24.844812,41.729756],[24.844677,41.729979],[24.844669,41.730223],[24.844727,41.730331],[24.844833,41.730427],[24.845539,41.730863],[24.845625,41.730963],[24.845655,41.731026],[24.845666,41.731131],[24.845624,41.731199],[24.845966,41.731409],[24.846227,41.731539],[24.846488,41.731645],[24.846706,41.731686],[24.846701,41.731456],[24.846546,41.730962],[24.846513,41.730722],[24.846445,41.730481],[24.846448,41.730191],[24.846489,41.730101],[24.846662,41.729851],[24.84625,41.729663],[24.846622,41.729301]]]},"properties":{"cadreg":116}},{"type":"Feature","geometry":{"type":"Polygon","coordinates":[[[24.843421,41.728279],[24.84314,41.728509],[24.842695,41.728771],[24.842265,41.728838],[24.842156,41.728878],[24.842075,41.728989],[24.841829,41.729245],[24.841956,41.729314],[24.842123,41.72944],[24.842424,41.729706],[24.843231,41.730349],[24.843525,41.730642],[24.84365,41.730698],[24.844291,41.7308],[24.844567,41.730879],[24.844832,41.730979],[24.845365,41.73111],[24.845358,41.731052],[24.845262,41.730951],[24.844624,41.730544],[24.844507,41.73043],[24.844413,41.730295],[24.844383,41.730099],[24.844413,41.730036],[24.844462,41.730013],[24.844469,41.729909],[24.844693,41.729591],[24.844951,41.72942],[24.845221,41.729324],[24.845411,41.729202],[24.845724,41.728815],[24.845818,41.728744],[24.845561,41.728548],[24.845119,41.728114],[24.84501,41.72817],[24.844914,41.728255],[24.844825,41.728395],[24.844821,41.728499],[24.844733,41.728703],[24.844697,41.728743],[24.844397,41.728728],[24.844552,41.728627],[24.844699,41.728587],[24.844498,41.728391],[24.844324,41.728266],[24.844026,41.727727],[24.843914,41.727934],[24.843421,41.728279]]]},"properties":{"cadreg":117}},{"type":"Feature","geometry":{"type":"Polygon","coordinates":[[[24.845914,41.726298],[24.845905,41.726356],[24.845959,41.726428],[24.845996,41.726525],[24.845965,41.72658],[24.8457,41.726737],[24.845422,41.726979],[24.845238,41.727296],[24.845149,41.727355],[24.845029,41.727383],[24.844686,41.727388],[24.844397,41.727434],[24.844255,41.727482],[24.844117,41.727552],[24.84406,41.727637],[24.844026,41.727727],[24.844324,41.728266],[24.844498,41.728391],[24.844699,41.728587],[24.844552,41.728627],[24.844397,41.728728],[24.844697,41.728743],[24.844733,41.728703],[24.844821,41.728499],[24.844825,41.728395],[24.844914,41.728255],[24.84501,41.72817],[24.845119,41.728114],[24.845561,41.728548],[24.845818,41.728744],[24.845936,41.728649],[24.846202,41.728509],[24.846342,41.72834],[24.846426,41.727523],[24.846515,41.727312],[24.846618,41.727204],[24.846774,41.727088],[24.846978,41.727027],[24.847481,41.727003],[24.847594,41.726956],[24.847667,41.726872],[24.847655,41.726392],[24.847719,41.72626],[24.848176,41.725995],[24.84832,41.725875],[24.84847,41.725705],[24.848594,41.725501],[24.848395,41.725583],[24.848329,41.725693],[24.84826,41.725762],[24.848134,41.725778],[24.848015,41.725751],[24.847724,41.725607],[24.847606,41.725604],[24.847239,41.725697],[24.847082,41.72575],[24.846828,41.725918],[24.846463,41.726091],[24.84628,41.726171],[24.846061,41.72623],[24.845914,41.726298]]]},"properties":{"cadreg":118}},{"type":"Feature","geometry":{"type":"Polygon","coordinates":[[[24.849266,41.725593],[24.84894,41.725468],[24.848828,41.725452],[24.848748,41.725635],[24.848419,41.726098],[24.848391,41.726126],[24.848114,41.726224],[24.848019,41.726275],[24.847885,41.726398],[24.847866,41.72648],[24.847863,41.726973],[24.847797,41.727051],[24.847933,41.727113],[24.848253,41.727376],[24.848414,41.727478],[24.848574,41.727561],[24.848884,41.727642],[24.84894,41.727675],[24.848919,41.72727],[24.848951,41.727106],[24.849029,41.726967],[24.849539,41.726615],[24.849805,41.726459],[24.84988,41.726429],[24.850284,41.726083],[24.850387,41.726013],[24.850121,41.725893],[24.849675,41.725783],[24.849474,41.725701],[24.849266,41.725593]]]},"properties":{"cadreg":119}},{"type":"Feature","geometry":{"type":"Polygon","coordinates":[[[24.851996,41.725348],[24.852349,41.7251],[24.851908,41.725211],[24.851912,41.725229],[24.851493,41.725266],[24.851162,41.725343],[24.851027,41.72535],[24.85082,41.725343],[24.850543,41.725283],[24.850374,41.725267],[24.850278,41.725278],[24.850204,41.725313],[24.850078,41.725345],[24.849911,41.725358],[24.84977,41.725348],[24.849488,41.725296],[24.849211,41.725164],[24.849117,41.725104],[24.848931,41.725056],[24.848794,41.725182],[24.848829,41.725206],[24.84885,41.725258],[24.848828,41.725452],[24.84894,41.725468],[24.8491,41.725521],[24.849675,41.725783],[24.850121,41.725893],[24.850302,41.725983],[24.850729,41.726137],[24.85128,41.726452],[24.851611,41.726604],[24.851721,41.726644],[24.852028,41.726716],[24.852124,41.726755],[24.852206,41.726765],[24.852334,41.726743],[24.852506,41.726791],[24.852637,41.726809],[24.852881,41.726815],[24.853037,41.72685],[24.853061,41.726304],[24.852772,41.726239],[24.852777,41.726172],[24.852662,41.726146],[24.8527,41.726012],[24.852812,41.725822],[24.852169,41.725548],[24.851999,41.725501],[24.85198,41.72541],[24.851996,41.725348]]]},"properties":{"cadreg":120}},{"type":"Feature","geometry":{"type":"Polygon","coordinates":[[[24.85403,41.724964],[24.853933,41.724797],[24.853855,41.724863],[24.85374,41.724898],[24.853367,41.724851],[24.853022,41.724911],[24.853048,41.724959],[24.852941,41.724984],[24.852932,41.724961],[24.852839,41.724979],[24.852841,41.724991],[24.852692,41.725012],[24.852695,41.725026],[24.852349,41.7251],[24.851996,41.725348],[24.85198,41.72541],[24.851999,41.725501],[24.852169,41.725548],[24.852812,41.725822],[24.852853,41.725754],[24.852982,41.725805],[24.853144,41.725598],[24.853436,41.725382],[24.853584,41.725311],[24.854129,41.725104],[24.854159,41.72506],[24.85403,41.724964]]]},"properties":{"cadreg":121}},{"type":"Feature","geometry":{"type":"Polygon","coordinates":[[[24.852589,41.723598],[24.852565,41.723655],[24.852525,41.723649],[24.852417,41.723608],[24.8523,41.72375],[24.85229,41.723884],[24.852318,41.724008],[24.852518,41.724346],[24.852505,41.72442],[24.852239,41.724403],[24.852275,41.724431],[24.852087,41.724454],[24.852225,41.724474],[24.85246,41.724454],[24.852225,41.724483],[24.852061,41.724461],[24.851971,41.724486],[24.852202,41.724606],[24.851849,41.724789],[24.851695,41.72485],[24.851611,41.724965],[24.85159,41.725069],[24.851627,41.725237],[24.851908,41.725211],[24.852695,41.725026],[24.852692,41.725012],[24.852841,41.724991],[24.852839,41.724979],[24.852932,41.724961],[24.852941,41.724984],[24.853048,41.724959],[24.853022,41.724911],[24.853367,41.724851],[24.85374,41.724898],[24.853855,41.724863],[24.853933,41.724797],[24.853876,41.72466],[24.853868,41.724374],[24.853841,41.72418],[24.853788,41.724058],[24.853655,41.724079],[24.853562,41.724066],[24.853685,41.723872],[24.854184,41.723642],[24.854544,41.723661],[24.854578,41.723713],[24.854681,41.723667],[24.854777,41.723589],[24.854817,41.723605],[24.855008,41.723517],[24.855245,41.723446],[24.855553,41.723445],[24.855924,41.723289],[24.856068,41.72327],[24.85619,41.723303],[24.856437,41.723411],[24.85666,41.723455],[24.856968,41.723479],[24.857238,41.723455],[24.857642,41.723464],[24.85788,41.723493],[24.85813,41.723606],[24.858213,41.723673],[24.85873,41.723658],[24.858764,41.723805],[24.858978,41.723885],[24.859205,41.723856],[24.859161,41.723775],[24.858671,41.723617],[24.858361,41.723443],[24.857911,41.723333],[24.857072,41.723317],[24.856861,41.723334],[24.856733,41.723389],[24.856585,41.723406],[24.856504,41.72339],[24.856383,41.723319],[24.85605,41.723197],[24.855953,41.723186],[24.855798,41.723233],[24.85574,41.723235],[24.855652,41.723184],[24.855627,41.723153],[24.855682,41.722952],[24.855579,41.723165],[24.855168,41.72319],[24.854829,41.723269],[24.854668,41.723279],[24.854315,41.723267],[24.853794,41.72322],[24.853046,41.723632],[24.852969,41.723643],[24.852589,41.723598]]]},"properties":{"cadreg":122}},{"type":"Feature","geometry":{"type":"Polygon","coordinates":[[[24.853299,41.721353],[24.853306,41.721101],[24.853514,41.720758],[24.853652,41.720455],[24.853887,41.72022],[24.853891,41.720199],[24.853736,41.720209],[24.853352,41.720344],[24.852955,41.720535],[24.852852,41.720565],[24.852138,41.720585],[24.85132,41.720565],[24.850854,41.720614],[24.850873,41.720707],[24.850957,41.720845],[24.850982,41.720996],[24.85097,41.721214],[24.850913,41.721321],[24.850815,41.721447],[24.850678,41.721552],[24.849991,41.721934],[24.849854,41.721999],[24.849692,41.722024],[24.849595,41.722068],[24.849394,41.722228],[24.849379,41.722491],[24.849345,41.722691],[24.849361,41.722757],[24.849411,41.722844],[24.849424,41.722935],[24.849434,41.72316],[24.849416,41.72322],[24.84915,41.723521],[24.848928,41.723694],[24.848831,41.723836],[24.848711,41.724075],[24.84865,41.724141],[24.848396,41.724341],[24.848275,41.724484],[24.848118,41.724613],[24.848058,41.724697],[24.84831,41.724711],[24.848559,41.724805],[24.848729,41.724968],[24.848764,41.725036],[24.848762,41.725139],[24.848794,41.725182],[24.848931,41.725056],[24.849117,41.725104],[24.849211,41.725164],[24.849488,41.725296],[24.84977,41.725348],[24.849911,41.725358],[24.850078,41.725345],[24.850204,41.725313],[24.850278,41.725278],[24.850374,41.725267],[24.850543,41.725283],[24.85082,41.725343],[24.851162,41.725343],[24.851493,41.725266],[24.851912,41.725229],[24.851908,41.725211],[24.851627,41.725237],[24.85159,41.725069],[24.851611,41.724965],[24.851695,41.72485],[24.851849,41.724789],[24.852202,41.724606],[24.851971,41.724486],[24.852061,41.724461],[24.852225,41.724483],[24.85246,41.724454],[24.852225,41.724474],[24.85204,41.724449],[24.851968,41.724418],[24.851751,41.724387],[24.851139,41.724159],[24.850721,41.724061],[24.850401,41.724026],[24.850524,41.723849],[24.850885,41.72356],[24.851056,41.723517],[24.851231,41.723373],[24.851535,41.723281],[24.851849,41.72331],[24.852026,41.723343],[24.852292,41.72347],[24.852417,41.723608],[24.852468,41.723637],[24.852565,41.723655],[24.852589,41.723598],[24.852969,41.723643],[24.853046,41.723632],[24.853794,41.72322],[24.854315,41.723267],[24.854668,41.723279],[24.854829,41.723269],[24.855168,41.72319],[24.855343,41.723174],[24.854896,41.723097],[24.854752,41.72303],[24.854673,41.72294],[24.854664,41.722826],[24.854721,41.722556],[24.854696,41.722516],[24.854245,41.722213],[24.853993,41.721994],[24.853905,41.721949],[24.853635,41.721899],[24.853545,41.721853],[24.853488,41.721792],[24.853343,41.721487],[24.853299,41.721353]]]},"properties":{"cadreg":123}},{"type":"Feature","geometry":{"type":"Polygon","coordinates":[[[24.852417,41.723608],[24.852292,41.72347],[24.852026,41.723343],[24.851849,41.72331],[24.851535,41.723281],[24.851486,41.723289],[24.851231,41.723373],[24.851096,41.723494],[24.851036,41.723526],[24.850885,41.72356],[24.850524,41.723849],[24.850401,41.724026],[24.850721,41.724061],[24.851139,41.724159],[24.851751,41.724387],[24.851968,41.724418],[24.85204,41.724449],[24.852275,41.724431],[24.852239,41.724403],[24.852505,41.72442],[24.852518,41.724346],[24.852318,41.724008],[24.85229,41.723884],[24.8523,41.72375],[24.852417,41.723608]]]},"properties":{"cadreg":124}},{"type":"Feature","geometry":{"type":"Polygon","coordinates":[[[24.824161,41.730761],[24.823744,41.730953],[24.82325,41.731245],[24.823107,41.731364],[24.822825,41.731551],[24.822597,41.731752],[24.82233,41.731934],[24.822127,41.732096],[24.821988,41.732178],[24.821632,41.732346],[24.820959,41.732828],[24.820554,41.733048],[24.81997,41.733207],[24.819453,41.733289],[24.81909,41.73355],[24.818282,41.733985],[24.818181,41.734183],[24.818011,41.734225],[24.817336,41.734707],[24.817,41.735],[24.81693,41.735095],[24.816851,41.73513],[24.816739,41.735102],[24.816525,41.735016],[24.816567,41.735094],[24.817073,41.735315],[24.817445,41.735449],[24.818345,41.735579],[24.81836,41.735693],[24.818229,41.73602],[24.818219,41.736134],[24.818294,41.736218],[24.818671,41.736045],[24.819231,41.735886],[24.819444,41.736002],[24.819609,41.736296],[24.82004,41.736557],[24.820332,41.736633],[24.820635,41.736609],[24.820777,41.736538],[24.8209,41.736453],[24.820945,41.736368],[24.820961,41.736195],[24.821148,41.736035],[24.821335,41.735845],[24.821494,41.735557],[24.821518,41.735467],[24.822285,41.735281],[24.822444,41.73522],[24.822431,41.735263],[24.822553,41.735347],[24.82262,41.735483],[24.822749,41.735558],[24.822806,41.735543],[24.822888,41.7355],[24.823235,41.735164],[24.823335,41.734954],[24.823466,41.73481],[24.823728,41.734804],[24.8239,41.734757],[24.824004,41.734702],[24.824243,41.734639],[24.824383,41.734508],[24.82479,41.734044],[24.824809,41.734],[24.824779,41.733967],[24.824732,41.733949],[24.824865,41.73385],[24.825151,41.733495],[24.825639,41.733045],[24.82627,41.732415],[24.826793,41.732406],[24.826865,41.732387],[24.827058,41.733087],[24.827163,41.733382],[24.827371,41.733524],[24.82777,41.733495],[24.827979,41.733409],[24.828171,41.732863],[24.828198,41.732652],[24.828298,41.732529],[24.828496,41.732496],[24.828762,41.732533],[24.82894,41.732525],[24.829439,41.732095],[24.82973,41.731973],[24.82983,41.731961],[24.830263,41.731679],[24.830306,41.731633],[24.830231,41.731518],[24.830122,41.731451],[24.82987,41.731245],[24.829703,41.731217],[24.829604,41.73117],[24.82954,41.731018],[24.829424,41.730869],[24.829435,41.73084],[24.829528,41.730824],[24.829941,41.730823],[24.830015,41.730781],[24.830084,41.730632],[24.830105,41.730518],[24.829705,41.730522],[24.82963,41.730497],[24.829504,41.730419],[24.82945,41.730414],[24.829358,41.730254],[24.829305,41.730251],[24.829178,41.7302],[24.829073,41.730115],[24.829071,41.730032],[24.828855,41.730164],[24.828602,41.73035],[24.828104,41.730746],[24.827873,41.730863],[24.827877,41.730157],[24.827798,41.729838],[24.827743,41.729759],[24.82761,41.729687],[24.827472,41.729679],[24.827386,41.729694],[24.827375,41.729593],[24.827037,41.72885],[24.826938,41.729003],[24.826859,41.729067],[24.826673,41.7291],[24.826542,41.729166],[24.826394,41.729273],[24.826298,41.729375],[24.826193,41.729456],[24.825972,41.729587],[24.825672,41.72981],[24.82491,41.730209],[24.824412,41.730546],[24.824329,41.730633],[24.824161,41.730761]]]},"properties":{"cadreg":125}},{"type":"Feature","geometry":{"type":"Polygon","coordinates":[[[24.836564,41.721653],[24.836443,41.721664],[24.836151,41.721851],[24.836153,41.721974],[24.836254,41.722116],[24.836308,41.722151],[24.836419,41.722169],[24.836532,41.722158],[24.836674,41.722185],[24.83694,41.722423],[24.837006,41.722521],[24.837152,41.722634],[24.837271,41.722688],[24.83743,41.722556],[24.837604,41.722458],[24.837778,41.722637],[24.837603,41.722776],[24.837679,41.722963],[24.83765,41.723301],[24.83746,41.723376],[24.837373,41.723456],[24.837325,41.723609],[24.83721,41.723793],[24.83708,41.723898],[24.836727,41.723992],[24.836697,41.724065],[24.836594,41.7242],[24.836636,41.724293],[24.836722,41.724327],[24.836927,41.724348],[24.837201,41.724406],[24.83728,41.724687],[24.837309,41.724885],[24.837026,41.725168],[24.837023,41.725271],[24.837146,41.725579],[24.837151,41.725677],[24.837078,41.725822],[24.837011,41.725915],[24.836646,41.726168],[24.836438,41.726277],[24.836277,41.726445],[24.836235,41.726553],[24.836268,41.726809],[24.836007,41.726846],[24.835933,41.72687],[24.835893,41.726911],[24.835887,41.726992],[24.835939,41.727117],[24.836101,41.727367],[24.8364,41.727733],[24.83634,41.727764],[24.836214,41.727785],[24.836103,41.727789],[24.835741,41.727752],[24.835622,41.727695],[24.835519,41.72761],[24.835435,41.727394],[24.835323,41.727298],[24.835046,41.727153],[24.834802,41.727121],[24.83475,41.727102],[24.834654,41.727029],[24.834552,41.72687],[24.834476,41.726844],[24.834329,41.726835],[24.834232,41.726839],[24.834095,41.726886],[24.834118,41.726907],[24.834131,41.726963],[24.834121,41.727203],[24.834098,41.72731],[24.834151,41.727414],[24.834236,41.727499],[24.834367,41.727612],[24.834741,41.727839],[24.835296,41.728056],[24.835656,41.728147],[24.835937,41.728294],[24.836018,41.72837],[24.836062,41.728488],[24.836109,41.728882],[24.836138,41.728924],[24.836191,41.728953],[24.836278,41.728927],[24.836621,41.728672],[24.837032,41.728495],[24.837042,41.728443],[24.837115,41.728304],[24.837129,41.728228],[24.837231,41.728097],[24.837276,41.727905],[24.837332,41.727835],[24.837384,41.727728],[24.837566,41.727639],[24.838001,41.727465],[24.83806,41.727427],[24.838134,41.727371],[24.83829,41.727159],[24.838438,41.727022],[24.83847,41.726967],[24.838423,41.726893],[24.838209,41.726787],[24.838199,41.726632],[24.838211,41.726592],[24.838253,41.726551],[24.83831,41.726523],[24.838426,41.726506],[24.838534,41.726537],[24.838607,41.7265],[24.838662,41.726376],[24.838714,41.726304],[24.838842,41.726288],[24.839192,41.726282],[24.839359,41.726221],[24.839368,41.72607],[24.839597,41.726023],[24.839415,41.725876],[24.83937,41.725788],[24.839295,41.725739],[24.839223,41.725719],[24.839093,41.725727],[24.838968,41.725781],[24.838871,41.725864],[24.838771,41.726017],[24.838753,41.726096],[24.838673,41.726185],[24.838609,41.726235],[24.838561,41.726251],[24.838507,41.726249],[24.838471,41.726221],[24.838442,41.726079],[24.838459,41.725958],[24.838484,41.725907],[24.838545,41.725845],[24.838558,41.72579],[24.838517,41.725505],[24.839196,41.725367],[24.839249,41.725283],[24.839192,41.725195],[24.83908,41.725136],[24.838933,41.725183],[24.838584,41.725198],[24.838278,41.725285],[24.837682,41.724965],[24.837617,41.724803],[24.837591,41.724563],[24.837777,41.724719],[24.837895,41.724764],[24.838097,41.724774],[24.838432,41.724762],[24.83857,41.724784],[24.838776,41.724775],[24.838987,41.724835],[24.839091,41.724842],[24.839177,41.724834],[24.839245,41.724601],[24.839299,41.724552],[24.839394,41.72455],[24.839508,41.724623],[24.839616,41.724845],[24.839694,41.724902],[24.840038,41.724746],[24.840186,41.72459],[24.840201,41.724746],[24.8403,41.724723],[24.840454,41.724718],[24.840902,41.72479],[24.840954,41.72396],[24.841207,41.723944],[24.841281,41.723964],[24.841367,41.72399],[24.841489,41.724278],[24.841635,41.724752],[24.841719,41.724759],[24.841844,41.724794],[24.842034,41.724915],[24.841997,41.724993],[24.842014,41.725103],[24.842284,41.72549],[24.842466,41.726176],[24.842621,41.726268],[24.842745,41.726291],[24.842872,41.726273],[24.843071,41.726335],[24.843476,41.726239],[24.843743,41.72609],[24.843891,41.725879],[24.843933,41.725774],[24.843924,41.725569],[24.844056,41.725672],[24.84436,41.725974],[24.844596,41.726312],[24.844767,41.726611],[24.844795,41.726599],[24.844917,41.726608],[24.845069,41.726477],[24.845341,41.726285],[24.845496,41.72614],[24.845907,41.725867],[24.845971,41.725852],[24.846279,41.725703],[24.846375,41.725619],[24.846564,41.725497],[24.846862,41.725272],[24.846959,41.725168],[24.846376,41.72489],[24.846127,41.724743],[24.845041,41.724177],[24.844809,41.724028],[24.844154,41.723505],[24.843755,41.723285],[24.843248,41.722913],[24.84305,41.722795],[24.843076,41.722604],[24.843221,41.722454],[24.843314,41.722265],[24.843255,41.722107],[24.843173,41.721974],[24.842961,41.721928],[24.842708,41.72192],[24.842682,41.721562],[24.842627,41.721405],[24.84255,41.721352],[24.842617,41.721336],[24.842579,41.721064],[24.842541,41.721015],[24.842199,41.721114],[24.841788,41.72115],[24.841721,41.721189],[24.841628,41.721353],[24.841308,41.721639],[24.841155,41.721666],[24.841042,41.721811],[24.840797,41.721898],[24.840379,41.721936],[24.84027,41.722012],[24.840102,41.722177],[24.840096,41.722368],[24.840009,41.722547],[24.839751,41.722834],[24.839267,41.722968],[24.83907,41.72296],[24.838661,41.722801],[24.838379,41.722815],[24.838698,41.722504],[24.838288,41.722197],[24.838037,41.721986],[24.837882,41.72179],[24.837726,41.721504],[24.837133,41.721887],[24.836978,41.721872],[24.836564,41.721653]]]},"properties":{"cadreg":126}},{"type":"Feature","geometry":{"type":"Polygon","coordinates":[[[24.840341,41.725355],[24.840488,41.725338],[24.84058,41.725091],[24.840577,41.724948],[24.840467,41.724879],[24.840322,41.72492],[24.840245,41.725047],[24.840129,41.725136],[24.840012,41.725177],[24.839809,41.725315],[24.839594,41.725412],[24.839547,41.725508],[24.839784,41.725979],[24.839834,41.726042],[24.839923,41.726034],[24.839971,41.725961],[24.839968,41.72585],[24.839897,41.725717],[24.839895,41.72563],[24.839943,41.725566],[24.840089,41.725533],[24.840341,41.725355]]]},"properties":{"cadreg":127}},{"type":"Feature","geometry":{"type":"Polygon","coordinates":[[[24.830801,41.715625],[24.830828,41.716409],[24.830798,41.716502],[24.830744,41.716582],[24.83073,41.71665],[24.830738,41.716858],[24.830903,41.717263],[24.830973,41.717367],[24.830989,41.717509],[24.831032,41.717643],[24.831149,41.717725],[24.831508,41.717832],[24.831726,41.717917],[24.831935,41.718072],[24.832048,41.71827],[24.832193,41.718636],[24.832481,41.719179],[24.832598,41.719192],[24.832652,41.719217],[24.832739,41.719292],[24.832844,41.71945],[24.832883,41.719577],[24.832879,41.719655],[24.832812,41.719824],[24.832704,41.71995],[24.832591,41.720326],[24.832546,41.720573],[24.832528,41.720937],[24.832464,41.721128],[24.832695,41.721108],[24.832847,41.721142],[24.832923,41.721194],[24.83294,41.721317],[24.832799,41.721534],[24.83256,41.721759],[24.832261,41.721988],[24.831986,41.721828],[24.831698,41.722023],[24.831521,41.722179],[24.831382,41.722381],[24.831358,41.722464],[24.831375,41.722636],[24.8315,41.722956],[24.831898,41.723289],[24.832534,41.723723],[24.832669,41.723811],[24.832702,41.723805],[24.833049,41.724012],[24.833251,41.724111],[24.833367,41.724214],[24.833439,41.72431],[24.833539,41.724637],[24.833544,41.724757],[24.833523,41.724906],[24.833548,41.725064],[24.83361,41.725253],[24.833627,41.725464],[24.8337,41.725699],[24.833713,41.725907],[24.833784,41.726166],[24.83384,41.726251],[24.833886,41.726388],[24.834103,41.726819],[24.834159,41.726865],[24.834232,41.726839],[24.834329,41.726835],[24.834476,41.726844],[24.834552,41.72687],[24.834654,41.727029],[24.83475,41.727102],[24.834802,41.727121],[24.835046,41.727153],[24.835224,41.72724],[24.835323,41.727298],[24.835435,41.727394],[24.835519,41.72761],[24.835622,41.727695],[24.835741,41.727752],[24.836103,41.727789],[24.836288,41.727778],[24.836387,41.727749],[24.8364,41.727733],[24.836101,41.727367],[24.835939,41.727117],[24.835887,41.726992],[24.835893,41.726911],[24.835933,41.72687],[24.836007,41.726846],[24.836268,41.726809],[24.836235,41.726553],[24.836277,41.726445],[24.836438,41.726277],[24.836646,41.726168],[24.837011,41.725915],[24.837078,41.725822],[24.837151,41.725677],[24.837146,41.725579],[24.837023,41.725271],[24.837026,41.725168],[24.837309,41.724885],[24.83728,41.724687],[24.837201,41.724406],[24.836927,41.724348],[24.836722,41.724327],[24.836636,41.724293],[24.836594,41.7242],[24.836697,41.724065],[24.836727,41.723992],[24.83708,41.723898],[24.83721,41.723793],[24.837325,41.723609],[24.837373,41.723456],[24.83746,41.723376],[24.83765,41.723301],[24.837679,41.722963],[24.837603,41.722776],[24.837778,41.722637],[24.837604,41.722458],[24.83743,41.722556],[24.837271,41.722688],[24.837152,41.722634],[24.837006,41.722521],[24.83694,41.722423],[24.836674,41.722185],[24.836532,41.722158],[24.836419,41.722169],[24.836308,41.722151],[24.836254,41.722116],[24.836153,41.721974],[24.836151,41.721851],[24.836443,41.721664],[24.836564,41.721653],[24.836978,41.721872],[24.837133,41.721887],[24.837726,41.721504],[24.837882,41.72179],[24.838037,41.721986],[24.838288,41.722197],[24.838698,41.722504],[24.838379,41.722815],[24.838661,41.722801],[24.83907,41.72296],[24.839267,41.722968],[24.839751,41.722834],[24.840009,41.722547],[24.840096,41.722368],[24.840102,41.722177],[24.84027,41.722012],[24.840379,41.721936],[24.840797,41.721898],[24.841042,41.721811],[24.841155,41.721666],[24.841308,41.721639],[24.841564,41.721408],[24.841337,41.721248],[24.840957,41.720899],[24.840798,41.720709],[24.840629,41.720543],[24.840449,41.720321],[24.840236,41.720311],[24.840174,41.720284],[24.840154,41.720253],[24.840182,41.720214],[24.840359,41.720201],[24.840318,41.72015],[24.84038,41.720011],[24.840656,41.719581],[24.840887,41.719279],[24.840827,41.719272],[24.840515,41.719363],[24.840427,41.71937],[24.840383,41.719366],[24.840323,41.719337],[24.840389,41.719267],[24.84054,41.719212],[24.840014,41.719222],[24.839511,41.719201],[24.83912,41.719052],[24.838803,41.718905],[24.838372,41.718876],[24.837718,41.71864],[24.837339,41.718406],[24.83808,41.717655],[24.838044,41.717571],[24.837895,41.717475],[24.837809,41.717369],[24.837852,41.717317],[24.837939,41.71728],[24.838028,41.717287],[24.838147,41.717357],[24.838268,41.71728],[24.838419,41.717211],[24.838625,41.717157],[24.838633,41.717093],[24.838581,41.716979],[24.838634,41.716935],[24.839337,41.716919],[24.839425,41.71689],[24.839573,41.716871],[24.839677,41.716977],[24.839923,41.716853],[24.840078,41.716724],[24.840148,41.716597],[24.840179,41.716438],[24.840232,41.716386],[24.840064,41.716362],[24.839924,41.716315],[24.839547,41.716151],[24.839117,41.715995],[24.838876,41.715964],[24.838483,41.715968],[24.838265,41.715993],[24.838087,41.716046],[24.837821,41.71616],[24.837453,41.716358],[24.837189,41.716443],[24.836759,41.716535],[24.83661,41.716543],[24.836485,41.716529],[24.836347,41.716485],[24.836106,41.716311],[24.835865,41.716101],[24.835824,41.716042],[24.835275,41.715757],[24.834972,41.715516],[24.834338,41.715129],[24.833654,41.714786],[24.833148,41.714409],[24.832971,41.714242],[24.832828,41.714058],[24.832669,41.713777],[24.832536,41.713596],[24.832288,41.713118],[24.83226,41.713024],[24.832249,41.712743],[24.832176,41.712465],[24.832129,41.712195],[24.832116,41.711954],[24.831974,41.712052],[24.83168,41.712315],[24.831598,41.71241],[24.831302,41.712975],[24.83113,41.713232],[24.830977,41.713395],[24.830575,41.713688],[24.8304,41.713918],[24.830331,41.714049],[24.830312,41.714254],[24.830391,41.714448],[24.830475,41.714546],[24.830651,41.714687],[24.83073,41.714715],[24.830894,41.714813],[24.830951,41.71486],[24.830982,41.714922],[24.830991,41.714992],[24.830973,41.715061],[24.830886,41.715231],[24.830815,41.715455],[24.830801,41.715625]]]},"properties":{"cadreg":128}},{"type":"Feature","geometry":{"type":"Polygon","coordinates":[[[24.839573,41.716871],[24.839425,41.71689],[24.839337,41.716919],[24.838634,41.716935],[24.838581,41.716979],[24.838633,41.717093],[24.838625,41.717157],[24.838419,41.717211],[24.838268,41.71728],[24.838147,41.717357],[24.838028,41.717287],[24.837939,41.71728],[24.837852,41.717317],[24.837809,41.717369],[24.837895,41.717475],[24.838044,41.717571],[24.83808,41.717655],[24.837339,41.718406],[24.837718,41.71864],[24.838372,41.718876],[24.838803,41.718905],[24.83912,41.719052],[24.839511,41.719201],[24.840014,41.719222],[24.84054,41.719212],[24.840389,41.719267],[24.840323,41.719337],[24.840383,41.719366],[24.840427,41.71937],[24.840515,41.719363],[24.840827,41.719272],[24.841088,41.719303],[24.841182,41.71933],[24.841545,41.719314],[24.841456,41.719075],[24.841437,41.718932],[24.841452,41.718525],[24.84147,41.718522],[24.84145,41.717679],[24.841381,41.717179],[24.841393,41.71698],[24.84151,41.716718],[24.841172,41.716769],[24.840925,41.71677],[24.840811,41.716743],[24.840695,41.716701],[24.840515,41.716493],[24.840445,41.716444],[24.840232,41.716386],[24.840179,41.716438],[24.840148,41.716597],[24.840078,41.716724],[24.839923,41.716853],[24.839677,41.716977],[24.839573,41.716871]]]},"properties":{"cadreg":129}},{"type":"Feature","geometry":{"type":"Polygon","coordinates":[[[24.853592,41.717924],[24.852649,41.718746],[24.8525,41.718911],[24.852348,41.719041],[24.852257,41.719151],[24.851957,41.719373],[24.851664,41.719648],[24.851497,41.719753],[24.851386,41.71987],[24.851037,41.720174],[24.850965,41.720261],[24.850857,41.720492],[24.850851,41.720596],[24.851318,41.720547],[24.852137,41.720567],[24.852847,41.720547],[24.852944,41.720519],[24.85334,41.720328],[24.85373,41.720191],[24.853888,41.720181],[24.853882,41.720163],[24.853776,41.720107],[24.853719,41.72001],[24.853574,41.719906],[24.853565,41.719789],[24.85358,41.719695],[24.853729,41.719333],[24.853826,41.719169],[24.853926,41.718871],[24.854066,41.718612],[24.854405,41.718234],[24.854628,41.718144],[24.854825,41.718128],[24.854833,41.718092],[24.85494,41.718099],[24.854931,41.718139],[24.8552,41.718135],[24.855276,41.71812],[24.855336,41.718081],[24.855351,41.71801],[24.855322,41.717954],[24.855196,41.717816],[24.855091,41.717817],[24.855187,41.717966],[24.854251,41.717487],[24.853592,41.717924]]]},"properties":{"cadreg":130}},{"type":"Feature","geometry":{"type":"Polygon","coordinates":[[[24.853627,41.719575],[24.853565,41.719789],[24.853574,41.719906],[24.853719,41.72001],[24.853776,41.720107],[24.853882,41.720163],[24.853891,41.720199],[24.853887,41.72022],[24.853652,41.720455],[24.853514,41.720758],[24.853306,41.721101],[24.85329,41.721203],[24.853299,41.721353],[24.853343,41.721487],[24.853488,41.721792],[24.853545,41.721853],[24.853635,41.721899],[24.853905,41.721949],[24.853993,41.721994],[24.854245,41.722213],[24.854696,41.722516],[24.854721,41.722556],[24.854664,41.722826],[24.854673,41.72294],[24.854752,41.72303],[24.854896,41.723097],[24.855088,41.723139],[24.855343,41.723174],[24.855452,41.723165],[24.855367,41.723131],[24.854922,41.723055],[24.854795,41.722997],[24.854731,41.722925],[24.854723,41.722828],[24.854782,41.722548],[24.854745,41.722489],[24.85429,41.722182],[24.854033,41.72196],[24.853933,41.721908],[24.853659,41.721857],[24.853587,41.721821],[24.853543,41.721773],[24.853465,41.721602],[24.853586,41.721682],[24.85403,41.721871],[24.854332,41.722058],[24.854582,41.722114],[24.854794,41.722143],[24.855461,41.722185],[24.855787,41.722254],[24.856012,41.722371],[24.856092,41.722453],[24.856218,41.722669],[24.856259,41.722675],[24.856668,41.723017],[24.856942,41.723112],[24.857807,41.723026],[24.858784,41.723464],[24.859079,41.723625],[24.859065,41.723548],[24.858975,41.723463],[24.8588,41.723327],[24.858571,41.723184],[24.858217,41.723009],[24.85794,41.72293],[24.858013,41.722597],[24.858134,41.722389],[24.858411,41.721985],[24.858498,41.721783],[24.85858,41.721466],[24.858607,41.721256],[24.8586,41.720974],[24.858642,41.720839],[24.859799,41.720695],[24.860214,41.720616],[24.860572,41.720496],[24.861052,41.720259],[24.86185,41.719808],[24.862311,41.719566],[24.862553,41.719481],[24.862883,41.719436],[24.863243,41.719418],[24.863429,41.719431],[24.863063,41.719232],[24.862887,41.719211],[24.8625,41.719221],[24.8622,41.719148],[24.862019,41.719146],[24.861858,41.719161],[24.861735,41.719193],[24.861638,41.719238],[24.861593,41.719295],[24.86149,41.719535],[24.86145,41.719582],[24.86131,41.719678],[24.860984,41.719798],[24.860697,41.719878],[24.860577,41.719935],[24.86031,41.720132],[24.860111,41.720224],[24.859911,41.72029],[24.85976,41.72032],[24.859444,41.720315],[24.859211,41.720233],[24.859115,41.720056],[24.859141,41.719894],[24.85921,41.719732],[24.859249,41.719559],[24.859203,41.718634],[24.858788,41.718523],[24.857695,41.718302],[24.856813,41.718169],[24.856133,41.718138],[24.855712,41.71807],[24.855634,41.717917],[24.855418,41.71782],[24.855286,41.717809],[24.855196,41.717816],[24.855322,41.717954],[24.855351,41.71801],[24.855336,41.718081],[24.855276,41.71812],[24.8552,41.718135],[24.854931,41.718139],[24.85494,41.718099],[24.854833,41.718092],[24.854825,41.718128],[24.854628,41.718144],[24.854405,41.718234],[24.854323,41.718314],[24.854066,41.718612],[24.853975,41.718762],[24.853826,41.719169],[24.853729,41.719333],[24.853627,41.719575]]]},"properties":{"cadreg":131}},{"type":"Feature","geometry":{"type":"MultiPolygon","coordinates":[[[[24.851558,41.732238],[24.851331,41.732513],[24.85117,41.732743],[24.85106,41.733006],[24.850982,41.733136],[24.850904,41.733197],[24.850822,41.733444],[24.850719,41.733534],[24.850642,41.733765],[24.850739,41.734551],[24.850841,41.734942],[24.851029,41.735054],[24.851263,41.735367],[24.851461,41.735755],[24.851572,41.735723],[24.85168,41.735622],[24.851744,41.735389],[24.851545,41.73383],[24.851927,41.733064],[24.852281,41.731621],[24.851915,41.731947],[24.851558,41.732238]]],[[[24.853383,41.734546],[24.853277,41.734458],[24.853135,41.734425],[24.853066,41.734381],[24.852978,41.734255],[24.852926,41.73406],[24.852287,41.733474],[24.852339,41.73332],[24.852352,41.732846],[24.852443,41.73199],[24.852373,41.731833],[24.852345,41.731656],[24.851994,41.733083],[24.851619,41.733838],[24.851816,41.735385],[24.851909,41.735583],[24.851989,41.735913],[24.852052,41.736278],[24.852245,41.736438],[24.85243,41.736708],[24.85253,41.736917],[24.852493,41.73717],[24.852337,41.737355],[24.851877,41.737652],[24.851425,41.737898],[24.850972,41.738018],[24.850845,41.738108],[24.850861,41.738296],[24.850278,41.738449],[24.850205,41.738606],[24.850145,41.738954],[24.849996,41.738891],[24.849875,41.738685],[24.84985,41.738373],[24.849879,41.738101],[24.849991,41.737595],[24.849938,41.737383],[24.849831,41.737294],[24.849554,41.737268],[24.849248,41.737567],[24.84928,41.737601],[24.849288,41.737672],[24.849268,41.737756],[24.849124,41.737939],[24.848973,41.73808],[24.848931,41.738161],[24.848927,41.738231],[24.848937,41.738282],[24.849152,41.738641],[24.849175,41.739016],[24.84949,41.739349],[24.849629,41.739588],[24.849646,41.739696],[24.849635,41.739915],[24.849561,41.740138],[24.849397,41.740494],[24.84942,41.740697],[24.849487,41.740771],[24.849571,41.740805],[24.849637,41.740808],[24.849773,41.740771],[24.85003,41.740665],[24.850403,41.740557],[24.85049,41.740408],[24.850689,41.739922],[24.850777,41.739774],[24.8509,41.739492],[24.851039,41.739243],[24.851115,41.739065],[24.8512,41.73894],[24.851329,41.738878],[24.85158,41.738871],[24.852076,41.738915],[24.852139,41.738912],[24.852215,41.738887],[24.852283,41.738852],[24.852536,41.738618],[24.85261,41.738525],[24.852715,41.738303],[24.852811,41.73822],[24.853065,41.738186],[24.853219,41.738115],[24.853351,41.738008],[24.8534,41.737923],[24.853496,41.737865],[24.853972,41.737861],[24.854043,41.737853],[24.854162,41.737805],[24.854263,41.737723],[24.854359,41.737585],[24.85436,41.737305],[24.854424,41.73717],[24.854817,41.736975],[24.85496,41.736823],[24.855067,41.736755],[24.855155,41.73672],[24.855112,41.73657],[24.855014,41.736377],[24.854765,41.73607],[24.854691,41.735895],[24.854444,41.735521],[24.854376,41.73543],[24.854307,41.735372],[24.854145,41.735277],[24.853957,41.735234],[24.853855,41.735194],[24.853702,41.735174],[24.853496,41.735121],[24.853106,41.734994],[24.852962,41.734881],[24.853384,41.734842],[24.853423,41.734674],[24.853383,41.734546]]]]},"properties":{"cadreg":132}},{"type":"Feature","geometry":{"type":"Polygon","coordinates":[[[24.867308,41.727472],[24.86723,41.727113],[24.866916,41.727246],[24.866701,41.727362],[24.866509,41.727493],[24.8662,41.727642],[24.865834,41.727788],[24.865662,41.727832],[24.866349,41.72791],[24.866471,41.727941],[24.866624,41.727938],[24.866993,41.728104],[24.867247,41.728273],[24.867457,41.72844],[24.86774,41.728184],[24.867726,41.728099],[24.867422,41.727741],[24.867308,41.727472]]]},"properties":{"cadreg":134}},{"type":"Feature","geometry":{"type":"Polygon","coordinates":[[[24.874847,41.760444],[24.874723,41.760376],[24.874596,41.760506],[24.874502,41.760691],[24.874387,41.760786],[24.874204,41.760833],[24.874101,41.760884],[24.874092,41.761032],[24.874057,41.761141],[24.873948,41.761198],[24.873401,41.761719],[24.873402,41.761772],[24.873632,41.761888],[24.873844,41.761952],[24.873935,41.761889],[24.874335,41.761504],[24.874455,41.761333],[24.874706,41.761251],[24.874902,41.761249],[24.874916,41.761016],[24.874906,41.760595],[24.874847,41.760444]]]},"properties":{"cadreg":135}},{"type":"Feature","geometry":{"type":"Polygon","coordinates":[[[24.835827,41.736047],[24.835617,41.73588],[24.835237,41.735365],[24.835124,41.735229],[24.835018,41.735136],[24.834786,41.735034],[24.834653,41.735214],[24.834563,41.735167],[24.834169,41.735133],[24.833919,41.735046],[24.833506,41.734754],[24.833351,41.734583],[24.833198,41.734309],[24.833133,41.734242],[24.833013,41.734168],[24.83274,41.7341],[24.832648,41.734064],[24.832463,41.73393],[24.832413,41.733861],[24.832379,41.733716],[24.832429,41.733572],[24.83242,41.733006],[24.832496,41.732806],[24.832484,41.732746],[24.83252,41.732628],[24.832693,41.732162],[24.832716,41.732052],[24.832776,41.731931],[24.832795,41.731793],[24.832786,41.731626],[24.832533,41.7312],[24.832519,41.731162],[24.832535,41.73109],[24.832513,41.731014],[24.832341,41.730834],[24.832249,41.730786],[24.832146,41.730636],[24.832144,41.730553],[24.832197,41.730496],[24.832279,41.730476],[24.832445,41.730348],[24.832559,41.73015],[24.832569,41.730087],[24.832555,41.729994],[24.832487,41.729909],[24.832427,41.729869],[24.83232,41.729835],[24.832216,41.729821],[24.832097,41.729825],[24.831843,41.729924],[24.831646,41.730037],[24.831482,41.730105],[24.83098,41.730119],[24.830862,41.730157],[24.830511,41.730229],[24.830275,41.730308],[24.830007,41.730374],[24.829827,41.730381],[24.829717,41.730332],[24.829492,41.730135],[24.829465,41.730094],[24.829438,41.72998],[24.829448,41.72992],[24.829511,41.729849],[24.829448,41.729564],[24.829418,41.729512],[24.829274,41.729509],[24.829274,41.729612],[24.829345,41.729918],[24.829348,41.729969],[24.829314,41.730008],[24.829311,41.730071],[24.829358,41.730254],[24.82945,41.730414],[24.829504,41.730419],[24.82963,41.730497],[24.829705,41.730522],[24.830152,41.730514],[24.830322,41.730474],[24.830431,41.730428],[24.830496,41.73038],[24.830928,41.730259],[24.831054,41.730256],[24.831487,41.730338],[24.831496,41.730303],[24.831203,41.730254],[24.831382,41.730233],[24.831447,41.73027],[24.831578,41.730253],[24.83171,41.730202],[24.831797,41.730136],[24.831881,41.730108],[24.832101,41.729989],[24.832227,41.729952],[24.832291,41.729987],[24.832329,41.730049],[24.832328,41.730151],[24.832303,41.730212],[24.832061,41.730454],[24.831971,41.730485],[24.831956,41.730558],[24.83197,41.730612],[24.832002,41.730616],[24.832036,41.730719],[24.832014,41.730789],[24.832141,41.730892],[24.832212,41.730926],[24.832297,41.731052],[24.83235,41.731167],[24.832369,41.731264],[24.832451,41.731405],[24.832471,41.731499],[24.832576,41.731603],[24.832604,41.731687],[24.832587,41.731801],[24.832598,41.731873],[24.832565,41.732028],[24.832493,41.732129],[24.832429,41.732331],[24.83234,41.732528],[24.832347,41.732587],[24.832376,41.732613],[24.832353,41.732689],[24.832287,41.732734],[24.832258,41.732792],[24.832184,41.733092],[24.832208,41.73318],[24.832161,41.733483],[24.832188,41.733545],[24.832188,41.733654],[24.832197,41.733683],[24.832233,41.733694],[24.832296,41.733936],[24.832392,41.73407],[24.832488,41.734156],[24.832647,41.734233],[24.832933,41.734325],[24.833023,41.734413],[24.833296,41.73476],[24.833663,41.735058],[24.833826,41.735168],[24.833867,41.735177],[24.833907,41.735164],[24.834131,41.735238],[24.834403,41.735274],[24.83448,41.735331],[24.834552,41.735432],[24.834626,41.735613],[24.834831,41.736001],[24.83515,41.736527],[24.835402,41.736668],[24.836171,41.736723],[24.836414,41.736765],[24.836716,41.736904],[24.836846,41.737041],[24.836964,41.737233],[24.837416,41.738093],[24.83752,41.738259],[24.83775,41.738494],[24.837929,41.738631],[24.838095,41.73872],[24.838938,41.739099],[24.839135,41.739218],[24.839274,41.739354],[24.839413,41.73946],[24.839554,41.739717],[24.839592,41.739917],[24.839639,41.741061],[24.839683,41.741201],[24.83988,41.741471],[24.84002,41.741559],[24.840193,41.741593],[24.840933,41.741689],[24.84135,41.741762],[24.841511,41.741807],[24.842257,41.741813],[24.842606,41.741866],[24.843911,41.742277],[24.844107,41.74236],[24.844188,41.742432],[24.844204,41.742514],[24.844185,41.742694],[24.844115,41.742962],[24.844041,41.743173],[24.843989,41.743259],[24.843986,41.743595],[24.844171,41.743948],[24.844357,41.74418],[24.844434,41.744234],[24.844556,41.744391],[24.844565,41.744617],[24.844523,41.74467],[24.844435,41.744909],[24.844469,41.745084],[24.844557,41.745246],[24.84473,41.745443],[24.8449,41.745576],[24.845014,41.74564],[24.845293,41.745752],[24.845346,41.745801],[24.845563,41.745907],[24.845856,41.746156],[24.846111,41.746346],[24.846368,41.746627],[24.846358,41.746677],[24.84641,41.746757],[24.846627,41.746958],[24.846683,41.747087],[24.84684,41.747097],[24.846875,41.747126],[24.84686,41.747239],[24.846887,41.747258],[24.847004,41.747274],[24.847136,41.747384],[24.847458,41.747742],[24.847581,41.747854],[24.847739,41.748078],[24.847872,41.748205],[24.847921,41.748232],[24.848071,41.7484],[24.848194,41.74847],[24.848288,41.748553],[24.848455,41.748741],[24.84851,41.748877],[24.848697,41.749105],[24.848872,41.749399],[24.848908,41.749505],[24.848921,41.749619],[24.849107,41.749741],[24.849166,41.749805],[24.849567,41.75012],[24.849626,41.750187],[24.85006,41.750445],[24.850115,41.750507],[24.850131,41.750558],[24.85011,41.75123],[24.85021,41.751413],[24.85034,41.751561],[24.850495,41.752169],[24.850556,41.752309],[24.850638,41.752404],[24.850846,41.752569],[24.851478,41.752861],[24.851473,41.753039],[24.851221,41.753478],[24.851209,41.753585],[24.851236,41.754282],[24.851293,41.754746],[24.851307,41.755524],[24.851339,41.755817],[24.851424,41.756176],[24.85148,41.756281],[24.851536,41.756327],[24.851653,41.756484],[24.851654,41.756551],[24.851715,41.756636],[24.851899,41.756798],[24.851961,41.756835],[24.852073,41.756981],[24.852155,41.757191],[24.852186,41.757231],[24.852191,41.757285],[24.852451,41.758034],[24.852514,41.758064],[24.852593,41.758197],[24.852544,41.758247],[24.85253,41.758296],[24.852668,41.758356],[24.852711,41.75843],[24.852774,41.758492],[24.852773,41.758551],[24.852819,41.758575],[24.852883,41.758657],[24.852893,41.758708],[24.85305,41.758899],[24.853147,41.759069],[24.853302,41.759246],[24.853487,41.759311],[24.85358,41.759389],[24.853605,41.75988],[24.853618,41.759926],[24.853645,41.759953],[24.853685,41.759958],[24.853702,41.759988],[24.85368,41.760028],[24.853697,41.760065],[24.854171,41.760252],[24.854411,41.760378],[24.854584,41.760417],[24.854817,41.760413],[24.854863,41.760398],[24.855147,41.760376],[24.855216,41.760354],[24.855336,41.76035],[24.855391,41.760353],[24.855501,41.760465],[24.855501,41.760571],[24.855458,41.760651],[24.855447,41.760727],[24.855454,41.760998],[24.855491,41.761157],[24.855816,41.761482],[24.8559,41.761734],[24.856078,41.761977],[24.85643,41.762293],[24.856453,41.762355],[24.856435,41.76263],[24.856479,41.762814],[24.856464,41.762944],[24.856377,41.763112],[24.856369,41.763454],[24.856299,41.763632],[24.856223,41.763685],[24.856134,41.763783],[24.856045,41.763987],[24.856096,41.764204],[24.856195,41.764348],[24.856276,41.764399],[24.856533,41.764489],[24.856629,41.76457],[24.856634,41.764696],[24.856369,41.764983],[24.856347,41.765163],[24.856422,41.765323],[24.856776,41.765655],[24.856819,41.76568],[24.856903,41.76569],[24.857186,41.765817],[24.857216,41.765815],[24.857313,41.765879],[24.857331,41.765899],[24.857326,41.765937],[24.857381,41.765979],[24.857451,41.766079],[24.857487,41.766335],[24.857524,41.766435],[24.857569,41.76651],[24.857663,41.766593],[24.857881,41.766715],[24.858138,41.766793],[24.858145,41.766878],[24.857954,41.767073],[24.857886,41.767254],[24.857884,41.767352],[24.857931,41.767433],[24.857963,41.76754],[24.857993,41.767573],[24.858097,41.767587],[24.858197,41.76762],[24.858412,41.767644],[24.8586,41.767628],[24.858997,41.767507],[24.859151,41.767485],[24.859758,41.767334],[24.86003,41.767306],[24.86007,41.767316],[24.860112,41.767383],[24.860092,41.767446],[24.859969,41.767571],[24.859945,41.767616],[24.85994,41.767818],[24.85997,41.767908],[24.860099,41.76804],[24.860185,41.7681],[24.860508,41.768255],[24.860617,41.768336],[24.860637,41.768402],[24.860633,41.768492],[24.860562,41.768573],[24.860496,41.768695],[24.860487,41.76875],[24.860498,41.768873],[24.86057,41.769007],[24.860727,41.769194],[24.861037,41.769461],[24.861397,41.769907],[24.861584,41.770025],[24.861722,41.770076],[24.861933,41.770238],[24.861963,41.770292],[24.862016,41.770495],[24.862006,41.770658],[24.862033,41.770746],[24.862124,41.770847],[24.862216,41.770911],[24.862574,41.770976],[24.862592,41.771093],[24.86262,41.771136],[24.862611,41.771184],[24.862866,41.771397],[24.862845,41.771477],[24.86273,41.771542],[24.862406,41.771605],[24.861902,41.771645],[24.861687,41.771715],[24.861138,41.771802],[24.860774,41.771912],[24.860338,41.77199],[24.860263,41.772033],[24.860241,41.77208],[24.860244,41.772157],[24.860307,41.772304],[24.860436,41.772528],[24.860662,41.77286],[24.860809,41.773137],[24.860836,41.773316],[24.860886,41.773421],[24.860907,41.773559],[24.860788,41.773868],[24.860814,41.773963],[24.860971,41.774018],[24.861256,41.774088],[24.861353,41.774123],[24.861396,41.774166],[24.8614,41.774223],[24.861377,41.77427],[24.860922,41.774763],[24.860849,41.77488],[24.860841,41.774973],[24.860913,41.775029],[24.861076,41.775103],[24.861133,41.775146],[24.861269,41.77531],[24.861282,41.775561],[24.861306,41.775571],[24.86129,41.775764],[24.8614,41.776041],[24.861458,41.776256],[24.861469,41.776484],[24.861453,41.776727],[24.86152,41.776923],[24.861557,41.777166],[24.861485,41.777265],[24.86139,41.777315],[24.86105,41.777422],[24.860782,41.77748],[24.860672,41.777524],[24.860486,41.777634],[24.860468,41.777706],[24.86049,41.777751],[24.86059,41.777824],[24.861164,41.778031],[24.86147,41.77818],[24.861626,41.778366],[24.861638,41.778422],[24.861612,41.778497],[24.861409,41.778777],[24.861345,41.778919],[24.861341,41.779029],[24.861401,41.779182],[24.861384,41.779225],[24.861338,41.779265],[24.861332,41.779308],[24.861339,41.779328],[24.861689,41.779559],[24.861802,41.779725],[24.861796,41.779885],[24.861745,41.780018],[24.861719,41.780038],[24.861502,41.780049],[24.861446,41.780077],[24.861205,41.780425],[24.861173,41.780606],[24.861209,41.780732],[24.861338,41.780917],[24.861651,41.781157],[24.861753,41.781266],[24.861752,41.781316],[24.861721,41.781357],[24.861607,41.781392],[24.861552,41.781431],[24.86147,41.781627],[24.861412,41.781897],[24.861432,41.782516],[24.861459,41.782598],[24.86148,41.782837],[24.861635,41.783215],[24.861748,41.783394],[24.861896,41.783545],[24.862081,41.783782],[24.862156,41.783947],[24.862161,41.784003],[24.862132,41.784201],[24.861998,41.784447],[24.861979,41.784626],[24.862001,41.784752],[24.862132,41.785035],[24.86214,41.785172],[24.862095,41.785233],[24.861728,41.785312],[24.86168,41.785336],[24.8616,41.785396],[24.861556,41.785479],[24.861546,41.785669],[24.861678,41.786097],[24.861677,41.786191],[24.861581,41.786393],[24.861514,41.786487],[24.861482,41.786827],[24.861443,41.786968],[24.861335,41.787205],[24.861358,41.78729],[24.861531,41.787427],[24.861627,41.787455],[24.862205,41.787489],[24.862381,41.787525],[24.862619,41.787625],[24.862746,41.787713],[24.862908,41.787914],[24.862937,41.788062],[24.86293,41.788102],[24.862811,41.78832],[24.862799,41.788421],[24.862889,41.788736],[24.862862,41.788975],[24.862929,41.789001],[24.863086,41.789023],[24.86321,41.789021],[24.863272,41.789002],[24.863503,41.788849],[24.863659,41.788792],[24.864042,41.788848],[24.864572,41.788747],[24.864689,41.788743],[24.865069,41.788774],[24.865475,41.788732],[24.865607,41.788742],[24.865843,41.788801],[24.866068,41.788781],[24.866159,41.788757],[24.866241,41.788673],[24.866308,41.788639],[24.866654,41.788626],[24.867163,41.788435],[24.867474,41.788407],[24.867981,41.788431],[24.86817,41.7884],[24.868517,41.788276],[24.868655,41.78819],[24.868933,41.787832],[24.869002,41.787798],[24.869319,41.787727],[24.869564,41.78772],[24.870134,41.787738],[24.870323,41.787712],[24.870497,41.787668],[24.870577,41.787673],[24.870693,41.787715],[24.87083,41.787734],[24.872274,41.787721],[24.872459,41.787756],[24.872711,41.787852],[24.872726,41.788123],[24.872773,41.788293],[24.872774,41.788204],[24.872818,41.788062],[24.872931,41.787957],[24.873101,41.787953],[24.8733,41.787928],[24.873523,41.787895],[24.873592,41.787862],[24.873713,41.787845],[24.87406,41.787843],[24.874148,41.787813],[24.874202,41.787721],[24.874262,41.787662],[24.874375,41.787588],[24.874462,41.787553],[24.874665,41.787436],[24.875096,41.787097],[24.875396,41.786917],[24.875588,41.78675],[24.876001,41.786348],[24.876043,41.786296],[24.876034,41.786224],[24.876162,41.786151],[24.876177,41.786101],[24.876287,41.785969],[24.876298,41.785915],[24.876339,41.785856],[24.876449,41.785731],[24.876619,41.785584],[24.876989,41.785409],[24.877148,41.785349],[24.877362,41.7852],[24.877435,41.785168],[24.877566,41.785173],[24.877817,41.785259],[24.877858,41.78529],[24.8782,41.785271],[24.878494,41.785212],[24.878631,41.785137],[24.878887,41.784828],[24.878984,41.784571],[24.879108,41.784385],[24.879153,41.784027],[24.879173,41.783971],[24.87924,41.783911],[24.879314,41.783497],[24.879409,41.783253],[24.879612,41.782972],[24.879702,41.782807],[24.879782,41.782744],[24.879889,41.782698],[24.87993,41.782576],[24.880036,41.782399],[24.880087,41.782196],[24.88014,41.78207],[24.880196,41.781985],[24.880302,41.781879],[24.880368,41.781836],[24.880421,41.781761],[24.880425,41.781722],[24.880406,41.781655],[24.880307,41.781541],[24.879983,41.781315],[24.879899,41.781221],[24.879818,41.781051],[24.879833,41.780961],[24.879984,41.780655],[24.880001,41.780565],[24.879973,41.780327],[24.879923,41.780151],[24.879927,41.780096],[24.879989,41.779992],[24.879994,41.779925],[24.879848,41.779486],[24.879714,41.778438],[24.879668,41.778297],[24.879691,41.778097],[24.879738,41.777938],[24.879714,41.777848],[24.879621,41.777725],[24.879698,41.777418],[24.879701,41.777089],[24.879668,41.776833],[24.879909,41.77669],[24.880015,41.77661],[24.880091,41.776527],[24.880174,41.776414],[24.88026,41.776222],[24.880376,41.776028],[24.880403,41.776007],[24.880481,41.77583],[24.880558,41.775739],[24.880607,41.775637],[24.88083,41.775452],[24.881075,41.775305],[24.881374,41.775159],[24.881467,41.775058],[24.881586,41.774967],[24.881619,41.774907],[24.881597,41.7749],[24.881565,41.774957],[24.881449,41.775047],[24.881355,41.775146],[24.88097,41.775345],[24.880815,41.775393],[24.880772,41.775453],[24.880308,41.775441],[24.880419,41.775087],[24.880316,41.775032],[24.880038,41.77516],[24.879984,41.775205],[24.879874,41.775146],[24.879929,41.775109],[24.879934,41.774951],[24.879834,41.774893],[24.879451,41.774843],[24.879236,41.774796],[24.879108,41.774595],[24.879126,41.774278],[24.879082,41.773963],[24.878814,41.773813],[24.878562,41.77376],[24.878545,41.773653],[24.878558,41.773621],[24.878431,41.773587],[24.87839,41.773549],[24.878411,41.773535],[24.877981,41.773498],[24.87788,41.77385],[24.877994,41.773983],[24.878062,41.774228],[24.878055,41.774471],[24.877769,41.774613],[24.877637,41.774565],[24.877454,41.774607],[24.876822,41.774972],[24.876601,41.774979],[24.876563,41.775144],[24.875895,41.775276],[24.875456,41.77491],[24.875459,41.774807],[24.875366,41.774821],[24.875279,41.77489],[24.875289,41.775135],[24.875174,41.775232],[24.875151,41.775334],[24.875187,41.775436],[24.875422,41.775606],[24.875503,41.775715],[24.875561,41.775831],[24.875567,41.775951],[24.875454,41.776151],[24.875439,41.776223],[24.875506,41.776285],[24.87568,41.776513],[24.875739,41.776515],[24.875826,41.776473],[24.875892,41.776462],[24.875988,41.776464],[24.876406,41.776657],[24.876451,41.776691],[24.876528,41.776984],[24.876506,41.777034],[24.876429,41.777073],[24.875983,41.777178],[24.875788,41.777243],[24.875578,41.777261],[24.875388,41.777331],[24.875199,41.777463],[24.875174,41.77764],[24.875137,41.777759],[24.875093,41.777833],[24.874794,41.77786],[24.87471,41.777852],[24.87465,41.777814],[24.87459,41.777761],[24.874558,41.777687],[24.87456,41.777478],[24.874586,41.777441],[24.874667,41.777406],[24.874746,41.777299],[24.874818,41.777104],[24.874826,41.776966],[24.87481,41.776803],[24.874749,41.77669],[24.874563,41.776449],[24.874571,41.776335],[24.874629,41.776213],[24.87463,41.776158],[24.874619,41.776055],[24.874563,41.775948],[24.874511,41.775898],[24.874223,41.775898],[24.874126,41.77585],[24.87393,41.775806],[24.873742,41.775864],[24.873664,41.776006],[24.873486,41.775952],[24.873557,41.775617],[24.873243,41.775358],[24.872476,41.775245],[24.872363,41.775142],[24.872325,41.775196],[24.872277,41.775199],[24.872199,41.77541],[24.872141,41.775449],[24.872054,41.77545],[24.871914,41.77553],[24.871898,41.775581],[24.871854,41.775596],[24.871773,41.775582],[24.871691,41.775452],[24.871656,41.775083],[24.871618,41.775],[24.871551,41.77493],[24.871301,41.774486],[24.871199,41.774369],[24.871005,41.774292],[24.870806,41.774276],[24.870511,41.774305],[24.870011,41.774309],[24.86989,41.774328],[24.869739,41.774381],[24.869657,41.774357],[24.869509,41.774352],[24.869405,41.774371],[24.869201,41.774471],[24.869254,41.774508],[24.869633,41.775001],[24.869427,41.775141],[24.869249,41.775401],[24.868985,41.775556],[24.869241,41.775634],[24.869548,41.775657],[24.869668,41.775704],[24.869745,41.775784],[24.869751,41.775876],[24.869872,41.775856],[24.869932,41.776028],[24.869989,41.776098],[24.870044,41.776138],[24.870123,41.776138],[24.870183,41.776125],[24.870262,41.776063],[24.870237,41.775941],[24.870247,41.775881],[24.870371,41.775797],[24.870362,41.775732],[24.870329,41.775704],[24.87014,41.775699],[24.870111,41.775682],[24.870086,41.775618],[24.870092,41.775568],[24.870149,41.775529],[24.870245,41.775505],[24.870474,41.775497],[24.870591,41.775478],[24.870609,41.775457],[24.870648,41.775468],[24.870642,41.775774],[24.870666,41.775968],[24.870784,41.776112],[24.871101,41.776323],[24.871135,41.776392],[24.87131,41.776528],[24.871312,41.776627],[24.87113,41.776699],[24.87086,41.776722],[24.870777,41.776891],[24.870678,41.776892],[24.870455,41.776787],[24.870011,41.776466],[24.870004,41.776505],[24.869961,41.776549],[24.869652,41.776693],[24.869505,41.776728],[24.869246,41.776741],[24.869178,41.776733],[24.869053,41.776657],[24.868888,41.776598],[24.868556,41.776525],[24.867975,41.776347],[24.867312,41.776196],[24.866925,41.776088],[24.866485,41.776009],[24.866282,41.775995],[24.866141,41.776004],[24.865788,41.776063],[24.865666,41.7761],[24.865389,41.776142],[24.865253,41.776148],[24.8649,41.776232],[24.864619,41.776246],[24.864442,41.776207],[24.864239,41.776111],[24.864008,41.775954],[24.863823,41.775855],[24.863456,41.77562],[24.863154,41.775573],[24.862615,41.775597],[24.861868,41.775744],[24.861594,41.775778],[24.861573,41.775719],[24.861622,41.775708],[24.861645,41.775683],[24.861573,41.775513],[24.861612,41.7753],[24.861551,41.775095],[24.861422,41.774921],[24.861397,41.774826],[24.86157,41.774602],[24.861654,41.77444],[24.861699,41.774247],[24.861749,41.774125],[24.861746,41.773999],[24.861668,41.773883],[24.861538,41.773777],[24.861461,41.773736],[24.861325,41.773564],[24.861295,41.773441],[24.861321,41.773389],[24.861318,41.773249],[24.86129,41.773196],[24.861269,41.773021],[24.861214,41.772903],[24.861215,41.772864],[24.861131,41.77268],[24.861048,41.772615],[24.861006,41.772517],[24.860851,41.772342],[24.860835,41.772209],[24.860896,41.772158],[24.86116,41.77219],[24.861198,41.772181],[24.861273,41.772151],[24.861301,41.772102],[24.861484,41.7721],[24.861509,41.772082],[24.861514,41.772044],[24.861605,41.772042],[24.861739,41.771979],[24.861782,41.771943],[24.861923,41.771937],[24.861954,41.771907],[24.862016,41.771908],[24.862068,41.771882],[24.862229,41.771873],[24.862358,41.77185],[24.862549,41.771866],[24.862572,41.771851],[24.862664,41.77184],[24.862757,41.771789],[24.862835,41.771772],[24.862848,41.771746],[24.863041,41.771686],[24.863162,41.771603],[24.863269,41.771467],[24.863264,41.771187],[24.863243,41.771108],[24.863166,41.770993],[24.863039,41.770886],[24.862941,41.770878],[24.862892,41.770799],[24.862882,41.770663],[24.862673,41.770711],[24.862582,41.770768],[24.862387,41.770436],[24.862369,41.770328],[24.862247,41.770196],[24.862156,41.770107],[24.862023,41.770015],[24.861697,41.76984],[24.86158,41.769742],[24.861522,41.769682],[24.861439,41.769538],[24.861307,41.769364],[24.861085,41.769222],[24.860862,41.769048],[24.860737,41.768862],[24.860721,41.768806],[24.860724,41.768774],[24.86088,41.768633],[24.86094,41.768532],[24.860961,41.768373],[24.860957,41.768325],[24.860921,41.768258],[24.860852,41.768198],[24.860567,41.768073],[24.860407,41.767972],[24.860277,41.767912],[24.860174,41.767832],[24.860147,41.767776],[24.860162,41.767701],[24.860317,41.7675],[24.860334,41.767455],[24.860349,41.767339],[24.860315,41.767227],[24.86013,41.767158],[24.859751,41.767171],[24.858569,41.76745],[24.858302,41.767458],[24.858203,41.767445],[24.858153,41.767396],[24.858128,41.767292],[24.858166,41.767212],[24.858206,41.767134],[24.858331,41.767085],[24.858496,41.766971],[24.858532,41.76688],[24.85852,41.766817],[24.858375,41.766669],[24.858054,41.766568],[24.857916,41.766542],[24.857817,41.766488],[24.857744,41.766397],[24.857621,41.765921],[24.857558,41.765826],[24.857405,41.765676],[24.857176,41.76557],[24.857,41.765531],[24.856876,41.765481],[24.856805,41.76543],[24.856603,41.765219],[24.85659,41.765127],[24.856671,41.764932],[24.856951,41.764696],[24.856953,41.764627],[24.856848,41.764499],[24.856358,41.764174],[24.856322,41.764108],[24.856323,41.764077],[24.856336,41.763987],[24.856415,41.763807],[24.856506,41.763717],[24.856581,41.763604],[24.856614,41.763518],[24.856611,41.763126],[24.856732,41.763048],[24.856806,41.762979],[24.856786,41.762895],[24.856699,41.762797],[24.856678,41.762575],[24.856712,41.762479],[24.856794,41.762397],[24.856825,41.76232],[24.856771,41.762236],[24.856565,41.762093],[24.856413,41.762016],[24.856266,41.761898],[24.856095,41.761683],[24.856006,41.76142],[24.855921,41.761317],[24.855684,41.761095],[24.855683,41.760816],[24.855834,41.760618],[24.85587,41.76054],[24.855881,41.760469],[24.855853,41.760273],[24.855762,41.760191],[24.855494,41.760151],[24.854867,41.760196],[24.8546,41.760196],[24.854107,41.760037],[24.853882,41.759914],[24.853852,41.759856],[24.853979,41.759633],[24.854029,41.75947],[24.854021,41.759399],[24.853929,41.759334],[24.853647,41.759204],[24.853437,41.759066],[24.85337,41.758975],[24.85328,41.758677],[24.853151,41.758497],[24.852899,41.75825],[24.852732,41.757945],[24.852454,41.757221],[24.852436,41.757058],[24.852447,41.75698],[24.852493,41.756891],[24.852499,41.756799],[24.852431,41.756732],[24.852198,41.756596],[24.851927,41.75641],[24.851714,41.756219],[24.851658,41.756057],[24.85165,41.755812],[24.851658,41.755721],[24.851733,41.755474],[24.851743,41.755208],[24.85178,41.755016],[24.851784,41.754656],[24.851765,41.754551],[24.851655,41.754384],[24.851555,41.754161],[24.851523,41.753998],[24.851515,41.753753],[24.851569,41.753605],[24.852053,41.753247],[24.852162,41.753107],[24.852166,41.752828],[24.852068,41.752663],[24.851893,41.752552],[24.851704,41.752492],[24.851514,41.752471],[24.851304,41.752476],[24.851123,41.752287],[24.851029,41.752127],[24.851016,41.751974],[24.851062,41.751709],[24.85095,41.751476],[24.850823,41.751298],[24.850788,41.75116],[24.8508,41.750973],[24.850831,41.750869],[24.851123,41.750823],[24.851011,41.750692],[24.850995,41.750503],[24.850918,41.750481],[24.850874,41.750484],[24.850593,41.750565],[24.850577,41.750441],[24.850346,41.75025],[24.850156,41.750175],[24.85,41.750079],[24.8493,41.749562],[24.849195,41.749358],[24.849059,41.749218],[24.849016,41.749143],[24.848998,41.748982],[24.848954,41.748878],[24.848935,41.748775],[24.848934,41.74852],[24.8489,41.748464],[24.848829,41.748412],[24.848495,41.748278],[24.848315,41.748185],[24.848046,41.747984],[24.847914,41.747855],[24.84775,41.747559],[24.847513,41.747047],[24.847491,41.747025],[24.847274,41.746953],[24.847028,41.74681],[24.846908,41.746717],[24.846846,41.746645],[24.846751,41.746583],[24.846695,41.746518],[24.846646,41.746368],[24.84664,41.746229],[24.84645,41.745865],[24.846358,41.74575],[24.846265,41.745699],[24.845835,41.745589],[24.845608,41.745503],[24.845262,41.745328],[24.845143,41.745251],[24.844996,41.745116],[24.844936,41.744984],[24.844956,41.744919],[24.845033,41.744866],[24.84511,41.744783],[24.845133,41.744726],[24.845127,41.744613],[24.845146,41.744535],[24.845096,41.744433],[24.844894,41.744268],[24.84466,41.744026],[24.844441,41.743646],[24.844376,41.743482],[24.84437,41.743373],[24.844403,41.7432],[24.844511,41.742955],[24.844529,41.742746],[24.844601,41.742476],[24.844569,41.742317],[24.844477,41.742188],[24.84441,41.742149],[24.843903,41.742021],[24.843659,41.741925],[24.843179,41.741806],[24.842938,41.741673],[24.842796,41.741613],[24.842641,41.741481],[24.842558,41.74144],[24.842391,41.741387],[24.842234,41.74139],[24.842166,41.741416],[24.842034,41.741532],[24.841942,41.741638],[24.841888,41.741646],[24.841815,41.741635],[24.841351,41.741481],[24.840627,41.741387],[24.840528,41.741343],[24.840453,41.741282],[24.840374,41.741186],[24.840219,41.74107],[24.840169,41.741015],[24.84014,41.740948],[24.840127,41.740772],[24.83997,41.740479],[24.839914,41.740171],[24.839926,41.739805],[24.839957,41.739709],[24.839973,41.739447],[24.839945,41.739347],[24.839829,41.73914],[24.839609,41.738915],[24.839393,41.738775],[24.839287,41.738743],[24.838934,41.738726],[24.838775,41.738426],[24.838673,41.738287],[24.838282,41.738093],[24.838096,41.737979],[24.837907,41.737912],[24.837778,41.737883],[24.837519,41.737406],[24.83758,41.737301],[24.837768,41.73706],[24.838199,41.736663],[24.838325,41.736418],[24.838405,41.736183],[24.838357,41.736197],[24.838248,41.736363],[24.838207,41.736378],[24.838111,41.73637],[24.837804,41.736232],[24.837773,41.736305],[24.83766,41.736403],[24.837544,41.736452],[24.837411,41.736455],[24.837149,41.736413],[24.836683,41.736243],[24.836536,41.736208],[24.836153,41.73617],[24.835966,41.736112],[24.835827,41.736047]],[[24.879951,41.78132],[24.880182,41.781468],[24.880288,41.781552],[24.880383,41.781662],[24.880012,41.781552],[24.87973,41.781499],[24.879169,41.781461],[24.878968,41.780985],[24.879796,41.781052],[24.879813,41.781123],[24.879876,41.78124],[24.879951,41.78132]],[[24.874975,41.779776],[24.875167,41.779762],[24.875223,41.7797],[24.875153,41.779455],[24.875015,41.779446],[24.87495,41.779528],[24.874779,41.779647],[24.874664,41.77953],[24.874776,41.779483],[24.875006,41.779328],[24.874995,41.779148],[24.875087,41.77885],[24.875381,41.778925],[24.875518,41.779074],[24.875792,41.779039],[24.875975,41.779143],[24.876268,41.7794],[24.876359,41.779401],[24.876907,41.779309],[24.877123,41.779232],[24.877115,41.77892],[24.877135,41.778864],[24.8772,41.778806],[24.877271,41.778796],[24.877316,41.778736],[24.877567,41.778652],[24.877805,41.778474],[24.877856,41.778413],[24.877975,41.778713],[24.877972,41.778755],[24.877847,41.778814],[24.877842,41.778853],[24.877901,41.778904],[24.878274,41.779099],[24.878294,41.779144],[24.878275,41.779227],[24.878304,41.779284],[24.878496,41.779297],[24.878572,41.779348],[24.87859,41.779399],[24.878578,41.779475],[24.878492,41.779491],[24.878279,41.779458],[24.878072,41.779479],[24.87799,41.779513],[24.877881,41.779591],[24.877755,41.779714],[24.877611,41.779775],[24.877437,41.779876],[24.877502,41.779976],[24.877568,41.780137],[24.877533,41.780278],[24.877554,41.780513],[24.877621,41.780593],[24.877606,41.780772],[24.877523,41.780934],[24.877427,41.780894],[24.877379,41.780756],[24.877384,41.780682],[24.87732,41.780501],[24.877052,41.780439],[24.876938,41.78044],[24.876698,41.780384],[24.876431,41.780278],[24.876077,41.780223],[24.875893,41.780244],[24.875565,41.780391],[24.875474,41.780411],[24.875359,41.780412],[24.875262,41.780376],[24.875268,41.780216],[24.875233,41.780107],[24.874955,41.779959],[24.874858,41.779872],[24.874878,41.77981],[24.874975,41.779776]]]},"properties":{"cadreg":136}},{"type":"Feature","geometry":{"type":"Polygon","coordinates":[[[24.912446,41.723724],[24.912016,41.723733],[24.911351,41.723714],[24.911156,41.723762],[24.910998,41.723893],[24.910941,41.723893],[24.911116,41.723918],[24.911478,41.724066],[24.911943,41.724182],[24.911936,41.724199],[24.911467,41.724081],[24.911108,41.723935],[24.910731,41.723891],[24.910436,41.723812],[24.910153,41.723704],[24.909923,41.72364],[24.909731,41.723661],[24.909643,41.723693],[24.909508,41.723851],[24.909171,41.724017],[24.908996,41.72414],[24.90866,41.724463],[24.908136,41.724913],[24.907732,41.725127],[24.907622,41.725166],[24.907257,41.725221],[24.907014,41.725324],[24.906949,41.725399],[24.906335,41.725792],[24.906592,41.725785],[24.906884,41.725738],[24.907161,41.725657],[24.907267,41.725589],[24.907458,41.725559],[24.907641,41.725556],[24.907956,41.72547],[24.90821,41.725463],[24.90856,41.725572],[24.90894,41.725741],[24.909478,41.725914],[24.909568,41.725971],[24.909677,41.726075],[24.909845,41.726142],[24.910207,41.726155],[24.910431,41.726184],[24.910494,41.726107],[24.910643,41.725718],[24.911336,41.724854],[24.911618,41.724529],[24.911837,41.724388],[24.912038,41.724307],[24.912468,41.723841],[24.912484,41.723705],[24.912445,41.723706],[24.912446,41.723724]]]},"properties":{"cadreg":137}},{"type":"Feature","geometry":{"type":"Polygon","coordinates":[[[24.8936,41.731304],[24.893586,41.731396],[24.893617,41.731514],[24.893673,41.731629],[24.893668,41.731678],[24.893511,41.731724],[24.893228,41.732048],[24.892679,41.732388],[24.892621,41.732934],[24.892513,41.733234],[24.892274,41.733337],[24.892106,41.733525],[24.892019,41.733578],[24.89201,41.733691],[24.891884,41.733728],[24.891997,41.733853],[24.891989,41.733906],[24.891937,41.73396],[24.891855,41.734009],[24.891859,41.734046],[24.891923,41.734102],[24.891931,41.734144],[24.891849,41.734176],[24.891691,41.734188],[24.891449,41.734174],[24.891211,41.734133],[24.891101,41.734152],[24.891044,41.734197],[24.891032,41.734356],[24.891052,41.734413],[24.891116,41.734466],[24.891337,41.734554],[24.891411,41.73461],[24.891466,41.734784],[24.891571,41.734895],[24.891674,41.734966],[24.891864,41.735012],[24.891994,41.735002],[24.892126,41.734934],[24.892189,41.734861],[24.89192,41.73486],[24.891907,41.734846],[24.891917,41.734823],[24.892189,41.734717],[24.892288,41.734611],[24.892347,41.734612],[24.892383,41.734706],[24.892399,41.734971],[24.892557,41.735094],[24.892627,41.735112],[24.892758,41.735113],[24.892989,41.735036],[24.892973,41.734945],[24.892893,41.73476],[24.892742,41.734689],[24.89263,41.734614],[24.89252,41.734443],[24.892432,41.734124],[24.892454,41.734038],[24.892537,41.733925],[24.892742,41.733913],[24.892848,41.733879],[24.892985,41.733863],[24.89308,41.733831],[24.893454,41.733778],[24.893569,41.73374],[24.893744,41.733706],[24.893821,41.733681],[24.893893,41.733636],[24.894006,41.733543],[24.894076,41.733461],[24.894085,41.733381],[24.893995,41.733295],[24.89379,41.733198],[24.893552,41.733164],[24.89342,41.733107],[24.893576,41.733021],[24.893847,41.733081],[24.894106,41.733191],[24.894124,41.733175],[24.894267,41.733239],[24.894396,41.733367],[24.894532,41.733405],[24.894809,41.733453],[24.895033,41.733523],[24.895347,41.733586],[24.895468,41.733629],[24.895614,41.733743],[24.895711,41.73377],[24.895888,41.733714],[24.895973,41.733672],[24.896227,41.733509],[24.896545,41.73325],[24.896533,41.733198],[24.89643,41.73308],[24.89632,41.732841],[24.896415,41.732664],[24.896436,41.732504],[24.896403,41.732371],[24.896334,41.732255],[24.896267,41.73205],[24.896254,41.731907],[24.896287,41.731837],[24.8961,41.731702],[24.895814,41.731547],[24.895664,41.731487],[24.895579,41.731484],[24.895481,41.731531],[24.895191,41.731419],[24.895062,41.731408],[24.894793,41.731415],[24.894812,41.731349],[24.894851,41.73131],[24.894876,41.731246],[24.89465,41.731104],[24.894654,41.731059],[24.894719,41.730915],[24.894677,41.730856],[24.894626,41.730911],[24.894582,41.731019],[24.894494,41.731071],[24.894396,41.73093],[24.894246,41.73076],[24.894153,41.730734],[24.894032,41.730796],[24.89396,41.730803],[24.893791,41.730729],[24.893713,41.730732],[24.893677,41.730839],[24.893673,41.730917],[24.893728,41.730955],[24.893954,41.731025],[24.893966,41.731129],[24.89394,41.731278],[24.893867,41.73133],[24.89367,41.731299],[24.8936,41.731304]]]},"properties":{"cadreg":138}},{"type":"Feature","geometry":{"type":"MultiPolygon","coordinates":[[[[24.846541,41.734972],[24.846086,41.734958],[24.845922,41.73493],[24.845773,41.734878],[24.845734,41.734897],[24.84548,41.735073],[24.84541,41.735235],[24.845356,41.735473],[24.845265,41.735519],[24.844915,41.735513],[24.844629,41.73564],[24.844419,41.735802],[24.844394,41.736054],[24.844284,41.736155],[24.844182,41.736212],[24.843713,41.736415],[24.843469,41.736438],[24.843059,41.736642],[24.842902,41.736698],[24.842193,41.73711],[24.841964,41.737195],[24.841887,41.737208],[24.84176,41.737208],[24.841376,41.737164],[24.840992,41.737294],[24.840853,41.737237],[24.840666,41.737082],[24.840635,41.736894],[24.840643,41.736823],[24.840453,41.736772],[24.840367,41.736733],[24.840366,41.736669],[24.840207,41.736737],[24.840081,41.736737],[24.840006,41.736715],[24.840082,41.73647],[24.840102,41.736277],[24.840393,41.736256],[24.840614,41.736225],[24.840701,41.736196],[24.840763,41.736161],[24.840866,41.735979],[24.841016,41.735789],[24.840585,41.735918],[24.840412,41.735895],[24.840293,41.735832],[24.840441,41.735687],[24.840623,41.735576],[24.84071,41.735344],[24.84125,41.734412],[24.841143,41.734359],[24.840932,41.734031],[24.840895,41.733801],[24.840912,41.733704],[24.840965,41.733636],[24.840641,41.733654],[24.840406,41.733627],[24.840281,41.733559],[24.840053,41.733379],[24.839965,41.733066],[24.839947,41.732907],[24.839952,41.732674],[24.839853,41.732476],[24.839905,41.732403],[24.839979,41.732353],[24.839936,41.732237],[24.83981,41.732055],[24.839755,41.731921],[24.839768,41.731837],[24.839863,41.731728],[24.839981,41.731695],[24.840037,41.731699],[24.840052,41.73165],[24.840027,41.731601],[24.839754,41.731286],[24.839729,41.731114],[24.839555,41.731365],[24.839416,41.731471],[24.839099,41.731608],[24.838976,41.731689],[24.838718,41.731898],[24.838354,41.732247],[24.838134,41.732411],[24.837877,41.732566],[24.83773,41.732695],[24.8376,41.73287],[24.837507,41.733083],[24.837285,41.734131],[24.83729,41.734246],[24.837387,41.734401],[24.837565,41.734531],[24.837691,41.734584],[24.838033,41.734681],[24.83823,41.734785],[24.838328,41.734869],[24.838401,41.734994],[24.838423,41.735105],[24.838474,41.735228],[24.8385,41.735745],[24.83843,41.736276],[24.838243,41.73668],[24.837808,41.73708],[24.837622,41.737319],[24.837543,41.737458],[24.837778,41.737883],[24.837907,41.737912],[24.838096,41.737979],[24.838282,41.738093],[24.838673,41.738287],[24.838775,41.738426],[24.838934,41.738726],[24.839287,41.738743],[24.839393,41.738775],[24.839609,41.738915],[24.839829,41.73914],[24.839945,41.739347],[24.839973,41.739447],[24.839957,41.739709],[24.839926,41.739805],[24.839914,41.740056],[24.839914,41.740171],[24.83997,41.740479],[24.840127,41.740772],[24.84014,41.740948],[24.840169,41.741015],[24.840219,41.74107],[24.840374,41.741186],[24.840453,41.741282],[24.840528,41.741343],[24.840627,41.741387],[24.841351,41.741481],[24.841815,41.741635],[24.841888,41.741646],[24.841942,41.741638],[24.842034,41.741532],[24.842166,41.741416],[24.842234,41.74139],[24.842391,41.741387],[24.842558,41.74144],[24.842641,41.741481],[24.842796,41.741613],[24.842938,41.741673],[24.843179,41.741806],[24.843659,41.741925],[24.843903,41.742021],[24.84441,41.742149],[24.844477,41.742188],[24.844569,41.742317],[24.844601,41.742476],[24.844529,41.742746],[24.844511,41.742955],[24.844403,41.7432],[24.84437,41.743373],[24.844376,41.743482],[24.844441,41.743646],[24.84466,41.744026],[24.844894,41.744268],[24.845096,41.744433],[24.845146,41.744535],[24.845127,41.744613],[24.845133,41.744726],[24.84511,41.744783],[24.845033,41.744866],[24.844956,41.744919],[24.844936,41.744984],[24.844996,41.745116],[24.845143,41.745251],[24.845262,41.745328],[24.845608,41.745503],[24.845835,41.745589],[24.846265,41.745699],[24.846358,41.74575],[24.84645,41.745865],[24.84664,41.746229],[24.846646,41.746368],[24.846695,41.746518],[24.846751,41.746583],[24.846846,41.746645],[24.846908,41.746717],[24.847028,41.74681],[24.847274,41.746953],[24.847491,41.747025],[24.847513,41.747047],[24.84775,41.747559],[24.847914,41.747855],[24.848046,41.747984],[24.848315,41.748185],[24.848495,41.748278],[24.848829,41.748412],[24.8489,41.748464],[24.848934,41.74852],[24.848935,41.748775],[24.848954,41.748878],[24.848998,41.748982],[24.849016,41.749143],[24.849059,41.749218],[24.849195,41.749358],[24.8493,41.749562],[24.85,41.750079],[24.850156,41.750175],[24.850346,41.75025],[24.850577,41.750441],[24.850593,41.750565],[24.850874,41.750484],[24.850918,41.750481],[24.850995,41.750503],[24.851011,41.750692],[24.851123,41.750823],[24.850831,41.750869],[24.8508,41.750973],[24.850788,41.75116],[24.850823,41.751298],[24.85095,41.751476],[24.851062,41.751709],[24.851016,41.751974],[24.851029,41.752127],[24.851123,41.752287],[24.851304,41.752476],[24.851514,41.752471],[24.851704,41.752492],[24.851893,41.752552],[24.852068,41.752663],[24.852166,41.752828],[24.852162,41.753107],[24.852053,41.753247],[24.851569,41.753605],[24.851515,41.753753],[24.851523,41.753998],[24.851555,41.754161],[24.851655,41.754384],[24.851765,41.754551],[24.851784,41.754656],[24.85178,41.755016],[24.851743,41.755208],[24.851733,41.755474],[24.851658,41.755721],[24.85165,41.755812],[24.851658,41.756057],[24.851682,41.756133],[24.851714,41.756219],[24.851927,41.75641],[24.852198,41.756596],[24.852431,41.756732],[24.852499,41.756799],[24.852493,41.756891],[24.852447,41.75698],[24.852436,41.757058],[24.852454,41.757221],[24.852732,41.757945],[24.852899,41.75825],[24.853151,41.758497],[24.85328,41.758677],[24.85337,41.758975],[24.853437,41.759066],[24.853647,41.759204],[24.853929,41.759334],[24.854021,41.759399],[24.854029,41.75947],[24.853979,41.759633],[24.853852,41.759856],[24.85391,41.759935],[24.854107,41.760037],[24.8546,41.760196],[24.854867,41.760196],[24.855494,41.760151],[24.855762,41.760191],[24.855796,41.760223],[24.855898,41.760158],[24.856487,41.759593],[24.857292,41.759147],[24.857596,41.759011],[24.85787,41.758922],[24.858062,41.758832],[24.858224,41.75866],[24.858319,41.758597],[24.858392,41.758522],[24.85849,41.758246],[24.858824,41.757974],[24.859128,41.757844],[24.85928,41.757759],[24.859476,41.757568],[24.859768,41.757345],[24.859962,41.757236],[24.860182,41.757143],[24.86039,41.757034],[24.860653,41.756972],[24.860811,41.756956],[24.861381,41.756825],[24.861828,41.756692],[24.861749,41.756604],[24.861426,41.75663],[24.861214,41.756707],[24.860991,41.756698],[24.86086,41.756635],[24.860496,41.75664],[24.860399,41.756572],[24.860188,41.756529],[24.86004,41.756531],[24.859871,41.756464],[24.85957,41.756299],[24.859322,41.756286],[24.859391,41.75638],[24.859597,41.756432],[24.859798,41.75657],[24.8598,41.756653],[24.859664,41.756735],[24.859572,41.756756],[24.859062,41.756618],[24.858901,41.756595],[24.858791,41.756656],[24.858537,41.75661],[24.857944,41.756329],[24.857621,41.756353],[24.857219,41.756343],[24.857052,41.756554],[24.857315,41.756688],[24.857385,41.756801],[24.857287,41.756966],[24.857267,41.757307],[24.857465,41.757289],[24.857555,41.757193],[24.857582,41.757024],[24.857667,41.756984],[24.857736,41.75677],[24.857845,41.75667],[24.858023,41.756663],[24.858173,41.75677],[24.858317,41.756931],[24.858295,41.757025],[24.858125,41.757112],[24.857831,41.757185],[24.857723,41.75731],[24.857703,41.757469],[24.857791,41.757581],[24.857997,41.757737],[24.858122,41.757721],[24.858186,41.757905],[24.858087,41.75808],[24.858096,41.758151],[24.857978,41.758187],[24.857825,41.758268],[24.857696,41.758294],[24.857573,41.758276],[24.857564,41.757895],[24.857495,41.757812],[24.857347,41.757785],[24.856942,41.758081],[24.855719,41.759149],[24.855056,41.759469],[24.855011,41.759457],[24.85485,41.759523],[24.854771,41.75964],[24.854707,41.759645],[24.854663,41.759573],[24.85468,41.759533],[24.854797,41.759475],[24.854951,41.759371],[24.854924,41.759317],[24.854717,41.759175],[24.854378,41.758814],[24.855133,41.758488],[24.855132,41.758438],[24.854702,41.758202],[24.854699,41.758073],[24.854946,41.757668],[24.854577,41.757604],[24.854458,41.75751],[24.854241,41.757153],[24.853634,41.756676],[24.853525,41.756489],[24.853527,41.756331],[24.853922,41.756158],[24.854073,41.755988],[24.85399,41.755965],[24.853921,41.75589],[24.853747,41.755891],[24.853675,41.755867],[24.853552,41.755721],[24.853331,41.755528],[24.853182,41.755454],[24.853099,41.755365],[24.852983,41.755196],[24.853206,41.755118],[24.853328,41.75511],[24.853504,41.75515],[24.853769,41.75526],[24.853826,41.755299],[24.853877,41.75528],[24.853915,41.755246],[24.85446,41.7551],[24.854812,41.755078],[24.855092,41.755033],[24.855596,41.755002],[24.855782,41.755009],[24.855662,41.755171],[24.855603,41.755218],[24.855672,41.75524],[24.855696,41.755288],[24.855698,41.75545],[24.856844,41.755392],[24.856788,41.755089],[24.857774,41.754765],[24.857983,41.754149],[24.858077,41.753985],[24.85844,41.753618],[24.858754,41.753386],[24.858827,41.753375],[24.858939,41.753858],[24.858541,41.754523],[24.859543,41.754991],[24.859864,41.754971],[24.859648,41.754429],[24.859788,41.754325],[24.860019,41.754272],[24.860497,41.75431],[24.860947,41.754415],[24.860878,41.754493],[24.861591,41.754576],[24.861994,41.754577],[24.862525,41.754502],[24.862988,41.754326],[24.864327,41.754026],[24.866025,41.754104],[24.866056,41.754095],[24.86576,41.753927],[24.865566,41.753776],[24.865545,41.753687],[24.865703,41.753586],[24.865906,41.753564],[24.865937,41.753625],[24.86603,41.75367],[24.866015,41.753702],[24.866104,41.753752],[24.866198,41.75384],[24.866438,41.753909],[24.866517,41.753909],[24.866546,41.753953],[24.866667,41.753808],[24.866722,41.753769],[24.866774,41.753739],[24.866943,41.753687],[24.867431,41.753461],[24.867627,41.753325],[24.867752,41.753269],[24.867965,41.753093],[24.868057,41.752986],[24.868127,41.752937],[24.86821,41.752819],[24.868388,41.752551],[24.86851,41.75231],[24.868496,41.75196],[24.868403,41.751533],[24.867862,41.751763],[24.867697,41.751536],[24.867534,41.751451],[24.86735,41.751436],[24.866961,41.751354],[24.866652,41.751202],[24.866525,41.751074],[24.86653,41.750926],[24.866728,41.750861],[24.867151,41.750856],[24.867171,41.750719],[24.867261,41.750595],[24.867315,41.750588],[24.867454,41.75061],[24.867505,41.750486],[24.867818,41.75039],[24.867852,41.750186],[24.867774,41.750028],[24.86754,41.750001],[24.867361,41.750232],[24.867238,41.750253],[24.866864,41.74999],[24.867128,41.74976],[24.867161,41.749593],[24.866903,41.749606],[24.86669,41.749402],[24.866254,41.74915],[24.866876,41.748583],[24.866439,41.747824],[24.866351,41.747531],[24.866337,41.747194],[24.86631,41.747141],[24.865905,41.747284],[24.865612,41.747327],[24.8652,41.746936],[24.864998,41.746851],[24.864836,41.746734],[24.864929,41.746505],[24.864864,41.746337],[24.865086,41.74585],[24.865008,41.745803],[24.864891,41.745764],[24.864637,41.745741],[24.864575,41.745749],[24.864528,41.745775],[24.864398,41.745997],[24.864212,41.746248],[24.864249,41.746244],[24.864367,41.746292],[24.864374,41.746342],[24.864293,41.746595],[24.864129,41.746943],[24.864049,41.747028],[24.863818,41.747135],[24.863753,41.74722],[24.863661,41.747246],[24.863538,41.747238],[24.863367,41.747279],[24.863177,41.747351],[24.863067,41.747343],[24.862856,41.747222],[24.862681,41.747159],[24.86233,41.747114],[24.862231,41.747071],[24.86218,41.747015],[24.862073,41.747186],[24.862264,41.747225],[24.862365,41.747313],[24.862363,41.747486],[24.862138,41.747909],[24.862042,41.74798],[24.861685,41.747964],[24.861241,41.74792],[24.860414,41.747764],[24.8601,41.74781],[24.860157,41.747932],[24.86014,41.747991],[24.860043,41.748047],[24.85965,41.748052],[24.859514,41.748014],[24.859351,41.747868],[24.859132,41.747712],[24.859099,41.747619],[24.859282,41.747437],[24.859145,41.747338],[24.858879,41.747417],[24.858792,41.747403],[24.85873,41.747354],[24.858733,41.747251],[24.858503,41.747091],[24.85866,41.746961],[24.858701,41.746867],[24.858677,41.746758],[24.85825,41.746892],[24.857255,41.748484],[24.857383,41.748522],[24.857604,41.748497],[24.857598,41.748401],[24.857687,41.748251],[24.857719,41.748077],[24.857808,41.74796],[24.857937,41.747941],[24.85808,41.747988],[24.858237,41.74809],[24.858359,41.748064],[24.858613,41.74814],[24.858768,41.748242],[24.858659,41.748328],[24.858392,41.7484],[24.858294,41.748456],[24.858327,41.748579],[24.858242,41.748605],[24.857978,41.748638],[24.857869,41.748684],[24.85745,41.749046],[24.857779,41.748985],[24.858291,41.748938],[24.858543,41.748938],[24.858609,41.748959],[24.858762,41.749052],[24.858991,41.749236],[24.859033,41.749243],[24.859023,41.749278],[24.859363,41.74932],[24.859563,41.74937],[24.85951,41.749535],[24.859169,41.749772],[24.858946,41.749778],[24.858785,41.749741],[24.858659,41.749609],[24.858618,41.749392],[24.858662,41.749184],[24.858738,41.749085],[24.858584,41.748991],[24.85846,41.748969],[24.858492,41.749125],[24.858395,41.749215],[24.857842,41.749197],[24.857767,41.749376],[24.857626,41.749418],[24.857549,41.749542],[24.857247,41.749794],[24.857083,41.749977],[24.856652,41.7499],[24.856451,41.749952],[24.856283,41.74997],[24.856104,41.749931],[24.855991,41.75008],[24.855561,41.750371],[24.85527,41.750483],[24.855178,41.750491],[24.855041,41.750472],[24.85504,41.750161],[24.85502,41.750047],[24.855035,41.749908],[24.85489,41.749801],[24.854901,41.749703],[24.854791,41.749657],[24.854527,41.749638],[24.854544,41.749532],[24.855001,41.749535],[24.854991,41.749627],[24.85517,41.74961],[24.855328,41.74948],[24.855409,41.749451],[24.855536,41.749438],[24.855736,41.749438],[24.855796,41.749451],[24.855848,41.749361],[24.855819,41.749032],[24.855779,41.74885],[24.855429,41.748847],[24.85548,41.74892],[24.855599,41.749023],[24.855485,41.749123],[24.855166,41.748919],[24.854961,41.748809],[24.855088,41.74844],[24.856038,41.748611],[24.85607,41.748574],[24.855795,41.747967],[24.855732,41.748014],[24.855623,41.74804],[24.855526,41.747979],[24.855503,41.747891],[24.855401,41.747871],[24.855048,41.747913],[24.854837,41.747855],[24.854732,41.747879],[24.854622,41.747934],[24.854404,41.747947],[24.854202,41.748064],[24.853564,41.74837],[24.853458,41.748398],[24.853246,41.748529],[24.852806,41.748391],[24.852588,41.748528],[24.852226,41.748241],[24.85211,41.748286],[24.852031,41.748337],[24.852022,41.7485],[24.852364,41.748659],[24.852368,41.748837],[24.852314,41.748892],[24.852204,41.748918],[24.852018,41.748841],[24.851746,41.748791],[24.851525,41.748572],[24.851139,41.748077],[24.85104,41.747801],[24.851074,41.74762],[24.851163,41.74756],[24.851298,41.747523],[24.851419,41.747443],[24.851438,41.74717],[24.851577,41.747085],[24.851759,41.747008],[24.851739,41.746939],[24.851464,41.746977],[24.851383,41.746929],[24.851575,41.746724],[24.85161,41.746634],[24.851631,41.746495],[24.851568,41.746446],[24.850999,41.746607],[24.850691,41.746611],[24.8507,41.746709],[24.851176,41.746792],[24.851183,41.746852],[24.851098,41.746922],[24.850951,41.746959],[24.850913,41.747142],[24.85084,41.747203],[24.850605,41.747136],[24.85044,41.747183],[24.850242,41.747136],[24.850054,41.747223],[24.849895,41.747254],[24.849784,41.747221],[24.849721,41.747157],[24.849692,41.747],[24.849591,41.74696],[24.849551,41.746911],[24.849521,41.746843],[24.849517,41.746749],[24.849538,41.746606],[24.84972,41.746336],[24.849807,41.74633],[24.849918,41.746344],[24.849997,41.746333],[24.850045,41.746273],[24.85008,41.746163],[24.850175,41.746014],[24.850253,41.745953],[24.850341,41.746002],[24.850525,41.746306],[24.851074,41.746151],[24.851065,41.745987],[24.850988,41.745869],[24.851153,41.745541],[24.851225,41.745461],[24.85163,41.745446],[24.85175,41.744943],[24.851977,41.74495],[24.85199,41.74489],[24.852254,41.744867],[24.852537,41.744883],[24.852709,41.744866],[24.853032,41.74462],[24.853484,41.744381],[24.853642,41.744272],[24.853876,41.744173],[24.854081,41.744145],[24.854189,41.744064],[24.854367,41.743877],[24.854626,41.743468],[24.854836,41.743419],[24.855247,41.743393],[24.855265,41.743317],[24.855393,41.743215],[24.855524,41.743176],[24.855595,41.743184],[24.855832,41.74301],[24.855912,41.743052],[24.855939,41.743085],[24.85606,41.742831],[24.856106,41.742816],[24.856212,41.742928],[24.856477,41.743058],[24.856556,41.743126],[24.857283,41.743069],[24.857432,41.742318],[24.85759,41.742227],[24.857786,41.742235],[24.857948,41.742332],[24.858096,41.74235],[24.85823,41.742328],[24.858404,41.742356],[24.858583,41.742454],[24.858818,41.742511],[24.858821,41.742679],[24.858995,41.742697],[24.859154,41.742655],[24.859327,41.742702],[24.859601,41.742847],[24.859807,41.742775],[24.859968,41.742823],[24.860242,41.742957],[24.860413,41.742935],[24.86044,41.743014],[24.860319,41.743095],[24.860122,41.743107],[24.859865,41.74316],[24.859355,41.743152],[24.859208,41.743194],[24.859313,41.743459],[24.85913,41.74355],[24.859023,41.74373],[24.858974,41.743894],[24.85883,41.744005],[24.858943,41.744035],[24.859172,41.74406],[24.859225,41.744087],[24.859348,41.744096],[24.859545,41.744175],[24.859738,41.744343],[24.85978,41.744627],[24.859903,41.744773],[24.859926,41.744826],[24.859877,41.744855],[24.859741,41.744837],[24.859162,41.74482],[24.859056,41.744688],[24.858937,41.744623],[24.858831,41.744643],[24.858791,41.744691],[24.858776,41.744854],[24.85869,41.74489],[24.858255,41.744899],[24.858609,41.745057],[24.858803,41.745177],[24.858904,41.745279],[24.858889,41.745394],[24.858789,41.745469],[24.858804,41.74592],[24.858843,41.746205],[24.858867,41.746196],[24.859151,41.746326],[24.859237,41.746345],[24.859411,41.746442],[24.859516,41.74645],[24.859664,41.746429],[24.859827,41.746433],[24.859868,41.746439],[24.859925,41.746486],[24.86003,41.746463],[24.860223,41.746603],[24.860234,41.746762],[24.860401,41.746839],[24.860559,41.746849],[24.860804,41.746812],[24.861019,41.746824],[24.861121,41.746918],[24.861287,41.746901],[24.86134,41.746816],[24.861222,41.746511],[24.861194,41.746363],[24.861229,41.746264],[24.861364,41.746217],[24.861498,41.746215],[24.861811,41.746343],[24.861917,41.746265],[24.862106,41.746199],[24.862253,41.746201],[24.86236,41.746285],[24.862612,41.746286],[24.862675,41.746344],[24.862766,41.746299],[24.86284,41.746303],[24.862835,41.746372],[24.862781,41.746418],[24.862695,41.746433],[24.862703,41.746488],[24.862789,41.746511],[24.862888,41.7465],[24.862942,41.74646],[24.862968,41.746252],[24.863004,41.746212],[24.863096,41.7462],[24.863189,41.746219],[24.863337,41.746554],[24.863731,41.746533],[24.86385,41.746442],[24.864154,41.746144],[24.864427,41.745746],[24.864493,41.745687],[24.864649,41.74566],[24.864721,41.745678],[24.864775,41.745712],[24.864889,41.745727],[24.865058,41.745723],[24.865145,41.745745],[24.865289,41.745842],[24.865383,41.745959],[24.865486,41.746049],[24.865699,41.746141],[24.865759,41.746188],[24.86631,41.746958],[24.866433,41.74718],[24.866452,41.747541],[24.866469,41.747632],[24.866549,41.747843],[24.866886,41.748334],[24.867047,41.748631],[24.867114,41.74852],[24.867224,41.748475],[24.867305,41.74805],[24.867536,41.747481],[24.867573,41.747455],[24.867594,41.747371],[24.867512,41.747287],[24.867445,41.747045],[24.867376,41.746992],[24.867277,41.746958],[24.867159,41.746623],[24.867175,41.746568],[24.867336,41.746576],[24.867084,41.746304],[24.867106,41.746224],[24.867349,41.746073],[24.86751,41.746115],[24.867996,41.74638],[24.868396,41.746345],[24.86853,41.746283],[24.868683,41.746189],[24.868735,41.746059],[24.868744,41.745896],[24.868917,41.745681],[24.869166,41.745262],[24.86933,41.745177],[24.869404,41.745118],[24.869351,41.745061],[24.869363,41.744996],[24.869324,41.744907],[24.86923,41.744884],[24.869254,41.744805],[24.869379,41.744664],[24.869178,41.744469],[24.869181,41.744292],[24.869073,41.744144],[24.869009,41.744011],[24.868991,41.743824],[24.868858,41.743888],[24.86846,41.74368],[24.86838,41.743701],[24.868271,41.743766],[24.868146,41.743768],[24.868112,41.743852],[24.868032,41.743888],[24.867868,41.74404],[24.867956,41.744206],[24.867864,41.744226],[24.867805,41.744122],[24.867476,41.744013],[24.867486,41.743924],[24.867423,41.743856],[24.867289,41.743828],[24.867284,41.743682],[24.867378,41.74352],[24.867306,41.743461],[24.867162,41.7434],[24.866704,41.743346],[24.866586,41.743367],[24.866422,41.74342],[24.866293,41.743435],[24.86598,41.74343],[24.865732,41.74341],[24.865412,41.743739],[24.865173,41.743883],[24.864994,41.743946],[24.864896,41.743973],[24.864581,41.743989],[24.864333,41.744089],[24.863927,41.744173],[24.863719,41.744231],[24.863574,41.744303],[24.863248,41.744426],[24.863137,41.744413],[24.863099,41.744437],[24.86295,41.744448],[24.862844,41.744333],[24.862689,41.744435],[24.862614,41.744469],[24.862559,41.744476],[24.862507,41.744528],[24.86225,41.744535],[24.862127,41.744504],[24.861967,41.744436],[24.861768,41.744299],[24.86163,41.744046],[24.861604,41.743849],[24.861779,41.743837],[24.861956,41.743859],[24.862014,41.74396],[24.86212,41.744018],[24.862287,41.743997],[24.86237,41.74393],[24.86239,41.743851],[24.86237,41.743772],[24.862201,41.743655],[24.862102,41.743491],[24.862092,41.743383],[24.862127,41.743304],[24.862234,41.743175],[24.862199,41.743105],[24.862081,41.743059],[24.862053,41.742668],[24.862336,41.74265],[24.862494,41.742549],[24.862609,41.742765],[24.86262,41.742828],[24.862748,41.742961],[24.862911,41.743005],[24.863057,41.742987],[24.863109,41.742965],[24.863243,41.742863],[24.863242,41.742789],[24.863198,41.742758],[24.863078,41.742718],[24.863061,41.74266],[24.863141,41.742626],[24.863236,41.742552],[24.863298,41.742538],[24.863476,41.74254],[24.863598,41.742558],[24.863704,41.742546],[24.863828,41.742407],[24.863759,41.742298],[24.863814,41.742237],[24.86389,41.742257],[24.864045,41.742366],[24.864262,41.742318],[24.864491,41.7422],[24.864723,41.742119],[24.864774,41.742116],[24.864979,41.742277],[24.865116,41.742155],[24.86503,41.742146],[24.864953,41.742112],[24.864917,41.742061],[24.864923,41.741985],[24.864986,41.741853],[24.86503,41.741794],[24.865077,41.741767],[24.865252,41.741763],[24.865318,41.741784],[24.865382,41.741833],[24.865534,41.742012],[24.865668,41.74214],[24.865713,41.742114],[24.866089,41.742145],[24.866222,41.742114],[24.86628,41.741995],[24.866427,41.741933],[24.866765,41.741889],[24.866786,41.74176],[24.866865,41.74169],[24.866928,41.741774],[24.867136,41.741813],[24.867572,41.74204],[24.867925,41.741939],[24.867971,41.742063],[24.86804,41.742168],[24.868314,41.742402],[24.868183,41.742394],[24.868109,41.742406],[24.867975,41.742484],[24.867966,41.742506],[24.868316,41.7426],[24.868681,41.743204],[24.868754,41.743395],[24.868836,41.743522],[24.868903,41.743579],[24.869138,41.743569],[24.869226,41.743537],[24.869377,41.743411],[24.869458,41.743379],[24.869485,41.743261],[24.869519,41.7432],[24.869707,41.742967],[24.869817,41.742926],[24.86994,41.742938],[24.870078,41.743026],[24.870124,41.743139],[24.870134,41.743332],[24.870167,41.743469],[24.870454,41.74375],[24.870512,41.743751],[24.870687,41.743837],[24.871001,41.74392],[24.871307,41.744062],[24.871139,41.744124],[24.871001,41.744218],[24.87096,41.744286],[24.870875,41.744332],[24.870785,41.744357],[24.870876,41.744443],[24.870968,41.744738],[24.87107,41.744705],[24.871305,41.744702],[24.871323,41.744519],[24.871714,41.744646],[24.871853,41.744636],[24.871854,41.744537],[24.871754,41.744435],[24.871694,41.744301],[24.871612,41.744225],[24.871675,41.744089],[24.871614,41.743859],[24.871685,41.74387],[24.87172,41.743894],[24.871864,41.74388],[24.872294,41.744354],[24.872461,41.744499],[24.87283,41.744679],[24.873044,41.744839],[24.873214,41.745112],[24.873407,41.745323],[24.873519,41.745406],[24.873591,41.745303],[24.87372,41.744656],[24.873798,41.744556],[24.873877,41.744565],[24.873907,41.744485],[24.874067,41.744374],[24.8742,41.744588],[24.874269,41.744636],[24.874308,41.744719],[24.874556,41.744975],[24.874738,41.745131],[24.874969,41.745276],[24.875119,41.745403],[24.875406,41.745835],[24.875564,41.746025],[24.875721,41.746177],[24.875992,41.746325],[24.876397,41.746491],[24.876546,41.746608],[24.876824,41.746896],[24.876984,41.747123],[24.877199,41.747193],[24.877916,41.74757],[24.878081,41.747523],[24.878265,41.747511],[24.878389,41.747539],[24.87846,41.747439],[24.878538,41.747384],[24.878649,41.747382],[24.878693,41.747431],[24.878651,41.747743],[24.878588,41.747917],[24.878482,41.748112],[24.878121,41.748458],[24.878008,41.748657],[24.877864,41.748812],[24.87778,41.748853],[24.877553,41.748866],[24.877428,41.748838],[24.877286,41.748776],[24.877358,41.748715],[24.877233,41.748707],[24.876679,41.748393],[24.876517,41.74834],[24.876442,41.748281],[24.876452,41.748192],[24.876406,41.748096],[24.876458,41.747946],[24.876434,41.747942],[24.876382,41.748092],[24.876316,41.748101],[24.876245,41.748091],[24.8761,41.748274],[24.87598,41.748394],[24.876206,41.748463],[24.876177,41.748848],[24.876072,41.748968],[24.875981,41.748983],[24.875875,41.749051],[24.875779,41.749191],[24.875707,41.749251],[24.875546,41.749199],[24.875383,41.749058],[24.875234,41.748986],[24.875037,41.749057],[24.874769,41.749102],[24.874815,41.748989],[24.874792,41.748984],[24.874745,41.749103],[24.874387,41.74913],[24.874254,41.749211],[24.874073,41.749352],[24.873993,41.749353],[24.873908,41.749322],[24.873811,41.749196],[24.87373,41.748896],[24.873816,41.748875],[24.873928,41.748933],[24.873989,41.748907],[24.87398,41.748804],[24.873728,41.748651],[24.873701,41.748315],[24.87378,41.748254],[24.873934,41.748248],[24.874142,41.748265],[24.874284,41.748243],[24.874343,41.748163],[24.874318,41.748114],[24.874119,41.748047],[24.874135,41.747958],[24.874606,41.747838],[24.874515,41.747749],[24.874467,41.747804],[24.874051,41.747652],[24.873535,41.747517],[24.873798,41.74716],[24.874192,41.746814],[24.874243,41.74664],[24.874147,41.746505],[24.873947,41.746572],[24.873732,41.746602],[24.873766,41.746738],[24.87338,41.746729],[24.873326,41.746767],[24.873312,41.746826],[24.873336,41.74688],[24.873388,41.746928],[24.873589,41.747049],[24.873616,41.74712],[24.873563,41.747229],[24.873363,41.747297],[24.873297,41.747353],[24.873297,41.747372],[24.873374,41.747444],[24.873378,41.747484],[24.873338,41.74753],[24.873197,41.747567],[24.873074,41.747564],[24.872683,41.747476],[24.872548,41.747473],[24.872199,41.74725],[24.87202,41.747064],[24.871901,41.747021],[24.87181,41.747062],[24.871734,41.747196],[24.871682,41.747355],[24.87166,41.747519],[24.871619,41.747614],[24.871533,41.74758],[24.871293,41.747335],[24.871138,41.747238],[24.87102,41.747188],[24.870861,41.747151],[24.870662,41.747184],[24.870301,41.747173],[24.870198,41.747599],[24.870157,41.74817],[24.87012,41.748297],[24.870321,41.748471],[24.870762,41.748466],[24.870757,41.748151],[24.870851,41.748081],[24.870974,41.748124],[24.871138,41.748271],[24.871175,41.748423],[24.871153,41.748571],[24.871087,41.748651],[24.871069,41.748785],[24.871187,41.74891],[24.871348,41.749033],[24.871331,41.748855],[24.871475,41.748824],[24.871663,41.748939],[24.871939,41.749079],[24.871909,41.749534],[24.87181,41.749752],[24.871693,41.749689],[24.871335,41.749615],[24.87099,41.749521],[24.870906,41.74947],[24.870775,41.749466],[24.870624,41.749411],[24.870499,41.749501],[24.8704,41.749532],[24.870254,41.749479],[24.870098,41.749398],[24.869847,41.7494],[24.869698,41.749321],[24.86959,41.749223],[24.869592,41.749185],[24.869794,41.749112],[24.870104,41.749048],[24.870269,41.749029],[24.8706,41.748867],[24.870792,41.74905],[24.870784,41.749115],[24.870703,41.749237],[24.870716,41.749282],[24.870854,41.749377],[24.870984,41.749329],[24.871072,41.749076],[24.87098,41.749067],[24.870808,41.74894],[24.870795,41.748764],[24.870767,41.748728],[24.870257,41.748734],[24.870183,41.748811],[24.869975,41.748929],[24.869711,41.7486],[24.869509,41.748663],[24.86923,41.748702],[24.869114,41.748736],[24.868973,41.748829],[24.868688,41.748978],[24.868403,41.749089],[24.868318,41.749137],[24.868525,41.74935],[24.868848,41.749578],[24.869034,41.749831],[24.869089,41.75001],[24.869328,41.750215],[24.869698,41.750309],[24.8698,41.750456],[24.869784,41.750832],[24.869242,41.750708],[24.868803,41.750761],[24.868988,41.751051],[24.868426,41.7511],[24.868457,41.751591],[24.868551,41.752012],[24.868558,41.752315],[24.868509,41.752431],[24.868354,41.752676],[24.868478,41.75267],[24.868552,41.752907],[24.868567,41.753246],[24.86879,41.753251],[24.868992,41.753338],[24.868978,41.753405],[24.868899,41.753426],[24.868715,41.753409],[24.86845,41.753443],[24.868448,41.753528],[24.868714,41.753524],[24.86882,41.753537],[24.868592,41.753643],[24.869035,41.753667],[24.869272,41.75358],[24.869457,41.753558],[24.869841,41.753682],[24.87009,41.753847],[24.869924,41.754116],[24.869506,41.754141],[24.868727,41.754225],[24.868274,41.75425],[24.867931,41.754324],[24.86775,41.754294],[24.867758,41.754383],[24.867547,41.75438],[24.867521,41.754439],[24.867361,41.754562],[24.867237,41.754458],[24.86722,41.754398],[24.867152,41.754502],[24.867128,41.754579],[24.867055,41.754609],[24.866975,41.754614],[24.866774,41.754576],[24.866681,41.754591],[24.866677,41.754706],[24.866711,41.754815],[24.866742,41.754856],[24.867051,41.75487],[24.867166,41.754865],[24.867438,41.754703],[24.867526,41.754742],[24.867449,41.755187],[24.86758,41.755204],[24.867811,41.755335],[24.868019,41.75579],[24.868145,41.755883],[24.868361,41.755865],[24.868682,41.755612],[24.868739,41.755631],[24.868723,41.755771],[24.868584,41.755892],[24.868601,41.75602],[24.868688,41.756083],[24.868921,41.755965],[24.869248,41.755967],[24.869645,41.756007],[24.869925,41.756053],[24.870405,41.75623],[24.870406,41.756275],[24.870216,41.756372],[24.869932,41.756376],[24.869703,41.756354],[24.869562,41.756371],[24.86946,41.75652],[24.869381,41.756572],[24.869133,41.75657],[24.869076,41.756496],[24.869071,41.756247],[24.869026,41.756183],[24.868927,41.75617],[24.868739,41.756316],[24.8685,41.756444],[24.86845,41.756415],[24.868411,41.756325],[24.86824,41.756492],[24.867913,41.756643],[24.867583,41.756767],[24.867561,41.756881],[24.867339,41.757323],[24.867143,41.757256],[24.86699,41.757307],[24.866912,41.757427],[24.866933,41.757551],[24.867048,41.757669],[24.867277,41.757775],[24.867353,41.757867],[24.867308,41.758012],[24.867058,41.75842],[24.867035,41.758689],[24.866989,41.758736],[24.866875,41.758787],[24.866642,41.759075],[24.866496,41.759151],[24.866313,41.759193],[24.866418,41.759269],[24.866483,41.759343],[24.866536,41.759497],[24.866535,41.759626],[24.866508,41.759743],[24.866428,41.759863],[24.866299,41.759925],[24.866155,41.759917],[24.866066,41.759762],[24.865845,41.759724],[24.865678,41.759826],[24.865641,41.760086],[24.865677,41.760264],[24.86579,41.760382],[24.865983,41.760448],[24.865907,41.760934],[24.865907,41.761201],[24.865314,41.761114],[24.865189,41.760749],[24.864434,41.760926],[24.864451,41.761153],[24.864494,41.761282],[24.864533,41.761342],[24.864699,41.761434],[24.864924,41.761528],[24.865003,41.761575],[24.865111,41.761673],[24.865124,41.761718],[24.865092,41.761882],[24.86498,41.762034],[24.864915,41.76216],[24.865162,41.762071],[24.86513,41.761772],[24.865278,41.761716],[24.865337,41.761622],[24.865484,41.761561],[24.865931,41.761456],[24.865964,41.76206],[24.865839,41.762293],[24.865861,41.762432],[24.865932,41.762555],[24.866043,41.762554],[24.866293,41.762476],[24.866422,41.762474],[24.866492,41.762543],[24.866222,41.762898],[24.866095,41.762944],[24.865853,41.762883],[24.865681,41.76287],[24.865382,41.76277],[24.865309,41.762821],[24.865242,41.763409],[24.865323,41.76376],[24.865426,41.763931],[24.865416,41.76404],[24.865039,41.764278],[24.864933,41.764491],[24.86483,41.764805],[24.864732,41.764861],[24.864627,41.764847],[24.864257,41.764535],[24.863737,41.764305],[24.863463,41.764407],[24.86326,41.764415],[24.863111,41.764368],[24.862972,41.764235],[24.863049,41.764086],[24.863065,41.764011],[24.86278,41.763911],[24.862645,41.763942],[24.862371,41.763934],[24.862336,41.764043],[24.862156,41.7642],[24.862079,41.764399],[24.86188,41.76458],[24.861788,41.764849],[24.861704,41.764904],[24.86137,41.764958],[24.861077,41.76508],[24.860948,41.765117],[24.860958,41.764943],[24.860888,41.76491],[24.86078,41.764995],[24.860646,41.765062],[24.860409,41.764936],[24.860273,41.764975],[24.860127,41.765086],[24.860008,41.765242],[24.86001,41.765341],[24.85995,41.765446],[24.859841,41.765497],[24.859662,41.765469],[24.859495,41.765401],[24.859433,41.765433],[24.859077,41.765754],[24.858925,41.76583],[24.858771,41.765857],[24.858727,41.765808],[24.858751,41.765738],[24.858865,41.765648],[24.85901,41.765497],[24.859122,41.765312],[24.859138,41.765144],[24.859109,41.76501],[24.859077,41.764911],[24.858822,41.76463],[24.858677,41.764444],[24.858453,41.764392],[24.858284,41.76423],[24.858249,41.764092],[24.858322,41.764017],[24.85847,41.764015],[24.858613,41.764057],[24.858745,41.763848],[24.858825,41.763866],[24.858849,41.763797],[24.85894,41.763776],[24.858996,41.763835],[24.859071,41.763829],[24.859083,41.763651],[24.858974,41.763668],[24.858908,41.763656],[24.858833,41.763694],[24.858777,41.763656],[24.85877,41.763612],[24.858939,41.763482],[24.85905,41.763361],[24.859329,41.762913],[24.859626,41.762753],[24.859807,41.762606],[24.860318,41.762407],[24.860567,41.7624],[24.860715,41.762413],[24.860607,41.762542],[24.860458,41.762681],[24.860338,41.762765],[24.860187,41.762833],[24.859944,41.762995],[24.859906,41.763134],[24.85994,41.763352],[24.860336,41.763297],[24.860649,41.763214],[24.860736,41.763258],[24.860834,41.763257],[24.860938,41.763206],[24.861229,41.763296],[24.86142,41.763269],[24.861707,41.763119],[24.861805,41.763051],[24.862211,41.762859],[24.862286,41.762837],[24.862324,41.762327],[24.862454,41.762345],[24.86268,41.762307],[24.862986,41.7622],[24.863749,41.76203],[24.864605,41.761943],[24.865054,41.761821],[24.865025,41.761695],[24.864873,41.761579],[24.864787,41.761615],[24.864601,41.761776],[24.864491,41.761817],[24.864379,41.761794],[24.863845,41.76186],[24.863646,41.761788],[24.863478,41.761672],[24.86338,41.761445],[24.863413,41.761246],[24.86353,41.761012],[24.86387,41.761027],[24.863534,41.760488],[24.863446,41.760121],[24.863267,41.760118],[24.863018,41.760032],[24.862685,41.760007],[24.86248,41.759955],[24.862344,41.7596],[24.861922,41.759204],[24.861691,41.759073],[24.861527,41.758917],[24.8615,41.758783],[24.861577,41.758653],[24.861826,41.758536],[24.862189,41.758502],[24.862062,41.75835],[24.861978,41.758152],[24.86202,41.757853],[24.861829,41.757971],[24.861613,41.757993],[24.861408,41.757912],[24.860867,41.758034],[24.860769,41.758039],[24.860749,41.757985],[24.86085,41.757849],[24.860908,41.75764],[24.861211,41.757647],[24.86142,41.757613],[24.861503,41.757493],[24.861382,41.757475],[24.861313,41.757411],[24.861222,41.757437],[24.861107,41.757358],[24.860904,41.757324],[24.860849,41.757258],[24.861008,41.757125],[24.861147,41.75705],[24.861204,41.756995],[24.861353,41.756916],[24.861181,41.756883],[24.860816,41.756974],[24.860659,41.756989],[24.860401,41.75705],[24.860196,41.757159],[24.859974,41.757251],[24.859784,41.757358],[24.859495,41.757578],[24.859297,41.757773],[24.85914,41.757859],[24.858839,41.757988],[24.858511,41.758256],[24.858412,41.758531],[24.858337,41.758609],[24.858243,41.758672],[24.858079,41.758845],[24.85788,41.758938],[24.857606,41.759028],[24.857306,41.759162],[24.856504,41.759606],[24.855917,41.760171],[24.855812,41.760236],[24.855853,41.760273],[24.855881,41.760469],[24.855834,41.760618],[24.855683,41.760816],[24.855684,41.761095],[24.855921,41.761317],[24.856006,41.76142],[24.856095,41.761683],[24.856266,41.761898],[24.856413,41.762016],[24.856565,41.762093],[24.856771,41.762236],[24.856825,41.76232],[24.856794,41.762397],[24.856712,41.762479],[24.856678,41.762575],[24.856699,41.762797],[24.856786,41.762895],[24.856806,41.762979],[24.856732,41.763048],[24.856611,41.763126],[24.856614,41.763518],[24.856581,41.763604],[24.856506,41.763717],[24.856415,41.763807],[24.856336,41.763987],[24.856323,41.764077],[24.856322,41.764108],[24.856358,41.764174],[24.856848,41.764499],[24.856953,41.764627],[24.856951,41.764696],[24.856671,41.764932],[24.85659,41.765127],[24.856603,41.765219],[24.856805,41.76543],[24.856876,41.765481],[24.857,41.765531],[24.857176,41.76557],[24.857405,41.765676],[24.857558,41.765826],[24.857621,41.765921],[24.857744,41.766397],[24.857817,41.766488],[24.857916,41.766542],[24.858054,41.766568],[24.858375,41.766669],[24.85852,41.766817],[24.858532,41.76688],[24.858496,41.766971],[24.858331,41.767085],[24.858206,41.767134],[24.858166,41.767212],[24.858128,41.767292],[24.858153,41.767396],[24.858203,41.767445],[24.858302,41.767458],[24.858569,41.76745],[24.859751,41.767171],[24.86013,41.767158],[24.860315,41.767227],[24.860349,41.767339],[24.860334,41.767455],[24.860153,41.767719],[24.860147,41.767776],[24.860174,41.767832],[24.860277,41.767912],[24.860407,41.767972],[24.860567,41.768073],[24.860852,41.768198],[24.860921,41.768258],[24.860957,41.768325],[24.86094,41.768532],[24.86088,41.768633],[24.860724,41.768774],[24.860737,41.768862],[24.860862,41.769048],[24.860927,41.769107],[24.861307,41.769364],[24.861439,41.769538],[24.861522,41.769682],[24.86158,41.769742],[24.861697,41.76984],[24.862023,41.770015],[24.862156,41.770107],[24.862247,41.770196],[24.862369,41.770328],[24.862387,41.770436],[24.862582,41.770768],[24.862673,41.770711],[24.862882,41.770663],[24.862878,41.770593],[24.862894,41.770568],[24.863267,41.770516],[24.863405,41.77044],[24.863598,41.770213],[24.863701,41.770163],[24.863715,41.770124],[24.863815,41.770028],[24.863908,41.769986],[24.86415,41.76998],[24.864243,41.769997],[24.86434,41.770036],[24.864469,41.770126],[24.864639,41.770134],[24.864717,41.770107],[24.864873,41.769969],[24.864953,41.769923],[24.865241,41.769788],[24.86554,41.769752],[24.865662,41.769752],[24.866048,41.769905],[24.866225,41.769908],[24.86627,41.769871],[24.866288,41.76983],[24.866271,41.769562],[24.866262,41.769496],[24.866151,41.769289],[24.866117,41.769079],[24.866086,41.769058],[24.866022,41.768813],[24.865986,41.768648],[24.865986,41.768538],[24.866009,41.768472],[24.866231,41.768318],[24.866297,41.768312],[24.866338,41.768327],[24.866373,41.7683],[24.866479,41.768272],[24.866594,41.7682],[24.866647,41.768185],[24.867059,41.76819],[24.867434,41.768128],[24.867491,41.768078],[24.867701,41.768051],[24.868356,41.768037],[24.868442,41.76802],[24.868508,41.767986],[24.868557,41.767917],[24.868588,41.76783],[24.868713,41.767635],[24.868941,41.767473],[24.86903,41.767427],[24.869228,41.767359],[24.869494,41.767296],[24.869992,41.767132],[24.870123,41.767069],[24.870364,41.766829],[24.870478,41.766777],[24.870667,41.766525],[24.870709,41.766445],[24.870691,41.766414],[24.870741,41.766286],[24.870859,41.766135],[24.871012,41.766007],[24.87122,41.76578],[24.871245,41.765671],[24.871227,41.76539],[24.871252,41.765233],[24.871225,41.765073],[24.871245,41.764966],[24.871469,41.764784],[24.871599,41.764717],[24.871803,41.764526],[24.871987,41.764322],[24.872086,41.764159],[24.872185,41.764057],[24.87241,41.763936],[24.872848,41.763867],[24.872888,41.76385],[24.873009,41.763775],[24.873032,41.7637],[24.873097,41.76364],[24.873267,41.763561],[24.873481,41.763518],[24.873591,41.763477],[24.873683,41.763413],[24.873968,41.762813],[24.874135,41.762572],[24.874164,41.762556],[24.874236,41.762554],[24.87429,41.762477],[24.874328,41.762407],[24.874345,41.762278],[24.874417,41.762161],[24.874491,41.762088],[24.874508,41.762042],[24.874652,41.761899],[24.874897,41.761711],[24.875025,41.761539],[24.875197,41.76142],[24.875203,41.761364],[24.875166,41.761335],[24.875162,41.761312],[24.87517,41.76122],[24.875178,41.761178],[24.875206,41.76115],[24.875208,41.761091],[24.875248,41.760982],[24.875431,41.760821],[24.875535,41.760764],[24.875586,41.760689],[24.875682,41.760448],[24.875669,41.76042],[24.875697,41.760311],[24.875744,41.760262],[24.875808,41.759971],[24.875815,41.759749],[24.875868,41.759528],[24.875891,41.75933],[24.876016,41.75917],[24.87602,41.759127],[24.876373,41.758992],[24.876441,41.758938],[24.876484,41.758811],[24.876461,41.758606],[24.876429,41.758516],[24.876455,41.758296],[24.876483,41.758225],[24.87681,41.757834],[24.876837,41.757752],[24.876985,41.757534],[24.876987,41.757462],[24.877048,41.757356],[24.877079,41.757243],[24.877157,41.757159],[24.877196,41.757144],[24.877416,41.756867],[24.878001,41.756594],[24.878018,41.756549],[24.878136,41.756487],[24.878153,41.756461],[24.878501,41.756338],[24.878613,41.756268],[24.878717,41.75623],[24.878771,41.756178],[24.878924,41.756127],[24.878963,41.756072],[24.879024,41.756027],[24.87914,41.755855],[24.879206,41.755828],[24.879269,41.755821],[24.879315,41.755773],[24.879427,41.755734],[24.879395,41.755626],[24.879382,41.755495],[24.879319,41.755361],[24.879294,41.754957],[24.879308,41.754874],[24.879408,41.75457],[24.879531,41.754286],[24.879858,41.753926],[24.880076,41.753372],[24.880115,41.753228],[24.880161,41.752915],[24.880145,41.75265],[24.880173,41.752395],[24.880268,41.752217],[24.880439,41.752032],[24.880618,41.751934],[24.881048,41.751802],[24.881147,41.751714],[24.881153,41.751568],[24.881106,41.75145],[24.881101,41.751156],[24.881209,41.75086],[24.881479,41.750601],[24.881535,41.750506],[24.881535,41.750171],[24.881406,41.749798],[24.881382,41.74965],[24.881359,41.749171],[24.881338,41.748984],[24.881285,41.748761],[24.88128,41.74856],[24.881437,41.748291],[24.881669,41.747988],[24.881927,41.747814],[24.882152,41.747699],[24.882239,41.747669],[24.88241,41.747644],[24.882596,41.747534],[24.88299,41.747229],[24.883094,41.74705],[24.883116,41.746817],[24.883074,41.74657],[24.882832,41.746124],[24.882768,41.745963],[24.882738,41.745701],[24.882728,41.745035],[24.882769,41.744875],[24.882835,41.744372],[24.883039,41.744126],[24.883167,41.744052],[24.883319,41.743926],[24.883373,41.743658],[24.88338,41.743513],[24.883301,41.743229],[24.883243,41.743126],[24.883196,41.742986],[24.883358,41.742654],[24.883404,41.742601],[24.8834,41.742299],[24.883381,41.742242],[24.883195,41.741982],[24.883142,41.741838],[24.883158,41.741708],[24.883228,41.741487],[24.883293,41.741382],[24.883553,41.741127],[24.883674,41.740923],[24.883745,41.74084],[24.883806,41.740783],[24.883935,41.740705],[24.884208,41.740438],[24.884475,41.740232],[24.884579,41.740099],[24.884735,41.739796],[24.884627,41.739425],[24.884422,41.739046],[24.884379,41.738996],[24.884579,41.739639],[24.884345,41.739634],[24.884265,41.739693],[24.884139,41.739748],[24.883903,41.739813],[24.883667,41.739848],[24.883418,41.739928],[24.882969,41.740095],[24.882665,41.740228],[24.881964,41.740317],[24.881859,41.740362],[24.881489,41.740691],[24.881169,41.740905],[24.881039,41.740973],[24.88102,41.741143],[24.880976,41.741195],[24.880869,41.741232],[24.880777,41.741247],[24.880229,41.741231],[24.879997,41.741251],[24.880015,41.741235],[24.879903,41.741207],[24.879742,41.74113],[24.879608,41.741151],[24.879479,41.741143],[24.879435,41.741099],[24.879533,41.740845],[24.879497,41.740643],[24.879421,41.74052],[24.879324,41.740434],[24.879271,41.740517],[24.879096,41.740702],[24.878932,41.740799],[24.878799,41.740845],[24.878486,41.740884],[24.878345,41.74094],[24.878156,41.740962],[24.87804,41.740993],[24.877459,41.740997],[24.877154,41.740969],[24.876859,41.740885],[24.876428,41.740626],[24.876002,41.740533],[24.875474,41.740355],[24.875079,41.740142],[24.874951,41.740044],[24.87478,41.739952],[24.874416,41.73972],[24.874288,41.739577],[24.874096,41.739284],[24.87364,41.738727],[24.87353,41.738561],[24.873395,41.738471],[24.873404,41.738406],[24.873286,41.738102],[24.873068,41.737844],[24.872835,41.737872],[24.872769,41.737978],[24.872777,41.738134],[24.872841,41.738241],[24.872848,41.738267],[24.872832,41.73828],[24.873179,41.7385],[24.873498,41.738893],[24.873554,41.739071],[24.873599,41.739097],[24.873699,41.73912],[24.873942,41.739127],[24.874076,41.739295],[24.874268,41.739586],[24.874401,41.739732],[24.874506,41.739803],[24.874693,41.740282],[24.874859,41.740527],[24.87496,41.740625],[24.875091,41.740697],[24.875118,41.740734],[24.873809,41.740839],[24.873727,41.740831],[24.873662,41.740928],[24.873511,41.741006],[24.873314,41.741052],[24.873225,41.741042],[24.872824,41.741071],[24.872316,41.741149],[24.872019,41.741172],[24.871913,41.741196],[24.871697,41.741201],[24.871143,41.741157],[24.871014,41.740948],[24.871337,41.740719],[24.871424,41.740713],[24.871641,41.74081],[24.871714,41.740819],[24.871813,41.740797],[24.871922,41.740731],[24.872092,41.740671],[24.87242,41.740508],[24.872455,41.740408],[24.872433,41.740275],[24.872326,41.740182],[24.872127,41.740056],[24.87191,41.739965],[24.871702,41.740118],[24.871615,41.740115],[24.871497,41.740051],[24.871351,41.739865],[24.871281,41.739723],[24.871258,41.739535],[24.871176,41.739432],[24.871079,41.739453],[24.870684,41.739701],[24.870471,41.739808],[24.870312,41.73983],[24.869964,41.739913],[24.86989,41.739904],[24.869876,41.739854],[24.869937,41.739795],[24.87007,41.739724],[24.870302,41.739652],[24.870448,41.739571],[24.870533,41.7395],[24.870524,41.739435],[24.870418,41.739319],[24.870564,41.739156],[24.870328,41.73903],[24.870242,41.739036],[24.870083,41.739088],[24.870058,41.739019],[24.870111,41.738929],[24.87009,41.73885],[24.870014,41.738752],[24.869518,41.738512],[24.869398,41.738394],[24.869328,41.738281],[24.869351,41.738231],[24.869607,41.738085],[24.869616,41.738054],[24.869604,41.738002],[24.869575,41.737973],[24.869494,41.737919],[24.869358,41.737865],[24.869321,41.737826],[24.869308,41.737763],[24.869349,41.737642],[24.86941,41.737533],[24.869476,41.737497],[24.869563,41.737497],[24.869697,41.737533],[24.869829,41.737539],[24.869971,41.737622],[24.869974,41.73805],[24.870078,41.738316],[24.870141,41.738415],[24.870245,41.73847],[24.870417,41.738492],[24.870646,41.738554],[24.870715,41.738652],[24.870781,41.738854],[24.871061,41.738984],[24.871182,41.739095],[24.87152,41.739343],[24.871658,41.739495],[24.871763,41.739523],[24.871957,41.739534],[24.872158,41.73971],[24.872518,41.739883],[24.87289,41.740007],[24.873077,41.740093],[24.873154,41.740112],[24.873111,41.740051],[24.873055,41.739839],[24.872901,41.739542],[24.872757,41.739188],[24.872634,41.739219],[24.872493,41.739207],[24.87232,41.739223],[24.872286,41.739323],[24.872313,41.739441],[24.872247,41.739502],[24.872186,41.739522],[24.872104,41.739464],[24.872037,41.739217],[24.87187,41.739165],[24.871684,41.739059],[24.871608,41.738931],[24.871546,41.73863],[24.871464,41.738448],[24.871382,41.738618],[24.871259,41.738629],[24.87102,41.738403],[24.870511,41.738232],[24.870377,41.737952],[24.870315,41.737699],[24.870285,41.737502],[24.870363,41.737386],[24.870285,41.737189],[24.87063,41.736754],[24.870765,41.736728],[24.870844,41.736659],[24.870291,41.736433],[24.870076,41.736754],[24.87002,41.737012],[24.870029,41.737409],[24.869106,41.737421],[24.868615,41.737477],[24.868267,41.737585],[24.868186,41.737804],[24.868119,41.738122],[24.867948,41.738203],[24.867396,41.73827],[24.86701,41.738242],[24.866945,41.738736],[24.866356,41.738793],[24.865802,41.73882],[24.865666,41.738802],[24.865613,41.738634],[24.865561,41.738536],[24.865858,41.738309],[24.865961,41.737961],[24.866427,41.7374],[24.865146,41.736519],[24.865094,41.736401],[24.865656,41.735399],[24.865092,41.735724],[24.864877,41.735771],[24.86446,41.735816],[24.864131,41.735696],[24.863901,41.735818],[24.863491,41.735982],[24.86327,41.736019],[24.86306,41.735972],[24.862967,41.735894],[24.863546,41.735621],[24.863648,41.735526],[24.863625,41.735313],[24.863805,41.735088],[24.863945,41.734804],[24.864062,41.734696],[24.864514,41.734363],[24.86457,41.734125],[24.864338,41.73391],[24.864348,41.733786],[24.86457,41.733652],[24.864962,41.733589],[24.865253,41.733367],[24.865148,41.733071],[24.865205,41.732882],[24.865386,41.732761],[24.865608,41.732808],[24.865892,41.732804],[24.866049,41.732674],[24.866587,41.732618],[24.866646,41.732404],[24.866643,41.732285],[24.866818,41.732165],[24.867009,41.732133],[24.867105,41.732032],[24.867282,41.73201],[24.8676,41.73224],[24.867592,41.7323],[24.867539,41.732418],[24.867387,41.733002],[24.867242,41.733399],[24.867205,41.733725],[24.867157,41.733914],[24.866837,41.734586],[24.86673,41.734642],[24.865962,41.73468],[24.865324,41.73481],[24.864879,41.734954],[24.864325,41.735276],[24.863975,41.735527],[24.864034,41.735548],[24.8642,41.735441],[24.864365,41.735309],[24.864909,41.734994],[24.865345,41.734852],[24.86597,41.734725],[24.866751,41.734686],[24.866876,41.73462],[24.866946,41.734513],[24.867215,41.733925],[24.867265,41.733731],[24.867302,41.733406],[24.867446,41.733012],[24.867597,41.732429],[24.867651,41.732309],[24.867662,41.732222],[24.867326,41.73198],[24.867103,41.731787],[24.867656,41.731381],[24.867704,41.731326],[24.867881,41.731235],[24.867898,41.731134],[24.868007,41.731024],[24.868472,41.730894],[24.868937,41.730664],[24.868958,41.730688],[24.869079,41.730685],[24.868906,41.730464],[24.868665,41.730264],[24.868734,41.7301],[24.868725,41.72997],[24.868608,41.729912],[24.868603,41.729725],[24.869007,41.72949],[24.869083,41.729429],[24.868816,41.729338],[24.868647,41.729222],[24.868426,41.729097],[24.867494,41.72847],[24.867247,41.728273],[24.866993,41.728104],[24.86689,41.728168],[24.86675,41.728295],[24.867214,41.728557],[24.867048,41.728619],[24.866949,41.72861],[24.866135,41.729486],[24.865796,41.729875],[24.865739,41.729807],[24.865467,41.729573],[24.865279,41.729452],[24.865078,41.729464],[24.864818,41.729454],[24.864667,41.729486],[24.864444,41.729498],[24.864298,41.72953],[24.864141,41.729536],[24.864009,41.729501],[24.863652,41.729464],[24.863512,41.729427],[24.863286,41.729342],[24.86302,41.729275],[24.862806,41.729242],[24.862691,41.729202],[24.862378,41.729143],[24.862003,41.729131],[24.861641,41.729183],[24.861469,41.729222],[24.861217,41.729363],[24.861151,41.729435],[24.861001,41.72953],[24.860811,41.729606],[24.860649,41.72962],[24.86051,41.729604],[24.860302,41.729564],[24.860134,41.729511],[24.859773,41.729384],[24.859474,41.729243],[24.859204,41.729185],[24.859269,41.729155],[24.859333,41.729096],[24.859455,41.728639],[24.859405,41.728643],[24.85929,41.729081],[24.859238,41.729127],[24.859132,41.72917],[24.858948,41.729128],[24.858631,41.729022],[24.858504,41.72896],[24.858286,41.728769],[24.858106,41.728713],[24.857917,41.728704],[24.858258,41.728818],[24.858464,41.728994],[24.858603,41.729061],[24.858926,41.72917],[24.859449,41.729284],[24.859741,41.729423],[24.860284,41.729607],[24.860648,41.729665],[24.860829,41.72965],[24.861035,41.729568],[24.861049,41.729598],[24.861246,41.729728],[24.861328,41.729716],[24.861422,41.729728],[24.861565,41.729786],[24.86168,41.729852],[24.861747,41.729858],[24.861782,41.730009],[24.861837,41.730039],[24.861996,41.730054],[24.862033,41.73021],[24.861803,41.730434],[24.861794,41.730581],[24.861643,41.730909],[24.861445,41.730839],[24.861266,41.730709],[24.861488,41.730641],[24.861335,41.730473],[24.861163,41.730427],[24.861013,41.730426],[24.860831,41.730372],[24.860744,41.730383],[24.860738,41.730503],[24.860584,41.730423],[24.860482,41.730395],[24.860051,41.730389],[24.85993,41.730376],[24.859658,41.730287],[24.858209,41.730367],[24.858078,41.730417],[24.858214,41.73043],[24.858161,41.73051],[24.85799,41.730591],[24.857814,41.730718],[24.857794,41.730861],[24.857882,41.731217],[24.857823,41.731306],[24.857756,41.731337],[24.857645,41.731324],[24.85733,41.73142],[24.857226,41.731421],[24.857116,41.731477],[24.857105,41.731542],[24.857215,41.731763],[24.857174,41.731833],[24.857076,41.731854],[24.856916,41.731861],[24.856844,41.731961],[24.856841,41.732095],[24.856793,41.732185],[24.856561,41.732297],[24.856638,41.732395],[24.856591,41.732499],[24.856195,41.732668],[24.856091,41.732649],[24.85622,41.732935],[24.856218,41.733103],[24.856125,41.733155],[24.855947,41.733067],[24.855572,41.732785],[24.855149,41.732552],[24.854681,41.732386],[24.854397,41.732311],[24.85421,41.732235],[24.853769,41.732299],[24.853658,41.73229],[24.853484,41.732174],[24.853305,41.732147],[24.853086,41.732233],[24.853041,41.732442],[24.85324,41.732528],[24.853304,41.732636],[24.85321,41.732815],[24.853009,41.733125],[24.852942,41.733481],[24.852287,41.733474],[24.852926,41.73406],[24.852978,41.734255],[24.853066,41.734381],[24.853135,41.734425],[24.853277,41.734458],[24.853383,41.734546],[24.853423,41.734674],[24.853384,41.734842],[24.852962,41.734881],[24.853106,41.734994],[24.853496,41.735121],[24.853702,41.735174],[24.853855,41.735194],[24.853957,41.735234],[24.854145,41.735277],[24.854307,41.735372],[24.854376,41.73543],[24.854444,41.735521],[24.854691,41.735895],[24.854765,41.73607],[24.855014,41.736377],[24.855112,41.73657],[24.855155,41.73672],[24.855067,41.736755],[24.85496,41.736823],[24.854817,41.736975],[24.854424,41.73717],[24.85436,41.737305],[24.854359,41.737585],[24.854263,41.737723],[24.854162,41.737805],[24.854043,41.737853],[24.853972,41.737861],[24.853496,41.737865],[24.8534,41.737923],[24.853351,41.738008],[24.853219,41.738115],[24.853065,41.738186],[24.852811,41.73822],[24.852715,41.738303],[24.85261,41.738525],[24.852536,41.738618],[24.852283,41.738852],[24.852215,41.738887],[24.852139,41.738912],[24.852076,41.738915],[24.85158,41.738871],[24.851329,41.738878],[24.8512,41.73894],[24.851115,41.739065],[24.851039,41.739243],[24.8509,41.739492],[24.850777,41.739774],[24.850689,41.739922],[24.85049,41.740408],[24.850403,41.740557],[24.85003,41.740665],[24.849773,41.740771],[24.849438,41.74086],[24.849332,41.740985],[24.84937,41.741049],[24.849718,41.741179],[24.849768,41.741291],[24.849735,41.741396],[24.849545,41.741447],[24.84925,41.741451],[24.848998,41.741474],[24.848834,41.741531],[24.848465,41.741843],[24.848266,41.741973],[24.848063,41.741976],[24.847963,41.741883],[24.847866,41.741712],[24.847522,41.741429],[24.847209,41.74127],[24.847183,41.741172],[24.847224,41.741082],[24.847392,41.740902],[24.847777,41.740536],[24.847813,41.740452],[24.847712,41.740374],[24.847527,41.740307],[24.847321,41.740179],[24.847263,41.740075],[24.847335,41.739985],[24.84747,41.739969],[24.847895,41.740053],[24.848324,41.739982],[24.848453,41.739931],[24.848432,41.739872],[24.84824,41.739775],[24.848112,41.739383],[24.847847,41.739317],[24.847716,41.739235],[24.847744,41.739111],[24.847905,41.738891],[24.847727,41.738631],[24.847815,41.738471],[24.847972,41.738434],[24.8481,41.738433],[24.848249,41.73848],[24.848462,41.738761],[24.848602,41.738854],[24.848719,41.738875],[24.848837,41.738963],[24.848909,41.739101],[24.849324,41.739352],[24.84922,41.7392],[24.849136,41.739134],[24.849066,41.739052],[24.849033,41.738667],[24.848935,41.738529],[24.848785,41.738235],[24.848788,41.738073],[24.848811,41.738008],[24.849071,41.737765],[24.849142,41.737641],[24.849136,41.737611],[24.84877,41.737529],[24.848589,41.737444],[24.848099,41.737414],[24.848132,41.73781],[24.848051,41.738058],[24.847856,41.738159],[24.847885,41.738248],[24.847688,41.738523],[24.847482,41.739237],[24.84719,41.739705],[24.846668,41.740009],[24.845813,41.740024],[24.845578,41.739997],[24.844726,41.739775],[24.844633,41.739772],[24.844437,41.739809],[24.844369,41.739775],[24.844411,41.739462],[24.8444,41.73923],[24.844371,41.739113],[24.84415,41.739553],[24.843987,41.73997],[24.84381,41.740269],[24.843571,41.740182],[24.84333,41.740047],[24.842894,41.739974],[24.842079,41.740082],[24.841818,41.740185],[24.841633,41.740187],[24.841949,41.739629],[24.841603,41.739333],[24.841776,41.739214],[24.842088,41.739032],[24.842428,41.738879],[24.843431,41.738373],[24.843774,41.738233],[24.843923,41.738117],[24.844164,41.737709],[24.844256,41.737669],[24.844349,41.737712],[24.84464,41.737668],[24.844785,41.737592],[24.844915,41.737575],[24.845016,41.737415],[24.845099,41.737335],[24.845179,41.7373],[24.845238,41.737359],[24.845608,41.737122],[24.845779,41.737095],[24.845851,41.736991],[24.845995,41.736866],[24.846013,41.736806],[24.8463,41.736469],[24.846376,41.736305],[24.846158,41.736246],[24.845972,41.736216],[24.845819,41.736213],[24.845783,41.736263],[24.845778,41.736308],[24.845816,41.736434],[24.845825,41.736553],[24.845732,41.73659],[24.845489,41.736504],[24.845437,41.736441],[24.84543,41.736272],[24.845417,41.736264],[24.844937,41.736263],[24.844931,41.73619],[24.844948,41.736129],[24.84509,41.735952],[24.845302,41.735868],[24.845526,41.735847],[24.845665,41.735854],[24.845721,41.735873],[24.84582,41.73597],[24.845906,41.735986],[24.84606,41.735837],[24.8462,41.735538],[24.846332,41.735378],[24.84677,41.735352],[24.846763,41.7352],[24.846731,41.735097],[24.846667,41.735031],[24.846541,41.734972]],[[24.85134,41.750799],[24.851521,41.750852],[24.851616,41.750985],[24.85162,41.751163],[24.851585,41.751237],[24.851128,41.751441],[24.851057,41.751289],[24.850885,41.751058],[24.85095,41.750934],[24.851123,41.750823],[24.85134,41.750799]],[[24.871612,41.748457],[24.871492,41.74841],[24.871474,41.747617],[24.871619,41.747614],[24.871612,41.748457]],[[24.872362,41.749813],[24.872602,41.749987],[24.872825,41.750068],[24.872979,41.750086],[24.873035,41.750135],[24.873025,41.750199],[24.873107,41.750317],[24.873115,41.750359],[24.872718,41.750328],[24.872733,41.750373],[24.872631,41.750542],[24.872423,41.750499],[24.871973,41.750017],[24.87181,41.749752],[24.872362,41.749813]],[[24.869581,41.73858],[24.869583,41.738659],[24.869486,41.73873],[24.869467,41.738902],[24.869584,41.739176],[24.869792,41.739401],[24.869772,41.739613],[24.869359,41.739663],[24.869233,41.739357],[24.86888,41.739506],[24.868661,41.739633],[24.868501,41.739684],[24.868391,41.73968],[24.868457,41.739575],[24.868595,41.739445],[24.868605,41.739301],[24.868937,41.738787],[24.86902,41.738786],[24.869518,41.738512],[24.869581,41.73858]],[[24.859835,41.736543],[24.859905,41.736631],[24.859994,41.736791],[24.860159,41.737],[24.860227,41.737173],[24.860247,41.737275],[24.860481,41.737631],[24.86066,41.737837],[24.860793,41.737956],[24.860717,41.73796],[24.860384,41.737896],[24.860029,41.737792],[24.859945,41.737756],[24.859875,41.737574],[24.859813,41.737493],[24.859592,41.737294],[24.85956,41.737229],[24.859692,41.737114],[24.859829,41.737065],[24.859813,41.73699],[24.859761,41.736975],[24.859677,41.736977],[24.85956,41.737004],[24.85946,41.737046],[24.859269,41.737164],[24.859051,41.737177],[24.858905,41.737132],[24.858826,41.737129],[24.858727,41.73708],[24.85925,41.736707],[24.859348,41.736623],[24.859409,41.73653],[24.859135,41.736595],[24.858571,41.736688],[24.858578,41.736599],[24.858712,41.736334],[24.858713,41.736187],[24.858863,41.736227],[24.859041,41.736204],[24.859178,41.736049],[24.85919,41.736008],[24.859185,41.735854],[24.859162,41.735785],[24.859075,41.735692],[24.858989,41.735642],[24.858907,41.73555],[24.858913,41.735411],[24.858974,41.735256],[24.859018,41.735162],[24.859196,41.735088],[24.859461,41.734909],[24.859586,41.734853],[24.859744,41.734879],[24.859885,41.73495],[24.85995,41.734967],[24.860046,41.734963],[24.860322,41.73487],[24.860607,41.734744],[24.860964,41.734533],[24.861064,41.734499],[24.861113,41.734451],[24.8612,41.734411],[24.86126,41.734404],[24.861283,41.734347],[24.861406,41.734218],[24.861668,41.73401],[24.861866,41.733911],[24.862151,41.733595],[24.862383,41.733386],[24.862662,41.733357],[24.862795,41.733316],[24.862832,41.733323],[24.862848,41.733353],[24.86283,41.733374],[24.862634,41.733442],[24.862544,41.733658],[24.862107,41.734216],[24.861674,41.734365],[24.861594,41.73441],[24.86155,41.734458],[24.861586,41.734685],[24.861543,41.734732],[24.861469,41.734776],[24.861326,41.734831],[24.861049,41.734996],[24.86092,41.735049],[24.860874,41.735055],[24.860771,41.735034],[24.86058,41.734936],[24.860543,41.734896],[24.860333,41.73497],[24.859989,41.735173],[24.859802,41.735405],[24.859782,41.735479],[24.859685,41.73547],[24.859639,41.735425],[24.859618,41.735202],[24.859563,41.735158],[24.859492,41.735128],[24.859419,41.735136],[24.859374,41.735168],[24.859351,41.735218],[24.859338,41.735357],[24.859359,41.73557],[24.8595,41.735734],[24.859669,41.735868],[24.859658,41.736272],[24.859748,41.736391],[24.859694,41.736451],[24.859835,41.736543]],[[24.83944,41.736697],[24.839555,41.736557],[24.839896,41.737037],[24.839543,41.737442],[24.839381,41.737286],[24.839284,41.73709],[24.839241,41.736902],[24.839277,41.736804],[24.83944,41.736697]],[[24.856152,41.751372],[24.856095,41.751452],[24.855948,41.751533],[24.855369,41.751491],[24.855038,41.751535],[24.854929,41.751344],[24.855074,41.751233],[24.855331,41.75116],[24.855983,41.751172],[24.856138,41.751264],[24.856152,41.751372]],[[24.854283,41.750523],[24.854564,41.750485],[24.854826,41.750358],[24.854899,41.750376],[24.854981,41.750494],[24.855037,41.750646],[24.855014,41.751116],[24.854872,41.751207],[24.854795,41.751331],[24.854703,41.751362],[24.854558,41.751319],[24.854407,41.751336],[24.854346,41.751292],[24.854225,41.751155],[24.854142,41.751008],[24.854147,41.750663],[24.854198,41.750568],[24.854283,41.750523]],[[24.860246,41.749587],[24.860159,41.749509],[24.85999,41.749292],[24.860021,41.749252],[24.860112,41.749251],[24.860619,41.74951],[24.860618,41.749445],[24.860548,41.749327],[24.860366,41.749131],[24.860351,41.749052],[24.860398,41.748967],[24.861328,41.748697],[24.861442,41.748815],[24.861619,41.749046],[24.861716,41.749353],[24.861693,41.749453],[24.861466,41.749481],[24.861418,41.749541],[24.861589,41.749742],[24.861529,41.749822],[24.861605,41.749935],[24.861546,41.750025],[24.861162,41.750223],[24.860782,41.750536],[24.860501,41.750378],[24.860537,41.75032],[24.86047,41.750243],[24.860359,41.750235],[24.860343,41.749765],[24.860246,41.749587]],[[24.858516,41.74085],[24.858633,41.740818],[24.858829,41.74082],[24.859104,41.740773],[24.85924,41.741295],[24.85941,41.741486],[24.859676,41.741691],[24.859361,41.741652],[24.85868,41.741495],[24.858529,41.741131],[24.858516,41.74085]],[[24.858034,41.732713],[24.857885,41.732821],[24.857732,41.732853],[24.85761,41.732904],[24.857469,41.732935],[24.857229,41.732948],[24.857034,41.732986],[24.857039,41.732946],[24.857093,41.732876],[24.857065,41.732777],[24.857176,41.732459],[24.857173,41.732329],[24.857341,41.732251],[24.857433,41.732245],[24.857663,41.732108],[24.85776,41.732028],[24.857866,41.732081],[24.857917,41.73216],[24.857951,41.732283],[24.858001,41.732347],[24.858112,41.732326],[24.858165,41.732231],[24.858237,41.7322],[24.858272,41.732228],[24.858249,41.732234],[24.858276,41.732303],[24.858318,41.732343],[24.858269,41.732477],[24.858271,41.732581],[24.858186,41.732656],[24.858034,41.732713]],[[24.860445,41.740858],[24.860697,41.740835],[24.860785,41.740874],[24.860849,41.741002],[24.860826,41.741107],[24.860704,41.741138],[24.860605,41.74109],[24.860465,41.740943],[24.860445,41.740858]],[[24.86493,41.740512],[24.865097,41.740525],[24.865224,41.740575],[24.865374,41.740672],[24.865438,41.740791],[24.865474,41.740993],[24.865444,41.741068],[24.865358,41.741099],[24.865001,41.741068],[24.864746,41.741064],[24.864548,41.741027],[24.864411,41.740949],[24.864323,41.740867],[24.864333,41.740778],[24.864479,41.740686],[24.86493,41.740512]],[[24.863551,41.73821],[24.863378,41.738172],[24.863189,41.738006],[24.863123,41.737768],[24.863168,41.737599],[24.863337,41.737488],[24.863657,41.737445],[24.864078,41.737538],[24.864237,41.737497],[24.864455,41.737531],[24.864696,41.737669],[24.865179,41.737782],[24.865416,41.737918],[24.865393,41.738018],[24.86515,41.73816],[24.864881,41.738212],[24.864512,41.738217],[24.864227,41.738161],[24.863796,41.738137],[24.863551,41.73821]],[[24.859954,41.740272],[24.859973,41.740449],[24.859719,41.74053],[24.859446,41.740306],[24.859488,41.740623],[24.85939,41.740654],[24.859118,41.740498],[24.858983,41.740539],[24.859046,41.740646],[24.858992,41.740711],[24.858556,41.740731],[24.858545,41.740519],[24.858419,41.740366],[24.85837,41.740095],[24.858293,41.739947],[24.858024,41.739785],[24.857807,41.739709],[24.857618,41.739554],[24.857513,41.73953],[24.857196,41.739573],[24.856839,41.739573],[24.856758,41.739505],[24.856709,41.739278],[24.85676,41.739089],[24.856943,41.739017],[24.857586,41.73891],[24.857711,41.739047],[24.857995,41.739079],[24.858121,41.739137],[24.858231,41.73911],[24.858484,41.739136],[24.858958,41.738928],[24.859124,41.73895],[24.859145,41.739015],[24.859118,41.739188],[24.859184,41.739409],[24.859372,41.739762],[24.859587,41.739997],[24.859938,41.73979],[24.859871,41.739538],[24.859856,41.739399],[24.859922,41.739359],[24.86025,41.739394],[24.860389,41.739323],[24.860542,41.739287],[24.860777,41.739308],[24.861291,41.739426],[24.861686,41.73947],[24.86176,41.739505],[24.861751,41.739628],[24.861703,41.739703],[24.861677,41.739912],[24.861593,41.740002],[24.861393,41.740104],[24.861292,41.740401],[24.861218,41.740526],[24.861183,41.740635],[24.861205,41.740839],[24.861304,41.740938],[24.861412,41.740958],[24.861469,41.740882],[24.861392,41.740792],[24.861386,41.740733],[24.86152,41.740672],[24.86243,41.740466],[24.862764,41.74055],[24.863136,41.740694],[24.863345,41.740671],[24.863592,41.740757],[24.863557,41.740857],[24.863338,41.740949],[24.862946,41.741003],[24.862624,41.740908],[24.862282,41.740992],[24.86199,41.741124],[24.861882,41.741073],[24.861676,41.741107],[24.861698,41.741244],[24.861946,41.741386],[24.862403,41.741568],[24.862449,41.741611],[24.862423,41.741715],[24.862265,41.741744],[24.862044,41.741741],[24.861829,41.741634],[24.861763,41.741553],[24.861709,41.741423],[24.861628,41.741322],[24.861257,41.74111],[24.861043,41.740951],[24.860849,41.740614],[24.860855,41.740576],[24.86075,41.74029],[24.860599,41.740168],[24.860399,41.740037],[24.860413,41.74015],[24.860006,41.740237],[24.859954,41.740272]],[[24.860922,41.752488],[24.860595,41.752532],[24.860492,41.752372],[24.860903,41.752211],[24.861113,41.752407],[24.860922,41.752488]],[[24.873126,41.748521],[24.873134,41.747621],[24.873495,41.747623],[24.873487,41.748523],[24.873126,41.748521]],[[24.872573,41.748519],[24.872581,41.747618],[24.872701,41.747619],[24.872693,41.748519],[24.872573,41.748519]],[[24.871932,41.747615],[24.872292,41.747617],[24.872285,41.748517],[24.871924,41.748515],[24.871932,41.747615]],[[24.872915,41.748803],[24.872981,41.748762],[24.872923,41.748624],[24.873013,41.748584],[24.873161,41.748583],[24.873273,41.74863],[24.873319,41.748738],[24.873314,41.748803],[24.87323,41.748898],[24.873286,41.748966],[24.873512,41.749156],[24.873527,41.749241],[24.873454,41.749321],[24.873333,41.749352],[24.873227,41.749328],[24.873152,41.749236],[24.873088,41.749108],[24.872908,41.749085],[24.872857,41.748997],[24.872874,41.748922],[24.872929,41.748877],[24.872915,41.748803]],[[24.866933,41.76374],[24.86702,41.764016],[24.866481,41.7639],[24.866221,41.763824],[24.866605,41.763655],[24.86681,41.763444],[24.866982,41.763476],[24.866933,41.76374]],[[24.874789,41.751053],[24.874755,41.751133],[24.874757,41.751212],[24.874839,41.751349],[24.874918,41.751561],[24.874895,41.751645],[24.874742,41.751687],[24.874607,41.751679],[24.874495,41.751611],[24.874514,41.751368],[24.874439,41.75131],[24.87442,41.751261],[24.874492,41.751196],[24.874545,41.751091],[24.874522,41.750908],[24.874429,41.750622],[24.874408,41.750474],[24.874456,41.750439],[24.874654,41.75051],[24.874835,41.750657],[24.874969,41.750809],[24.874982,41.750882],[24.874789,41.751053]],[[24.874335,41.761504],[24.873935,41.761889],[24.873844,41.761952],[24.873632,41.761888],[24.873402,41.761772],[24.873401,41.761719],[24.873948,41.761198],[24.874057,41.761141],[24.874092,41.761032],[24.874101,41.760884],[24.874204,41.760833],[24.874387,41.760786],[24.874502,41.760691],[24.874596,41.760506],[24.874723,41.760376],[24.874847,41.760444],[24.874906,41.760595],[24.874916,41.761016],[24.874902,41.761249],[24.874706,41.761251],[24.874455,41.761333],[24.874335,41.761504]],[[24.8587,41.759311],[24.859166,41.759285],[24.859291,41.759303],[24.859317,41.759388],[24.859229,41.759591],[24.859286,41.759684],[24.85966,41.759913],[24.859645,41.760021],[24.859403,41.760228],[24.859206,41.760175],[24.859052,41.760167],[24.858782,41.76021],[24.85849,41.760308],[24.858316,41.760301],[24.858216,41.760173],[24.858223,41.759955],[24.858299,41.759786],[24.858326,41.759351],[24.858423,41.759003],[24.858519,41.758903],[24.858655,41.758946],[24.858682,41.759049],[24.858549,41.75917],[24.858563,41.759263],[24.8587,41.759311]],[[24.860472,41.760394],[24.860413,41.760489],[24.86031,41.760574],[24.860329,41.760614],[24.8606,41.760616],[24.860847,41.760696],[24.860999,41.760803],[24.861119,41.760951],[24.861133,41.761044],[24.860947,41.761298],[24.86063,41.761682],[24.860645,41.761771],[24.860598,41.761851],[24.860362,41.762052],[24.860132,41.762193],[24.860033,41.762194],[24.85982,41.76197],[24.859661,41.761996],[24.859494,41.761964],[24.859411,41.761841],[24.859125,41.761711],[24.858961,41.761551],[24.858934,41.761387],[24.859033,41.761208],[24.859112,41.761152],[24.859058,41.760935],[24.859089,41.760668],[24.859225,41.760433],[24.859329,41.760392],[24.8595,41.76037],[24.859498,41.760278],[24.859686,41.760142],[24.859983,41.75999],[24.860174,41.759977],[24.860385,41.760044],[24.860399,41.760148],[24.860457,41.760261],[24.860472,41.760394]],[[24.872317,41.753905],[24.872317,41.753498],[24.872078,41.753116],[24.872001,41.752766],[24.872059,41.752617],[24.872042,41.75239],[24.872337,41.752356],[24.872426,41.752504],[24.872612,41.752561],[24.872695,41.752451],[24.872533,41.752373],[24.872568,41.752274],[24.872936,41.75219],[24.873429,41.752535],[24.873384,41.752567],[24.874207,41.752598],[24.874478,41.752584],[24.874625,41.752543],[24.874845,41.752515],[24.875158,41.752516],[24.87526,41.752426],[24.875384,41.752404],[24.875458,41.752438],[24.875498,41.752542],[24.875539,41.752758],[24.875518,41.752912],[24.875444,41.753015],[24.875588,41.753142],[24.875642,41.753314],[24.875647,41.753572],[24.875835,41.753712],[24.875863,41.753835],[24.875779,41.753941],[24.875651,41.754002],[24.875337,41.754006],[24.875107,41.753992],[24.874768,41.753921],[24.874554,41.753979],[24.874302,41.753982],[24.874186,41.754018],[24.873959,41.754021],[24.873709,41.753945],[24.873568,41.754012],[24.873491,41.754167],[24.873334,41.754338],[24.873139,41.75437],[24.872683,41.754287],[24.872409,41.754132],[24.872317,41.753905]],[[24.883219,41.740152],[24.883797,41.740145],[24.883902,41.740169],[24.883946,41.74023],[24.883893,41.740292],[24.88354,41.740427],[24.883136,41.740625],[24.883207,41.740683],[24.883254,41.740748],[24.883253,41.740828],[24.883193,41.740864],[24.882791,41.741027],[24.882622,41.741122],[24.882554,41.74139],[24.882417,41.741395],[24.882347,41.741441],[24.882279,41.741547],[24.882281,41.741593],[24.882416,41.741682],[24.882443,41.741766],[24.882337,41.741802],[24.882222,41.741817],[24.882224,41.741834],[24.882093,41.741738],[24.882043,41.741723],[24.881946,41.741736],[24.881685,41.741929],[24.881612,41.741945],[24.881471,41.741935],[24.881303,41.741822],[24.881575,41.741791],[24.881667,41.741576],[24.881581,41.741532],[24.881237,41.741494],[24.880891,41.741479],[24.880775,41.741406],[24.880764,41.741264],[24.880877,41.741249],[24.880993,41.741209],[24.88105,41.741121],[24.881351,41.741348],[24.881478,41.741405],[24.881776,41.741243],[24.881801,41.741219],[24.881826,41.740946],[24.881875,41.74084],[24.881831,41.740779],[24.881643,41.740711],[24.881583,41.740638],[24.881868,41.740379],[24.881973,41.740334],[24.882675,41.740245],[24.882978,41.740112],[24.883219,41.740152]],[[24.876258,41.748529],[24.876294,41.748441],[24.87639,41.748394],[24.876507,41.748398],[24.876656,41.748451],[24.876969,41.748674],[24.877124,41.748752],[24.877238,41.748893],[24.87737,41.74901],[24.877378,41.749099],[24.877287,41.74917],[24.877146,41.749182],[24.876936,41.749139],[24.876813,41.749097],[24.876724,41.749023],[24.876673,41.748916],[24.876652,41.748817],[24.876522,41.748739],[24.876373,41.748702],[24.876304,41.748628],[24.876258,41.748529]],[[24.877567,41.749924],[24.877625,41.750036],[24.877707,41.750124],[24.877774,41.750109],[24.877924,41.749959],[24.878034,41.749912],[24.878318,41.749973],[24.878719,41.750032],[24.878875,41.75009],[24.878981,41.750202],[24.878903,41.750297],[24.878874,41.750381],[24.878975,41.750504],[24.879022,41.750627],[24.879025,41.75076],[24.879003,41.75087],[24.879049,41.751047],[24.878977,41.751082],[24.878897,41.751074],[24.878736,41.751026],[24.878662,41.751052],[24.878563,41.751153],[24.878465,41.751154],[24.878358,41.751071],[24.878232,41.750909],[24.877966,41.750853],[24.877813,41.75087],[24.877772,41.75093],[24.877768,41.751074],[24.877695,41.751094],[24.877541,41.751081],[24.877416,41.750985],[24.877115,41.750696],[24.876978,41.750673],[24.877007,41.750541],[24.8771,41.750302],[24.877182,41.750163],[24.877168,41.750079],[24.87698,41.749899],[24.876928,41.749785],[24.8769,41.749652],[24.876922,41.749519],[24.876982,41.749449],[24.877068,41.749447],[24.877143,41.749491],[24.877234,41.749761],[24.877306,41.749904],[24.87738,41.749948],[24.877472,41.749917],[24.877567,41.749924]]],[[[24.865133,41.742657],[24.864825,41.742981],[24.864679,41.742995],[24.864772,41.743058],[24.864801,41.743147],[24.864864,41.74322],[24.864952,41.743278],[24.865058,41.743311],[24.865167,41.743317],[24.865188,41.743274],[24.8652,41.74314],[24.86528,41.743015],[24.865342,41.742991],[24.865447,41.742988],[24.865728,41.743087],[24.865825,41.743215],[24.865878,41.743343],[24.865989,41.743358],[24.866285,41.743363],[24.866395,41.74335],[24.866555,41.743299],[24.866698,41.743273],[24.867115,41.743319],[24.867124,41.743275],[24.867103,41.743174],[24.867031,41.743087],[24.866743,41.743003],[24.866542,41.742817],[24.866532,41.74266],[24.866642,41.742456],[24.86653,41.742388],[24.865675,41.742352],[24.865351,41.742465],[24.865133,41.742657]]],[[[24.87007,41.747477],[24.870176,41.746999],[24.870233,41.746891],[24.870324,41.746882],[24.870429,41.746892],[24.870297,41.746769],[24.870257,41.746636],[24.870601,41.746622],[24.870742,41.7466],[24.870852,41.746539],[24.870848,41.746497],[24.870806,41.746443],[24.870675,41.746439],[24.870627,41.746489],[24.870535,41.746476],[24.87035,41.746478],[24.870254,41.746539],[24.870145,41.746555],[24.870074,41.7466],[24.869989,41.746711],[24.86996,41.746783],[24.869938,41.747028],[24.869738,41.747076],[24.869689,41.747112],[24.869607,41.747271],[24.869556,41.747299],[24.869344,41.747197],[24.869361,41.747411],[24.869462,41.747496],[24.869734,41.747547],[24.870055,41.74766],[24.87007,41.747477]]],[[[24.877391,41.722469],[24.877332,41.722377],[24.877111,41.722162],[24.876958,41.722092],[24.876525,41.721966],[24.876196,41.721815],[24.875939,41.721667],[24.875775,41.721523],[24.875671,41.721469],[24.874886,41.721824],[24.874419,41.722059],[24.874033,41.722373],[24.873998,41.722499],[24.873852,41.722572],[24.873568,41.722632],[24.873541,41.722743],[24.873574,41.722869],[24.873747,41.72316],[24.873779,41.723278],[24.873753,41.723405],[24.873626,41.72347],[24.873272,41.723467],[24.872839,41.723433],[24.872546,41.723346],[24.872098,41.723114],[24.87196,41.723068],[24.871834,41.723165],[24.87178,41.723402],[24.871614,41.723445],[24.871623,41.723593],[24.871792,41.723695],[24.872107,41.723706],[24.872284,41.723728],[24.872345,41.72379],[24.872328,41.723925],[24.872226,41.724172],[24.87221,41.724299],[24.87231,41.724377],[24.87254,41.724382],[24.872728,41.724427],[24.872763,41.724695],[24.873008,41.724637],[24.873366,41.724426],[24.874146,41.724113],[24.874461,41.724101],[24.875003,41.724142],[24.875508,41.724294],[24.87561,41.724443],[24.875096,41.724782],[24.875245,41.724843],[24.875412,41.724839],[24.875655,41.724693],[24.875831,41.724651],[24.87599,41.724721],[24.876081,41.724886],[24.876367,41.724937],[24.876537,41.724983],[24.876461,41.725158],[24.876455,41.725293],[24.876536,41.72545],[24.876736,41.72555],[24.876815,41.725478],[24.876864,41.724987],[24.87694,41.72493],[24.877389,41.72521],[24.876926,41.725635],[24.877008,41.725711],[24.877176,41.72578],[24.877392,41.72577],[24.877333,41.725956],[24.877444,41.726441],[24.877441,41.726587],[24.87739,41.72673],[24.877344,41.72679],[24.877379,41.726853],[24.877463,41.726852],[24.877575,41.726823],[24.87763,41.726878],[24.877658,41.726802],[24.877705,41.726742],[24.877789,41.726737],[24.877783,41.726456],[24.877731,41.72635],[24.877782,41.726182],[24.877859,41.726163],[24.878018,41.726379],[24.87831,41.726484],[24.878577,41.726742],[24.878732,41.726852],[24.87889,41.726885],[24.87913,41.726874],[24.879206,41.726904],[24.879256,41.726983],[24.879258,41.72707],[24.879206,41.727127],[24.879092,41.727152],[24.878941,41.72715],[24.878516,41.727072],[24.878424,41.727168],[24.878183,41.727559],[24.878094,41.727561],[24.878005,41.727544],[24.877797,41.727443],[24.877483,41.727334],[24.87734,41.727333],[24.877241,41.727302],[24.877069,41.727292],[24.876825,41.727179],[24.876752,41.727013],[24.876758,41.726831],[24.876489,41.727104],[24.876397,41.726955],[24.876366,41.726868],[24.876199,41.726892],[24.876281,41.727058],[24.876171,41.727302],[24.875983,41.727525],[24.875819,41.727677],[24.875691,41.727598],[24.87547,41.727701],[24.875343,41.72784],[24.875522,41.727947],[24.875586,41.728093],[24.875736,41.728253],[24.875963,41.728273],[24.876056,41.728477],[24.876147,41.728519],[24.87609,41.728706],[24.876331,41.72863],[24.876508,41.728972],[24.876507,41.729191],[24.875953,41.729223],[24.875771,41.728942],[24.875635,41.729127],[24.875528,41.729179],[24.87521,41.729228],[24.87496,41.729252],[24.874814,41.72925],[24.87491,41.729318],[24.875035,41.729557],[24.875359,41.72956],[24.875547,41.729605],[24.875716,41.729682],[24.875827,41.729784],[24.875809,41.729879],[24.875733,41.730007],[24.87557,41.730183],[24.875405,41.730256],[24.875287,41.730257],[24.874915,41.729915],[24.874791,41.729871],[24.874585,41.729866],[24.874491,41.729715],[24.874369,41.729389],[24.874316,41.729318],[24.874122,41.72912],[24.874001,41.729127],[24.873982,41.729139],[24.874255,41.729284],[24.874296,41.729328],[24.874346,41.729396],[24.874469,41.72972],[24.874566,41.729877],[24.874719,41.729983],[24.874843,41.730111],[24.875118,41.730494],[24.875277,41.730657],[24.874283,41.730481],[24.874168,41.730609],[24.874987,41.730789],[24.875018,41.73168],[24.87493,41.731774],[24.87481,41.731946],[24.874622,41.732272],[24.874496,41.732426],[24.874517,41.732436],[24.874591,41.732356],[24.874891,41.73187],[24.875112,41.73186],[24.875492,41.73181],[24.875548,41.731874],[24.875844,41.732015],[24.875818,41.732078],[24.875691,41.73215],[24.8756,41.732224],[24.875574,41.732286],[24.875593,41.73233],[24.875809,41.73247],[24.875848,41.732558],[24.875883,41.732818],[24.8761,41.732821],[24.876389,41.732782],[24.876669,41.732649],[24.876786,41.732628],[24.876885,41.732701],[24.876975,41.732869],[24.877418,41.732868],[24.877554,41.732935],[24.877551,41.733094],[24.877694,41.733326],[24.87769,41.733425],[24.877628,41.733448],[24.877636,41.733523],[24.877527,41.733593],[24.877817,41.733673],[24.878431,41.733903],[24.878476,41.733976],[24.878478,41.734061],[24.878438,41.734218],[24.87846,41.73439],[24.878519,41.734538],[24.878719,41.734688],[24.878828,41.734627],[24.879055,41.734586],[24.879229,41.734588],[24.879056,41.734523],[24.878895,41.73451],[24.878727,41.734476],[24.878862,41.734105],[24.879031,41.734141],[24.879081,41.734315],[24.879132,41.734413],[24.87981,41.734853],[24.880027,41.734949],[24.880338,41.735052],[24.880383,41.735107],[24.880353,41.735161],[24.880226,41.735232],[24.88019,41.735287],[24.880228,41.735341],[24.880413,41.735378],[24.880912,41.735431],[24.881079,41.735488],[24.881075,41.735588],[24.881017,41.735717],[24.88105,41.735786],[24.881212,41.735887],[24.881409,41.736089],[24.881781,41.736045],[24.881862,41.736059],[24.881881,41.736127],[24.881847,41.736529],[24.881861,41.736623],[24.881949,41.736681],[24.882123,41.736748],[24.882482,41.736853],[24.88252,41.736921],[24.882498,41.73701],[24.882407,41.7371],[24.88228,41.737161],[24.882182,41.737168],[24.882037,41.737289],[24.881987,41.73728],[24.881912,41.737211],[24.881836,41.737108],[24.8817,41.737075],[24.88134,41.737055],[24.881112,41.737018],[24.88095,41.736932],[24.880573,41.736828],[24.880319,41.736726],[24.880058,41.736652],[24.879827,41.736561],[24.87942,41.736492],[24.878786,41.736465],[24.878546,41.73642],[24.878416,41.736357],[24.878345,41.736239],[24.878366,41.73606],[24.878322,41.736021],[24.878223,41.736003],[24.878123,41.735943],[24.878121,41.735848],[24.877852,41.735704],[24.877819,41.735639],[24.877843,41.735585],[24.877861,41.735327],[24.877798,41.735288],[24.877694,41.735335],[24.877559,41.735365],[24.87743,41.735343],[24.877217,41.735338],[24.876791,41.73529],[24.876618,41.735242],[24.876536,41.735164],[24.876517,41.735105],[24.876565,41.735045],[24.876662,41.735004],[24.87695,41.734971],[24.877104,41.73486],[24.87733,41.734648],[24.877221,41.734584],[24.877151,41.734657],[24.877018,41.734753],[24.876691,41.734747],[24.876628,41.734669],[24.876675,41.734583],[24.876649,41.73451],[24.876514,41.734496],[24.876308,41.734673],[24.876027,41.73478],[24.875928,41.734757],[24.875897,41.734692],[24.875767,41.734724],[24.875582,41.734726],[24.875467,41.734763],[24.875291,41.734755],[24.875045,41.734905],[24.87494,41.735058],[24.875305,41.735206],[24.875574,41.735362],[24.875818,41.735479],[24.876538,41.735758],[24.876823,41.735974],[24.877284,41.736108],[24.877458,41.736137],[24.877623,41.736204],[24.87811,41.736447],[24.878219,41.736518],[24.878269,41.736592],[24.878916,41.73658],[24.879504,41.736594],[24.879677,41.736638],[24.880128,41.7368],[24.880426,41.736876],[24.880762,41.737003],[24.881632,41.73721],[24.881912,41.737344],[24.8821,41.737393],[24.882395,41.737512],[24.883398,41.738027],[24.883824,41.738186],[24.883804,41.738085],[24.883716,41.737876],[24.883642,41.737364],[24.883645,41.737232],[24.883704,41.737058],[24.883667,41.736712],[24.883474,41.736532],[24.883018,41.735936],[24.882887,41.735708],[24.882573,41.735051],[24.882274,41.734908],[24.882032,41.734734],[24.881627,41.734544],[24.881393,41.734382],[24.881202,41.734245],[24.880803,41.733817],[24.880673,41.733646],[24.880609,41.73351],[24.880517,41.733087],[24.880389,41.732821],[24.880135,41.732457],[24.879995,41.732288],[24.879831,41.732127],[24.879573,41.731717],[24.879495,41.731556],[24.879351,41.731034],[24.879301,41.730753],[24.879206,41.730554],[24.879163,41.730418],[24.879137,41.730205],[24.879145,41.730068],[24.879281,41.729702],[24.879369,41.729507],[24.879586,41.729163],[24.879622,41.729021],[24.879798,41.728731],[24.879686,41.728439],[24.879696,41.728019],[24.879682,41.727794],[24.879589,41.727372],[24.879575,41.727181],[24.879515,41.726882],[24.879424,41.726666],[24.87939,41.726363],[24.879331,41.726255],[24.879158,41.726095],[24.879014,41.725919],[24.878981,41.725813],[24.878938,41.725451],[24.878854,41.725211],[24.87876,41.725012],[24.878404,41.724635],[24.878367,41.724523],[24.878358,41.724236],[24.878304,41.723857],[24.878251,41.723678],[24.878104,41.723365],[24.877905,41.723106],[24.877747,41.722989],[24.877534,41.722765],[24.877419,41.722565],[24.877391,41.722469]],[[24.878761,41.726583],[24.878624,41.72645],[24.87889,41.726253],[24.878995,41.726303],[24.879065,41.726389],[24.878976,41.726525],[24.878868,41.726526],[24.878761,41.726583]]],[[[24.8768,41.736466],[24.876767,41.736397],[24.876784,41.736296],[24.876861,41.736172],[24.876853,41.736093],[24.87681,41.73599],[24.876522,41.735772],[24.876315,41.735687],[24.876301,41.735751],[24.876223,41.7359],[24.876032,41.735828],[24.875925,41.735985],[24.876036,41.736009],[24.876138,41.736052],[24.876143,41.736132],[24.876109,41.736297],[24.876502,41.736314],[24.8768,41.736466]]]]},"properties":{"cadreg":201}},{"type":"Feature","geometry":{"type":"MultiPolygon","coordinates":[[[[24.811955,41.706229],[24.811829,41.706344],[24.811592,41.706499],[24.811085,41.706725],[24.810937,41.706842],[24.810337,41.707421],[24.810251,41.707541],[24.809827,41.707984],[24.809547,41.708211],[24.809234,41.70851],[24.809095,41.708586],[24.808713,41.70864],[24.808493,41.708718],[24.808209,41.708943],[24.808163,41.708997],[24.808063,41.709049],[24.807691,41.709071],[24.807261,41.709337],[24.807091,41.709484],[24.807005,41.709697],[24.806967,41.709919],[24.806922,41.710047],[24.8069,41.710331],[24.806928,41.710571],[24.806849,41.710684],[24.806651,41.71077],[24.806569,41.710836],[24.806394,41.711058],[24.806247,41.711181],[24.805834,41.711447],[24.8058,41.711504],[24.805925,41.711818],[24.805952,41.712031],[24.805908,41.712077],[24.805865,41.712081],[24.805755,41.712029],[24.805664,41.711944],[24.805607,41.711947],[24.805562,41.711977],[24.805454,41.712172],[24.805394,41.712201],[24.805286,41.712187],[24.80522,41.712099],[24.80512,41.712015],[24.804865,41.712025],[24.804815,41.711985],[24.804792,41.711935],[24.804803,41.711869],[24.804885,41.711737],[24.804848,41.711398],[24.804985,41.711234],[24.804968,41.711134],[24.804924,41.711067],[24.804856,41.711026],[24.80474,41.711],[24.804538,41.711004],[24.804428,41.711035],[24.804266,41.711057],[24.803964,41.711064],[24.803742,41.711028],[24.803544,41.710961],[24.803407,41.710946],[24.803238,41.711025],[24.80318,41.711018],[24.803128,41.710936],[24.803033,41.710872],[24.802767,41.710966],[24.802672,41.710947],[24.802594,41.710751],[24.802532,41.710645],[24.802281,41.710567],[24.802149,41.710603],[24.80212,41.710676],[24.802144,41.710774],[24.802099,41.710852],[24.801999,41.710902],[24.801996,41.710993],[24.801965,41.711066],[24.801765,41.711218],[24.80131,41.711167],[24.801021,41.711249],[24.800802,41.711293],[24.800481,41.711329],[24.800391,41.711403],[24.800136,41.711685],[24.799981,41.711785],[24.799905,41.711869],[24.799893,41.711934],[24.799947,41.712268],[24.800133,41.712909],[24.800142,41.713007],[24.799957,41.713746],[24.799698,41.715022],[24.79968,41.715199],[24.799625,41.715375],[24.79947,41.71611],[24.799414,41.716296],[24.799409,41.716433],[24.799314,41.716624],[24.799295,41.716798],[24.799239,41.716863],[24.79918,41.71702],[24.799119,41.71732],[24.799126,41.71781],[24.799166,41.718028],[24.799407,41.718407],[24.799468,41.718559],[24.799502,41.718794],[24.799471,41.719033],[24.799499,41.719511],[24.799704,41.719976],[24.799846,41.72038],[24.800092,41.720841],[24.800194,41.721125],[24.800198,41.721517],[24.800066,41.722009],[24.80006,41.722124],[24.800109,41.722373],[24.800144,41.722432],[24.800372,41.722584],[24.800782,41.72274],[24.801443,41.723125],[24.801811,41.723362],[24.802433,41.723796],[24.802712,41.723955],[24.80347,41.724433],[24.80393,41.724748],[24.804142,41.724936],[24.805241,41.726365],[24.805392,41.726517],[24.805582,41.726636],[24.805865,41.726742],[24.807532,41.727196],[24.808803,41.727565],[24.809842,41.727775],[24.810891,41.72801],[24.812355,41.728303],[24.812517,41.728349],[24.812633,41.728423],[24.812951,41.728756],[24.813423,41.729305],[24.813615,41.729493],[24.813932,41.729871],[24.814072,41.730068],[24.814254,41.730464],[24.814659,41.730963],[24.814829,41.731127],[24.815068,41.731279],[24.815217,41.731437],[24.815288,41.73155],[24.815387,41.731796],[24.81553,41.732372],[24.815786,41.733154],[24.816024,41.733619],[24.816071,41.733771],[24.816164,41.733925],[24.816268,41.734168],[24.816329,41.734596],[24.816501,41.735087],[24.816567,41.735094],[24.816525,41.735016],[24.816739,41.735102],[24.816851,41.73513],[24.81693,41.735095],[24.817,41.735],[24.817336,41.734707],[24.818011,41.734225],[24.818181,41.734183],[24.818282,41.733985],[24.81909,41.73355],[24.819453,41.733289],[24.81997,41.733207],[24.820554,41.733048],[24.820959,41.732828],[24.821632,41.732346],[24.821988,41.732178],[24.822127,41.732096],[24.82233,41.731934],[24.822597,41.731752],[24.822825,41.731551],[24.82337,41.731168],[24.823744,41.730953],[24.824161,41.730761],[24.824329,41.730633],[24.824412,41.730546],[24.82491,41.730209],[24.825672,41.72981],[24.825972,41.729587],[24.826193,41.729456],[24.826298,41.729375],[24.826394,41.729273],[24.826542,41.729166],[24.826673,41.7291],[24.826859,41.729067],[24.826938,41.729003],[24.827037,41.72885],[24.827375,41.729593],[24.827386,41.729694],[24.827472,41.729679],[24.82761,41.729687],[24.827743,41.729759],[24.827798,41.729838],[24.827877,41.730157],[24.827873,41.730863],[24.828104,41.730746],[24.828602,41.73035],[24.828855,41.730164],[24.829071,41.730032],[24.829073,41.730115],[24.829099,41.730139],[24.829178,41.7302],[24.829257,41.730236],[24.829358,41.730254],[24.829308,41.730034],[24.829348,41.729969],[24.829345,41.729918],[24.829274,41.729612],[24.829274,41.729509],[24.829316,41.72951],[24.829335,41.729228],[24.82937,41.729085],[24.829309,41.728408],[24.829379,41.728188],[24.829438,41.72808],[24.829506,41.727989],[24.829687,41.727818],[24.829482,41.727895],[24.829391,41.727947],[24.829164,41.728089],[24.829011,41.728241],[24.828995,41.72882],[24.828947,41.728819],[24.828965,41.728229],[24.829129,41.728063],[24.82936,41.727919],[24.829545,41.727829],[24.829739,41.727766],[24.82989,41.727637],[24.829959,41.727498],[24.830064,41.727405],[24.830407,41.727184],[24.83065,41.727102],[24.830836,41.726957],[24.830962,41.726817],[24.831169,41.726766],[24.831347,41.726684],[24.831458,41.726527],[24.831511,41.726407],[24.8317,41.726105],[24.831776,41.726023],[24.832003,41.725896],[24.83211,41.725795],[24.832181,41.725698],[24.832225,41.725611],[24.832301,41.725269],[24.832469,41.725041],[24.832543,41.724868],[24.832544,41.724641],[24.832606,41.724274],[24.83258,41.724021],[24.832587,41.723902],[24.832607,41.723824],[24.832669,41.723811],[24.831898,41.723289],[24.8315,41.722956],[24.831375,41.722636],[24.831358,41.722464],[24.831382,41.722381],[24.831521,41.722179],[24.831698,41.722023],[24.831986,41.721828],[24.832261,41.721988],[24.83256,41.721759],[24.832799,41.721534],[24.83294,41.721317],[24.832923,41.721194],[24.832847,41.721142],[24.832695,41.721108],[24.832464,41.721128],[24.832528,41.720937],[24.832546,41.720573],[24.832591,41.720326],[24.832704,41.71995],[24.832812,41.719824],[24.832879,41.719655],[24.832883,41.719577],[24.832844,41.71945],[24.832739,41.719292],[24.832652,41.719217],[24.832598,41.719192],[24.832481,41.719179],[24.832193,41.718636],[24.832048,41.71827],[24.831935,41.718072],[24.831726,41.717917],[24.831508,41.717832],[24.831149,41.717725],[24.831032,41.717643],[24.830989,41.717509],[24.830973,41.717367],[24.830903,41.717263],[24.830738,41.716858],[24.83073,41.71665],[24.830744,41.716582],[24.830798,41.716502],[24.830828,41.716409],[24.830802,41.715743],[24.830815,41.715455],[24.830886,41.715231],[24.830973,41.715061],[24.830991,41.714992],[24.830982,41.714922],[24.830951,41.71486],[24.830894,41.714813],[24.83073,41.714715],[24.830651,41.714687],[24.830475,41.714546],[24.830391,41.714448],[24.830312,41.714254],[24.830313,41.714117],[24.8304,41.713918],[24.830575,41.713688],[24.830977,41.713395],[24.83113,41.713232],[24.831302,41.712975],[24.831598,41.71241],[24.83168,41.712315],[24.831974,41.712052],[24.832319,41.711813],[24.832602,41.711585],[24.832666,41.71148],[24.832656,41.711211],[24.832547,41.711151],[24.832521,41.711041],[24.832473,41.710949],[24.832212,41.710781],[24.831866,41.710462],[24.831565,41.710288],[24.831497,41.710217],[24.831452,41.710137],[24.831487,41.710025],[24.831669,41.709812],[24.831978,41.709498],[24.832234,41.709113],[24.832594,41.708847],[24.83289,41.708564],[24.833071,41.70838],[24.833192,41.708182],[24.833415,41.707679],[24.833424,41.707504],[24.833403,41.707292],[24.833315,41.707029],[24.833277,41.706789],[24.83332,41.706664],[24.83341,41.70649],[24.833393,41.706371],[24.833319,41.706185],[24.833245,41.706069],[24.83309,41.705656],[24.833003,41.705518],[24.832824,41.705323],[24.832721,41.705151],[24.832241,41.704493],[24.832198,41.704396],[24.832213,41.704281],[24.832357,41.704079],[24.832348,41.703834],[24.8324,41.703672],[24.832275,41.703538],[24.832225,41.703397],[24.832193,41.703365],[24.832157,41.702922],[24.832072,41.702706],[24.831946,41.702545],[24.831864,41.70236],[24.831782,41.701857],[24.831506,41.701904],[24.831143,41.701927],[24.830761,41.701986],[24.83055,41.702089],[24.83026,41.702361],[24.830049,41.702525],[24.829814,41.702682],[24.829421,41.702816],[24.829167,41.70288],[24.828925,41.702916],[24.828636,41.702994],[24.828399,41.703031],[24.827669,41.703229],[24.82756,41.703234],[24.827174,41.703174],[24.827007,41.703171],[24.82678,41.703186],[24.826591,41.703246],[24.826264,41.703476],[24.826035,41.703716],[24.825816,41.703809],[24.825162,41.703971],[24.824516,41.704218],[24.8243,41.704262],[24.823913,41.704275],[24.823635,41.704349],[24.823343,41.704459],[24.822917,41.704706],[24.822344,41.704876],[24.822093,41.704926],[24.82196,41.704934],[24.821836,41.704924],[24.821385,41.704801],[24.820893,41.704732],[24.820702,41.704723],[24.820277,41.704751],[24.81976,41.704861],[24.819547,41.704881],[24.819403,41.704927],[24.819615,41.705503],[24.819644,41.705631],[24.819655,41.705808],[24.819654,41.705941],[24.819551,41.706255],[24.819468,41.706337],[24.819174,41.706341],[24.819025,41.706297],[24.818831,41.706154],[24.818467,41.705996],[24.818306,41.70595],[24.818122,41.705909],[24.817582,41.705864],[24.816976,41.705866],[24.81672,41.705895],[24.816253,41.706034],[24.815603,41.706297],[24.81528,41.706389],[24.81504,41.706421],[24.814632,41.706428],[24.814475,41.706393],[24.813996,41.706154],[24.813555,41.705956],[24.813354,41.705943],[24.812598,41.70596],[24.812322,41.706082],[24.812083,41.706155],[24.811955,41.706229]]],[[[24.827155,41.738682],[24.827145,41.738546],[24.827175,41.738505],[24.827149,41.738394],[24.826993,41.738193],[24.826735,41.737936],[24.82642,41.737722],[24.826358,41.737596],[24.826123,41.7374],[24.826014,41.737246],[24.826284,41.737217],[24.826441,41.737166],[24.826484,41.737052],[24.826388,41.73687],[24.826205,41.736635],[24.826182,41.736488],[24.826452,41.736449],[24.826549,41.736379],[24.826664,41.736274],[24.826678,41.735957],[24.826761,41.735853],[24.82695,41.735741],[24.827205,41.735659],[24.82755,41.736736],[24.827593,41.73675],[24.827705,41.736705],[24.827897,41.736675],[24.828086,41.736584],[24.828282,41.736522],[24.828314,41.736452],[24.82814,41.73602],[24.828157,41.735941],[24.828268,41.735875],[24.828432,41.735843],[24.828527,41.735679],[24.828563,41.735508],[24.82875,41.735389],[24.828946,41.735324],[24.828991,41.735261],[24.828722,41.735239],[24.828606,41.735038],[24.828503,41.734822],[24.828538,41.734684],[24.82851,41.734274],[24.828785,41.734197],[24.828923,41.734191],[24.829713,41.734442],[24.829755,41.734262],[24.830235,41.734805],[24.830505,41.734728],[24.830598,41.734771],[24.830754,41.734981],[24.830831,41.735198],[24.830841,41.735321],[24.830526,41.735355],[24.830661,41.735435],[24.830854,41.735522],[24.831008,41.735643],[24.831079,41.73584],[24.831159,41.735874],[24.831263,41.735873],[24.831566,41.735824],[24.831803,41.735821],[24.831864,41.735909],[24.831847,41.736003],[24.831683,41.736149],[24.831078,41.736457],[24.830978,41.736464],[24.830834,41.736451],[24.83066,41.736384],[24.830566,41.736241],[24.830553,41.736041],[24.830469,41.73612],[24.830382,41.736346],[24.830174,41.736531],[24.830361,41.736662],[24.830403,41.736763],[24.830372,41.736828],[24.830286,41.736863],[24.830121,41.736846],[24.829984,41.736873],[24.829934,41.736961],[24.829949,41.737104],[24.829991,41.737218],[24.829845,41.737477],[24.829933,41.737893],[24.830181,41.737814],[24.830362,41.737779],[24.830568,41.737688],[24.830601,41.737573],[24.830659,41.737475],[24.83079,41.737371],[24.831017,41.737251],[24.831564,41.736914],[24.831985,41.736797],[24.832026,41.736752],[24.832117,41.736561],[24.832198,41.736452],[24.832336,41.736338],[24.832508,41.736258],[24.832765,41.736169],[24.832959,41.736077],[24.833124,41.73602],[24.833307,41.735918],[24.83342,41.735802],[24.833519,41.735665],[24.833892,41.735459],[24.833979,41.735394],[24.834004,41.735351],[24.833981,41.735195],[24.833907,41.735164],[24.833867,41.735177],[24.833826,41.735168],[24.833466,41.734905],[24.833296,41.73476],[24.833023,41.734413],[24.832933,41.734325],[24.832647,41.734233],[24.832488,41.734156],[24.832392,41.73407],[24.832296,41.733936],[24.832233,41.733694],[24.832197,41.733683],[24.832188,41.733545],[24.832161,41.733483],[24.832208,41.73318],[24.832184,41.733092],[24.832227,41.732955],[24.832231,41.732863],[24.832287,41.732734],[24.832353,41.732689],[24.832376,41.732613],[24.832347,41.732587],[24.83234,41.732528],[24.832429,41.732331],[24.832493,41.732129],[24.832565,41.732028],[24.832598,41.731873],[24.832587,41.731801],[24.832604,41.731687],[24.832576,41.731603],[24.832471,41.731499],[24.832451,41.731405],[24.832369,41.731264],[24.83235,41.731167],[24.832297,41.731052],[24.832212,41.730926],[24.832141,41.730892],[24.832014,41.730789],[24.832036,41.730719],[24.832002,41.730616],[24.83197,41.730612],[24.831957,41.730574],[24.831971,41.730485],[24.832061,41.730454],[24.832322,41.730177],[24.832328,41.730039],[24.832291,41.729987],[24.832227,41.729952],[24.832101,41.729989],[24.831881,41.730108],[24.831797,41.730136],[24.83171,41.730202],[24.831578,41.730253],[24.831447,41.73027],[24.831382,41.730233],[24.831203,41.730254],[24.831496,41.730303],[24.831487,41.730338],[24.831054,41.730256],[24.830928,41.730259],[24.83076,41.730297],[24.830464,41.730392],[24.830431,41.730428],[24.830322,41.730474],[24.830105,41.730518],[24.830084,41.730632],[24.830015,41.730781],[24.829941,41.730823],[24.829528,41.730824],[24.829435,41.73084],[24.829424,41.730869],[24.82954,41.731018],[24.829604,41.73117],[24.829703,41.731217],[24.82987,41.731245],[24.830122,41.731451],[24.830231,41.731518],[24.830306,41.731633],[24.830263,41.731679],[24.82983,41.731961],[24.82973,41.731973],[24.829439,41.732095],[24.82894,41.732525],[24.828762,41.732533],[24.828496,41.732496],[24.828298,41.732529],[24.828198,41.732652],[24.828171,41.732863],[24.827979,41.733409],[24.82777,41.733495],[24.827371,41.733524],[24.827163,41.733382],[24.827058,41.733087],[24.826865,41.732387],[24.826793,41.732406],[24.82627,41.732415],[24.825639,41.733045],[24.825151,41.733495],[24.824865,41.73385],[24.824732,41.733949],[24.824779,41.733967],[24.824809,41.734],[24.82479,41.734044],[24.824383,41.734508],[24.824243,41.734639],[24.824004,41.734702],[24.8239,41.734757],[24.823728,41.734804],[24.823466,41.73481],[24.823335,41.734954],[24.823235,41.735164],[24.822888,41.7355],[24.822806,41.735543],[24.822749,41.735558],[24.82262,41.735483],[24.822553,41.735347],[24.822431,41.735263],[24.822444,41.73522],[24.822285,41.735281],[24.821518,41.735467],[24.821494,41.735557],[24.821335,41.735845],[24.821148,41.736035],[24.820961,41.736195],[24.820945,41.736368],[24.8209,41.736453],[24.820777,41.736538],[24.820635,41.736609],[24.820332,41.736633],[24.82004,41.736557],[24.819609,41.736296],[24.819444,41.736002],[24.819231,41.735886],[24.818671,41.736045],[24.818294,41.736218],[24.818219,41.736134],[24.818229,41.73602],[24.81836,41.735693],[24.818345,41.735579],[24.817445,41.735449],[24.817073,41.735315],[24.816567,41.735094],[24.81692,41.735516],[24.817386,41.735932],[24.817575,41.736147],[24.817697,41.736246],[24.81783,41.736405],[24.817638,41.736643],[24.817407,41.736991],[24.817346,41.737034],[24.817145,41.737399],[24.81704,41.737528],[24.816883,41.737787],[24.816801,41.737861],[24.816886,41.73788],[24.817024,41.737853],[24.817193,41.737733],[24.817422,41.737621],[24.817644,41.737555],[24.817815,41.737527],[24.817703,41.737727],[24.817717,41.737864],[24.8179,41.738109],[24.817949,41.738247],[24.817872,41.738356],[24.817676,41.738438],[24.817495,41.738549],[24.817298,41.738635],[24.817116,41.738691],[24.817041,41.738643],[24.816961,41.738545],[24.816775,41.738152],[24.816744,41.73797],[24.816717,41.738118],[24.816748,41.738305],[24.816825,41.738439],[24.816878,41.738594],[24.817051,41.738955],[24.817265,41.73921],[24.817777,41.739689],[24.817935,41.7401],[24.818105,41.740435],[24.818247,41.74066],[24.81839,41.740654],[24.81846,41.740828],[24.818799,41.741229],[24.818942,41.741331],[24.81916,41.741437],[24.819181,41.741783],[24.819244,41.741875],[24.819322,41.742048],[24.819302,41.742231],[24.819326,41.742513],[24.819302,41.742542],[24.819239,41.742549],[24.819094,41.742513],[24.819217,41.743131],[24.819625,41.743966],[24.81979,41.744007],[24.819857,41.744051],[24.819976,41.744168],[24.819998,41.744607],[24.820015,41.744656],[24.820047,41.744681],[24.820203,41.744664],[24.820406,41.744608],[24.820527,41.744628],[24.820687,41.744696],[24.820768,41.744689],[24.820904,41.74464],[24.821028,41.744643],[24.82109,41.744464],[24.821297,41.744274],[24.821505,41.744162],[24.821535,41.744101],[24.821627,41.744072],[24.821825,41.744056],[24.821893,41.744027],[24.821965,41.743955],[24.822038,41.74391],[24.822312,41.743778],[24.822406,41.743758],[24.82246,41.743813],[24.822464,41.743881],[24.822525,41.743938],[24.822595,41.743961],[24.822713,41.743964],[24.822907,41.743853],[24.823213,41.743597],[24.823236,41.743468],[24.823299,41.743338],[24.823345,41.743313],[24.8234,41.743336],[24.823426,41.743485],[24.823502,41.743568],[24.823578,41.743606],[24.823736,41.743652],[24.823781,41.743687],[24.823799,41.74373],[24.824057,41.743899],[24.824127,41.743927],[24.824336,41.743971],[24.82438,41.744],[24.824295,41.744055],[24.823947,41.744064],[24.823933,41.744111],[24.823963,41.744144],[24.824305,41.74413],[24.825221,41.744435],[24.825224,41.744553],[24.825082,41.744693],[24.82492,41.744775],[24.824544,41.744885],[24.824284,41.74492],[24.823968,41.744993],[24.823599,41.745142],[24.823532,41.745192],[24.823376,41.745389],[24.823105,41.745556],[24.822997,41.745587],[24.822936,41.745633],[24.822887,41.745697],[24.822723,41.745758],[24.822589,41.745775],[24.822466,41.745846],[24.822298,41.745902],[24.822206,41.745924],[24.822026,41.745935],[24.821931,41.745996],[24.82179,41.746182],[24.821745,41.74628],[24.821252,41.746863],[24.821203,41.746956],[24.821183,41.747066],[24.821077,41.747088],[24.821054,41.747139],[24.821056,41.747199],[24.821114,41.747358],[24.821033,41.747504],[24.821034,41.747648],[24.821153,41.747829],[24.821324,41.747974],[24.821321,41.748034],[24.821272,41.748094],[24.821168,41.748175],[24.821131,41.748231],[24.821123,41.748316],[24.821153,41.748435],[24.82121,41.74855],[24.821221,41.748679],[24.821181,41.748742],[24.821062,41.748843],[24.8212,41.749457],[24.821573,41.749742],[24.822058,41.749932],[24.822335,41.749979],[24.822278,41.749757],[24.822329,41.749702],[24.822589,41.749528],[24.822614,41.749464],[24.822577,41.749345],[24.822483,41.749199],[24.822481,41.749104],[24.82257,41.748995],[24.822728,41.748993],[24.822828,41.749026],[24.822963,41.749148],[24.823057,41.749206],[24.823202,41.749248],[24.823276,41.749337],[24.823412,41.749512],[24.823447,41.749636],[24.823417,41.74973],[24.82334,41.749835],[24.823151,41.749963],[24.822959,41.750183],[24.823025,41.750197],[24.823182,41.75033],[24.823605,41.75085],[24.823714,41.750933],[24.823826,41.75099],[24.824299,41.751336],[24.824476,41.751518],[24.824662,41.751663],[24.82516,41.752112],[24.825303,41.752256],[24.825445,41.752451],[24.825891,41.75308],[24.826061,41.753372],[24.826093,41.753537],[24.826152,41.753654],[24.826176,41.753834],[24.826334,41.754194],[24.826578,41.754538],[24.826876,41.754855],[24.827068,41.755216],[24.827294,41.755478],[24.827368,41.755619],[24.827436,41.755812],[24.827453,41.756145],[24.827531,41.756421],[24.827632,41.756581],[24.8278,41.756665],[24.828073,41.756762],[24.82829,41.756869],[24.828471,41.756997],[24.828639,41.757084],[24.829108,41.757438],[24.829159,41.757497],[24.829486,41.757688],[24.829885,41.757894],[24.830313,41.758215],[24.830579,41.758547],[24.830682,41.758714],[24.830959,41.759023],[24.831498,41.759491],[24.831629,41.759628],[24.831706,41.759832],[24.831725,41.760086],[24.831597,41.760712],[24.831545,41.760837],[24.831546,41.761398],[24.831649,41.762195],[24.831759,41.762474],[24.832356,41.763164],[24.83261,41.763411],[24.832793,41.763543],[24.832862,41.763616],[24.833351,41.763986],[24.833409,41.764046],[24.833649,41.764466],[24.833759,41.7646],[24.833844,41.764768],[24.834591,41.766034],[24.835041,41.766531],[24.835135,41.766683],[24.835199,41.766871],[24.835596,41.767432],[24.835758,41.76756],[24.836003,41.767673],[24.836664,41.767858],[24.836804,41.76792],[24.836918,41.768012],[24.837062,41.768179],[24.837117,41.768248],[24.837224,41.76859],[24.837297,41.769102],[24.837421,41.769355],[24.837677,41.769654],[24.837827,41.7698],[24.837896,41.769956],[24.83806,41.770209],[24.838481,41.769996],[24.838718,41.769897],[24.839319,41.76968],[24.839998,41.769498],[24.84024,41.769416],[24.840493,41.769283],[24.840945,41.768995],[24.84114,41.768854],[24.84125,41.768797],[24.841306,41.768778],[24.841455,41.768767],[24.841557,41.768735],[24.841901,41.768565],[24.842085,41.768508],[24.84217,41.76845],[24.842278,41.768409],[24.842536,41.768386],[24.842631,41.768355],[24.842955,41.768315],[24.843302,41.768225],[24.843345,41.76818],[24.843164,41.768094],[24.8431,41.767976],[24.843156,41.767738],[24.843258,41.767613],[24.84318,41.7674],[24.843118,41.767415],[24.843157,41.767351],[24.843154,41.767214],[24.843244,41.767065],[24.843225,41.766953],[24.843333,41.766939],[24.843275,41.766701],[24.843382,41.766363],[24.843383,41.766169],[24.843305,41.765979],[24.843172,41.765888],[24.843161,41.765795],[24.843686,41.765832],[24.84398,41.765828],[24.844136,41.765919],[24.8442,41.766005],[24.844375,41.766016],[24.844611,41.765872],[24.844745,41.765841],[24.844877,41.765661],[24.845123,41.765688],[24.845386,41.765912],[24.84579,41.765933],[24.845824,41.765925],[24.846177,41.766133],[24.846316,41.766199],[24.846415,41.766265],[24.846902,41.766496],[24.847273,41.766638],[24.847484,41.766774],[24.847906,41.766935],[24.848064,41.767016],[24.848211,41.767059],[24.848743,41.7671],[24.849015,41.767145],[24.849479,41.767254],[24.850013,41.767334],[24.850509,41.767321],[24.850719,41.767302],[24.850947,41.767262],[24.851155,41.767205],[24.85152,41.767072],[24.851694,41.766993],[24.851975,41.766923],[24.852221,41.766894],[24.852921,41.766876],[24.85309,41.766856],[24.853298,41.766756],[24.85342,41.766715],[24.853988,41.766691],[24.854218,41.766657],[24.854556,41.766599],[24.855252,41.766451],[24.855387,41.76639],[24.8557,41.766369],[24.855844,41.766342],[24.856219,41.766241],[24.856308,41.766203],[24.856445,41.766096],[24.856529,41.766067],[24.856664,41.766059],[24.856773,41.766026],[24.857187,41.765864],[24.857235,41.765827],[24.857216,41.765815],[24.857186,41.765817],[24.856903,41.76569],[24.856819,41.76568],[24.856776,41.765655],[24.856445,41.76535],[24.856347,41.765163],[24.856369,41.764983],[24.856634,41.764696],[24.856629,41.76457],[24.856533,41.764489],[24.856276,41.764399],[24.856195,41.764348],[24.856096,41.764204],[24.856045,41.763987],[24.856134,41.763783],[24.856223,41.763685],[24.856299,41.763632],[24.856369,41.763454],[24.856377,41.763112],[24.856464,41.762944],[24.856479,41.762814],[24.856435,41.76263],[24.856453,41.762355],[24.85643,41.762293],[24.856078,41.761977],[24.8559,41.761734],[24.855816,41.761482],[24.855491,41.761157],[24.855454,41.760998],[24.855447,41.760776],[24.855458,41.760651],[24.855501,41.760571],[24.855501,41.760465],[24.855485,41.760437],[24.855391,41.760353],[24.855336,41.76035],[24.855216,41.760354],[24.855147,41.760376],[24.854863,41.760398],[24.854817,41.760413],[24.854584,41.760417],[24.854411,41.760378],[24.854171,41.760252],[24.853697,41.760065],[24.85368,41.760028],[24.853702,41.759988],[24.853685,41.759958],[24.853645,41.759953],[24.853618,41.759926],[24.853605,41.75988],[24.85358,41.759389],[24.853487,41.759311],[24.853302,41.759246],[24.853147,41.759069],[24.85305,41.758899],[24.852893,41.758708],[24.852883,41.758657],[24.852819,41.758575],[24.852773,41.758551],[24.852774,41.758492],[24.852711,41.75843],[24.852668,41.758356],[24.85253,41.758296],[24.852544,41.758247],[24.852593,41.758197],[24.852514,41.758064],[24.852451,41.758034],[24.852191,41.757285],[24.852186,41.757231],[24.852155,41.757191],[24.852073,41.756981],[24.851961,41.756835],[24.851899,41.756798],[24.851715,41.756636],[24.851654,41.756551],[24.851653,41.756484],[24.851536,41.756327],[24.85148,41.756281],[24.851424,41.756176],[24.851339,41.755817],[24.851307,41.755524],[24.851293,41.754746],[24.851236,41.754282],[24.851209,41.753585],[24.851221,41.753478],[24.851473,41.753039],[24.851478,41.752861],[24.850846,41.752569],[24.850638,41.752404],[24.850556,41.752309],[24.850495,41.752169],[24.85034,41.751561],[24.85021,41.751413],[24.85011,41.75123],[24.850131,41.750558],[24.850115,41.750507],[24.85006,41.750445],[24.849626,41.750187],[24.849567,41.75012],[24.849166,41.749805],[24.849107,41.749741],[24.848921,41.749619],[24.848908,41.749505],[24.848872,41.749399],[24.848697,41.749105],[24.84851,41.748877],[24.848455,41.748741],[24.848288,41.748553],[24.848194,41.74847],[24.848071,41.7484],[24.847921,41.748232],[24.847872,41.748205],[24.847739,41.748078],[24.847581,41.747854],[24.847458,41.747742],[24.847136,41.747384],[24.847004,41.747274],[24.846887,41.747258],[24.84686,41.747239],[24.846875,41.747126],[24.84684,41.747097],[24.846683,41.747087],[24.846627,41.746958],[24.84641,41.746757],[24.846358,41.746677],[24.846368,41.746627],[24.846111,41.746346],[24.845856,41.746156],[24.845563,41.745907],[24.845346,41.745801],[24.845293,41.745752],[24.845014,41.74564],[24.8449,41.745576],[24.84473,41.745443],[24.844557,41.745246],[24.844469,41.745084],[24.844435,41.744909],[24.844523,41.74467],[24.844565,41.744617],[24.844556,41.744391],[24.844434,41.744234],[24.844357,41.74418],[24.844171,41.743948],[24.843986,41.743595],[24.843989,41.743259],[24.844041,41.743173],[24.844115,41.742962],[24.844185,41.742694],[24.844204,41.742514],[24.844188,41.742432],[24.844107,41.74236],[24.843911,41.742277],[24.842606,41.741866],[24.842257,41.741813],[24.841511,41.741807],[24.84135,41.741762],[24.840933,41.741689],[24.840193,41.741593],[24.84002,41.741559],[24.83988,41.741471],[24.839683,41.741201],[24.839639,41.741061],[24.839592,41.739917],[24.839554,41.739717],[24.839413,41.73946],[24.839274,41.739354],[24.839135,41.739218],[24.838938,41.739099],[24.838095,41.73872],[24.837929,41.738631],[24.83775,41.738494],[24.83752,41.738259],[24.837416,41.738093],[24.836964,41.737233],[24.836846,41.737041],[24.836716,41.736904],[24.836414,41.736765],[24.836171,41.736723],[24.835402,41.736668],[24.83515,41.736527],[24.834831,41.736001],[24.834626,41.735613],[24.834552,41.735432],[24.83448,41.735331],[24.834403,41.735274],[24.834186,41.735246],[24.834123,41.735296],[24.834225,41.735378],[24.834296,41.73547],[24.834315,41.735565],[24.834265,41.735611],[24.834121,41.735674],[24.833831,41.735757],[24.833708,41.735837],[24.833646,41.735903],[24.833583,41.736045],[24.833283,41.736284],[24.832924,41.736445],[24.832648,41.736514],[24.832471,41.736703],[24.832228,41.736915],[24.832455,41.737286],[24.832497,41.737404],[24.832466,41.737464],[24.832179,41.737666],[24.832334,41.737687],[24.832534,41.737671],[24.83266,41.737793],[24.832872,41.738214],[24.83323,41.738214],[24.832974,41.738572],[24.833206,41.738691],[24.833201,41.738766],[24.833131,41.73888],[24.833214,41.739061],[24.833259,41.739278],[24.833108,41.73932],[24.832972,41.7394],[24.83296,41.739213],[24.832924,41.739015],[24.832839,41.739125],[24.832704,41.739256],[24.832539,41.7395],[24.832363,41.73962],[24.832213,41.739652],[24.83212,41.739628],[24.831773,41.73947],[24.831758,41.739483],[24.831399,41.739487],[24.831322,41.739511],[24.831409,41.739735],[24.831278,41.73981],[24.831122,41.739857],[24.830909,41.739582],[24.83064,41.739576],[24.830059,41.739593],[24.829742,41.739642],[24.829541,41.739707],[24.829218,41.739772],[24.828434,41.740142],[24.828198,41.740215],[24.828118,41.740127],[24.828089,41.740019],[24.827963,41.739995],[24.827839,41.740042],[24.827683,41.740147],[24.827396,41.740289],[24.827309,41.740201],[24.827258,41.740029],[24.827633,41.738892],[24.826983,41.738926],[24.826605,41.738993],[24.826278,41.739069],[24.826088,41.739137],[24.825779,41.739221],[24.825579,41.739286],[24.825421,41.739361],[24.825081,41.739368],[24.824677,41.739309],[24.82424,41.739287],[24.823908,41.739369],[24.823785,41.739416],[24.823553,41.73944],[24.823386,41.739494],[24.823194,41.739511],[24.822975,41.739511],[24.823382,41.739485],[24.823549,41.739431],[24.82378,41.739408],[24.823903,41.739361],[24.824239,41.739278],[24.824679,41.7393],[24.825082,41.739359],[24.825417,41.739352],[24.825574,41.739278],[24.825772,41.739213],[24.826271,41.739056],[24.8266,41.73898],[24.82698,41.738912],[24.827565,41.738884],[24.827588,41.738829],[24.82753,41.738782],[24.827192,41.738712],[24.827155,41.738682]],[[24.845791,41.765587],[24.845823,41.765131],[24.845628,41.76494],[24.845297,41.764712],[24.845011,41.764567],[24.844936,41.764493],[24.844919,41.764325],[24.844812,41.764255],[24.844586,41.764155],[24.844502,41.764177],[24.844451,41.76449],[24.844348,41.764545],[24.844216,41.764448],[24.844132,41.764241],[24.84399,41.764232],[24.843834,41.764166],[24.843633,41.764213],[24.843503,41.76419],[24.843532,41.7641],[24.843772,41.763874],[24.844,41.763822],[24.844152,41.763861],[24.844417,41.763832],[24.844621,41.763834],[24.844864,41.763804],[24.844953,41.764026],[24.845101,41.764024],[24.845334,41.763991],[24.845519,41.763994],[24.845659,41.763953],[24.845739,41.763947],[24.845945,41.764083],[24.846144,41.764179],[24.846566,41.764333],[24.846333,41.764159],[24.846298,41.764049],[24.846364,41.76397],[24.846363,41.76368],[24.84643,41.763643],[24.846585,41.763631],[24.846713,41.76359],[24.846696,41.763152],[24.846528,41.763126],[24.846122,41.763016],[24.845527,41.762924],[24.845511,41.762869],[24.84546,41.762823],[24.845346,41.762782],[24.844608,41.762664],[24.844614,41.762522],[24.844438,41.762631],[24.844491,41.762755],[24.844622,41.762896],[24.844545,41.762977],[24.84433,41.763009],[24.843635,41.763013],[24.843436,41.762927],[24.843371,41.762749],[24.843065,41.762581],[24.842755,41.762531],[24.84238,41.762554],[24.842069,41.762663],[24.841834,41.762767],[24.841723,41.763031],[24.841517,41.763162],[24.841237,41.763264],[24.841105,41.763404],[24.840964,41.763426],[24.840847,41.763417],[24.840141,41.764001],[24.839635,41.764474],[24.839291,41.764736],[24.838942,41.764775],[24.838756,41.764727],[24.838357,41.76452],[24.838028,41.764663],[24.837802,41.764729],[24.837755,41.764843],[24.837569,41.764807],[24.83761,41.764445],[24.837418,41.764314],[24.837372,41.764211],[24.836998,41.76425],[24.83683,41.764188],[24.83681,41.764099],[24.836956,41.764048],[24.836998,41.763998],[24.837006,41.763805],[24.837246,41.763812],[24.837383,41.763642],[24.837636,41.763658],[24.837783,41.763621],[24.837958,41.763718],[24.838022,41.763594],[24.838164,41.763577],[24.838216,41.76372],[24.838429,41.763683],[24.838512,41.763781],[24.838617,41.763799],[24.838678,41.763759],[24.838838,41.763796],[24.838916,41.764216],[24.838973,41.76429],[24.839082,41.764209],[24.839153,41.763728],[24.839254,41.763573],[24.839408,41.763537],[24.83969,41.76319],[24.839669,41.763061],[24.839391,41.762739],[24.839451,41.762668],[24.839775,41.7626],[24.840085,41.762423],[24.840026,41.762297],[24.840007,41.762199],[24.840013,41.762057],[24.840083,41.76202],[24.84026,41.762007],[24.840512,41.761942],[24.840712,41.761946],[24.840713,41.761825],[24.84047,41.761408],[24.840139,41.760615],[24.84016,41.760516],[24.840366,41.760622],[24.8409,41.760788],[24.841788,41.760935],[24.842098,41.760955],[24.842188,41.760913],[24.842527,41.760897],[24.842638,41.760913],[24.842893,41.761015],[24.843018,41.761028],[24.844051,41.761001],[24.844267,41.761038],[24.844303,41.761057],[24.844314,41.761109],[24.844285,41.761147],[24.844274,41.761263],[24.844315,41.761296],[24.844506,41.761345],[24.844956,41.761337],[24.845026,41.761403],[24.845125,41.761549],[24.845252,41.761866],[24.84538,41.761968],[24.8456,41.76204],[24.845615,41.762115],[24.845563,41.762152],[24.845537,41.762202],[24.845543,41.762243],[24.845615,41.762354],[24.845706,41.762424],[24.84579,41.762531],[24.846034,41.762705],[24.846077,41.762766],[24.846311,41.762938],[24.846419,41.762987],[24.846647,41.763016],[24.847172,41.763002],[24.84767,41.762952],[24.848004,41.762948],[24.848208,41.762972],[24.848523,41.763076],[24.848696,41.763098],[24.849003,41.7631],[24.849533,41.763063],[24.850121,41.762917],[24.850386,41.762899],[24.8503,41.76264],[24.850466,41.762609],[24.850394,41.762431],[24.850481,41.76241],[24.850634,41.762536],[24.850748,41.762469],[24.850807,41.762471],[24.850911,41.762527],[24.850975,41.762509],[24.851001,41.76234],[24.85106,41.76225],[24.851141,41.762249],[24.851232,41.762062],[24.850968,41.761939],[24.850638,41.761893],[24.850199,41.761869],[24.850202,41.761784],[24.850098,41.761702],[24.850183,41.761672],[24.850326,41.761684],[24.850413,41.761676],[24.850444,41.76165],[24.850439,41.761625],[24.850302,41.761518],[24.850001,41.761507],[24.850006,41.76142],[24.850197,41.76139],[24.850266,41.761354],[24.850323,41.761351],[24.850385,41.761368],[24.850484,41.761445],[24.850638,41.761625],[24.850681,41.761703],[24.850728,41.761717],[24.850791,41.761709],[24.850818,41.761688],[24.850819,41.761609],[24.85087,41.761548],[24.85092,41.761541],[24.850924,41.761502],[24.850727,41.761382],[24.850638,41.761287],[24.850781,41.761269],[24.850952,41.761281],[24.85111,41.761309],[24.851164,41.761301],[24.851321,41.761166],[24.851396,41.761136],[24.851481,41.76112],[24.851634,41.761119],[24.851702,41.76116],[24.851638,41.761203],[24.851636,41.761255],[24.85169,41.761301],[24.851634,41.761359],[24.851364,41.761515],[24.85134,41.761568],[24.851475,41.76161],[24.851527,41.761563],[24.851661,41.761488],[24.851946,41.761573],[24.851925,41.761721],[24.851994,41.7618],[24.852083,41.761851],[24.852253,41.761686],[24.852476,41.761515],[24.852676,41.761389],[24.852767,41.761372],[24.852873,41.761426],[24.852875,41.761504],[24.853051,41.76146],[24.853073,41.761553],[24.85307,41.761618],[24.853043,41.761681],[24.852965,41.761708],[24.852805,41.761629],[24.852726,41.761836],[24.852846,41.761994],[24.852634,41.762134],[24.85241,41.76225],[24.852184,41.762332],[24.851974,41.762557],[24.851872,41.762697],[24.851868,41.762786],[24.851944,41.762865],[24.85208,41.762903],[24.8522,41.76306],[24.852244,41.763245],[24.852338,41.763273],[24.852506,41.7634],[24.852745,41.76363],[24.853442,41.763972],[24.853529,41.763927],[24.853686,41.764039],[24.853707,41.763959],[24.853691,41.763826],[24.853608,41.763712],[24.853388,41.763519],[24.853294,41.763374],[24.853253,41.763189],[24.853274,41.763143],[24.853378,41.763129],[24.853509,41.763159],[24.853573,41.763195],[24.853666,41.763282],[24.853833,41.763382],[24.853947,41.763482],[24.854133,41.763696],[24.854119,41.763825],[24.854038,41.763942],[24.854027,41.764013],[24.854036,41.764085],[24.854139,41.76433],[24.854127,41.764426],[24.854076,41.764418],[24.854049,41.764381],[24.853944,41.76417],[24.853863,41.764111],[24.853754,41.764115],[24.853775,41.764289],[24.853711,41.764515],[24.853668,41.76455],[24.853407,41.764563],[24.853249,41.764655],[24.852944,41.764777],[24.852938,41.765035],[24.852752,41.765142],[24.852047,41.765105],[24.851766,41.765062],[24.851793,41.764887],[24.851627,41.764884],[24.851468,41.764963],[24.851324,41.765006],[24.851198,41.765009],[24.851111,41.765032],[24.850984,41.765108],[24.850891,41.765196],[24.850766,41.765218],[24.850714,41.765207],[24.850506,41.765104],[24.849963,41.765163],[24.849716,41.765407],[24.849627,41.765606],[24.849597,41.765904],[24.849482,41.765999],[24.849455,41.766118],[24.849232,41.766363],[24.849261,41.766551],[24.849134,41.766611],[24.848973,41.766584],[24.84891,41.766501],[24.848832,41.766338],[24.848655,41.766288],[24.848615,41.766257],[24.848644,41.766168],[24.848845,41.766042],[24.848953,41.765946],[24.849142,41.765894],[24.849133,41.765795],[24.849058,41.765782],[24.848783,41.765934],[24.848747,41.765984],[24.848423,41.766052],[24.848299,41.766266],[24.848238,41.766296],[24.847821,41.766164],[24.847724,41.766205],[24.847384,41.766125],[24.847193,41.766098],[24.847002,41.766096],[24.846704,41.766208],[24.846574,41.766204],[24.846236,41.765957],[24.846033,41.765929],[24.845861,41.765946],[24.845791,41.765587]],[[24.83212,41.739628],[24.832161,41.739769],[24.832119,41.74026],[24.832027,41.7403],[24.831875,41.740263],[24.831862,41.739991],[24.831799,41.739829],[24.831976,41.739757],[24.83212,41.739628]],[[24.842032,41.759324],[24.842039,41.759127],[24.841838,41.758956],[24.841339,41.758646],[24.840997,41.758462],[24.840903,41.758384],[24.841073,41.758239],[24.841772,41.75781],[24.842199,41.757394],[24.842433,41.757091],[24.84256,41.75698],[24.842863,41.756833],[24.843241,41.756772],[24.843463,41.756819],[24.843491,41.756927],[24.843296,41.757048],[24.843372,41.757147],[24.843518,41.757075],[24.843838,41.757052],[24.843769,41.756735],[24.844076,41.756732],[24.844383,41.756708],[24.844532,41.756766],[24.844585,41.756904],[24.844524,41.756984],[24.84418,41.756988],[24.84396,41.75705],[24.843814,41.757151],[24.843818,41.75729],[24.843942,41.757308],[24.844076,41.757306],[24.844733,41.757525],[24.84494,41.757403],[24.845021,41.757235],[24.845189,41.756975],[24.845321,41.756884],[24.84553,41.756862],[24.845532,41.756951],[24.845399,41.757072],[24.845355,41.75726],[24.845177,41.757569],[24.845156,41.757727],[24.845244,41.757825],[24.845404,41.757823],[24.84561,41.757692],[24.845829,41.75758],[24.846,41.757548],[24.846162,41.757655],[24.84624,41.757813],[24.846401,41.75791],[24.84661,41.757878],[24.846843,41.757795],[24.8471,41.757822],[24.847299,41.757874],[24.847399,41.757957],[24.847665,41.757993],[24.848052,41.757978],[24.848122,41.757829],[24.848263,41.757788],[24.848502,41.757804],[24.848708,41.757901],[24.848697,41.75797],[24.848804,41.758033],[24.849049,41.75799],[24.849271,41.758022],[24.84942,41.758332],[24.849343,41.758437],[24.849504,41.758563],[24.849507,41.758707],[24.849258,41.75877],[24.849212,41.758948],[24.849097,41.759004],[24.84853,41.759031],[24.84817,41.759125],[24.847488,41.759163],[24.847337,41.759249],[24.847107,41.75941],[24.847034,41.759577],[24.847024,41.759676],[24.846694,41.760002],[24.846607,41.76028],[24.846506,41.760444],[24.846191,41.760339],[24.845891,41.760408],[24.84579,41.76031],[24.845661,41.760282],[24.845379,41.7603],[24.845395,41.76023],[24.846305,41.759655],[24.846612,41.759583],[24.8465,41.759511],[24.846239,41.759435],[24.846177,41.759371],[24.846218,41.759286],[24.846316,41.759271],[24.846166,41.759128],[24.8461,41.759022],[24.845921,41.75897],[24.845497,41.759035],[24.845269,41.759286],[24.844882,41.759606],[24.844683,41.759727],[24.844308,41.759771],[24.844166,41.759738],[24.843985,41.759602],[24.844542,41.759265],[24.843686,41.75933],[24.843375,41.759423],[24.84318,41.759543],[24.843305,41.759645],[24.843166,41.759776],[24.842905,41.759952],[24.842739,41.759934],[24.842541,41.759833],[24.842399,41.759859],[24.842309,41.759965],[24.842152,41.759753],[24.84185,41.759747],[24.841824,41.759664],[24.842032,41.759324]],[[24.841437,41.757792],[24.8412,41.757914],[24.841074,41.758034],[24.840982,41.758045],[24.840937,41.757705],[24.841045,41.7576],[24.840931,41.757443],[24.841003,41.757327],[24.841148,41.757252],[24.841143,41.757024],[24.841937,41.75651],[24.842053,41.756479],[24.842043,41.756572],[24.841706,41.757131],[24.841849,41.757233],[24.841872,41.757396],[24.841437,41.757792]],[[24.84352,41.75572],[24.844513,41.755492],[24.844626,41.755494],[24.844712,41.755572],[24.84472,41.755699],[24.844643,41.755811],[24.844406,41.755976],[24.84421,41.756013],[24.844106,41.755979],[24.84402,41.755834],[24.843674,41.755981],[24.843526,41.755983],[24.843456,41.755912],[24.843468,41.755805],[24.84352,41.75572]],[[24.844713,41.754894],[24.844674,41.754738],[24.844454,41.754687],[24.844265,41.754602],[24.844193,41.754469],[24.844136,41.754121],[24.844232,41.754001],[24.84442,41.754007],[24.844579,41.754139],[24.844718,41.75417],[24.844962,41.753982],[24.845035,41.753989],[24.845235,41.754098],[24.845401,41.754064],[24.845461,41.754098],[24.845483,41.753933],[24.845402,41.753863],[24.845209,41.753778],[24.845182,41.753708],[24.845248,41.753662],[24.845399,41.75362],[24.845656,41.753579],[24.846027,41.753424],[24.846226,41.753375],[24.846389,41.7534],[24.846559,41.753508],[24.846767,41.753581],[24.846962,41.753693],[24.847029,41.753828],[24.847001,41.753939],[24.846843,41.754099],[24.846663,41.754169],[24.846512,41.754254],[24.846529,41.754286],[24.846815,41.754404],[24.846972,41.754402],[24.847377,41.754508],[24.847928,41.754484],[24.848469,41.754509],[24.84856,41.754595],[24.848911,41.754642],[24.849057,41.754554],[24.84922,41.754639],[24.849367,41.754775],[24.849419,41.754961],[24.849628,41.755182],[24.849635,41.755239],[24.849605,41.755338],[24.849508,41.755357],[24.849415,41.755302],[24.849036,41.754919],[24.848742,41.754916],[24.84869,41.754879],[24.848716,41.754732],[24.848446,41.755044],[24.848362,41.755204],[24.848019,41.755256],[24.847562,41.755499],[24.847117,41.755821],[24.847035,41.756048],[24.847099,41.756131],[24.847028,41.75627],[24.846841,41.756417],[24.846836,41.756505],[24.846729,41.756641],[24.846491,41.756718],[24.846367,41.756695],[24.84615,41.756603],[24.846004,41.756635],[24.845879,41.756616],[24.84578,41.756514],[24.845789,41.75639],[24.84596,41.756369],[24.846045,41.756268],[24.846052,41.75605],[24.84584,41.75594],[24.845581,41.755646],[24.845495,41.755622],[24.8454,41.755515],[24.845415,41.755434],[24.845336,41.755435],[24.845277,41.75542],[24.845104,41.755592],[24.844911,41.755595],[24.84482,41.755632],[24.844993,41.755221],[24.844891,41.75506],[24.844713,41.754894]],[[24.836814,41.75856],[24.836571,41.758419],[24.836539,41.758336],[24.836599,41.758266],[24.836788,41.758214],[24.836921,41.758113],[24.83701,41.757944],[24.837296,41.758094],[24.837516,41.758286],[24.837357,41.758678],[24.837295,41.75876],[24.837268,41.758832],[24.837181,41.758941],[24.83701,41.75882],[24.836959,41.758717],[24.836817,41.758664],[24.836814,41.75856]],[[24.838286,41.755557],[24.838578,41.755403],[24.83875,41.755682],[24.838475,41.755872],[24.838342,41.756024],[24.838248,41.756163],[24.837952,41.756028],[24.837967,41.755815],[24.838101,41.755615],[24.838286,41.755557]],[[24.833691,41.747848],[24.833376,41.747922],[24.833205,41.747931],[24.832722,41.74786],[24.832577,41.747853],[24.833116,41.747699],[24.833199,41.74765],[24.833494,41.747397],[24.833528,41.747348],[24.833591,41.747161],[24.833801,41.747182],[24.833932,41.747276],[24.834001,41.747241],[24.834138,41.747201],[24.833714,41.747761],[24.833691,41.747848]],[[24.83338,41.747936],[24.833686,41.747863],[24.83368,41.747901],[24.83361,41.748001],[24.83353,41.748069],[24.833489,41.748127],[24.833181,41.748358],[24.833121,41.748421],[24.833085,41.74839],[24.832995,41.748377],[24.832887,41.748262],[24.832622,41.748094],[24.832315,41.747961],[24.8322,41.747899],[24.832189,41.747868],[24.832552,41.747863],[24.832718,41.747874],[24.833131,41.74794],[24.83338,41.747936]],[[24.831976,41.749105],[24.832091,41.74893],[24.832169,41.74885],[24.832274,41.748859],[24.832529,41.749034],[24.832564,41.7491],[24.832534,41.749217],[24.832465,41.749313],[24.832359,41.749396],[24.832182,41.749442],[24.832095,41.749419],[24.831973,41.749248],[24.831976,41.749105]],[[24.830295,41.75291],[24.830224,41.752792],[24.829744,41.752667],[24.829774,41.752513],[24.830882,41.752309],[24.830991,41.752359],[24.831041,41.752542],[24.830789,41.752987],[24.830263,41.753013],[24.830295,41.75291]],[[24.830789,41.752987],[24.831046,41.752552],[24.831079,41.752729],[24.831181,41.752732],[24.831322,41.752608],[24.831454,41.75236],[24.83141,41.752309],[24.831499,41.752209],[24.831539,41.75201],[24.831424,41.751815],[24.831381,41.751558],[24.831474,41.751289],[24.831677,41.751029],[24.83187,41.75082],[24.832215,41.750894],[24.832206,41.750993],[24.832259,41.751001],[24.832415,41.750531],[24.83247,41.750426],[24.832569,41.750308],[24.832681,41.750276],[24.832963,41.750277],[24.833232,41.750369],[24.833456,41.750502],[24.833423,41.750618],[24.833082,41.75088],[24.832902,41.751115],[24.832888,41.751185],[24.832927,41.751252],[24.832995,41.751289],[24.833113,41.751313],[24.833389,41.751311],[24.833564,41.751339],[24.833514,41.751262],[24.833492,41.751098],[24.833626,41.751017],[24.834001,41.750725],[24.834268,41.750574],[24.834574,41.750521],[24.834735,41.750579],[24.834887,41.750774],[24.834942,41.751011],[24.834961,41.751347],[24.834929,41.751566],[24.834701,41.751573],[24.83458,41.751624],[24.834548,41.751882],[24.834248,41.752162],[24.834274,41.752261],[24.833985,41.752502],[24.833948,41.75224],[24.833796,41.752064],[24.833092,41.752049],[24.832788,41.752105],[24.832413,41.75223],[24.832251,41.752319],[24.83219,41.752395],[24.832028,41.752534],[24.831938,41.752689],[24.831925,41.752783],[24.832161,41.752899],[24.832346,41.752896],[24.832492,41.752865],[24.832605,41.752943],[24.832324,41.753035],[24.832029,41.753204],[24.831689,41.753624],[24.831453,41.753813],[24.831207,41.753863],[24.831098,41.753801],[24.831003,41.753462],[24.831055,41.753406],[24.83126,41.753364],[24.83169,41.75324],[24.831685,41.753073],[24.831546,41.752914],[24.830789,41.752987]],[[24.833698,41.747905],[24.833737,41.747768],[24.834213,41.747139],[24.834249,41.747042],[24.834253,41.746937],[24.834304,41.746835],[24.834613,41.746666],[24.834962,41.746572],[24.835136,41.746558],[24.835255,41.746565],[24.835389,41.746593],[24.835864,41.746602],[24.835991,41.746615],[24.836251,41.746673],[24.836716,41.746737],[24.837029,41.746751],[24.83725,41.746695],[24.837669,41.746694],[24.837833,41.746711],[24.837964,41.746744],[24.838111,41.746801],[24.838314,41.746849],[24.838575,41.746935],[24.838813,41.746977],[24.839199,41.746998],[24.839377,41.746993],[24.839494,41.74698],[24.83956,41.746955],[24.839396,41.747229],[24.839277,41.747378],[24.838996,41.747645],[24.838892,41.74778],[24.838841,41.747877],[24.838821,41.747987],[24.838849,41.74807],[24.839011,41.748278],[24.839025,41.748362],[24.838984,41.748504],[24.838815,41.748675],[24.838519,41.749061],[24.838456,41.749178],[24.838107,41.749581],[24.838013,41.749674],[24.837812,41.749787],[24.837433,41.750125],[24.837377,41.750046],[24.837124,41.749035],[24.836861,41.748427],[24.837626,41.748023],[24.83757,41.747937],[24.837359,41.747831],[24.836665,41.747719],[24.835797,41.747686],[24.835555,41.747887],[24.8353,41.747999],[24.835217,41.748128],[24.835108,41.748208],[24.834948,41.74822],[24.834528,41.748146],[24.834368,41.748158],[24.834189,41.748378],[24.833834,41.748403],[24.833334,41.748647],[24.833102,41.748699],[24.832991,41.748661],[24.832992,41.748589],[24.833195,41.748366],[24.833503,41.748135],[24.833698,41.747905]],[[24.837348,41.750271],[24.837389,41.750181],[24.837732,41.749868],[24.837821,41.749793],[24.838021,41.749681],[24.838117,41.749586],[24.838467,41.749182],[24.83853,41.749064],[24.838825,41.748681],[24.838996,41.748508],[24.839271,41.748003],[24.839218,41.747816],[24.839359,41.747498],[24.839572,41.747099],[24.839791,41.747017],[24.840183,41.746953],[24.840637,41.746908],[24.840979,41.746805],[24.84131,41.746791],[24.841668,41.746885],[24.842103,41.747068],[24.841663,41.747075],[24.841861,41.747097],[24.842106,41.74716],[24.84252,41.747205],[24.842708,41.747187],[24.843045,41.747196],[24.843099,41.747264],[24.843226,41.747368],[24.843275,41.747435],[24.843417,41.747374],[24.843863,41.74729],[24.844195,41.747384],[24.844659,41.747325],[24.844832,41.747391],[24.844986,41.747498],[24.845157,41.747382],[24.845378,41.747286],[24.84553,41.747284],[24.84561,41.747327],[24.845601,41.74749],[24.845643,41.747593],[24.845571,41.747679],[24.845447,41.7477],[24.84539,41.747799],[24.845266,41.74784],[24.845188,41.747896],[24.845137,41.748015],[24.845054,41.74809],[24.844903,41.748127],[24.844747,41.748262],[24.844916,41.748425],[24.844911,41.748529],[24.844831,41.748796],[24.844703,41.748951],[24.844475,41.749325],[24.844276,41.749392],[24.844277,41.749436],[24.844408,41.74943],[24.844538,41.749402],[24.844567,41.749417],[24.844653,41.749676],[24.844673,41.749793],[24.844666,41.749857],[24.844622,41.749882],[24.844417,41.749881],[24.844359,41.749869],[24.844323,41.749661],[24.844294,41.749623],[24.843801,41.74983],[24.843638,41.749915],[24.843555,41.749941],[24.843294,41.749943],[24.84312,41.749891],[24.843178,41.749548],[24.843144,41.748615],[24.843081,41.748492],[24.842981,41.748387],[24.842975,41.748357],[24.843098,41.748322],[24.843304,41.748307],[24.843318,41.748288],[24.843163,41.74817],[24.843072,41.748123],[24.842846,41.748107],[24.842738,41.748077],[24.842538,41.747988],[24.842414,41.747961],[24.842296,41.74799],[24.842563,41.748135],[24.842671,41.748281],[24.842641,41.748401],[24.842512,41.748521],[24.841478,41.748845],[24.841365,41.748802],[24.841277,41.74867],[24.841189,41.748586],[24.8411,41.748395],[24.841164,41.748345],[24.841408,41.748342],[24.841817,41.748371],[24.841721,41.74821],[24.841691,41.748057],[24.841498,41.74797],[24.841491,41.747921],[24.841639,41.747766],[24.84165,41.747677],[24.841093,41.747625],[24.840788,41.747668],[24.840665,41.74771],[24.840704,41.747797],[24.840966,41.747943],[24.840993,41.748061],[24.840959,41.74819],[24.840614,41.748195],[24.840358,41.748237],[24.840157,41.748597],[24.839837,41.748448],[24.839735,41.748573],[24.83963,41.748812],[24.839587,41.74909],[24.839581,41.749357],[24.839597,41.749554],[24.839501,41.749674],[24.839273,41.749727],[24.839155,41.749781],[24.83914,41.749956],[24.838803,41.750326],[24.838189,41.750597],[24.837896,41.75069],[24.837665,41.750831],[24.837508,41.750992],[24.837295,41.750756],[24.837298,41.750616],[24.837311,41.750618],[24.837348,41.75052],[24.837348,41.750271]],[[24.835407,41.74562],[24.835623,41.745788],[24.83486,41.745815],[24.835304,41.745582],[24.835407,41.74562]],[[24.83083,41.753527],[24.830751,41.753727],[24.830636,41.753835],[24.830562,41.753856],[24.830493,41.75384],[24.830457,41.753786],[24.830422,41.753541],[24.830347,41.753459],[24.830311,41.753388],[24.830364,41.753375],[24.830479,41.753441],[24.830602,41.753475],[24.83081,41.753496],[24.83083,41.753527]],[[24.838073,41.754784],[24.837511,41.754775],[24.837721,41.754496],[24.837834,41.75428],[24.83784,41.754082],[24.838286,41.754204],[24.83807,41.754682],[24.838073,41.754784]],[[24.826174,41.751742],[24.825674,41.751804],[24.825504,41.751268],[24.825898,41.751263],[24.826044,41.751213],[24.8262,41.751544],[24.826174,41.751742]],[[24.836842,41.755438],[24.836994,41.755673],[24.836914,41.755892],[24.836806,41.756032],[24.836585,41.756025],[24.836594,41.755876],[24.836675,41.755677],[24.836696,41.755489],[24.836691,41.755262],[24.837156,41.754592],[24.837352,41.75462],[24.837161,41.75483],[24.83684,41.755319],[24.836842,41.755438]],[[24.830897,41.743037],[24.830784,41.742979],[24.830708,41.742887],[24.8307,41.742793],[24.830731,41.742714],[24.831003,41.742508],[24.831272,41.742731],[24.831746,41.743027],[24.831649,41.743078],[24.831451,41.743085],[24.831289,41.743109],[24.831053,41.74318],[24.830897,41.743037]],[[24.838779,41.759389],[24.838745,41.759567],[24.838544,41.759639],[24.83835,41.759731],[24.838206,41.759901],[24.837657,41.759566],[24.837966,41.75935],[24.83808,41.759234],[24.838238,41.759143],[24.838467,41.75921],[24.838779,41.759389]],[[24.829216,41.742941],[24.829245,41.74306],[24.829085,41.743284],[24.828706,41.743412],[24.828468,41.743435],[24.828265,41.743491],[24.828192,41.743438],[24.828164,41.743365],[24.828219,41.743152],[24.828227,41.742899],[24.828569,41.742891],[24.828864,41.742842],[24.829029,41.74285],[24.829216,41.742941]],[[24.841087,41.749742],[24.841299,41.74976],[24.841374,41.749848],[24.841369,41.750185],[24.841424,41.750421],[24.841515,41.750618],[24.841581,41.750845],[24.841523,41.750975],[24.841425,41.751006],[24.841227,41.750978],[24.840978,41.750783],[24.840541,41.750659],[24.840514,41.750541],[24.840743,41.750351],[24.840991,41.749862],[24.841087,41.749742]],[[24.83832,41.760359],[24.838453,41.760205],[24.838535,41.759788],[24.838736,41.759692],[24.839022,41.759584],[24.839509,41.759597],[24.839522,41.759642],[24.83919,41.759928],[24.839169,41.760047],[24.839281,41.76013],[24.839239,41.760195],[24.839014,41.760287],[24.838903,41.760545],[24.838983,41.760636],[24.839079,41.760792],[24.83908,41.760915],[24.839157,41.761095],[24.839173,41.761237],[24.839135,41.761293],[24.83905,41.761309],[24.838885,41.761212],[24.838863,41.761168],[24.83894,41.761075],[24.83896,41.760994],[24.838944,41.760778],[24.838923,41.760717],[24.838812,41.760631],[24.838623,41.760405],[24.838531,41.760426],[24.838375,41.760611],[24.83829,41.760652],[24.838141,41.760574],[24.838163,41.760451],[24.83832,41.760359]],[[24.829954,41.741337],[24.829898,41.741225],[24.829895,41.741076],[24.830048,41.740837],[24.830198,41.740731],[24.830246,41.740603],[24.83051,41.74054],[24.830691,41.740409],[24.830945,41.740268],[24.831115,41.740251],[24.831222,41.740303],[24.831224,41.740392],[24.831129,41.740547],[24.831124,41.740666],[24.831162,41.740838],[24.831053,41.740953],[24.83083,41.741055],[24.830589,41.741191],[24.830324,41.741387],[24.830074,41.741435],[24.829954,41.741337]],[[24.83637,41.755352],[24.836343,41.75555],[24.836333,41.755877],[24.836297,41.755941],[24.836041,41.756023],[24.835786,41.756181],[24.835731,41.756178],[24.835712,41.756142],[24.83571,41.756053],[24.835762,41.755647],[24.835842,41.755404],[24.836105,41.754883],[24.836149,41.754635],[24.836509,41.754541],[24.836912,41.754296],[24.836942,41.754499],[24.836871,41.754653],[24.8365,41.755143],[24.83637,41.755352]],[[24.835974,41.744985],[24.835874,41.745038],[24.835524,41.745299],[24.835374,41.745316],[24.835251,41.745349],[24.835083,41.745427],[24.834855,41.745497],[24.834772,41.745485],[24.834626,41.745365],[24.834546,41.745267],[24.834252,41.745128],[24.834288,41.744957],[24.834428,41.744848],[24.83456,41.744827],[24.834687,41.744751],[24.834835,41.744598],[24.835017,41.744565],[24.835358,41.744663],[24.835724,41.744867],[24.835954,41.74495],[24.835974,41.744985]],[[24.819889,41.742012],[24.820132,41.741894],[24.820402,41.741677],[24.821072,41.74168],[24.821274,41.741955],[24.821335,41.741994],[24.821354,41.742176],[24.821399,41.742255],[24.821652,41.742513],[24.821754,41.742911],[24.821711,41.742971],[24.821662,41.742967],[24.821228,41.742728],[24.820606,41.742434],[24.820334,41.742413],[24.820235,41.742548],[24.81993,41.742391],[24.820184,41.74225],[24.819974,41.742102],[24.819889,41.742012]],[[24.843174,41.754729],[24.843431,41.754788],[24.843403,41.754891],[24.843409,41.75504],[24.843377,41.755156],[24.843221,41.755466],[24.843117,41.755633],[24.842714,41.755638],[24.842591,41.755617],[24.842251,41.755601],[24.84174,41.755659],[24.841307,41.755506],[24.840743,41.755366],[24.840713,41.75532],[24.840829,41.755219],[24.841429,41.755243],[24.841989,41.755208],[24.842284,41.75511],[24.842291,41.754955],[24.842241,41.754827],[24.842259,41.754764],[24.842533,41.754673],[24.843174,41.754729]],[[24.835465,41.762404],[24.835373,41.762371],[24.835306,41.762373],[24.835258,41.762389],[24.835219,41.76243],[24.835226,41.762472],[24.835396,41.762516],[24.835336,41.762581],[24.835335,41.76268],[24.835318,41.762716],[24.835066,41.762693],[24.834918,41.762642],[24.834793,41.76264],[24.834718,41.762601],[24.834636,41.762597],[24.83459,41.762559],[24.834534,41.762431],[24.834606,41.762359],[24.83462,41.762323],[24.834595,41.762298],[24.834489,41.762268],[24.834377,41.762122],[24.834372,41.762056],[24.83444,41.762006],[24.834724,41.762022],[24.834945,41.76198],[24.835055,41.761898],[24.835047,41.76177],[24.835055,41.76173],[24.835085,41.761709],[24.835101,41.761603],[24.835062,41.761503],[24.834983,41.76141],[24.834952,41.761332],[24.834962,41.761298],[24.835013,41.761248],[24.835178,41.761155],[24.835206,41.76112],[24.835201,41.761063],[24.83517,41.761039],[24.835165,41.761003],[24.835184,41.760915],[24.835177,41.760858],[24.835204,41.760817],[24.835282,41.760775],[24.835454,41.76072],[24.835491,41.760692],[24.835505,41.760577],[24.835542,41.760549],[24.835694,41.760523],[24.835776,41.760412],[24.835878,41.760343],[24.835962,41.76035],[24.836362,41.760311],[24.83662,41.760342],[24.836501,41.760241],[24.836584,41.760077],[24.836845,41.75994],[24.837061,41.759972],[24.837242,41.760114],[24.83735,41.760236],[24.837358,41.760349],[24.837225,41.760399],[24.837678,41.760606],[24.837716,41.760724],[24.837885,41.760994],[24.837696,41.761101],[24.837212,41.761181],[24.836832,41.761225],[24.836661,41.761262],[24.836592,41.761365],[24.836582,41.761732],[24.836507,41.762247],[24.836593,41.762479],[24.836784,41.762546],[24.836983,41.762764],[24.837,41.76284],[24.836972,41.762871],[24.836917,41.762888],[24.836759,41.762868],[24.836704,41.762873],[24.83662,41.762907],[24.836587,41.762946],[24.836559,41.763058],[24.836509,41.76309],[24.836402,41.763102],[24.836246,41.763046],[24.836103,41.763075],[24.835925,41.763088],[24.835742,41.763063],[24.835642,41.763019],[24.835631,41.762975],[24.835758,41.76288],[24.83572,41.762776],[24.835784,41.762603],[24.835649,41.7626],[24.835465,41.762404]],[[24.834797,41.75416],[24.835756,41.754148],[24.836724,41.754007],[24.836241,41.753798],[24.835752,41.753554],[24.835451,41.753333],[24.835235,41.753138],[24.835615,41.752491],[24.835769,41.7523],[24.835863,41.752216],[24.836153,41.752049],[24.836506,41.751786],[24.836601,41.751762],[24.83685,41.751785],[24.837192,41.751784],[24.837266,41.751736],[24.837654,41.751346],[24.838348,41.75119],[24.838437,41.75123],[24.838625,41.751393],[24.83893,41.751564],[24.83926,41.751481],[24.839642,41.751496],[24.839791,41.751563],[24.839596,41.751644],[24.839327,41.751727],[24.839223,41.75182],[24.839922,41.751994],[24.840228,41.751862],[24.840498,41.751805],[24.840595,41.751824],[24.84061,41.751863],[24.840314,41.752164],[24.840205,41.752219],[24.840087,41.75222],[24.839572,41.752501],[24.839282,41.752722],[24.839309,41.75285],[24.839299,41.752949],[24.838996,41.753102],[24.838836,41.753123],[24.838674,41.753026],[24.838499,41.75286],[24.838412,41.752895],[24.837909,41.753476],[24.837432,41.753899],[24.836974,41.754232],[24.836286,41.754211],[24.835551,41.754348],[24.835306,41.754371],[24.834826,41.754357],[24.834797,41.75416]],[[24.84463,41.765017],[24.844764,41.764985],[24.844907,41.765033],[24.845152,41.765292],[24.845216,41.765415],[24.845079,41.765579],[24.844913,41.765543],[24.844698,41.765564],[24.844677,41.765427],[24.844383,41.765005],[24.844194,41.764765],[24.84423,41.764699],[24.844392,41.764812],[24.84463,41.765017]]]]},"properties":{"cadreg":202}},{"type":"Feature","geometry":{"type":"MultiPolygon","coordinates":[[[[24.910836,41.720491],[24.910728,41.720605],[24.910626,41.720674],[24.910525,41.720771],[24.910321,41.721093],[24.91025,41.721168],[24.909845,41.721431],[24.909646,41.721523],[24.909502,41.72155],[24.90935,41.721873],[24.909313,41.722048],[24.909242,41.722175],[24.909041,41.722463],[24.908941,41.722543],[24.908796,41.722713],[24.908724,41.722831],[24.908493,41.723086],[24.908254,41.723258],[24.908,41.723358],[24.907892,41.723422],[24.907596,41.723631],[24.907343,41.723788],[24.90722,41.723956],[24.907114,41.724016],[24.90696,41.724183],[24.90636,41.724647],[24.906117,41.724997],[24.906055,41.725061],[24.905838,41.725205],[24.905644,41.725434],[24.905637,41.725589],[24.905496,41.725744],[24.905477,41.725797],[24.905506,41.726102],[24.905489,41.726163],[24.905715,41.726157],[24.905866,41.726104],[24.906351,41.725756],[24.90693,41.725388],[24.906997,41.725311],[24.907249,41.725204],[24.907615,41.725149],[24.907721,41.725111],[24.90812,41.724899],[24.908641,41.724452],[24.908979,41.724127],[24.909157,41.724003],[24.909489,41.723839],[24.909627,41.723679],[24.909724,41.723644],[24.909925,41.723621],[24.910164,41.723688],[24.910445,41.723795],[24.910735,41.723873],[24.910988,41.723875],[24.911141,41.723747],[24.911347,41.723696],[24.912016,41.723715],[24.912484,41.723705],[24.912349,41.723191],[24.912332,41.722977],[24.912098,41.722317],[24.911854,41.721305],[24.911741,41.721095],[24.911579,41.720862],[24.911503,41.720695],[24.911488,41.720598],[24.91148,41.720426],[24.911509,41.720325],[24.91156,41.720236],[24.911853,41.719909],[24.91188,41.719842],[24.911585,41.719925],[24.911199,41.720078],[24.911097,41.720144],[24.910836,41.720491]]],[[[24.906381,41.728256],[24.906466,41.728152],[24.906522,41.728176],[24.90644,41.728271],[24.906308,41.728851],[24.906329,41.728961],[24.906368,41.729008],[24.906401,41.72889],[24.906667,41.728469],[24.906783,41.728335],[24.906885,41.728253],[24.907361,41.727942],[24.908158,41.727504],[24.908905,41.727191],[24.909093,41.727028],[24.909368,41.726833],[24.910191,41.726357],[24.910394,41.72623],[24.910431,41.726184],[24.910207,41.726155],[24.909845,41.726142],[24.909677,41.726075],[24.909568,41.725971],[24.909478,41.725914],[24.90894,41.725741],[24.90856,41.725572],[24.90821,41.725463],[24.907956,41.72547],[24.907641,41.725556],[24.907458,41.725559],[24.907267,41.725589],[24.907161,41.725657],[24.906884,41.725738],[24.906592,41.725785],[24.906335,41.725792],[24.90588,41.726119],[24.905722,41.726175],[24.905482,41.726181],[24.905066,41.726664],[24.904981,41.726748],[24.904901,41.726792],[24.904747,41.72682],[24.904503,41.726821],[24.904172,41.726903],[24.904009,41.726964],[24.903831,41.727112],[24.903767,41.72724],[24.903597,41.727493],[24.903414,41.727685],[24.903361,41.727837],[24.903208,41.727983],[24.902803,41.728274],[24.902787,41.728429],[24.902701,41.728569],[24.902518,41.728697],[24.90202,41.728949],[24.901722,41.729148],[24.901554,41.729327],[24.901476,41.729545],[24.901104,41.729956],[24.90097,41.730066],[24.900629,41.730277],[24.900405,41.730376],[24.899742,41.730746],[24.899376,41.730871],[24.899131,41.730978],[24.89901,41.731076],[24.898914,41.731185],[24.898808,41.731364],[24.898763,41.731485],[24.898541,41.731862],[24.898341,41.731984],[24.898342,41.731941],[24.898195,41.732051],[24.8982,41.732113],[24.898114,41.732243],[24.89816,41.732305],[24.898188,41.732634],[24.898181,41.732751],[24.898087,41.733092],[24.897928,41.733326],[24.897799,41.733454],[24.89768,41.73385],[24.897605,41.734352],[24.89745,41.734527],[24.897394,41.734568],[24.897485,41.734634],[24.897826,41.734779],[24.897816,41.734797],[24.898062,41.734917],[24.898255,41.734981],[24.898611,41.735034],[24.898868,41.73503],[24.899296,41.734983],[24.899832,41.73483],[24.900807,41.734508],[24.900981,41.734598],[24.901113,41.734711],[24.901258,41.734949],[24.901479,41.73518],[24.901542,41.735281],[24.901647,41.735396],[24.901845,41.735512],[24.902112,41.735596],[24.902659,41.735655],[24.902836,41.7357],[24.903333,41.735721],[24.90378,41.735825],[24.904087,41.735878],[24.904489,41.736025],[24.904799,41.736056],[24.904796,41.736016],[24.904697,41.735928],[24.904219,41.73556],[24.904055,41.7354],[24.903876,41.735326],[24.903712,41.735222],[24.903537,41.735095],[24.903474,41.735027],[24.903448,41.734882],[24.903472,41.734628],[24.903606,41.734335],[24.903692,41.734],[24.903738,41.73393],[24.903756,41.733722],[24.903483,41.733452],[24.903376,41.73327],[24.903346,41.73297],[24.903358,41.732809],[24.903433,41.732576],[24.903567,41.732461],[24.903656,41.732313],[24.903775,41.731975],[24.904084,41.731646],[24.904215,41.731557],[24.904463,41.731432],[24.904703,41.731211],[24.905099,41.73094],[24.905673,41.73065],[24.905915,41.730469],[24.906,41.730321],[24.906037,41.730161],[24.906041,41.729988],[24.906078,41.729857],[24.906138,41.729753],[24.906421,41.729468],[24.906382,41.729078],[24.906322,41.729038],[24.906271,41.728978],[24.906248,41.728849],[24.906366,41.728385],[24.906381,41.728256]]],[[[24.913574,41.721659],[24.913591,41.721463],[24.913656,41.721216],[24.91364,41.721038],[24.913371,41.72084],[24.913162,41.720662],[24.912905,41.720332],[24.912774,41.72008],[24.912754,41.719949],[24.912766,41.719851],[24.912848,41.71962],[24.912863,41.71949],[24.912857,41.719361],[24.912789,41.719134],[24.912542,41.719403],[24.912412,41.719494],[24.912336,41.719698],[24.912217,41.719819],[24.912094,41.719896],[24.911862,41.719986],[24.911711,41.720148],[24.911567,41.720423],[24.911559,41.720552],[24.911589,41.720649],[24.911814,41.720988],[24.911908,41.7212],[24.91198,41.721544],[24.912083,41.721667],[24.912128,41.721952],[24.912202,41.722228],[24.912341,41.722596],[24.912501,41.723149],[24.912517,41.723269],[24.912599,41.723551],[24.912631,41.723788],[24.912462,41.724012],[24.912247,41.724232],[24.911566,41.724697],[24.911469,41.724805],[24.91137,41.724936],[24.911183,41.725248],[24.911017,41.725418],[24.910704,41.725822],[24.910668,41.725886],[24.910602,41.726153],[24.910505,41.72628],[24.91024,41.726456],[24.909662,41.726743],[24.909297,41.727],[24.90919,41.727093],[24.908945,41.727252],[24.908502,41.727463],[24.907961,41.727671],[24.907395,41.727979],[24.90683,41.728362],[24.906724,41.728486],[24.906528,41.728781],[24.906459,41.728903],[24.90644,41.728987],[24.906502,41.72907],[24.906576,41.729264],[24.906599,41.729487],[24.906535,41.729574],[24.906262,41.729856],[24.906191,41.729984],[24.906162,41.730071],[24.906154,41.730237],[24.906084,41.730466],[24.906036,41.730536],[24.905918,41.730635],[24.905434,41.730892],[24.905157,41.731085],[24.904798,41.731296],[24.904741,41.731339],[24.904453,41.73167],[24.904168,41.731838],[24.903991,41.73201],[24.903781,41.732435],[24.903567,41.732725],[24.903587,41.73327],[24.903795,41.733431],[24.903983,41.733602],[24.903996,41.733806],[24.903967,41.73399],[24.903827,41.734255],[24.903792,41.734409],[24.903695,41.734633],[24.903656,41.734825],[24.903665,41.734946],[24.903857,41.735113],[24.904054,41.735196],[24.904299,41.73535],[24.904454,41.735537],[24.904675,41.735668],[24.90472,41.735708],[24.904759,41.735778],[24.904893,41.735908],[24.90504,41.736013],[24.905047,41.736082],[24.905228,41.736161],[24.905721,41.736465],[24.90581,41.736551],[24.90597,41.736664],[24.906532,41.737031],[24.906957,41.737103],[24.907491,41.737359],[24.907831,41.737492],[24.908491,41.737588],[24.908718,41.737595],[24.909006,41.737638],[24.909315,41.737773],[24.90987,41.738122],[24.909852,41.738155],[24.909708,41.738271],[24.909691,41.738489],[24.909781,41.738767],[24.909793,41.73896],[24.909691,41.739347],[24.909615,41.739746],[24.909458,41.740127],[24.909227,41.740454],[24.908776,41.7408],[24.908476,41.740927],[24.908422,41.740978],[24.90832,41.741138],[24.908328,41.741181],[24.908383,41.741198],[24.908528,41.741197],[24.908663,41.741245],[24.908732,41.741335],[24.908737,41.741426],[24.908718,41.741463],[24.908468,41.741541],[24.908372,41.741614],[24.908297,41.741702],[24.908263,41.741777],[24.908257,41.741979],[24.90817,41.742169],[24.908058,41.74232],[24.907857,41.742516],[24.907783,41.742542],[24.907654,41.742525],[24.907564,41.742532],[24.907427,41.742645],[24.907354,41.742777],[24.90725,41.742902],[24.907206,41.742926],[24.906955,41.743021],[24.906586,41.743079],[24.906562,41.743121],[24.90663,41.74324],[24.906651,41.743522],[24.90667,41.743565],[24.906527,41.743609],[24.906405,41.743693],[24.906088,41.743989],[24.905837,41.744288],[24.905765,41.744338],[24.90569,41.744375],[24.905579,41.744399],[24.90542,41.744399],[24.905322,41.744347],[24.905207,41.744215],[24.905131,41.744169],[24.904979,41.744172],[24.904868,41.744139],[24.904813,41.744101],[24.904307,41.744105],[24.903715,41.744056],[24.903353,41.744193],[24.903252,41.74422],[24.90301,41.744244],[24.902922,41.744286],[24.902869,41.744361],[24.902879,41.74454],[24.90286,41.744602],[24.902804,41.744637],[24.902717,41.744651],[24.902588,41.744629],[24.902481,41.744384],[24.902345,41.744159],[24.902322,41.743978],[24.90215,41.743866],[24.901905,41.743785],[24.901817,41.743784],[24.901671,41.743862],[24.901652,41.744133],[24.901584,41.744197],[24.901572,41.744241],[24.901587,41.744278],[24.9017,41.744345],[24.90177,41.744407],[24.901745,41.744457],[24.901698,41.74447],[24.901484,41.744472],[24.901329,41.744452],[24.90125,41.744422],[24.901105,41.744394],[24.900914,41.744303],[24.900653,41.744243],[24.900451,41.744222],[24.900368,41.744182],[24.900318,41.744209],[24.90031,41.744264],[24.900189,41.744335],[24.900156,41.744322],[24.900071,41.744206],[24.900061,41.744087],[24.89998,41.743952],[24.899901,41.743893],[24.899834,41.743877],[24.899788,41.743873],[24.899636,41.743908],[24.899448,41.743988],[24.899384,41.744028],[24.899334,41.744088],[24.899528,41.744245],[24.899769,41.744395],[24.89985,41.744506],[24.900073,41.744686],[24.900144,41.744733],[24.900338,41.744772],[24.900376,41.744897],[24.900505,41.745013],[24.90057,41.745029],[24.900791,41.745178],[24.901198,41.745337],[24.901429,41.745473],[24.90182,41.745652],[24.901935,41.745682],[24.902095,41.745796],[24.902196,41.745895],[24.902318,41.74594],[24.902502,41.745958],[24.902586,41.746085],[24.902728,41.746061],[24.902791,41.746081],[24.902792,41.74617],[24.902689,41.746244],[24.902676,41.746278],[24.902688,41.746317],[24.902792,41.746456],[24.902919,41.746502],[24.903158,41.746518],[24.903508,41.746495],[24.903509,41.746376],[24.90354,41.746252],[24.903617,41.746163],[24.903834,41.746033],[24.904218,41.745865],[24.904339,41.745789],[24.904603,41.745685],[24.904916,41.745462],[24.905013,41.74545],[24.905156,41.745389],[24.905314,41.745345],[24.905511,41.745257],[24.905766,41.745094],[24.905868,41.744987],[24.905997,41.744753],[24.906085,41.744547],[24.906401,41.744231],[24.906693,41.744009],[24.907079,41.743815],[24.90733,41.743554],[24.907391,41.743513],[24.908428,41.742829],[24.908624,41.742744],[24.908948,41.742572],[24.90926,41.742286],[24.909449,41.742187],[24.909789,41.741957],[24.910144,41.741508],[24.910444,41.741181],[24.91069,41.740997],[24.910912,41.74088],[24.911464,41.740535],[24.91216,41.739954],[24.912319,41.739733],[24.912365,41.739513],[24.912642,41.738836],[24.912708,41.738616],[24.912856,41.738298],[24.912817,41.737563],[24.912813,41.737109],[24.912819,41.736884],[24.912867,41.736665],[24.912873,41.735826],[24.912805,41.735408],[24.912796,41.734897],[24.912737,41.734652],[24.912607,41.73439],[24.912488,41.733994],[24.9124,41.733829],[24.912292,41.733538],[24.912241,41.733093],[24.912209,41.732976],[24.912105,41.732846],[24.912074,41.732726],[24.912025,41.732728],[24.911847,41.732547],[24.911765,41.732384],[24.911733,41.732264],[24.911775,41.731849],[24.911869,41.731576],[24.91201,41.731042],[24.912284,41.730372],[24.912393,41.730047],[24.912604,41.729751],[24.9128,41.729266],[24.912837,41.729078],[24.912851,41.728868],[24.912898,41.728748],[24.913148,41.728321],[24.913412,41.727928],[24.913576,41.727604],[24.913725,41.727216],[24.91404,41.726855],[24.914072,41.726748],[24.914047,41.72652],[24.914066,41.726331],[24.914202,41.726072],[24.914374,41.72584],[24.914563,41.725486],[24.914708,41.725074],[24.914734,41.724923],[24.91475,41.724669],[24.914724,41.724173],[24.914634,41.72386],[24.914522,41.723677],[24.914324,41.723435],[24.914148,41.723295],[24.91401,41.723044],[24.913922,41.722807],[24.913834,41.722639],[24.913753,41.722406],[24.91369,41.722026],[24.9136,41.721824],[24.913574,41.721659]]]]},"properties":{"cadreg":203}},{"type":"Feature","geometry":{"type":"Polygon","coordinates":[[[24.899517,41.708273],[24.898771,41.708742],[24.898445,41.709005],[24.898107,41.709193],[24.897757,41.709352],[24.897619,41.709434],[24.89738,41.709536],[24.896874,41.709865],[24.896447,41.710089],[24.896367,41.710172],[24.896226,41.710392],[24.895895,41.71059],[24.895445,41.710755],[24.895181,41.710901],[24.89488,41.711009],[24.893773,41.711529],[24.892958,41.711927],[24.892741,41.712074],[24.892646,41.712178],[24.892435,41.712533],[24.892217,41.712795],[24.892086,41.713003],[24.892029,41.71315],[24.891945,41.713297],[24.891415,41.7139],[24.891029,41.713856],[24.89054,41.713846],[24.890062,41.713756],[24.889892,41.713707],[24.889772,41.713695],[24.889516,41.713709],[24.889169,41.713705],[24.889007,41.713684],[24.88829,41.713644],[24.888084,41.713613],[24.887588,41.713615],[24.887163,41.713534],[24.887012,41.713523],[24.886734,41.713566],[24.885855,41.713576],[24.885702,41.713553],[24.885313,41.713949],[24.885036,41.714112],[24.884914,41.714165],[24.884755,41.714173],[24.884628,41.714138],[24.884093,41.71383],[24.883686,41.713648],[24.883497,41.713586],[24.883155,41.713546],[24.88308,41.713807],[24.882895,41.714107],[24.882635,41.714649],[24.882456,41.715252],[24.882261,41.715755],[24.88222,41.715955],[24.882179,41.716054],[24.881937,41.716323],[24.881828,41.716415],[24.88148,41.716663],[24.880734,41.717239],[24.880719,41.717225],[24.880619,41.717281],[24.880477,41.717438],[24.880332,41.71755],[24.880224,41.71768],[24.880129,41.717844],[24.880061,41.717909],[24.879918,41.717952],[24.879841,41.718005],[24.879839,41.718042],[24.879943,41.718045],[24.880004,41.718093],[24.88008,41.718111],[24.88028,41.718297],[24.880325,41.718363],[24.880437,41.718625],[24.880581,41.719058],[24.880721,41.719246],[24.880807,41.719476],[24.88092,41.719583],[24.881088,41.71987],[24.881196,41.719978],[24.881252,41.720094],[24.881379,41.720205],[24.881575,41.7203],[24.881794,41.720314],[24.881904,41.720302],[24.882349,41.720171],[24.882628,41.720047],[24.882722,41.720023],[24.883198,41.719987],[24.883305,41.720004],[24.883396,41.720054],[24.883525,41.720065],[24.883636,41.72002],[24.883843,41.720007],[24.884187,41.71989],[24.88437,41.719714],[24.884449,41.719609],[24.884521,41.719582],[24.884578,41.719578],[24.884701,41.719594],[24.884863,41.71966],[24.885059,41.719811],[24.885253,41.719918],[24.885344,41.719925],[24.88554,41.719897],[24.88568,41.71986],[24.885816,41.719863],[24.885897,41.719886],[24.886463,41.720238],[24.886525,41.720307],[24.886565,41.720453],[24.8866,41.721214],[24.886655,41.721552],[24.88677,41.72189],[24.886849,41.72234],[24.886946,41.722603],[24.887032,41.722738],[24.887137,41.722849],[24.887397,41.723024],[24.888182,41.72341],[24.888792,41.723773],[24.888946,41.723846],[24.889465,41.724217],[24.889608,41.724352],[24.889912,41.724758],[24.890086,41.725095],[24.890271,41.725316],[24.890289,41.725374],[24.890265,41.72543],[24.890194,41.725429],[24.890164,41.725394],[24.889737,41.72476],[24.889578,41.724483],[24.889361,41.724251],[24.88868,41.723822],[24.887522,41.723251],[24.887116,41.722978],[24.886875,41.722765],[24.886771,41.722631],[24.886722,41.722515],[24.886652,41.721988],[24.88659,41.721855],[24.886538,41.721466],[24.886462,41.721217],[24.886444,41.72091],[24.886453,41.720448],[24.886431,41.720385],[24.886226,41.7202],[24.885758,41.71995],[24.885626,41.719969],[24.885403,41.720042],[24.885226,41.720049],[24.88502,41.719977],[24.884924,41.71992],[24.88468,41.7197],[24.884559,41.719681],[24.884472,41.71975],[24.884369,41.719867],[24.88417,41.720003],[24.884107,41.720037],[24.883817,41.720132],[24.883671,41.720133],[24.883286,41.720088],[24.883133,41.7201],[24.882818,41.720146],[24.88212,41.720377],[24.881932,41.720414],[24.881627,41.72042],[24.881425,41.720408],[24.881293,41.720338],[24.881087,41.720104],[24.880977,41.719906],[24.880796,41.719676],[24.88036,41.718809],[24.880195,41.71843],[24.879974,41.718134],[24.879916,41.71809],[24.879838,41.718087],[24.879766,41.71834],[24.879417,41.718899],[24.879312,41.719153],[24.879138,41.719468],[24.878967,41.719682],[24.878876,41.71984],[24.878555,41.720174],[24.878344,41.720344],[24.878088,41.720608],[24.878035,41.720697],[24.877974,41.720917],[24.877829,41.721163],[24.877733,41.72126],[24.877573,41.721489],[24.877458,41.721561],[24.877374,41.721638],[24.877377,41.721729],[24.877461,41.721868],[24.87748,41.721943],[24.877457,41.72202],[24.877251,41.722117],[24.877175,41.722187],[24.877127,41.722147],[24.876969,41.722076],[24.876536,41.72195],[24.876209,41.721799],[24.875956,41.721653],[24.875791,41.721509],[24.875486,41.721359],[24.875096,41.721006],[24.875079,41.72094],[24.875097,41.720802],[24.87531,41.720417],[24.875333,41.720261],[24.875321,41.720216],[24.87504,41.719874],[24.875012,41.719763],[24.875018,41.719519],[24.875106,41.719115],[24.875151,41.718983],[24.875412,41.718463],[24.875457,41.718299],[24.875526,41.718163],[24.87558,41.718063],[24.875736,41.717875],[24.875772,41.717807],[24.875768,41.717738],[24.875707,41.717602],[24.875741,41.717427],[24.875718,41.717425],[24.875683,41.717603],[24.875744,41.717741],[24.875748,41.717804],[24.875714,41.717867],[24.87556,41.718054],[24.875504,41.718156],[24.875434,41.718294],[24.875388,41.718458],[24.875296,41.71866],[24.875128,41.718978],[24.875082,41.719112],[24.874993,41.719517],[24.874989,41.719764],[24.875017,41.719881],[24.87518,41.720068],[24.875298,41.720223],[24.875309,41.720262],[24.875286,41.720413],[24.875067,41.720789],[24.875055,41.720941],[24.875074,41.721013],[24.875229,41.721155],[24.87519,41.721182],[24.874826,41.720974],[24.873982,41.720643],[24.8737,41.720472],[24.873417,41.720222],[24.873207,41.720084],[24.873146,41.719841],[24.873027,41.719601],[24.873016,41.719479],[24.873002,41.71948],[24.873015,41.719603],[24.873134,41.719844],[24.873193,41.720079],[24.8731,41.720022],[24.873009,41.719934],[24.872856,41.71986],[24.872622,41.719707],[24.872849,41.719866],[24.873001,41.719941],[24.873091,41.720029],[24.873233,41.720109],[24.873403,41.720231],[24.873689,41.720482],[24.873971,41.720657],[24.874813,41.72099],[24.875174,41.721196],[24.875306,41.721294],[24.87554,41.721396],[24.875775,41.721523],[24.875939,41.721667],[24.876196,41.721815],[24.876525,41.721966],[24.876958,41.722092],[24.877111,41.722162],[24.877332,41.722377],[24.877391,41.722469],[24.87747,41.722671],[24.877534,41.722765],[24.877747,41.722989],[24.877905,41.723106],[24.878104,41.723365],[24.878251,41.723678],[24.878304,41.723857],[24.878358,41.724236],[24.878367,41.724523],[24.878404,41.724635],[24.87876,41.725012],[24.878854,41.725211],[24.878938,41.725451],[24.878981,41.725813],[24.879014,41.725919],[24.879158,41.726095],[24.879331,41.726255],[24.87939,41.726363],[24.879424,41.726666],[24.879515,41.726882],[24.879575,41.727181],[24.879589,41.727372],[24.879663,41.727683],[24.879696,41.728019],[24.879686,41.728439],[24.879798,41.728731],[24.879622,41.729021],[24.879586,41.729163],[24.879369,41.729507],[24.879281,41.729702],[24.879145,41.730068],[24.879137,41.730205],[24.879163,41.730418],[24.879206,41.730554],[24.879301,41.730753],[24.879351,41.731034],[24.879495,41.731556],[24.879573,41.731717],[24.879831,41.732127],[24.879995,41.732288],[24.880135,41.732457],[24.880389,41.732821],[24.880517,41.733087],[24.880609,41.73351],[24.880673,41.733646],[24.880803,41.733817],[24.881202,41.734245],[24.881393,41.734382],[24.881627,41.734544],[24.882032,41.734734],[24.882274,41.734908],[24.882573,41.735051],[24.882887,41.735708],[24.883018,41.735936],[24.883474,41.736532],[24.883667,41.736712],[24.883704,41.737058],[24.883645,41.737232],[24.883642,41.737364],[24.883716,41.737876],[24.883804,41.738085],[24.883826,41.738206],[24.884,41.738494],[24.884422,41.739046],[24.884627,41.739425],[24.884735,41.739796],[24.884762,41.739761],[24.884662,41.739418],[24.88454,41.739183],[24.884455,41.739033],[24.884032,41.738482],[24.883862,41.738202],[24.883839,41.738078],[24.883751,41.737869],[24.883678,41.737363],[24.88368,41.737236],[24.883737,41.737066],[24.883729,41.736846],[24.883701,41.736701],[24.88349,41.736501],[24.88305,41.735925],[24.882921,41.735698],[24.8826,41.735033],[24.882296,41.734887],[24.882054,41.734713],[24.88165,41.734522],[24.881418,41.734363],[24.881231,41.734227],[24.880833,41.733802],[24.880706,41.733635],[24.880644,41.733502],[24.880552,41.733079],[24.880423,41.732811],[24.880167,41.732443],[24.879862,41.732112],[24.879558,41.731616],[24.879475,41.731372],[24.87942,41.731129],[24.879708,41.730917],[24.880527,41.730415],[24.881161,41.730101],[24.88193,41.72964],[24.88241,41.729455],[24.882441,41.729557],[24.882499,41.729945],[24.882493,41.730146],[24.882455,41.730343],[24.882464,41.730444],[24.882726,41.730822],[24.882777,41.731293],[24.882711,41.731333],[24.882692,41.731368],[24.882722,41.731449],[24.882843,41.731572],[24.882773,41.731569],[24.882665,41.731501],[24.882594,41.731583],[24.882599,41.73168],[24.882757,41.731732],[24.883107,41.731815],[24.883347,41.731908],[24.88356,41.731916],[24.88366,41.731908],[24.883832,41.731859],[24.883899,41.731798],[24.883905,41.731676],[24.884332,41.731684],[24.884529,41.731671],[24.884972,41.731519],[24.885273,41.731437],[24.885559,41.731421],[24.885825,41.731457],[24.886197,41.7316],[24.886866,41.732025],[24.887134,41.732359],[24.887358,41.732748],[24.887556,41.732899],[24.888041,41.733354],[24.888335,41.733554],[24.888444,41.733607],[24.888725,41.733683],[24.889028,41.733736],[24.88962,41.733748],[24.889753,41.733759],[24.890099,41.733845],[24.890285,41.733832],[24.890401,41.733843],[24.890603,41.733949],[24.890853,41.734024],[24.891725,41.734022],[24.891855,41.734009],[24.891937,41.73396],[24.891989,41.733906],[24.891997,41.733853],[24.891884,41.733728],[24.89201,41.733691],[24.892019,41.733578],[24.892106,41.733525],[24.892274,41.733337],[24.892513,41.733234],[24.892621,41.732934],[24.892679,41.732388],[24.893228,41.732048],[24.893511,41.731724],[24.893668,41.731678],[24.893673,41.731629],[24.893617,41.731514],[24.893586,41.731396],[24.8936,41.731304],[24.89367,41.731299],[24.893867,41.73133],[24.89394,41.731278],[24.893966,41.731129],[24.893954,41.731025],[24.893728,41.730955],[24.893673,41.730917],[24.893677,41.730839],[24.893713,41.730732],[24.893791,41.730729],[24.89396,41.730803],[24.894032,41.730796],[24.894153,41.730734],[24.894246,41.73076],[24.894396,41.73093],[24.894494,41.731071],[24.894582,41.731019],[24.894626,41.730911],[24.894677,41.730856],[24.894719,41.730915],[24.894654,41.731059],[24.89465,41.731104],[24.894876,41.731246],[24.894851,41.73131],[24.894812,41.731349],[24.894793,41.731415],[24.895062,41.731408],[24.895191,41.731419],[24.895481,41.731531],[24.895579,41.731484],[24.895664,41.731487],[24.895814,41.731547],[24.8961,41.731702],[24.896287,41.731837],[24.896546,41.731971],[24.896713,41.732038],[24.897336,41.732112],[24.897446,41.732152],[24.897565,41.732227],[24.897655,41.73226],[24.897922,41.732261],[24.898065,41.732238],[24.898195,41.732051],[24.898342,41.731941],[24.898341,41.731984],[24.898541,41.731862],[24.898763,41.731485],[24.898808,41.731364],[24.898914,41.731185],[24.89901,41.731076],[24.899131,41.730978],[24.899376,41.730871],[24.899742,41.730746],[24.900405,41.730376],[24.900629,41.730277],[24.90097,41.730066],[24.901104,41.729956],[24.901476,41.729545],[24.901554,41.729327],[24.901722,41.729148],[24.90202,41.728949],[24.902518,41.728697],[24.902701,41.728569],[24.902787,41.728429],[24.902803,41.728274],[24.903208,41.727983],[24.903361,41.727837],[24.903414,41.727685],[24.903597,41.727493],[24.903767,41.72724],[24.903831,41.727112],[24.904009,41.726964],[24.904341,41.726857],[24.904503,41.726821],[24.904821,41.726815],[24.904901,41.726792],[24.904981,41.726748],[24.905482,41.726181],[24.905722,41.726175],[24.90588,41.726119],[24.906335,41.725792],[24.906949,41.725399],[24.907014,41.725324],[24.907257,41.725221],[24.907622,41.725166],[24.907732,41.725127],[24.908136,41.724913],[24.90866,41.724463],[24.908996,41.72414],[24.909171,41.724017],[24.909508,41.723851],[24.909643,41.723693],[24.909731,41.723661],[24.909923,41.72364],[24.910153,41.723704],[24.910436,41.723812],[24.910731,41.723891],[24.911108,41.723935],[24.911467,41.724081],[24.911936,41.724199],[24.911943,41.724182],[24.911478,41.724066],[24.911116,41.723918],[24.910941,41.723893],[24.910998,41.723893],[24.911156,41.723762],[24.911351,41.723714],[24.912016,41.723733],[24.912446,41.723724],[24.912445,41.723706],[24.912016,41.723715],[24.911347,41.723696],[24.911141,41.723747],[24.910988,41.723875],[24.910735,41.723873],[24.910445,41.723795],[24.910164,41.723688],[24.909925,41.723621],[24.909724,41.723644],[24.909627,41.723679],[24.909489,41.723839],[24.909157,41.724003],[24.908979,41.724127],[24.908641,41.724452],[24.90812,41.724899],[24.907721,41.725111],[24.907615,41.725149],[24.907249,41.725204],[24.906997,41.725311],[24.90693,41.725388],[24.906351,41.725756],[24.905866,41.726104],[24.905715,41.726157],[24.905489,41.726163],[24.905506,41.726102],[24.905477,41.725797],[24.905496,41.725744],[24.905637,41.725589],[24.905644,41.725434],[24.905838,41.725205],[24.906055,41.725061],[24.906117,41.724997],[24.90636,41.724647],[24.90696,41.724183],[24.907114,41.724016],[24.90722,41.723956],[24.907343,41.723788],[24.907596,41.723631],[24.907892,41.723422],[24.908,41.723358],[24.908254,41.723258],[24.908493,41.723086],[24.908724,41.722831],[24.908796,41.722713],[24.908941,41.722543],[24.909041,41.722463],[24.909242,41.722175],[24.909313,41.722048],[24.90935,41.721873],[24.909502,41.72155],[24.909646,41.721523],[24.909845,41.721431],[24.91025,41.721168],[24.910321,41.721093],[24.910525,41.720771],[24.910626,41.720674],[24.910728,41.720605],[24.910836,41.720491],[24.911097,41.720144],[24.911199,41.720078],[24.911332,41.720022],[24.911585,41.719925],[24.91188,41.719842],[24.911911,41.719765],[24.911995,41.719676],[24.912165,41.719587],[24.912495,41.719374],[24.912657,41.719211],[24.912762,41.719078],[24.912655,41.718918],[24.912441,41.718682],[24.912305,41.718499],[24.912119,41.718292],[24.911796,41.717979],[24.911274,41.717268],[24.910757,41.716735],[24.910167,41.715978],[24.909806,41.715573],[24.909702,41.715408],[24.909511,41.715161],[24.909261,41.714895],[24.909132,41.714701],[24.908871,41.714398],[24.908618,41.714032],[24.908421,41.713672],[24.90824,41.713407],[24.908146,41.713313],[24.907898,41.71312],[24.907462,41.712595],[24.907159,41.712318],[24.906803,41.712094],[24.906236,41.711854],[24.90594,41.711746],[24.904593,41.711015],[24.904072,41.710625],[24.903782,41.710434],[24.903117,41.710309],[24.902862,41.710219],[24.902648,41.710101],[24.902345,41.709875],[24.902082,41.709547],[24.901818,41.709335],[24.901103,41.70881],[24.900747,41.708574],[24.900329,41.708254],[24.89991,41.707897],[24.899517,41.708273]]]},"properties":{"cadreg":204}},{"type":"Feature","geometry":{"type":"Polygon","coordinates":[[[24.849598,41.686653],[24.849021,41.686801],[24.848593,41.686985],[24.848468,41.687329],[24.848468,41.687428],[24.848561,41.687609],[24.848632,41.687988],[24.848626,41.688365],[24.84865,41.688558],[24.848632,41.688646],[24.848555,41.688837],[24.848477,41.689103],[24.848207,41.689467],[24.848118,41.68957],[24.84808,41.689572],[24.848249,41.689322],[24.848331,41.689232],[24.848376,41.689117],[24.848389,41.688982],[24.848442,41.68887],[24.848554,41.688706],[24.848535,41.688696],[24.84842,41.688863],[24.848365,41.688979],[24.848352,41.689114],[24.848309,41.689224],[24.848228,41.689312],[24.848057,41.689565],[24.847969,41.689746],[24.847766,41.690192],[24.847756,41.690312],[24.847772,41.690549],[24.847745,41.690668],[24.847446,41.691143],[24.84735,41.69143],[24.847224,41.691591],[24.846888,41.691847],[24.846449,41.692213],[24.845939,41.692677],[24.845848,41.692845],[24.845666,41.693033],[24.84545,41.693191],[24.845075,41.693408],[24.844741,41.693531],[24.844199,41.693674],[24.844063,41.693732],[24.843676,41.693804],[24.843343,41.69389],[24.843193,41.693988],[24.84303,41.694043],[24.84276,41.694104],[24.842639,41.69416],[24.842546,41.694223],[24.842134,41.694664],[24.842003,41.69487],[24.841797,41.695096],[24.841639,41.695188],[24.841393,41.695295],[24.841184,41.695408],[24.840871,41.695653],[24.840663,41.695886],[24.840538,41.695985],[24.840164,41.696207],[24.839779,41.696563],[24.839449,41.69701],[24.83934,41.697129],[24.839269,41.697174],[24.839213,41.697057],[24.839206,41.696852],[24.839011,41.696612],[24.838896,41.696404],[24.838734,41.696048],[24.838632,41.695577],[24.838546,41.695327],[24.838508,41.694867],[24.838259,41.694298],[24.838245,41.69412],[24.838301,41.694003],[24.838401,41.693894],[24.838776,41.693573],[24.838826,41.693491],[24.83882,41.693315],[24.838876,41.693214],[24.839262,41.692934],[24.839545,41.692671],[24.839674,41.692594],[24.840037,41.692464],[24.840436,41.692407],[24.840697,41.692305],[24.840919,41.692241],[24.841346,41.692175],[24.84157,41.692122],[24.841737,41.692056],[24.841948,41.691943],[24.8421,41.691791],[24.84231,41.691617],[24.842437,41.691468],[24.842524,41.691413],[24.842641,41.691374],[24.842914,41.691333],[24.842909,41.691315],[24.842634,41.691357],[24.842512,41.691397],[24.842418,41.691456],[24.84229,41.691606],[24.842082,41.691779],[24.84193,41.69193],[24.841862,41.691977],[24.841561,41.692105],[24.84134,41.692158],[24.840912,41.692224],[24.840687,41.692289],[24.840428,41.69239],[24.840029,41.692446],[24.839718,41.692551],[24.839528,41.692658],[24.839244,41.692921],[24.838856,41.693203],[24.838796,41.693311],[24.838802,41.693488],[24.838756,41.693563],[24.838382,41.693883],[24.838279,41.693993],[24.838221,41.694117],[24.838219,41.694211],[24.838271,41.694403],[24.838484,41.694871],[24.838522,41.695331],[24.838608,41.69558],[24.838732,41.696117],[24.838989,41.696621],[24.839137,41.696789],[24.839193,41.696899],[24.83919,41.697059],[24.839247,41.697183],[24.839073,41.697311],[24.839035,41.697377],[24.839006,41.697522],[24.838948,41.697632],[24.838775,41.697813],[24.838381,41.697941],[24.838275,41.698004],[24.838205,41.698136],[24.838103,41.698251],[24.837813,41.698341],[24.837687,41.698416],[24.837499,41.698597],[24.837095,41.698881],[24.836857,41.699115],[24.836642,41.699232],[24.836506,41.699359],[24.836397,41.699543],[24.836237,41.699699],[24.83615,41.699899],[24.836109,41.699935],[24.835962,41.699982],[24.835801,41.700095],[24.835708,41.70021],[24.835502,41.700325],[24.835083,41.700398],[24.834918,41.700405],[24.834686,41.700376],[24.83439,41.700428],[24.834194,41.700437],[24.834045,41.70047],[24.833908,41.700543],[24.833416,41.70087],[24.833158,41.70124],[24.833135,41.701359],[24.833154,41.701499],[24.833255,41.701681],[24.833338,41.70188],[24.833529,41.702058],[24.833559,41.702222],[24.833533,41.702404],[24.83342,41.70255],[24.833173,41.702725],[24.832724,41.702945],[24.832577,41.703039],[24.832562,41.703091],[24.83269,41.70331],[24.832692,41.70345],[24.832594,41.703564],[24.8324,41.703672],[24.832348,41.703834],[24.832357,41.704079],[24.832213,41.704281],[24.832198,41.704396],[24.832241,41.704493],[24.832721,41.705151],[24.832824,41.705323],[24.833003,41.705518],[24.83309,41.705656],[24.833245,41.706069],[24.833319,41.706185],[24.833393,41.706371],[24.83341,41.70649],[24.83332,41.706664],[24.833277,41.706789],[24.833315,41.707029],[24.833403,41.707292],[24.833424,41.707504],[24.833415,41.707679],[24.833192,41.708182],[24.833071,41.70838],[24.832594,41.708847],[24.832234,41.709113],[24.831978,41.709498],[24.831669,41.709812],[24.831487,41.710025],[24.831452,41.710137],[24.831497,41.710217],[24.831565,41.710288],[24.831866,41.710462],[24.832212,41.710781],[24.832473,41.710949],[24.832521,41.711041],[24.832547,41.711151],[24.832656,41.711211],[24.832666,41.71148],[24.832602,41.711585],[24.832319,41.711813],[24.832116,41.711954],[24.832129,41.712195],[24.832176,41.712465],[24.832249,41.712743],[24.83226,41.713024],[24.832288,41.713118],[24.832536,41.713596],[24.832669,41.713777],[24.832828,41.714058],[24.833057,41.714331],[24.833654,41.714786],[24.834338,41.715129],[24.834972,41.715516],[24.835275,41.715757],[24.835824,41.716042],[24.835865,41.716101],[24.836198,41.716388],[24.836347,41.716485],[24.836422,41.716514],[24.83661,41.716543],[24.836759,41.716535],[24.837189,41.716443],[24.837453,41.716358],[24.837821,41.71616],[24.838087,41.716046],[24.838265,41.715993],[24.838483,41.715968],[24.838876,41.715964],[24.839117,41.715995],[24.839547,41.716151],[24.839924,41.716315],[24.840064,41.716362],[24.840301,41.7164],[24.840445,41.716444],[24.840515,41.716493],[24.840695,41.716701],[24.840811,41.716743],[24.840925,41.71677],[24.841172,41.716769],[24.84151,41.716718],[24.841393,41.71698],[24.841381,41.717179],[24.84145,41.717679],[24.84147,41.718522],[24.841452,41.718525],[24.841437,41.718932],[24.841456,41.719075],[24.841545,41.719314],[24.841182,41.71933],[24.841088,41.719303],[24.840887,41.719279],[24.840656,41.719581],[24.84038,41.720011],[24.840318,41.72015],[24.840359,41.720201],[24.840182,41.720214],[24.840154,41.720253],[24.840174,41.720284],[24.840288,41.72032],[24.840449,41.720321],[24.840629,41.720543],[24.840798,41.720709],[24.840957,41.720899],[24.841337,41.721248],[24.841564,41.721408],[24.841628,41.721353],[24.841721,41.721189],[24.841788,41.72115],[24.842199,41.721114],[24.842541,41.721015],[24.842579,41.721064],[24.842617,41.721336],[24.84255,41.721352],[24.842627,41.721405],[24.842682,41.721562],[24.842708,41.72192],[24.842961,41.721928],[24.843173,41.721974],[24.843255,41.722107],[24.843314,41.722265],[24.843221,41.722454],[24.843076,41.722604],[24.84305,41.722795],[24.843248,41.722913],[24.843755,41.723285],[24.844154,41.723505],[24.844809,41.724028],[24.845041,41.724177],[24.846127,41.724743],[24.846376,41.72489],[24.846959,41.725168],[24.847214,41.724964],[24.847405,41.72476],[24.847548,41.724715],[24.847579,41.724659],[24.847739,41.724621],[24.847906,41.724615],[24.847997,41.724659],[24.848022,41.724693],[24.848058,41.724697],[24.848118,41.724613],[24.848275,41.724484],[24.848396,41.724341],[24.84865,41.724141],[24.848711,41.724075],[24.848831,41.723836],[24.848928,41.723694],[24.84915,41.723521],[24.849416,41.72322],[24.849434,41.72316],[24.849424,41.722935],[24.849411,41.722844],[24.849361,41.722757],[24.849345,41.722691],[24.849379,41.722491],[24.849394,41.722228],[24.849595,41.722068],[24.849692,41.722024],[24.849854,41.721999],[24.849991,41.721934],[24.850678,41.721552],[24.850815,41.721447],[24.850913,41.721321],[24.85097,41.721214],[24.850982,41.720996],[24.850957,41.720845],[24.850873,41.720707],[24.850854,41.720614],[24.85132,41.720565],[24.852138,41.720585],[24.852852,41.720565],[24.852955,41.720535],[24.853352,41.720344],[24.853736,41.720209],[24.853891,41.720199],[24.853888,41.720181],[24.85373,41.720191],[24.85334,41.720328],[24.852944,41.720519],[24.852847,41.720547],[24.852137,41.720567],[24.851318,41.720547],[24.850851,41.720596],[24.850857,41.720492],[24.850965,41.720261],[24.851037,41.720174],[24.851386,41.71987],[24.851497,41.719753],[24.851664,41.719648],[24.851957,41.719373],[24.852257,41.719151],[24.852348,41.719041],[24.8525,41.718911],[24.852811,41.718596],[24.853238,41.718248],[24.853592,41.717924],[24.854251,41.717487],[24.855187,41.717966],[24.855091,41.717817],[24.855286,41.717809],[24.855418,41.71782],[24.855634,41.717917],[24.855712,41.71807],[24.856133,41.718138],[24.856813,41.718169],[24.857695,41.718302],[24.858788,41.718523],[24.859203,41.718634],[24.859249,41.719559],[24.85921,41.719732],[24.859141,41.719894],[24.859115,41.720056],[24.859211,41.720233],[24.859444,41.720315],[24.85976,41.72032],[24.859911,41.72029],[24.860111,41.720224],[24.86031,41.720132],[24.860577,41.719935],[24.860697,41.719878],[24.860984,41.719798],[24.86131,41.719678],[24.86145,41.719582],[24.86149,41.719535],[24.861593,41.719295],[24.861638,41.719238],[24.861735,41.719193],[24.861858,41.719161],[24.862019,41.719146],[24.8622,41.719148],[24.8625,41.719221],[24.862887,41.719211],[24.863063,41.719232],[24.863429,41.719431],[24.863243,41.719418],[24.862883,41.719436],[24.862553,41.719481],[24.862311,41.719566],[24.86185,41.719808],[24.861052,41.720259],[24.860572,41.720496],[24.860214,41.720616],[24.859799,41.720695],[24.858642,41.720839],[24.8586,41.720974],[24.858607,41.721256],[24.85858,41.721466],[24.858498,41.721783],[24.858411,41.721985],[24.858134,41.722389],[24.858013,41.722597],[24.85794,41.72293],[24.858116,41.722974],[24.858351,41.72307],[24.858571,41.723184],[24.8588,41.723327],[24.859065,41.723548],[24.859079,41.723625],[24.859304,41.723824],[24.859161,41.723775],[24.859307,41.724086],[24.859427,41.724181],[24.859776,41.72427],[24.859978,41.724242],[24.860214,41.724049],[24.86031,41.723996],[24.860451,41.723956],[24.860532,41.723912],[24.860593,41.723702],[24.860696,41.723641],[24.86083,41.723634],[24.861007,41.723684],[24.861179,41.723767],[24.86149,41.723743],[24.861632,41.723762],[24.862101,41.723958],[24.86229,41.72402],[24.862549,41.724072],[24.863181,41.723932],[24.864416,41.723806],[24.864801,41.723684],[24.864999,41.723643],[24.865442,41.723604],[24.865659,41.723598],[24.866367,41.723387],[24.866621,41.723324],[24.866974,41.723197],[24.867135,41.722985],[24.867188,41.722829],[24.867546,41.722294],[24.867623,41.722038],[24.867793,41.721797],[24.868187,41.721447],[24.868451,41.721312],[24.868698,41.721233],[24.868636,41.721138],[24.868602,41.720964],[24.868526,41.720968],[24.868637,41.720916],[24.869147,41.720872],[24.869731,41.720749],[24.869936,41.720642],[24.870193,41.720453],[24.870283,41.720355],[24.870428,41.72008],[24.870399,41.719706],[24.870407,41.719506],[24.870456,41.719349],[24.870807,41.718984],[24.870951,41.718551],[24.870983,41.718627],[24.871117,41.718377],[24.871282,41.718239],[24.871451,41.718151],[24.871839,41.717808],[24.872039,41.717713],[24.87207,41.717709],[24.872103,41.719827],[24.872413,41.7199],[24.87295,41.719917],[24.872849,41.719866],[24.872629,41.719702],[24.872856,41.71986],[24.873009,41.719934],[24.8731,41.720022],[24.873193,41.720079],[24.873134,41.719844],[24.873015,41.719603],[24.873002,41.71948],[24.873016,41.719479],[24.873027,41.719601],[24.873146,41.719841],[24.873207,41.720084],[24.873417,41.720222],[24.8737,41.720472],[24.873982,41.720643],[24.874826,41.720974],[24.87519,41.721182],[24.875229,41.721155],[24.875074,41.721013],[24.875055,41.720941],[24.875067,41.720789],[24.875286,41.720413],[24.875309,41.720262],[24.875298,41.720223],[24.87518,41.720068],[24.875017,41.719881],[24.874989,41.719764],[24.874993,41.719517],[24.875082,41.719112],[24.875128,41.718978],[24.875296,41.71866],[24.875388,41.718458],[24.875434,41.718294],[24.875504,41.718156],[24.87556,41.718054],[24.875714,41.717867],[24.875748,41.717804],[24.875744,41.717741],[24.875683,41.717603],[24.875718,41.717425],[24.875741,41.717427],[24.875707,41.717602],[24.875768,41.717738],[24.875772,41.717807],[24.875736,41.717875],[24.87558,41.718063],[24.875526,41.718163],[24.875457,41.718299],[24.875412,41.718463],[24.875151,41.718983],[24.875106,41.719115],[24.875018,41.719519],[24.875012,41.719763],[24.87504,41.719874],[24.875321,41.720216],[24.875333,41.720261],[24.87531,41.720417],[24.875135,41.720715],[24.875097,41.720802],[24.875079,41.72094],[24.875096,41.721006],[24.875486,41.721359],[24.875791,41.721509],[24.875956,41.721653],[24.876209,41.721799],[24.876536,41.72195],[24.876969,41.722076],[24.877127,41.722147],[24.877175,41.722187],[24.877251,41.722117],[24.877457,41.72202],[24.87748,41.721943],[24.877461,41.721868],[24.877377,41.721729],[24.877374,41.721638],[24.877458,41.721561],[24.877573,41.721489],[24.877733,41.72126],[24.877829,41.721163],[24.877974,41.720917],[24.878035,41.720697],[24.878088,41.720608],[24.878344,41.720344],[24.878555,41.720174],[24.878876,41.71984],[24.878967,41.719682],[24.879138,41.719468],[24.879312,41.719153],[24.879417,41.718899],[24.879766,41.71834],[24.879838,41.718087],[24.879916,41.71809],[24.879974,41.718134],[24.880195,41.71843],[24.88036,41.718809],[24.880796,41.719676],[24.880977,41.719906],[24.881087,41.720104],[24.881218,41.720268],[24.881293,41.720338],[24.881425,41.720408],[24.881627,41.72042],[24.881932,41.720414],[24.88212,41.720377],[24.882818,41.720146],[24.883133,41.7201],[24.883286,41.720088],[24.883671,41.720133],[24.883817,41.720132],[24.884107,41.720037],[24.88417,41.720003],[24.884369,41.719867],[24.884472,41.71975],[24.884559,41.719681],[24.88468,41.7197],[24.884924,41.71992],[24.88502,41.719977],[24.885226,41.720049],[24.885403,41.720042],[24.885626,41.719969],[24.885758,41.71995],[24.886226,41.7202],[24.886431,41.720385],[24.886453,41.720448],[24.886444,41.72091],[24.886462,41.721217],[24.886538,41.721466],[24.88659,41.721855],[24.886652,41.721988],[24.886722,41.722515],[24.886771,41.722631],[24.886985,41.722875],[24.887277,41.723097],[24.887442,41.723202],[24.88868,41.723822],[24.889361,41.724251],[24.889578,41.724483],[24.889737,41.72476],[24.890164,41.725394],[24.890194,41.725429],[24.890265,41.72543],[24.890289,41.725374],[24.890271,41.725316],[24.890086,41.725095],[24.889912,41.724758],[24.889608,41.724352],[24.889465,41.724217],[24.888946,41.723846],[24.888792,41.723773],[24.888182,41.72341],[24.887397,41.723024],[24.887137,41.722849],[24.887032,41.722738],[24.886946,41.722603],[24.886849,41.72234],[24.88677,41.72189],[24.886655,41.721552],[24.8866,41.721214],[24.886565,41.720453],[24.886525,41.720307],[24.886463,41.720238],[24.885897,41.719886],[24.885816,41.719863],[24.88568,41.71986],[24.88554,41.719897],[24.885344,41.719925],[24.885253,41.719918],[24.885059,41.719811],[24.884863,41.71966],[24.884701,41.719594],[24.884578,41.719578],[24.884521,41.719582],[24.884449,41.719609],[24.88437,41.719714],[24.884187,41.71989],[24.883843,41.720007],[24.883636,41.72002],[24.883525,41.720065],[24.883396,41.720054],[24.883305,41.720004],[24.883198,41.719987],[24.882722,41.720023],[24.882628,41.720047],[24.882349,41.720171],[24.881904,41.720302],[24.881794,41.720314],[24.881575,41.7203],[24.881379,41.720205],[24.881252,41.720094],[24.881196,41.719978],[24.881088,41.71987],[24.88092,41.719583],[24.880807,41.719476],[24.880721,41.719246],[24.880581,41.719058],[24.880437,41.718625],[24.880325,41.718363],[24.88028,41.718297],[24.88008,41.718111],[24.880004,41.718093],[24.879943,41.718045],[24.879839,41.718042],[24.879841,41.718005],[24.879918,41.717952],[24.880061,41.717909],[24.880129,41.717844],[24.880278,41.717612],[24.880332,41.71755],[24.880477,41.717438],[24.880619,41.717281],[24.880719,41.717225],[24.880734,41.717239],[24.88148,41.716663],[24.881828,41.716415],[24.881937,41.716323],[24.882179,41.716054],[24.88222,41.715955],[24.882261,41.715755],[24.882456,41.715252],[24.882635,41.714649],[24.882895,41.714107],[24.88308,41.713807],[24.883155,41.713546],[24.881902,41.713566],[24.881658,41.713615],[24.881325,41.713654],[24.88068,41.713649],[24.880321,41.713619],[24.879973,41.713562],[24.879525,41.713445],[24.879177,41.713311],[24.878942,41.713177],[24.878095,41.71252],[24.876825,41.71158],[24.875381,41.710748],[24.87379,41.70986],[24.87372,41.709797],[24.873562,41.709549],[24.873446,41.70922],[24.873322,41.708947],[24.873064,41.708676],[24.872409,41.708094],[24.87195,41.707649],[24.871604,41.707425],[24.870794,41.707098],[24.869772,41.706913],[24.868186,41.70683],[24.866696,41.706846],[24.865919,41.706626],[24.864227,41.706248],[24.862469,41.705887],[24.860648,41.705803],[24.858172,41.70594],[24.857311,41.705941],[24.85709,41.70593],[24.856749,41.70583],[24.856352,41.705566],[24.856061,41.705351],[24.85585,41.705127],[24.855075,41.70419],[24.854928,41.704063],[24.854766,41.703969],[24.854453,41.703832],[24.854093,41.703639],[24.853938,41.703526],[24.853856,41.703425],[24.853848,41.703281],[24.853888,41.703139],[24.854225,41.702533],[24.854226,41.702298],[24.854116,41.702105],[24.853954,41.701941],[24.853427,41.70154],[24.85316,41.701282],[24.852452,41.700467],[24.852154,41.700052],[24.852111,41.699781],[24.85214,41.699411],[24.852112,41.698992],[24.852046,41.698776],[24.851729,41.698109],[24.851617,41.697928],[24.851592,41.697781],[24.8516,41.697638],[24.851726,41.697481],[24.851974,41.697225],[24.852801,41.696628],[24.853094,41.696368],[24.853292,41.696163],[24.853423,41.69553],[24.85347,41.694966],[24.853294,41.694344],[24.853174,41.694069],[24.852944,41.693161],[24.852817,41.692807],[24.852785,41.692629],[24.852659,41.692423],[24.852626,41.692288],[24.852297,41.691602],[24.852265,41.691361],[24.852261,41.690998],[24.852333,41.690607],[24.852471,41.690288],[24.852554,41.690168],[24.852569,41.690085],[24.852523,41.689762],[24.852478,41.689636],[24.852214,41.68925],[24.851878,41.688676],[24.851772,41.688471],[24.85166,41.688146],[24.851455,41.687872],[24.850702,41.687231],[24.850488,41.687004],[24.850309,41.686761],[24.85,41.686415],[24.849896,41.686512],[24.849779,41.686658],[24.849598,41.686653]],[[24.838306,41.69802],[24.838398,41.697964],[24.838798,41.697834],[24.838981,41.697645],[24.839041,41.697529],[24.83907,41.697384],[24.839105,41.697326],[24.839262,41.697197],[24.839274,41.697478],[24.839254,41.69766],[24.83921,41.697812],[24.839143,41.697908],[24.839083,41.697942],[24.838639,41.698099],[24.838222,41.69822],[24.838126,41.698273],[24.838237,41.698149],[24.838306,41.69802]]]},"properties":{"cadreg":205}}]}