{"type":"FeatureCollection","features":[{"type":"Feature","geometry":{"type":"Polygon","coordinates":[[[24.637633,42.198914],[24.637636,42.198838],[24.637711,42.198839],[24.637714,42.198755],[24.637561,42.198752],[24.637567,42.198715],[24.637432,42.198712],[24.637403,42.198733],[24.637397,42.198848],[24.637426,42.19887],[24.637521,42.198872],[24.63752,42.198912],[24.637633,42.198914]]]},"properties":{"num":1}},{"type":"Feature","geometry":{"type":"Polygon","coordinates":[[[24.637592,42.198913],[24.63756,42.198912],[24.637559,42.198926],[24.637592,42.198926],[24.637592,42.198913]]]},"properties":{"num":2}},{"type":"Feature","geometry":{"type":"Polygon","coordinates":[[[24.6376,42.198752],[24.6376,42.198731],[24.637567,42.198731],[24.637564,42.198752],[24.6376,42.198752]]]},"properties":{"num":3}},{"type":"Feature","geometry":{"type":"Polygon","coordinates":[[[24.6376,42.198715],[24.6376,42.198752],[24.637714,42.198755],[24.637714,42.198718],[24.6376,42.198715]]]},"properties":{"num":5}},{"type":"Feature","geometry":{"type":"Polygon","coordinates":[[[24.637714,42.198755],[24.637711,42.198839],[24.637636,42.198838],[24.637634,42.19889],[24.63784,42.198895],[24.637842,42.198757],[24.637714,42.198755]]]},"properties":{"num":8}},{"type":"Feature","geometry":{"type":"Polygon","coordinates":[[[24.634316,42.205128],[24.634546,42.205145],[24.634561,42.205037],[24.63433,42.205021],[24.634316,42.205128]]]},"properties":{"num":1}},{"type":"Feature","geometry":{"type":"Polygon","coordinates":[[[24.635055,42.20503],[24.635037,42.205045],[24.635056,42.205058],[24.635075,42.205044],[24.635055,42.20503]]]},"properties":{"num":3}},{"type":"Feature","geometry":{"type":"Polygon","coordinates":[[[24.633951,42.204816],[24.633982,42.204818],[24.633985,42.204794],[24.633954,42.204792],[24.633951,42.204816]]]},"properties":{"num":4}},{"type":"Feature","geometry":{"type":"Polygon","coordinates":[[[24.632329,42.205797],[24.632408,42.205803],[24.632412,42.205771],[24.632333,42.205766],[24.632329,42.205797]]]},"properties":{"num":5}},{"type":"Feature","geometry":{"type":"Polygon","coordinates":[[[24.633309,42.205264],[24.633322,42.205172],[24.633178,42.205162],[24.633166,42.205254],[24.633309,42.205264]]]},"properties":{"num":6}},{"type":"Feature","geometry":{"type":"Polygon","coordinates":[[[24.634008,42.197768],[24.63401,42.197653],[24.633981,42.197631],[24.633887,42.197631],[24.633887,42.197591],[24.633775,42.19759],[24.633773,42.197666],[24.633698,42.197665],[24.633696,42.19775],[24.633851,42.197752],[24.633845,42.197789],[24.633978,42.19779],[24.634008,42.197768]]]},"properties":{"num":2}},{"type":"Feature","geometry":{"type":"Polygon","coordinates":[[[24.633847,42.197591],[24.633848,42.197578],[24.633815,42.197578],[24.633815,42.197591],[24.633847,42.197591]]]},"properties":{"num":3}},{"type":"Feature","geometry":{"type":"Polygon","coordinates":[[[24.63381,42.197751],[24.633696,42.19775],[24.633695,42.197787],[24.633809,42.197788],[24.63381,42.197751]]]},"properties":{"num":4}},{"type":"Feature","geometry":{"type":"Polygon","coordinates":[[[24.633698,42.197666],[24.633773,42.197666],[24.633774,42.197614],[24.633569,42.197611],[24.633564,42.197748],[24.633696,42.19775],[24.633698,42.197666]]]},"properties":{"num":6}},{"type":"Feature","geometry":{"type":"Polygon","coordinates":[[[24.642102,42.199305],[24.642126,42.199046],[24.641728,42.199026],[24.641719,42.199112],[24.641712,42.199112],[24.641696,42.199284],[24.642102,42.199305]]]},"properties":{"num":2}},{"type":"Feature","geometry":{"type":"Polygon","coordinates":[[[24.642432,42.199316],[24.642462,42.199319],[24.642465,42.199296],[24.642434,42.199293],[24.642432,42.199316]]]},"properties":{"num":3}},{"type":"Feature","geometry":{"type":"Polygon","coordinates":[[[24.64169,42.198699],[24.641615,42.1987],[24.641616,42.198746],[24.641691,42.198745],[24.64169,42.198699]]]},"properties":{"num":4}},{"type":"Feature","geometry":{"type":"Polygon","coordinates":[[[24.640988,42.198912],[24.640982,42.198776],[24.64081,42.19878],[24.640817,42.198916],[24.640988,42.198912]]]},"properties":{"num":5}},{"type":"Feature","geometry":{"type":"Polygon","coordinates":[[[24.64383,42.196829],[24.643865,42.196818],[24.643876,42.196835],[24.643895,42.196829],[24.643884,42.196811],[24.64392,42.196799],[24.64393,42.196817],[24.644099,42.196761],[24.644089,42.196743],[24.644124,42.196731],[24.644135,42.196749],[24.644297,42.196695],[24.644025,42.196244],[24.643903,42.196284],[24.643898,42.196323],[24.643825,42.196317],[24.643821,42.196312],[24.643699,42.196353],[24.643693,42.196391],[24.643621,42.196386],[24.643617,42.19638],[24.643494,42.196421],[24.643488,42.19646],[24.643419,42.196454],[24.643415,42.196447],[24.643402,42.196452],[24.643673,42.196903],[24.64384,42.196847],[24.64383,42.196829]]]},"properties":{"num":1}},{"type":"Feature","geometry":{"type":"Polygon","coordinates":[[[24.647398,42.193592],[24.647643,42.194103],[24.647916,42.19403],[24.647673,42.193518],[24.647398,42.193592]]]},"properties":{"num":1}},{"type":"Feature","geometry":{"type":"Polygon","coordinates":[[[24.647328,42.19344],[24.647338,42.19346],[24.647368,42.193452],[24.647358,42.193432],[24.647328,42.19344]]]},"properties":{"num":2}},{"type":"Feature","geometry":{"type":"Polygon","coordinates":[[[24.647398,42.193591],[24.647672,42.193517],[24.647637,42.193447],[24.647398,42.193437],[24.647413,42.193469],[24.647347,42.193487],[24.647398,42.193591]]]},"properties":{"num":3}},{"type":"Feature","geometry":{"type":"Polygon","coordinates":[[[24.647706,42.194471],[24.647213,42.193444],[24.64638,42.193665],[24.646874,42.194693],[24.647706,42.194471]]]},"properties":{"num":1}},{"type":"Feature","geometry":{"type":"Polygon","coordinates":[[[24.648512,42.195186],[24.648116,42.194362],[24.647284,42.194583],[24.64768,42.195407],[24.648512,42.195186]]]},"properties":{"num":2}},{"type":"Feature","geometry":{"type":"Polygon","coordinates":[[[24.648726,42.193622],[24.648738,42.193531],[24.648705,42.193496],[24.648592,42.193489],[24.648593,42.193477],[24.648496,42.193473],[24.648492,42.193605],[24.648726,42.193622]]]},"properties":{"num":1}},{"type":"Feature","geometry":{"type":"Polygon","coordinates":[[[24.648732,42.193579],[24.648777,42.193581],[24.648783,42.193541],[24.648737,42.193538],[24.648732,42.193579]]]},"properties":{"num":2}},{"type":"Feature","geometry":{"type":"Polygon","coordinates":[[[24.648704,42.193717],[24.648669,42.193665],[24.64848,42.193737],[24.648514,42.193788],[24.648704,42.193717]]]},"properties":{"num":3}},{"type":"Feature","geometry":{"type":"Polygon","coordinates":[[[24.646121,42.193406],[24.646102,42.193361],[24.646044,42.193374],[24.646063,42.193419],[24.646121,42.193406]]]},"properties":{"num":1}},{"type":"Feature","geometry":{"type":"Polygon","coordinates":[[[24.645343,42.194751],[24.645326,42.194728],[24.645305,42.194737],[24.645322,42.19476],[24.645343,42.194751]]]},"properties":{"num":1}},{"type":"Feature","geometry":{"type":"Polygon","coordinates":[[[24.648043,42.196965],[24.647567,42.196468],[24.647481,42.196515],[24.647602,42.19664],[24.647292,42.196805],[24.647647,42.197175],[24.648043,42.196965]]]},"properties":{"num":1}},{"type":"Feature","geometry":{"type":"Polygon","coordinates":[[[24.647647,42.197175],[24.647292,42.196805],[24.646919,42.197006],[24.647272,42.197372],[24.647647,42.197175]]]},"properties":{"num":1}},{"type":"Feature","geometry":{"type":"Polygon","coordinates":[[[24.645837,42.193433],[24.645791,42.193363],[24.645585,42.19344],[24.645632,42.193509],[24.645837,42.193433]]]},"properties":{"num":1}},{"type":"Feature","geometry":{"type":"Polygon","coordinates":[[[24.646026,42.195995],[24.64651,42.195812],[24.646285,42.195484],[24.645802,42.195667],[24.646026,42.195995]]]},"properties":{"num":1}},{"type":"Feature","geometry":{"type":"Polygon","coordinates":[[[24.648255,42.193955],[24.648082,42.193592],[24.647991,42.193616],[24.648034,42.193707],[24.647989,42.193719],[24.648119,42.193991],[24.648255,42.193955]]]},"properties":{"num":1}},{"type":"Feature","geometry":{"type":"Polygon","coordinates":[[[24.646153,42.194867],[24.645889,42.19448],[24.645453,42.194644],[24.645718,42.195032],[24.646153,42.194867]]]},"properties":{"num":1}},{"type":"Feature","geometry":{"type":"Polygon","coordinates":[[[24.646412,42.194453],[24.64632,42.194317],[24.645889,42.19448],[24.646153,42.194867],[24.646583,42.194704],[24.646512,42.1946],[24.646529,42.194562],[24.646478,42.19455],[24.646447,42.194504],[24.646463,42.194466],[24.646412,42.194453]]]},"properties":{"num":2}},{"type":"Feature","geometry":{"type":"Polygon","coordinates":[[[24.646121,42.194024],[24.645792,42.193541],[24.645569,42.193624],[24.645578,42.193637],[24.645156,42.193796],[24.645147,42.193783],[24.644925,42.193867],[24.645453,42.194644],[24.64632,42.194317],[24.646298,42.194284],[24.646302,42.19422],[24.646252,42.194217],[24.646232,42.194188],[24.646236,42.194123],[24.646187,42.19412],[24.646167,42.194091],[24.646171,42.194027],[24.646121,42.194024]]]},"properties":{"num":3}},{"type":"Feature","geometry":{"type":"Polygon","coordinates":[[[24.646993,42.195629],[24.646589,42.195038],[24.646105,42.195221],[24.64651,42.195812],[24.646993,42.195629]]]},"properties":{"num":1}},{"type":"Feature","geometry":{"type":"Polygon","coordinates":[[[24.646285,42.195484],[24.646027,42.195108],[24.645781,42.195202],[24.645859,42.195315],[24.645622,42.195405],[24.645802,42.195667],[24.646285,42.195484]]]},"properties":{"num":2}},{"type":"Feature","geometry":{"type":"Polygon","coordinates":[[[24.64946,42.188244],[24.64917,42.188082],[24.649129,42.188123],[24.649422,42.188282],[24.64946,42.188244]]]},"properties":{"num":1}},{"type":"Feature","geometry":{"type":"Polygon","coordinates":[[[24.649479,42.188109],[24.649434,42.188155],[24.649509,42.188196],[24.649555,42.188151],[24.649479,42.188109]]]},"properties":{"num":2}},{"type":"Feature","geometry":{"type":"Polygon","coordinates":[[[24.649479,42.188109],[24.649307,42.188015],[24.649269,42.188053],[24.64944,42.188148],[24.649479,42.188109]]]},"properties":{"num":3}},{"type":"Feature","geometry":{"type":"Polygon","coordinates":[[[24.649267,42.187992],[24.649219,42.188036],[24.649263,42.18806],[24.649307,42.188015],[24.649267,42.187992]]]},"properties":{"num":4}},{"type":"Feature","geometry":{"type":"Polygon","coordinates":[[[24.648934,42.188406],[24.648883,42.188379],[24.648825,42.188442],[24.648876,42.188469],[24.648934,42.188406]]]},"properties":{"num":1}},{"type":"Feature","geometry":{"type":"Polygon","coordinates":[[[24.64912,42.188504],[24.648934,42.188406],[24.648876,42.188469],[24.649061,42.188568],[24.64912,42.188504]]]},"properties":{"num":2}},{"type":"Feature","geometry":{"type":"Polygon","coordinates":[[[24.649168,42.188528],[24.64912,42.188504],[24.649061,42.188568],[24.649106,42.188591],[24.649168,42.188528]]]},"properties":{"num":3}},{"type":"Feature","geometry":{"type":"Polygon","coordinates":[[[24.649254,42.188438],[24.649208,42.188414],[24.64915,42.188475],[24.649195,42.188499],[24.649254,42.188438]]]},"properties":{"num":4}},{"type":"Feature","geometry":{"type":"Polygon","coordinates":[[[24.649208,42.188414],[24.649018,42.188313],[24.648989,42.188345],[24.649176,42.188448],[24.649208,42.188414]]]},"properties":{"num":5}},{"type":"Feature","geometry":{"type":"Polygon","coordinates":[[[24.649018,42.188313],[24.648967,42.188286],[24.648911,42.188347],[24.648962,42.188375],[24.649018,42.188313]]]},"properties":{"num":6}},{"type":"Feature","geometry":{"type":"Polygon","coordinates":[[[24.649085,42.188253],[24.649034,42.188225],[24.648971,42.188288],[24.649023,42.188316],[24.649085,42.188253]]]},"properties":{"num":1}},{"type":"Feature","geometry":{"type":"Polygon","coordinates":[[[24.6493,42.188402],[24.649064,42.188275],[24.649023,42.188316],[24.649259,42.188441],[24.6493,42.188402]]]},"properties":{"num":2}},{"type":"Feature","geometry":{"type":"Polygon","coordinates":[[[24.649422,42.188282],[24.649185,42.188153],[24.649149,42.188189],[24.649384,42.188319],[24.649422,42.188282]]]},"properties":{"num":3}},{"type":"Feature","geometry":{"type":"Polygon","coordinates":[[[24.649185,42.188153],[24.649133,42.188125],[24.649078,42.188181],[24.64913,42.188209],[24.649185,42.188153]]]},"properties":{"num":4}},{"type":"Feature","geometry":{"type":"Polygon","coordinates":[[[24.648591,42.188744],[24.648545,42.188719],[24.648487,42.188778],[24.648542,42.188807],[24.648578,42.188771],[24.648569,42.188766],[24.648591,42.188744]]]},"properties":{"num":1}},{"type":"Feature","geometry":{"type":"Polygon","coordinates":[[[24.648807,42.188895],[24.648578,42.188771],[24.648542,42.188807],[24.648772,42.18893],[24.648807,42.188895]]]},"properties":{"num":2}},{"type":"Feature","geometry":{"type":"Polygon","coordinates":[[[24.64948,42.187832],[24.649447,42.187812],[24.649393,42.187866],[24.649437,42.187891],[24.649474,42.187855],[24.649462,42.187848],[24.64948,42.187832]]]},"properties":{"num":1}},{"type":"Feature","geometry":{"type":"Polygon","coordinates":[[[24.649717,42.187993],[24.649474,42.187855],[24.649437,42.187891],[24.64968,42.188029],[24.649717,42.187993]]]},"properties":{"num":2}},{"type":"Feature","geometry":{"type":"Polygon","coordinates":[[[24.64981,42.187901],[24.649573,42.18777],[24.649541,42.1878],[24.649778,42.187932],[24.64981,42.187901]]]},"properties":{"num":3}},{"type":"Feature","geometry":{"type":"Polygon","coordinates":[[[24.649573,42.18777],[24.649519,42.18774],[24.649473,42.187786],[24.649524,42.187816],[24.649573,42.18777]]]},"properties":{"num":4}},{"type":"Feature","geometry":{"type":"Polygon","coordinates":[[[24.652014,42.188108],[24.651818,42.188015],[24.651272,42.188655],[24.651528,42.188776],[24.651997,42.188228],[24.651936,42.188199],[24.652014,42.188108]]]},"properties":{"num":1}},{"type":"Feature","geometry":{"type":"Polygon","coordinates":[[[24.652758,42.189987],[24.654537,42.190623],[24.655297,42.189446],[24.65352,42.188809],[24.652758,42.189987]]]},"properties":{"num":1}},{"type":"Feature","geometry":{"type":"Polygon","coordinates":[[[24.653574,42.188481],[24.653608,42.188494],[24.653641,42.188443],[24.653606,42.188432],[24.653574,42.188481]]]},"properties":{"num":2}},{"type":"Feature","geometry":{"type":"Polygon","coordinates":[[[24.653695,42.188536],[24.654029,42.188655],[24.654079,42.188579],[24.653745,42.18846],[24.653695,42.188536]]]},"properties":{"num":3}},{"type":"Feature","geometry":{"type":"Polygon","coordinates":[[[24.655386,42.189108],[24.655452,42.189133],[24.655481,42.189091],[24.655414,42.189067],[24.655386,42.189108]]]},"properties":{"num":4}},{"type":"Feature","geometry":{"type":"Polygon","coordinates":[[[24.655611,42.189167],[24.655604,42.189143],[24.655591,42.18913],[24.655571,42.189119],[24.655541,42.189114],[24.655508,42.189119],[24.65549,42.189129],[24.655477,42.189142],[24.655469,42.189166],[24.655476,42.18919],[24.655489,42.189204],[24.655507,42.189214],[24.655539,42.18922],[24.655572,42.189214],[24.65559,42.189205],[24.655603,42.189191],[24.655611,42.189167]]]},"properties":{"num":5}},{"type":"Feature","geometry":{"type":"Polygon","coordinates":[[[24.656723,42.18977],[24.655622,42.189368],[24.655349,42.189777],[24.656452,42.190181],[24.656723,42.18977]]]},"properties":{"num":1}},{"type":"Feature","geometry":{"type":"Polygon","coordinates":[[[24.656988,42.189716],[24.656941,42.189699],[24.656913,42.189742],[24.656959,42.189758],[24.656988,42.189716]]]},"properties":{"num":2}},{"type":"Feature","geometry":{"type":"Polygon","coordinates":[[[24.655928,42.189304],[24.655736,42.189235],[24.655668,42.189337],[24.65586,42.189408],[24.655928,42.189304]]]},"properties":{"num":3}},{"type":"Feature","geometry":{"type":"Polygon","coordinates":[[[24.644884,42.18813],[24.644808,42.188081],[24.644782,42.188103],[24.644762,42.18809],[24.644689,42.188154],[24.644787,42.188215],[24.644884,42.18813]]]},"properties":{"num":1}},{"type":"Feature","geometry":{"type":"Polygon","coordinates":[[[24.644955,42.187978],[24.644873,42.187925],[24.644788,42.187998],[24.64492,42.188082],[24.644971,42.188037],[24.644922,42.188007],[24.644955,42.187978]]]},"properties":{"num":1}},{"type":"Feature","geometry":{"type":"Polygon","coordinates":[[[24.642094,42.189839],[24.642103,42.189831],[24.642102,42.189793],[24.642093,42.189793],[24.642091,42.189725],[24.641993,42.189726],[24.641996,42.189828],[24.642005,42.189834],[24.64204,42.189834],[24.64204,42.18984],[24.642094,42.189839]]]},"properties":{"num":1}},{"type":"Feature","geometry":{"type":"Polygon","coordinates":[[[24.643025,42.190028],[24.643023,42.190032],[24.643203,42.189922],[24.643154,42.189878],[24.643093,42.189916],[24.643083,42.189907],[24.643077,42.189911],[24.643038,42.189876],[24.642987,42.189907],[24.643015,42.189933],[24.643007,42.189939],[24.643048,42.189975],[24.643001,42.190004],[24.643025,42.190028]]]},"properties":{"num":1}},{"type":"Feature","geometry":{"type":"Polygon","coordinates":[[[24.642438,42.189129],[24.642419,42.189097],[24.642406,42.189103],[24.64238,42.189057],[24.642371,42.189063],[24.642351,42.189031],[24.64229,42.189052],[24.642317,42.189096],[24.642312,42.189098],[24.642316,42.189106],[24.642242,42.189131],[24.642275,42.189184],[24.642438,42.189129]]]},"properties":{"num":1}},{"type":"Feature","geometry":{"type":"Polygon","coordinates":[[[24.64244,42.188915],[24.642433,42.188828],[24.642365,42.188832],[24.642367,42.188854],[24.642237,42.18886],[24.642242,42.188932],[24.642377,42.188926],[24.642376,42.188918],[24.64244,42.188915]]]},"properties":{"num":1}},{"type":"Feature","geometry":{"type":"Polygon","coordinates":[[[24.642517,42.188889],[24.642506,42.188732],[24.642424,42.188736],[24.642439,42.188893],[24.642517,42.188889]]]},"properties":{"num":2}},{"type":"Feature","geometry":{"type":"Polygon","coordinates":[[[24.643973,42.189032],[24.644,42.189009],[24.644031,42.189028],[24.644088,42.188979],[24.643977,42.188907],[24.643936,42.188942],[24.643917,42.188931],[24.643873,42.188969],[24.643973,42.189032]]]},"properties":{"num":1}},{"type":"Feature","geometry":{"type":"Polygon","coordinates":[[[24.643289,42.188466],[24.643216,42.188555],[24.64323,42.188562],[24.643223,42.188569],[24.643219,42.188567],[24.643198,42.188592],[24.643313,42.188645],[24.643412,42.188522],[24.643289,42.188466]]]},"properties":{"num":1}},{"type":"Feature","geometry":{"type":"Polygon","coordinates":[[[24.643362,42.188584],[24.64344,42.188621],[24.643499,42.188562],[24.643412,42.188522],[24.643362,42.188584]]]},"properties":{"num":2}},{"type":"Feature","geometry":{"type":"Polygon","coordinates":[[[24.642971,42.188158],[24.64297,42.18814],[24.64288,42.188142],[24.642879,42.188124],[24.642815,42.188125],[24.642818,42.188254],[24.642893,42.188254],[24.642893,42.188233],[24.642963,42.188232],[24.642962,42.188158],[24.642971,42.188158]]]},"properties":{"num":1}},{"type":"Feature","geometry":{"type":"Polygon","coordinates":[[[24.644283,42.18878],[24.64422,42.18874],[24.644113,42.188833],[24.644176,42.188873],[24.644283,42.18878]]]},"properties":{"num":1}},{"type":"Feature","geometry":{"type":"Polygon","coordinates":[[[24.644117,42.1886],[24.644073,42.188573],[24.643998,42.188642],[24.644003,42.188772],[24.644061,42.188772],[24.644056,42.188656],[24.644117,42.1886]]]},"properties":{"num":2}},{"type":"Feature","geometry":{"type":"Polygon","coordinates":[[[24.644607,42.188776],[24.644525,42.188725],[24.644485,42.18876],[24.644467,42.188749],[24.644423,42.188786],[24.644523,42.18885],[24.644607,42.188776]]]},"properties":{"num":1}},{"type":"Feature","geometry":{"type":"Polygon","coordinates":[[[24.645084,42.189082],[24.644992,42.189023],[24.644941,42.189066],[24.644959,42.189078],[24.644912,42.189119],[24.645005,42.189177],[24.645055,42.189134],[24.645037,42.189122],[24.645084,42.189082]]]},"properties":{"num":1}},{"type":"Feature","geometry":{"type":"Polygon","coordinates":[[[24.645079,42.189242],[24.645112,42.189263],[24.645125,42.189252],[24.645157,42.189273],[24.645254,42.189188],[24.645176,42.189138],[24.645149,42.189162],[24.64513,42.18915],[24.64506,42.189211],[24.645091,42.189231],[24.645079,42.189242]]]},"properties":{"num":1}},{"type":"Feature","geometry":{"type":"Polygon","coordinates":[[[24.645157,42.189273],[24.645199,42.1893],[24.64526,42.189247],[24.645218,42.18922],[24.645157,42.189273]]]},"properties":{"num":2}},{"type":"Feature","geometry":{"type":"Polygon","coordinates":[[[24.645101,42.189135],[24.645149,42.189162],[24.645176,42.189138],[24.645254,42.189188],[24.645292,42.189155],[24.645169,42.189076],[24.645101,42.189135]]]},"properties":{"num":3}},{"type":"Feature","geometry":{"type":"Polygon","coordinates":[[[24.645209,42.188835],[24.645291,42.188886],[24.645374,42.188813],[24.645293,42.188761],[24.645209,42.188835]]]},"properties":{"num":1}},{"type":"Feature","geometry":{"type":"Polygon","coordinates":[[[24.645169,42.188759],[24.645077,42.1887],[24.645026,42.188744],[24.645044,42.188755],[24.644997,42.188796],[24.64509,42.188855],[24.64514,42.188811],[24.645122,42.188799],[24.645169,42.188759]]]},"properties":{"num":1}},{"type":"Feature","geometry":{"type":"Polygon","coordinates":[[[24.64498,42.188656],[24.645069,42.188582],[24.64504,42.188564],[24.645042,42.188561],[24.644986,42.18853],[24.64496,42.188552],[24.644957,42.18855],[24.644901,42.188602],[24.64498,42.188656]]]},"properties":{"num":1}},{"type":"Feature","geometry":{"type":"Polygon","coordinates":[[[24.645106,42.188606],[24.645069,42.188582],[24.645009,42.188631],[24.645049,42.188656],[24.645106,42.188606]]]},"properties":{"num":2}},{"type":"Feature","geometry":{"type":"Polygon","coordinates":[[[24.644768,42.188499],[24.644747,42.188487],[24.644692,42.188534],[24.644709,42.188545],[24.644666,42.188585],[24.644759,42.188644],[24.644809,42.1886],[24.644795,42.188591],[24.644838,42.188548],[24.644765,42.188502],[24.644768,42.188499]]]},"properties":{"num":1}},{"type":"Feature","geometry":{"type":"Polygon","coordinates":[[[24.644363,42.188611],[24.644447,42.188537],[24.644386,42.188498],[24.644412,42.188475],[24.644326,42.18842],[24.644231,42.188503],[24.644278,42.188534],[24.644262,42.188547],[24.644315,42.18858],[24.644311,42.188584],[24.644318,42.18859],[24.644323,42.188586],[24.644363,42.188611]]]},"properties":{"num":2}},{"type":"Feature","geometry":{"type":"Polygon","coordinates":[[[24.644587,42.188516],[24.644695,42.188423],[24.644633,42.188383],[24.644552,42.188453],[24.644521,42.188433],[24.644493,42.188457],[24.644587,42.188516]]]},"properties":{"num":1}},{"type":"Feature","geometry":{"type":"Polygon","coordinates":[[[24.64451,42.187926],[24.644405,42.187859],[24.644384,42.187876],[24.644345,42.187851],[24.644269,42.187914],[24.644413,42.188007],[24.64451,42.187926]]]},"properties":{"num":1}},{"type":"Feature","geometry":{"type":"Polygon","coordinates":[[[24.644592,42.187879],[24.644615,42.18784],[24.644675,42.187861],[24.644694,42.18783],[24.644678,42.187825],[24.644708,42.187778],[24.64457,42.18773],[24.64455,42.187762],[24.644498,42.187744],[24.644453,42.187818],[24.644504,42.187836],[24.644498,42.187846],[24.644592,42.187879]]]},"properties":{"num":1}},{"type":"Feature","geometry":{"type":"Polygon","coordinates":[[[24.646025,42.189276],[24.646076,42.189273],[24.646069,42.189214],[24.646018,42.189218],[24.646025,42.189276]]]},"properties":{"num":1}},{"type":"Feature","geometry":{"type":"Polygon","coordinates":[[[24.645837,42.188711],[24.645794,42.188682],[24.645723,42.188745],[24.645687,42.188724],[24.645618,42.188784],[24.645664,42.188812],[24.645676,42.188802],[24.645772,42.188861],[24.645914,42.188739],[24.645907,42.188734],[24.645889,42.18875],[24.645834,42.188713],[24.645837,42.188711]]]},"properties":{"num":1}},{"type":"Feature","geometry":{"type":"Polygon","coordinates":[[[24.645687,42.188724],[24.645656,42.188703],[24.645728,42.188643],[24.645681,42.188614],[24.645671,42.188623],[24.645611,42.188585],[24.645492,42.188684],[24.645587,42.188745],[24.645574,42.188756],[24.645618,42.188784],[24.645687,42.188724]]]},"properties":{"num":1}},{"type":"Feature","geometry":{"type":"Polygon","coordinates":[[[24.645433,42.188651],[24.645585,42.18852],[24.645541,42.188492],[24.64551,42.188518],[24.645458,42.188483],[24.645388,42.188543],[24.645349,42.188519],[24.645284,42.188575],[24.645327,42.188603],[24.645339,42.188592],[24.645433,42.188651]]]},"properties":{"num":1}},{"type":"Feature","geometry":{"type":"Polygon","coordinates":[[[24.645365,42.188388],[24.645321,42.18836],[24.645304,42.188375],[24.645252,42.18834],[24.64514,42.188436],[24.645237,42.188498],[24.645365,42.188388]]]},"properties":{"num":1}},{"type":"Feature","geometry":{"type":"Polygon","coordinates":[[[24.644991,42.188349],[24.64508,42.188407],[24.645209,42.188294],[24.645202,42.188289],[24.645223,42.188271],[24.645188,42.188249],[24.645151,42.18828],[24.645102,42.188249],[24.644991,42.188349]]]},"properties":{"num":1}},{"type":"Feature","geometry":{"type":"Polygon","coordinates":[[[24.642834,42.189844],[24.642774,42.189882],[24.642765,42.189874],[24.642758,42.189878],[24.642718,42.189843],[24.642668,42.189875],[24.642697,42.189901],[24.642689,42.189907],[24.64273,42.189942],[24.642683,42.189972],[24.642708,42.189995],[24.642707,42.19],[24.642884,42.189887],[24.642834,42.189844]]]},"properties":{"num":1}},{"type":"Feature","geometry":{"type":"Polygon","coordinates":[[[24.643169,42.189767],[24.643157,42.189643],[24.643074,42.189648],[24.643086,42.189771],[24.643169,42.189767]]]},"properties":{"num":1}},{"type":"Feature","geometry":{"type":"Polygon","coordinates":[[[24.644145,42.189178],[24.644035,42.189106],[24.644032,42.189108],[24.644051,42.18912],[24.644004,42.18916],[24.644097,42.18922],[24.644145,42.189178]]]},"properties":{"num":1}},{"type":"Feature","geometry":{"type":"Polygon","coordinates":[[[24.644176,42.189123],[24.644083,42.189064],[24.644035,42.189106],[24.644145,42.189178],[24.644129,42.189164],[24.644176,42.189123]]]},"properties":{"num":1}},{"type":"Feature","geometry":{"type":"Polygon","coordinates":[[[24.644581,42.18902],[24.644628,42.188979],[24.644649,42.188989],[24.644537,42.188918],[24.644488,42.188961],[24.644581,42.18902]]]},"properties":{"num":1}},{"type":"Feature","geometry":{"type":"Polygon","coordinates":[[[24.644697,42.188947],[24.644604,42.188888],[24.644557,42.188928],[24.644537,42.188918],[24.644649,42.188989],[24.644697,42.188947]]]},"properties":{"num":1}},{"type":"Feature","geometry":{"type":"Polygon","coordinates":[[[24.643957,42.189312],[24.643847,42.189243],[24.643797,42.189286],[24.64381,42.189294],[24.64379,42.189312],[24.643886,42.189374],[24.643957,42.189312]]]},"properties":{"num":1}},{"type":"Feature","geometry":{"type":"Polygon","coordinates":[[[24.64385,42.18935],[24.643792,42.189313],[24.643746,42.189353],[24.643804,42.18939],[24.64385,42.18935]]]},"properties":{"num":2}},{"type":"Feature","geometry":{"type":"Polygon","coordinates":[[[24.643933,42.189402],[24.64391,42.189388],[24.643893,42.189389],[24.643854,42.189423],[24.643886,42.189443],[24.643933,42.189402]]]},"properties":{"num":3}},{"type":"Feature","geometry":{"type":"Polygon","coordinates":[[[24.643789,42.189136],[24.643876,42.18906],[24.6438,42.189012],[24.64371,42.189086],[24.643789,42.189136]]]},"properties":{"num":1}},{"type":"Feature","geometry":{"type":"Polygon","coordinates":[[[24.643728,42.189074],[24.643811,42.189006],[24.643751,42.188968],[24.643671,42.189037],[24.643728,42.189074]]]},"properties":{"num":1}},{"type":"Feature","geometry":{"type":"Polygon","coordinates":[[[24.643326,42.187969],[24.643339,42.188012],[24.643359,42.188008],[24.643365,42.188027],[24.643499,42.188004],[24.643511,42.18804],[24.643574,42.188029],[24.643573,42.188038],[24.643619,42.18803],[24.643616,42.188022],[24.643636,42.188018],[24.643659,42.18809],[24.643816,42.188063],[24.643792,42.187989],[24.643781,42.187991],[24.643763,42.187938],[24.643663,42.187956],[24.643642,42.187893],[24.643567,42.187907],[24.643585,42.187964],[24.643573,42.187967],[24.643575,42.187972],[24.643472,42.18799],[24.643459,42.187946],[24.643326,42.187969]]]},"properties":{"num":1}},{"type":"Feature","geometry":{"type":"Polygon","coordinates":[[[24.643974,42.188145],[24.644057,42.18807],[24.643993,42.188029],[24.643909,42.188104],[24.643974,42.188145]]]},"properties":{"num":2}},{"type":"Feature","geometry":{"type":"Polygon","coordinates":[[[24.644275,42.188185],[24.644206,42.18814],[24.644146,42.188192],[24.644216,42.188237],[24.644275,42.188185]]]},"properties":{"num":1}},{"type":"Feature","geometry":{"type":"Polygon","coordinates":[[[24.643922,42.188506],[24.643967,42.188467],[24.643996,42.188485],[24.644025,42.188459],[24.643997,42.188441],[24.644041,42.188402],[24.643997,42.188374],[24.643877,42.188477],[24.643922,42.188506]]]},"properties":{"num":1}},{"type":"Feature","geometry":{"type":"Polygon","coordinates":[[[24.643064,42.188599],[24.643092,42.188512],[24.643043,42.188503],[24.643045,42.188497],[24.642985,42.188486],[24.642987,42.18848],[24.642931,42.18847],[24.642899,42.18857],[24.642963,42.188581],[24.642964,42.188578],[24.643064,42.188599]]]},"properties":{"num":1}},{"type":"Feature","geometry":{"type":"Polygon","coordinates":[[[24.642829,42.188745],[24.64283,42.188709],[24.642894,42.18871],[24.642895,42.18865],[24.642722,42.188647],[24.642719,42.188744],[24.642829,42.188745]]]},"properties":{"num":1}},{"type":"Feature","geometry":{"type":"Polygon","coordinates":[[[24.642632,42.188606],[24.642562,42.188476],[24.642506,42.188476],[24.642506,42.188484],[24.642443,42.188484],[24.642443,42.188551],[24.642463,42.188563],[24.642528,42.188561],[24.642564,42.188627],[24.642632,42.188606]]]},"properties":{"num":1}},{"type":"Feature","geometry":{"type":"Polygon","coordinates":[[[24.642643,42.189573],[24.642496,42.18948],[24.64242,42.189542],[24.642529,42.189612],[24.642536,42.189606],[24.642577,42.189632],[24.642643,42.189573]]]},"properties":{"num":1}},{"type":"Feature","geometry":{"type":"Polygon","coordinates":[[[24.643418,42.18976],[24.643457,42.189758],[24.643443,42.189625],[24.643313,42.189632],[24.643316,42.189668],[24.643292,42.18968],[24.643285,42.1897],[24.643296,42.189719],[24.643321,42.189728],[24.643325,42.189764],[24.643364,42.189762],[24.643374,42.189774],[24.643393,42.189778],[24.64341,42.189772],[24.643418,42.18976]]]},"properties":{"num":1}},{"type":"Feature","geometry":{"type":"Polygon","coordinates":[[[24.643413,42.189],[24.643442,42.188945],[24.643412,42.188936],[24.643383,42.188991],[24.643413,42.189]]]},"properties":{"num":1}},{"type":"Feature","geometry":{"type":"Polygon","coordinates":[[[24.663925,42.183622],[24.663905,42.184002],[24.66428,42.184013],[24.664309,42.183467],[24.6639,42.183455],[24.663891,42.183622],[24.663925,42.183622]]]},"properties":{"num":1}},{"type":"Feature","geometry":{"type":"Polygon","coordinates":[[[24.665501,42.183519],[24.66491,42.183484],[24.664851,42.184031],[24.665442,42.184066],[24.665501,42.183519]]]},"properties":{"num":1}},{"type":"Feature","geometry":{"type":"Polygon","coordinates":[[[24.672131,42.183176],[24.672189,42.182629],[24.670437,42.182529],[24.670381,42.183077],[24.672131,42.183176]]]},"properties":{"num":1}},{"type":"Feature","geometry":{"type":"Polygon","coordinates":[[[24.672154,42.18296],[24.672124,42.183253],[24.672321,42.183264],[24.672352,42.182971],[24.672154,42.18296]]]},"properties":{"num":2}},{"type":"Feature","geometry":{"type":"Polygon","coordinates":[[[24.67218,42.183342],[24.6723,42.183348],[24.672303,42.183322],[24.672183,42.183315],[24.67218,42.183342]]]},"properties":{"num":3}},{"type":"Feature","geometry":{"type":"Polygon","coordinates":[[[24.670639,42.182468],[24.670687,42.18247],[24.67069,42.182443],[24.670642,42.182441],[24.670639,42.182468]]]},"properties":{"num":4}},{"type":"Feature","geometry":{"type":"Polygon","coordinates":[[[24.673123,42.181036],[24.673168,42.180596],[24.673423,42.18061],[24.673451,42.18033],[24.673194,42.180315],[24.673183,42.180423],[24.671736,42.180343],[24.671686,42.180838],[24.672403,42.180878],[24.672393,42.180996],[24.673123,42.181036]]]},"properties":{"num":1}},{"type":"Feature","geometry":{"type":"Polygon","coordinates":[[[24.658128,42.188961],[24.657892,42.188876],[24.657607,42.189316],[24.657722,42.189357],[24.657662,42.189454],[24.657781,42.189497],[24.658128,42.188961]]]},"properties":{"num":1}},{"type":"Feature","geometry":{"type":"Polygon","coordinates":[[[24.657203,42.189368],[24.657171,42.189358],[24.657161,42.189375],[24.657192,42.189385],[24.657203,42.189368]]]},"properties":{"num":1}},{"type":"Feature","geometry":{"type":"Polygon","coordinates":[[[24.660576,42.187109],[24.660422,42.187053],[24.660025,42.187652],[24.660179,42.187709],[24.660576,42.187109]]]},"properties":{"num":2}},{"type":"Feature","geometry":{"type":"Polygon","coordinates":[[[24.66035,42.187735],[24.660263,42.187704],[24.660231,42.187752],[24.660318,42.187784],[24.66035,42.187735]]]},"properties":{"num":3}},{"type":"Feature","geometry":{"type":"Polygon","coordinates":[[[24.659258,42.187534],[24.659187,42.18751],[24.659176,42.187529],[24.659246,42.187553],[24.659258,42.187534]]]},"properties":{"num":4}},{"type":"Feature","geometry":{"type":"Polygon","coordinates":[[[24.658615,42.187144],[24.658506,42.187105],[24.6584,42.187266],[24.658508,42.187306],[24.658615,42.187144]]]},"properties":{"num":5}},{"type":"Feature","geometry":{"type":"Polygon","coordinates":[[[24.658903,42.187134],[24.658715,42.187065],[24.658684,42.187111],[24.658872,42.187181],[24.658903,42.187134]]]},"properties":{"num":6}},{"type":"Feature","geometry":{"type":"Polygon","coordinates":[[[24.660569,42.187772],[24.660537,42.187759],[24.660514,42.18779],[24.660546,42.187803],[24.660569,42.187772]]]},"properties":{"num":7}},{"type":"Feature","geometry":{"type":"Polygon","coordinates":[[[24.660599,42.187075],[24.660444,42.187018],[24.660422,42.187053],[24.660576,42.187109],[24.660599,42.187075]]]},"properties":{"num":8}},{"type":"Feature","geometry":{"type":"Polygon","coordinates":[[[24.660025,42.187652],[24.660454,42.187004],[24.659397,42.186619],[24.65892,42.187342],[24.659305,42.187479],[24.659351,42.187407],[24.660025,42.187652]]]},"properties":{"num":9}},{"type":"Feature","geometry":{"type":"Polygon","coordinates":[[[24.660788,42.186645],[24.661195,42.186031],[24.658165,42.184921],[24.657921,42.185291],[24.657811,42.185251],[24.657586,42.185591],[24.659009,42.186112],[24.659073,42.186016],[24.660788,42.186645]]]},"properties":{"num":1}},{"type":"Feature","geometry":{"type":"Polygon","coordinates":[[[24.661165,42.186857],[24.660956,42.186781],[24.660932,42.186815],[24.661142,42.186892],[24.661165,42.186857]]]},"properties":{"num":2}},{"type":"Feature","geometry":{"type":"Polygon","coordinates":[[[24.663461,42.182922],[24.661356,42.182154],[24.660883,42.182869],[24.662988,42.183638],[24.663461,42.182922]]]},"properties":{"num":1}},{"type":"Feature","geometry":{"type":"Polygon","coordinates":[[[24.664035,42.182053],[24.66193,42.181285],[24.661457,42.182],[24.663561,42.18277],[24.664035,42.182053]]]},"properties":{"num":2}},{"type":"Feature","geometry":{"type":"Polygon","coordinates":[[[24.664728,42.181006],[24.663144,42.180427],[24.662552,42.181323],[24.664136,42.181902],[24.664728,42.181006]]]},"properties":{"num":3}},{"type":"Feature","geometry":{"type":"Polygon","coordinates":[[[24.663123,42.183804],[24.662865,42.183709],[24.662837,42.183753],[24.663095,42.183846],[24.663123,42.183804]]]},"properties":{"num":4}},{"type":"Feature","geometry":{"type":"Polygon","coordinates":[[[24.654809,42.183144],[24.654638,42.183081],[24.654575,42.183176],[24.654554,42.183168],[24.654451,42.183324],[24.655991,42.183887],[24.656478,42.183151],[24.655077,42.182639],[24.655021,42.182723],[24.655074,42.182743],[24.655023,42.182821],[24.654916,42.182781],[24.654816,42.182932],[24.654922,42.182971],[24.654809,42.183144]]]},"properties":{"num":1}},{"type":"Feature","geometry":{"type":"Polygon","coordinates":[[[24.658792,42.190318],[24.658345,42.190158],[24.657817,42.190974],[24.658264,42.191134],[24.658792,42.190318]]]},"properties":{"num":1}},{"type":"Feature","geometry":{"type":"Polygon","coordinates":[[[24.657607,42.190965],[24.657391,42.190887],[24.657351,42.190949],[24.657568,42.191027],[24.657607,42.190965]]]},"properties":{"num":2}},{"type":"Feature","geometry":{"type":"Polygon","coordinates":[[[24.65814,42.191284],[24.658094,42.19128],[24.658091,42.191303],[24.658136,42.191308],[24.65814,42.191284]]]},"properties":{"num":3}},{"type":"Feature","geometry":{"type":"Polygon","coordinates":[[[24.658345,42.190158],[24.657908,42.190001],[24.657379,42.190817],[24.657817,42.190974],[24.658345,42.190158]]]},"properties":{"num":4}},{"type":"Feature","geometry":{"type":"Polygon","coordinates":[[[24.657349,42.192341],[24.657384,42.19229],[24.657493,42.192329],[24.657992,42.191575],[24.657396,42.191357],[24.657353,42.191417],[24.657385,42.191451],[24.657358,42.191492],[24.65728,42.19153],[24.657309,42.191564],[24.657284,42.191604],[24.657204,42.191644],[24.657235,42.191677],[24.657175,42.191767],[24.657132,42.191752],[24.65709,42.191815],[24.657026,42.191792],[24.656796,42.192139],[24.657349,42.192341]]]},"properties":{"num":1}},{"type":"Feature","geometry":{"type":"Polygon","coordinates":[[[24.643556,42.190993],[24.643611,42.190986],[24.643607,42.190968],[24.643642,42.190964],[24.643606,42.190815],[24.643559,42.190821],[24.64357,42.19087],[24.643513,42.190877],[24.643524,42.190921],[24.643518,42.190921],[24.643524,42.190945],[24.64353,42.190945],[24.643533,42.19096],[24.643548,42.190958],[24.643556,42.190993]]]},"properties":{"num":1}},{"type":"Feature","geometry":{"type":"Polygon","coordinates":[[[24.643463,42.190929],[24.643484,42.191017],[24.643559,42.191007],[24.643548,42.190958],[24.643533,42.19096],[24.643518,42.190921],[24.643463,42.190929]]]},"properties":{"num":2}},{"type":"Feature","geometry":{"type":"Polygon","coordinates":[[[24.643423,42.190003],[24.643428,42.190065],[24.643449,42.190064],[24.64345,42.190079],[24.643537,42.190075],[24.643535,42.190049],[24.643521,42.19005],[24.643518,42.190014],[24.643532,42.190013],[24.643529,42.189967],[24.643442,42.18997],[24.643444,42.190002],[24.643423,42.190003]]]},"properties":{"num":1}},{"type":"Feature","geometry":{"type":"Polygon","coordinates":[[[24.643354,42.191324],[24.643423,42.191305],[24.643411,42.191265],[24.643416,42.191264],[24.643399,42.19123],[24.643465,42.191212],[24.643437,42.191154],[24.643366,42.191174],[24.643363,42.191168],[24.643284,42.19119],[24.643354,42.191324]]]},"properties":{"num":1}},{"type":"Feature","geometry":{"type":"Polygon","coordinates":[[[24.643257,42.191234],[24.643301,42.191222],[24.643284,42.19119],[24.64333,42.191177],[24.643314,42.191146],[24.64322,42.191162],[24.643257,42.191234]]]},"properties":{"num":2}},{"type":"Feature","geometry":{"type":"Polygon","coordinates":[[[24.643417,42.191042],[24.6434,42.190986],[24.643349,42.190995],[24.643336,42.190952],[24.643291,42.19096],[24.643292,42.190964],[24.643209,42.190974],[24.643225,42.191026],[24.643236,42.191024],[24.643251,42.191072],[24.643417,42.191042]]]},"properties":{"num":1}},{"type":"Feature","geometry":{"type":"Polygon","coordinates":[[[24.643244,42.191047],[24.643168,42.191059],[24.643199,42.191119],[24.643428,42.19108],[24.643417,42.191042],[24.643251,42.191072],[24.643244,42.191047]]]},"properties":{"num":2}},{"type":"Feature","geometry":{"type":"Polygon","coordinates":[[[24.643855,42.189744],[24.643954,42.18984],[24.644095,42.189759],[24.643996,42.189663],[24.643855,42.189744]]]},"properties":{"num":1}},{"type":"Feature","geometry":{"type":"Polygon","coordinates":[[[24.643865,42.189754],[24.64379,42.189796],[24.643862,42.189867],[24.643938,42.189824],[24.643865,42.189754]]]},"properties":{"num":2}},{"type":"Feature","geometry":{"type":"Polygon","coordinates":[[[24.642928,42.190416],[24.642983,42.190504],[24.643146,42.190447],[24.64309,42.19036],[24.642928,42.190416]]]},"properties":{"num":1}},{"type":"Feature","geometry":{"type":"Polygon","coordinates":[[[24.642898,42.190504],[24.642934,42.190561],[24.643033,42.190526],[24.643013,42.190493],[24.642983,42.190504],[24.642968,42.19048],[24.642898,42.190504]]]},"properties":{"num":2}},{"type":"Feature","geometry":{"type":"Polygon","coordinates":[[[24.643024,42.190569],[24.64308,42.190657],[24.643242,42.1906],[24.643187,42.190513],[24.643024,42.190569]]]},"properties":{"num":1}},{"type":"Feature","geometry":{"type":"Polygon","coordinates":[[[24.643033,42.190526],[24.642928,42.190563],[24.642963,42.190618],[24.643038,42.190591],[24.643024,42.190569],[24.643054,42.190559],[24.643033,42.190526]]]},"properties":{"num":2}},{"type":"Feature","geometry":{"type":"Polygon","coordinates":[[[24.641652,42.198077],[24.641721,42.198028],[24.641793,42.198031],[24.641802,42.197946],[24.641604,42.197936],[24.6416,42.197973],[24.641544,42.19797],[24.641543,42.197975],[24.641652,42.198077]]]},"properties":{"num":1}},{"type":"Feature","geometry":{"type":"Polygon","coordinates":[[[24.641906,42.197726],[24.640737,42.19767],[24.640717,42.197894],[24.641886,42.19795],[24.641906,42.197726]]]},"properties":{"num":2}},{"type":"Feature","geometry":{"type":"Polygon","coordinates":[[[24.639056,42.197088],[24.639198,42.197085],[24.639193,42.197027],[24.639137,42.197029],[24.639136,42.197011],[24.639096,42.197012],[24.639097,42.197029],[24.639052,42.19703],[24.639056,42.197088]]]},"properties":{"num":1}},{"type":"Feature","geometry":{"type":"Polygon","coordinates":[[[24.635545,42.194554],[24.635414,42.194602],[24.63543,42.194627],[24.635545,42.194608],[24.63557,42.194594],[24.635545,42.194554]]]},"properties":{"num":1}},{"type":"Feature","geometry":{"type":"Polygon","coordinates":[[[24.635545,42.194554],[24.635517,42.194512],[24.635387,42.19456],[24.635414,42.194602],[24.635545,42.194554]]]},"properties":{"num":2}},{"type":"Feature","geometry":{"type":"Polygon","coordinates":[[[24.634939,42.194659],[24.634936,42.194635],[24.634907,42.194637],[24.634888,42.194521],[24.63485,42.194523],[24.634873,42.194664],[24.634939,42.194659]]]},"properties":{"num":3}},{"type":"Feature","geometry":{"type":"Polygon","coordinates":[[[24.635507,42.194835],[24.635486,42.194812],[24.635454,42.194828],[24.635475,42.194851],[24.635507,42.194835]]]},"properties":{"num":1}},{"type":"Feature","geometry":{"type":"Polygon","coordinates":[[[24.635527,42.194857],[24.635507,42.194835],[24.635475,42.194851],[24.635496,42.194873],[24.635527,42.194857]]]},"properties":{"num":2}},{"type":"Feature","geometry":{"type":"Polygon","coordinates":[[[24.635592,42.194471],[24.635532,42.194421],[24.635452,42.194439],[24.635458,42.19448],[24.635592,42.194471]]]},"properties":{"num":1}},{"type":"Feature","geometry":{"type":"Polygon","coordinates":[[[24.646111,42.193161],[24.646218,42.193169],[24.646222,42.1931],[24.646115,42.193093],[24.646111,42.193161]]]},"properties":{"num":1}},{"type":"Feature","geometry":{"type":"Polygon","coordinates":[[[24.646254,42.192824],[24.646156,42.19282],[24.64615,42.192892],[24.646246,42.192896],[24.646254,42.192824]]]},"properties":{"num":1}},{"type":"Feature","geometry":{"type":"Polygon","coordinates":[[[24.646246,42.192896],[24.646304,42.192899],[24.646313,42.192828],[24.646254,42.192824],[24.646246,42.192896]]]},"properties":{"num":2}},{"type":"Feature","geometry":{"type":"Polygon","coordinates":[[[24.646156,42.19282],[24.646092,42.192818],[24.646091,42.192841],[24.646154,42.192843],[24.646156,42.19282]]]},"properties":{"num":3}},{"type":"Feature","geometry":{"type":"Polygon","coordinates":[[[24.646096,42.192768],[24.646129,42.192768],[24.64613,42.192745],[24.646096,42.192746],[24.646096,42.192768]]]},"properties":{"num":4}},{"type":"Feature","geometry":{"type":"Polygon","coordinates":[[[24.645287,42.192641],[24.646015,42.192597],[24.646007,42.192482],[24.645276,42.192526],[24.645287,42.192641]]]},"properties":{"num":1}},{"type":"Feature","geometry":{"type":"Polygon","coordinates":[[[24.645997,42.192257],[24.646023,42.19253],[24.646211,42.19252],[24.646185,42.192248],[24.645997,42.192257]]]},"properties":{"num":2}},{"type":"Feature","geometry":{"type":"Polygon","coordinates":[[[24.646661,42.193058],[24.646485,42.193049],[24.646476,42.193134],[24.646651,42.193144],[24.646661,42.193058]]]},"properties":{"num":1}},{"type":"Feature","geometry":{"type":"Polygon","coordinates":[[[24.64687,42.193069],[24.646661,42.193058],[24.646651,42.193144],[24.646859,42.193155],[24.64687,42.193069]]]},"properties":{"num":2}},{"type":"Feature","geometry":{"type":"Polygon","coordinates":[[[24.646498,42.192905],[24.646495,42.19295],[24.646627,42.192954],[24.64663,42.192909],[24.646498,42.192905]]]},"properties":{"num":3}},{"type":"Feature","geometry":{"type":"Polygon","coordinates":[[[24.646859,42.193155],[24.64695,42.193159],[24.646956,42.193126],[24.64703,42.19313],[24.647035,42.193078],[24.64687,42.193069],[24.646859,42.193155]]]},"properties":{"num":1}},{"type":"Feature","geometry":{"type":"Polygon","coordinates":[[[24.646983,42.192809],[24.647102,42.192815],[24.647146,42.192361],[24.647028,42.192355],[24.646983,42.192809]]]},"properties":{"num":1}},{"type":"Feature","geometry":{"type":"Polygon","coordinates":[[[24.647525,42.192837],[24.647643,42.192844],[24.647684,42.192422],[24.647566,42.192415],[24.647525,42.192837]]]},"properties":{"num":1}},{"type":"Feature","geometry":{"type":"Polygon","coordinates":[[[24.645872,42.193131],[24.645905,42.193133],[24.645917,42.193119],[24.645929,42.19312],[24.645931,42.193092],[24.645854,42.193087],[24.645852,42.193116],[24.645864,42.193116],[24.645872,42.193131]]]},"properties":{"num":1}},{"type":"Feature","geometry":{"type":"Polygon","coordinates":[[[24.645559,42.193138],[24.645595,42.193139],[24.645598,42.193113],[24.645561,42.193112],[24.645559,42.193138]]]},"properties":{"num":2}},{"type":"Feature","geometry":{"type":"Polygon","coordinates":[[[24.645234,42.193065],[24.645508,42.193079],[24.645513,42.192998],[24.645241,42.192983],[24.645234,42.193065]]]},"properties":{"num":1}},{"type":"Feature","geometry":{"type":"Polygon","coordinates":[[[24.645234,42.193065],[24.645234,42.1931],[24.645508,42.193116],[24.645508,42.193079],[24.645234,42.193065]]]},"properties":{"num":2}},{"type":"Feature","geometry":{"type":"Polygon","coordinates":[[[24.645237,42.192983],[24.645266,42.192985],[24.645271,42.192937],[24.645243,42.192935],[24.645237,42.192983]]]},"properties":{"num":3}},{"type":"Feature","geometry":{"type":"Polygon","coordinates":[[[24.649077,42.19162],[24.647616,42.191558],[24.647606,42.191672],[24.648045,42.191691],[24.648009,42.192155],[24.648301,42.192167],[24.648295,42.192244],[24.649024,42.192275],[24.649077,42.19162]]]},"properties":{"num":1}},{"type":"Feature","geometry":{"type":"Polygon","coordinates":[[[24.648045,42.191691],[24.647606,42.191672],[24.647568,42.192211],[24.648,42.192229],[24.648045,42.191691]]]},"properties":{"num":2}},{"type":"Feature","geometry":{"type":"Polygon","coordinates":[[[24.648301,42.192167],[24.648009,42.192155],[24.648,42.192229],[24.648295,42.192242],[24.648301,42.192167]]]},"properties":{"num":3}},{"type":"Feature","geometry":{"type":"Polygon","coordinates":[[[24.647084,42.191686],[24.647069,42.19159],[24.647057,42.19159],[24.64705,42.191542],[24.646867,42.191558],[24.646889,42.191703],[24.647084,42.191686]]]},"properties":{"num":4}},{"type":"Feature","geometry":{"type":"Polygon","coordinates":[[[24.647718,42.191405],[24.64769,42.191138],[24.6476,42.191143],[24.647629,42.19141],[24.647718,42.191405]]]},"properties":{"num":5}},{"type":"Feature","geometry":{"type":"Polygon","coordinates":[[[24.649494,42.191655],[24.6495,42.191577],[24.649554,42.191579],[24.649561,42.191481],[24.649507,42.19148],[24.649394,42.191494],[24.649395,42.191478],[24.649349,42.191477],[24.649239,42.191493],[24.649232,42.191579],[24.649315,42.191583],[24.64931,42.191647],[24.649494,42.191655]]]},"properties":{"num":6}},{"type":"Feature","geometry":{"type":"Polygon","coordinates":[[[24.647634,42.193203],[24.647585,42.193201],[24.647577,42.193291],[24.647626,42.193293],[24.647634,42.193203]]]},"properties":{"num":7}},{"type":"Feature","geometry":{"type":"Polygon","coordinates":[[[24.647654,42.192982],[24.647605,42.19298],[24.647599,42.193043],[24.647648,42.193046],[24.647654,42.192982]]]},"properties":{"num":8}},{"type":"Feature","geometry":{"type":"Polygon","coordinates":[[[24.647599,42.192979],[24.647561,42.192977],[24.647555,42.19303],[24.647595,42.193032],[24.647599,42.192979]]]},"properties":{"num":9}},{"type":"Feature","geometry":{"type":"Polygon","coordinates":[[[24.647561,42.192977],[24.647162,42.192961],[24.647158,42.193012],[24.647555,42.19303],[24.647561,42.192977]]]},"properties":{"num":10}},{"type":"Feature","geometry":{"type":"Polygon","coordinates":[[[24.649239,42.191493],[24.649349,42.191477],[24.649395,42.191478],[24.649394,42.191494],[24.649507,42.19148],[24.649561,42.191481],[24.649569,42.19137],[24.649249,42.191357],[24.649239,42.191493]]]},"properties":{"num":11}},{"type":"Feature","geometry":{"type":"Polygon","coordinates":[[[24.649391,42.192013],[24.649279,42.192008],[24.649275,42.192062],[24.649387,42.192067],[24.649391,42.192013]]]},"properties":{"num":12}},{"type":"Feature","geometry":{"type":"Polygon","coordinates":[[[24.636835,42.196667],[24.636833,42.19666],[24.63687,42.196653],[24.636857,42.196617],[24.636735,42.196643],[24.636751,42.196685],[24.636835,42.196667]]]},"properties":{"num":2}},{"type":"Feature","geometry":{"type":"Polygon","coordinates":[[[24.637062,42.196707],[24.637049,42.196671],[24.636964,42.196688],[24.636978,42.196724],[24.637062,42.196707]]]},"properties":{"num":3}},{"type":"Feature","geometry":{"type":"Polygon","coordinates":[[[24.636768,42.196751],[24.636792,42.196744],[24.636783,42.196722],[24.636759,42.196727],[24.636768,42.196751]]]},"properties":{"num":4}},{"type":"Feature","geometry":{"type":"Polygon","coordinates":[[[24.63692,42.196736],[24.636903,42.196689],[24.636813,42.196708],[24.636833,42.196756],[24.63692,42.196736]]]},"properties":{"num":5}},{"type":"Feature","geometry":{"type":"Polygon","coordinates":[[[24.636853,42.196773],[24.636846,42.196753],[24.636833,42.196756],[24.636825,42.196735],[24.636768,42.196751],[24.636782,42.196788],[24.636853,42.196773]]]},"properties":{"num":6}},{"type":"Feature","geometry":{"type":"Polygon","coordinates":[[[24.636711,42.196605],[24.636854,42.196574],[24.63682,42.196502],[24.636717,42.196524],[24.63671,42.196509],[24.636679,42.196516],[24.636711,42.196605]]]},"properties":{"num":1}},{"type":"Feature","geometry":{"type":"Polygon","coordinates":[[[24.636654,42.196455],[24.636679,42.196516],[24.63671,42.196509],[24.636694,42.196466],[24.636744,42.196456],[24.636739,42.196437],[24.636654,42.196455]]]},"properties":{"num":2}},{"type":"Feature","geometry":{"type":"Polygon","coordinates":[[[24.637073,42.196363],[24.637031,42.196374],[24.637033,42.196388],[24.637,42.19639],[24.637006,42.19643],[24.637039,42.196428],[24.637043,42.196454],[24.637085,42.19645],[24.637073,42.196363]]]},"properties":{"num":3}},{"type":"Feature","geometry":{"type":"Polygon","coordinates":[[[24.637418,42.1964],[24.637402,42.196358],[24.637358,42.196367],[24.637352,42.19635],[24.637268,42.196367],[24.63729,42.196426],[24.637418,42.1964]]]},"properties":{"num":1}},{"type":"Feature","geometry":{"type":"Polygon","coordinates":[[[24.63729,42.196426],[24.637268,42.196367],[24.637179,42.196383],[24.637201,42.196443],[24.63729,42.196426]]]},"properties":{"num":2}},{"type":"Feature","geometry":{"type":"Polygon","coordinates":[[[24.637424,42.196285],[24.637371,42.196296],[24.637385,42.196349],[24.637443,42.196335],[24.637424,42.196285]]]},"properties":{"num":3}},{"type":"Feature","geometry":{"type":"Polygon","coordinates":[[[24.637073,42.196363],[24.637089,42.196493],[24.637141,42.196487],[24.637128,42.196419],[24.637122,42.196419],[24.637113,42.196353],[24.637073,42.196363]]]},"properties":{"num":4}},{"type":"Feature","geometry":{"type":"Polygon","coordinates":[[[24.637381,42.196881],[24.637431,42.19688],[24.637428,42.196852],[24.637378,42.196854],[24.637381,42.196881]]]},"properties":{"num":1}},{"type":"Feature","geometry":{"type":"Polygon","coordinates":[[[24.637818,42.196321],[24.637946,42.196297],[24.637924,42.196232],[24.637907,42.196236],[24.63791,42.196246],[24.637878,42.196253],[24.637874,42.19624],[24.637794,42.196258],[24.637818,42.196321]]]},"properties":{"num":1}},{"type":"Feature","geometry":{"type":"Polygon","coordinates":[[[24.637813,42.196323],[24.637825,42.196345],[24.637951,42.196319],[24.637946,42.196297],[24.637813,42.196323]]]},"properties":{"num":2}},{"type":"Feature","geometry":{"type":"Polygon","coordinates":[[[24.638019,42.196258],[24.637936,42.19627],[24.637951,42.196319],[24.638017,42.19631],[24.638019,42.196258]]]},"properties":{"num":3}},{"type":"Feature","geometry":{"type":"Polygon","coordinates":[[[24.638019,42.196258],[24.638017,42.196319],[24.638139,42.196315],[24.638139,42.196329],[24.638218,42.196327],[24.638213,42.196252],[24.638019,42.196258]]]},"properties":{"num":4}},{"type":"Feature","geometry":{"type":"Polygon","coordinates":[[[24.638363,42.196092],[24.638281,42.196109],[24.638316,42.196223],[24.638322,42.196223],[24.638343,42.196286],[24.63842,42.196274],[24.638363,42.196092]]]},"properties":{"num":5}},{"type":"Feature","geometry":{"type":"Polygon","coordinates":[[[24.63842,42.196274],[24.638365,42.196282],[24.638396,42.196371],[24.638447,42.196363],[24.63842,42.196274]]]},"properties":{"num":6}},{"type":"Feature","geometry":{"type":"Polygon","coordinates":[[[24.638489,42.196795],[24.638478,42.196732],[24.638407,42.196739],[24.638417,42.196802],[24.638489,42.196795]]]},"properties":{"num":1}},{"type":"Feature","geometry":{"type":"Polygon","coordinates":[[[24.638469,42.196435],[24.638447,42.196363],[24.63835,42.196381],[24.638365,42.196429],[24.638417,42.196419],[24.638424,42.196443],[24.638469,42.196435]]]},"properties":{"num":1}},{"type":"Feature","geometry":{"type":"Polygon","coordinates":[[[24.638907,42.196028],[24.638837,42.196042],[24.638871,42.196138],[24.638947,42.196122],[24.638907,42.196028]]]},"properties":{"num":1}},{"type":"Feature","geometry":{"type":"Polygon","coordinates":[[[24.638968,42.196172],[24.638947,42.196122],[24.638871,42.196138],[24.638891,42.19619],[24.638968,42.196172]]]},"properties":{"num":2}},{"type":"Feature","geometry":{"type":"Polygon","coordinates":[[[24.638877,42.196152],[24.638863,42.196115],[24.638818,42.196125],[24.638831,42.196161],[24.638877,42.196152]]]},"properties":{"num":3}},{"type":"Feature","geometry":{"type":"Polygon","coordinates":[[[24.638831,42.196161],[24.638818,42.196125],[24.638686,42.196154],[24.638699,42.196189],[24.638831,42.196161]]]},"properties":{"num":4}},{"type":"Feature","geometry":{"type":"Polygon","coordinates":[[[24.638651,42.196033],[24.638606,42.196042],[24.63863,42.196095],[24.63867,42.196087],[24.638651,42.196033]]]},"properties":{"num":7}},{"type":"Feature","geometry":{"type":"Polygon","coordinates":[[[24.63867,42.196087],[24.638717,42.196077],[24.638697,42.196023],[24.638651,42.196033],[24.63867,42.196087]]]},"properties":{"num":8}},{"type":"Feature","geometry":{"type":"Polygon","coordinates":[[[24.638678,42.196225],[24.638606,42.196042],[24.638513,42.196061],[24.638483,42.196086],[24.638534,42.196251],[24.638678,42.196225]]]},"properties":{"num":9}},{"type":"Feature","geometry":{"type":"Polygon","coordinates":[[[24.639468,42.196747],[24.639463,42.196717],[24.639446,42.196719],[24.639436,42.196661],[24.639336,42.196669],[24.639351,42.196764],[24.639453,42.196756],[24.639451,42.196748],[24.639468,42.196747]]]},"properties":{"num":1}},{"type":"Feature","geometry":{"type":"Polygon","coordinates":[[[24.639329,42.196811],[24.639319,42.196755],[24.639252,42.196759],[24.639259,42.196817],[24.639329,42.196811]]]},"properties":{"num":2}},{"type":"Feature","geometry":{"type":"Polygon","coordinates":[[[24.639252,42.196759],[24.639181,42.196764],[24.639194,42.196821],[24.639259,42.196817],[24.639252,42.196759]]]},"properties":{"num":3}},{"type":"Feature","geometry":{"type":"Polygon","coordinates":[[[24.639194,42.196821],[24.639181,42.196764],[24.639085,42.196769],[24.639091,42.196829],[24.639194,42.196821]]]},"properties":{"num":4}},{"type":"Feature","geometry":{"type":"Polygon","coordinates":[[[24.638947,42.196122],[24.639021,42.196107],[24.63899,42.196026],[24.639005,42.196023],[24.639,42.196009],[24.638907,42.196028],[24.638947,42.196122]]]},"properties":{"num":1}},{"type":"Feature","geometry":{"type":"Polygon","coordinates":[[[24.639195,42.195971],[24.639078,42.195996],[24.639091,42.196029],[24.639165,42.196013],[24.639173,42.196034],[24.639215,42.196025],[24.639195,42.195971]]]},"properties":{"num":2}},{"type":"Feature","geometry":{"type":"Polygon","coordinates":[[[24.639292,42.195991],[24.639315,42.195986],[24.639305,42.195965],[24.639283,42.195971],[24.639292,42.195991]]]},"properties":{"num":1}},{"type":"Feature","geometry":{"type":"Polygon","coordinates":[[[24.639531,42.196749],[24.639578,42.196745],[24.639582,42.196765],[24.639643,42.19676],[24.639626,42.196657],[24.639518,42.196666],[24.639531,42.196749]]]},"properties":{"num":1}},{"type":"Feature","geometry":{"type":"Polygon","coordinates":[[[24.639528,42.196725],[24.6395,42.196728],[24.639503,42.196751],[24.639531,42.196749],[24.639528,42.196725]]]},"properties":{"num":2}},{"type":"Feature","geometry":{"type":"Polygon","coordinates":[[[24.639838,42.19672],[24.639788,42.196725],[24.639799,42.196772],[24.639848,42.196767],[24.639838,42.19672]]]},"properties":{"num":3}},{"type":"Feature","geometry":{"type":"Polygon","coordinates":[[[24.639733,42.196778],[24.639713,42.196647],[24.639666,42.196652],[24.639685,42.196781],[24.639733,42.196778]]]},"properties":{"num":4}},{"type":"Feature","geometry":{"type":"Polygon","coordinates":[[[24.640008,42.196714],[24.640069,42.19671],[24.64007,42.196723],[24.640133,42.196719],[24.640124,42.196647],[24.640001,42.196654],[24.640008,42.196714]]]},"properties":{"num":1}},{"type":"Feature","geometry":{"type":"Polygon","coordinates":[[[24.640001,42.196654],[24.63995,42.196658],[24.639956,42.196712],[24.640007,42.196708],[24.640001,42.196654]]]},"properties":{"num":2}},{"type":"Feature","geometry":{"type":"Polygon","coordinates":[[[24.640063,42.196756],[24.640058,42.196711],[24.640008,42.196714],[24.640007,42.196708],[24.639956,42.196712],[24.639961,42.196763],[24.640063,42.196756]]]},"properties":{"num":3}},{"type":"Feature","geometry":{"type":"Polygon","coordinates":[[[24.639961,42.196763],[24.639957,42.196725],[24.639875,42.196734],[24.639866,42.196687],[24.639832,42.196691],[24.639849,42.196772],[24.639961,42.196763]]]},"properties":{"num":4}},{"type":"Feature","geometry":{"type":"Polygon","coordinates":[[[24.639832,42.196691],[24.639866,42.196687],[24.63985,42.196631],[24.639821,42.196634],[24.639832,42.196691]]]},"properties":{"num":5}},{"type":"Feature","geometry":{"type":"Polygon","coordinates":[[[24.64002,42.196387],[24.640021,42.196394],[24.640082,42.196388],[24.640069,42.196306],[24.639957,42.196315],[24.639969,42.196391],[24.64002,42.196387]]]},"properties":{"num":1}},{"type":"Feature","geometry":{"type":"Polygon","coordinates":[[[24.639969,42.196391],[24.639957,42.196315],[24.639882,42.19632],[24.639891,42.196398],[24.639969,42.196391]]]},"properties":{"num":2}},{"type":"Feature","geometry":{"type":"Polygon","coordinates":[[[24.639969,42.196391],[24.639973,42.196417],[24.640086,42.196407],[24.640082,42.196388],[24.640021,42.196394],[24.64002,42.196387],[24.639969,42.196391]]]},"properties":{"num":3}},{"type":"Feature","geometry":{"type":"Polygon","coordinates":[[[24.639945,42.196468],[24.639938,42.196426],[24.639842,42.196436],[24.63985,42.196478],[24.639945,42.196468]]]},"properties":{"num":4}},{"type":"Feature","geometry":{"type":"Polygon","coordinates":[[[24.639796,42.196482],[24.63985,42.196478],[24.6398,42.196207],[24.639738,42.196215],[24.639796,42.196482]]]},"properties":{"num":5}},{"type":"Feature","geometry":{"type":"Polygon","coordinates":[[[24.6398,42.195807],[24.639665,42.195835],[24.639696,42.195915],[24.639844,42.195884],[24.639832,42.195856],[24.63982,42.195859],[24.6398,42.195807]]]},"properties":{"num":1}},{"type":"Feature","geometry":{"type":"Polygon","coordinates":[[[24.640281,42.19568],[24.640209,42.195713],[24.64022,42.195726],[24.640196,42.195737],[24.640239,42.195796],[24.640337,42.195756],[24.640281,42.19568]]]},"properties":{"num":1}},{"type":"Feature","geometry":{"type":"Polygon","coordinates":[[[24.6405,42.196429],[24.640497,42.196361],[24.640457,42.196362],[24.640456,42.196351],[24.640393,42.196353],[24.640394,42.196364],[24.640377,42.196364],[24.640379,42.196431],[24.6405,42.196429]]]},"properties":{"num":1}},{"type":"Feature","geometry":{"type":"Polygon","coordinates":[[[24.64061,42.196426],[24.640608,42.196377],[24.640498,42.19638],[24.6405,42.196429],[24.64061,42.196426]]]},"properties":{"num":2}},{"type":"Feature","geometry":{"type":"Polygon","coordinates":[[[24.640379,42.196431],[24.640381,42.196467],[24.640475,42.196466],[24.640474,42.19643],[24.640379,42.196431]]]},"properties":{"num":3}},{"type":"Feature","geometry":{"type":"Polygon","coordinates":[[[24.64053,42.196429],[24.640532,42.196464],[24.640612,42.196462],[24.64061,42.196426],[24.64053,42.196429]]]},"properties":{"num":4}},{"type":"Feature","geometry":{"type":"Polygon","coordinates":[[[24.640478,42.196503],[24.640478,42.196484],[24.640381,42.196485],[24.640383,42.196504],[24.640478,42.196503]]]},"properties":{"num":5}},{"type":"Feature","geometry":{"type":"Polygon","coordinates":[[[24.640614,42.196502],[24.640613,42.196481],[24.640533,42.196482],[24.640533,42.196502],[24.640614,42.196502]]]},"properties":{"num":6}},{"type":"Feature","geometry":{"type":"Polygon","coordinates":[[[24.640389,42.196582],[24.64038,42.196583],[24.640384,42.196626],[24.640508,42.196619],[24.640495,42.19653],[24.640385,42.196537],[24.640389,42.196582]]]},"properties":{"num":1}},{"type":"Feature","geometry":{"type":"Polygon","coordinates":[[[24.640581,42.196667],[24.640571,42.196637],[24.640396,42.19667],[24.640402,42.1967],[24.640581,42.196667]]]},"properties":{"num":2}},{"type":"Feature","geometry":{"type":"Polygon","coordinates":[[[24.641228,42.196442],[24.641214,42.196444],[24.641202,42.196411],[24.641142,42.196423],[24.641144,42.196427],[24.641127,42.196431],[24.641145,42.196483],[24.641164,42.196479],[24.641171,42.196497],[24.641246,42.196482],[24.641228,42.196442]]]},"properties":{"num":1}},{"type":"Feature","geometry":{"type":"Polygon","coordinates":[[[24.641206,42.196529],[24.64129,42.196507],[24.641284,42.196484],[24.641197,42.196504],[24.641206,42.196529]]]},"properties":{"num":2}},{"type":"Feature","geometry":{"type":"Polygon","coordinates":[[[24.641011,42.196573],[24.641121,42.196547],[24.641109,42.196518],[24.641,42.196543],[24.641011,42.196573]]]},"properties":{"num":3}},{"type":"Feature","geometry":{"type":"Polygon","coordinates":[[[24.64098,42.19658],[24.641011,42.196573],[24.640997,42.196535],[24.641008,42.196533],[24.640984,42.196475],[24.640943,42.196484],[24.64098,42.19658]]]},"properties":{"num":4}},{"type":"Feature","geometry":{"type":"Polygon","coordinates":[[[24.640796,42.19558],[24.640801,42.195587],[24.640868,42.195562],[24.640804,42.195463],[24.64069,42.195503],[24.640737,42.195577],[24.64073,42.19558],[24.640742,42.195601],[24.640796,42.19558]]]},"properties":{"num":1}},{"type":"Feature","geometry":{"type":"Polygon","coordinates":[[[24.640973,42.195661],[24.640974,42.195617],[24.640861,42.195615],[24.64086,42.195633],[24.640848,42.195632],[24.640845,42.19567],[24.640859,42.19567],[24.640857,42.195661],[24.640973,42.195661]]]},"properties":{"num":2}},{"type":"Feature","geometry":{"type":"Polygon","coordinates":[[[24.64074,42.195597],[24.640727,42.195602],[24.640769,42.195669],[24.640824,42.19565],[24.640783,42.195585],[24.640742,42.195601],[24.64074,42.195597]]]},"properties":{"num":3}},{"type":"Feature","geometry":{"type":"Polygon","coordinates":[[[24.640973,42.195661],[24.640857,42.195661],[24.640862,42.195692],[24.640973,42.19569],[24.640973,42.195661]]]},"properties":{"num":4}},{"type":"Feature","geometry":{"type":"Polygon","coordinates":[[[24.640719,42.195464],[24.640734,42.195488],[24.640804,42.195463],[24.640798,42.195455],[24.640805,42.195452],[24.640791,42.195434],[24.640719,42.195464]]]},"properties":{"num":5}},{"type":"Feature","geometry":{"type":"Polygon","coordinates":[[[24.640676,42.195482],[24.64069,42.195503],[24.640734,42.195488],[24.640719,42.195464],[24.640676,42.195482]]]},"properties":{"num":6}},{"type":"Feature","geometry":{"type":"Polygon","coordinates":[[[24.641215,42.195311],[24.641121,42.195349],[24.641141,42.195377],[24.641126,42.195383],[24.641144,42.195408],[24.641253,42.19536],[24.641215,42.195311]]]},"properties":{"num":1}},{"type":"Feature","geometry":{"type":"Polygon","coordinates":[[[24.641288,42.195347],[24.641222,42.195257],[24.641181,42.195273],[24.641253,42.19536],[24.641288,42.195347]]]},"properties":{"num":2}},{"type":"Feature","geometry":{"type":"Polygon","coordinates":[[[24.641355,42.195585],[24.641216,42.195606],[24.64123,42.195658],[24.641368,42.195639],[24.641355,42.195585]]]},"properties":{"num":3}},{"type":"Feature","geometry":{"type":"Polygon","coordinates":[[[24.641651,42.195589],[24.64176,42.195574],[24.641752,42.195547],[24.641643,42.195562],[24.641651,42.195589]]]},"properties":{"num":1}},{"type":"Feature","geometry":{"type":"Polygon","coordinates":[[[24.641499,42.19555],[24.64144,42.195559],[24.641471,42.19566],[24.641528,42.195652],[24.641499,42.19555]]]},"properties":{"num":2}},{"type":"Feature","geometry":{"type":"Polygon","coordinates":[[[24.641519,42.195182],[24.641594,42.19528],[24.641643,42.19526],[24.641648,42.195266],[24.641696,42.195246],[24.641617,42.195141],[24.641519,42.195182]]]},"properties":{"num":1}},{"type":"Feature","geometry":{"type":"Polygon","coordinates":[[[24.64178,42.195363],[24.641747,42.19537],[24.641744,42.195361],[24.641682,42.195375],[24.641704,42.19543],[24.641799,42.195409],[24.64178,42.195363]]]},"properties":{"num":2}},{"type":"Feature","geometry":{"type":"Polygon","coordinates":[[[24.641819,42.195463],[24.641799,42.195409],[24.641727,42.195425],[24.641748,42.195479],[24.641819,42.195463]]]},"properties":{"num":3}},{"type":"Feature","geometry":{"type":"Polygon","coordinates":[[[24.641845,42.196391],[24.641828,42.196325],[24.641697,42.196353],[24.641721,42.196417],[24.641845,42.196391]]]},"properties":{"num":1}},{"type":"Feature","geometry":{"type":"Polygon","coordinates":[[[24.641609,42.19644],[24.641598,42.196407],[24.6415,42.196425],[24.641512,42.19646],[24.641609,42.19644]]]},"properties":{"num":2}},{"type":"Feature","geometry":{"type":"Polygon","coordinates":[[[24.641594,42.196394],[24.641495,42.196413],[24.6415,42.196425],[24.641598,42.196407],[24.641594,42.196394]]]},"properties":{"num":3}},{"type":"Feature","geometry":{"type":"Polygon","coordinates":[[[24.641721,42.196417],[24.641694,42.196345],[24.641655,42.196352],[24.641658,42.196362],[24.641684,42.196356],[24.641688,42.196366],[24.641662,42.196371],[24.641665,42.196379],[24.641594,42.196394],[24.641609,42.19644],[24.641721,42.196417]]]},"properties":{"num":4}},{"type":"Feature","geometry":{"type":"Polygon","coordinates":[[[24.641479,42.196468],[24.641512,42.19646],[24.641493,42.196405],[24.641459,42.196412],[24.641479,42.196468]]]},"properties":{"num":5}},{"type":"Feature","geometry":{"type":"Polygon","coordinates":[[[24.642063,42.196292],[24.642052,42.196251],[24.64193,42.19627],[24.641941,42.196312],[24.642063,42.196292]]]},"properties":{"num":1}},{"type":"Feature","geometry":{"type":"Polygon","coordinates":[[[24.64201,42.196301],[24.64198,42.196306],[24.641986,42.196327],[24.642016,42.196322],[24.64201,42.196301]]]},"properties":{"num":2}},{"type":"Feature","geometry":{"type":"Polygon","coordinates":[[[24.64193,42.19627],[24.641841,42.196284],[24.641853,42.196327],[24.641941,42.196312],[24.64193,42.19627]]]},"properties":{"num":3}},{"type":"Feature","geometry":{"type":"Polygon","coordinates":[[[24.642063,42.196292],[24.64201,42.196301],[24.642016,42.19633],[24.642074,42.19632],[24.642063,42.196292]]]},"properties":{"num":4}},{"type":"Feature","geometry":{"type":"Polygon","coordinates":[[[24.642608,42.196111],[24.64274,42.196072],[24.642692,42.195989],[24.642561,42.196027],[24.642608,42.196111]]]},"properties":{"num":1}},{"type":"Feature","geometry":{"type":"Polygon","coordinates":[[[24.642566,42.196104],[24.642586,42.196096],[24.642539,42.196015],[24.642511,42.196023],[24.642566,42.196104]]]},"properties":{"num":2}},{"type":"Feature","geometry":{"type":"Polygon","coordinates":[[[24.642892,42.196013],[24.642933,42.195999],[24.642886,42.195927],[24.642808,42.195954],[24.642852,42.196027],[24.642863,42.196023],[24.642868,42.196031],[24.642897,42.196021],[24.642892,42.196013]]]},"properties":{"num":1}},{"type":"Feature","geometry":{"type":"Polygon","coordinates":[[[24.642933,42.195999],[24.642892,42.196013],[24.642897,42.196021],[24.642939,42.196006],[24.642933,42.195999]]]},"properties":{"num":2}},{"type":"Feature","geometry":{"type":"Polygon","coordinates":[[[24.642822,42.196065],[24.642847,42.196056],[24.642834,42.196034],[24.642809,42.196042],[24.642822,42.196065]]]},"properties":{"num":3}},{"type":"Feature","geometry":{"type":"Polygon","coordinates":[[[24.642272,42.195435],[24.642189,42.195297],[24.642069,42.195337],[24.642089,42.19537],[24.642102,42.195365],[24.642162,42.195471],[24.642272,42.195435]]]},"properties":{"num":2}},{"type":"Feature","geometry":{"type":"Polygon","coordinates":[[[24.642103,42.194949],[24.642097,42.19494],[24.642068,42.194951],[24.642109,42.195009],[24.642148,42.194992],[24.642153,42.194998],[24.642191,42.194982],[24.642151,42.194929],[24.642103,42.194949]]]},"properties":{"num":1}},{"type":"Feature","geometry":{"type":"Polygon","coordinates":[[[24.642211,42.194836],[24.642163,42.194857],[24.642246,42.194962],[24.642291,42.194939],[24.642211,42.194836]]]},"properties":{"num":2}},{"type":"Feature","geometry":{"type":"Polygon","coordinates":[[[24.642521,42.194941],[24.642469,42.194886],[24.642462,42.194891],[24.642448,42.194876],[24.642381,42.19491],[24.642387,42.194916],[24.642358,42.19493],[24.642375,42.194951],[24.642381,42.194948],[24.642407,42.194977],[24.642403,42.194979],[24.642425,42.195004],[24.642518,42.194959],[24.642513,42.194952],[24.642474,42.194966],[24.642521,42.194941]]]},"properties":{"num":1}},{"type":"Feature","geometry":{"type":"Polygon","coordinates":[[[24.642265,42.194808],[24.642282,42.194828],[24.642302,42.194818],[24.642286,42.194799],[24.642265,42.194808]]]},"properties":{"num":2}},{"type":"Feature","geometry":{"type":"Polygon","coordinates":[[[24.643107,42.195902],[24.64298,42.195715],[24.642886,42.19575],[24.642905,42.195778],[24.64288,42.195787],[24.642948,42.195888],[24.642972,42.195879],[24.642984,42.195898],[24.643009,42.195888],[24.643036,42.195929],[24.643107,42.195902]]]},"properties":{"num":4}},{"type":"Feature","geometry":{"type":"Polygon","coordinates":[[[24.643257,42.195859],[24.643181,42.195889],[24.643203,42.195919],[24.643278,42.195888],[24.643257,42.195859]]]},"properties":{"num":1}},{"type":"Feature","geometry":{"type":"Polygon","coordinates":[[[24.64322,42.195874],[24.643209,42.195858],[24.643171,42.195874],[24.643181,42.195889],[24.64322,42.195874]]]},"properties":{"num":2}},{"type":"Feature","geometry":{"type":"Polygon","coordinates":[[[24.643203,42.195919],[24.643185,42.195894],[24.643163,42.195905],[24.643181,42.195928],[24.643203,42.195919]]]},"properties":{"num":3}},{"type":"Feature","geometry":{"type":"Polygon","coordinates":[[[24.643547,42.195815],[24.643517,42.19583],[24.64353,42.195845],[24.643561,42.19583],[24.643547,42.195815]]]},"properties":{"num":1}},{"type":"Feature","geometry":{"type":"Polygon","coordinates":[[[24.643978,42.195662],[24.644105,42.19562],[24.644063,42.195551],[24.643935,42.195594],[24.643978,42.195662]]]},"properties":{"num":1}},{"type":"Feature","geometry":{"type":"Polygon","coordinates":[[[24.643976,42.195714],[24.644013,42.195702],[24.643986,42.195659],[24.643978,42.195662],[24.643918,42.195567],[24.643884,42.195597],[24.643976,42.195714]]]},"properties":{"num":2}},{"type":"Feature","geometry":{"type":"Polygon","coordinates":[[[24.6441,42.195671],[24.644217,42.195632],[24.644215,42.195607],[24.64419,42.195608],[24.644081,42.195646],[24.6441,42.195671]]]},"properties":{"num":3}},{"type":"Feature","geometry":{"type":"Polygon","coordinates":[[[24.643848,42.195353],[24.643714,42.195481],[24.64386,42.195566],[24.643884,42.195597],[24.643979,42.195513],[24.644035,42.195546],[24.644101,42.195498],[24.643848,42.195353]]]},"properties":{"num":4}},{"type":"Feature","geometry":{"type":"Polygon","coordinates":[[[24.63888,42.196646],[24.638852,42.196569],[24.638706,42.196601],[24.63872,42.196641],[24.63873,42.196639],[24.638744,42.196676],[24.63888,42.196646]]]},"properties":{"num":1}},{"type":"Feature","geometry":{"type":"Polygon","coordinates":[[[24.638712,42.196566],[24.638701,42.196533],[24.638626,42.196546],[24.638637,42.196581],[24.638712,42.196566]]]},"properties":{"num":2}},{"type":"Feature","geometry":{"type":"Polygon","coordinates":[[[24.638756,42.196709],[24.63873,42.196639],[24.63872,42.196641],[24.638706,42.196601],[24.638646,42.196612],[24.638681,42.196721],[24.638756,42.196709]]]},"properties":{"num":3}},{"type":"Feature","geometry":{"type":"Polygon","coordinates":[[[24.643215,42.194852],[24.643263,42.194812],[24.643232,42.194791],[24.643184,42.194835],[24.643215,42.194852]]]},"properties":{"num":1}},{"type":"Feature","geometry":{"type":"Polygon","coordinates":[[[24.643043,42.194714],[24.642999,42.194691],[24.642975,42.194714],[24.64302,42.194739],[24.643043,42.194714]]]},"properties":{"num":2}},{"type":"Feature","geometry":{"type":"Polygon","coordinates":[[[24.643287,42.194752],[24.643191,42.194696],[24.643134,42.194751],[24.643223,42.1948],[24.643242,42.194781],[24.643251,42.194786],[24.643287,42.194752]]]},"properties":{"num":3}},{"type":"Feature","geometry":{"type":"Polygon","coordinates":[[[24.642701,42.194448],[24.64284,42.194409],[24.642807,42.194341],[24.642667,42.194378],[24.642701,42.194448]]]},"properties":{"num":1}},{"type":"Feature","geometry":{"type":"Polygon","coordinates":[[[24.642909,42.19435],[24.64284,42.19437],[24.642872,42.194431],[24.642939,42.194408],[24.642909,42.19435]]]},"properties":{"num":2}},{"type":"Feature","geometry":{"type":"Polygon","coordinates":[[[24.642662,42.194543],[24.642766,42.194514],[24.642726,42.194441],[24.642652,42.19446],[24.642662,42.194543]]]},"properties":{"num":3}},{"type":"Feature","geometry":{"type":"Polygon","coordinates":[[[24.642704,42.194566],[24.64274,42.194551],[24.642723,42.194526],[24.642662,42.194543],[24.642704,42.194566]]]},"properties":{"num":4}},{"type":"Feature","geometry":{"type":"Polygon","coordinates":[[[24.643129,42.194333],[24.64311,42.194292],[24.642909,42.19435],[24.64293,42.19439],[24.643129,42.194333]]]},"properties":{"num":5}},{"type":"Feature","geometry":{"type":"Polygon","coordinates":[[[24.643332,42.194161],[24.643282,42.194174],[24.643279,42.194166],[24.64319,42.194187],[24.643218,42.194256],[24.643359,42.194223],[24.643332,42.194161]]]},"properties":{"num":1}},{"type":"Feature","geometry":{"type":"Polygon","coordinates":[[[24.643359,42.194223],[24.643409,42.19421],[24.643376,42.194138],[24.643326,42.194151],[24.643359,42.194223]]]},"properties":{"num":2}},{"type":"Feature","geometry":{"type":"Polygon","coordinates":[[[24.643359,42.194223],[24.643305,42.194235],[24.643333,42.194293],[24.643383,42.194282],[24.643359,42.194223]]]},"properties":{"num":3}},{"type":"Feature","geometry":{"type":"Polygon","coordinates":[[[24.643333,42.194293],[24.643362,42.19435],[24.643406,42.19434],[24.643383,42.194282],[24.643333,42.194293]]]},"properties":{"num":4}},{"type":"Feature","geometry":{"type":"Polygon","coordinates":[[[24.643305,42.194235],[24.643218,42.194256],[24.64322,42.194259],[24.64311,42.194292],[24.643129,42.194333],[24.643325,42.194277],[24.643305,42.194235]]]},"properties":{"num":5}},{"type":"Feature","geometry":{"type":"Polygon","coordinates":[[[24.642965,42.194023],[24.643056,42.19412],[24.643099,42.194094],[24.643009,42.193998],[24.642965,42.194023]]]},"properties":{"num":6}},{"type":"Feature","geometry":{"type":"Polygon","coordinates":[[[24.643446,42.194413],[24.643495,42.194503],[24.643553,42.194486],[24.643505,42.194399],[24.643446,42.194413]]]},"properties":{"num":7}},{"type":"Feature","geometry":{"type":"Polygon","coordinates":[[[24.644105,42.193545],[24.644054,42.193484],[24.644014,42.193504],[24.644009,42.193498],[24.643963,42.193522],[24.64402,42.19359],[24.644105,42.193545]]]},"properties":{"num":1}},{"type":"Feature","geometry":{"type":"Polygon","coordinates":[[[24.644128,42.193532],[24.644088,42.193554],[24.644106,42.193576],[24.644141,42.193558],[24.644128,42.193532]]]},"properties":{"num":2}},{"type":"Feature","geometry":{"type":"Polygon","coordinates":[[[24.644128,42.193532],[24.644094,42.193492],[24.64407,42.193503],[24.644105,42.193545],[24.644128,42.193532]]]},"properties":{"num":3}},{"type":"Feature","geometry":{"type":"Polygon","coordinates":[[[24.643935,42.193534],[24.643963,42.193522],[24.643925,42.193454],[24.64389,42.193473],[24.643935,42.193534]]]},"properties":{"num":4}},{"type":"Feature","geometry":{"type":"Polygon","coordinates":[[[24.644156,42.193962],[24.644179,42.194022],[24.644362,42.193956],[24.644327,42.193901],[24.644156,42.193962]]]},"properties":{"num":5}},{"type":"Feature","geometry":{"type":"Polygon","coordinates":[[[24.644255,42.193443],[24.644208,42.193393],[24.644117,42.193441],[24.644165,42.193491],[24.644255,42.193443]]]},"properties":{"num":1}},{"type":"Feature","geometry":{"type":"Polygon","coordinates":[[[24.64444,42.193707],[24.644409,42.193715],[24.644425,42.19375],[24.644458,42.193741],[24.64444,42.193707]]]},"properties":{"num":2}},{"type":"Feature","geometry":{"type":"Polygon","coordinates":[[[24.644458,42.193741],[24.644383,42.193761],[24.644431,42.193853],[24.644452,42.193845],[24.644467,42.193874],[24.644519,42.193854],[24.644458,42.193741]]]},"properties":{"num":3}},{"type":"Feature","geometry":{"type":"Polygon","coordinates":[[[24.644369,42.193955],[24.644392,42.19399],[24.644556,42.193928],[24.644538,42.193892],[24.644369,42.193955]]]},"properties":{"num":4}},{"type":"Feature","geometry":{"type":"Polygon","coordinates":[[[24.643626,42.19328],[24.643728,42.193379],[24.643797,42.19334],[24.643693,42.19324],[24.643626,42.19328]]]},"properties":{"num":1}},{"type":"Feature","geometry":{"type":"Polygon","coordinates":[[[24.643735,42.193436],[24.643835,42.193376],[24.643806,42.193347],[24.643704,42.193405],[24.643735,42.193436]]]},"properties":{"num":2}},{"type":"Feature","geometry":{"type":"Polygon","coordinates":[[[24.643581,42.193232],[24.643619,42.193136],[24.643566,42.193124],[24.643552,42.193159],[24.643524,42.193154],[24.643501,42.193216],[24.643581,42.193232]]]},"properties":{"num":1}},{"type":"Feature","geometry":{"type":"Polygon","coordinates":[[[24.643075,42.193664],[24.642999,42.193709],[24.64306,42.193769],[24.643121,42.193734],[24.643117,42.19373],[24.643127,42.193725],[24.643101,42.193701],[24.643109,42.193696],[24.643075,42.193664]]]},"properties":{"num":1}},{"type":"Feature","geometry":{"type":"Polygon","coordinates":[[[24.643006,42.193666],[24.643028,42.193692],[24.643075,42.193664],[24.643052,42.193638],[24.643006,42.193666]]]},"properties":{"num":2}},{"type":"Feature","geometry":{"type":"Polygon","coordinates":[[[24.643052,42.193638],[24.643008,42.193588],[24.642963,42.193616],[24.643006,42.193666],[24.643052,42.193638]]]},"properties":{"num":3}},{"type":"Feature","geometry":{"type":"Polygon","coordinates":[[[24.643278,42.193699],[24.643249,42.19367],[24.643187,42.193705],[24.643219,42.193733],[24.643278,42.193699]]]},"properties":{"num":4}},{"type":"Feature","geometry":{"type":"Polygon","coordinates":[[[24.643252,42.193062],[24.643135,42.193039],[24.643121,42.193083],[24.643154,42.19309],[24.643145,42.193115],[24.643197,42.193126],[24.643205,42.1931],[24.643239,42.193106],[24.643252,42.193062]]]},"properties":{"num":1}},{"type":"Feature","geometry":{"type":"Polygon","coordinates":[[[24.643239,42.193106],[24.643277,42.193113],[24.64329,42.19307],[24.643252,42.193062],[24.643239,42.193106]]]},"properties":{"num":2}},{"type":"Feature","geometry":{"type":"Polygon","coordinates":[[[24.643348,42.193088],[24.643302,42.193085],[24.643298,42.19313],[24.643344,42.193132],[24.643348,42.193088]]]},"properties":{"num":3}},{"type":"Feature","geometry":{"type":"Polygon","coordinates":[[[24.642907,42.193055],[24.64293,42.192991],[24.642914,42.192987],[24.642909,42.193001],[24.642879,42.192995],[24.642884,42.192981],[24.642807,42.192967],[24.642784,42.193029],[24.642907,42.193055]]]},"properties":{"num":1}},{"type":"Feature","geometry":{"type":"Polygon","coordinates":[[[24.642778,42.192913],[24.642747,42.19299],[24.642793,42.193002],[24.642827,42.192924],[24.642778,42.192913]]]},"properties":{"num":2}},{"type":"Feature","geometry":{"type":"Polygon","coordinates":[[[24.642711,42.192947],[24.642607,42.192927],[24.642578,42.193008],[24.642685,42.193029],[24.642711,42.192947]]]},"properties":{"num":1}},{"type":"Feature","geometry":{"type":"Polygon","coordinates":[[[24.642597,42.192955],[24.64258,42.192952],[24.64256,42.193005],[24.642578,42.193008],[24.642597,42.192955]]]},"properties":{"num":2}},{"type":"Feature","geometry":{"type":"Polygon","coordinates":[[[24.642778,42.192913],[24.642726,42.192902],[24.642701,42.192981],[24.642747,42.19299],[24.642778,42.192913]]]},"properties":{"num":3}},{"type":"Feature","geometry":{"type":"Polygon","coordinates":[[[24.64273,42.193047],[24.642692,42.193038],[24.642658,42.193125],[24.642664,42.19315],[24.642693,42.193144],[24.64273,42.193047]]]},"properties":{"num":4}},{"type":"Feature","geometry":{"type":"Polygon","coordinates":[[[24.642444,42.192841],[24.642416,42.192913],[24.642459,42.192922],[24.642486,42.19285],[24.642444,42.192841]]]},"properties":{"num":5}},{"type":"Feature","geometry":{"type":"Polygon","coordinates":[[[24.642231,42.193017],[24.642198,42.192932],[24.642091,42.192957],[24.642104,42.192988],[24.642088,42.192992],[24.642097,42.193014],[24.642113,42.19301],[24.642126,42.193042],[24.642231,42.193017]]]},"properties":{"num":1}},{"type":"Feature","geometry":{"type":"Polygon","coordinates":[[[24.642217,42.192981],[24.642254,42.192974],[24.642233,42.192924],[24.642198,42.192932],[24.642217,42.192981]]]},"properties":{"num":2}},{"type":"Feature","geometry":{"type":"Polygon","coordinates":[[[24.642082,42.193087],[24.642244,42.193049],[24.642231,42.193017],[24.642067,42.193054],[24.642082,42.193087]]]},"properties":{"num":3}},{"type":"Feature","geometry":{"type":"Polygon","coordinates":[[[24.64228,42.193129],[24.642173,42.193153],[24.642195,42.193206],[24.642239,42.193197],[24.64224,42.193202],[24.642304,42.193187],[24.64228,42.193129]]]},"properties":{"num":1}},{"type":"Feature","geometry":{"type":"Polygon","coordinates":[[[24.642405,42.19337],[24.642379,42.19329],[24.64218,42.193328],[24.642213,42.193412],[24.642405,42.19337]]]},"properties":{"num":1}},{"type":"Feature","geometry":{"type":"Polygon","coordinates":[[[24.642405,42.193367],[24.642475,42.193352],[24.64245,42.193291],[24.642383,42.193305],[24.642405,42.193367]]]},"properties":{"num":2}},{"type":"Feature","geometry":{"type":"Polygon","coordinates":[[[24.642438,42.19347],[24.642415,42.1934],[24.642356,42.19341],[24.64237,42.193451],[24.642242,42.193478],[24.642254,42.193506],[24.642438,42.19347]]]},"properties":{"num":4}},{"type":"Feature","geometry":{"type":"Polygon","coordinates":[[[24.642154,42.193262],[24.642165,42.19329],[24.642229,42.193278],[24.642219,42.193247],[24.642154,42.193262]]]},"properties":{"num":5}},{"type":"Feature","geometry":{"type":"Polygon","coordinates":[[[24.642948,42.19387],[24.642935,42.193844],[24.642888,42.193857],[24.6429,42.193883],[24.642948,42.19387]]]},"properties":{"num":1}},{"type":"Feature","geometry":{"type":"Polygon","coordinates":[[[24.642062,42.193559],[24.642038,42.1935],[24.641939,42.193523],[24.641965,42.193581],[24.642062,42.193559]]]},"properties":{"num":1}},{"type":"Feature","geometry":{"type":"Polygon","coordinates":[[[24.642119,42.193535],[24.642081,42.193544],[24.642076,42.193531],[24.642052,42.193536],[24.642062,42.193559],[24.642032,42.193566],[24.642047,42.193609],[24.64214,42.193588],[24.642119,42.193535]]]},"properties":{"num":2}},{"type":"Feature","geometry":{"type":"Polygon","coordinates":[[[24.642032,42.193566],[24.641971,42.193581],[24.642003,42.193678],[24.642045,42.193669],[24.642025,42.193615],[24.642047,42.193609],[24.642032,42.193566]]]},"properties":{"num":3}},{"type":"Feature","geometry":{"type":"Polygon","coordinates":[[[24.642043,42.193358],[24.641959,42.193378],[24.641975,42.193419],[24.64206,42.193397],[24.642043,42.193358]]]},"properties":{"num":4}},{"type":"Feature","geometry":{"type":"Polygon","coordinates":[[[24.641975,42.193419],[24.641959,42.193378],[24.641909,42.193389],[24.641925,42.19343],[24.641975,42.193419]]]},"properties":{"num":5}},{"type":"Feature","geometry":{"type":"Polygon","coordinates":[[[24.641922,42.193594],[24.641875,42.193603],[24.64191,42.193705],[24.641957,42.193694],[24.641922,42.193594]]]},"properties":{"num":6}},{"type":"Feature","geometry":{"type":"Polygon","coordinates":[[[24.642082,42.193686],[24.641945,42.193718],[24.641965,42.19376],[24.6421,42.193729],[24.642082,42.193686]]]},"properties":{"num":7}},{"type":"Feature","geometry":{"type":"Polygon","coordinates":[[[24.642192,42.193708],[24.642174,42.193664],[24.642082,42.193686],[24.6421,42.193729],[24.642192,42.193708]]]},"properties":{"num":8}},{"type":"Feature","geometry":{"type":"Polygon","coordinates":[[[24.641904,42.193751],[24.641914,42.193773],[24.641965,42.19376],[24.641954,42.193737],[24.641904,42.193751]]]},"properties":{"num":9}},{"type":"Feature","geometry":{"type":"Polygon","coordinates":[[[24.64112,42.193379],[24.641237,42.193339],[24.641206,42.19329],[24.64116,42.193306],[24.641154,42.193298],[24.641084,42.193322],[24.64112,42.193379]]]},"properties":{"num":1}},{"type":"Feature","geometry":{"type":"Polygon","coordinates":[[[24.641018,42.193419],[24.641125,42.193387],[24.641084,42.193322],[24.640981,42.193355],[24.641018,42.193419]]]},"properties":{"num":2}},{"type":"Feature","geometry":{"type":"Polygon","coordinates":[[[24.640981,42.193355],[24.641,42.193349],[24.640976,42.19331],[24.640957,42.193316],[24.640981,42.193355]]]},"properties":{"num":3}},{"type":"Feature","geometry":{"type":"Polygon","coordinates":[[[24.641322,42.19327],[24.64135,42.193314],[24.641481,42.19327],[24.641438,42.193199],[24.64138,42.193217],[24.641394,42.193246],[24.641322,42.19327]]]},"properties":{"num":4}},{"type":"Feature","geometry":{"type":"Polygon","coordinates":[[[24.641136,42.193613],[24.641186,42.193595],[24.64111,42.19347],[24.641059,42.193487],[24.641136,42.193613]]]},"properties":{"num":5}},{"type":"Feature","geometry":{"type":"Polygon","coordinates":[[[24.640726,42.193531],[24.640843,42.19349],[24.640798,42.193417],[24.640755,42.193432],[24.640757,42.193437],[24.640686,42.193462],[24.640726,42.193531]]]},"properties":{"num":1}},{"type":"Feature","geometry":{"type":"Polygon","coordinates":[[[24.640701,42.193579],[24.640811,42.19354],[24.64079,42.193509],[24.640677,42.193546],[24.640701,42.193579]]]},"properties":{"num":2}},{"type":"Feature","geometry":{"type":"Polygon","coordinates":[[[24.640737,42.193629],[24.640778,42.193611],[24.640744,42.193563],[24.640701,42.193579],[24.640737,42.193629]]]},"properties":{"num":3}},{"type":"Feature","geometry":{"type":"Polygon","coordinates":[[[24.641129,42.193917],[24.641081,42.193934],[24.641072,42.19392],[24.64103,42.193935],[24.641039,42.193948],[24.640995,42.193964],[24.64103,42.194017],[24.641078,42.194],[24.641072,42.193992],[24.641156,42.193962],[24.641129,42.193917]]]},"properties":{"num":1}},{"type":"Feature","geometry":{"type":"Polygon","coordinates":[[[24.641156,42.193962],[24.641304,42.193915],[24.641277,42.193869],[24.641129,42.193917],[24.641156,42.193962]]]},"properties":{"num":2}},{"type":"Feature","geometry":{"type":"Polygon","coordinates":[[[24.641271,42.193985],[24.641303,42.193974],[24.641285,42.193944],[24.641253,42.193956],[24.641271,42.193985]]]},"properties":{"num":3}},{"type":"Feature","geometry":{"type":"Polygon","coordinates":[[[24.641091,42.194133],[24.641116,42.194124],[24.6411,42.194103],[24.641076,42.194112],[24.641091,42.194133]]]},"properties":{"num":4}},{"type":"Feature","geometry":{"type":"Polygon","coordinates":[[[24.640813,42.193738],[24.640889,42.193846],[24.640942,42.193825],[24.640896,42.193756],[24.641034,42.193702],[24.641006,42.193662],[24.640813,42.193738]]]},"properties":{"num":5}},{"type":"Feature","geometry":{"type":"Polygon","coordinates":[[[24.641006,42.193662],[24.641034,42.193702],[24.641073,42.193687],[24.641046,42.193647],[24.641006,42.193662]]]},"properties":{"num":6}},{"type":"Feature","geometry":{"type":"Polygon","coordinates":[[[24.640986,42.193855],[24.640958,42.193819],[24.640889,42.193846],[24.640915,42.193881],[24.640986,42.193855]]]},"properties":{"num":7}},{"type":"Feature","geometry":{"type":"Polygon","coordinates":[[[24.641368,42.194214],[24.641325,42.194232],[24.641316,42.194219],[24.641255,42.194244],[24.641263,42.194256],[24.641253,42.19426],[24.641279,42.194297],[24.641395,42.194252],[24.641368,42.194214]]]},"properties":{"num":1}},{"type":"Feature","geometry":{"type":"Polygon","coordinates":[[[24.641472,42.19422],[24.641449,42.194187],[24.641368,42.194214],[24.641395,42.194252],[24.641472,42.19422]]]},"properties":{"num":2}},{"type":"Feature","geometry":{"type":"Polygon","coordinates":[[[24.641253,42.19426],[24.641199,42.194282],[24.641225,42.194319],[24.641279,42.194297],[24.641253,42.19426]]]},"properties":{"num":3}},{"type":"Feature","geometry":{"type":"Polygon","coordinates":[[[24.641395,42.194252],[24.641409,42.194274],[24.641489,42.194244],[24.641472,42.19422],[24.641395,42.194252]]]},"properties":{"num":4}},{"type":"Feature","geometry":{"type":"Polygon","coordinates":[[[24.641199,42.194094],[24.641091,42.194133],[24.641111,42.194161],[24.641217,42.194118],[24.641199,42.194094]]]},"properties":{"num":5}},{"type":"Feature","geometry":{"type":"Polygon","coordinates":[[[24.641416,42.194917],[24.641318,42.194957],[24.641363,42.195024],[24.641461,42.194981],[24.641416,42.194917]]]},"properties":{"num":1}},{"type":"Feature","geometry":{"type":"Polygon","coordinates":[[[24.641471,42.194894],[24.641416,42.194917],[24.641439,42.194949],[24.641494,42.194925],[24.641471,42.194894]]]},"properties":{"num":2}},{"type":"Feature","geometry":{"type":"Polygon","coordinates":[[[24.641304,42.194659],[24.641255,42.194677],[24.641327,42.194779],[24.641374,42.194757],[24.641304,42.194659]]]},"properties":{"num":3}},{"type":"Feature","geometry":{"type":"Polygon","coordinates":[[[24.641304,42.194659],[24.64126,42.194597],[24.641212,42.194617],[24.641255,42.194677],[24.641304,42.194659]]]},"properties":{"num":4}},{"type":"Feature","geometry":{"type":"Polygon","coordinates":[[[24.641318,42.194957],[24.641271,42.194977],[24.641316,42.195043],[24.641363,42.195024],[24.641318,42.194957]]]},"properties":{"num":5}},{"type":"Feature","geometry":{"type":"Polygon","coordinates":[[[24.641043,42.194386],[24.641018,42.19435],[24.641032,42.194345],[24.641011,42.194315],[24.640902,42.194355],[24.640949,42.194421],[24.641043,42.194386]]]},"properties":{"num":1}},{"type":"Feature","geometry":{"type":"Polygon","coordinates":[[[24.641092,42.19436],[24.64105,42.1943],[24.641011,42.194315],[24.641032,42.194345],[24.641018,42.19435],[24.641038,42.194379],[24.641092,42.19436]]]},"properties":{"num":2}},{"type":"Feature","geometry":{"type":"Polygon","coordinates":[[[24.640908,42.194363],[24.640883,42.194373],[24.640924,42.194431],[24.640949,42.194421],[24.640908,42.194363]]]},"properties":{"num":3}},{"type":"Feature","geometry":{"type":"Polygon","coordinates":[[[24.641137,42.194423],[24.641092,42.19436],[24.641038,42.194379],[24.641043,42.194386],[24.641024,42.194393],[24.641039,42.194415],[24.640909,42.194461],[24.64093,42.194495],[24.641137,42.194423]]]},"properties":{"num":4}},{"type":"Feature","geometry":{"type":"Polygon","coordinates":[[[24.640873,42.194434],[24.640841,42.194445],[24.640853,42.194465],[24.640885,42.194453],[24.640873,42.194434]]]},"properties":{"num":5}},{"type":"Feature","geometry":{"type":"Polygon","coordinates":[[[24.640933,42.194135],[24.640792,42.194194],[24.640814,42.194224],[24.640956,42.194167],[24.640933,42.194135]]]},"properties":{"num":6}},{"type":"Feature","geometry":{"type":"Polygon","coordinates":[[[24.640861,42.194136],[24.640835,42.194097],[24.640789,42.194116],[24.640775,42.194096],[24.640705,42.194123],[24.640743,42.194182],[24.640861,42.194136]]]},"properties":{"num":1}},{"type":"Feature","geometry":{"type":"Polygon","coordinates":[[[24.640906,42.194098],[24.640871,42.194111],[24.640862,42.194097],[24.64084,42.194105],[24.640861,42.194136],[24.64081,42.194156],[24.640828,42.194176],[24.640931,42.194132],[24.640906,42.194098]]]},"properties":{"num":2}},{"type":"Feature","geometry":{"type":"Polygon","coordinates":[[[24.640705,42.194123],[24.64068,42.194135],[24.640709,42.194177],[24.640733,42.194168],[24.640705,42.194123]]]},"properties":{"num":3}},{"type":"Feature","geometry":{"type":"Polygon","coordinates":[[[24.640815,42.193971],[24.640739,42.194],[24.640764,42.194036],[24.64084,42.194007],[24.640815,42.193971]]]},"properties":{"num":4}},{"type":"Feature","geometry":{"type":"Polygon","coordinates":[[[24.6408,42.19395],[24.640751,42.19397],[24.640765,42.193989],[24.640815,42.193971],[24.6408,42.19395]]]},"properties":{"num":5}},{"type":"Feature","geometry":{"type":"Polygon","coordinates":[[[24.640706,42.193818],[24.640595,42.193868],[24.640613,42.193892],[24.640724,42.193844],[24.640706,42.193818]]]},"properties":{"num":6}},{"type":"Feature","geometry":{"type":"Polygon","coordinates":[[[24.640595,42.193868],[24.640548,42.19389],[24.64062,42.193985],[24.640667,42.193963],[24.640595,42.193868]]]},"properties":{"num":7}},{"type":"Feature","geometry":{"type":"Polygon","coordinates":[[[24.640478,42.193922],[24.640497,42.193943],[24.640565,42.193913],[24.640548,42.19389],[24.640478,42.193922]]]},"properties":{"num":8}},{"type":"Feature","geometry":{"type":"Polygon","coordinates":[[[24.640407,42.193639],[24.64041,42.193644],[24.640488,42.193615],[24.640471,42.193588],[24.640446,42.193597],[24.640422,42.193558],[24.64035,42.193583],[24.64039,42.193645],[24.640407,42.193639]]]},"properties":{"num":1}},{"type":"Feature","geometry":{"type":"Polygon","coordinates":[[[24.640429,42.193672],[24.640507,42.193645],[24.640488,42.193615],[24.64041,42.193644],[24.640429,42.193672]]]},"properties":{"num":2}},{"type":"Feature","geometry":{"type":"Polygon","coordinates":[[[24.640319,42.193722],[24.640306,42.193703],[24.640279,42.193713],[24.640292,42.193731],[24.640319,42.193722]]]},"properties":{"num":2}},{"type":"Feature","geometry":{"type":"Polygon","coordinates":[[[24.640288,42.193677],[24.640247,42.193618],[24.640133,42.193662],[24.640174,42.19372],[24.640288,42.193677]]]},"properties":{"num":4}},{"type":"Feature","geometry":{"type":"Polygon","coordinates":[[[24.640127,42.19376],[24.640092,42.193707],[24.640024,42.193732],[24.640059,42.193784],[24.640127,42.19376]]]},"properties":{"num":5}},{"type":"Feature","geometry":{"type":"Polygon","coordinates":[[[24.640053,42.193721],[24.640006,42.193651],[24.639953,42.193669],[24.640039,42.193792],[24.640059,42.193784],[24.640024,42.193732],[24.640053,42.193721]]]},"properties":{"num":6}},{"type":"Feature","geometry":{"type":"Polygon","coordinates":[[[24.639597,42.194463],[24.63956,42.194399],[24.639436,42.194438],[24.639473,42.194501],[24.639597,42.194463]]]},"properties":{"num":1}},{"type":"Feature","geometry":{"type":"Polygon","coordinates":[[[24.63943,42.194545],[24.639634,42.194482],[24.639614,42.194448],[24.639593,42.194455],[24.639597,42.194463],[24.639473,42.194501],[24.639465,42.194487],[24.639407,42.194506],[24.63943,42.194545]]]},"properties":{"num":2}},{"type":"Feature","geometry":{"type":"Polygon","coordinates":[[[24.639706,42.19446],[24.639693,42.194423],[24.639614,42.194448],[24.639634,42.194482],[24.639706,42.19446]]]},"properties":{"num":3}},{"type":"Feature","geometry":{"type":"Polygon","coordinates":[[[24.639805,42.194426],[24.639788,42.194401],[24.639696,42.194433],[24.639706,42.19446],[24.639805,42.194426]]]},"properties":{"num":4}},{"type":"Feature","geometry":{"type":"Polygon","coordinates":[[[24.639497,42.194662],[24.63962,42.194625],[24.639589,42.194573],[24.639542,42.194589],[24.639535,42.194576],[24.639461,42.1946],[24.639497,42.194662]]]},"properties":{"num":1}},{"type":"Feature","geometry":{"type":"Polygon","coordinates":[[[24.63965,42.194593],[24.639643,42.194578],[24.6396,42.194591],[24.639609,42.194606],[24.63965,42.194593]]]},"properties":{"num":2}},{"type":"Feature","geometry":{"type":"Polygon","coordinates":[[[24.639634,42.194651],[24.63962,42.194625],[24.639497,42.194662],[24.639512,42.194688],[24.639634,42.194651]]]},"properties":{"num":3}},{"type":"Feature","geometry":{"type":"Polygon","coordinates":[[[24.639657,42.194644],[24.639631,42.194599],[24.639609,42.194606],[24.639634,42.194651],[24.639657,42.194644]]]},"properties":{"num":4}},{"type":"Feature","geometry":{"type":"Polygon","coordinates":[[[24.639759,42.194613],[24.639735,42.194566],[24.639631,42.194599],[24.639657,42.194644],[24.639759,42.194613]]]},"properties":{"num":5}},{"type":"Feature","geometry":{"type":"Polygon","coordinates":[[[24.639861,42.194584],[24.639844,42.194558],[24.639746,42.194587],[24.639759,42.194613],[24.639861,42.194584]]]},"properties":{"num":6}},{"type":"Feature","geometry":{"type":"Polygon","coordinates":[[[24.639706,42.19446],[24.639612,42.194489],[24.639623,42.194507],[24.639719,42.194481],[24.639706,42.19446]]]},"properties":{"num":7}},{"type":"Feature","geometry":{"type":"Polygon","coordinates":[[[24.639825,42.194915],[24.639727,42.194946],[24.63977,42.195023],[24.639869,42.194991],[24.639825,42.194915]]]},"properties":{"num":1}},{"type":"Feature","geometry":{"type":"Polygon","coordinates":[[[24.639774,42.195139],[24.639826,42.195123],[24.639785,42.195053],[24.639734,42.19507],[24.639774,42.195139]]]},"properties":{"num":2}},{"type":"Feature","geometry":{"type":"Polygon","coordinates":[[[24.639826,42.195123],[24.639882,42.195105],[24.639846,42.195044],[24.63979,42.195062],[24.639826,42.195123]]]},"properties":{"num":3}},{"type":"Feature","geometry":{"type":"Polygon","coordinates":[[[24.640076,42.195019],[24.640054,42.194978],[24.639843,42.195038],[24.639866,42.19508],[24.640076,42.195019]]]},"properties":{"num":4}},{"type":"Feature","geometry":{"type":"Polygon","coordinates":[[[24.640076,42.195019],[24.64014,42.194999],[24.640126,42.194974],[24.640061,42.194992],[24.640076,42.195019]]]},"properties":{"num":5}},{"type":"Feature","geometry":{"type":"Polygon","coordinates":[[[24.639792,42.19484],[24.639803,42.194858],[24.639834,42.194847],[24.639822,42.194825],[24.639799,42.194833],[24.639802,42.194837],[24.639792,42.19484]]]},"properties":{"num":6}},{"type":"Feature","geometry":{"type":"Polygon","coordinates":[[[24.64095,42.195194],[24.640918,42.19515],[24.640939,42.195141],[24.64092,42.195116],[24.640799,42.195166],[24.64085,42.195236],[24.64095,42.195194]]]},"properties":{"num":1}},{"type":"Feature","geometry":{"type":"Polygon","coordinates":[[[24.640964,42.195187],[24.640858,42.195233],[24.640888,42.195271],[24.640993,42.195227],[24.640964,42.195187]]]},"properties":{"num":2}},{"type":"Feature","geometry":{"type":"Polygon","coordinates":[[[24.641095,42.195127],[24.641041,42.195066],[24.64092,42.195116],[24.640939,42.195141],[24.640918,42.19515],[24.640947,42.195189],[24.641095,42.195127]]]},"properties":{"num":3}},{"type":"Feature","geometry":{"type":"Polygon","coordinates":[[[24.640742,42.195173],[24.640813,42.195146],[24.640779,42.195096],[24.640708,42.195124],[24.640742,42.195173]]]},"properties":{"num":4}},{"type":"Feature","geometry":{"type":"Polygon","coordinates":[[[24.640866,42.194998],[24.640785,42.195043],[24.640807,42.195066],[24.640888,42.195019],[24.640866,42.194998]]]},"properties":{"num":5}},{"type":"Feature","geometry":{"type":"Polygon","coordinates":[[[24.640755,42.195274],[24.64073,42.19524],[24.640755,42.19523],[24.640739,42.195208],[24.640716,42.19522],[24.640692,42.195186],[24.640615,42.195217],[24.640655,42.195272],[24.640666,42.195268],[24.64068,42.195286],[24.640669,42.195291],[24.640681,42.195306],[24.640755,42.195274]]]},"properties":{"num":1}},{"type":"Feature","geometry":{"type":"Polygon","coordinates":[[[24.640627,42.195379],[24.640554,42.195276],[24.640508,42.195296],[24.640579,42.1954],[24.640627,42.195379]]]},"properties":{"num":3}},{"type":"Feature","geometry":{"type":"Polygon","coordinates":[[[24.640023,42.195164],[24.640003,42.195131],[24.639881,42.195173],[24.639902,42.195206],[24.640023,42.195164]]]},"properties":{"num":1}},{"type":"Feature","geometry":{"type":"Polygon","coordinates":[[[24.639881,42.195173],[24.639843,42.195188],[24.639864,42.19522],[24.639902,42.195206],[24.639881,42.195173]]]},"properties":{"num":2}},{"type":"Feature","geometry":{"type":"Polygon","coordinates":[[[24.639831,42.195136],[24.6398,42.195148],[24.639814,42.195168],[24.639845,42.195157],[24.639831,42.195136]]]},"properties":{"num":3}},{"type":"Feature","geometry":{"type":"Polygon","coordinates":[[[24.640081,42.195103],[24.640003,42.195131],[24.640023,42.195164],[24.640102,42.195136],[24.640081,42.195103]]]},"properties":{"num":4}},{"type":"Feature","geometry":{"type":"Polygon","coordinates":[[[24.640102,42.195136],[24.640195,42.195103],[24.640173,42.19507],[24.640081,42.195103],[24.640102,42.195136]]]},"properties":{"num":5}},{"type":"Feature","geometry":{"type":"Polygon","coordinates":[[[24.639678,42.19571],[24.639803,42.195685],[24.639775,42.195608],[24.63965,42.195634],[24.639678,42.19571]]]},"properties":{"num":1}},{"type":"Feature","geometry":{"type":"Polygon","coordinates":[[[24.639654,42.195646],[24.639611,42.195654],[24.639635,42.19572],[24.639678,42.19571],[24.639654,42.195646]]]},"properties":{"num":2}},{"type":"Feature","geometry":{"type":"Polygon","coordinates":[[[24.639602,42.195727],[24.639587,42.195687],[24.639455,42.195714],[24.639472,42.195756],[24.639602,42.195727]]]},"properties":{"num":3}},{"type":"Feature","geometry":{"type":"Polygon","coordinates":[[[24.639609,42.195632],[24.639688,42.195608],[24.639648,42.195537],[24.639568,42.195563],[24.639609,42.195632]]]},"properties":{"num":4}},{"type":"Feature","geometry":{"type":"Polygon","coordinates":[[[24.639486,42.19559],[24.639568,42.195563],[24.639553,42.195538],[24.639471,42.195565],[24.639486,42.19559]]]},"properties":{"num":5}},{"type":"Feature","geometry":{"type":"Polygon","coordinates":[[[24.639324,42.195529],[24.639468,42.195492],[24.639441,42.195434],[24.639296,42.195471],[24.639324,42.195529]]]},"properties":{"num":1}},{"type":"Feature","geometry":{"type":"Polygon","coordinates":[[[24.639516,42.195341],[24.639565,42.195325],[24.639571,42.195335],[24.639644,42.195311],[24.639638,42.195299],[24.639621,42.195305],[24.639581,42.195237],[24.639475,42.19527],[24.639516,42.195341]]]},"properties":{"num":1}},{"type":"Feature","geometry":{"type":"Polygon","coordinates":[[[24.639516,42.195341],[24.63947,42.195266],[24.63943,42.195278],[24.639479,42.19537],[24.639556,42.195347],[24.639546,42.195331],[24.639516,42.195341]]]},"properties":{"num":2}},{"type":"Feature","geometry":{"type":"Polygon","coordinates":[[[24.639462,42.195209],[24.639485,42.195247],[24.639575,42.195218],[24.639552,42.195179],[24.639462,42.195209]]]},"properties":{"num":3}},{"type":"Feature","geometry":{"type":"Polygon","coordinates":[[[24.639067,42.195529],[24.639057,42.195508],[24.639008,42.19552],[24.639017,42.195542],[24.639067,42.195529]]]},"properties":{"num":4}},{"type":"Feature","geometry":{"type":"Polygon","coordinates":[[[24.639476,42.195056],[24.639371,42.195089],[24.639409,42.195154],[24.639501,42.195125],[24.639509,42.195138],[24.63952,42.195134],[24.639476,42.195056]]]},"properties":{"num":1}},{"type":"Feature","geometry":{"type":"Polygon","coordinates":[[[24.639516,42.19501],[24.639447,42.195032],[24.639462,42.19506],[24.639476,42.195056],[24.639481,42.195065],[24.639538,42.195047],[24.639516,42.19501]]]},"properties":{"num":2}},{"type":"Feature","geometry":{"type":"Polygon","coordinates":[[[24.639271,42.195088],[24.639289,42.195117],[24.639357,42.195096],[24.63934,42.195066],[24.639271,42.195088]]]},"properties":{"num":3}},{"type":"Feature","geometry":{"type":"Polygon","coordinates":[[[24.63935,42.19522],[24.639402,42.195204],[24.639372,42.195154],[24.639322,42.195171],[24.63935,42.19522]]]},"properties":{"num":4}},{"type":"Feature","geometry":{"type":"Polygon","coordinates":[[[24.639239,42.194701],[24.639143,42.194534],[24.638643,42.194693],[24.638739,42.194859],[24.639239,42.194701]]]},"properties":{"num":1}},{"type":"Feature","geometry":{"type":"Polygon","coordinates":[[[24.639222,42.194507],[24.639204,42.194477],[24.639144,42.194497],[24.63916,42.194526],[24.639222,42.194507]]]},"properties":{"num":2}},{"type":"Feature","geometry":{"type":"Polygon","coordinates":[[[24.638657,42.194247],[24.638774,42.194205],[24.638743,42.194157],[24.638697,42.194173],[24.638692,42.194166],[24.638621,42.194192],[24.638657,42.194247]]]},"properties":{"num":1}},{"type":"Feature","geometry":{"type":"Polygon","coordinates":[[[24.63877,42.194199],[24.638774,42.194205],[24.638767,42.194208],[24.638787,42.194241],[24.638972,42.194178],[24.638947,42.194137],[24.63877,42.194199]]]},"properties":{"num":2}},{"type":"Feature","geometry":{"type":"Polygon","coordinates":[[[24.638676,42.194286],[24.638707,42.194275],[24.638696,42.194258],[24.638665,42.194269],[24.638676,42.194286]]]},"properties":{"num":3}},{"type":"Feature","geometry":{"type":"Polygon","coordinates":[[[24.638883,42.194535],[24.638948,42.194514],[24.638957,42.194528],[24.639009,42.194512],[24.639003,42.194501],[24.639029,42.194493],[24.639035,42.194503],[24.639134,42.194471],[24.639096,42.194407],[24.639076,42.194413],[24.639065,42.194394],[24.638887,42.194452],[24.638893,42.194461],[24.638848,42.194475],[24.638883,42.194535]]]},"properties":{"num":4}},{"type":"Feature","geometry":{"type":"Polygon","coordinates":[[[24.638483,42.19433],[24.638614,42.194282],[24.638567,42.194212],[24.638479,42.19424],[24.638488,42.194253],[24.638442,42.194269],[24.638483,42.19433]]]},"properties":{"num":1}},{"type":"Feature","geometry":{"type":"Polygon","coordinates":[[[24.638364,42.194422],[24.638514,42.194358],[24.638493,42.194327],[24.638483,42.19433],[24.638478,42.194322],[24.638333,42.194384],[24.638364,42.194422]]]},"properties":{"num":2}},{"type":"Feature","geometry":{"type":"Polygon","coordinates":[[[24.638193,42.194335],[24.638198,42.194343],[24.638129,42.194369],[24.638192,42.194462],[24.638307,42.194418],[24.638248,42.194324],[24.638232,42.194321],[24.638193,42.194335]]]},"properties":{"num":1}},{"type":"Feature","geometry":{"type":"Polygon","coordinates":[[[24.638288,42.194559],[24.638412,42.194511],[24.638382,42.194452],[24.638249,42.194503],[24.638288,42.194559]]]},"properties":{"num":2}},{"type":"Feature","geometry":{"type":"Polygon","coordinates":[[[24.638199,42.194584],[24.638247,42.194572],[24.638089,42.194333],[24.638046,42.194348],[24.638199,42.194584]]]},"properties":{"num":3}},{"type":"Feature","geometry":{"type":"Polygon","coordinates":[[[24.637941,42.194507],[24.638058,42.194465],[24.638015,42.194397],[24.637969,42.194413],[24.637976,42.194424],[24.637899,42.194452],[24.637941,42.194507]]]},"properties":{"num":1}},{"type":"Feature","geometry":{"type":"Polygon","coordinates":[[[24.637808,42.194434],[24.637883,42.19453],[24.637941,42.194507],[24.637899,42.194452],[24.637905,42.19445],[24.637881,42.194408],[24.637808,42.194434]]]},"properties":{"num":2}},{"type":"Feature","geometry":{"type":"Polygon","coordinates":[[[24.638046,42.194348],[24.638008,42.194362],[24.638082,42.194472],[24.638117,42.194459],[24.638046,42.194348]]]},"properties":{"num":3}},{"type":"Feature","geometry":{"type":"Polygon","coordinates":[[[24.637975,42.194495],[24.637922,42.194514],[24.637932,42.19453],[24.637984,42.194511],[24.637975,42.194495]]]},"properties":{"num":4}},{"type":"Feature","geometry":{"type":"Polygon","coordinates":[[[24.637886,42.194528],[24.637928,42.194581],[24.638092,42.194521],[24.638081,42.194504],[24.637946,42.194552],[24.637922,42.194514],[24.637886,42.194528]]]},"properties":{"num":5}},{"type":"Feature","geometry":{"type":"Polygon","coordinates":[[[24.638199,42.194584],[24.637984,42.194657],[24.638,42.194678],[24.638212,42.194606],[24.638199,42.194584]]]},"properties":{"num":6}},{"type":"Feature","geometry":{"type":"Polygon","coordinates":[[[24.638117,42.194459],[24.638064,42.194478],[24.638117,42.194559],[24.638014,42.194596],[24.63802,42.194606],[24.637959,42.194624],[24.637984,42.194657],[24.638199,42.194584],[24.638117,42.194459]]]},"properties":{"num":7}},{"type":"Feature","geometry":{"type":"Polygon","coordinates":[[[24.638436,42.195254],[24.638416,42.19519],[24.638335,42.195205],[24.63834,42.195217],[24.638295,42.195226],[24.638311,42.195278],[24.638436,42.195254]]]},"properties":{"num":1}},{"type":"Feature","geometry":{"type":"Polygon","coordinates":[[[24.638486,42.195274],[24.638474,42.195247],[24.638422,42.195256],[24.638433,42.195286],[24.638486,42.195274]]]},"properties":{"num":2}},{"type":"Feature","geometry":{"type":"Polygon","coordinates":[[[24.638433,42.195286],[24.638422,42.195256],[24.638311,42.195278],[24.63831,42.195273],[24.638251,42.195283],[24.63826,42.195314],[24.638433,42.195286]]]},"properties":{"num":3}},{"type":"Feature","geometry":{"type":"Polygon","coordinates":[[[24.638183,42.195069],[24.638195,42.195105],[24.638246,42.195093],[24.638248,42.195097],[24.638402,42.195061],[24.638385,42.195022],[24.638183,42.195069]]]},"properties":{"num":4}},{"type":"Feature","geometry":{"type":"Polygon","coordinates":[[[24.638371,42.195296],[24.638379,42.195321],[24.63844,42.195311],[24.638433,42.195286],[24.638371,42.195296]]]},"properties":{"num":1}},{"type":"Feature","geometry":{"type":"Polygon","coordinates":[[[24.638542,42.195858],[24.638537,42.195846],[24.638502,42.195854],[24.63852,42.195898],[24.638589,42.195885],[24.638576,42.19585],[24.638542,42.195858]]]},"properties":{"num":1}},{"type":"Feature","geometry":{"type":"Polygon","coordinates":[[[24.638372,42.195663],[24.638394,42.195724],[24.638458,42.195714],[24.638437,42.19565],[24.638372,42.195663]]]},"properties":{"num":2}},{"type":"Feature","geometry":{"type":"Polygon","coordinates":[[[24.638618,42.195902],[24.638544,42.195917],[24.638553,42.195943],[24.638627,42.195928],[24.638618,42.195902]]]},"properties":{"num":3}},{"type":"Feature","geometry":{"type":"Polygon","coordinates":[[[24.63833,42.195987],[24.638312,42.195927],[24.638236,42.195943],[24.638229,42.195926],[24.638173,42.195938],[24.63818,42.195955],[24.638215,42.195948],[24.638238,42.196008],[24.63833,42.195987]]]},"properties":{"num":1}},{"type":"Feature","geometry":{"type":"Polygon","coordinates":[[[24.638215,42.195948],[24.638091,42.195973],[24.638114,42.196033],[24.638238,42.196008],[24.638215,42.195948]]]},"properties":{"num":2}},{"type":"Feature","geometry":{"type":"Polygon","coordinates":[[[24.637982,42.196062],[24.638114,42.196033],[24.6381,42.195996],[24.637971,42.196024],[24.637982,42.196062]]]},"properties":{"num":3}},{"type":"Feature","geometry":{"type":"Polygon","coordinates":[[[24.638251,42.195734],[24.638128,42.195754],[24.63814,42.195794],[24.638265,42.195772],[24.638251,42.195734]]]},"properties":{"num":4}},{"type":"Feature","geometry":{"type":"Polygon","coordinates":[[[24.63814,42.195706],[24.638124,42.195654],[24.638076,42.195662],[24.638073,42.195652],[24.637996,42.195664],[24.638017,42.195728],[24.63814,42.195706]]]},"properties":{"num":1}},{"type":"Feature","geometry":{"type":"Polygon","coordinates":[[[24.638244,42.195713],[24.638232,42.195676],[24.638136,42.195693],[24.63814,42.195706],[24.638135,42.195707],[24.638142,42.195731],[24.638244,42.195713]]]},"properties":{"num":2}},{"type":"Feature","geometry":{"type":"Polygon","coordinates":[[[24.638135,42.195707],[24.638095,42.195715],[24.638103,42.195737],[24.638142,42.195731],[24.638135,42.195707]]]},"properties":{"num":3}},{"type":"Feature","geometry":{"type":"Polygon","coordinates":[[[24.638251,42.195734],[24.638244,42.195713],[24.638103,42.195737],[24.638095,42.195715],[24.637867,42.195758],[24.637881,42.195802],[24.638251,42.195734]]]},"properties":{"num":4}},{"type":"Feature","geometry":{"type":"Polygon","coordinates":[[[24.63815,42.195439],[24.638048,42.195473],[24.638063,42.195509],[24.638164,42.195478],[24.63815,42.195439]]]},"properties":{"num":5}},{"type":"Feature","geometry":{"type":"Polygon","coordinates":[[[24.637796,42.195524],[24.63781,42.195569],[24.63784,42.195564],[24.637826,42.19552],[24.637796,42.195524]]]},"properties":{"num":6}},{"type":"Feature","geometry":{"type":"Polygon","coordinates":[[[24.637944,42.195405],[24.638069,42.19538],[24.63805,42.195314],[24.637923,42.195341],[24.637944,42.195405]]]},"properties":{"num":1}},{"type":"Feature","geometry":{"type":"Polygon","coordinates":[[[24.637944,42.195405],[24.63791,42.195299],[24.637846,42.195311],[24.637882,42.195417],[24.637944,42.195405]]]},"properties":{"num":2}},{"type":"Feature","geometry":{"type":"Polygon","coordinates":[[[24.637999,42.195393],[24.637882,42.195417],[24.637887,42.195431],[24.637934,42.195424],[24.637935,42.195426],[24.638006,42.195411],[24.637999,42.195393]]]},"properties":{"num":3}},{"type":"Feature","geometry":{"type":"Polygon","coordinates":[[[24.638138,42.195401],[24.638035,42.195432],[24.638048,42.195473],[24.63815,42.195439],[24.638138,42.195401]]]},"properties":{"num":4}},{"type":"Feature","geometry":{"type":"Polygon","coordinates":[[[24.637869,42.19551],[24.638003,42.195487],[24.638048,42.195473],[24.638035,42.195432],[24.637966,42.195449],[24.637855,42.19547],[24.637869,42.19551]]]},"properties":{"num":5}},{"type":"Feature","geometry":{"type":"Polygon","coordinates":[[[24.637992,42.195136],[24.637978,42.195083],[24.637932,42.19509],[24.637929,42.195076],[24.637846,42.195089],[24.637864,42.195155],[24.637992,42.195136]]]},"properties":{"num":1}},{"type":"Feature","geometry":{"type":"Polygon","coordinates":[[[24.638053,42.195126],[24.638035,42.195065],[24.637976,42.195075],[24.637992,42.195136],[24.638053,42.195126]]]},"properties":{"num":2}},{"type":"Feature","geometry":{"type":"Polygon","coordinates":[[[24.63777,42.195036],[24.637787,42.195092],[24.637835,42.195084],[24.637817,42.195028],[24.63777,42.195036]]]},"properties":{"num":3}},{"type":"Feature","geometry":{"type":"Polygon","coordinates":[[[24.637946,42.195014],[24.637953,42.195056],[24.638028,42.195044],[24.638017,42.195006],[24.637946,42.195014]]]},"properties":{"num":4}},{"type":"Feature","geometry":{"type":"Polygon","coordinates":[[[24.638063,42.195166],[24.637875,42.195201],[24.637889,42.195241],[24.638075,42.195204],[24.638063,42.195166]]]},"properties":{"num":5}},{"type":"Feature","geometry":{"type":"Polygon","coordinates":[[[24.638075,42.195204],[24.637889,42.195241],[24.637899,42.195269],[24.638083,42.19523],[24.638075,42.195204]]]},"properties":{"num":6}},{"type":"Feature","geometry":{"type":"Polygon","coordinates":[[[24.637667,42.194568],[24.637657,42.194573],[24.637647,42.194563],[24.637549,42.194619],[24.63759,42.194661],[24.637699,42.194601],[24.637667,42.194568]]]},"properties":{"num":1}},{"type":"Feature","geometry":{"type":"Polygon","coordinates":[[[24.637781,42.194607],[24.637723,42.194539],[24.637667,42.194568],[24.637699,42.194601],[24.63771,42.194597],[24.63774,42.19463],[24.637781,42.194607]]]},"properties":{"num":2}},{"type":"Feature","geometry":{"type":"Polygon","coordinates":[[[24.637491,42.194743],[24.63743,42.194684],[24.637331,42.194738],[24.637391,42.194798],[24.637491,42.194743]]]},"properties":{"num":1}},{"type":"Feature","geometry":{"type":"Polygon","coordinates":[[[24.637491,42.194743],[24.637514,42.19473],[24.637471,42.194685],[24.637446,42.194699],[24.637491,42.194743]]]},"properties":{"num":2}},{"type":"Feature","geometry":{"type":"Polygon","coordinates":[[[24.637501,42.194588],[24.637462,42.194609],[24.637533,42.194686],[24.637572,42.194665],[24.637501,42.194588]]]},"properties":{"num":3}},{"type":"Feature","geometry":{"type":"Polygon","coordinates":[[[24.637394,42.194952],[24.63745,42.194947],[24.63744,42.194891],[24.637386,42.194896],[24.637394,42.194952]]]},"properties":{"num":4}},{"type":"Feature","geometry":{"type":"Polygon","coordinates":[[[24.637412,42.195083],[24.637465,42.195076],[24.63745,42.194947],[24.637394,42.194952],[24.637412,42.195083]]]},"properties":{"num":5}},{"type":"Feature","geometry":{"type":"Polygon","coordinates":[[[24.637586,42.194762],[24.637552,42.194709],[24.637433,42.194775],[24.637459,42.194801],[24.637478,42.19479],[24.637521,42.194829],[24.637591,42.194792],[24.63757,42.19477],[24.637586,42.194762]]]},"properties":{"num":6}},{"type":"Feature","geometry":{"type":"Polygon","coordinates":[[[24.637147,42.194838],[24.637209,42.194901],[24.637316,42.194842],[24.637251,42.194774],[24.637237,42.194782],[24.637246,42.19479],[24.637219,42.194805],[24.637215,42.194801],[24.637147,42.194838]]]},"properties":{"num":1}},{"type":"Feature","geometry":{"type":"Polygon","coordinates":[[[24.636951,42.195043],[24.637032,42.194998],[24.636998,42.194962],[24.637008,42.194956],[24.636979,42.194927],[24.636889,42.194981],[24.636951,42.195043]]]},"properties":{"num":1}},{"type":"Feature","geometry":{"type":"Polygon","coordinates":[[[24.636959,42.195048],[24.636906,42.194999],[24.636878,42.195013],[24.63693,42.195064],[24.636959,42.195048]]]},"properties":{"num":2}},{"type":"Feature","geometry":{"type":"Polygon","coordinates":[[[24.637093,42.194813],[24.637055,42.194834],[24.637097,42.194884],[24.63714,42.194865],[24.637093,42.194813]]]},"properties":{"num":3}},{"type":"Feature","geometry":{"type":"Polygon","coordinates":[[[24.637186,42.194938],[24.63714,42.194865],[24.637097,42.194884],[24.637141,42.194952],[24.637046,42.194993],[24.637074,42.195037],[24.637204,42.194987],[24.637186,42.194938]]]},"properties":{"num":4}},{"type":"Feature","geometry":{"type":"Polygon","coordinates":[[[24.63711,42.195024],[24.637063,42.195042],[24.637079,42.195065],[24.637126,42.195046],[24.63711,42.195024]]]},"properties":{"num":5}},{"type":"Feature","geometry":{"type":"Polygon","coordinates":[[[24.637396,42.196121],[24.637345,42.195984],[24.637337,42.195986],[24.637329,42.195963],[24.637222,42.195984],[24.637231,42.196008],[24.637224,42.196009],[24.637275,42.196146],[24.637396,42.196121]]]},"properties":{"num":1}},{"type":"Feature","geometry":{"type":"Polygon","coordinates":[[[24.637329,42.195963],[24.637314,42.195923],[24.637207,42.195944],[24.637222,42.195984],[24.637329,42.195963]]]},"properties":{"num":2}},{"type":"Feature","geometry":{"type":"Polygon","coordinates":[[[24.636896,42.196286],[24.636949,42.196276],[24.636905,42.196144],[24.636853,42.196156],[24.636896,42.196286]]]},"properties":{"num":1}},{"type":"Feature","geometry":{"type":"Polygon","coordinates":[[[24.637016,42.196099],[24.636934,42.196116],[24.636964,42.196198],[24.637046,42.196181],[24.637016,42.196099]]]},"properties":{"num":2}},{"type":"Feature","geometry":{"type":"Polygon","coordinates":[[[24.637046,42.196181],[24.637001,42.19619],[24.637008,42.19621],[24.637053,42.196201],[24.637046,42.196181]]]},"properties":{"num":3}},{"type":"Feature","geometry":{"type":"Polygon","coordinates":[[[24.636777,42.195131],[24.636885,42.195075],[24.636853,42.195042],[24.636813,42.195063],[24.636793,42.195042],[24.636725,42.195077],[24.636777,42.195131]]]},"properties":{"num":1}},{"type":"Feature","geometry":{"type":"Polygon","coordinates":[[[24.636754,42.195151],[24.6368,42.195128],[24.636794,42.195122],[24.636777,42.195131],[24.636769,42.195123],[24.63674,42.195135],[24.636754,42.195151]]]},"properties":{"num":2}},{"type":"Feature","geometry":{"type":"Polygon","coordinates":[[[24.636831,42.19527],[24.636837,42.195293],[24.636908,42.195271],[24.6368,42.195128],[24.636754,42.195151],[24.636831,42.19527]]]},"properties":{"num":3}},{"type":"Feature","geometry":{"type":"Polygon","coordinates":[[[24.636878,42.195233],[24.636908,42.195271],[24.636925,42.195266],[24.636903,42.195225],[24.636878,42.195233]]]},"properties":{"num":4}},{"type":"Feature","geometry":{"type":"Polygon","coordinates":[[[24.636865,42.195215],[24.63695,42.195194],[24.636929,42.195136],[24.636884,42.195145],[24.636891,42.195168],[24.636841,42.195184],[24.636865,42.195215]]]},"properties":{"num":5}},{"type":"Feature","geometry":{"type":"Polygon","coordinates":[[[24.636722,42.195169],[24.636668,42.195105],[24.636652,42.195114],[24.636659,42.195123],[24.636637,42.195134],[24.63663,42.195126],[24.636557,42.195164],[24.63661,42.195224],[24.636722,42.195169]]]},"properties":{"num":1}},{"type":"Feature","geometry":{"type":"Polygon","coordinates":[[[24.636703,42.195178],[24.636623,42.195218],[24.636636,42.195232],[24.636714,42.195193],[24.636703,42.195178]]]},"properties":{"num":2}},{"type":"Feature","geometry":{"type":"Polygon","coordinates":[[[24.636754,42.195151],[24.636731,42.195126],[24.636699,42.195142],[24.636722,42.195169],[24.636703,42.195178],[24.636764,42.19526],[24.636645,42.195306],[24.636683,42.195345],[24.636837,42.195293],[24.636831,42.19527],[24.636754,42.195151]]]},"properties":{"num":3}},{"type":"Feature","geometry":{"type":"Polygon","coordinates":[[[24.636707,42.19547],[24.63676,42.195465],[24.636736,42.195327],[24.636683,42.195345],[24.636707,42.19547]]]},"properties":{"num":4}},{"type":"Feature","geometry":{"type":"Polygon","coordinates":[[[24.636803,42.195482],[24.636808,42.195509],[24.63688,42.195502],[24.636875,42.195475],[24.636803,42.195482]]]},"properties":{"num":5}},{"type":"Feature","geometry":{"type":"Polygon","coordinates":[[[24.636305,42.195339],[24.636365,42.195399],[24.636449,42.195352],[24.636387,42.195288],[24.636361,42.195302],[24.636365,42.195306],[24.636305,42.195339]]]},"properties":{"num":1}},{"type":"Feature","geometry":{"type":"Polygon","coordinates":[[[24.636274,42.195428],[24.63635,42.195384],[24.636269,42.195302],[24.636235,42.195325],[24.636274,42.195428]]]},"properties":{"num":2}},{"type":"Feature","geometry":{"type":"Polygon","coordinates":[[[24.636295,42.195483],[24.636337,42.195475],[24.636312,42.195406],[24.636274,42.195428],[24.636295,42.195483]]]},"properties":{"num":3}},{"type":"Feature","geometry":{"type":"Polygon","coordinates":[[[24.636625,42.195428],[24.636613,42.195389],[24.636577,42.195396],[24.636588,42.195434],[24.636625,42.195428]]]},"properties":{"num":4}},{"type":"Feature","geometry":{"type":"Polygon","coordinates":[[[24.636683,42.195345],[24.636663,42.195324],[24.636641,42.195333],[24.636658,42.195378],[24.636668,42.195376],[24.636676,42.19542],[24.6367,42.195416],[24.636683,42.195345]]]},"properties":{"num":5}},{"type":"Feature","geometry":{"type":"Polygon","coordinates":[[[24.636584,42.195291],[24.636501,42.195203],[24.636431,42.195241],[24.636514,42.195328],[24.636584,42.195291]]]},"properties":{"num":6}},{"type":"Feature","geometry":{"type":"Polygon","coordinates":[[[24.63639,42.195577],[24.636384,42.195538],[24.63636,42.195543],[24.63636,42.195552],[24.636324,42.195558],[24.636353,42.195633],[24.636524,42.195607],[24.636518,42.195567],[24.63639,42.195577]]]},"properties":{"num":1}},{"type":"Feature","geometry":{"type":"Polygon","coordinates":[[[24.636518,42.195567],[24.636507,42.195493],[24.636428,42.1955],[24.63643,42.195519],[24.636382,42.195528],[24.63639,42.195577],[24.636518,42.195567]]]},"properties":{"num":2}},{"type":"Feature","geometry":{"type":"Polygon","coordinates":[[[24.636392,42.195737],[24.636542,42.195721],[24.636535,42.195676],[24.636374,42.195689],[24.636392,42.195737]]]},"properties":{"num":3}},{"type":"Feature","geometry":{"type":"Polygon","coordinates":[[[24.63643,42.195838],[24.63648,42.195831],[24.636443,42.19573],[24.636392,42.195737],[24.63643,42.195838]]]},"properties":{"num":4}},{"type":"Feature","geometry":{"type":"Polygon","coordinates":[[[24.636442,42.195871],[24.636468,42.195865],[24.63646,42.195834],[24.63643,42.195838],[24.636442,42.195871]]]},"properties":{"num":5}},{"type":"Feature","geometry":{"type":"Polygon","coordinates":[[[24.636695,42.196289],[24.636792,42.196266],[24.636798,42.19628],[24.636813,42.196276],[24.636795,42.196233],[24.636779,42.196237],[24.63676,42.196187],[24.636631,42.196217],[24.636671,42.19631],[24.636701,42.196303],[24.636695,42.196289]]]},"properties":{"num":1}},{"type":"Feature","geometry":{"type":"Polygon","coordinates":[[[24.636853,42.196156],[24.636793,42.196169],[24.636851,42.196297],[24.636896,42.196286],[24.636853,42.196156]]]},"properties":{"num":2}},{"type":"Feature","geometry":{"type":"Polygon","coordinates":[[[24.636406,42.196293],[24.636395,42.196261],[24.63629,42.196283],[24.636326,42.196375],[24.636415,42.196356],[24.636391,42.196296],[24.636406,42.196293]]]},"properties":{"num":1}},{"type":"Feature","geometry":{"type":"Polygon","coordinates":[[[24.636438,42.196352],[24.636416,42.196291],[24.636391,42.196296],[24.636415,42.196356],[24.636438,42.196352]]]},"properties":{"num":2}},{"type":"Feature","geometry":{"type":"Polygon","coordinates":[[[24.636116,42.196318],[24.636147,42.196406],[24.636204,42.196395],[24.636176,42.196306],[24.636116,42.196318]]]},"properties":{"num":3}},{"type":"Feature","geometry":{"type":"Polygon","coordinates":[[[24.636116,42.195651],[24.636112,42.195635],[24.636155,42.19563],[24.636143,42.195574],[24.636132,42.195549],[24.636117,42.195551],[24.636123,42.195565],[24.636016,42.195576],[24.636031,42.195644],[24.636077,42.195639],[24.636082,42.195666],[24.636114,42.195662],[24.636111,42.195652],[24.636116,42.195651]]]},"properties":{"num":1}},{"type":"Feature","geometry":{"type":"Polygon","coordinates":[[[24.635966,42.195528],[24.635972,42.195581],[24.63605,42.195572],[24.636035,42.195518],[24.635966,42.195528]]]},"properties":{"num":2}},{"type":"Feature","geometry":{"type":"Polygon","coordinates":[[[24.635984,42.195672],[24.636011,42.195669],[24.636006,42.195647],[24.636031,42.195644],[24.636016,42.195576],[24.635972,42.195581],[24.635984,42.195672]]]},"properties":{"num":3}},{"type":"Feature","geometry":{"type":"Polygon","coordinates":[[[24.636243,42.195672],[24.636231,42.195638],[24.636111,42.195652],[24.636119,42.195688],[24.636243,42.195672]]]},"properties":{"num":4}},{"type":"Feature","geometry":{"type":"Polygon","coordinates":[[[24.636261,42.195723],[24.636227,42.19573],[24.63621,42.195677],[24.636172,42.195684],[24.636205,42.195792],[24.636279,42.195778],[24.636261,42.195723]]]},"properties":{"num":5}},{"type":"Feature","geometry":{"type":"Polygon","coordinates":[[[24.635964,42.195436],[24.636087,42.195426],[24.636078,42.195356],[24.635953,42.195365],[24.635964,42.195436]]]},"properties":{"num":1}},{"type":"Feature","geometry":{"type":"Polygon","coordinates":[[[24.635954,42.19537],[24.635787,42.195384],[24.635793,42.195449],[24.635964,42.195436],[24.635954,42.19537]]]},"properties":{"num":2}},{"type":"Feature","geometry":{"type":"Polygon","coordinates":[[[24.635787,42.195384],[24.635658,42.195392],[24.635658,42.195442],[24.635792,42.195435],[24.635787,42.195384]]]},"properties":{"num":3}},{"type":"Feature","geometry":{"type":"Polygon","coordinates":[[[24.636161,42.195457],[24.636038,42.195475],[24.636049,42.195519],[24.636177,42.195498],[24.636161,42.195457]]]},"properties":{"num":4}},{"type":"Feature","geometry":{"type":"Polygon","coordinates":[[[24.635926,42.195322],[24.635919,42.195277],[24.63587,42.195281],[24.635877,42.195326],[24.635926,42.195322]]]},"properties":{"num":5}},{"type":"Feature","geometry":{"type":"Polygon","coordinates":[[[24.635728,42.195306],[24.635752,42.195324],[24.635803,42.195283],[24.63578,42.195265],[24.635728,42.195306]]]},"properties":{"num":6}},{"type":"Feature","geometry":{"type":"Polygon","coordinates":[[[24.635637,42.195602],[24.635692,42.195601],[24.635703,42.195474],[24.635652,42.195472],[24.635637,42.195602]]]},"properties":{"num":7}},{"type":"Feature","geometry":{"type":"Polygon","coordinates":[[[24.63565,42.195889],[24.635649,42.195869],[24.635611,42.19587],[24.635611,42.19589],[24.63565,42.195889]]]},"properties":{"num":8}},{"type":"Feature","geometry":{"type":"Polygon","coordinates":[[[24.635943,42.196453],[24.636072,42.196425],[24.636046,42.196349],[24.635916,42.196376],[24.635943,42.196453]]]},"properties":{"num":1}},{"type":"Feature","geometry":{"type":"Polygon","coordinates":[[[24.635943,42.196453],[24.635947,42.196466],[24.635978,42.196457],[24.635974,42.196447],[24.635943,42.196453]]]},"properties":{"num":2}},{"type":"Feature","geometry":{"type":"Polygon","coordinates":[[[24.63507,42.195475],[24.635007,42.195518],[24.635083,42.195582],[24.635146,42.195539],[24.63507,42.195475]]]},"properties":{"num":1}},{"type":"Feature","geometry":{"type":"Polygon","coordinates":[[[24.635002,42.195562],[24.634937,42.195607],[24.634986,42.19565],[24.635053,42.195605],[24.635002,42.195562]]]},"properties":{"num":2}},{"type":"Feature","geometry":{"type":"Polygon","coordinates":[[[24.634937,42.195607],[24.634972,42.195583],[24.634897,42.195522],[24.634864,42.195544],[24.634937,42.195607]]]},"properties":{"num":3}},{"type":"Feature","geometry":{"type":"Polygon","coordinates":[[[24.635429,42.195208],[24.635407,42.195192],[24.635321,42.195256],[24.635332,42.195265],[24.63532,42.195273],[24.635365,42.195306],[24.635452,42.195243],[24.635418,42.195216],[24.635429,42.195208]]]},"properties":{"num":1}},{"type":"Feature","geometry":{"type":"Polygon","coordinates":[[[24.635547,42.195165],[24.635513,42.19514],[24.635418,42.195216],[24.635452,42.195243],[24.635547,42.195165]]]},"properties":{"num":2}},{"type":"Feature","geometry":{"type":"Polygon","coordinates":[[[24.635283,42.195262],[24.635339,42.19522],[24.635309,42.195199],[24.635256,42.195243],[24.635283,42.195262]]]},"properties":{"num":3}},{"type":"Feature","geometry":{"type":"Polygon","coordinates":[[[24.635772,42.195223],[24.635844,42.19517],[24.635795,42.195136],[24.635802,42.195131],[24.635767,42.195104],[24.635689,42.195162],[24.635772,42.195223]]]},"properties":{"num":1}},{"type":"Feature","geometry":{"type":"Polygon","coordinates":[[[24.63571,42.195178],[24.635698,42.195187],[24.635758,42.195233],[24.635772,42.195223],[24.63571,42.195178]]]},"properties":{"num":2}},{"type":"Feature","geometry":{"type":"Polygon","coordinates":[[[24.635844,42.19517],[24.635797,42.195205],[24.635828,42.19523],[24.635876,42.195195],[24.635844,42.19517]]]},"properties":{"num":3}},{"type":"Feature","geometry":{"type":"Polygon","coordinates":[[[24.636375,42.195031],[24.636316,42.194983],[24.63632,42.19498],[24.636288,42.194951],[24.636133,42.19504],[24.636141,42.195048],[24.636126,42.195057],[24.636209,42.195131],[24.63625,42.195106],[24.636258,42.195114],[24.636342,42.195064],[24.636333,42.195057],[24.636375,42.195031]]]},"properties":{"num":1}},{"type":"Feature","geometry":{"type":"Polygon","coordinates":[[[24.636271,42.194842],[24.636249,42.194856],[24.636289,42.194887],[24.63631,42.194873],[24.636271,42.194842]]]},"properties":{"num":2}},{"type":"Feature","geometry":{"type":"Polygon","coordinates":[[[24.636853,42.194836],[24.636811,42.194794],[24.636795,42.194802],[24.636781,42.194787],[24.636707,42.194825],[24.636763,42.194884],[24.636853,42.194836]]]},"properties":{"num":1}},{"type":"Feature","geometry":{"type":"Polygon","coordinates":[[[24.636939,42.194786],[24.636891,42.194739],[24.636829,42.194775],[24.636844,42.194792],[24.636822,42.194804],[24.636853,42.194836],[24.636939,42.194786]]]},"properties":{"num":2}},{"type":"Feature","geometry":{"type":"Polygon","coordinates":[[[24.636975,42.194765],[24.636933,42.194724],[24.636898,42.194745],[24.636939,42.194786],[24.636975,42.194765]]]},"properties":{"num":3}},{"type":"Feature","geometry":{"type":"Polygon","coordinates":[[[24.636763,42.194884],[24.636692,42.19481],[24.636651,42.194831],[24.636721,42.194908],[24.636763,42.194884]]]},"properties":{"num":4}},{"type":"Feature","geometry":{"type":"Polygon","coordinates":[[[24.636601,42.194972],[24.63672,42.194907],[24.636694,42.194876],[24.636576,42.19494],[24.636601,42.194972]]]},"properties":{"num":5}},{"type":"Feature","geometry":{"type":"Polygon","coordinates":[[[24.636586,42.19444],[24.636547,42.19441],[24.636526,42.194425],[24.636496,42.194401],[24.636441,42.194442],[24.636511,42.194495],[24.636586,42.19444]]]},"properties":{"num":1}},{"type":"Feature","geometry":{"type":"Polygon","coordinates":[[[24.636645,42.194399],[24.636537,42.19431],[24.636497,42.194339],[24.636539,42.194371],[24.636496,42.194401],[24.636526,42.194425],[24.636547,42.19441],[24.636586,42.19444],[24.636645,42.194399]]]},"properties":{"num":2}},{"type":"Feature","geometry":{"type":"Polygon","coordinates":[[[24.636613,42.19442],[24.63656,42.19446],[24.636581,42.194476],[24.636611,42.194455],[24.636625,42.194467],[24.636648,42.194453],[24.636613,42.19442]]]},"properties":{"num":3}},{"type":"Feature","geometry":{"type":"Polygon","coordinates":[[[24.636457,42.194455],[24.636332,42.194538],[24.636372,42.194571],[24.636499,42.194486],[24.636457,42.194455]]]},"properties":{"num":4}},{"type":"Feature","geometry":{"type":"Polygon","coordinates":[[[24.636324,42.194461],[24.636346,42.194479],[24.636383,42.194456],[24.636359,42.194436],[24.636324,42.194461]]]},"properties":{"num":5}},{"type":"Feature","geometry":{"type":"Polygon","coordinates":[[[24.636319,42.194593],[24.636348,42.194572],[24.636266,42.194501],[24.636235,42.194523],[24.636319,42.194593]]]},"properties":{"num":6}},{"type":"Feature","geometry":{"type":"Polygon","coordinates":[[[24.636115,42.194609],[24.636138,42.194624],[24.636229,42.194562],[24.636207,42.194543],[24.636115,42.194609]]]},"properties":{"num":7}},{"type":"Feature","geometry":{"type":"Polygon","coordinates":[[[24.636061,42.194684],[24.636106,42.194652],[24.636081,42.194632],[24.636036,42.194664],[24.636061,42.194684]]]},"properties":{"num":8}},{"type":"Feature","geometry":{"type":"Polygon","coordinates":[[[24.637096,42.194698],[24.637054,42.194656],[24.637037,42.194665],[24.637023,42.194651],[24.637039,42.194642],[24.637027,42.194631],[24.637,42.194646],[24.63701,42.194656],[24.636949,42.19469],[24.637006,42.194748],[24.637096,42.194698]]]},"properties":{"num":1}},{"type":"Feature","geometry":{"type":"Polygon","coordinates":[[[24.637284,42.194596],[24.637252,42.194563],[24.6371,42.194645],[24.637133,42.194678],[24.637284,42.194596]]]},"properties":{"num":2}},{"type":"Feature","geometry":{"type":"Polygon","coordinates":[[[24.637006,42.194748],[24.636949,42.19469],[24.636915,42.194705],[24.636975,42.194765],[24.637006,42.194748]]]},"properties":{"num":3}},{"type":"Feature","geometry":{"type":"Polygon","coordinates":[[[24.636915,42.194705],[24.636949,42.19469],[24.636898,42.194641],[24.636867,42.194658],[24.636915,42.194705]]]},"properties":{"num":4}},{"type":"Feature","geometry":{"type":"Polygon","coordinates":[[[24.637322,42.194575],[24.637273,42.194529],[24.637237,42.194552],[24.637284,42.194596],[24.637322,42.194575]]]},"properties":{"num":5}},{"type":"Feature","geometry":{"type":"Polygon","coordinates":[[[24.637237,42.194552],[24.637176,42.194586],[24.637188,42.194597],[24.637249,42.194564],[24.637237,42.194552]]]},"properties":{"num":6}},{"type":"Feature","geometry":{"type":"Polygon","coordinates":[[[24.637273,42.194529],[24.637183,42.194431],[24.637118,42.194474],[24.637211,42.194566],[24.637273,42.194529]]]},"properties":{"num":7}},{"type":"Feature","geometry":{"type":"Polygon","coordinates":[[[24.637146,42.194456],[24.63708,42.19439],[24.637041,42.194411],[24.637109,42.19448],[24.637146,42.194456]]]},"properties":{"num":8}},{"type":"Feature","geometry":{"type":"Polygon","coordinates":[[[24.637332,42.194513],[24.63738,42.194488],[24.637365,42.194474],[24.637385,42.194462],[24.637322,42.194398],[24.637253,42.194434],[24.637332,42.194513]]]},"properties":{"num":1}},{"type":"Feature","geometry":{"type":"Polygon","coordinates":[[[24.63754,42.194385],[24.637491,42.194335],[24.637355,42.194409],[24.637405,42.19446],[24.63754,42.194385]]]},"properties":{"num":2}},{"type":"Feature","geometry":{"type":"Polygon","coordinates":[[[24.637415,42.194524],[24.63738,42.194488],[24.637332,42.194513],[24.637321,42.194502],[24.637309,42.194509],[24.637357,42.194556],[24.637415,42.194524]]]},"properties":{"num":3}},{"type":"Feature","geometry":{"type":"Polygon","coordinates":[[[24.637322,42.194575],[24.637357,42.194556],[24.637309,42.194509],[24.637273,42.194529],[24.637322,42.194575]]]},"properties":{"num":4}},{"type":"Feature","geometry":{"type":"Polygon","coordinates":[[[24.637309,42.194491],[24.637259,42.194514],[24.637273,42.194529],[24.637321,42.194502],[24.637309,42.194491]]]},"properties":{"num":5}},{"type":"Feature","geometry":{"type":"Polygon","coordinates":[[[24.637259,42.194514],[24.637293,42.194498],[24.63722,42.194422],[24.63719,42.194437],[24.637259,42.194514]]]},"properties":{"num":6}},{"type":"Feature","geometry":{"type":"Polygon","coordinates":[[[24.637506,42.194404],[24.63755,42.19445],[24.637585,42.194431],[24.63754,42.194385],[24.637506,42.194404]]]},"properties":{"num":7}},{"type":"Feature","geometry":{"type":"Polygon","coordinates":[[[24.637491,42.194335],[24.637476,42.19432],[24.637385,42.194366],[24.637401,42.194383],[24.637491,42.194335]]]},"properties":{"num":8}},{"type":"Feature","geometry":{"type":"Polygon","coordinates":[[[24.637344,42.194309],[24.637317,42.194324],[24.637342,42.194344],[24.637367,42.194327],[24.637344,42.194309]]]},"properties":{"num":9}},{"type":"Feature","geometry":{"type":"Polygon","coordinates":[[[24.636946,42.194168],[24.63704,42.194101],[24.636982,42.194055],[24.636921,42.194099],[24.636935,42.19411],[24.636903,42.194134],[24.636946,42.194168]]]},"properties":{"num":1}},{"type":"Feature","geometry":{"type":"Polygon","coordinates":[[[24.636839,42.194096],[24.636903,42.194134],[24.636935,42.19411],[24.636912,42.194095],[24.636903,42.194102],[24.636867,42.194076],[24.636839,42.194096]]]},"properties":{"num":2}},{"type":"Feature","geometry":{"type":"Polygon","coordinates":[[[24.636803,42.194124],[24.636914,42.194189],[24.636946,42.194168],[24.636903,42.194134],[24.636839,42.194096],[24.636803,42.194124]]]},"properties":{"num":3}},{"type":"Feature","geometry":{"type":"Polygon","coordinates":[[[24.636958,42.194215],[24.636993,42.194192],[24.636946,42.194168],[24.636914,42.194189],[24.636958,42.194215]]]},"properties":{"num":4}},{"type":"Feature","geometry":{"type":"Polygon","coordinates":[[[24.636969,42.194151],[24.636989,42.194167],[24.637033,42.194135],[24.637014,42.194119],[24.636969,42.194151]]]},"properties":{"num":5}},{"type":"Feature","geometry":{"type":"Polygon","coordinates":[[[24.637088,42.193917],[24.637048,42.193946],[24.637101,42.193989],[24.637139,42.193959],[24.637088,42.193917]]]},"properties":{"num":6}},{"type":"Feature","geometry":{"type":"Polygon","coordinates":[[[24.637261,42.194063],[24.637196,42.194104],[24.637223,42.194125],[24.637281,42.194085],[24.637261,42.194063]]]},"properties":{"num":7}},{"type":"Feature","geometry":{"type":"Polygon","coordinates":[[[24.637268,42.193958],[24.63733,42.193918],[24.637265,42.193858],[24.637201,42.1939],[24.637268,42.193958]]]},"properties":{"num":1}},{"type":"Feature","geometry":{"type":"Polygon","coordinates":[[[24.637323,42.193922],[24.637268,42.193958],[24.637291,42.193979],[24.637306,42.19397],[24.637366,42.193999],[24.63739,42.193983],[24.637323,42.193922]]]},"properties":{"num":2}},{"type":"Feature","geometry":{"type":"Polygon","coordinates":[[[24.637261,42.194063],[24.637338,42.194013],[24.637308,42.193989],[24.637226,42.194034],[24.637261,42.194063]]]},"properties":{"num":3}},{"type":"Feature","geometry":{"type":"Polygon","coordinates":[[[24.637088,42.193917],[24.637175,42.19399],[24.637209,42.193966],[24.637121,42.193894],[24.637088,42.193917]]]},"properties":{"num":4}},{"type":"Feature","geometry":{"type":"Polygon","coordinates":[[[24.637397,42.193875],[24.637316,42.193804],[24.637301,42.193814],[24.637316,42.193826],[24.637265,42.193858],[24.63733,42.193918],[24.637397,42.193875]]]},"properties":{"num":1}},{"type":"Feature","geometry":{"type":"Polygon","coordinates":[[[24.637427,42.193854],[24.637323,42.193922],[24.63739,42.193983],[24.637501,42.193919],[24.637427,42.193854]]]},"properties":{"num":2}},{"type":"Feature","geometry":{"type":"Polygon","coordinates":[[[24.637501,42.193919],[24.637461,42.193942],[24.63748,42.193957],[24.637519,42.193935],[24.637501,42.193919]]]},"properties":{"num":3}},{"type":"Feature","geometry":{"type":"Polygon","coordinates":[[[24.637746,42.19427],[24.637706,42.194285],[24.637735,42.19433],[24.637776,42.194315],[24.637746,42.19427]]]},"properties":{"num":4}},{"type":"Feature","geometry":{"type":"Polygon","coordinates":[[[24.637551,42.193728],[24.637497,42.193685],[24.637418,42.19374],[24.637472,42.193783],[24.637551,42.193728]]]},"properties":{"num":1}},{"type":"Feature","geometry":{"type":"Polygon","coordinates":[[[24.637437,42.193807],[24.637472,42.193783],[24.637418,42.19374],[24.637383,42.193765],[24.637437,42.193807]]]},"properties":{"num":2}},{"type":"Feature","geometry":{"type":"Polygon","coordinates":[[[24.63758,42.193901],[24.637499,42.193828],[24.637448,42.193856],[24.637532,42.193929],[24.63758,42.193901]]]},"properties":{"num":3}},{"type":"Feature","geometry":{"type":"Polygon","coordinates":[[[24.638111,42.193848],[24.638104,42.19385],[24.6381,42.193837],[24.637945,42.193883],[24.637968,42.193925],[24.638125,42.193878],[24.638111,42.193848]]]},"properties":{"num":1}},{"type":"Feature","geometry":{"type":"Polygon","coordinates":[[[24.638104,42.19385],[24.638239,42.193822],[24.638217,42.193762],[24.638168,42.193773],[24.638165,42.193765],[24.638081,42.193782],[24.638104,42.19385]]]},"properties":{"num":2}},{"type":"Feature","geometry":{"type":"Polygon","coordinates":[[[24.638228,42.193824],[24.638111,42.193848],[24.638125,42.193878],[24.638238,42.193852],[24.638228,42.193824]]]},"properties":{"num":3}},{"type":"Feature","geometry":{"type":"Polygon","coordinates":[[[24.637957,42.193906],[24.637851,42.193934],[24.637872,42.193972],[24.637978,42.193941],[24.637957,42.193906]]]},"properties":{"num":4}},{"type":"Feature","geometry":{"type":"Polygon","coordinates":[[[24.638285,42.193844],[24.638253,42.193852],[24.63826,42.193868],[24.638292,42.193863],[24.638285,42.193844]]]},"properties":{"num":5}},{"type":"Feature","geometry":{"type":"Polygon","coordinates":[[[24.637753,42.19363],[24.637667,42.193565],[24.637549,42.193648],[24.637625,42.193706],[24.637693,42.193658],[24.637703,42.193665],[24.637753,42.19363]]]},"properties":{"num":1}},{"type":"Feature","geometry":{"type":"Polygon","coordinates":[[[24.637936,42.193597],[24.637904,42.193604],[24.637882,42.193621],[24.637905,42.193661],[24.637954,42.193648],[24.637936,42.193597]]]},"properties":{"num":2}},{"type":"Feature","geometry":{"type":"Polygon","coordinates":[[[24.637717,42.19346],[24.637678,42.193488],[24.637793,42.193577],[24.637832,42.193548],[24.637717,42.19346]]]},"properties":{"num":3}},{"type":"Feature","geometry":{"type":"Polygon","coordinates":[[[24.637832,42.193548],[24.637808,42.193566],[24.637849,42.193599],[24.637874,42.193581],[24.637832,42.193548]]]},"properties":{"num":4}},{"type":"Feature","geometry":{"type":"Polygon","coordinates":[[[24.638074,42.19337],[24.63804,42.193356],[24.638036,42.193322],[24.638053,42.193315],[24.638043,42.19329],[24.638028,42.193285],[24.637941,42.193298],[24.637831,42.193374],[24.637909,42.193434],[24.638086,42.193403],[24.638074,42.19337]]]},"properties":{"num":1}},{"type":"Feature","geometry":{"type":"Polygon","coordinates":[[[24.638162,42.193607],[24.638086,42.193403],[24.637973,42.193423],[24.638044,42.193632],[24.638162,42.193607]]]},"properties":{"num":2}},{"type":"Feature","geometry":{"type":"Polygon","coordinates":[[[24.638044,42.193632],[24.637973,42.193423],[24.637909,42.193434],[24.637981,42.193643],[24.638044,42.193632]]]},"properties":{"num":3}},{"type":"Feature","geometry":{"type":"Polygon","coordinates":[[[24.637954,42.193648],[24.637981,42.193643],[24.637964,42.193591],[24.637936,42.193597],[24.637954,42.193648]]]},"properties":{"num":4}},{"type":"Feature","geometry":{"type":"Polygon","coordinates":[[[24.637787,42.193495],[24.637825,42.19347],[24.637798,42.193448],[24.637805,42.193443],[24.637776,42.193421],[24.637733,42.193452],[24.637787,42.193495]]]},"properties":{"num":5}},{"type":"Feature","geometry":{"type":"Polygon","coordinates":[[[24.638731,42.193933],[24.638686,42.19381],[24.638711,42.193804],[24.638688,42.193745],[24.638528,42.193779],[24.638551,42.193838],[24.638576,42.193833],[24.638624,42.193956],[24.638598,42.193962],[24.638621,42.194021],[24.638781,42.193987],[24.638758,42.193927],[24.638731,42.193933]]]},"properties":{"num":1}},{"type":"Feature","geometry":{"type":"Polygon","coordinates":[[[24.638753,42.193928],[24.638742,42.1939],[24.638721,42.193905],[24.638731,42.193933],[24.638753,42.193928]]]},"properties":{"num":2}},{"type":"Feature","geometry":{"type":"Polygon","coordinates":[[[24.639082,42.193879],[24.639252,42.193819],[24.639205,42.193746],[24.639097,42.193784],[24.639104,42.193796],[24.63903,42.193821],[24.639053,42.193872],[24.639064,42.193878],[24.639082,42.193879]]]},"properties":{"num":1}},{"type":"Feature","geometry":{"type":"Polygon","coordinates":[[[24.639104,42.193796],[24.63908,42.193755],[24.639011,42.19378],[24.63903,42.193821],[24.639104,42.193796]]]},"properties":{"num":2}},{"type":"Feature","geometry":{"type":"Polygon","coordinates":[[[24.639423,42.193708],[24.639537,42.193668],[24.639529,42.193658],[24.639518,42.193662],[24.639482,42.193609],[24.639383,42.193644],[24.639423,42.193708]]]},"properties":{"num":1}},{"type":"Feature","geometry":{"type":"Polygon","coordinates":[[[24.639563,42.193709],[24.639547,42.193683],[24.639511,42.193696],[24.639527,42.193721],[24.639563,42.193709]]]},"properties":{"num":2}},{"type":"Feature","geometry":{"type":"Polygon","coordinates":[[[24.639571,42.193657],[24.639537,42.193668],[24.639563,42.193709],[24.639596,42.193697],[24.639571,42.193657]]]},"properties":{"num":3}},{"type":"Feature","geometry":{"type":"Polygon","coordinates":[[[24.639134,42.193564],[24.63911,42.193497],[24.63903,42.193513],[24.639032,42.193521],[24.639003,42.193527],[24.639,42.19352],[24.638984,42.193524],[24.639007,42.193589],[24.639134,42.193564]]]},"properties":{"num":1}},{"type":"Feature","geometry":{"type":"Polygon","coordinates":[[[24.639142,42.193586],[24.639134,42.193564],[24.639055,42.19358],[24.639065,42.193607],[24.639142,42.193586]]]},"properties":{"num":2}},{"type":"Feature","geometry":{"type":"Polygon","coordinates":[[[24.639532,42.192712],[24.639485,42.192658],[24.639377,42.192713],[24.639427,42.192766],[24.639532,42.192712]]]},"properties":{"num":1}},{"type":"Feature","geometry":{"type":"Polygon","coordinates":[[[24.639494,42.192731],[24.639427,42.192766],[24.639408,42.192746],[24.639346,42.192777],[24.639375,42.192811],[24.639509,42.192748],[24.639494,42.192731]]]},"properties":{"num":2}},{"type":"Feature","geometry":{"type":"Polygon","coordinates":[[[24.639532,42.192712],[24.639494,42.192731],[24.639507,42.192746],[24.639547,42.192727],[24.639532,42.192712]]]},"properties":{"num":3}},{"type":"Feature","geometry":{"type":"Polygon","coordinates":[[[24.639346,42.192777],[24.639267,42.192815],[24.639294,42.192851],[24.639375,42.192811],[24.639346,42.192777]]]},"properties":{"num":4}},{"type":"Feature","geometry":{"type":"Polygon","coordinates":[[[24.63941,42.192884],[24.639396,42.192864],[24.639337,42.192885],[24.63935,42.192905],[24.63941,42.192884]]]},"properties":{"num":5}},{"type":"Feature","geometry":{"type":"Polygon","coordinates":[[[24.640159,42.193437],[24.640113,42.193364],[24.64003,42.193392],[24.640082,42.193473],[24.640128,42.193456],[24.640123,42.193448],[24.640159,42.193437]]]},"properties":{"num":1}},{"type":"Feature","geometry":{"type":"Polygon","coordinates":[[[24.640405,42.193313],[24.640522,42.19327],[24.640441,42.193148],[24.640324,42.193191],[24.640405,42.193313]]]},"properties":{"num":1}},{"type":"Feature","geometry":{"type":"Polygon","coordinates":[[[24.639964,42.192457],[24.639901,42.192386],[24.639858,42.192408],[24.639922,42.192479],[24.639964,42.192457]]]},"properties":{"num":1}},{"type":"Feature","geometry":{"type":"Polygon","coordinates":[[[24.639839,42.192585],[24.639955,42.192529],[24.639907,42.192473],[24.639831,42.192512],[24.639836,42.192518],[24.639814,42.192528],[24.639822,42.192538],[24.639804,42.192547],[24.639839,42.192585]]]},"properties":{"num":2}},{"type":"Feature","geometry":{"type":"Polygon","coordinates":[[[24.639804,42.192547],[24.639677,42.192612],[24.639718,42.192659],[24.639845,42.192592],[24.639804,42.192547]]]},"properties":{"num":3}},{"type":"Feature","geometry":{"type":"Polygon","coordinates":[[[24.639693,42.192562],[24.639739,42.19254],[24.639695,42.192491],[24.63965,42.192514],[24.639693,42.192562]]]},"properties":{"num":4}},{"type":"Feature","geometry":{"type":"Polygon","coordinates":[[[24.639902,42.192638],[24.639936,42.192676],[24.640067,42.192611],[24.640033,42.192574],[24.639902,42.192638]]]},"properties":{"num":5}},{"type":"Feature","geometry":{"type":"Polygon","coordinates":[[[24.639838,42.192704],[24.639923,42.192662],[24.639902,42.192638],[24.63981,42.192673],[24.639838,42.192704]]]},"properties":{"num":6}},{"type":"Feature","geometry":{"type":"Polygon","coordinates":[[[24.640917,42.193184],[24.640875,42.193116],[24.640769,42.193153],[24.640812,42.19322],[24.640847,42.193208],[24.640851,42.193214],[24.6409,42.193198],[24.640896,42.193191],[24.640917,42.193184]]]},"properties":{"num":1}},{"type":"Feature","geometry":{"type":"Polygon","coordinates":[[[24.640974,42.193212],[24.640917,42.193102],[24.640875,42.193116],[24.640917,42.193184],[24.640908,42.193187],[24.640928,42.193228],[24.640974,42.193212]]]},"properties":{"num":2}},{"type":"Feature","geometry":{"type":"Polygon","coordinates":[[[24.641288,42.1931],[24.641274,42.193075],[24.641193,42.193101],[24.64121,42.193128],[24.641288,42.1931]]]},"properties":{"num":1}},{"type":"Feature","geometry":{"type":"Polygon","coordinates":[[[24.641187,42.193136],[24.641158,42.193088],[24.64111,42.193104],[24.641105,42.193096],[24.641037,42.193122],[24.641072,42.193176],[24.641187,42.193136]]]},"properties":{"num":2}},{"type":"Feature","geometry":{"type":"Polygon","coordinates":[[[24.641021,42.193195],[24.640976,42.193111],[24.640929,42.193125],[24.640974,42.193212],[24.641021,42.193195]]]},"properties":{"num":3}},{"type":"Feature","geometry":{"type":"Polygon","coordinates":[[[24.641357,42.192948],[24.641321,42.192852],[24.641197,42.192873],[24.641216,42.192932],[24.641306,42.192916],[24.641318,42.192956],[24.641357,42.192948]]]},"properties":{"num":4}},{"type":"Feature","geometry":{"type":"Polygon","coordinates":[[[24.640662,42.192232],[24.640791,42.192219],[24.640776,42.192142],[24.640648,42.192154],[24.640662,42.192232]]]},"properties":{"num":1}},{"type":"Feature","geometry":{"type":"Polygon","coordinates":[[[24.64088,42.192196],[24.640791,42.192219],[24.640654,42.192233],[24.640661,42.192266],[24.640739,42.192251],[24.640742,42.192262],[24.640822,42.192253],[24.640823,42.192258],[24.640899,42.19224],[24.64088,42.192196]]]},"properties":{"num":2}},{"type":"Feature","geometry":{"type":"Polygon","coordinates":[[[24.640945,42.192181],[24.64088,42.192196],[24.640899,42.19224],[24.640964,42.192224],[24.640945,42.192181]]]},"properties":{"num":3}},{"type":"Feature","geometry":{"type":"Polygon","coordinates":[[[24.640492,42.192121],[24.640557,42.192294],[24.640616,42.192282],[24.640552,42.192115],[24.640492,42.192121]]]},"properties":{"num":4}},{"type":"Feature","geometry":{"type":"Polygon","coordinates":[[[24.640533,42.192306],[24.640548,42.192347],[24.640585,42.192334],[24.64057,42.192298],[24.640533,42.192306]]]},"properties":{"num":5}},{"type":"Feature","geometry":{"type":"Polygon","coordinates":[[[24.640674,42.192309],[24.640569,42.192351],[24.640592,42.192387],[24.640695,42.192345],[24.640674,42.192309]]]},"properties":{"num":6}},{"type":"Feature","geometry":{"type":"Polygon","coordinates":[[[24.641324,42.192478],[24.641287,42.192449],[24.641253,42.192475],[24.641235,42.192461],[24.641183,42.192501],[24.641243,42.192541],[24.641324,42.192478]]]},"properties":{"num":1}},{"type":"Feature","geometry":{"type":"Polygon","coordinates":[[[24.641251,42.192546],[24.641183,42.192501],[24.641146,42.192529],[24.641162,42.192542],[24.641132,42.19256],[24.641181,42.192599],[24.641251,42.192546]]]},"properties":{"num":2}},{"type":"Feature","geometry":{"type":"Polygon","coordinates":[[[24.641324,42.192478],[24.641243,42.192541],[24.641269,42.192559],[24.641342,42.192491],[24.641324,42.192478]]]},"properties":{"num":3}},{"type":"Feature","geometry":{"type":"Polygon","coordinates":[[[24.64135,42.192422],[24.641305,42.192462],[24.641342,42.192491],[24.64139,42.192446],[24.64135,42.192422]]]},"properties":{"num":4}},{"type":"Feature","geometry":{"type":"Polygon","coordinates":[[[24.641251,42.192546],[24.641207,42.192579],[24.641227,42.192593],[24.641269,42.192559],[24.641251,42.192546]]]},"properties":{"num":5}},{"type":"Feature","geometry":{"type":"Polygon","coordinates":[[[24.641141,42.192619],[24.641181,42.192599],[24.641132,42.19256],[24.641112,42.192572],[24.641141,42.192619]]]},"properties":{"num":6}},{"type":"Feature","geometry":{"type":"Polygon","coordinates":[[[24.640978,42.192386],[24.641035,42.192369],[24.640938,42.192231],[24.640879,42.192244],[24.640978,42.192386]]]},"properties":{"num":7}},{"type":"Feature","geometry":{"type":"Polygon","coordinates":[[[24.641649,42.192656],[24.64158,42.192616],[24.641515,42.192677],[24.641583,42.192716],[24.641649,42.192656]]]},"properties":{"num":1}},{"type":"Feature","geometry":{"type":"Polygon","coordinates":[[[24.641618,42.192583],[24.64158,42.192616],[24.641611,42.192634],[24.641647,42.1926],[24.641618,42.192583]]]},"properties":{"num":2}},{"type":"Feature","geometry":{"type":"Polygon","coordinates":[[[24.641647,42.1926],[24.641611,42.192634],[24.641649,42.192656],[24.641684,42.192623],[24.641647,42.1926]]]},"properties":{"num":3}},{"type":"Feature","geometry":{"type":"Polygon","coordinates":[[[24.641522,42.192682],[24.64151,42.192693],[24.641467,42.192669],[24.641435,42.192699],[24.641538,42.192759],[24.641583,42.192716],[24.641522,42.192682]]]},"properties":{"num":4}},{"type":"Feature","geometry":{"type":"Polygon","coordinates":[[[24.64146,42.192713],[24.641447,42.192726],[24.641483,42.192747],[24.641497,42.192735],[24.64146,42.192713]]]},"properties":{"num":5}},{"type":"Feature","geometry":{"type":"Polygon","coordinates":[[[24.64128,42.19285],[24.64132,42.192837],[24.64128,42.192774],[24.641242,42.192788],[24.64128,42.19285]]]},"properties":{"num":6}},{"type":"Feature","geometry":{"type":"Polygon","coordinates":[[[24.641376,42.192934],[24.641426,42.193011],[24.641527,42.192975],[24.641478,42.192898],[24.641376,42.192934]]]},"properties":{"num":1}},{"type":"Feature","geometry":{"type":"Polygon","coordinates":[[[24.641668,42.192965],[24.641623,42.192886],[24.641535,42.192918],[24.641584,42.192994],[24.641668,42.192965]]]},"properties":{"num":2}},{"type":"Feature","geometry":{"type":"Polygon","coordinates":[[[24.6414,42.192925],[24.64139,42.192909],[24.641367,42.192917],[24.641376,42.192934],[24.6414,42.192925]]]},"properties":{"num":3}},{"type":"Feature","geometry":{"type":"Polygon","coordinates":[[[24.64175,42.192936],[24.641724,42.192894],[24.641647,42.192921],[24.641668,42.192965],[24.64175,42.192936]]]},"properties":{"num":4}},{"type":"Feature","geometry":{"type":"Polygon","coordinates":[[[24.641868,42.192893],[24.641868,42.192845],[24.641724,42.192894],[24.64175,42.192936],[24.641868,42.192893]]]},"properties":{"num":5}},{"type":"Feature","geometry":{"type":"Polygon","coordinates":[[[24.641831,42.192791],[24.641833,42.192828],[24.641866,42.192822],[24.641865,42.192789],[24.641831,42.192791]]]},"properties":{"num":6}},{"type":"Feature","geometry":{"type":"Polygon","coordinates":[[[24.641599,42.192351],[24.641703,42.192412],[24.641771,42.192353],[24.641667,42.192291],[24.641599,42.192351]]]},"properties":{"num":1}},{"type":"Feature","geometry":{"type":"Polygon","coordinates":[[[24.64147,42.192334],[24.641518,42.192362],[24.641598,42.192294],[24.641553,42.192264],[24.64147,42.192334]]]},"properties":{"num":2}},{"type":"Feature","geometry":{"type":"Polygon","coordinates":[[[24.64153,42.19225],[24.641464,42.192203],[24.641404,42.192249],[24.641472,42.192294],[24.64153,42.19225]]]},"properties":{"num":1}},{"type":"Feature","geometry":{"type":"Polygon","coordinates":[[[24.641553,42.192264],[24.64153,42.19225],[24.641472,42.192294],[24.641462,42.192287],[24.641434,42.192313],[24.64147,42.192334],[24.641553,42.192264]]]},"properties":{"num":2}},{"type":"Feature","geometry":{"type":"Polygon","coordinates":[[[24.641736,42.191956],[24.641628,42.191969],[24.641633,42.191998],[24.641693,42.191993],[24.641702,42.192038],[24.641755,42.192032],[24.641736,42.191956]]]},"properties":{"num":4}},{"type":"Feature","geometry":{"type":"Polygon","coordinates":[[[24.641586,42.192199],[24.641649,42.192151],[24.641612,42.192124],[24.641602,42.192131],[24.641558,42.192099],[24.641514,42.192134],[24.641517,42.192136],[24.641498,42.192152],[24.641552,42.192191],[24.641561,42.192192],[24.641569,42.192187],[24.641586,42.192199]]]},"properties":{"num":5}},{"type":"Feature","geometry":{"type":"Polygon","coordinates":[[[24.64107,42.191834],[24.640938,42.19185],[24.640958,42.191943],[24.641027,42.191935],[24.64103,42.191947],[24.641093,42.19194],[24.64107,42.191834]]]},"properties":{"num":1}},{"type":"Feature","geometry":{"type":"Polygon","coordinates":[[[24.640878,42.19185],[24.64104,42.191829],[24.641031,42.191788],[24.640867,42.191809],[24.640878,42.19185]]]},"properties":{"num":2}},{"type":"Feature","geometry":{"type":"Polygon","coordinates":[[[24.641067,42.192089],[24.641139,42.19206],[24.641087,42.191988],[24.640978,42.192008],[24.640991,42.192042],[24.641067,42.192089]]]},"properties":{"num":3}},{"type":"Feature","geometry":{"type":"Polygon","coordinates":[[[24.641354,42.191977],[24.641295,42.192006],[24.641316,42.192033],[24.641364,42.192006],[24.641354,42.191977]]]},"properties":{"num":4}},{"type":"Feature","geometry":{"type":"Polygon","coordinates":[[[24.641364,42.191869],[24.641471,42.191858],[24.641454,42.191782],[24.641348,42.191794],[24.641364,42.191869]]]},"properties":{"num":1}},{"type":"Feature","geometry":{"type":"Polygon","coordinates":[[[24.641329,42.191874],[24.641364,42.191869],[24.641348,42.191794],[24.641307,42.191798],[24.641329,42.191874]]]},"properties":{"num":2}},{"type":"Feature","geometry":{"type":"Polygon","coordinates":[[[24.641536,42.191799],[24.641588,42.191792],[24.641571,42.191722],[24.641519,42.191728],[24.641536,42.191799]]]},"properties":{"num":3}},{"type":"Feature","geometry":{"type":"Polygon","coordinates":[[[24.641759,42.191746],[24.641777,42.191822],[24.641807,42.191818],[24.641814,42.191848],[24.641846,42.191844],[24.641843,42.191814],[24.64188,42.19181],[24.641861,42.191733],[24.641759,42.191746]]]},"properties":{"num":1}},{"type":"Feature","geometry":{"type":"Polygon","coordinates":[[[24.642786,42.191573],[24.642798,42.191625],[24.642763,42.191629],[24.642766,42.191643],[24.642749,42.191645],[24.642758,42.191686],[24.642889,42.191667],[24.642867,42.191562],[24.642786,42.191573]]]},"properties":{"num":1}},{"type":"Feature","geometry":{"type":"Polygon","coordinates":[[[24.642894,42.191698],[24.642889,42.191667],[24.642834,42.191675],[24.642842,42.191706],[24.642894,42.191698]]]},"properties":{"num":2}},{"type":"Feature","geometry":{"type":"Polygon","coordinates":[[[24.643064,42.191674],[24.643045,42.191585],[24.642951,42.191598],[24.642958,42.191628],[24.642941,42.19163],[24.642956,42.191688],[24.643064,42.191674]]]},"properties":{"num":1}},{"type":"Feature","geometry":{"type":"Polygon","coordinates":[[[24.643064,42.191674],[24.643151,42.191662],[24.643139,42.191606],[24.643052,42.191617],[24.643064,42.191674]]]},"properties":{"num":2}},{"type":"Feature","geometry":{"type":"Polygon","coordinates":[[[24.643226,42.192361],[24.643217,42.192361],[24.643216,42.192351],[24.643182,42.192353],[24.643181,42.192347],[24.643117,42.192351],[24.643124,42.192412],[24.64323,42.192405],[24.643226,42.192361]]]},"properties":{"num":1}},{"type":"Feature","geometry":{"type":"Polygon","coordinates":[[[24.643291,42.192357],[24.643226,42.192361],[24.64323,42.192405],[24.643292,42.192401],[24.643291,42.192357]]]},"properties":{"num":3}},{"type":"Feature","geometry":{"type":"Polygon","coordinates":[[[24.643107,42.192392],[24.643098,42.192318],[24.643036,42.192322],[24.643034,42.192314],[24.642973,42.192319],[24.642981,42.192376],[24.642987,42.192376],[24.642989,42.1924],[24.643107,42.192392]]]},"properties":{"num":4}},{"type":"Feature","geometry":{"type":"Polygon","coordinates":[[[24.642534,42.192582],[24.642499,42.192679],[24.642594,42.192699],[24.64263,42.1926],[24.642534,42.192582]]]},"properties":{"num":1}},{"type":"Feature","geometry":{"type":"Polygon","coordinates":[[[24.642716,42.192718],[24.642665,42.192709],[24.642648,42.192756],[24.642698,42.192766],[24.642716,42.192718]]]},"properties":{"num":2}},{"type":"Feature","geometry":{"type":"Polygon","coordinates":[[[24.642509,42.192547],[24.642678,42.192578],[24.642691,42.192537],[24.642523,42.192508],[24.642509,42.192547]]]},"properties":{"num":3}},{"type":"Feature","geometry":{"type":"Polygon","coordinates":[[[24.642523,42.192508],[24.642664,42.192532],[24.642672,42.192507],[24.642588,42.192491],[24.642615,42.192407],[24.642562,42.192398],[24.642523,42.192508]]]},"properties":{"num":4}},{"type":"Feature","geometry":{"type":"Polygon","coordinates":[[[24.642855,42.192652],[24.642767,42.192635],[24.642734,42.192729],[24.642806,42.192742],[24.642818,42.192709],[24.642835,42.192712],[24.642855,42.192652]]]},"properties":{"num":1}},{"type":"Feature","geometry":{"type":"Polygon","coordinates":[[[24.642868,42.192617],[24.642808,42.192606],[24.642795,42.19264],[24.642855,42.192652],[24.642868,42.192617]]]},"properties":{"num":2}},{"type":"Feature","geometry":{"type":"Polygon","coordinates":[[[24.642768,42.192781],[24.642783,42.192738],[24.642734,42.192729],[24.642719,42.19277],[24.642768,42.192781]]]},"properties":{"num":3}},{"type":"Feature","geometry":{"type":"Polygon","coordinates":[[[24.642858,42.192467],[24.642808,42.192606],[24.642868,42.192617],[24.642919,42.192474],[24.642858,42.192467]]]},"properties":{"num":4}},{"type":"Feature","geometry":{"type":"Polygon","coordinates":[[[24.642858,42.192467],[24.642806,42.192457],[24.642771,42.192562],[24.64282,42.192572],[24.642858,42.192467]]]},"properties":{"num":5}},{"type":"Feature","geometry":{"type":"Polygon","coordinates":[[[24.643086,42.192452],[24.643,42.192451],[24.642999,42.192485],[24.643086,42.192486],[24.643086,42.192452]]]},"properties":{"num":6}},{"type":"Feature","geometry":{"type":"Polygon","coordinates":[[[24.643569,42.192947],[24.643596,42.192876],[24.64352,42.192861],[24.643509,42.192892],[24.643471,42.192885],[24.643456,42.192924],[24.643569,42.192947]]]},"properties":{"num":1}},{"type":"Feature","geometry":{"type":"Polygon","coordinates":[[[24.643394,42.192911],[24.643456,42.192924],[24.643476,42.192862],[24.643395,42.192856],[24.643394,42.192911]]]},"properties":{"num":2}},{"type":"Feature","geometry":{"type":"Polygon","coordinates":[[[24.643395,42.192856],[24.643448,42.192858],[24.643447,42.192688],[24.643391,42.192686],[24.643395,42.192856]]]},"properties":{"num":3}},{"type":"Feature","geometry":{"type":"Polygon","coordinates":[[[24.643628,42.192959],[24.643837,42.193002],[24.64385,42.192957],[24.643645,42.192915],[24.643628,42.192959]]]},"properties":{"num":4}},{"type":"Feature","geometry":{"type":"Polygon","coordinates":[[[24.643812,42.192949],[24.64385,42.192957],[24.643869,42.192882],[24.643832,42.192878],[24.643812,42.192949]]]},"properties":{"num":5}},{"type":"Feature","geometry":{"type":"Polygon","coordinates":[[[24.64357,42.192624],[24.64357,42.192567],[24.643456,42.19257],[24.643457,42.192582],[24.643451,42.192582],[24.643451,42.192624],[24.64357,42.192624]]]},"properties":{"num":1}},{"type":"Feature","geometry":{"type":"Polygon","coordinates":[[[24.64345,42.192653],[24.643451,42.19261],[24.64339,42.192611],[24.64339,42.192651],[24.64345,42.192653]]]},"properties":{"num":2}},{"type":"Feature","geometry":{"type":"Polygon","coordinates":[[[24.643565,42.192624],[24.643451,42.192624],[24.643451,42.192647],[24.643565,42.192646],[24.643565,42.192624]]]},"properties":{"num":3}},{"type":"Feature","geometry":{"type":"Polygon","coordinates":[[[24.64371,42.192651],[24.643714,42.192606],[24.64357,42.192606],[24.64357,42.192624],[24.643565,42.192624],[24.643566,42.192652],[24.64371,42.192651]]]},"properties":{"num":4}},{"type":"Feature","geometry":{"type":"Polygon","coordinates":[[[24.643714,42.192625],[24.643975,42.192624],[24.643976,42.192564],[24.643687,42.192563],[24.643686,42.192594],[24.643714,42.192594],[24.643714,42.192625]]]},"properties":{"num":5}},{"type":"Feature","geometry":{"type":"Polygon","coordinates":[[[24.643991,42.192327],[24.643725,42.192329],[24.643727,42.192432],[24.644018,42.19243],[24.644018,42.192404],[24.644044,42.192403],[24.644047,42.192358],[24.643991,42.192358],[24.643991,42.192327]]]},"properties":{"num":6}},{"type":"Feature","geometry":{"type":"Polygon","coordinates":[[[24.643447,42.192282],[24.643579,42.192281],[24.643577,42.192217],[24.643491,42.192218],[24.643492,42.192225],[24.643444,42.192227],[24.643447,42.192282]]]},"properties":{"num":1}},{"type":"Feature","geometry":{"type":"Polygon","coordinates":[[[24.643447,42.191619],[24.643554,42.191606],[24.643538,42.191527],[24.643418,42.191542],[24.64343,42.191597],[24.643442,42.191595],[24.643447,42.191619]]]},"properties":{"num":1}},{"type":"Feature","geometry":{"type":"Polygon","coordinates":[[[24.643378,42.191694],[24.643474,42.191686],[24.643464,42.191618],[24.643376,42.191625],[24.643378,42.191694]]]},"properties":{"num":2}},{"type":"Feature","geometry":{"type":"Polygon","coordinates":[[[24.64378,42.191513],[24.643737,42.191518],[24.643747,42.191562],[24.643789,42.191557],[24.64378,42.191513]]]},"properties":{"num":3}},{"type":"Feature","geometry":{"type":"Polygon","coordinates":[[[24.643826,42.191553],[24.64382,42.191498],[24.643778,42.191503],[24.643789,42.191557],[24.643826,42.191553]]]},"properties":{"num":4}},{"type":"Feature","geometry":{"type":"Polygon","coordinates":[[[24.643873,42.191557],[24.644,42.191542],[24.643985,42.191473],[24.643905,42.191483],[24.643907,42.191491],[24.64386,42.191497],[24.643873,42.191557]]]},"properties":{"num":1}},{"type":"Feature","geometry":{"type":"Polygon","coordinates":[[[24.643976,42.191428],[24.643982,42.191461],[24.644032,42.191451],[24.644025,42.191422],[24.643976,42.191428]]]},"properties":{"num":2}},{"type":"Feature","geometry":{"type":"Polygon","coordinates":[[[24.643826,42.191537],[24.643829,42.191571],[24.643881,42.191565],[24.64388,42.191557],[24.643873,42.191557],[24.643868,42.191532],[24.643826,42.191537]]]},"properties":{"num":3}},{"type":"Feature","geometry":{"type":"Polygon","coordinates":[[[24.644025,42.191422],[24.644038,42.191477],[24.644085,42.191471],[24.644075,42.191416],[24.644025,42.191422]]]},"properties":{"num":4}},{"type":"Feature","geometry":{"type":"Polygon","coordinates":[[[24.644254,42.191425],[24.644248,42.191398],[24.644113,42.191412],[24.644119,42.191444],[24.644222,42.191434],[24.644254,42.191425]]]},"properties":{"num":5}},{"type":"Feature","geometry":{"type":"Polygon","coordinates":[[[24.644254,42.191425],[24.644222,42.191434],[24.644228,42.191451],[24.644057,42.191487],[24.644072,42.191527],[24.644278,42.191484],[24.644254,42.191425]]]},"properties":{"num":6}},{"type":"Feature","geometry":{"type":"Polygon","coordinates":[[[24.644277,42.191409],[24.644271,42.191381],[24.644244,42.191384],[24.644251,42.191412],[24.644277,42.191409]]]},"properties":{"num":7}},{"type":"Feature","geometry":{"type":"Polygon","coordinates":[[[24.644336,42.191471],[24.644288,42.191482],[24.644286,42.191593],[24.644334,42.191593],[24.644336,42.191471]]]},"properties":{"num":8}},{"type":"Feature","geometry":{"type":"Polygon","coordinates":[[[24.641978,42.190954],[24.641862,42.190897],[24.641831,42.190932],[24.641946,42.190989],[24.641978,42.190954]]]},"properties":{"num":1}},{"type":"Feature","geometry":{"type":"Polygon","coordinates":[[[24.64181,42.190921],[24.641839,42.190891],[24.641768,42.190853],[24.641741,42.190882],[24.64181,42.190921]]]},"properties":{"num":2}},{"type":"Feature","geometry":{"type":"Polygon","coordinates":[[[24.641946,42.190989],[24.641974,42.191003],[24.642005,42.190968],[24.641978,42.190954],[24.641946,42.190989]]]},"properties":{"num":3}},{"type":"Feature","geometry":{"type":"Polygon","coordinates":[[[24.642534,42.191447],[24.64252,42.191377],[24.642408,42.191392],[24.642424,42.191461],[24.642534,42.191447]]]},"properties":{"num":1}},{"type":"Feature","geometry":{"type":"Polygon","coordinates":[[[24.642569,42.191491],[24.642563,42.191462],[24.642571,42.191461],[24.642558,42.191401],[24.642551,42.191402],[24.642545,42.191374],[24.64252,42.191377],[24.642534,42.191447],[24.642521,42.191449],[24.642532,42.191495],[24.642569,42.191491]]]},"properties":{"num":2}},{"type":"Feature","geometry":{"type":"Polygon","coordinates":[[[24.64249,42.191158],[24.642518,42.191285],[24.642568,42.191279],[24.642554,42.19121],[24.642533,42.191212],[24.642522,42.191155],[24.64249,42.191158]]]},"properties":{"num":3}},{"type":"Feature","geometry":{"type":"Polygon","coordinates":[[[24.642117,42.191546],[24.642115,42.191491],[24.642139,42.191491],[24.642137,42.191418],[24.642041,42.19142],[24.642042,42.191453],[24.64201,42.191453],[24.642015,42.191559],[24.642117,42.191546]]]},"properties":{"num":1}},{"type":"Feature","geometry":{"type":"Polygon","coordinates":[[[24.642161,42.191419],[24.64216,42.191398],[24.64214,42.191398],[24.642135,42.191347],[24.642083,42.19135],[24.642088,42.191419],[24.642161,42.191419]]]},"properties":{"num":2}},{"type":"Feature","geometry":{"type":"Polygon","coordinates":[[[24.641924,42.191571],[24.641917,42.191482],[24.641874,42.191484],[24.641883,42.191576],[24.641924,42.191571]]]},"properties":{"num":3}},{"type":"Feature","geometry":{"type":"Polygon","coordinates":[[[24.641726,42.19147],[24.641751,42.191592],[24.641805,42.191585],[24.641786,42.191461],[24.641726,42.19147]]]},"properties":{"num":4}},{"type":"Feature","geometry":{"type":"Polygon","coordinates":[[[24.641687,42.191043],[24.641699,42.19103],[24.641712,42.191036],[24.641728,42.191021],[24.641712,42.191012],[24.641708,42.191016],[24.641644,42.190982],[24.641622,42.191005],[24.641687,42.191043]]]},"properties":{"num":1}},{"type":"Feature","geometry":{"type":"Polygon","coordinates":[[[24.641515,42.191574],[24.64163,42.191559],[24.641609,42.191469],[24.641494,42.191483],[24.641515,42.191574]]]},"properties":{"num":1}},{"type":"Feature","geometry":{"type":"Polygon","coordinates":[[[24.641751,42.191592],[24.641741,42.191537],[24.641692,42.191541],[24.641702,42.191597],[24.641751,42.191592]]]},"properties":{"num":3}},{"type":"Feature","geometry":{"type":"Polygon","coordinates":[[[24.641426,42.191506],[24.641317,42.191518],[24.641332,42.191599],[24.641443,42.191583],[24.641426,42.191506]]]},"properties":{"num":1}},{"type":"Feature","geometry":{"type":"Polygon","coordinates":[[[24.641447,42.191428],[24.641407,42.191432],[24.641443,42.191583],[24.64148,42.191579],[24.641447,42.191428]]]},"properties":{"num":2}},{"type":"Feature","geometry":{"type":"Polygon","coordinates":[[[24.640005,42.190809],[24.64005,42.190808],[24.64005,42.19084],[24.640087,42.19084],[24.640086,42.190808],[24.64014,42.190807],[24.640136,42.190742],[24.640054,42.190744],[24.640054,42.190755],[24.640001,42.190757],[24.640005,42.190809]]]},"properties":{"num":1}},{"type":"Feature","geometry":{"type":"Polygon","coordinates":[[[24.640171,42.190851],[24.640174,42.190832],[24.640132,42.190828],[24.640129,42.190848],[24.640171,42.190851]]]},"properties":{"num":2}},{"type":"Feature","geometry":{"type":"Polygon","coordinates":[[[24.639401,42.191688],[24.639274,42.191692],[24.639279,42.191765],[24.639406,42.19176],[24.639401,42.191688]]]},"properties":{"num":1}},{"type":"Feature","geometry":{"type":"Polygon","coordinates":[[[24.639499,42.191778],[24.639546,42.191776],[24.639544,42.191763],[24.639586,42.191761],[24.639584,42.191715],[24.639497,42.191718],[24.639499,42.191778]]]},"properties":{"num":1}},{"type":"Feature","geometry":{"type":"Polygon","coordinates":[[[24.639464,42.19178],[24.639499,42.191778],[24.639497,42.191718],[24.639462,42.191719],[24.639464,42.19178]]]},"properties":{"num":2}},{"type":"Feature","geometry":{"type":"Polygon","coordinates":[[[24.639896,42.191665],[24.639723,42.191677],[24.639732,42.191729],[24.639902,42.191717],[24.639896,42.191665]]]},"properties":{"num":1}},{"type":"Feature","geometry":{"type":"Polygon","coordinates":[[[24.640392,42.191684],[24.640382,42.191603],[24.640278,42.19161],[24.640289,42.191702],[24.640357,42.191698],[24.640356,42.191686],[24.640392,42.191684]]]},"properties":{"num":1}},{"type":"Feature","geometry":{"type":"Polygon","coordinates":[[[24.640172,42.191743],[24.640165,42.191647],[24.640085,42.191652],[24.64009,42.1917],[24.640111,42.191698],[24.640118,42.191747],[24.640172,42.191743]]]},"properties":{"num":2}},{"type":"Feature","geometry":{"type":"Polygon","coordinates":[[[24.640118,42.191747],[24.640111,42.191698],[24.639941,42.191712],[24.639949,42.19176],[24.640118,42.191747]]]},"properties":{"num":3}},{"type":"Feature","geometry":{"type":"Polygon","coordinates":[[[24.640282,42.191268],[24.640287,42.191299],[24.640329,42.191298],[24.640325,42.191266],[24.640282,42.191268]]]},"properties":{"num":4}},{"type":"Feature","geometry":{"type":"Polygon","coordinates":[[[24.640251,42.191738],[24.640246,42.191697],[24.640169,42.1917],[24.640172,42.191743],[24.640251,42.191738]]]},"properties":{"num":5}},{"type":"Feature","geometry":{"type":"Polygon","coordinates":[[[24.640492,42.191689],[24.64055,42.191685],[24.640549,42.191675],[24.640617,42.191671],[24.640608,42.191589],[24.640481,42.191597],[24.640492,42.191689]]]},"properties":{"num":1}},{"type":"Feature","geometry":{"type":"Polygon","coordinates":[[[24.640496,42.191721],[24.640483,42.191622],[24.640431,42.191626],[24.640444,42.191724],[24.640496,42.191721]]]},"properties":{"num":2}},{"type":"Feature","geometry":{"type":"Polygon","coordinates":[[[24.639948,42.192157],[24.639993,42.192135],[24.640002,42.192144],[24.640051,42.192119],[24.639988,42.192047],[24.639893,42.192094],[24.639948,42.192157]]]},"properties":{"num":1}},{"type":"Feature","geometry":{"type":"Polygon","coordinates":[[[24.640027,42.192172],[24.639993,42.192135],[24.639948,42.192157],[24.639931,42.192137],[24.639914,42.192147],[24.639961,42.192205],[24.640027,42.192172]]]},"properties":{"num":2}},{"type":"Feature","geometry":{"type":"Polygon","coordinates":[[[24.639961,42.192205],[24.639923,42.192158],[24.639887,42.192176],[24.639926,42.192223],[24.639961,42.192205]]]},"properties":{"num":3}},{"type":"Feature","geometry":{"type":"Polygon","coordinates":[[[24.639851,42.192076],[24.63991,42.192071],[24.639887,42.191952],[24.639827,42.191962],[24.639851,42.192076]]]},"properties":{"num":4}},{"type":"Feature","geometry":{"type":"Polygon","coordinates":[[[24.63953,42.192176],[24.639524,42.192145],[24.639453,42.192153],[24.639458,42.192184],[24.63953,42.192176]]]},"properties":{"num":1}},{"type":"Feature","geometry":{"type":"Polygon","coordinates":[[[24.639657,42.192257],[24.639641,42.192217],[24.639591,42.192229],[24.639587,42.192219],[24.639555,42.192226],[24.639559,42.192236],[24.639514,42.192246],[24.639531,42.192285],[24.639657,42.192257]]]},"properties":{"num":2}},{"type":"Feature","geometry":{"type":"Polygon","coordinates":[[[24.639558,42.192279],[24.639572,42.192305],[24.639667,42.192282],[24.639657,42.192257],[24.639558,42.192279]]]},"properties":{"num":3}},{"type":"Feature","geometry":{"type":"Polygon","coordinates":[[[24.639615,42.192379],[24.639537,42.192284],[24.639485,42.192294],[24.639571,42.192401],[24.639615,42.192379]]]},"properties":{"num":4}},{"type":"Feature","geometry":{"type":"Polygon","coordinates":[[[24.639011,42.192683],[24.638895,42.192555],[24.638818,42.192594],[24.638937,42.192722],[24.639011,42.192683]]]},"properties":{"num":1}},{"type":"Feature","geometry":{"type":"Polygon","coordinates":[[[24.639079,42.192531],[24.638982,42.192579],[24.639024,42.192624],[24.639057,42.192608],[24.639069,42.192621],[24.639133,42.192589],[24.639079,42.192531]]]},"properties":{"num":2}},{"type":"Feature","geometry":{"type":"Polygon","coordinates":[[[24.638739,42.192824],[24.638699,42.192777],[24.638628,42.192813],[24.638638,42.192822],[24.638596,42.192844],[24.638628,42.19288],[24.638739,42.192824]]]},"properties":{"num":1}},{"type":"Feature","geometry":{"type":"Polygon","coordinates":[[[24.638591,42.192898],[24.638628,42.19288],[24.638596,42.192844],[24.638608,42.192838],[24.638571,42.192793],[24.638524,42.192815],[24.638591,42.192898]]]},"properties":{"num":2}},{"type":"Feature","geometry":{"type":"Polygon","coordinates":[[[24.638777,42.192804],[24.638736,42.192758],[24.638699,42.192777],[24.638739,42.192824],[24.638777,42.192804]]]},"properties":{"num":3}},{"type":"Feature","geometry":{"type":"Polygon","coordinates":[[[24.638933,42.192725],[24.638857,42.19265],[24.638813,42.192675],[24.638833,42.192696],[24.638821,42.192702],[24.638875,42.192755],[24.638933,42.192725]]]},"properties":{"num":4}},{"type":"Feature","geometry":{"type":"Polygon","coordinates":[[[24.638294,42.19286],[24.638326,42.192947],[24.638438,42.192923],[24.638527,42.192875],[24.638482,42.192821],[24.638294,42.19286]]]},"properties":{"num":1}},{"type":"Feature","geometry":{"type":"Polygon","coordinates":[[[24.638175,42.192694],[24.63814,42.192617],[24.63803,42.192644],[24.638064,42.19272],[24.63811,42.192709],[24.638115,42.19272],[24.638138,42.192715],[24.638133,42.192704],[24.638175,42.192694]]]},"properties":{"num":1}},{"type":"Feature","geometry":{"type":"Polygon","coordinates":[[[24.638165,42.192673],[24.638263,42.192644],[24.63824,42.192604],[24.638146,42.192631],[24.638165,42.192673]]]},"properties":{"num":2}},{"type":"Feature","geometry":{"type":"Polygon","coordinates":[[[24.638172,42.192533],[24.638015,42.19258],[24.638031,42.19261],[24.638188,42.192562],[24.638172,42.192533]]]},"properties":{"num":3}},{"type":"Feature","geometry":{"type":"Polygon","coordinates":[[[24.638315,42.192697],[24.6383,42.19266],[24.63819,42.192686],[24.638204,42.19272],[24.638315,42.192697]]]},"properties":{"num":4}},{"type":"Feature","geometry":{"type":"Polygon","coordinates":[[[24.638409,42.192677],[24.638382,42.192617],[24.638344,42.192626],[24.638355,42.192658],[24.638304,42.192668],[24.638315,42.192697],[24.638409,42.192677]]]},"properties":{"num":5}},{"type":"Feature","geometry":{"type":"Polygon","coordinates":[[[24.638453,42.192658],[24.638436,42.192636],[24.638395,42.192654],[24.638409,42.192677],[24.638453,42.192658]]]},"properties":{"num":6}},{"type":"Feature","geometry":{"type":"Polygon","coordinates":[[[24.638071,42.192562],[24.638051,42.192525],[24.638005,42.192539],[24.637997,42.192526],[24.637966,42.192537],[24.637972,42.192549],[24.637924,42.192564],[24.637945,42.192601],[24.638071,42.192562]]]},"properties":{"num":1}},{"type":"Feature","geometry":{"type":"Polygon","coordinates":[[[24.638262,42.192507],[24.638255,42.192467],[24.638051,42.192525],[24.638071,42.192562],[24.638262,42.192507]]]},"properties":{"num":2}},{"type":"Feature","geometry":{"type":"Polygon","coordinates":[[[24.638107,42.192089],[24.638038,42.192094],[24.638042,42.19214],[24.638058,42.192139],[24.63806,42.192156],[24.638157,42.19215],[24.638149,42.192078],[24.638106,42.192081],[24.638107,42.192089]]]},"properties":{"num":1}},{"type":"Feature","geometry":{"type":"Polygon","coordinates":[[[24.638139,42.192021],[24.638143,42.192069],[24.638197,42.192065],[24.63819,42.192017],[24.638139,42.192021]]]},"properties":{"num":2}},{"type":"Feature","geometry":{"type":"Polygon","coordinates":[[[24.638362,42.192077],[24.638314,42.192081],[24.638311,42.192054],[24.638224,42.19206],[24.638232,42.192128],[24.638366,42.192117],[24.638362,42.192077]]]},"properties":{"num":1}},{"type":"Feature","geometry":{"type":"Polygon","coordinates":[[[24.638362,42.192117],[24.638315,42.192121],[24.638318,42.192149],[24.638362,42.192148],[24.638362,42.192117]]]},"properties":{"num":2}},{"type":"Feature","geometry":{"type":"Polygon","coordinates":[[[24.63819,42.192017],[24.638197,42.192065],[24.638236,42.192058],[24.638235,42.192013],[24.63819,42.192017]]]},"properties":{"num":3}},{"type":"Feature","geometry":{"type":"Polygon","coordinates":[[[24.638363,42.192158],[24.638603,42.192145],[24.638596,42.192095],[24.638365,42.192107],[24.638363,42.192158]]]},"properties":{"num":4}},{"type":"Feature","geometry":{"type":"Polygon","coordinates":[[[24.638406,42.192156],[24.638363,42.192158],[24.638364,42.19218],[24.638407,42.192179],[24.638406,42.192156]]]},"properties":{"num":5}},{"type":"Feature","geometry":{"type":"Polygon","coordinates":[[[24.638407,42.192179],[24.638525,42.192173],[24.638524,42.192149],[24.638406,42.192156],[24.638407,42.192179]]]},"properties":{"num":6}},{"type":"Feature","geometry":{"type":"Polygon","coordinates":[[[24.638603,42.192145],[24.638564,42.192147],[24.638575,42.192227],[24.638614,42.192223],[24.638603,42.192145]]]},"properties":{"num":7}},{"type":"Feature","geometry":{"type":"Polygon","coordinates":[[[24.638614,42.192223],[24.638517,42.192234],[24.638545,42.192349],[24.63863,42.192335],[24.638614,42.192223]]]},"properties":{"num":8}},{"type":"Feature","geometry":{"type":"Polygon","coordinates":[[[24.638314,42.192081],[24.638362,42.192077],[24.638359,42.19205],[24.638311,42.192054],[24.638314,42.192081]]]},"properties":{"num":9}},{"type":"Feature","geometry":{"type":"Polygon","coordinates":[[[24.638894,42.192281],[24.638894,42.192271],[24.638749,42.192271],[24.638749,42.192291],[24.638724,42.192291],[24.638723,42.192316],[24.638749,42.192316],[24.638749,42.192335],[24.638894,42.192335],[24.638894,42.192325],[24.638915,42.192319],[24.638924,42.192303],[24.638915,42.192288],[24.638894,42.192281]]]},"properties":{"num":1}},{"type":"Feature","geometry":{"type":"Polygon","coordinates":[[[24.638796,42.192594],[24.638838,42.192571],[24.638813,42.192544],[24.638767,42.192569],[24.638796,42.192594]]]},"properties":{"num":2}},{"type":"Feature","geometry":{"type":"Polygon","coordinates":[[[24.638158,42.191893],[24.638274,42.191885],[24.638269,42.191856],[24.638252,42.191858],[24.638245,42.191802],[24.638147,42.19181],[24.638158,42.191893]]]},"properties":{"num":1}},{"type":"Feature","geometry":{"type":"Polygon","coordinates":[[[24.638168,42.191749],[24.638123,42.191765],[24.638144,42.19181],[24.638188,42.191808],[24.638168,42.191749]]]},"properties":{"num":2}},{"type":"Feature","geometry":{"type":"Polygon","coordinates":[[[24.638157,42.191753],[24.638097,42.191656],[24.638048,42.191671],[24.638103,42.191771],[24.638157,42.191753]]]},"properties":{"num":3}},{"type":"Feature","geometry":{"type":"Polygon","coordinates":[[[24.63815,42.191838],[24.638112,42.191841],[24.638117,42.191896],[24.638158,42.191893],[24.63815,42.191838]]]},"properties":{"num":4}},{"type":"Feature","geometry":{"type":"Polygon","coordinates":[[[24.638623,42.191857],[24.638614,42.191774],[24.638516,42.191781],[24.638524,42.191865],[24.638623,42.191857]]]},"properties":{"num":1}},{"type":"Feature","geometry":{"type":"Polygon","coordinates":[[[24.638766,42.191847],[24.638761,42.191792],[24.638701,42.191794],[24.638707,42.191851],[24.638766,42.191847]]]},"properties":{"num":2}},{"type":"Feature","geometry":{"type":"Polygon","coordinates":[[[24.63875,42.191657],[24.638688,42.19166],[24.638701,42.191794],[24.638761,42.191792],[24.63875,42.191657]]]},"properties":{"num":3}},{"type":"Feature","geometry":{"type":"Polygon","coordinates":[[[24.638688,42.19166],[24.63875,42.191657],[24.63874,42.191592],[24.638656,42.191597],[24.638661,42.191628],[24.638638,42.191628],[24.638643,42.191708],[24.638691,42.191706],[24.638688,42.19166]]]},"properties":{"num":4}},{"type":"Feature","geometry":{"type":"Polygon","coordinates":[[[24.638974,42.190847],[24.638956,42.190806],[24.638913,42.190817],[24.638907,42.190801],[24.638826,42.190821],[24.638852,42.190878],[24.638906,42.190865],[24.638911,42.190878],[24.638938,42.190871],[24.638933,42.190858],[24.638974,42.190847]]]},"properties":{"num":1}},{"type":"Feature","geometry":{"type":"Polygon","coordinates":[[[24.638679,42.190811],[24.638716,42.190906],[24.63877,42.190896],[24.638757,42.190862],[24.638747,42.190865],[24.638721,42.190801],[24.638679,42.190811]]]},"properties":{"num":2}},{"type":"Feature","geometry":{"type":"Polygon","coordinates":[[[24.638541,42.191102],[24.638598,42.191092],[24.638601,42.1911],[24.638637,42.191093],[24.638635,42.191084],[24.638694,42.191073],[24.638651,42.190948],[24.6386,42.190957],[24.638572,42.190953],[24.63855,42.190967],[24.638499,42.190976],[24.638541,42.191102]]]},"properties":{"num":1}},{"type":"Feature","geometry":{"type":"Polygon","coordinates":[[[24.637861,42.191056],[24.637779,42.191076],[24.637806,42.191137],[24.637935,42.191107],[24.637911,42.19105],[24.637863,42.191061],[24.637861,42.191056]]]},"properties":{"num":1}},{"type":"Feature","geometry":{"type":"Polygon","coordinates":[[[24.637984,42.191035],[24.638034,42.19102],[24.638009,42.190972],[24.637957,42.190984],[24.637984,42.191035]]]},"properties":{"num":2}},{"type":"Feature","geometry":{"type":"Polygon","coordinates":[[[24.637951,42.191056],[24.63797,42.191099],[24.638096,42.191065],[24.638076,42.191023],[24.637951,42.191056]]]},"properties":{"num":3}},{"type":"Feature","geometry":{"type":"Polygon","coordinates":[[[24.6377,42.191263],[24.63766,42.191167],[24.637606,42.19118],[24.637601,42.191167],[24.637576,42.191158],[24.637549,42.191165],[24.637536,42.191183],[24.637541,42.191196],[24.63745,42.191218],[24.637492,42.191313],[24.6377,42.191263]]]},"properties":{"num":1}},{"type":"Feature","geometry":{"type":"Polygon","coordinates":[[[24.637777,42.191187],[24.637678,42.191211],[24.6377,42.191263],[24.637797,42.19124],[24.637777,42.191187]]]},"properties":{"num":2}},{"type":"Feature","geometry":{"type":"Polygon","coordinates":[[[24.637797,42.19124],[24.637761,42.191249],[24.637775,42.19128],[24.63781,42.191272],[24.637797,42.19124]]]},"properties":{"num":3}},{"type":"Feature","geometry":{"type":"Polygon","coordinates":[[[24.63742,42.191232],[24.637379,42.191122],[24.637321,42.191136],[24.637361,42.191244],[24.63742,42.191232]]]},"properties":{"num":4}},{"type":"Feature","geometry":{"type":"Polygon","coordinates":[[[24.637482,42.191934],[24.637491,42.191866],[24.637409,42.191859],[24.637406,42.191879],[24.637362,42.191876],[24.637356,42.191924],[24.637482,42.191934]]]},"properties":{"num":1}},{"type":"Feature","geometry":{"type":"Polygon","coordinates":[[[24.637256,42.191823],[24.637156,42.191758],[24.637127,42.191782],[24.637229,42.191846],[24.637256,42.191823]]]},"properties":{"num":2}},{"type":"Feature","geometry":{"type":"Polygon","coordinates":[[[24.636793,42.191784],[24.636732,42.191838],[24.636833,42.191906],[24.636892,42.191856],[24.636827,42.191813],[24.63682,42.191819],[24.636794,42.191802],[24.636806,42.191792],[24.636793,42.191784]]]},"properties":{"num":1}},{"type":"Feature","geometry":{"type":"Polygon","coordinates":[[[24.636689,42.191866],[24.636741,42.191821],[24.636703,42.191797],[24.636651,42.191843],[24.636689,42.191866]]]},"properties":{"num":2}},{"type":"Feature","geometry":{"type":"Polygon","coordinates":[[[24.636719,42.191905],[24.636738,42.191924],[24.636786,42.191899],[24.636766,42.19188],[24.636719,42.191905]]]},"properties":{"num":3}},{"type":"Feature","geometry":{"type":"Polygon","coordinates":[[[24.636693,42.191893],[24.636567,42.191956],[24.636598,42.191995],[24.636726,42.19193],[24.636693,42.191893]]]},"properties":{"num":4}},{"type":"Feature","geometry":{"type":"Polygon","coordinates":[[[24.63764,42.192689],[24.63763,42.192669],[24.637592,42.19268],[24.637568,42.192634],[24.637475,42.192663],[24.637508,42.192729],[24.63764,42.192689]]]},"properties":{"num":1}},{"type":"Feature","geometry":{"type":"Polygon","coordinates":[[[24.637775,42.192989],[24.637822,42.192972],[24.637828,42.192981],[24.637886,42.192961],[24.637836,42.192886],[24.637732,42.192923],[24.637775,42.192989]]]},"properties":{"num":1}},{"type":"Feature","geometry":{"type":"Polygon","coordinates":[[[24.637779,42.192988],[24.637775,42.192989],[24.637732,42.192923],[24.637662,42.192918],[24.637657,42.192938],[24.637673,42.192939],[24.637656,42.19303],[24.63777,42.193041],[24.637779,42.192988]]]},"properties":{"num":2}},{"type":"Feature","geometry":{"type":"Polygon","coordinates":[[[24.63753,42.193017],[24.637543,42.192932],[24.637599,42.192938],[24.637592,42.192982],[24.637664,42.192989],[24.637673,42.192939],[24.637657,42.192938],[24.637664,42.1929],[24.637499,42.192883],[24.637479,42.193012],[24.63753,42.193017]]]},"properties":{"num":3}},{"type":"Feature","geometry":{"type":"Polygon","coordinates":[[[24.637656,42.19303],[24.637664,42.192989],[24.637623,42.192985],[24.637617,42.193026],[24.637656,42.19303]]]},"properties":{"num":4}},{"type":"Feature","geometry":{"type":"Polygon","coordinates":[[[24.637664,42.1929],[24.63767,42.192877],[24.637633,42.192873],[24.637628,42.192896],[24.637664,42.1929]]]},"properties":{"num":5}},{"type":"Feature","geometry":{"type":"Polygon","coordinates":[[[24.637503,42.192803],[24.637491,42.192883],[24.637526,42.192885],[24.637539,42.192806],[24.637503,42.192803]]]},"properties":{"num":6}},{"type":"Feature","geometry":{"type":"Polygon","coordinates":[[[24.637508,42.192729],[24.637508,42.192757],[24.637587,42.192733],[24.637574,42.192708],[24.637508,42.192729]]]},"properties":{"num":7}},{"type":"Feature","geometry":{"type":"Polygon","coordinates":[[[24.637351,42.192999],[24.637352,42.19298],[24.637368,42.192981],[24.637378,42.192927],[24.637253,42.192914],[24.63724,42.192988],[24.637351,42.192999]]]},"properties":{"num":1}},{"type":"Feature","geometry":{"type":"Polygon","coordinates":[[[24.637205,42.192985],[24.63724,42.192988],[24.637258,42.192898],[24.637223,42.192896],[24.637205,42.192985]]]},"properties":{"num":2}},{"type":"Feature","geometry":{"type":"Polygon","coordinates":[[[24.637475,42.192977],[24.637443,42.192975],[24.637439,42.193007],[24.637465,42.19301],[24.637475,42.192977]]]},"properties":{"num":3}},{"type":"Feature","geometry":{"type":"Polygon","coordinates":[[[24.637475,42.192977],[24.637493,42.192866],[24.637446,42.192862],[24.637433,42.192974],[24.637475,42.192977]]]},"properties":{"num":4}},{"type":"Feature","geometry":{"type":"Polygon","coordinates":[[[24.637505,42.192792],[24.637449,42.192787],[24.63744,42.192862],[24.637493,42.192866],[24.637505,42.192792]]]},"properties":{"num":5}},{"type":"Feature","geometry":{"type":"Polygon","coordinates":[[[24.637118,42.192976],[24.637132,42.192905],[24.637001,42.192891],[24.636986,42.192962],[24.637118,42.192976]]]},"properties":{"num":1}},{"type":"Feature","geometry":{"type":"Polygon","coordinates":[[[24.637223,42.192896],[24.637172,42.192895],[24.637166,42.192981],[24.637205,42.192985],[24.637223,42.192896]]]},"properties":{"num":2}},{"type":"Feature","geometry":{"type":"Polygon","coordinates":[[[24.637243,42.192753],[24.637153,42.192747],[24.637148,42.192792],[24.637186,42.192794],[24.637172,42.192895],[24.637223,42.192896],[24.637243,42.192753]]]},"properties":{"num":3}},{"type":"Feature","geometry":{"type":"Polygon","coordinates":[[[24.63726,42.192629],[24.63715,42.192623],[24.637145,42.192665],[24.637253,42.192672],[24.63726,42.192629]]]},"properties":{"num":4}},{"type":"Feature","geometry":{"type":"Polygon","coordinates":[[[24.63715,42.192623],[24.637084,42.192621],[24.637081,42.192649],[24.637147,42.192653],[24.63715,42.192623]]]},"properties":{"num":5}},{"type":"Feature","geometry":{"type":"Polygon","coordinates":[[[24.636954,42.19287],[24.636991,42.192872],[24.636992,42.192822],[24.636959,42.192821],[24.636954,42.19287]]]},"properties":{"num":6}},{"type":"Feature","geometry":{"type":"Polygon","coordinates":[[[24.636953,42.192959],[24.636986,42.192962],[24.637006,42.192874],[24.636954,42.19287],[24.636953,42.192959]]]},"properties":{"num":7}},{"type":"Feature","geometry":{"type":"Polygon","coordinates":[[[24.63683,42.192947],[24.636837,42.192904],[24.636851,42.192905],[24.63686,42.192859],[24.636791,42.192853],[24.636789,42.192866],[24.63675,42.192863],[24.636738,42.192938],[24.63683,42.192947]]]},"properties":{"num":1}},{"type":"Feature","geometry":{"type":"Polygon","coordinates":[[[24.636706,42.192936],[24.636738,42.192938],[24.63675,42.192863],[24.636712,42.192862],[24.636706,42.192936]]]},"properties":{"num":2}},{"type":"Feature","geometry":{"type":"Polygon","coordinates":[[[24.636954,42.19287],[24.636912,42.192868],[24.636909,42.192955],[24.636953,42.192959],[24.636954,42.19287]]]},"properties":{"num":3}},{"type":"Feature","geometry":{"type":"Polygon","coordinates":[[[24.636966,42.192619],[24.636717,42.192611],[24.636716,42.192771],[24.63679,42.192771],[24.636789,42.192672],[24.636883,42.192676],[24.636881,42.192696],[24.636961,42.1927],[24.636966,42.192619]]]},"properties":{"num":4}},{"type":"Feature","geometry":{"type":"Polygon","coordinates":[[[24.636434,42.192615],[24.636418,42.192699],[24.63649,42.1927],[24.636491,42.192691],[24.636514,42.192692],[24.636512,42.192738],[24.636524,42.192739],[24.636521,42.192794],[24.636509,42.192794],[24.636508,42.192861],[24.636541,42.192862],[24.63654,42.192877],[24.636653,42.19288],[24.63666,42.192609],[24.636434,42.192615]]]},"properties":{"num":1}},{"type":"Feature","geometry":{"type":"Polygon","coordinates":[[[24.636717,42.192665],[24.63666,42.192664],[24.636658,42.19277],[24.636716,42.192771],[24.636717,42.192665]]]},"properties":{"num":2}},{"type":"Feature","geometry":{"type":"Polygon","coordinates":[[[24.636717,42.192611],[24.63666,42.192609],[24.63666,42.192664],[24.636717,42.192665],[24.636717,42.192611]]]},"properties":{"num":3}},{"type":"Feature","geometry":{"type":"Polygon","coordinates":[[[24.636376,42.192616],[24.636364,42.192698],[24.636418,42.192699],[24.636434,42.192615],[24.636376,42.192616]]]},"properties":{"num":4}},{"type":"Feature","geometry":{"type":"Polygon","coordinates":[[[24.63634,42.19285],[24.636329,42.192899],[24.636357,42.192901],[24.636361,42.192853],[24.63634,42.19285]]]},"properties":{"num":5}},{"type":"Feature","geometry":{"type":"Polygon","coordinates":[[[24.63604,42.192851],[24.63615,42.192863],[24.636162,42.192795],[24.636054,42.192784],[24.63604,42.192851]]]},"properties":{"num":1}},{"type":"Feature","geometry":{"type":"Polygon","coordinates":[[[24.636083,42.192874],[24.636086,42.192856],[24.63604,42.192851],[24.636037,42.192869],[24.636083,42.192874]]]},"properties":{"num":2}},{"type":"Feature","geometry":{"type":"Polygon","coordinates":[[[24.636092,42.192589],[24.636084,42.192634],[24.636175,42.192643],[24.636181,42.192598],[24.636092,42.192589]]]},"properties":{"num":3}},{"type":"Feature","geometry":{"type":"Polygon","coordinates":[[[24.636376,42.192616],[24.636181,42.192598],[24.636175,42.192643],[24.636371,42.192664],[24.636376,42.192616]]]},"properties":{"num":4}},{"type":"Feature","geometry":{"type":"Polygon","coordinates":[[[24.636347,42.19282],[24.636306,42.192817],[24.636302,42.192847],[24.63634,42.19285],[24.636347,42.19282]]]},"properties":{"num":5}},{"type":"Feature","geometry":{"type":"Polygon","coordinates":[[[24.636329,42.192899],[24.636334,42.192876],[24.636284,42.19287],[24.636282,42.192894],[24.636329,42.192899]]]},"properties":{"num":6}},{"type":"Feature","geometry":{"type":"Polygon","coordinates":[[[24.636462,42.193147],[24.636581,42.19316],[24.636599,42.193077],[24.636479,42.193063],[24.636462,42.193147]]]},"properties":{"num":1}},{"type":"Feature","geometry":{"type":"Polygon","coordinates":[[[24.636472,42.193096],[24.636401,42.193089],[24.636381,42.193137],[24.636462,42.193147],[24.636472,42.193096]]]},"properties":{"num":2}},{"type":"Feature","geometry":{"type":"Polygon","coordinates":[[[24.636272,42.193126],[24.63638,42.193139],[24.636404,42.193075],[24.636282,42.193065],[24.636272,42.193126]]]},"properties":{"num":3}},{"type":"Feature","geometry":{"type":"Polygon","coordinates":[[[24.636291,42.193002],[24.636282,42.193065],[24.63633,42.193069],[24.636339,42.193007],[24.636291,42.193002]]]},"properties":{"num":4}},{"type":"Feature","geometry":{"type":"Polygon","coordinates":[[[24.636838,42.193137],[24.636848,42.193072],[24.636805,42.193068],[24.636801,42.193097],[24.636783,42.193095],[24.636777,42.193131],[24.636838,42.193137]]]},"properties":{"num":1}},{"type":"Feature","geometry":{"type":"Polygon","coordinates":[[[24.636802,42.193136],[24.636665,42.193122],[24.636631,42.193312],[24.636768,42.193326],[24.636802,42.193136]]]},"properties":{"num":2}},{"type":"Feature","geometry":{"type":"Polygon","coordinates":[[[24.63703,42.193118],[24.636902,42.193108],[24.63689,42.193169],[24.637019,42.193182],[24.63703,42.193118]]]},"properties":{"num":1}},{"type":"Feature","geometry":{"type":"Polygon","coordinates":[[[24.636902,42.193108],[24.636844,42.193103],[24.636828,42.193197],[24.637013,42.193211],[24.637019,42.193182],[24.63689,42.193169],[24.636902,42.193108]]]},"properties":{"num":2}},{"type":"Feature","geometry":{"type":"Polygon","coordinates":[[[24.637215,42.193202],[24.637228,42.193139],[24.63721,42.193137],[24.637207,42.193148],[24.637174,42.193145],[24.637175,42.193136],[24.637098,42.193128],[24.637085,42.193188],[24.637215,42.193202]]]},"properties":{"num":1}},{"type":"Feature","geometry":{"type":"Polygon","coordinates":[[[24.637044,42.193214],[24.637205,42.193232],[24.637208,42.193201],[24.637085,42.193188],[24.637102,42.193119],[24.637062,42.193114],[24.637044,42.193214]]]},"properties":{"num":2}},{"type":"Feature","geometry":{"type":"Polygon","coordinates":[[[24.637367,42.193109],[24.637313,42.193103],[24.637303,42.193164],[24.637358,42.193168],[24.637367,42.193109]]]},"properties":{"num":3}},{"type":"Feature","geometry":{"type":"Polygon","coordinates":[[[24.637602,42.193255],[24.637617,42.193244],[24.637655,42.193274],[24.637722,42.193228],[24.637641,42.193163],[24.637611,42.193183],[24.637604,42.193178],[24.637552,42.193217],[24.637602,42.193255]]]},"properties":{"num":1}},{"type":"Feature","geometry":{"type":"Polygon","coordinates":[[[24.637552,42.193217],[24.637539,42.193228],[24.637629,42.193293],[24.637655,42.193274],[24.637617,42.193244],[24.637602,42.193255],[24.637552,42.193217]]]},"properties":{"num":2}},{"type":"Feature","geometry":{"type":"Polygon","coordinates":[[[24.637841,42.193204],[24.637833,42.193156],[24.637717,42.193144],[24.637705,42.193184],[24.63775,42.193218],[24.637712,42.193245],[24.637745,42.193271],[24.637841,42.193204]]]},"properties":{"num":3}},{"type":"Feature","geometry":{"type":"Polygon","coordinates":[[[24.637692,42.193264],[24.637721,42.193288],[24.637745,42.193271],[24.637712,42.193245],[24.637692,42.193264]]]},"properties":{"num":4}},{"type":"Feature","geometry":{"type":"Polygon","coordinates":[[[24.637434,42.193283],[24.637533,42.193361],[24.637565,42.193337],[24.637464,42.19326],[24.637434,42.193283]]]},"properties":{"num":5}},{"type":"Feature","geometry":{"type":"Polygon","coordinates":[[[24.637456,42.193267],[24.637424,42.193237],[24.637397,42.193258],[24.637432,42.193284],[24.637456,42.193267]]]},"properties":{"num":6}},{"type":"Feature","geometry":{"type":"Polygon","coordinates":[[[24.637367,42.193109],[24.637358,42.193168],[24.637409,42.193173],[24.637417,42.193116],[24.637367,42.193109]]]},"properties":{"num":7}},{"type":"Feature","geometry":{"type":"Polygon","coordinates":[[[24.637279,42.193542],[24.63737,42.193476],[24.637321,42.193437],[24.637283,42.193464],[24.637275,42.193458],[24.63722,42.193497],[24.637279,42.193542]]]},"properties":{"num":1}},{"type":"Feature","geometry":{"type":"Polygon","coordinates":[[[24.637399,42.193518],[24.637357,42.193485],[24.63732,42.193512],[24.637362,42.193545],[24.637399,42.193518]]]},"properties":{"num":2}},{"type":"Feature","geometry":{"type":"Polygon","coordinates":[[[24.63732,42.193512],[24.637299,42.193527],[24.637319,42.193544],[24.637341,42.193529],[24.63732,42.193512]]]},"properties":{"num":3}},{"type":"Feature","geometry":{"type":"Polygon","coordinates":[[[24.637099,42.193671],[24.637165,42.193626],[24.637074,42.193558],[24.637012,42.193603],[24.637099,42.193671]]]},"properties":{"num":1}},{"type":"Feature","geometry":{"type":"Polygon","coordinates":[[[24.637103,42.193669],[24.637099,42.193671],[24.637092,42.193666],[24.637059,42.193687],[24.637107,42.193728],[24.637142,42.193704],[24.637103,42.193669]]]},"properties":{"num":2}},{"type":"Feature","geometry":{"type":"Polygon","coordinates":[[[24.63695,42.193634],[24.63698,42.193616],[24.636916,42.193561],[24.636888,42.19358],[24.63695,42.193634]]]},"properties":{"num":3}},{"type":"Feature","geometry":{"type":"Polygon","coordinates":[[[24.636865,42.193845],[24.636851,42.193834],[24.636861,42.193827],[24.63681,42.193788],[24.636714,42.193857],[24.636776,42.193906],[24.636865,42.193845]]]},"properties":{"num":1}},{"type":"Feature","geometry":{"type":"Polygon","coordinates":[[[24.636743,42.193991],[24.636817,42.193937],[24.636787,42.193913],[24.636774,42.193922],[24.636754,42.193905],[24.63669,42.193948],[24.636743,42.193991]]]},"properties":{"num":2}},{"type":"Feature","geometry":{"type":"Polygon","coordinates":[[[24.63585,42.193394],[24.635899,42.193331],[24.635802,42.193288],[24.635741,42.193358],[24.635796,42.193382],[24.635803,42.193373],[24.63585,42.193394]]]},"properties":{"num":1}},{"type":"Feature","geometry":{"type":"Polygon","coordinates":[[[24.635922,42.193354],[24.635893,42.193393],[24.636042,42.193456],[24.636072,42.193417],[24.635922,42.193354]]]},"properties":{"num":2}},{"type":"Feature","geometry":{"type":"Polygon","coordinates":[[[24.63568,42.193415],[24.635724,42.193437],[24.635748,42.193409],[24.635702,42.193388],[24.63568,42.193415]]]},"properties":{"num":3}},{"type":"Feature","geometry":{"type":"Polygon","coordinates":[[[24.635715,42.193433],[24.635645,42.193398],[24.635615,42.193434],[24.635685,42.193466],[24.635715,42.193433]]]},"properties":{"num":4}},{"type":"Feature","geometry":{"type":"Polygon","coordinates":[[[24.636315,42.193541],[24.636221,42.193503],[24.636206,42.193522],[24.6363,42.193561],[24.636315,42.193541]]]},"properties":{"num":5}},{"type":"Feature","geometry":{"type":"Polygon","coordinates":[[[24.636608,42.194028],[24.636573,42.194001],[24.636592,42.193985],[24.636532,42.193939],[24.636471,42.193984],[24.636566,42.194057],[24.636608,42.194028]]]},"properties":{"num":1}},{"type":"Feature","geometry":{"type":"Polygon","coordinates":[[[24.63648,42.193837],[24.636438,42.193864],[24.636517,42.193933],[24.636559,42.193906],[24.63648,42.193837]]]},"properties":{"num":2}},{"type":"Feature","geometry":{"type":"Polygon","coordinates":[[[24.63665,42.194057],[24.636608,42.194028],[24.636566,42.194057],[24.636602,42.194092],[24.63665,42.194057]]]},"properties":{"num":3}},{"type":"Feature","geometry":{"type":"Polygon","coordinates":[[[24.636665,42.193987],[24.636608,42.194028],[24.63665,42.194057],[24.636703,42.19402],[24.636665,42.193987]]]},"properties":{"num":4}},{"type":"Feature","geometry":{"type":"Polygon","coordinates":[[[24.636384,42.194179],[24.636413,42.194159],[24.636419,42.194164],[24.636447,42.194147],[24.636491,42.194116],[24.636404,42.194044],[24.636303,42.194116],[24.636384,42.194179]]]},"properties":{"num":1}},{"type":"Feature","geometry":{"type":"Polygon","coordinates":[[[24.636423,42.193968],[24.636382,42.193992],[24.63647,42.194076],[24.63651,42.194052],[24.636423,42.193968]]]},"properties":{"num":2}},{"type":"Feature","geometry":{"type":"Polygon","coordinates":[[[24.636525,42.194147],[24.636497,42.194123],[24.636406,42.194188],[24.636437,42.194211],[24.636525,42.194147]]]},"properties":{"num":3}},{"type":"Feature","geometry":{"type":"Polygon","coordinates":[[[24.636403,42.194236],[24.636437,42.194211],[24.63639,42.194175],[24.636384,42.194179],[24.636328,42.194136],[24.636302,42.194156],[24.636403,42.194236]]]},"properties":{"num":4}},{"type":"Feature","geometry":{"type":"Polygon","coordinates":[[[24.636112,42.193927],[24.636082,42.193948],[24.636201,42.194043],[24.636231,42.194022],[24.636112,42.193927]]]},"properties":{"num":5}},{"type":"Feature","geometry":{"type":"Polygon","coordinates":[[[24.636079,42.194307],[24.636145,42.194357],[24.636177,42.194334],[24.636183,42.194338],[24.636202,42.194325],[24.636196,42.194321],[24.636225,42.1943],[24.636161,42.194249],[24.636079,42.194307]]]},"properties":{"num":1}},{"type":"Feature","geometry":{"type":"Polygon","coordinates":[[[24.636124,42.194275],[24.636095,42.194253],[24.636051,42.194285],[24.636079,42.194307],[24.636124,42.194275]]]},"properties":{"num":2}},{"type":"Feature","geometry":{"type":"Polygon","coordinates":[[[24.636339,42.194281],[24.636214,42.194182],[24.636179,42.194208],[24.636304,42.194306],[24.636339,42.194281]]]},"properties":{"num":3}},{"type":"Feature","geometry":{"type":"Polygon","coordinates":[[[24.636403,42.194236],[24.63626,42.194124],[24.636222,42.19415],[24.636367,42.194262],[24.636403,42.194236]]]},"properties":{"num":4}},{"type":"Feature","geometry":{"type":"Polygon","coordinates":[[[24.636174,42.194057],[24.636107,42.194098],[24.636157,42.194143],[24.636228,42.194099],[24.636174,42.194057]]]},"properties":{"num":5}},{"type":"Feature","geometry":{"type":"Polygon","coordinates":[[[24.635935,42.194274],[24.635867,42.194202],[24.635823,42.194224],[24.635895,42.194299],[24.635935,42.194274]]]},"properties":{"num":6}},{"type":"Feature","geometry":{"type":"Polygon","coordinates":[[[24.635611,42.193726],[24.635586,42.193711],[24.635613,42.193688],[24.635542,42.193641],[24.635455,42.193717],[24.635526,42.193763],[24.635559,42.193734],[24.635584,42.193751],[24.635611,42.193726]]]},"properties":{"num":1}},{"type":"Feature","geometry":{"type":"Polygon","coordinates":[[[24.635491,42.193685],[24.635433,42.193653],[24.635416,42.193674],[24.63547,42.193703],[24.635491,42.193685]]]},"properties":{"num":2}},{"type":"Feature","geometry":{"type":"Polygon","coordinates":[[[24.635383,42.193713],[24.63543,42.193742],[24.63547,42.193703],[24.635416,42.193674],[24.635383,42.193713]]]},"properties":{"num":3}},{"type":"Feature","geometry":{"type":"Polygon","coordinates":[[[24.635584,42.193751],[24.635559,42.193734],[24.635526,42.193763],[24.635564,42.193778],[24.635615,42.193806],[24.635642,42.193782],[24.635596,42.193753],[24.635644,42.19371],[24.635613,42.193688],[24.635586,42.193711],[24.635611,42.193726],[24.635584,42.193751]]]},"properties":{"num":4}},{"type":"Feature","geometry":{"type":"Polygon","coordinates":[[[24.635463,42.19387],[24.635554,42.193831],[24.635527,42.193796],[24.635473,42.193819],[24.635357,42.193742],[24.63533,42.193774],[24.635463,42.19387]]]},"properties":{"num":5}},{"type":"Feature","geometry":{"type":"Polygon","coordinates":[[[24.635322,42.193905],[24.635245,42.193953],[24.635295,42.193991],[24.635304,42.193984],[24.635373,42.194038],[24.63538,42.194032],[24.635354,42.194011],[24.635418,42.193969],[24.635405,42.193959],[24.635398,42.193964],[24.635322,42.193905]]]},"properties":{"num":1}},{"type":"Feature","geometry":{"type":"Polygon","coordinates":[[[24.635363,42.194117],[24.635421,42.194079],[24.635304,42.193984],[24.635295,42.193991],[24.635245,42.193953],[24.635215,42.193993],[24.635363,42.194117]]]},"properties":{"num":2}},{"type":"Feature","geometry":{"type":"Polygon","coordinates":[[[24.635259,42.193943],[24.635212,42.19392],[24.635176,42.193961],[24.635215,42.193993],[24.635245,42.193953],[24.635259,42.193943]]]},"properties":{"num":3}},{"type":"Feature","geometry":{"type":"Polygon","coordinates":[[[24.635477,42.193879],[24.635398,42.193931],[24.635452,42.193976],[24.635535,42.193921],[24.635477,42.193879]]]},"properties":{"num":4}},{"type":"Feature","geometry":{"type":"Polygon","coordinates":[[[24.635723,42.194415],[24.63575,42.194398],[24.63573,42.19438],[24.635702,42.194398],[24.635723,42.194415]]]},"properties":{"num":5}},{"type":"Feature","geometry":{"type":"Polygon","coordinates":[[[24.635929,42.19451],[24.636023,42.194442],[24.635951,42.194385],[24.635852,42.194457],[24.635909,42.194501],[24.635913,42.194498],[24.635929,42.19451]]]},"properties":{"num":1}},{"type":"Feature","geometry":{"type":"Polygon","coordinates":[[[24.635889,42.194549],[24.635934,42.194515],[24.635852,42.194457],[24.635812,42.194487],[24.635889,42.194549]]]},"properties":{"num":2}},{"type":"Feature","geometry":{"type":"Polygon","coordinates":[[[24.635792,42.19447],[24.635821,42.194448],[24.63575,42.194398],[24.635723,42.194415],[24.635792,42.19447]]]},"properties":{"num":3}},{"type":"Feature","geometry":{"type":"Polygon","coordinates":[[[24.636979,42.192379],[24.636979,42.192289],[24.636619,42.19229],[24.636619,42.192489],[24.636727,42.192489],[24.636727,42.192379],[24.636979,42.192379]]]},"properties":{"num":1}},{"type":"Feature","geometry":{"type":"Polygon","coordinates":[[[24.637038,42.192542],[24.637057,42.192542],[24.637057,42.192559],[24.637225,42.192559],[24.637225,42.192446],[24.637119,42.192447],[24.637119,42.192413],[24.637169,42.192413],[24.637169,42.192289],[24.637018,42.192289],[24.637018,42.192302],[24.636979,42.192302],[24.636979,42.192364],[24.637018,42.192364],[24.637018,42.192415],[24.637033,42.192415],[24.637033,42.192432],[24.636986,42.192432],[24.636985,42.192559],[24.637038,42.192559],[24.637038,42.192542]]]},"properties":{"num":3}},{"type":"Feature","geometry":{"type":"Polygon","coordinates":[[[24.637131,42.192178],[24.63713,42.192148],[24.637137,42.192148],[24.637137,42.192139],[24.637177,42.192139],[24.637192,42.192114],[24.637191,42.192074],[24.637176,42.19205],[24.637106,42.192051],[24.637106,42.192063],[24.637068,42.192064],[24.637069,42.192076],[24.637023,42.192076],[24.637024,42.192117],[24.637011,42.192117],[24.637012,42.192149],[24.637035,42.192149],[24.637036,42.19218],[24.637131,42.192178]]]},"properties":{"num":1}},{"type":"Feature","geometry":{"type":"Polygon","coordinates":[[[24.635094,42.193764],[24.635129,42.193781],[24.635176,42.193719],[24.635105,42.193687],[24.635086,42.193709],[24.635074,42.193704],[24.635048,42.193734],[24.635099,42.193758],[24.635094,42.193764]]]},"properties":{"num":1}},{"type":"Feature","geometry":{"type":"Polygon","coordinates":[[[24.634917,42.19364],[24.634945,42.193629],[24.634867,42.193515],[24.634842,42.193525],[24.634917,42.19364]]]},"properties":{"num":2}},{"type":"Feature","geometry":{"type":"Polygon","coordinates":[[[24.634968,42.193535],[24.634933,42.193551],[24.634963,42.193587],[24.634993,42.193572],[24.634968,42.193535]]]},"properties":{"num":3}},{"type":"Feature","geometry":{"type":"Polygon","coordinates":[[[24.634837,42.193481],[24.634808,42.193494],[24.634825,42.193515],[24.634856,42.1935],[24.634837,42.193481]]]},"properties":{"num":1}},{"type":"Feature","geometry":{"type":"Polygon","coordinates":[[[24.634832,42.193215],[24.634828,42.193187],[24.63485,42.193185],[24.634844,42.19315],[24.634821,42.193152],[24.634817,42.193123],[24.634766,42.193127],[24.634781,42.19322],[24.634832,42.193215]]]},"properties":{"num":1}},{"type":"Feature","geometry":{"type":"Polygon","coordinates":[[[24.634853,42.193211],[24.634832,42.193215],[24.634781,42.19322],[24.634784,42.193244],[24.634766,42.193247],[24.634767,42.193255],[24.634859,42.193247],[24.634853,42.193211]]]},"properties":{"num":2}},{"type":"Feature","geometry":{"type":"Polygon","coordinates":[[[24.634804,42.193252],[24.634767,42.193255],[24.634778,42.19332],[24.634815,42.193316],[24.634804,42.193252]]]},"properties":{"num":3}},{"type":"Feature","geometry":{"type":"Polygon","coordinates":[[[24.63494,42.192976],[24.635005,42.192974],[24.635003,42.19291],[24.634937,42.192913],[24.63494,42.192976]]]},"properties":{"num":1}},{"type":"Feature","geometry":{"type":"Polygon","coordinates":[[[24.634937,42.192913],[24.634901,42.192913],[24.634904,42.192976],[24.63494,42.192976],[24.634937,42.192913]]]},"properties":{"num":2}},{"type":"Feature","geometry":{"type":"Polygon","coordinates":[[[24.634934,42.193042],[24.634938,42.19309],[24.634969,42.19309],[24.634965,42.19304],[24.634934,42.193042]]]},"properties":{"num":3}},{"type":"Feature","geometry":{"type":"Polygon","coordinates":[[[24.635626,42.193255],[24.635602,42.193242],[24.635582,42.193264],[24.635606,42.193276],[24.635626,42.193255]]]},"properties":{"num":1}},{"type":"Feature","geometry":{"type":"Polygon","coordinates":[[[24.635528,42.193032],[24.635442,42.193024],[24.635432,42.193088],[24.635451,42.19309],[24.635447,42.193112],[24.635509,42.193118],[24.635508,42.193126],[24.635599,42.193135],[24.635609,42.193074],[24.635522,42.193065],[24.635528,42.193032]]]},"properties":{"num":1}},{"type":"Feature","geometry":{"type":"Polygon","coordinates":[[[24.635259,42.192738],[24.635173,42.192731],[24.635163,42.192791],[24.63525,42.192799],[24.635259,42.192738]]]},"properties":{"num":1}},{"type":"Feature","geometry":{"type":"Polygon","coordinates":[[[24.635355,42.192747],[24.635259,42.192738],[24.63525,42.192799],[24.635343,42.192807],[24.635355,42.192747]]]},"properties":{"num":2}},{"type":"Feature","geometry":{"type":"Polygon","coordinates":[[[24.635363,42.192691],[24.635321,42.19269],[24.635313,42.192743],[24.635355,42.192747],[24.635363,42.192691]]]},"properties":{"num":3}},{"type":"Feature","geometry":{"type":"Polygon","coordinates":[[[24.634935,42.192768],[24.635024,42.192777],[24.635039,42.192693],[24.634976,42.192687],[24.634975,42.192697],[24.634949,42.192695],[24.634935,42.192768]]]},"properties":{"num":1}},{"type":"Feature","geometry":{"type":"Polygon","coordinates":[[[24.635109,42.192786],[24.635116,42.19275],[24.635062,42.192744],[24.635055,42.19278],[24.635109,42.192786]]]},"properties":{"num":2}},{"type":"Feature","geometry":{"type":"Polygon","coordinates":[[[24.634949,42.192695],[24.634812,42.192681],[24.634799,42.192755],[24.634935,42.192768],[24.634949,42.192695]]]},"properties":{"num":1}},{"type":"Feature","geometry":{"type":"Polygon","coordinates":[[[24.634812,42.192681],[24.634809,42.192545],[24.634679,42.192547],[24.634683,42.19273],[24.634702,42.192746],[24.634799,42.192755],[24.634812,42.192681]]]},"properties":{"num":3}},{"type":"Feature","geometry":{"type":"Polygon","coordinates":[[[24.634759,42.192443],[24.634677,42.192436],[24.634678,42.192472],[24.634753,42.192479],[24.634759,42.192443]]]},"properties":{"num":4}},{"type":"Feature","geometry":{"type":"Polygon","coordinates":[[[24.63488,42.192456],[24.634826,42.19245],[24.634819,42.192486],[24.634872,42.192492],[24.63488,42.192456]]]},"properties":{"num":5}},{"type":"Feature","geometry":{"type":"Polygon","coordinates":[[[24.635811,42.192442],[24.635792,42.192514],[24.635915,42.192535],[24.635926,42.192491],[24.635909,42.192488],[24.635918,42.192459],[24.635811,42.192442]]]},"properties":{"num":1}},{"type":"Feature","geometry":{"type":"Polygon","coordinates":[[[24.635791,42.192525],[24.635811,42.192442],[24.635781,42.192438],[24.635758,42.192523],[24.635791,42.192525]]]},"properties":{"num":2}},{"type":"Feature","geometry":{"type":"Polygon","coordinates":[[[24.635773,42.192406],[24.635774,42.192426],[24.635805,42.192426],[24.635805,42.192406],[24.635773,42.192406]]]},"properties":{"num":3}},{"type":"Feature","geometry":{"type":"Polygon","coordinates":[[[24.636013,42.192373],[24.635815,42.192352],[24.635808,42.192388],[24.636006,42.192409],[24.636013,42.192373]]]},"properties":{"num":4}},{"type":"Feature","geometry":{"type":"Polygon","coordinates":[[[24.635607,42.192517],[24.635606,42.192475],[24.635512,42.192473],[24.635512,42.192515],[24.635607,42.192517]]]},"properties":{"num":5}},{"type":"Feature","geometry":{"type":"Polygon","coordinates":[[[24.636075,42.191756],[24.636086,42.191701],[24.636037,42.191696],[24.636038,42.191689],[24.635966,42.191682],[24.635952,42.191744],[24.636075,42.191756]]]},"properties":{"num":1}},{"type":"Feature","geometry":{"type":"Polygon","coordinates":[[[24.636081,42.191728],[24.636075,42.191756],[24.636135,42.191763],[24.63614,42.191735],[24.636081,42.191728]]]},"properties":{"num":2}},{"type":"Feature","geometry":{"type":"Polygon","coordinates":[[[24.63596,42.191706],[24.635918,42.1917],[24.635912,42.191741],[24.635952,42.191744],[24.63596,42.191706]]]},"properties":{"num":3}},{"type":"Feature","geometry":{"type":"Polygon","coordinates":[[[24.63597,42.191655],[24.635958,42.191653],[24.635964,42.191617],[24.635909,42.191612],[24.635897,42.191679],[24.635952,42.191685],[24.635966,42.191682],[24.63597,42.191655]]]},"properties":{"num":4}},{"type":"Feature","geometry":{"type":"Polygon","coordinates":[[[24.636172,42.191569],[24.636098,42.191559],[24.63609,42.191599],[24.636164,42.191608],[24.636172,42.191569]]]},"properties":{"num":5}},{"type":"Feature","geometry":{"type":"Polygon","coordinates":[[[24.635984,42.191548],[24.635976,42.191585],[24.636091,42.191595],[24.636098,42.191559],[24.635984,42.191548]]]},"properties":{"num":6}},{"type":"Feature","geometry":{"type":"Polygon","coordinates":[[[24.635472,42.191907],[24.635447,42.191853],[24.635423,42.191859],[24.635418,42.191849],[24.635353,42.191863],[24.635357,42.191874],[24.635307,42.191885],[24.635341,42.191947],[24.635472,42.191907]]]},"properties":{"num":1}},{"type":"Feature","geometry":{"type":"Polygon","coordinates":[[[24.634726,42.191654],[24.634713,42.191719],[24.634817,42.191732],[24.634834,42.191658],[24.634768,42.19165],[24.63477,42.191642],[24.634724,42.191636],[24.63472,42.191654],[24.634726,42.191654]]]},"properties":{"num":1}},{"type":"Feature","geometry":{"type":"Polygon","coordinates":[[[24.634713,42.191719],[24.634707,42.191747],[24.634811,42.191759],[24.634817,42.191732],[24.634713,42.191719]]]},"properties":{"num":2}},{"type":"Feature","geometry":{"type":"Polygon","coordinates":[[[24.634716,42.191705],[24.634611,42.191693],[24.6346,42.191733],[24.634707,42.191747],[24.634716,42.191705]]]},"properties":{"num":3}},{"type":"Feature","geometry":{"type":"Polygon","coordinates":[[[24.634631,42.191617],[24.634702,42.191626],[24.63471,42.191592],[24.634639,42.191583],[24.634631,42.191617]]]},"properties":{"num":4}},{"type":"Feature","geometry":{"type":"Polygon","coordinates":[[[24.634963,42.191209],[24.634977,42.191129],[24.634885,42.191119],[24.634869,42.191199],[24.634963,42.191209]]]},"properties":{"num":1}},{"type":"Feature","geometry":{"type":"Polygon","coordinates":[[[24.634878,42.191154],[24.634856,42.191151],[24.634847,42.191192],[24.63487,42.191195],[24.634878,42.191154]]]},"properties":{"num":2}},{"type":"Feature","geometry":{"type":"Polygon","coordinates":[[[24.634894,42.191243],[24.634901,42.191203],[24.634869,42.191199],[24.63487,42.191195],[24.634733,42.191178],[24.634723,42.191219],[24.634894,42.191243]]]},"properties":{"num":3}},{"type":"Feature","geometry":{"type":"Polygon","coordinates":[[[24.635067,42.190773],[24.635124,42.190727],[24.635061,42.190685],[24.635045,42.190697],[24.635011,42.190675],[24.63497,42.19071],[24.635067,42.190773]]]},"properties":{"num":1}},{"type":"Feature","geometry":{"type":"Polygon","coordinates":[[[24.63499,42.190723],[24.634963,42.190746],[24.63504,42.190795],[24.635067,42.190773],[24.63499,42.190723]]]},"properties":{"num":2}},{"type":"Feature","geometry":{"type":"Polygon","coordinates":[[[24.63497,42.19071],[24.634886,42.190655],[24.634853,42.190684],[24.634936,42.190739],[24.63497,42.19071]]]},"properties":{"num":3}},{"type":"Feature","geometry":{"type":"Polygon","coordinates":[[[24.635739,42.191117],[24.635705,42.191147],[24.635684,42.191134],[24.635631,42.19118],[24.635693,42.191222],[24.635782,42.191144],[24.635739,42.191117]]]},"properties":{"num":1}},{"type":"Feature","geometry":{"type":"Polygon","coordinates":[[[24.635757,42.191069],[24.635684,42.191134],[24.635705,42.191147],[24.635739,42.191117],[24.635761,42.191131],[24.635801,42.191097],[24.635757,42.191069]]]},"properties":{"num":2}},{"type":"Feature","geometry":{"type":"Polygon","coordinates":[[[24.635801,42.191097],[24.635761,42.191131],[24.635782,42.191144],[24.635771,42.191155],[24.635802,42.191173],[24.635852,42.191129],[24.635801,42.191097]]]},"properties":{"num":3}},{"type":"Feature","geometry":{"type":"Polygon","coordinates":[[[24.636171,42.19111],[24.636268,42.191172],[24.636313,42.191133],[24.636305,42.191128],[24.636333,42.191104],[24.636244,42.191047],[24.636171,42.19111]]]},"properties":{"num":1}},{"type":"Feature","geometry":{"type":"Polygon","coordinates":[[[24.63631,42.191169],[24.636329,42.19121],[24.636449,42.191178],[24.636429,42.191138],[24.636383,42.19115],[24.636375,42.191133],[24.636347,42.191141],[24.636355,42.191157],[24.63631,42.191169]]]},"properties":{"num":2}},{"type":"Feature","geometry":{"type":"Polygon","coordinates":[[[24.636261,42.191227],[24.636283,42.191206],[24.636256,42.191188],[24.636232,42.191208],[24.636261,42.191227]]]},"properties":{"num":3}},{"type":"Feature","geometry":{"type":"Polygon","coordinates":[[[24.636046,42.191034],[24.636121,42.190976],[24.636047,42.190924],[24.635973,42.190982],[24.636046,42.191034]]]},"properties":{"num":1}},{"type":"Feature","geometry":{"type":"Polygon","coordinates":[[[24.636046,42.191034],[24.636063,42.191047],[24.636113,42.191008],[24.636095,42.190996],[24.636046,42.191034]]]},"properties":{"num":2}},{"type":"Feature","geometry":{"type":"Polygon","coordinates":[[[24.635927,42.190961],[24.635964,42.190932],[24.635846,42.190849],[24.635808,42.190878],[24.635927,42.190961]]]},"properties":{"num":3}},{"type":"Feature","geometry":{"type":"Polygon","coordinates":[[[24.635515,42.19069],[24.635551,42.190712],[24.635537,42.190724],[24.635566,42.190743],[24.63565,42.190672],[24.635585,42.190631],[24.635515,42.19069]]]},"properties":{"num":1}},{"type":"Feature","geometry":{"type":"Polygon","coordinates":[[[24.635625,42.190597],[24.635585,42.190631],[24.635643,42.190667],[24.63568,42.190636],[24.635625,42.190597]]]},"properties":{"num":2}},{"type":"Feature","geometry":{"type":"Polygon","coordinates":[[[24.635556,42.190239],[24.635508,42.190186],[24.635431,42.190225],[24.635447,42.190243],[24.635414,42.19026],[24.635446,42.190295],[24.635556,42.190239]]]},"properties":{"num":1}},{"type":"Feature","geometry":{"type":"Polygon","coordinates":[[[24.635575,42.190159],[24.635511,42.19019],[24.635538,42.19022],[24.635603,42.190189],[24.635575,42.190159]]]},"properties":{"num":2}},{"type":"Feature","geometry":{"type":"Polygon","coordinates":[[[24.635618,42.190138],[24.635575,42.190159],[24.635603,42.190189],[24.635645,42.190168],[24.635618,42.190138]]]},"properties":{"num":3}},{"type":"Feature","geometry":{"type":"Polygon","coordinates":[[[24.635645,42.190168],[24.635694,42.190145],[24.635666,42.190115],[24.635618,42.190138],[24.635645,42.190168]]]},"properties":{"num":4}},{"type":"Feature","geometry":{"type":"Polygon","coordinates":[[[24.636811,42.190429],[24.636739,42.190457],[24.636748,42.190469],[24.636705,42.190488],[24.636734,42.190526],[24.636854,42.190476],[24.636826,42.190437],[24.636811,42.190429]]]},"properties":{"num":1}},{"type":"Feature","geometry":{"type":"Polygon","coordinates":[[[24.636777,42.190288],[24.636731,42.190307],[24.636759,42.19034],[24.63674,42.190348],[24.636763,42.190379],[24.636828,42.190352],[24.636777,42.190288]]]},"properties":{"num":2}},{"type":"Feature","geometry":{"type":"Polygon","coordinates":[[[24.636702,42.191121],[24.636676,42.191062],[24.636635,42.191072],[24.636662,42.191131],[24.636702,42.191121]]]},"properties":{"num":1}},{"type":"Feature","geometry":{"type":"Polygon","coordinates":[[[24.636721,42.191164],[24.636702,42.191121],[24.636635,42.191135],[24.636655,42.19118],[24.636721,42.191164]]]},"properties":{"num":2}},{"type":"Feature","geometry":{"type":"Polygon","coordinates":[[[24.637043,42.190928],[24.637169,42.190878],[24.63714,42.190841],[24.637015,42.190888],[24.637043,42.190928]]]},"properties":{"num":1}},{"type":"Feature","geometry":{"type":"Polygon","coordinates":[[[24.637103,42.190904],[24.637043,42.190928],[24.637059,42.19095],[24.637119,42.190927],[24.637103,42.190904]]]},"properties":{"num":2}},{"type":"Feature","geometry":{"type":"Polygon","coordinates":[[[24.636827,42.19064],[24.636874,42.190702],[24.636993,42.190651],[24.636944,42.190589],[24.636827,42.19064]]]},"properties":{"num":1}},{"type":"Feature","geometry":{"type":"Polygon","coordinates":[[[24.63684,42.190765],[24.636808,42.190732],[24.636693,42.190784],[24.636719,42.190819],[24.63684,42.190765]]]},"properties":{"num":2}},{"type":"Feature","geometry":{"type":"Polygon","coordinates":[[[24.636881,42.190746],[24.636854,42.19071],[24.636808,42.190732],[24.63684,42.190765],[24.636881,42.190746]]]},"properties":{"num":3}},{"type":"Feature","geometry":{"type":"Polygon","coordinates":[[[24.636896,42.190536],[24.636936,42.190581],[24.63699,42.190561],[24.636953,42.190513],[24.636896,42.190536]]]},"properties":{"num":4}},{"type":"Feature","geometry":{"type":"Polygon","coordinates":[[[24.63693,42.190484],[24.636865,42.190512],[24.636886,42.19054],[24.636953,42.190513],[24.63693,42.190484]]]},"properties":{"num":5}},{"type":"Feature","geometry":{"type":"Polygon","coordinates":[[[24.638528,42.190565],[24.638419,42.190593],[24.63843,42.190619],[24.638416,42.190626],[24.638411,42.190638],[24.638442,42.190705],[24.638576,42.19067],[24.638528,42.190565]]]},"properties":{"num":1}},{"type":"Feature","geometry":{"type":"Polygon","coordinates":[[[24.6386,42.190617],[24.638561,42.190533],[24.638499,42.190548],[24.638509,42.19057],[24.638528,42.190565],[24.638556,42.190626],[24.6386,42.190617]]]},"properties":{"num":2}},{"type":"Feature","geometry":{"type":"Polygon","coordinates":[[[24.638692,42.190645],[24.638637,42.190523],[24.638589,42.19047],[24.638568,42.19048],[24.638594,42.190525],[24.638561,42.190533],[24.638615,42.19066],[24.638692,42.190645]]]},"properties":{"num":3}},{"type":"Feature","geometry":{"type":"Polygon","coordinates":[[[24.637257,42.190467],[24.637125,42.190517],[24.637155,42.190561],[24.637171,42.190555],[24.637181,42.190569],[24.637297,42.190522],[24.637257,42.190467]]]},"properties":{"num":1}},{"type":"Feature","geometry":{"type":"Polygon","coordinates":[[[24.637088,42.190544],[24.637131,42.190526],[24.637125,42.190517],[24.637151,42.190507],[24.637112,42.190465],[24.637096,42.190471],[24.637077,42.190448],[24.637029,42.190467],[24.637088,42.190544]]]},"properties":{"num":2}},{"type":"Feature","geometry":{"type":"Polygon","coordinates":[[[24.637145,42.190619],[24.637206,42.190599],[24.637171,42.190555],[24.637112,42.190576],[24.637145,42.190619]]]},"properties":{"num":3}},{"type":"Feature","geometry":{"type":"Polygon","coordinates":[[[24.637029,42.190467],[24.637093,42.190441],[24.637072,42.190413],[24.637008,42.190439],[24.637029,42.190467]]]},"properties":{"num":4}},{"type":"Feature","geometry":{"type":"Polygon","coordinates":[[[24.637131,42.190179],[24.637099,42.190131],[24.63706,42.190146],[24.637047,42.190142],[24.637032,42.190151],[24.637017,42.190147],[24.636982,42.190161],[24.637024,42.190221],[24.637131,42.190179]]]},"properties":{"num":1}},{"type":"Feature","geometry":{"type":"Polygon","coordinates":[[[24.636955,42.19027],[24.636982,42.190306],[24.637067,42.190272],[24.637039,42.190236],[24.636955,42.19027]]]},"properties":{"num":4}},{"type":"Feature","geometry":{"type":"Polygon","coordinates":[[[24.637168,42.189532],[24.637135,42.189541],[24.637158,42.189601],[24.637192,42.189592],[24.637168,42.189532]]]},"properties":{"num":1}},{"type":"Feature","geometry":{"type":"Polygon","coordinates":[[[24.637196,42.189696],[24.637189,42.189679],[24.637184,42.18968],[24.637165,42.189621],[24.637085,42.189639],[24.637087,42.189646],[24.637043,42.189656],[24.637041,42.18965],[24.637037,42.18965],[24.637068,42.189725],[24.637196,42.189696]]]},"properties":{"num":2}},{"type":"Feature","geometry":{"type":"Polygon","coordinates":[[[24.637382,42.189642],[24.63737,42.189608],[24.637253,42.189628],[24.637272,42.18969],[24.637362,42.189675],[24.637366,42.189688],[24.637409,42.189681],[24.637397,42.189641],[24.637382,42.189642]]]},"properties":{"num":1}},{"type":"Feature","geometry":{"type":"Polygon","coordinates":[[[24.637167,42.18953],[24.637193,42.189596],[24.637242,42.189585],[24.637216,42.189521],[24.637167,42.18953]]]},"properties":{"num":2}},{"type":"Feature","geometry":{"type":"Polygon","coordinates":[[[24.637754,42.19034],[24.637881,42.190309],[24.637859,42.190255],[24.637814,42.190267],[24.63781,42.190258],[24.637727,42.190278],[24.637754,42.19034]]]},"properties":{"num":1}},{"type":"Feature","geometry":{"type":"Polygon","coordinates":[[[24.637861,42.190314],[24.637815,42.190325],[24.637822,42.190343],[24.637868,42.190332],[24.637861,42.190314]]]},"properties":{"num":2}},{"type":"Feature","geometry":{"type":"Polygon","coordinates":[[[24.63799,42.190221],[24.637968,42.190177],[24.637879,42.190203],[24.6379,42.190246],[24.637945,42.190233],[24.63795,42.190244],[24.637975,42.190237],[24.637969,42.190227],[24.63799,42.190221]]]},"properties":{"num":3}},{"type":"Feature","geometry":{"type":"Polygon","coordinates":[[[24.637966,42.190328],[24.637866,42.190352],[24.637884,42.190391],[24.637984,42.190367],[24.637966,42.190328]]]},"properties":{"num":4}},{"type":"Feature","geometry":{"type":"Polygon","coordinates":[[[24.638116,42.190316],[24.638101,42.190296],[24.638056,42.190311],[24.63807,42.190334],[24.638116,42.190316]]]},"properties":{"num":5}},{"type":"Feature","geometry":{"type":"Polygon","coordinates":[[[24.637728,42.19028],[24.637718,42.190257],[24.6376,42.190286],[24.637608,42.190309],[24.637728,42.19028]]]},"properties":{"num":6}},{"type":"Feature","geometry":{"type":"Polygon","coordinates":[[[24.637586,42.190468],[24.637639,42.190449],[24.637592,42.190349],[24.637542,42.190357],[24.637586,42.190468]]]},"properties":{"num":7}},{"type":"Feature","geometry":{"type":"Polygon","coordinates":[[[24.63762,42.190344],[24.63759,42.190258],[24.637531,42.19027],[24.637565,42.190354],[24.63762,42.190344]]]},"properties":{"num":8}},{"type":"Feature","geometry":{"type":"Polygon","coordinates":[[[24.637854,42.18965],[24.637953,42.1896],[24.637915,42.189557],[24.637878,42.189576],[24.63787,42.189567],[24.637805,42.189597],[24.637854,42.18965]]]},"properties":{"num":1}},{"type":"Feature","geometry":{"type":"Polygon","coordinates":[[[24.637894,42.189447],[24.637847,42.189469],[24.637886,42.189509],[24.637933,42.189489],[24.637894,42.189447]]]},"properties":{"num":2}},{"type":"Feature","geometry":{"type":"Polygon","coordinates":[[[24.63786,42.189419],[24.637804,42.189446],[24.637842,42.189491],[24.63786,42.189482],[24.637847,42.189469],[24.637888,42.18945],[24.63786,42.189419]]]},"properties":{"num":3}},{"type":"Feature","geometry":{"type":"Polygon","coordinates":[[[24.63782,42.189614],[24.637681,42.189677],[24.637706,42.189716],[24.637854,42.18965],[24.63782,42.189614]]]},"properties":{"num":4}},{"type":"Feature","geometry":{"type":"Polygon","coordinates":[[[24.638022,42.18965],[24.638039,42.189672],[24.63808,42.189648],[24.638064,42.189631],[24.638022,42.18965]]]},"properties":{"num":5}},{"type":"Feature","geometry":{"type":"Polygon","coordinates":[[[24.638322,42.190177],[24.638435,42.190119],[24.6384,42.19008],[24.63839,42.190085],[24.638383,42.190076],[24.638352,42.190091],[24.638345,42.190083],[24.638272,42.19012],[24.638322,42.190177]]]},"properties":{"num":1}},{"type":"Feature","geometry":{"type":"Polygon","coordinates":[[[24.638415,42.190017],[24.638387,42.189987],[24.638299,42.19002],[24.638325,42.19005],[24.638415,42.190017]]]},"properties":{"num":2}},{"type":"Feature","geometry":{"type":"Polygon","coordinates":[[[24.638322,42.190177],[24.638288,42.190139],[24.638031,42.190213],[24.63805,42.190255],[24.638322,42.190177]]]},"properties":{"num":3}},{"type":"Feature","geometry":{"type":"Polygon","coordinates":[[[24.638387,42.189987],[24.638321,42.189913],[24.63825,42.189947],[24.638312,42.190015],[24.638387,42.189987]]]},"properties":{"num":4}},{"type":"Feature","geometry":{"type":"Polygon","coordinates":[[[24.639057,42.19026],[24.639004,42.190201],[24.638888,42.19026],[24.638941,42.190318],[24.639057,42.19026]]]},"properties":{"num":1}},{"type":"Feature","geometry":{"type":"Polygon","coordinates":[[[24.639079,42.190293],[24.639291,42.190196],[24.639269,42.190154],[24.639051,42.190253],[24.639079,42.190293]]]},"properties":{"num":2}},{"type":"Feature","geometry":{"type":"Polygon","coordinates":[[[24.638916,42.190369],[24.638985,42.190337],[24.638961,42.190308],[24.638892,42.190344],[24.638916,42.190369]]]},"properties":{"num":3}},{"type":"Feature","geometry":{"type":"Polygon","coordinates":[[[24.638892,42.190344],[24.638941,42.190318],[24.63888,42.190251],[24.638829,42.190276],[24.638892,42.190344]]]},"properties":{"num":4}},{"type":"Feature","geometry":{"type":"Polygon","coordinates":[[[24.63888,42.190251],[24.638797,42.190165],[24.638747,42.190188],[24.638829,42.190276],[24.63888,42.190251]]]},"properties":{"num":5}},{"type":"Feature","geometry":{"type":"Polygon","coordinates":[[[24.638608,42.190038],[24.638718,42.190157],[24.638778,42.190128],[24.638665,42.190008],[24.638608,42.190038]]]},"properties":{"num":6}},{"type":"Feature","geometry":{"type":"Polygon","coordinates":[[[24.638859,42.190161],[24.638905,42.190144],[24.638886,42.190115],[24.638841,42.190132],[24.638859,42.190161]]]},"properties":{"num":7}},{"type":"Feature","geometry":{"type":"Polygon","coordinates":[[[24.638603,42.189437],[24.638548,42.189441],[24.638553,42.189473],[24.638534,42.189474],[24.638539,42.189512],[24.638557,42.189512],[24.63856,42.189531],[24.638614,42.189525],[24.638603,42.189437]]]},"properties":{"num":1}},{"type":"Feature","geometry":{"type":"Polygon","coordinates":[[[24.638634,42.189349],[24.638582,42.18935],[24.638596,42.189437],[24.638603,42.189437],[24.638608,42.189473],[24.638652,42.189469],[24.638634,42.189349]]]},"properties":{"num":2}},{"type":"Feature","geometry":{"type":"Polygon","coordinates":[[[24.63879,42.189431],[24.638801,42.18943],[24.638795,42.189381],[24.638711,42.189388],[24.638715,42.189416],[24.638706,42.189417],[24.638711,42.189455],[24.638793,42.189453],[24.63879,42.189431]]]},"properties":{"num":1}},{"type":"Feature","geometry":{"type":"Polygon","coordinates":[[[24.638828,42.189405],[24.638798,42.189407],[24.638801,42.18943],[24.63879,42.189431],[24.638793,42.189453],[24.638832,42.18945],[24.638828,42.189405]]]},"properties":{"num":2}},{"type":"Feature","geometry":{"type":"Polygon","coordinates":[[[24.638665,42.189551],[24.638716,42.189547],[24.638683,42.189346],[24.638634,42.189349],[24.638665,42.189551]]]},"properties":{"num":3}},{"type":"Feature","geometry":{"type":"Polygon","coordinates":[[[24.638693,42.189585],[24.638721,42.189571],[24.638703,42.189548],[24.638665,42.189551],[24.638693,42.189585]]]},"properties":{"num":4}},{"type":"Feature","geometry":{"type":"Polygon","coordinates":[[[24.639247,42.189442],[24.639245,42.189398],[24.639146,42.189401],[24.639149,42.189445],[24.639247,42.189442]]]},"properties":{"num":1}},{"type":"Feature","geometry":{"type":"Polygon","coordinates":[[[24.639047,42.189534],[24.639095,42.189532],[24.639091,42.189409],[24.639041,42.189411],[24.639047,42.189534]]]},"properties":{"num":2}},{"type":"Feature","geometry":{"type":"Polygon","coordinates":[[[24.639095,42.189514],[24.639132,42.189514],[24.639131,42.189469],[24.639094,42.18947],[24.639095,42.189514]]]},"properties":{"num":3}},{"type":"Feature","geometry":{"type":"Polygon","coordinates":[[[24.639089,42.189352],[24.639046,42.189352],[24.639045,42.189374],[24.63909,42.189374],[24.639089,42.189352]]]},"properties":{"num":4}},{"type":"Feature","geometry":{"type":"Polygon","coordinates":[[[24.639302,42.189798],[24.639288,42.189747],[24.639154,42.189766],[24.639166,42.189817],[24.639302,42.189798]]]},"properties":{"num":1}},{"type":"Feature","geometry":{"type":"Polygon","coordinates":[[[24.639562,42.189777],[24.639557,42.189735],[24.639472,42.189738],[24.639476,42.18978],[24.639562,42.189777]]]},"properties":{"num":2}},{"type":"Feature","geometry":{"type":"Polygon","coordinates":[[[24.639166,42.189817],[24.639154,42.189766],[24.639102,42.189773],[24.639116,42.189823],[24.639166,42.189817]]]},"properties":{"num":3}},{"type":"Feature","geometry":{"type":"Polygon","coordinates":[[[24.639548,42.189623],[24.639546,42.189588],[24.639503,42.189589],[24.639495,42.189601],[24.639464,42.189602],[24.639434,42.189583],[24.639401,42.18961],[24.63942,42.189622],[24.639424,42.189699],[24.639552,42.189696],[24.639551,42.189669],[24.63954,42.189663],[24.639538,42.189632],[24.639548,42.189623]]]},"properties":{"num":4}},{"type":"Feature","geometry":{"type":"Polygon","coordinates":[[[24.639563,42.189698],[24.639466,42.189698],[24.639468,42.189738],[24.639561,42.189735],[24.639559,42.189699],[24.639563,42.189698]]]},"properties":{"num":5}},{"type":"Feature","geometry":{"type":"Polygon","coordinates":[[[24.639471,42.190067],[24.639531,42.190071],[24.639537,42.189995],[24.639449,42.189991],[24.639442,42.190069],[24.63947,42.190071],[24.639471,42.190067]]]},"properties":{"num":1}},{"type":"Feature","geometry":{"type":"Polygon","coordinates":[[[24.639556,42.190096],[24.63953,42.190095],[24.639531,42.190071],[24.639471,42.190067],[24.639465,42.190167],[24.639552,42.190172],[24.639556,42.190096]]]},"properties":{"num":2}},{"type":"Feature","geometry":{"type":"Polygon","coordinates":[[[24.639614,42.190164],[24.639553,42.190161],[24.639552,42.190172],[24.639465,42.190167],[24.639466,42.190194],[24.639611,42.190199],[24.639614,42.190164]]]},"properties":{"num":3}},{"type":"Feature","geometry":{"type":"Polygon","coordinates":[[[24.639586,42.189968],[24.639584,42.189999],[24.639627,42.189999],[24.639629,42.189969],[24.639586,42.189968]]]},"properties":{"num":4}},{"type":"Feature","geometry":{"type":"Polygon","coordinates":[[[24.640314,42.190578],[24.640312,42.190524],[24.640286,42.190524],[24.640286,42.190516],[24.640208,42.190519],[24.640211,42.190581],[24.640314,42.190578]]]},"properties":{"num":1}},{"type":"Feature","geometry":{"type":"Polygon","coordinates":[[[24.639912,42.19059],[24.640211,42.190581],[24.640209,42.190537],[24.63991,42.190545],[24.639912,42.19059]]]},"properties":{"num":2}},{"type":"Feature","geometry":{"type":"Polygon","coordinates":[[[24.639757,42.190551],[24.639798,42.190549],[24.639796,42.190524],[24.639755,42.190525],[24.639757,42.190551]]]},"properties":{"num":3}},{"type":"Feature","geometry":{"type":"Polygon","coordinates":[[[24.639951,42.190242],[24.639955,42.190165],[24.639821,42.190161],[24.639815,42.190237],[24.639951,42.190242]]]},"properties":{"num":1}},{"type":"Feature","geometry":{"type":"Polygon","coordinates":[[[24.639978,42.190214],[24.639953,42.190214],[24.639951,42.190242],[24.63987,42.190239],[24.639869,42.190251],[24.6399,42.190252],[24.639899,42.190275],[24.639975,42.190275],[24.639978,42.190214]]]},"properties":{"num":2}},{"type":"Feature","geometry":{"type":"Polygon","coordinates":[[[24.63985,42.190032],[24.639997,42.190037],[24.640005,42.189965],[24.639855,42.189957],[24.63985,42.190032]]]},"properties":{"num":3}},{"type":"Feature","geometry":{"type":"Polygon","coordinates":[[[24.639769,42.190029],[24.63985,42.190032],[24.639855,42.189957],[24.639774,42.189953],[24.639769,42.190029]]]},"properties":{"num":4}},{"type":"Feature","geometry":{"type":"Polygon","coordinates":[[[24.640161,42.189971],[24.640164,42.190014],[24.640296,42.190012],[24.640295,42.18997],[24.640161,42.189971]]]},"properties":{"num":5}},{"type":"Feature","geometry":{"type":"Polygon","coordinates":[[[24.63997,42.189914],[24.639975,42.189862],[24.639841,42.189856],[24.639838,42.18991],[24.63997,42.189914]]]},"properties":{"num":1}},{"type":"Feature","geometry":{"type":"Polygon","coordinates":[[[24.64004,42.18995],[24.640038,42.189905],[24.639972,42.189902],[24.63997,42.189914],[24.639936,42.189912],[24.639937,42.189947],[24.64004,42.18995]]]},"properties":{"num":2}},{"type":"Feature","geometry":{"type":"Polygon","coordinates":[[[24.63995,42.189697],[24.639951,42.189643],[24.639856,42.189645],[24.639855,42.189697],[24.63995,42.189697]]]},"properties":{"num":1}},{"type":"Feature","geometry":{"type":"Polygon","coordinates":[[[24.639916,42.189697],[24.639917,42.189707],[24.640055,42.189706],[24.640056,42.189669],[24.639951,42.189667],[24.63995,42.189697],[24.639916,42.189697]]]},"properties":{"num":2}},{"type":"Feature","geometry":{"type":"Polygon","coordinates":[[[24.639837,42.189729],[24.639837,42.189701],[24.639795,42.189699],[24.639791,42.189728],[24.639837,42.189729]]]},"properties":{"num":3}},{"type":"Feature","geometry":{"type":"Polygon","coordinates":[[[24.639796,42.189659],[24.639836,42.189659],[24.639839,42.189597],[24.639801,42.189595],[24.639796,42.189659]]]},"properties":{"num":4}},{"type":"Feature","geometry":{"type":"Polygon","coordinates":[[[24.639876,42.189399],[24.639999,42.189393],[24.639994,42.189326],[24.639964,42.189328],[24.639964,42.189338],[24.639944,42.189339],[24.639944,42.189327],[24.639871,42.189329],[24.639876,42.189399]]]},"properties":{"num":1}},{"type":"Feature","geometry":{"type":"Polygon","coordinates":[[[24.639871,42.189333],[24.639817,42.189335],[24.639813,42.189393],[24.639858,42.189394],[24.639858,42.189399],[24.639876,42.189399],[24.639871,42.189333]]]},"properties":{"num":2}},{"type":"Feature","geometry":{"type":"Polygon","coordinates":[[[24.640148,42.189348],[24.640141,42.189264],[24.640086,42.189266],[24.640092,42.18935],[24.640148,42.189348]]]},"properties":{"num":3}},{"type":"Feature","geometry":{"type":"Polygon","coordinates":[[[24.640148,42.189348],[24.640268,42.189342],[24.640269,42.189355],[24.640289,42.189354],[24.640292,42.189402],[24.640345,42.189401],[24.640338,42.189296],[24.640145,42.189305],[24.640148,42.189348]]]},"properties":{"num":4}},{"type":"Feature","geometry":{"type":"Polygon","coordinates":[[[24.640701,42.189276],[24.640709,42.189335],[24.64072,42.189334],[24.640723,42.189356],[24.64081,42.18935],[24.6408,42.189269],[24.640701,42.189276]]]},"properties":{"num":1}},{"type":"Feature","geometry":{"type":"Polygon","coordinates":[[[24.64083,42.189223],[24.640792,42.189225],[24.640805,42.189313],[24.64084,42.189311],[24.64083,42.189223]]]},"properties":{"num":2}},{"type":"Feature","geometry":{"type":"Polygon","coordinates":[[[24.64066,42.189265],[24.640652,42.189239],[24.6406,42.189248],[24.640608,42.189274],[24.64066,42.189265]]]},"properties":{"num":3}},{"type":"Feature","geometry":{"type":"Polygon","coordinates":[[[24.640501,42.189455],[24.640495,42.18942],[24.640419,42.189425],[24.640424,42.18946],[24.640501,42.189455]]]},"properties":{"num":4}},{"type":"Feature","geometry":{"type":"Polygon","coordinates":[[[24.640394,42.18925],[24.640415,42.189397],[24.640469,42.189392],[24.640454,42.189246],[24.640394,42.18925]]]},"properties":{"num":5}},{"type":"Feature","geometry":{"type":"Polygon","coordinates":[[[24.640872,42.190568],[24.640864,42.190483],[24.64076,42.190491],[24.640768,42.19057],[24.640872,42.190568]]]},"properties":{"num":1}},{"type":"Feature","geometry":{"type":"Polygon","coordinates":[[[24.641127,42.190454],[24.641077,42.190456],[24.641071,42.190565],[24.641126,42.190565],[24.641127,42.190454]]]},"properties":{"num":1}},{"type":"Feature","geometry":{"type":"Polygon","coordinates":[[[24.641127,42.190424],[24.641103,42.190424],[24.641102,42.190455],[24.641127,42.190454],[24.641127,42.190424]]]},"properties":{"num":2}},{"type":"Feature","geometry":{"type":"Polygon","coordinates":[[[24.641074,42.190514],[24.641074,42.190445],[24.641018,42.190444],[24.641018,42.190456],[24.640977,42.190456],[24.640971,42.190521],[24.641023,42.190521],[24.641023,42.190514],[24.641074,42.190514]]]},"properties":{"num":3}},{"type":"Feature","geometry":{"type":"Polygon","coordinates":[[[24.641166,42.190514],[24.641252,42.190517],[24.641249,42.190451],[24.641168,42.190453],[24.641166,42.190514]]]},"properties":{"num":1}},{"type":"Feature","geometry":{"type":"Polygon","coordinates":[[[24.641167,42.190564],[24.641168,42.190453],[24.641127,42.190454],[24.641126,42.190565],[24.641167,42.190564]]]},"properties":{"num":2}},{"type":"Feature","geometry":{"type":"Polygon","coordinates":[[[24.641372,42.19056],[24.641416,42.19056],[24.641416,42.190539],[24.641372,42.19054],[24.641372,42.19056]]]},"properties":{"num":3}},{"type":"Feature","geometry":{"type":"Polygon","coordinates":[[[24.641757,42.189938],[24.641708,42.18994],[24.641709,42.189965],[24.64176,42.189963],[24.641757,42.189938]]]},"properties":{"num":1}},{"type":"Feature","geometry":{"type":"Polygon","coordinates":[[[24.641676,42.189867],[24.641668,42.189801],[24.641546,42.189807],[24.641554,42.189875],[24.641676,42.189867]]]},"properties":{"num":1}},{"type":"Feature","geometry":{"type":"Polygon","coordinates":[[[24.64163,42.18987],[24.641554,42.189875],[24.641556,42.189896],[24.641634,42.18989],[24.64163,42.18987]]]},"properties":{"num":2}},{"type":"Feature","geometry":{"type":"Polygon","coordinates":[[[24.641685,42.189934],[24.641684,42.189909],[24.641552,42.189911],[24.641553,42.189938],[24.641685,42.189934]]]},"properties":{"num":3}},{"type":"Feature","geometry":{"type":"Polygon","coordinates":[[[24.641746,42.189841],[24.641697,42.189841],[24.641708,42.18994],[24.641757,42.189938],[24.641746,42.189841]]]},"properties":{"num":4}},{"type":"Feature","geometry":{"type":"Polygon","coordinates":[[[24.641672,42.18955],[24.641671,42.189531],[24.641652,42.189532],[24.64165,42.189511],[24.641545,42.189517],[24.641548,42.189556],[24.641672,42.18955]]]},"properties":{"num":1}},{"type":"Feature","geometry":{"type":"Polygon","coordinates":[[[24.640889,42.189343],[24.641015,42.189333],[24.641007,42.189258],[24.640958,42.189262],[24.640957,42.189252],[24.640881,42.189259],[24.640889,42.189343]]]},"properties":{"num":1}},{"type":"Feature","geometry":{"type":"Polygon","coordinates":[[[24.640843,42.189337],[24.640888,42.189334],[24.640879,42.18922],[24.64083,42.189223],[24.640843,42.189337]]]},"properties":{"num":2}},{"type":"Feature","geometry":{"type":"Polygon","coordinates":[[[24.641565,42.189194],[24.641523,42.189196],[24.641541,42.189357],[24.641582,42.189354],[24.641565,42.189194]]]},"properties":{"num":3}},{"type":"Feature","geometry":{"type":"Polygon","coordinates":[[[24.641688,42.18935],[24.641671,42.189178],[24.641612,42.189182],[24.64163,42.189352],[24.641688,42.18935]]]},"properties":{"num":4}},{"type":"Feature","geometry":{"type":"Polygon","coordinates":[[[24.641612,42.189182],[24.641586,42.189182],[24.641586,42.189199],[24.641614,42.189199],[24.641612,42.189182]]]},"properties":{"num":5}},{"type":"Feature","geometry":{"type":"Polygon","coordinates":[[[24.641504,42.189035],[24.641598,42.18903],[24.64159,42.18895],[24.641511,42.188954],[24.641515,42.189007],[24.641502,42.189007],[24.641504,42.189035]]]},"properties":{"num":1}},{"type":"Feature","geometry":{"type":"Polygon","coordinates":[[[24.641554,42.189078],[24.641548,42.189033],[24.641499,42.189036],[24.641504,42.189081],[24.641554,42.189078]]]},"properties":{"num":2}},{"type":"Feature","geometry":{"type":"Polygon","coordinates":[[[24.641352,42.189063],[24.641351,42.18904],[24.641282,42.189041],[24.641283,42.189063],[24.641352,42.189063]]]},"properties":{"num":3}},{"type":"Feature","geometry":{"type":"Polygon","coordinates":[[[24.641654,42.188911],[24.641654,42.188889],[24.641625,42.18889],[24.641625,42.188912],[24.641654,42.188911]]]},"properties":{"num":4}},{"type":"Feature","geometry":{"type":"Polygon","coordinates":[[[24.641648,42.188789],[24.641562,42.188791],[24.641567,42.188869],[24.641653,42.188866],[24.641648,42.188789]]]},"properties":{"num":1}},{"type":"Feature","geometry":{"type":"Polygon","coordinates":[[[24.641592,42.188892],[24.641654,42.188889],[24.641653,42.188866],[24.64159,42.188868],[24.641592,42.188892]]]},"properties":{"num":2}},{"type":"Feature","geometry":{"type":"Polygon","coordinates":[[[24.641644,42.188735],[24.641556,42.188735],[24.641559,42.188776],[24.641647,42.188776],[24.641644,42.188735]]]},"properties":{"num":3}},{"type":"Feature","geometry":{"type":"Polygon","coordinates":[[[24.64143,42.188733],[24.641428,42.188774],[24.64152,42.188774],[24.64152,42.188734],[24.64143,42.188733]]]},"properties":{"num":4}},{"type":"Feature","geometry":{"type":"Polygon","coordinates":[[[24.641272,42.188728],[24.641249,42.188728],[24.641251,42.18877],[24.641271,42.188771],[24.641272,42.188728]]]},"properties":{"num":5}},{"type":"Feature","geometry":{"type":"Polygon","coordinates":[[[24.641154,42.188954],[24.641036,42.18896],[24.641041,42.18901],[24.64116,42.189004],[24.641154,42.188954]]]},"properties":{"num":1}},{"type":"Feature","geometry":{"type":"Polygon","coordinates":[[[24.641041,42.18901],[24.641043,42.189058],[24.641154,42.189054],[24.641148,42.189004],[24.641041,42.18901]]]},"properties":{"num":2}},{"type":"Feature","geometry":{"type":"Polygon","coordinates":[[[24.640996,42.188925],[24.641002,42.188997],[24.641039,42.188995],[24.641036,42.18896],[24.641064,42.188958],[24.64106,42.188922],[24.640996,42.188925]]]},"properties":{"num":3}},{"type":"Feature","geometry":{"type":"Polygon","coordinates":[[[24.641003,42.189003],[24.640956,42.189004],[24.640967,42.189109],[24.641014,42.189107],[24.641003,42.189003]]]},"properties":{"num":1}},{"type":"Feature","geometry":{"type":"Polygon","coordinates":[[[24.64152,42.188734],[24.641521,42.188688],[24.641509,42.188679],[24.641427,42.188678],[24.64143,42.188733],[24.64152,42.188734]]]},"properties":{"num":1}},{"type":"Feature","geometry":{"type":"Polygon","coordinates":[[[24.64143,42.188697],[24.641355,42.188695],[24.641357,42.188728],[24.64143,42.188733],[24.64143,42.188697]]]},"properties":{"num":2}},{"type":"Feature","geometry":{"type":"Polygon","coordinates":[[[24.641507,42.188651],[24.641507,42.18862],[24.641433,42.188619],[24.641431,42.188651],[24.641507,42.188651]]]},"properties":{"num":1}},{"type":"Feature","geometry":{"type":"Polygon","coordinates":[[[24.641639,42.188599],[24.641618,42.1886],[24.641619,42.188629],[24.64164,42.188629],[24.641639,42.188599]]]},"properties":{"num":2}},{"type":"Feature","geometry":{"type":"Polygon","coordinates":[[[24.641637,42.18857],[24.641568,42.18857],[24.641566,42.188599],[24.641639,42.188599],[24.641637,42.18857]]]},"properties":{"num":3}},{"type":"Feature","geometry":{"type":"Polygon","coordinates":[[[24.641568,42.188558],[24.641571,42.188527],[24.641529,42.188526],[24.641529,42.188514],[24.64149,42.188512],[24.641487,42.188555],[24.641568,42.188558]]]},"properties":{"num":1}},{"type":"Feature","geometry":{"type":"Polygon","coordinates":[[[24.641637,42.18857],[24.641637,42.188536],[24.641571,42.188536],[24.641568,42.18857],[24.641637,42.18857]]]},"properties":{"num":2}},{"type":"Feature","geometry":{"type":"Polygon","coordinates":[[[24.64149,42.188518],[24.641449,42.188516],[24.641448,42.188522],[24.641431,42.188522],[24.641429,42.188549],[24.641486,42.188551],[24.64149,42.188518]]]},"properties":{"num":3}},{"type":"Feature","geometry":{"type":"Polygon","coordinates":[[[24.641446,42.18841],[24.641446,42.188445],[24.641476,42.188446],[24.641476,42.188456],[24.641505,42.188456],[24.641505,42.188447],[24.641603,42.188446],[24.641603,42.188443],[24.641632,42.188442],[24.64163,42.188408],[24.641446,42.18841]]]},"properties":{"num":4}},{"type":"Feature","geometry":{"type":"Polygon","coordinates":[[[24.641632,42.188442],[24.641603,42.188443],[24.641603,42.188473],[24.641634,42.188473],[24.641632,42.188442]]]},"properties":{"num":5}},{"type":"Feature","geometry":{"type":"Polygon","coordinates":[[[24.641174,42.188413],[24.641176,42.188438],[24.641446,42.188437],[24.641446,42.18841],[24.641174,42.188413]]]},"properties":{"num":6}},{"type":"Feature","geometry":{"type":"Polygon","coordinates":[[[24.641631,42.188404],[24.64163,42.188292],[24.640968,42.188291],[24.640966,42.188374],[24.641188,42.188375],[24.641188,42.188404],[24.641631,42.188404]]]},"properties":{"num":1}},{"type":"Feature","geometry":{"type":"Polygon","coordinates":[[[24.640966,42.188374],[24.640966,42.188402],[24.641188,42.188404],[24.641188,42.188375],[24.640966,42.188374]]]},"properties":{"num":2}},{"type":"Feature","geometry":{"type":"Polygon","coordinates":[[[24.641681,42.188408],[24.641679,42.188379],[24.641629,42.18838],[24.64163,42.188408],[24.641681,42.188408]]]},"properties":{"num":3}},{"type":"Feature","geometry":{"type":"Polygon","coordinates":[[[24.640998,42.188155],[24.640936,42.188154],[24.640935,42.188171],[24.640848,42.188169],[24.640845,42.188211],[24.640849,42.18822],[24.640862,42.188226],[24.640893,42.188227],[24.640995,42.188224],[24.640998,42.188155]]]},"properties":{"num":1}},{"type":"Feature","geometry":{"type":"Polygon","coordinates":[[[24.640995,42.188224],[24.640893,42.188227],[24.640893,42.188236],[24.640976,42.188238],[24.640995,42.188224]]]},"properties":{"num":2}},{"type":"Feature","geometry":{"type":"Polygon","coordinates":[[[24.640848,42.188169],[24.640935,42.188171],[24.640936,42.188154],[24.640998,42.188155],[24.640979,42.188141],[24.640817,42.188139],[24.640815,42.1882],[24.640846,42.1882],[24.640848,42.188169]]]},"properties":{"num":3}},{"type":"Feature","geometry":{"type":"Polygon","coordinates":[[[24.641674,42.188104],[24.641636,42.188105],[24.641638,42.188207],[24.641676,42.188208],[24.641674,42.188104]]]},"properties":{"num":4}},{"type":"Feature","geometry":{"type":"Polygon","coordinates":[[[24.641584,42.188093],[24.64162,42.188092],[24.641619,42.188065],[24.641583,42.188065],[24.641584,42.188093]]]},"properties":{"num":1}},{"type":"Feature","geometry":{"type":"Polygon","coordinates":[[[24.640081,42.187949],[24.640117,42.187949],[24.640117,42.187914],[24.640081,42.187914],[24.640081,42.187949]]]},"properties":{"num":1}},{"type":"Feature","geometry":{"type":"Polygon","coordinates":[[[24.640062,42.188077],[24.640067,42.188051],[24.640066,42.188018],[24.639959,42.188015],[24.639954,42.188073],[24.640062,42.188077]]]},"properties":{"num":1}},{"type":"Feature","geometry":{"type":"Polygon","coordinates":[[[24.639957,42.188041],[24.639935,42.18804],[24.639934,42.188062],[24.639955,42.188064],[24.639957,42.188041]]]},"properties":{"num":2}},{"type":"Feature","geometry":{"type":"Polygon","coordinates":[[[24.640081,42.188105],[24.640083,42.188076],[24.640032,42.188076],[24.640033,42.188106],[24.640081,42.188105]]]},"properties":{"num":3}},{"type":"Feature","geometry":{"type":"Polygon","coordinates":[[[24.640039,42.188194],[24.640021,42.188194],[24.640021,42.188177],[24.639945,42.188176],[24.639944,42.188221],[24.640038,42.188223],[24.640039,42.188194]]]},"properties":{"num":1}},{"type":"Feature","geometry":{"type":"Polygon","coordinates":[[[24.640038,42.188223],[24.640022,42.188223],[24.640022,42.188236],[24.640061,42.188236],[24.640062,42.188195],[24.640039,42.188194],[24.640038,42.188223]]]},"properties":{"num":2}},{"type":"Feature","geometry":{"type":"Polygon","coordinates":[[[24.640081,42.188105],[24.640024,42.188106],[24.640023,42.188129],[24.640078,42.18813],[24.640081,42.188105]]]},"properties":{"num":3}},{"type":"Feature","geometry":{"type":"Polygon","coordinates":[[[24.640773,42.188239],[24.640674,42.188236],[24.640675,42.188232],[24.64065,42.18823],[24.640645,42.188263],[24.64077,42.188267],[24.640773,42.188239]]]},"properties":{"num":4}},{"type":"Feature","geometry":{"type":"Polygon","coordinates":[[[24.640645,42.188263],[24.640647,42.188248],[24.640615,42.188247],[24.640612,42.188263],[24.640645,42.188263]]]},"properties":{"num":5}},{"type":"Feature","geometry":{"type":"Polygon","coordinates":[[[24.640093,42.188373],[24.640097,42.188283],[24.639977,42.18828],[24.639972,42.18837],[24.64002,42.188372],[24.64002,42.188366],[24.640041,42.188366],[24.64004,42.188372],[24.640093,42.188373]]]},"properties":{"num":1}},{"type":"Feature","geometry":{"type":"Polygon","coordinates":[[[24.640006,42.188555],[24.640012,42.188463],[24.639931,42.188461],[24.639929,42.188514],[24.639928,42.18852],[24.639918,42.18852],[24.639917,42.188553],[24.640006,42.188555]]]},"properties":{"num":1}},{"type":"Feature","geometry":{"type":"Polygon","coordinates":[[[24.639917,42.188553],[24.639918,42.18852],[24.639889,42.188521],[24.639886,42.188553],[24.639917,42.188553]]]},"properties":{"num":2}},{"type":"Feature","geometry":{"type":"Polygon","coordinates":[[[24.640356,42.188525],[24.640357,42.18855],[24.640391,42.188552],[24.640393,42.1885],[24.640335,42.1885],[24.640335,42.188525],[24.640356,42.188525]]]},"properties":{"num":3}},{"type":"Feature","geometry":{"type":"Polygon","coordinates":[[[24.64,42.188686],[24.64,42.188627],[24.639961,42.188627],[24.63996,42.188643],[24.639919,42.188643],[24.639919,42.188684],[24.64,42.188686]]]},"properties":{"num":1}},{"type":"Feature","geometry":{"type":"Polygon","coordinates":[[[24.640001,42.188711],[24.64,42.188686],[24.639919,42.188684],[24.639918,42.18871],[24.640001,42.188711]]]},"properties":{"num":2}},{"type":"Feature","geometry":{"type":"Polygon","coordinates":[[[24.640114,42.188712],[24.640204,42.188713],[24.640206,42.188654],[24.640119,42.188653],[24.640114,42.188712]]]},"properties":{"num":3}},{"type":"Feature","geometry":{"type":"Polygon","coordinates":[[[24.640445,42.189096],[24.64042,42.189037],[24.640343,42.189066],[24.64035,42.18908],[24.640219,42.189119],[24.640238,42.189155],[24.640445,42.189096]]]},"properties":{"num":1}},{"type":"Feature","geometry":{"type":"Polygon","coordinates":[[[24.640159,42.189157],[24.640154,42.189113],[24.640013,42.189118],[24.64002,42.189165],[24.640159,42.189157]]]},"properties":{"num":1}},{"type":"Feature","geometry":{"type":"Polygon","coordinates":[[[24.640022,42.189172],[24.640013,42.189118],[24.639882,42.18913],[24.63989,42.189183],[24.640022,42.189172]]]},"properties":{"num":2}},{"type":"Feature","geometry":{"type":"Polygon","coordinates":[[[24.640079,42.188949],[24.640086,42.189103],[24.640152,42.189101],[24.640143,42.188948],[24.640079,42.188949]]]},"properties":{"num":3}},{"type":"Feature","geometry":{"type":"Polygon","coordinates":[[[24.639619,42.189184],[24.639615,42.189128],[24.639563,42.18913],[24.639562,42.189122],[24.639483,42.189125],[24.639489,42.18919],[24.639619,42.189184]]]},"properties":{"num":1}},{"type":"Feature","geometry":{"type":"Polygon","coordinates":[[[24.639516,42.189015],[24.639458,42.189017],[24.639462,42.189082],[24.639519,42.189081],[24.639516,42.189015]]]},"properties":{"num":2}},{"type":"Feature","geometry":{"type":"Polygon","coordinates":[[[24.639489,42.18919],[24.639482,42.189082],[24.639433,42.189083],[24.639444,42.189194],[24.639489,42.18919]]]},"properties":{"num":3}},{"type":"Feature","geometry":{"type":"Polygon","coordinates":[[[24.639444,42.189194],[24.639438,42.189153],[24.639292,42.189164],[24.639298,42.189201],[24.639444,42.189194]]]},"properties":{"num":4}},{"type":"Feature","geometry":{"type":"Polygon","coordinates":[[[24.639298,42.189201],[24.639294,42.189176],[24.639237,42.18918],[24.639241,42.189205],[24.639298,42.189201]]]},"properties":{"num":5}},{"type":"Feature","geometry":{"type":"Polygon","coordinates":[[[24.638629,42.189185],[24.638618,42.189136],[24.638581,42.18914],[24.638592,42.189189],[24.638629,42.189185]]]},"properties":{"num":1}},{"type":"Feature","geometry":{"type":"Polygon","coordinates":[[[24.638338,42.18916],[24.638351,42.18916],[24.638355,42.189197],[24.638465,42.189191],[24.638451,42.189064],[24.638391,42.189068],[24.638389,42.189051],[24.638329,42.189055],[24.638338,42.18916]]]},"properties":{"num":2}},{"type":"Feature","geometry":{"type":"Polygon","coordinates":[[[24.638338,42.189251],[24.638392,42.189248],[24.638387,42.189195],[24.638355,42.189197],[24.638351,42.18916],[24.638328,42.189162],[24.638338,42.189251]]]},"properties":{"num":3}},{"type":"Feature","geometry":{"type":"Polygon","coordinates":[[[24.637777,42.189062],[24.637836,42.189031],[24.637843,42.189038],[24.637876,42.189022],[24.637869,42.189014],[24.637913,42.188991],[24.63785,42.188922],[24.637778,42.18896],[24.637766,42.188947],[24.637718,42.188971],[24.637759,42.189016],[24.637772,42.18901],[24.63778,42.189018],[24.63775,42.189034],[24.637777,42.189062]]]},"properties":{"num":1}},{"type":"Feature","geometry":{"type":"Polygon","coordinates":[[[24.63797,42.18897],[24.63793,42.188934],[24.637904,42.188952],[24.637943,42.188987],[24.63797,42.18897]]]},"properties":{"num":2}},{"type":"Feature","geometry":{"type":"Polygon","coordinates":[[[24.637967,42.18892],[24.638004,42.188957],[24.638048,42.188933],[24.638011,42.188895],[24.638002,42.1889],[24.637993,42.188889],[24.637965,42.188904],[24.637975,42.188914],[24.637967,42.18892]]]},"properties":{"num":1}},{"type":"Feature","geometry":{"type":"Polygon","coordinates":[[[24.639447,42.190887],[24.639607,42.19088],[24.6396,42.190781],[24.63951,42.190784],[24.639513,42.190828],[24.639466,42.19083],[24.639458,42.190819],[24.639441,42.190816],[24.639426,42.190821],[24.639419,42.190832],[24.639377,42.190833],[24.639368,42.19084],[24.639343,42.190827],[24.63932,42.19083],[24.639308,42.190844],[24.639312,42.190861],[24.639282,42.190862],[24.63925,42.190887],[24.639254,42.190932],[24.639271,42.190931],[24.639278,42.191018],[24.639405,42.191013],[24.6394,42.190926],[24.639403,42.190922],[24.639428,42.190926],[24.639444,42.19092],[24.639452,42.190906],[24.639443,42.19089],[24.639447,42.190887]]]},"properties":{"num":5}},{"type":"Feature","geometry":{"type":"Polygon","coordinates":[[[24.640631,42.189129],[24.640626,42.189058],[24.640433,42.189063],[24.640453,42.189138],[24.640631,42.189129]]]},"properties":{"num":1}},{"type":"Feature","geometry":{"type":"Polygon","coordinates":[[[24.640672,42.189001],[24.640624,42.189002],[24.640631,42.189129],[24.640678,42.189127],[24.640672,42.189001]]]},"properties":{"num":2}},{"type":"Feature","geometry":{"type":"Polygon","coordinates":[[[24.643574,42.195481],[24.64355,42.195449],[24.643535,42.195455],[24.643528,42.195445],[24.643533,42.195437],[24.64353,42.19543],[24.643519,42.195425],[24.643507,42.195428],[24.643489,42.195403],[24.643418,42.195431],[24.643489,42.195526],[24.643528,42.19551],[24.643522,42.195502],[24.643574,42.195481]]]},"properties":{"num":1}},{"type":"Feature","geometry":{"type":"Polygon","coordinates":[[[24.643814,42.195386],[24.643785,42.195369],[24.643762,42.19539],[24.643791,42.195407],[24.643814,42.195386]]]},"properties":{"num":2}},{"type":"Feature","geometry":{"type":"Polygon","coordinates":[[[24.643472,42.195355],[24.643461,42.195355],[24.643454,42.195345],[24.643469,42.195339],[24.643444,42.195307],[24.643392,42.195328],[24.643386,42.19532],[24.643348,42.195336],[24.643418,42.195431],[24.643489,42.195403],[24.643471,42.195379],[24.643483,42.195368],[24.643472,42.195355]]]},"properties":{"num":1}},{"type":"Feature","geometry":{"type":"Polygon","coordinates":[[[24.643161,42.191357],[24.643112,42.191267],[24.643063,42.19128],[24.643059,42.191272],[24.642992,42.191291],[24.642996,42.191299],[24.643028,42.19129],[24.643076,42.191381],[24.643161,42.191357]]]},"properties":{"num":1}},{"type":"Feature","geometry":{"type":"Polygon","coordinates":[[[24.643093,42.191426],[24.643076,42.191381],[24.643027,42.191394],[24.643045,42.191432],[24.643093,42.191426]]]},"properties":{"num":2}},{"type":"Feature","geometry":{"type":"Polygon","coordinates":[[[24.643076,42.191381],[24.643028,42.19129],[24.642984,42.191303],[24.643027,42.191394],[24.643076,42.191381]]]},"properties":{"num":3}},{"type":"Feature","geometry":{"type":"Polygon","coordinates":[[[24.643015,42.19137],[24.642984,42.191303],[24.642894,42.191329],[24.642922,42.191394],[24.643015,42.19137]]]},"properties":{"num":4}},{"type":"Feature","geometry":{"type":"Polygon","coordinates":[[[24.642953,42.191443],[24.642939,42.191401],[24.642908,42.191407],[24.642922,42.191447],[24.642953,42.191443]]]},"properties":{"num":5}},{"type":"Feature","geometry":{"type":"Polygon","coordinates":[[[24.643066,42.191057],[24.643021,42.19107],[24.643052,42.191129],[24.643097,42.191114],[24.643066,42.191057]]]},"properties":{"num":6}},{"type":"Feature","geometry":{"type":"Polygon","coordinates":[[[24.642947,42.190959],[24.642931,42.190926],[24.642936,42.190917],[24.642924,42.190893],[24.642912,42.190888],[24.642899,42.190865],[24.642847,42.190879],[24.642843,42.190873],[24.642791,42.190887],[24.642827,42.190958],[24.642836,42.190955],[24.642861,42.191005],[24.642905,42.190993],[24.642895,42.190974],[24.642947,42.190959]]]},"properties":{"num":1}},{"type":"Feature","geometry":{"type":"Polygon","coordinates":[[[24.642956,42.191084],[24.643066,42.191057],[24.643024,42.190975],[24.642917,42.191004],[24.642956,42.191084]]]},"properties":{"num":2}},{"type":"Feature","geometry":{"type":"Polygon","coordinates":[[[24.642765,42.191417],[24.642752,42.191335],[24.642626,42.191352],[24.642639,42.191433],[24.642765,42.191417]]]},"properties":{"num":1}},{"type":"Feature","geometry":{"type":"Polygon","coordinates":[[[24.642644,42.19135],[24.642626,42.191267],[24.642575,42.191273],[24.642598,42.191373],[24.642629,42.19137],[24.642626,42.191352],[24.642644,42.19135]]]},"properties":{"num":2}},{"type":"Feature","geometry":{"type":"Polygon","coordinates":[[[24.642922,42.191447],[24.642908,42.191407],[24.642886,42.191411],[24.642899,42.19145],[24.642922,42.191447]]]},"properties":{"num":3}},{"type":"Feature","geometry":{"type":"Polygon","coordinates":[[[24.638229,42.194183],[24.638192,42.194119],[24.638038,42.194174],[24.638079,42.194237],[24.638229,42.194183]]]},"properties":{"num":1}},{"type":"Feature","geometry":{"type":"Polygon","coordinates":[[[24.638357,42.194137],[24.63831,42.194068],[24.638293,42.194074],[24.638299,42.194084],[24.638274,42.194093],[24.638272,42.194089],[24.638193,42.194119],[24.638232,42.194182],[24.638357,42.194137]]]},"properties":{"num":1}},{"type":"Feature","geometry":{"type":"Polygon","coordinates":[[[24.638331,42.193964],[24.638306,42.193898],[24.638234,42.193913],[24.638265,42.193996],[24.638301,42.193989],[24.638294,42.193972],[24.638331,42.193964]]]},"properties":{"num":3}},{"type":"Feature","geometry":{"type":"Polygon","coordinates":[[[24.639773,42.193867],[24.639723,42.19379],[24.639631,42.193822],[24.639672,42.193884],[24.639666,42.193887],[24.639681,42.193909],[24.639734,42.193891],[24.639729,42.193882],[24.639773,42.193867]]]},"properties":{"num":1}},{"type":"Feature","geometry":{"type":"Polygon","coordinates":[[[24.639953,42.193669],[24.639897,42.193691],[24.639912,42.19372],[24.639974,42.1937],[24.639953,42.193669]]]},"properties":{"num":2}},{"type":"Feature","geometry":{"type":"Polygon","coordinates":[[[24.640015,42.193831],[24.639998,42.193793],[24.639774,42.193847],[24.639799,42.193886],[24.640015,42.193831]]]},"properties":{"num":3}},{"type":"Feature","geometry":{"type":"Polygon","coordinates":[[[24.638767,42.190629],[24.638848,42.190609],[24.638808,42.19052],[24.638724,42.19054],[24.638767,42.190629]]]},"properties":{"num":1}},{"type":"Feature","geometry":{"type":"Polygon","coordinates":[[[24.638785,42.190672],[24.638742,42.19058],[24.638702,42.19059],[24.638739,42.190682],[24.638785,42.190672]]]},"properties":{"num":2}},{"type":"Feature","geometry":{"type":"Polygon","coordinates":[[[24.638657,42.190567],[24.638685,42.190559],[24.638674,42.190533],[24.638661,42.190536],[24.638653,42.190519],[24.638637,42.190523],[24.638657,42.190567]]]},"properties":{"num":3}},{"type":"Feature","geometry":{"type":"Polygon","coordinates":[[[24.641914,42.192509],[24.64201,42.192424],[24.641943,42.192383],[24.641952,42.192375],[24.641908,42.192347],[24.641845,42.192403],[24.641833,42.192395],[24.641792,42.192432],[24.641914,42.192509]]]},"properties":{"num":1}},{"type":"Feature","geometry":{"type":"Polygon","coordinates":[[[24.641887,42.192303],[24.641865,42.192324],[24.641882,42.192334],[24.641905,42.192314],[24.641887,42.192303]]]},"properties":{"num":2}},{"type":"Feature","geometry":{"type":"Polygon","coordinates":[[[24.642109,42.190266],[24.64202,42.190272],[24.642034,42.190365],[24.642122,42.190359],[24.642109,42.190266]]]},"properties":{"num":1}},{"type":"Feature","geometry":{"type":"Polygon","coordinates":[[[24.638946,42.190402],[24.639014,42.190371],[24.638985,42.190337],[24.638916,42.190369],[24.638946,42.190402]]]},"properties":{"num":1}},{"type":"Feature","geometry":{"type":"Polygon","coordinates":[[[24.639074,42.190541],[24.639102,42.190571],[24.639128,42.190581],[24.639122,42.190589],[24.639154,42.190601],[24.63916,42.190593],[24.639185,42.190603],[24.639239,42.190602],[24.639236,42.190468],[24.639121,42.190469],[24.63912,42.1905],[24.639073,42.1905],[24.639074,42.190541]]]},"properties":{"num":2}},{"type":"Feature","geometry":{"type":"Polygon","coordinates":[[[24.639274,42.190542],[24.639238,42.190543],[24.639239,42.190602],[24.639275,42.190602],[24.639274,42.190542]]]},"properties":{"num":3}},{"type":"Feature","geometry":{"type":"Polygon","coordinates":[[[24.640056,42.18776],[24.640056,42.187749],[24.640154,42.187752],[24.640158,42.187667],[24.640004,42.187662],[24.640002,42.187758],[24.640056,42.18776]]]},"properties":{"num":1}},{"type":"Feature","geometry":{"type":"Polygon","coordinates":[[[24.640933,42.19543],[24.640943,42.195444],[24.640908,42.195457],[24.640966,42.19554],[24.641062,42.195502],[24.641034,42.195462],[24.641041,42.195458],[24.641011,42.195417],[24.640991,42.195425],[24.640981,42.195411],[24.640933,42.19543]]]},"properties":{"num":1}},{"type":"Feature","geometry":{"type":"Polygon","coordinates":[[[24.640966,42.19554],[24.640908,42.195457],[24.640872,42.19547],[24.640931,42.195553],[24.640966,42.19554]]]},"properties":{"num":2}},{"type":"Feature","geometry":{"type":"Polygon","coordinates":[[[24.641502,42.195267],[24.641458,42.195209],[24.641341,42.195254],[24.641386,42.195314],[24.641502,42.195267]]]},"properties":{"num":1}},{"type":"Feature","geometry":{"type":"Polygon","coordinates":[[[24.641517,42.195261],[24.641386,42.195314],[24.641406,42.19534],[24.641535,42.195289],[24.641517,42.195261]]]},"properties":{"num":2}},{"type":"Feature","geometry":{"type":"Polygon","coordinates":[[[24.641456,42.195158],[24.641417,42.195174],[24.641447,42.195213],[24.641484,42.195203],[24.641456,42.195158]]]},"properties":{"num":3}},{"type":"Feature","geometry":{"type":"Polygon","coordinates":[[[24.641554,42.195325],[24.641335,42.195385],[24.641359,42.195437],[24.641577,42.195383],[24.641554,42.195325]]]},"properties":{"num":4}},{"type":"Feature","geometry":{"type":"Polygon","coordinates":[[[24.641451,42.195493],[24.641467,42.195546],[24.641597,42.195525],[24.641582,42.195471],[24.641451,42.195493]]]},"properties":{"num":5}},{"type":"Feature","geometry":{"type":"Polygon","coordinates":[[[24.64128,42.195336],[24.641302,42.195328],[24.641284,42.195304],[24.641262,42.195311],[24.64128,42.195336]]]},"properties":{"num":6}},{"type":"Feature","geometry":{"type":"Polygon","coordinates":[[[24.641867,42.195123],[24.641977,42.195073],[24.641926,42.19501],[24.641816,42.195057],[24.641824,42.195067],[24.641836,42.195061],[24.641859,42.19509],[24.641845,42.195096],[24.641867,42.195123]]]},"properties":{"num":1}},{"type":"Feature","geometry":{"type":"Polygon","coordinates":[[[24.641897,42.19511],[24.641827,42.195136],[24.641875,42.195213],[24.641946,42.195188],[24.641897,42.19511]]]},"properties":{"num":2}},{"type":"Feature","geometry":{"type":"Polygon","coordinates":[[[24.641925,42.195195],[24.641875,42.195213],[24.641933,42.195301],[24.641983,42.195284],[24.641925,42.195195]]]},"properties":{"num":3}},{"type":"Feature","geometry":{"type":"Polygon","coordinates":[[[24.641962,42.195182],[24.641925,42.195195],[24.641983,42.195284],[24.642021,42.19527],[24.641962,42.195182]]]},"properties":{"num":4}},{"type":"Feature","geometry":{"type":"Polygon","coordinates":[[[24.642011,42.194923],[24.641962,42.194944],[24.642013,42.195022],[24.642064,42.195005],[24.642011,42.194923]]]},"properties":{"num":6}},{"type":"Feature","geometry":{"type":"Polygon","coordinates":[[[24.643604,42.194016],[24.643584,42.193978],[24.643536,42.193991],[24.643522,42.193961],[24.643433,42.193985],[24.643464,42.194054],[24.643604,42.194016]]]},"properties":{"num":1}},{"type":"Feature","geometry":{"type":"Polygon","coordinates":[[[24.643892,42.193712],[24.643906,42.193705],[24.643919,42.193719],[24.643962,42.193696],[24.643883,42.193611],[24.643868,42.193619],[24.643843,42.193592],[24.643825,42.193601],[24.643808,42.193584],[24.643739,42.19362],[24.64382,42.193706],[24.643834,42.193698],[24.643868,42.193734],[24.643898,42.193718],[24.643892,42.193712]]]},"properties":{"num":1}},{"type":"Feature","geometry":{"type":"Polygon","coordinates":[[[24.644094,42.193964],[24.644071,42.193904],[24.643931,42.193935],[24.643954,42.193995],[24.644094,42.193964]]]},"properties":{"num":2}},{"type":"Feature","geometry":{"type":"Polygon","coordinates":[[[24.642227,42.193792],[24.64204,42.19383],[24.64208,42.193939],[24.642267,42.193901],[24.642227,42.193792]]]},"properties":{"num":1}},{"type":"Feature","geometry":{"type":"Polygon","coordinates":[[[24.642136,42.194256],[24.642292,42.194213],[24.642269,42.194166],[24.642234,42.194174],[24.642219,42.194143],[24.642165,42.194157],[24.642157,42.194142],[24.642088,42.194161],[24.642136,42.194256]]]},"properties":{"num":2}},{"type":"Feature","geometry":{"type":"Polygon","coordinates":[[[24.641238,42.195067],[24.641195,42.195009],[24.641176,42.195017],[24.641152,42.194985],[24.641061,42.195026],[24.64113,42.195117],[24.641157,42.195105],[24.641166,42.195116],[24.641203,42.195099],[24.641194,42.195088],[24.641238,42.195067]]]},"properties":{"num":1}},{"type":"Feature","geometry":{"type":"Polygon","coordinates":[[[24.639271,42.194021],[24.639362,42.193988],[24.639321,42.19392],[24.63923,42.193954],[24.639271,42.194021]]]},"properties":{"num":1}},{"type":"Feature","geometry":{"type":"Polygon","coordinates":[[[24.638474,42.195616],[24.638557,42.195599],[24.638553,42.195587],[24.638566,42.195585],[24.63854,42.195514],[24.638453,42.19553],[24.638452,42.195526],[24.638428,42.195531],[24.638435,42.19555],[24.63841,42.195554],[24.63843,42.19561],[24.63847,42.195603],[24.638474,42.195616]]]},"properties":{"num":1}},{"type":"Feature","geometry":{"type":"Polygon","coordinates":[[[24.638368,42.195651],[24.638478,42.195627],[24.63847,42.195603],[24.63843,42.19561],[24.63841,42.195554],[24.638339,42.195566],[24.638368,42.195651]]]},"properties":{"num":2}},{"type":"Feature","geometry":{"type":"Polygon","coordinates":[[[24.638321,42.195513],[24.638399,42.195499],[24.638376,42.195432],[24.6383,42.195446],[24.638321,42.195513]]]},"properties":{"num":3}},{"type":"Feature","geometry":{"type":"Polygon","coordinates":[[[24.639089,42.195784],[24.639051,42.195692],[24.638946,42.195714],[24.638983,42.195808],[24.639089,42.195784]]]},"properties":{"num":1}},{"type":"Feature","geometry":{"type":"Polygon","coordinates":[[[24.63891,42.195818],[24.638926,42.195866],[24.638977,42.195856],[24.638959,42.195807],[24.63891,42.195818]]]},"properties":{"num":2}},{"type":"Feature","geometry":{"type":"Polygon","coordinates":[[[24.638926,42.195866],[24.638907,42.19581],[24.638706,42.195851],[24.638727,42.195906],[24.638926,42.195866]]]},"properties":{"num":3}},{"type":"Feature","geometry":{"type":"Polygon","coordinates":[[[24.638727,42.195906],[24.638715,42.195875],[24.638654,42.19589],[24.638664,42.195919],[24.638727,42.195906]]]},"properties":{"num":4}},{"type":"Feature","geometry":{"type":"Polygon","coordinates":[[[24.635987,42.194775],[24.635957,42.194795],[24.635999,42.19483],[24.635991,42.194836],[24.636014,42.194854],[24.636042,42.194834],[24.636063,42.194852],[24.63614,42.194798],[24.636079,42.194751],[24.636067,42.194759],[24.636032,42.194731],[24.635979,42.194769],[24.635987,42.194775]]]},"properties":{"num":1}},{"type":"Feature","geometry":{"type":"Polygon","coordinates":[[[24.639068,42.193439],[24.639044,42.193372],[24.638936,42.193394],[24.638962,42.193462],[24.639068,42.193439]]]},"properties":{"num":1}},{"type":"Feature","geometry":{"type":"Polygon","coordinates":[[[24.639068,42.193439],[24.639101,42.193432],[24.639084,42.193389],[24.639052,42.193396],[24.639068,42.193439]]]},"properties":{"num":2}},{"type":"Feature","geometry":{"type":"Polygon","coordinates":[[[24.638936,42.193394],[24.638918,42.193398],[24.638944,42.193465],[24.638962,42.193462],[24.638936,42.193394]]]},"properties":{"num":3}},{"type":"Feature","geometry":{"type":"Polygon","coordinates":[[[24.639,42.193465],[24.638996,42.193454],[24.638944,42.193465],[24.638935,42.193442],[24.638894,42.193451],[24.638906,42.193485],[24.639,42.193465]]]},"properties":{"num":4}},{"type":"Feature","geometry":{"type":"Polygon","coordinates":[[[24.639235,42.193421],[24.63922,42.193377],[24.639097,42.193401],[24.639113,42.193445],[24.639235,42.193421]]]},"properties":{"num":5}},{"type":"Feature","geometry":{"type":"Polygon","coordinates":[[[24.639724,42.193519],[24.639615,42.193556],[24.639658,42.193626],[24.639724,42.193603],[24.639728,42.193611],[24.639773,42.193595],[24.639724,42.193519]]]},"properties":{"num":1}},{"type":"Feature","geometry":{"type":"Polygon","coordinates":[[[24.639715,42.193521],[24.639746,42.193514],[24.639721,42.193468],[24.639693,42.193475],[24.639715,42.193521]]]},"properties":{"num":2}},{"type":"Feature","geometry":{"type":"Polygon","coordinates":[[[24.639596,42.193697],[24.639657,42.193676],[24.639628,42.193637],[24.639571,42.193657],[24.639596,42.193697]]]},"properties":{"num":3}},{"type":"Feature","geometry":{"type":"Polygon","coordinates":[[[24.639559,42.193661],[24.639603,42.193645],[24.6395,42.193486],[24.63949,42.193489],[24.639457,42.193502],[24.639559,42.193661]]]},"properties":{"num":4}},{"type":"Feature","geometry":{"type":"Polygon","coordinates":[[[24.640006,42.193553],[24.639984,42.193514],[24.639857,42.193559],[24.639882,42.193597],[24.640006,42.193553]]]},"properties":{"num":5}},{"type":"Feature","geometry":{"type":"Polygon","coordinates":[[[24.640243,42.193392],[24.64033,42.193361],[24.640285,42.1933],[24.640246,42.193316],[24.64024,42.193308],[24.640194,42.193327],[24.640243,42.193392]]]},"properties":{"num":1}},{"type":"Feature","geometry":{"type":"Polygon","coordinates":[[[24.640783,42.193279],[24.640749,42.19322],[24.640616,42.193267],[24.640586,42.193212],[24.64054,42.193233],[24.640611,42.193341],[24.640783,42.193279]]]},"properties":{"num":1}},{"type":"Feature","geometry":{"type":"Polygon","coordinates":[[[24.64054,42.193233],[24.640652,42.193182],[24.640627,42.193143],[24.640507,42.193182],[24.64054,42.193233]]]},"properties":{"num":2}},{"type":"Feature","geometry":{"type":"Polygon","coordinates":[[[24.643451,42.193599],[24.643415,42.193567],[24.643301,42.193634],[24.643335,42.193666],[24.643451,42.193599]]]},"properties":{"num":2}},{"type":"Feature","geometry":{"type":"Polygon","coordinates":[[[24.643355,42.193581],[24.643342,42.193569],[24.64338,42.193547],[24.643399,42.193547],[24.643414,42.193536],[24.643422,42.193536],[24.643427,42.193492],[24.643387,42.19349],[24.643384,42.193476],[24.64335,42.19344],[24.643323,42.193453],[24.64333,42.19346],[24.6433,42.193476],[24.64328,42.193456],[24.64323,42.193484],[24.643246,42.193499],[24.643235,42.193506],[24.643223,42.193505],[24.643217,42.193532],[24.643226,42.193536],[24.643271,42.193578],[24.643279,42.193573],[24.643295,42.193588],[24.643294,42.193597],[24.643331,42.193601],[24.643335,42.193593],[24.643355,42.193581]]]},"properties":{"num":3}},{"type":"Feature","geometry":{"type":"Polygon","coordinates":[[[24.643471,42.192652],[24.64339,42.192651],[24.643391,42.192686],[24.64347,42.192687],[24.643471,42.192652]]]},"properties":{"num":1}},{"type":"Feature","geometry":{"type":"Polygon","coordinates":[[[24.642192,42.192523],[24.642112,42.192505],[24.642079,42.192583],[24.642172,42.192606],[24.642184,42.192576],[24.642198,42.192579],[24.642212,42.192546],[24.642185,42.19254],[24.642192,42.192523]]]},"properties":{"num":1}},{"type":"Feature","geometry":{"type":"Polygon","coordinates":[[[24.637826,42.192332],[24.637958,42.192333],[24.637959,42.192288],[24.637949,42.192288],[24.63795,42.192248],[24.63781,42.192246],[24.637809,42.192285],[24.637828,42.192286],[24.637826,42.192332]]]},"properties":{"num":3}},{"type":"Feature","geometry":{"type":"Polygon","coordinates":[[[24.636835,42.193685],[24.636787,42.193585],[24.636754,42.193593],[24.636799,42.193695],[24.636835,42.193685]]]},"properties":{"num":1}},{"type":"Feature","geometry":{"type":"Polygon","coordinates":[[[24.636978,42.193662],[24.636787,42.193736],[24.636817,42.193777],[24.63699,42.193705],[24.636978,42.193662]]]},"properties":{"num":2}},{"type":"Feature","geometry":{"type":"Polygon","coordinates":[[[24.638261,42.191033],[24.638387,42.191002],[24.638357,42.190937],[24.638232,42.190966],[24.638261,42.191033]]]},"properties":{"num":1}},{"type":"Feature","geometry":{"type":"Polygon","coordinates":[[[24.638261,42.191033],[24.63827,42.191056],[24.638367,42.191031],[24.638359,42.191009],[24.638261,42.191033]]]},"properties":{"num":2}},{"type":"Feature","geometry":{"type":"Polygon","coordinates":[[[24.638221,42.191043],[24.638261,42.191033],[24.638232,42.190966],[24.638252,42.190961],[24.638233,42.190918],[24.638177,42.190932],[24.638221,42.191043]]]},"properties":{"num":3}},{"type":"Feature","geometry":{"type":"Polygon","coordinates":[[[24.638052,42.191901],[24.638038,42.191806],[24.637976,42.191809],[24.637979,42.191846],[24.63796,42.191847],[24.637969,42.191908],[24.638052,42.191901]]]},"properties":{"num":1}},{"type":"Feature","geometry":{"type":"Polygon","coordinates":[[[24.638076,42.191804],[24.638038,42.191806],[24.638052,42.191901],[24.638094,42.191898],[24.638076,42.191804]]]},"properties":{"num":2}},{"type":"Feature","geometry":{"type":"Polygon","coordinates":[[[24.637813,42.191832],[24.637766,42.191835],[24.637776,42.191922],[24.637823,42.191918],[24.637813,42.191832]]]},"properties":{"num":3}},{"type":"Feature","geometry":{"type":"Polygon","coordinates":[[[24.642229,42.190563],[24.642215,42.190466],[24.642043,42.190478],[24.64205,42.190532],[24.64204,42.190533],[24.642043,42.190558],[24.642064,42.190557],[24.64207,42.190596],[24.642035,42.190631],[24.642115,42.190675],[24.642192,42.190654],[24.642187,42.190609],[24.642234,42.190606],[24.642233,42.190596],[24.642244,42.190586],[24.642244,42.190573],[24.642229,42.190563]]]},"properties":{"num":4}},{"type":"Feature","geometry":{"type":"Polygon","coordinates":[[[24.642302,42.191523],[24.642294,42.191478],[24.642222,42.191487],[24.642231,42.191532],[24.642302,42.191523]]]},"properties":{"num":2}},{"type":"Feature","geometry":{"type":"Polygon","coordinates":[[[24.642354,42.19147],[24.642335,42.191381],[24.642275,42.191388],[24.642267,42.191354],[24.642195,42.191363],[24.642222,42.191487],[24.642354,42.19147]]]},"properties":{"num":3}},{"type":"Feature","geometry":{"type":"Polygon","coordinates":[[[24.641605,42.191198],[24.641671,42.191128],[24.641615,42.19109],[24.641592,42.191113],[24.641578,42.191105],[24.641552,42.191131],[24.641571,42.191142],[24.641547,42.191165],[24.641605,42.191198]]]},"properties":{"num":1}},{"type":"Feature","geometry":{"type":"Polygon","coordinates":[[[24.641692,42.191282],[24.64171,42.191266],[24.641664,42.19124],[24.641649,42.191257],[24.641692,42.191282]]]},"properties":{"num":2}},{"type":"Feature","geometry":{"type":"Polygon","coordinates":[[[24.638754,42.18993],[24.638711,42.189885],[24.638698,42.189891],[24.638685,42.189877],[24.638582,42.189932],[24.638636,42.18999],[24.638754,42.18993]]]},"properties":{"num":1}},{"type":"Feature","geometry":{"type":"Polygon","coordinates":[[[24.638598,42.189748],[24.638647,42.189806],[24.63875,42.189757],[24.6387,42.189699],[24.638598,42.189748]]]},"properties":{"num":2}},{"type":"Feature","geometry":{"type":"Polygon","coordinates":[[[24.638417,42.189835],[24.638446,42.189866],[24.638625,42.189781],[24.638598,42.189748],[24.638417,42.189835]]]},"properties":{"num":3}},{"type":"Feature","geometry":{"type":"Polygon","coordinates":[[[24.63954,42.190352],[24.639547,42.190261],[24.639475,42.190258],[24.639475,42.190253],[24.639402,42.19025],[24.639399,42.1903],[24.639409,42.1903],[24.639406,42.190347],[24.63954,42.190352]]]},"properties":{"num":1}},{"type":"Feature","geometry":{"type":"Polygon","coordinates":[[[24.6396,42.190351],[24.63951,42.190351],[24.639509,42.190379],[24.639597,42.190382],[24.6396,42.190351]]]},"properties":{"num":2}},{"type":"Feature","geometry":{"type":"Polygon","coordinates":[[[24.637622,42.190814],[24.637646,42.190874],[24.637662,42.19087],[24.637672,42.190892],[24.637798,42.190863],[24.637781,42.190822],[24.637759,42.190827],[24.637737,42.190773],[24.637631,42.190796],[24.637638,42.190811],[24.637622,42.190814]]]},"properties":{"num":1}},{"type":"Feature","geometry":{"type":"Polygon","coordinates":[[[24.63746,42.19051],[24.637469,42.190529],[24.637526,42.190509],[24.637517,42.190492],[24.63746,42.19051]]]},"properties":{"num":2}},{"type":"Feature","geometry":{"type":"Polygon","coordinates":[[[24.638125,42.189783],[24.638101,42.189755],[24.638081,42.189766],[24.638051,42.189733],[24.637903,42.189809],[24.637964,42.189877],[24.638113,42.1898],[24.638106,42.189793],[24.638125,42.189783]]]},"properties":{"num":1}},{"type":"Feature","geometry":{"type":"Polygon","coordinates":[[[24.638205,42.189786],[24.638175,42.189752],[24.638122,42.189779],[24.638125,42.189783],[24.638106,42.189793],[24.638113,42.1898],[24.638048,42.189834],[24.638068,42.189856],[24.638205,42.189786]]]},"properties":{"num":2}},{"type":"Feature","geometry":{"type":"Polygon","coordinates":[[[24.634655,42.191501],[24.634702,42.191505],[24.634707,42.191475],[24.634663,42.191471],[24.634655,42.191501]]]},"properties":{"num":1}},{"type":"Feature","geometry":{"type":"Polygon","coordinates":[[[24.638903,42.191561],[24.639025,42.191554],[24.639023,42.191536],[24.639056,42.191533],[24.639053,42.191517],[24.639016,42.19152],[24.639011,42.191485],[24.638974,42.191488],[24.638973,42.191483],[24.638959,42.191484],[24.638958,42.191474],[24.638878,42.19148],[24.638884,42.191528],[24.638899,42.191527],[24.638903,42.191561]]]},"properties":{"num":1}},{"type":"Feature","geometry":{"type":"Polygon","coordinates":[[[24.638897,42.191295],[24.638924,42.191294],[24.638924,42.191299],[24.638966,42.191297],[24.638959,42.191234],[24.63898,42.191233],[24.638976,42.191191],[24.638961,42.191178],[24.638909,42.191178],[24.63891,42.191192],[24.638845,42.191195],[24.638855,42.191302],[24.638897,42.1913],[24.638897,42.191295]]]},"properties":{"num":1}},{"type":"Feature","geometry":{"type":"Polygon","coordinates":[[[24.636849,42.19131],[24.636846,42.191304],[24.636832,42.191299],[24.636767,42.191313],[24.636782,42.191345],[24.636773,42.191347],[24.636767,42.191355],[24.636789,42.191408],[24.636814,42.191402],[24.636817,42.191408],[24.636854,42.1914],[24.636856,42.191406],[24.636898,42.191395],[24.63689,42.191377],[24.636926,42.19137],[24.636895,42.1913],[24.636849,42.19131]]]},"properties":{"num":1}},{"type":"Feature","geometry":{"type":"Polygon","coordinates":[[[24.639737,42.190697],[24.639746,42.190849],[24.639805,42.190846],[24.639795,42.190695],[24.639737,42.190697]]]},"properties":{"num":1}},{"type":"Feature","geometry":{"type":"Polygon","coordinates":[[[24.639887,42.190808],[24.639834,42.190808],[24.639839,42.190864],[24.639887,42.190865],[24.639887,42.190808]]]},"properties":{"num":2}},{"type":"Feature","geometry":{"type":"Polygon","coordinates":[[[24.640004,42.190806],[24.639887,42.190808],[24.639887,42.190852],[24.640012,42.19085],[24.640011,42.190843],[24.640034,42.190842],[24.640033,42.190809],[24.640005,42.190809],[24.640004,42.190806]]]},"properties":{"num":3}},{"type":"Feature","geometry":{"type":"Polygon","coordinates":[[[24.640572,42.19053],[24.640682,42.190528],[24.64068,42.190469],[24.640659,42.19047],[24.640658,42.19044],[24.640569,42.190442],[24.640572,42.19053]]]},"properties":{"num":1}},{"type":"Feature","geometry":{"type":"Polygon","coordinates":[[[24.640622,42.190529],[24.640572,42.19053],[24.640573,42.190575],[24.640623,42.190574],[24.640622,42.190529]]]},"properties":{"num":2}},{"type":"Feature","geometry":{"type":"Polygon","coordinates":[[[24.641738,42.189769],[24.641727,42.189681],[24.641701,42.189683],[24.641699,42.189673],[24.641653,42.189677],[24.641665,42.189775],[24.641738,42.189769]]]},"properties":{"num":1}},{"type":"Feature","geometry":{"type":"Polygon","coordinates":[[[24.636859,42.189959],[24.636813,42.189898],[24.636741,42.189929],[24.636749,42.189942],[24.636719,42.189955],[24.636709,42.189943],[24.636694,42.189949],[24.636741,42.19001],[24.636859,42.189959]]]},"properties":{"num":1}},{"type":"Feature","geometry":{"type":"Polygon","coordinates":[[[24.636738,42.190095],[24.636905,42.190022],[24.636876,42.189987],[24.636711,42.19006],[24.636738,42.190095]]]},"properties":{"num":2}},{"type":"Feature","geometry":{"type":"Polygon","coordinates":[[[24.636755,42.190259],[24.636729,42.19027],[24.636749,42.190299],[24.636777,42.190288],[24.636755,42.190259]]]},"properties":{"num":1}},{"type":"Feature","geometry":{"type":"Polygon","coordinates":[[[24.636403,42.190164],[24.636387,42.190164],[24.636345,42.190113],[24.636255,42.190152],[24.636316,42.190227],[24.636408,42.190185],[24.636413,42.190174],[24.636403,42.190164]]]},"properties":{"num":1}},{"type":"Feature","geometry":{"type":"Polygon","coordinates":[[[24.636601,42.190056],[24.636493,42.189922],[24.636429,42.189951],[24.636508,42.190048],[24.636518,42.190044],[24.636548,42.190081],[24.636601,42.190056]]]},"properties":{"num":2}},{"type":"Feature","geometry":{"type":"Polygon","coordinates":[[[24.636196,42.189969],[24.636287,42.189929],[24.636245,42.189879],[24.636154,42.189919],[24.636196,42.189969]]]},"properties":{"num":1}},{"type":"Feature","geometry":{"type":"Polygon","coordinates":[[[24.636163,42.189984],[24.636124,42.189936],[24.636072,42.18996],[24.636109,42.190006],[24.636163,42.189984]]]},"properties":{"num":2}},{"type":"Feature","geometry":{"type":"Polygon","coordinates":[[[24.639918,42.188766],[24.639908,42.188872],[24.640036,42.188877],[24.64004,42.188831],[24.640023,42.188831],[24.640028,42.188759],[24.639961,42.188756],[24.63996,42.188768],[24.639918,42.188766]]]},"properties":{"num":1}},{"type":"Feature","geometry":{"type":"Polygon","coordinates":[[[24.639918,42.188766],[24.63996,42.188768],[24.639962,42.188754],[24.639882,42.188751],[24.639875,42.188849],[24.639909,42.18885],[24.639913,42.188844],[24.639918,42.188766]]]},"properties":{"num":2}},{"type":"Feature","geometry":{"type":"Polygon","coordinates":[[[24.639937,42.188873],[24.639864,42.188871],[24.639862,42.188915],[24.639934,42.188917],[24.639937,42.188873]]]},"properties":{"num":4}},{"type":"Feature","geometry":{"type":"Polygon","coordinates":[[[24.640023,42.188831],[24.64004,42.188831],[24.640036,42.188877],[24.639937,42.188873],[24.639935,42.188884],[24.640068,42.188889],[24.640069,42.188879],[24.640097,42.188879],[24.640107,42.188736],[24.639985,42.188739],[24.639984,42.188757],[24.640028,42.188759],[24.640023,42.188831]]]},"properties":{"num":5}},{"type":"Feature","geometry":{"type":"Polygon","coordinates":[[[24.637493,42.19612],[24.637498,42.196132],[24.637525,42.196126],[24.63752,42.196114],[24.637553,42.196107],[24.637527,42.196041],[24.637447,42.19606],[24.637473,42.196125],[24.637493,42.19612]]]},"properties":{"num":1}},{"type":"Feature","geometry":{"type":"Polygon","coordinates":[[[24.637515,42.196021],[24.637462,42.196033],[24.63747,42.196054],[24.637524,42.196041],[24.637515,42.196021]]]},"properties":{"num":2}},{"type":"Feature","geometry":{"type":"Polygon","coordinates":[[[24.637478,42.196123],[24.637473,42.196125],[24.637447,42.19606],[24.637413,42.196066],[24.637444,42.196172],[24.637494,42.196163],[24.637478,42.196123]]]},"properties":{"num":3}},{"type":"Feature","geometry":{"type":"Polygon","coordinates":[[[24.636743,42.191112],[24.636716,42.191053],[24.636676,42.191062],[24.636702,42.191121],[24.636743,42.191112]]]},"properties":{"num":1}},{"type":"Feature","geometry":{"type":"Polygon","coordinates":[[[24.636761,42.191155],[24.636743,42.191112],[24.636702,42.191121],[24.636721,42.191164],[24.636761,42.191155]]]},"properties":{"num":2}},{"type":"Feature","geometry":{"type":"Polygon","coordinates":[[[24.635166,42.19047],[24.635148,42.190485],[24.635176,42.190504],[24.635194,42.190489],[24.635166,42.19047]]]},"properties":{"num":1}},{"type":"Feature","geometry":{"type":"Polygon","coordinates":[[[24.639559,42.187913],[24.639552,42.187999],[24.639649,42.188004],[24.639652,42.187952],[24.63967,42.187952],[24.639683,42.187946],[24.639688,42.187936],[24.639683,42.187925],[24.639667,42.187919],[24.639559,42.187913]]]},"properties":{"num":1}},{"type":"Feature","geometry":{"type":"Polygon","coordinates":[[[24.643227,42.192093],[24.643111,42.192094],[24.643113,42.192174],[24.643166,42.192173],[24.643165,42.192183],[24.643229,42.192183],[24.643227,42.192093]]]},"properties":{"num":1}},{"type":"Feature","geometry":{"type":"Polygon","coordinates":[[[24.643287,42.19203],[24.643128,42.192033],[24.643128,42.192069],[24.643287,42.192066],[24.643287,42.19203]]]},"properties":{"num":2}},{"type":"Feature","geometry":{"type":"Polygon","coordinates":[[[24.642814,42.192174],[24.642856,42.192174],[24.642858,42.192034],[24.642814,42.192033],[24.642814,42.192174]]]},"properties":{"num":3}},{"type":"Feature","geometry":{"type":"Polygon","coordinates":[[[24.639363,42.190551],[24.639428,42.190549],[24.639447,42.190562],[24.639468,42.190561],[24.639479,42.190552],[24.639478,42.19054],[24.639527,42.190538],[24.639524,42.190475],[24.639485,42.190476],[24.639484,42.190466],[24.639451,42.190467],[24.63945,42.190454],[24.639386,42.190456],[24.639386,42.190481],[24.639398,42.190481],[24.639399,42.1905],[24.639362,42.190523],[24.639363,42.190551]]]},"properties":{"num":1}},{"type":"Feature","geometry":{"type":"Polygon","coordinates":[[[24.639412,42.190599],[24.63941,42.190549],[24.639363,42.190551],[24.639365,42.1906],[24.639412,42.190599]]]},"properties":{"num":2}},{"type":"Feature","geometry":{"type":"Polygon","coordinates":[[[24.643039,42.19302],[24.642941,42.193001],[24.64289,42.19314],[24.64299,42.19316],[24.643039,42.19302]]]},"properties":{"num":1}},{"type":"Feature","geometry":{"type":"Polygon","coordinates":[[[24.643099,42.192981],[24.643056,42.192972],[24.643025,42.193065],[24.643063,42.193072],[24.643099,42.192981]]]},"properties":{"num":2}},{"type":"Feature","geometry":{"type":"Polygon","coordinates":[[[24.642404,42.192639],[24.642429,42.192569],[24.642384,42.192559],[24.642386,42.192553],[24.642377,42.192543],[24.642314,42.192528],[24.642302,42.192562],[24.642291,42.19256],[24.642281,42.192565],[24.642262,42.192617],[24.642285,42.192622],[24.642284,42.192628],[24.642323,42.192636],[24.642321,42.192642],[24.642362,42.192649],[24.642368,42.192632],[24.642404,42.192639]]]},"properties":{"num":1}},{"type":"Feature","geometry":{"type":"Polygon","coordinates":[[[24.643968,42.192683],[24.643969,42.192739],[24.644015,42.192738],[24.644014,42.192684],[24.643968,42.192683]]]},"properties":{"num":1}},{"type":"Feature","geometry":{"type":"Polygon","coordinates":[[[24.639403,42.192488],[24.639361,42.192442],[24.639322,42.192463],[24.639314,42.192452],[24.639244,42.192488],[24.639294,42.192543],[24.639403,42.192488]]]},"properties":{"num":1}},{"type":"Feature","geometry":{"type":"Polygon","coordinates":[[[24.639244,42.192488],[24.639248,42.192486],[24.639226,42.192467],[24.639185,42.192488],[24.639209,42.192514],[24.639251,42.192495],[24.639244,42.192488]]]},"properties":{"num":2}},{"type":"Feature","geometry":{"type":"Polygon","coordinates":[[[24.639251,42.192495],[24.639209,42.192514],[24.639254,42.192563],[24.639294,42.192543],[24.639251,42.192495]]]},"properties":{"num":3}},{"type":"Feature","geometry":{"type":"Polygon","coordinates":[[[24.639232,42.192574],[24.639125,42.192451],[24.639078,42.192473],[24.639183,42.192599],[24.639232,42.192574]]]},"properties":{"num":4}},{"type":"Feature","geometry":{"type":"Polygon","coordinates":[[[24.639078,42.192473],[24.639125,42.192451],[24.639059,42.192373],[24.638998,42.192379],[24.639078,42.192473]]]},"properties":{"num":5}},{"type":"Feature","geometry":{"type":"Polygon","coordinates":[[[24.63904,42.192375],[24.639036,42.192322],[24.638994,42.192324],[24.638998,42.192379],[24.63904,42.192375]]]},"properties":{"num":6}},{"type":"Feature","geometry":{"type":"Polygon","coordinates":[[[24.639571,42.192401],[24.639554,42.192379],[24.639505,42.192405],[24.639526,42.192425],[24.639571,42.192401]]]},"properties":{"num":7}},{"type":"Feature","geometry":{"type":"Polygon","coordinates":[[[24.640588,42.195654],[24.640528,42.195572],[24.640494,42.195586],[24.640555,42.195668],[24.640588,42.195654]]]},"properties":{"num":1}},{"type":"Feature","geometry":{"type":"Polygon","coordinates":[[[24.640572,42.195632],[24.640598,42.195621],[24.640557,42.195566],[24.640531,42.195577],[24.640572,42.195632]]]},"properties":{"num":2}},{"type":"Feature","geometry":{"type":"Polygon","coordinates":[[[24.640526,42.195628],[24.640488,42.195642],[24.640517,42.195683],[24.640555,42.195668],[24.640526,42.195628]]]},"properties":{"num":3}},{"type":"Feature","geometry":{"type":"Polygon","coordinates":[[[24.640607,42.195643],[24.640614,42.195666],[24.640644,42.19566],[24.640636,42.195638],[24.640607,42.195643]]]},"properties":{"num":4}},{"type":"Feature","geometry":{"type":"Polygon","coordinates":[[[24.640552,42.195533],[24.640593,42.195593],[24.640647,42.195573],[24.640605,42.195511],[24.640552,42.195533]]]},"properties":{"num":5}},{"type":"Feature","geometry":{"type":"Polygon","coordinates":[[[24.640416,42.195589],[24.640354,42.195616],[24.640379,42.19565],[24.640442,42.195623],[24.640416,42.195589]]]},"properties":{"num":6}},{"type":"Feature","geometry":{"type":"Polygon","coordinates":[[[24.640488,42.195642],[24.640329,42.195707],[24.640358,42.195747],[24.640517,42.195683],[24.640488,42.195642]]]},"properties":{"num":7}},{"type":"Feature","geometry":{"type":"Polygon","coordinates":[[[24.637201,42.196154],[24.637137,42.196168],[24.637146,42.196191],[24.637107,42.1962],[24.637123,42.19624],[24.637226,42.196218],[24.637201,42.196154]]]},"properties":{"num":3}},{"type":"Feature","geometry":{"type":"Polygon","coordinates":[[[24.637046,42.196181],[24.637129,42.196165],[24.637099,42.196082],[24.637016,42.196099],[24.637046,42.196181]]]},"properties":{"num":4}},{"type":"Feature","geometry":{"type":"Polygon","coordinates":[[[24.637053,42.196201],[24.637099,42.196191],[24.637091,42.196172],[24.637046,42.196181],[24.637053,42.196201]]]},"properties":{"num":5}},{"type":"Feature","geometry":{"type":"Polygon","coordinates":[[[24.639166,42.192055],[24.639041,42.192066],[24.639054,42.192141],[24.63913,42.192132],[24.639136,42.192144],[24.639184,42.19214],[24.639166,42.192055]]]},"properties":{"num":1}},{"type":"Feature","geometry":{"type":"Polygon","coordinates":[[[24.639184,42.19214],[24.639261,42.192135],[24.639249,42.192062],[24.639242,42.192057],[24.639218,42.192059],[24.63921,42.192048],[24.639166,42.192053],[24.639184,42.19214]]]},"properties":{"num":2}},{"type":"Feature","geometry":{"type":"Polygon","coordinates":[[[24.639054,42.192141],[24.639042,42.192071],[24.639,42.192075],[24.639012,42.192146],[24.639054,42.192141]]]},"properties":{"num":3}},{"type":"Feature","geometry":{"type":"Polygon","coordinates":[[[24.641974,42.191811],[24.642094,42.191796],[24.642066,42.191703],[24.641995,42.191711],[24.641997,42.191719],[24.641954,42.191724],[24.641974,42.191811]]]},"properties":{"num":1}},{"type":"Feature","geometry":{"type":"Polygon","coordinates":[[[24.640826,42.191581],[24.640739,42.191583],[24.640744,42.191621],[24.640833,42.191615],[24.640826,42.191581]]]},"properties":{"num":1}},{"type":"Feature","geometry":{"type":"Polygon","coordinates":[[[24.640872,42.191515],[24.640836,42.191552],[24.640852,42.191594],[24.640909,42.191535],[24.640872,42.191515]]]},"properties":{"num":2}},{"type":"Feature","geometry":{"type":"Polygon","coordinates":[[[24.638097,42.19079],[24.63806,42.190703],[24.638018,42.190713],[24.638013,42.1907],[24.637915,42.190724],[24.637921,42.190737],[24.637913,42.190739],[24.63795,42.190825],[24.638097,42.19079]]]},"properties":{"num":1}},{"type":"Feature","geometry":{"type":"Polygon","coordinates":[[[24.637874,42.190891],[24.63798,42.190867],[24.637963,42.190822],[24.63795,42.190825],[24.637913,42.190739],[24.637921,42.190737],[24.637908,42.190695],[24.637801,42.19072],[24.637874,42.190891]]]},"properties":{"num":2}},{"type":"Feature","geometry":{"type":"Polygon","coordinates":[[[24.635624,42.191109],[24.635476,42.190993],[24.635433,42.191024],[24.63558,42.191141],[24.635624,42.191109]]]},"properties":{"num":1}},{"type":"Feature","geometry":{"type":"Polygon","coordinates":[[[24.641333,42.196498],[24.64144,42.196476],[24.641424,42.196432],[24.641319,42.196455],[24.641333,42.196498]]]},"properties":{"num":1}},{"type":"Feature","geometry":{"type":"Polygon","coordinates":[[[24.641479,42.196468],[24.641459,42.196412],[24.641419,42.196421],[24.64144,42.196476],[24.641479,42.196468]]]},"properties":{"num":2}},{"type":"Feature","geometry":{"type":"Polygon","coordinates":[[[24.641459,42.196412],[24.641445,42.196364],[24.641413,42.19637],[24.641426,42.19642],[24.641459,42.196412]]]},"properties":{"num":3}},{"type":"Feature","geometry":{"type":"Polygon","coordinates":[[[24.641114,42.191605],[24.641079,42.191609],[24.641088,42.191662],[24.641124,42.191658],[24.641114,42.191605]]]},"properties":{"num":1}},{"type":"Feature","geometry":{"type":"Polygon","coordinates":[[[24.638846,42.193323],[24.63882,42.193262],[24.638725,42.193284],[24.638743,42.193327],[24.638694,42.193339],[24.638726,42.193389],[24.638834,42.193364],[24.638824,42.193328],[24.638846,42.193323]]]},"properties":{"num":1}},{"type":"Feature","geometry":{"type":"Polygon","coordinates":[[[24.638813,42.193229],[24.638799,42.193197],[24.638631,42.19324],[24.638651,42.19327],[24.638813,42.193229]]]},"properties":{"num":2}},{"type":"Feature","geometry":{"type":"Polygon","coordinates":[[[24.638847,42.193214],[24.638808,42.193113],[24.638766,42.19312],[24.638811,42.193223],[24.638847,42.193214]]]},"properties":{"num":1}},{"type":"Feature","geometry":{"type":"Polygon","coordinates":[[[24.638923,42.193069],[24.638894,42.192993],[24.638787,42.193017],[24.638816,42.193092],[24.638923,42.193069]]]},"properties":{"num":1}},{"type":"Feature","geometry":{"type":"Polygon","coordinates":[[[24.638966,42.19306],[24.638936,42.192984],[24.638894,42.192993],[24.638923,42.193069],[24.638966,42.19306]]]},"properties":{"num":2}},{"type":"Feature","geometry":{"type":"Polygon","coordinates":[[[24.639437,42.193264],[24.639468,42.193209],[24.639149,42.193272],[24.639166,42.193318],[24.639437,42.193264]]]},"properties":{"num":1}},{"type":"Feature","geometry":{"type":"Polygon","coordinates":[[[24.639484,42.19318],[24.639447,42.193173],[24.639423,42.193218],[24.639468,42.193209],[24.639484,42.19318]]]},"properties":{"num":2}},{"type":"Feature","geometry":{"type":"Polygon","coordinates":[[[24.642458,42.192156],[24.642359,42.192155],[24.642357,42.192289],[24.642492,42.192291],[24.642494,42.192207],[24.642458,42.192207],[24.642458,42.192156]]]},"properties":{"num":1}},{"type":"Feature","geometry":{"type":"Polygon","coordinates":[[[24.642298,42.191774],[24.642275,42.191672],[24.642163,42.191685],[24.64218,42.191758],[24.642164,42.19176],[24.642171,42.191789],[24.642298,42.191774]]]},"properties":{"num":1}},{"type":"Feature","geometry":{"type":"Polygon","coordinates":[[[24.643676,42.195784],[24.643656,42.195791],[24.643669,42.195812],[24.643689,42.195805],[24.643676,42.195784]]]},"properties":{"num":1}},{"type":"Feature","geometry":{"type":"Polygon","coordinates":[[[24.643622,42.195774],[24.643671,42.195757],[24.643677,42.195767],[24.643728,42.19575],[24.643672,42.195666],[24.643632,42.195679],[24.643624,42.195666],[24.643565,42.195686],[24.643622,42.195774]]]},"properties":{"num":2}},{"type":"Feature","geometry":{"type":"Polygon","coordinates":[[[24.641136,42.190847],[24.641134,42.190742],[24.640959,42.190744],[24.640961,42.190849],[24.641136,42.190847]]]},"properties":{"num":2}},{"type":"Feature","geometry":{"type":"Polygon","coordinates":[[[24.640764,42.190961],[24.640765,42.190892],[24.640747,42.190892],[24.640747,42.190827],[24.640857,42.190827],[24.640857,42.190751],[24.640748,42.190751],[24.640748,42.19077],[24.640721,42.19077],[24.640721,42.190737],[24.640632,42.190737],[24.640632,42.190827],[24.64065,42.190827],[24.64065,42.190892],[24.640631,42.190891],[24.640631,42.190986],[24.6407,42.190986],[24.640701,42.190961],[24.640764,42.190961]]]},"properties":{"num":3}},{"type":"Feature","geometry":{"type":"Polygon","coordinates":[[[24.640862,42.191066],[24.640861,42.191002],[24.640767,42.191002],[24.640769,42.191087],[24.640794,42.191087],[24.640833,42.191075],[24.640833,42.191066],[24.640862,42.191066]]]},"properties":{"num":4}},{"type":"Feature","geometry":{"type":"Polygon","coordinates":[[[24.640408,42.190745],[24.640411,42.1908],[24.640551,42.190797],[24.640547,42.190726],[24.640457,42.190728],[24.640457,42.190743],[24.640408,42.190745]]]},"properties":{"num":1}},{"type":"Feature","geometry":{"type":"Polygon","coordinates":[[[24.640356,42.190792],[24.640358,42.190849],[24.640416,42.190847],[24.640415,42.1908],[24.640411,42.1908],[24.64041,42.19079],[24.640356,42.190792]]]},"properties":{"num":2}},{"type":"Feature","geometry":{"type":"Polygon","coordinates":[[[24.640416,42.190828],[24.640416,42.190852],[24.64059,42.190846],[24.640591,42.190821],[24.640416,42.190828]]]},"properties":{"num":3}},{"type":"Feature","geometry":{"type":"Polygon","coordinates":[[[24.640321,42.190793],[24.640323,42.19085],[24.640358,42.190849],[24.640356,42.190792],[24.640321,42.190793]]]},"properties":{"num":4}},{"type":"Feature","geometry":{"type":"Polygon","coordinates":[[[24.640184,42.190689],[24.640191,42.190842],[24.640322,42.190838],[24.640321,42.190793],[24.640244,42.190795],[24.640238,42.190688],[24.640184,42.190689]]]},"properties":{"num":5}},{"type":"Feature","geometry":{"type":"Polygon","coordinates":[[[24.640219,42.190841],[24.640184,42.190842],[24.640193,42.190948],[24.64024,42.190944],[24.640234,42.190902],[24.640223,42.190903],[24.640219,42.190841]]]},"properties":{"num":6}},{"type":"Feature","geometry":{"type":"Polygon","coordinates":[[[24.640972,42.191383],[24.641009,42.191344],[24.641014,42.191347],[24.641039,42.191322],[24.641021,42.191312],[24.641017,42.1913],[24.641,42.191291],[24.640985,42.191294],[24.640975,42.191304],[24.640939,42.191286],[24.640876,42.191353],[24.640935,42.191384],[24.640941,42.191378],[24.640958,42.191387],[24.640972,42.191383]]]},"properties":{"num":1}},{"type":"Feature","geometry":{"type":"Polygon","coordinates":[[[24.635979,42.191285],[24.635947,42.191236],[24.635853,42.191268],[24.635885,42.191317],[24.635979,42.191285]]]},"properties":{"num":1}},{"type":"Feature","geometry":{"type":"Polygon","coordinates":[[[24.636061,42.191402],[24.636058,42.19136],[24.636006,42.191362],[24.636005,42.191351],[24.635974,42.191353],[24.635975,42.191364],[24.635924,42.191365],[24.635928,42.191404],[24.636061,42.191402]]]},"properties":{"num":1}},{"type":"Feature","geometry":{"type":"Polygon","coordinates":[[[24.643209,42.1952],[24.64328,42.195132],[24.643244,42.195111],[24.643237,42.195119],[24.643209,42.195103],[24.643164,42.195146],[24.643178,42.195153],[24.643154,42.195176],[24.643154,42.195185],[24.643165,42.195191],[24.643178,42.19519],[24.643183,42.195185],[24.643209,42.1952]]]},"properties":{"num":1}},{"type":"Feature","geometry":{"type":"Polygon","coordinates":[[[24.643254,42.195234],[24.643277,42.195211],[24.643291,42.195219],[24.643336,42.195176],[24.643309,42.19516],[24.643316,42.195153],[24.64328,42.195132],[24.643209,42.1952],[24.643236,42.195215],[24.643231,42.195229],[24.643242,42.195236],[24.643254,42.195234]]]},"properties":{"num":1}},{"type":"Feature","geometry":{"type":"Polygon","coordinates":[[[24.642141,42.194742],[24.642102,42.194695],[24.642013,42.194736],[24.642018,42.194743],[24.641875,42.194805],[24.641903,42.194845],[24.642141,42.194742]]]},"properties":{"num":1}},{"type":"Feature","geometry":{"type":"Polygon","coordinates":[[[24.641663,42.194497],[24.641687,42.194491],[24.64167,42.194459],[24.641643,42.194467],[24.641663,42.194497]]]},"properties":{"num":2}},{"type":"Feature","geometry":{"type":"Polygon","coordinates":[[[24.642069,42.194558],[24.642135,42.194642],[24.642189,42.19462],[24.642167,42.194591],[24.642185,42.194581],[24.642143,42.194526],[24.642069,42.194558]]]},"properties":{"num":1}},{"type":"Feature","geometry":{"type":"Polygon","coordinates":[[[24.642282,42.194396],[24.642229,42.194331],[24.64219,42.194348],[24.642178,42.194334],[24.642137,42.194352],[24.642249,42.194491],[24.642319,42.194459],[24.642268,42.194402],[24.642282,42.194396]]]},"properties":{"num":1}},{"type":"Feature","geometry":{"type":"Polygon","coordinates":[[[24.634759,42.195697],[24.634704,42.195649],[24.634633,42.195698],[24.634686,42.195745],[24.634759,42.195697]]]},"properties":{"num":1}},{"type":"Feature","geometry":{"type":"Polygon","coordinates":[[[24.634831,42.195735],[24.634777,42.195686],[24.634686,42.195745],[24.634748,42.195798],[24.634828,42.195746],[24.634831,42.195735]]]},"properties":{"num":2}},{"type":"Feature","geometry":{"type":"Polygon","coordinates":[[[24.64241,42.193591],[24.642508,42.19357],[24.642477,42.193491],[24.642381,42.193508],[24.64237,42.193482],[24.642254,42.193506],[24.642267,42.193536],[24.642279,42.193534],[24.642289,42.19356],[24.642298,42.193566],[24.642338,42.193558],[24.642346,42.193579],[24.64237,42.193574],[24.642375,42.193587],[24.642406,42.19358],[24.64241,42.193591]]]},"properties":{"num":1}},{"type":"Feature","geometry":{"type":"Polygon","coordinates":[[[24.64258,42.193465],[24.642569,42.193441],[24.642474,42.19346],[24.642485,42.193487],[24.64258,42.193465]]]},"properties":{"num":2}},{"type":"Feature","geometry":{"type":"Polygon","coordinates":[[[24.635987,42.192271],[24.63599,42.192253],[24.636,42.192254],[24.636012,42.192193],[24.635963,42.192188],[24.635963,42.192183],[24.635958,42.192183],[24.635957,42.192188],[24.635905,42.192183],[24.635885,42.192294],[24.636015,42.192306],[24.63602,42.192275],[24.635987,42.192271]]]},"properties":{"num":1}},{"type":"Feature","geometry":{"type":"Polygon","coordinates":[[[24.636019,42.192008],[24.636021,42.191993],[24.636037,42.191995],[24.636051,42.191945],[24.636046,42.191944],[24.636047,42.191938],[24.635994,42.191933],[24.635993,42.191939],[24.635918,42.191931],[24.635908,42.191982],[24.63592,42.191983],[24.635911,42.192027],[24.636041,42.192043],[24.636048,42.192011],[24.636019,42.192008]]]},"properties":{"num":1}},{"type":"Feature","geometry":{"type":"Polygon","coordinates":[[[24.637587,42.196302],[24.637468,42.196328],[24.637493,42.196394],[24.637563,42.196381],[24.637561,42.196376],[24.637611,42.196366],[24.637587,42.196302]]]},"properties":{"num":1}},{"type":"Feature","geometry":{"type":"Polygon","coordinates":[[[24.637454,42.196368],[24.637481,42.196362],[24.637468,42.196328],[24.63749,42.196323],[24.637473,42.196275],[24.637424,42.196285],[24.637454,42.196368]]]},"properties":{"num":2}},{"type":"Feature","geometry":{"type":"Polygon","coordinates":[[[24.637697,42.196884],[24.637695,42.196845],[24.637562,42.196849],[24.637563,42.196888],[24.637697,42.196884]]]},"properties":{"num":3}},{"type":"Feature","geometry":{"type":"Polygon","coordinates":[[[24.63759,42.196301],[24.637611,42.196366],[24.637736,42.196341],[24.637718,42.196291],[24.637673,42.196299],[24.637668,42.196284],[24.63759,42.196301]]]},"properties":{"num":1}},{"type":"Feature","geometry":{"type":"Polygon","coordinates":[[[24.637782,42.196211],[24.637733,42.196221],[24.637748,42.196266],[24.637794,42.196258],[24.637782,42.196211]]]},"properties":{"num":2}},{"type":"Feature","geometry":{"type":"Polygon","coordinates":[[[24.637818,42.196321],[24.637794,42.196258],[24.637724,42.196273],[24.637753,42.196338],[24.637818,42.196321]]]},"properties":{"num":3}},{"type":"Feature","geometry":{"type":"Polygon","coordinates":[[[24.637721,42.196699],[24.637726,42.196801],[24.637759,42.1968],[24.637754,42.196698],[24.637721,42.196699]]]},"properties":{"num":4}},{"type":"Feature","geometry":{"type":"Polygon","coordinates":[[[24.637757,42.196823],[24.637765,42.196884],[24.637795,42.196882],[24.637794,42.196823],[24.637757,42.196823]]]},"properties":{"num":5}},{"type":"Feature","geometry":{"type":"Polygon","coordinates":[[[24.639667,42.188224],[24.639669,42.18819],[24.639689,42.188191],[24.639691,42.188167],[24.639671,42.188166],[24.639673,42.188137],[24.639461,42.188134],[24.639458,42.188175],[24.639482,42.188176],[24.63948,42.188209],[24.639591,42.188212],[24.639591,42.188222],[24.639667,42.188224]]]},"properties":{"num":1}},{"type":"Feature","geometry":{"type":"Polygon","coordinates":[[[24.63635,42.191624],[24.636463,42.191678],[24.636517,42.191616],[24.636446,42.191582],[24.636429,42.191601],[24.636395,42.191586],[24.636388,42.191594],[24.636379,42.19159],[24.63635,42.191624]]]},"properties":{"num":1}},{"type":"Feature","geometry":{"type":"Polygon","coordinates":[[[24.636357,42.191627],[24.636335,42.191653],[24.636398,42.191682],[24.636419,42.191656],[24.636357,42.191627]]]},"properties":{"num":2}},{"type":"Feature","geometry":{"type":"Polygon","coordinates":[[[24.636432,42.191502],[24.636413,42.191523],[24.636443,42.191539],[24.636461,42.19152],[24.636432,42.191502]]]},"properties":{"num":3}},{"type":"Feature","geometry":{"type":"Polygon","coordinates":[[[24.636275,42.191669],[24.636311,42.191675],[24.636318,42.191643],[24.636282,42.191638],[24.636275,42.191669]]]},"properties":{"num":4}},{"type":"Feature","geometry":{"type":"Polygon","coordinates":[[[24.636227,42.191903],[24.636398,42.191906],[24.636399,42.191865],[24.636348,42.191864],[24.636348,42.191852],[24.63632,42.191853],[24.63632,42.191864],[24.636272,42.191865],[24.636272,42.191861],[24.636236,42.191858],[24.636227,42.191903]]]},"properties":{"num":1}},{"type":"Feature","geometry":{"type":"Polygon","coordinates":[[[24.636327,42.191939],[24.636326,42.191924],[24.636381,42.191925],[24.636381,42.191905],[24.636227,42.191903],[24.636222,42.191938],[24.636327,42.191939]]]},"properties":{"num":2}},{"type":"Feature","geometry":{"type":"Polygon","coordinates":[[[24.636294,42.191777],[24.6363,42.191744],[24.636261,42.191735],[24.636254,42.19177],[24.636294,42.191777]]]},"properties":{"num":3}},{"type":"Feature","geometry":{"type":"Polygon","coordinates":[[[24.635795,42.192846],[24.635805,42.192787],[24.635772,42.192784],[24.635769,42.192797],[24.635684,42.192788],[24.635686,42.192776],[24.635648,42.192772],[24.635639,42.192832],[24.635795,42.192846]]]},"properties":{"num":1}},{"type":"Feature","geometry":{"type":"Polygon","coordinates":[[[24.635639,42.192832],[24.635647,42.192779],[24.635605,42.192775],[24.635597,42.192827],[24.635639,42.192832]]]},"properties":{"num":2}},{"type":"Feature","geometry":{"type":"Polygon","coordinates":[[[24.635597,42.192827],[24.635605,42.192775],[24.635564,42.192771],[24.635554,42.192822],[24.635597,42.192827]]]},"properties":{"num":3}},{"type":"Feature","geometry":{"type":"Polygon","coordinates":[[[24.635554,42.192822],[24.635564,42.192771],[24.635526,42.192767],[24.635518,42.192818],[24.635554,42.192822]]]},"properties":{"num":4}},{"type":"Feature","geometry":{"type":"Polygon","coordinates":[[[24.635421,42.1927],[24.635408,42.192776],[24.635495,42.192784],[24.635506,42.192719],[24.635463,42.192714],[24.635464,42.192704],[24.635421,42.1927]]]},"properties":{"num":5}},{"type":"Feature","geometry":{"type":"Polygon","coordinates":[[[24.635635,42.192517],[24.635552,42.192515],[24.635551,42.192537],[24.635634,42.192539],[24.635635,42.192517]]]},"properties":{"num":6}},{"type":"Feature","geometry":{"type":"Polygon","coordinates":[[[24.635928,42.192814],[24.635804,42.192801],[24.635795,42.192846],[24.635919,42.192859],[24.635928,42.192814]]]},"properties":{"num":1}},{"type":"Feature","geometry":{"type":"Polygon","coordinates":[[[24.6358,42.192748],[24.635847,42.192752],[24.63585,42.192733],[24.635803,42.192729],[24.6358,42.192748]]]},"properties":{"num":2}},{"type":"Feature","geometry":{"type":"Polygon","coordinates":[[[24.635894,42.192632],[24.635879,42.192631],[24.635883,42.192594],[24.635806,42.192591],[24.635803,42.192629],[24.635814,42.192629],[24.63581,42.192674],[24.63589,42.192678],[24.635894,42.192632]]]},"properties":{"num":1}},{"type":"Feature","geometry":{"type":"Polygon","coordinates":[[[24.641663,42.194497],[24.641645,42.194471],[24.641538,42.194509],[24.641556,42.194536],[24.641663,42.194497]]]},"properties":{"num":1}},{"type":"Feature","geometry":{"type":"Polygon","coordinates":[[[24.641548,42.194482],[24.641465,42.194363],[24.641355,42.194406],[24.641441,42.194524],[24.641548,42.194482]]]},"properties":{"num":2}},{"type":"Feature","geometry":{"type":"Polygon","coordinates":[[[24.636905,42.191606],[24.636931,42.191583],[24.636947,42.191592],[24.636986,42.191558],[24.636977,42.191552],[24.636987,42.191544],[24.636997,42.19155],[24.637037,42.191516],[24.636946,42.191458],[24.636872,42.191521],[24.636881,42.191527],[24.636865,42.19154],[24.636881,42.191551],[24.636855,42.191574],[24.636905,42.191606]]]},"properties":{"num":1}},{"type":"Feature","geometry":{"type":"Polygon","coordinates":[[[24.637021,42.191479],[24.636963,42.191443],[24.636946,42.191458],[24.637003,42.191494],[24.637021,42.191479]]]},"properties":{"num":2}},{"type":"Feature","geometry":{"type":"Polygon","coordinates":[[[24.636859,42.19157],[24.636799,42.191532],[24.63677,42.191555],[24.636881,42.191626],[24.636905,42.191606],[24.636855,42.191574],[24.636859,42.19157]]]},"properties":{"num":3}},{"type":"Feature","geometry":{"type":"Polygon","coordinates":[[[24.637135,42.191735],[24.637176,42.191696],[24.637145,42.191678],[24.637156,42.191668],[24.637092,42.19163],[24.637113,42.191613],[24.637061,42.19158],[24.637017,42.191619],[24.637029,42.191626],[24.636986,42.191657],[24.63709,42.191724],[24.637101,42.191714],[24.637135,42.191735]]]},"properties":{"num":1}},{"type":"Feature","geometry":{"type":"Polygon","coordinates":[[[24.637163,42.191639],[24.637113,42.191609],[24.637092,42.19163],[24.637141,42.191659],[24.637163,42.191639]]]},"properties":{"num":2}},{"type":"Feature","geometry":{"type":"Polygon","coordinates":[[[24.641599,42.193172],[24.641572,42.193182],[24.641564,42.193168],[24.641577,42.193164],[24.641562,42.193141],[24.641534,42.193151],[24.64154,42.193159],[24.641468,42.193186],[24.64151,42.193249],[24.641625,42.193207],[24.641599,42.193172]]]},"properties":{"num":1}},{"type":"Feature","geometry":{"type":"Polygon","coordinates":[[[24.641624,42.19308],[24.641646,42.193112],[24.641696,42.193092],[24.641675,42.193063],[24.641624,42.19308]]]},"properties":{"num":1}},{"type":"Feature","geometry":{"type":"Polygon","coordinates":[[[24.641823,42.193142],[24.641803,42.193106],[24.641639,42.193154],[24.641662,42.19319],[24.641823,42.193142]]]},"properties":{"num":2}},{"type":"Feature","geometry":{"type":"Polygon","coordinates":[[[24.641938,42.193108],[24.641922,42.193072],[24.641803,42.193106],[24.641823,42.193142],[24.641938,42.193108]]]},"properties":{"num":3}},{"type":"Feature","geometry":{"type":"Polygon","coordinates":[[[24.641705,42.193052],[24.641736,42.193113],[24.641788,42.193098],[24.641755,42.193035],[24.641705,42.193052]]]},"properties":{"num":4}},{"type":"Feature","geometry":{"type":"Polygon","coordinates":[[[24.636498,42.192172],[24.636496,42.192154],[24.636443,42.192157],[24.636445,42.192176],[24.636307,42.192187],[24.636308,42.192228],[24.636324,42.192227],[24.636328,42.192245],[24.636369,42.192241],[24.636371,42.192252],[24.636395,42.192249],[24.63639,42.192222],[24.636553,42.192207],[24.636547,42.192167],[24.636498,42.192172]]]},"properties":{"num":1}},{"type":"Feature","geometry":{"type":"Polygon","coordinates":[[[24.636157,42.192255],[24.636199,42.19226],[24.636209,42.192216],[24.636166,42.192211],[24.636157,42.192255]]]},"properties":{"num":3}},{"type":"Feature","geometry":{"type":"Polygon","coordinates":[[[24.636412,42.192077],[24.63642,42.192035],[24.63641,42.192034],[24.636419,42.191991],[24.636322,42.19198],[24.636323,42.191973],[24.63628,42.191969],[24.636265,42.192035],[24.636277,42.192036],[24.63627,42.192069],[24.636312,42.192074],[24.636314,42.192065],[24.636412,42.192077]]]},"properties":{"num":1}},{"type":"Feature","geometry":{"type":"Polygon","coordinates":[[[24.640141,42.1874],[24.640257,42.187377],[24.640234,42.187317],[24.640118,42.187341],[24.640141,42.1874]]]},"properties":{"num":1}},{"type":"Feature","geometry":{"type":"Polygon","coordinates":[[[24.641815,42.194839],[24.641774,42.19478],[24.641655,42.194827],[24.641696,42.194886],[24.641815,42.194839]]]},"properties":{"num":1}},{"type":"Feature","geometry":{"type":"Polygon","coordinates":[[[24.641665,42.194947],[24.641903,42.194845],[24.641875,42.194805],[24.64181,42.194831],[24.641815,42.194839],[24.641696,42.194886],[24.641681,42.194865],[24.641625,42.194889],[24.641665,42.194947]]]},"properties":{"num":2}},{"type":"Feature","geometry":{"type":"Polygon","coordinates":[[[24.641544,42.194718],[24.641484,42.194631],[24.641452,42.194643],[24.641513,42.19473],[24.641544,42.194718]]]},"properties":{"num":2}},{"type":"Feature","geometry":{"type":"Polygon","coordinates":[[[24.641712,42.194575],[24.641622,42.194611],[24.641713,42.194735],[24.641795,42.194703],[24.641712,42.194575]]]},"properties":{"num":3}},{"type":"Feature","geometry":{"type":"Polygon","coordinates":[[[24.643137,42.194945],[24.643047,42.194892],[24.642982,42.194954],[24.643026,42.19498],[24.643015,42.194991],[24.643072,42.195022],[24.643106,42.194994],[24.643093,42.194987],[24.643137,42.194945]]]},"properties":{"num":1}},{"type":"Feature","geometry":{"type":"Polygon","coordinates":[[[24.642956,42.19516],[24.643073,42.195051],[24.643006,42.195011],[24.642927,42.195083],[24.642885,42.19505],[24.642849,42.195076],[24.642956,42.19516]]]},"properties":{"num":2}},{"type":"Feature","geometry":{"type":"Polygon","coordinates":[[[24.642667,42.194722],[24.642634,42.1947],[24.642625,42.194707],[24.642516,42.194634],[24.642474,42.194668],[24.642615,42.194764],[24.642667,42.194722]]]},"properties":{"num":1}},{"type":"Feature","geometry":{"type":"Polygon","coordinates":[[[24.642765,42.194959],[24.642741,42.194975],[24.642766,42.195],[24.64279,42.194984],[24.642765,42.194959]]]},"properties":{"num":2}},{"type":"Feature","geometry":{"type":"Polygon","coordinates":[[[24.635898,42.190067],[24.63585,42.190014],[24.635832,42.190024],[24.635841,42.190034],[24.635804,42.190053],[24.635812,42.190062],[24.635796,42.19007],[24.635826,42.190103],[24.635898,42.190067]]]},"properties":{"num":1}},{"type":"Feature","geometry":{"type":"Polygon","coordinates":[[[24.635969,42.190032],[24.635939,42.189999],[24.635886,42.190025],[24.635868,42.190005],[24.63585,42.190014],[24.635898,42.190067],[24.635969,42.190032]]]},"properties":{"num":1}},{"type":"Feature","geometry":{"type":"Polygon","coordinates":[[[24.639648,42.188364],[24.639637,42.188355],[24.639614,42.188354],[24.639602,42.188362],[24.639558,42.188361],[24.639552,42.18846],[24.639672,42.188465],[24.639675,42.188429],[24.639652,42.188428],[24.639656,42.188365],[24.639648,42.188364]]]},"properties":{"num":1}},{"type":"Feature","geometry":{"type":"Polygon","coordinates":[[[24.642587,42.190803],[24.642598,42.190797],[24.642606,42.190806],[24.642654,42.190781],[24.642598,42.190721],[24.642471,42.190786],[24.642494,42.190811],[24.642486,42.190815],[24.642519,42.190851],[24.642594,42.190812],[24.642587,42.190803]]]},"properties":{"num":1}},{"type":"Feature","geometry":{"type":"Polygon","coordinates":[[[24.637736,42.196085],[24.637717,42.196089],[24.637724,42.196111],[24.637744,42.196107],[24.637736,42.196085]]]},"properties":{"num":1}},{"type":"Feature","geometry":{"type":"Polygon","coordinates":[[[24.637674,42.195907],[24.637622,42.195741],[24.637538,42.195756],[24.63759,42.195922],[24.637674,42.195907]]]},"properties":{"num":2}},{"type":"Feature","geometry":{"type":"Polygon","coordinates":[[[24.637809,42.19599],[24.637748,42.196003],[24.637768,42.196059],[24.637922,42.196027],[24.637917,42.196017],[24.637899,42.196021],[24.637889,42.195994],[24.637899,42.195992],[24.637876,42.19593],[24.637793,42.195947],[24.637809,42.19599]]]},"properties":{"num":1}},{"type":"Feature","geometry":{"type":"Polygon","coordinates":[[[24.637793,42.195947],[24.637715,42.195963],[24.637725,42.196007],[24.637809,42.19599],[24.637793,42.195947]]]},"properties":{"num":2}},{"type":"Feature","geometry":{"type":"Polygon","coordinates":[[[24.641634,42.190501],[24.641634,42.190467],[24.641622,42.190467],[24.64162,42.190395],[24.641561,42.190395],[24.641561,42.190403],[24.641503,42.190404],[24.641503,42.190479],[24.641496,42.190479],[24.641497,42.190512],[24.641588,42.190511],[24.641588,42.190502],[24.641634,42.190501]]]},"properties":{"num":1}},{"type":"Feature","geometry":{"type":"Polygon","coordinates":[[[24.641653,42.19033],[24.641654,42.190293],[24.641642,42.190293],[24.641643,42.190225],[24.641581,42.190223],[24.641581,42.190232],[24.641522,42.190231],[24.641524,42.190306],[24.641517,42.190307],[24.641518,42.190339],[24.641609,42.190338],[24.641609,42.190331],[24.641653,42.19033]]]},"properties":{"num":1}},{"type":"Feature","geometry":{"type":"Polygon","coordinates":[[[24.641349,42.190997],[24.641383,42.190963],[24.64139,42.190967],[24.641424,42.190933],[24.641337,42.190886],[24.641272,42.190953],[24.641349,42.190997]]]},"properties":{"num":1}},{"type":"Feature","geometry":{"type":"Polygon","coordinates":[[[24.6359,42.19651],[24.635885,42.196468],[24.635749,42.196496],[24.635767,42.196539],[24.6359,42.19651]]]},"properties":{"num":1}},{"type":"Feature","geometry":{"type":"Polygon","coordinates":[[[24.635757,42.196515],[24.635661,42.196537],[24.635671,42.196559],[24.635767,42.196539],[24.635757,42.196515]]]},"properties":{"num":2}},{"type":"Feature","geometry":{"type":"Polygon","coordinates":[[[24.63612,42.193029],[24.636024,42.193024],[24.636017,42.193096],[24.636145,42.193102],[24.636149,42.193064],[24.636117,42.193063],[24.63612,42.193029]]]},"properties":{"num":1}},{"type":"Feature","geometry":{"type":"Polygon","coordinates":[[[24.636073,42.193099],[24.636012,42.193096],[24.636008,42.193125],[24.636069,42.193129],[24.636073,42.193099]]]},"properties":{"num":2}},{"type":"Feature","geometry":{"type":"Polygon","coordinates":[[[24.636004,42.193123],[24.635936,42.193113],[24.635911,42.193147],[24.635994,42.19316],[24.636004,42.193123]]]},"properties":{"num":3}},{"type":"Feature","geometry":{"type":"Polygon","coordinates":[[[24.635999,42.19303],[24.635958,42.193013],[24.635858,42.193136],[24.635903,42.193154],[24.635999,42.19303]]]},"properties":{"num":4}},{"type":"Feature","geometry":{"type":"Polygon","coordinates":[[[24.63604,42.192975],[24.635993,42.192969],[24.635958,42.193013],[24.635999,42.19303],[24.63604,42.192975]]]},"properties":{"num":5}},{"type":"Feature","geometry":{"type":"Polygon","coordinates":[[[24.636291,42.193002],[24.636236,42.192996],[24.636226,42.193059],[24.636282,42.193065],[24.636291,42.193002]]]},"properties":{"num":6}}]}