{"type":"FeatureCollection","features":[{"type":"Feature","geometry":{"type":"Polygon","coordinates":[[[24.951256,42.270899],[24.946101,42.265625],[24.942665,42.265521],[24.942573,42.265495],[24.942499,42.265437],[24.942128,42.264636],[24.939624,42.264598],[24.938983,42.26466],[24.938929,42.264445],[24.938887,42.264441],[24.938505,42.264464],[24.938041,42.264542],[24.937641,42.264561],[24.937054,42.264618],[24.937418,42.265374],[24.937353,42.265447],[24.935559,42.265448],[24.932006,42.265648],[24.93177,42.265674],[24.931535,42.265722],[24.931102,42.265885],[24.930914,42.265998],[24.93059,42.266261],[24.930366,42.266539],[24.930298,42.266715],[24.930251,42.267054],[24.93025,42.26903],[24.929111,42.269041],[24.929156,42.271183],[24.928653,42.271194],[24.92866,42.273751],[24.928954,42.275436],[24.928956,42.275521],[24.928993,42.275521],[24.929064,42.277226],[24.928987,42.278064],[24.930663,42.278673],[24.930573,42.274433],[24.930657,42.274369],[24.933441,42.274431],[24.93335,42.275454],[24.934958,42.275514],[24.934942,42.275609],[24.935003,42.275617],[24.934846,42.276677],[24.935502,42.2767],[24.935522,42.276267],[24.935585,42.275884],[24.935956,42.275919],[24.93595,42.275942],[24.937539,42.276043],[24.938108,42.276062],[24.941233,42.276322],[24.941241,42.276867],[24.941295,42.277636],[24.941338,42.277806],[24.941396,42.277925],[24.941638,42.278248],[24.942368,42.278603],[24.942399,42.278643],[24.943526,42.279137],[24.94356,42.279101],[24.944691,42.279603],[24.944758,42.279683],[24.945634,42.280077],[24.94577,42.280079],[24.946672,42.280478],[24.949475,42.279515],[24.944476,42.277315],[24.944228,42.277309],[24.944105,42.277255],[24.943847,42.277098],[24.943729,42.276982],[24.943597,42.276784],[24.943532,42.276107],[24.943998,42.276069],[24.944005,42.27611],[24.944513,42.276053],[24.944628,42.276052],[24.945484,42.276113],[24.946007,42.276178],[24.946166,42.276216],[24.947017,42.276335],[24.947923,42.276422],[24.947898,42.27667],[24.948408,42.276672],[24.948398,42.27651],[24.949784,42.276667],[24.950157,42.276557],[24.950373,42.276535],[24.950379,42.276493],[24.950783,42.276393],[24.950577,42.276153],[24.950739,42.276081],[24.950977,42.275893],[24.951154,42.275663],[24.951188,42.275573],[24.951238,42.275396],[24.951233,42.275207],[24.95104,42.274481],[24.951959,42.274378],[24.952048,42.274314],[24.952063,42.27417],[24.951565,42.272115],[24.951939,42.272047],[24.951733,42.271315],[24.951981,42.271281],[24.951959,42.271013],[24.952801,42.271],[24.952795,42.270869],[24.951256,42.270899]]]},"properties":{"cadreg":889}},{"type":"Feature","geometry":{"type":"Polygon","coordinates":[[[24.957701,42.291675],[24.958363,42.291674],[24.959084,42.291787],[24.959086,42.291517],[24.960365,42.291432],[24.961054,42.291346],[24.961132,42.29157],[24.962244,42.291425],[24.962269,42.291951],[24.962216,42.292488],[24.962254,42.292825],[24.962557,42.29283],[24.962875,42.292911],[24.963101,42.293003],[24.963351,42.293134],[24.963084,42.293525],[24.963584,42.293667],[24.963691,42.294053],[24.964623,42.293986],[24.964763,42.294502],[24.965128,42.294461],[24.965077,42.2942],[24.965579,42.294144],[24.96613,42.294105],[24.96627,42.294148],[24.966382,42.294489],[24.966372,42.294561],[24.966215,42.294595],[24.966342,42.294827],[24.966203,42.294874],[24.966229,42.294919],[24.965332,42.295187],[24.96544,42.295733],[24.966095,42.295665],[24.966131,42.295847],[24.96626,42.295837],[24.966363,42.296178],[24.966872,42.296193],[24.968432,42.296086],[24.968757,42.296121],[24.969207,42.296303],[24.969532,42.296513],[24.969714,42.296438],[24.970192,42.296414],[24.96987,42.29401],[24.969445,42.294006],[24.96934,42.293056],[24.96973,42.293027],[24.969638,42.292063],[24.970247,42.29206],[24.970249,42.291786],[24.970693,42.291774],[24.971033,42.291685],[24.971234,42.291563],[24.971376,42.291412],[24.971457,42.291246],[24.971483,42.291144],[24.971572,42.290752],[24.971641,42.289997],[24.971954,42.290024],[24.971948,42.290254],[24.972784,42.290333],[24.972928,42.29029],[24.972972,42.289997],[24.972666,42.289972],[24.972758,42.289664],[24.972009,42.289524],[24.971892,42.289909],[24.971646,42.289889],[24.971675,42.2896],[24.971771,42.289252],[24.972989,42.287172],[24.973161,42.28723],[24.973458,42.286832],[24.973685,42.286912],[24.974542,42.285784],[24.974725,42.285584],[24.975001,42.285725],[24.97535,42.285345],[24.974713,42.284994],[24.974711,42.284859],[24.974049,42.284472],[24.974121,42.2844],[24.974067,42.28437],[24.97419,42.284242],[24.973836,42.284066],[24.973273,42.283814],[24.973363,42.28368],[24.97352,42.283664],[24.974109,42.283891],[24.97431,42.283597],[24.974058,42.283503],[24.974071,42.283402],[24.974292,42.283061],[24.974034,42.282964],[24.974143,42.282821],[24.974017,42.28277],[24.974747,42.28181],[24.974737,42.281727],[24.975068,42.281295],[24.974627,42.281101],[24.974262,42.281564],[24.973098,42.281174],[24.973706,42.280431],[24.97279,42.280102],[24.972183,42.279433],[24.97166,42.279518],[24.9716,42.279356],[24.972993,42.27837],[24.973243,42.27856],[24.974113,42.277943],[24.974099,42.277902],[24.974832,42.276859],[24.974603,42.276763],[24.974643,42.276711],[24.974337,42.276361],[24.972726,42.277003],[24.972741,42.277049],[24.97239,42.277109],[24.972567,42.277687],[24.972324,42.27786],[24.972338,42.277956],[24.972356,42.277958],[24.972364,42.277992],[24.972346,42.277994],[24.972385,42.27816],[24.972227,42.278196],[24.972189,42.278113],[24.971941,42.278252],[24.97188,42.278208],[24.971817,42.27824],[24.971812,42.278224],[24.969778,42.279672],[24.969825,42.279812],[24.967747,42.280163],[24.965862,42.281224],[24.963852,42.281548],[24.963929,42.282069],[24.963413,42.282099],[24.963516,42.282755],[24.961874,42.283069],[24.961832,42.283214],[24.962034,42.283572],[24.961007,42.283962],[24.960811,42.283665],[24.959857,42.284033],[24.960027,42.284319],[24.959949,42.284324],[24.958735,42.283775],[24.958515,42.283569],[24.956876,42.282835],[24.954622,42.280448],[24.955398,42.280029],[24.95535,42.279981],[24.956573,42.279306],[24.955091,42.277742],[24.952872,42.278477],[24.952768,42.278482],[24.94666,42.280586],[24.949937,42.282021],[24.950005,42.281963],[24.953796,42.283646],[24.95394,42.283898],[24.953979,42.284055],[24.952009,42.284687],[24.951502,42.28502],[24.951409,42.285108],[24.950047,42.284525],[24.949184,42.285313],[24.948452,42.285271],[24.948274,42.285418],[24.949037,42.286116],[24.948899,42.286192],[24.953636,42.290737],[24.954362,42.29125],[24.955315,42.2916],[24.95692,42.291706],[24.957701,42.291675]]]},"properties":{"cadreg":888}},{"type":"Feature","geometry":{"type":"Polygon","coordinates":[[[24.91659,42.269683],[24.915975,42.269621],[24.914697,42.269565],[24.912626,42.268946],[24.911352,42.26868],[24.91027,42.268463],[24.9094,42.268362],[24.90874,42.268352],[24.9082,42.269096],[24.908039,42.269468],[24.908022,42.269694],[24.908097,42.27],[24.907562,42.269807],[24.907397,42.270022],[24.907303,42.269997],[24.907183,42.270156],[24.906185,42.269921],[24.905964,42.270412],[24.905807,42.27081],[24.905999,42.270834],[24.906574,42.270954],[24.906558,42.271182],[24.907352,42.271343],[24.907229,42.271749],[24.907121,42.272032],[24.906593,42.272104],[24.906492,42.272726],[24.906494,42.273372],[24.907357,42.273778],[24.909222,42.273306],[24.909467,42.27316],[24.909938,42.272732],[24.910197,42.272561],[24.910468,42.272435],[24.9109,42.272306],[24.911538,42.272343],[24.911581,42.272329],[24.911703,42.27215],[24.914412,42.273144],[24.914633,42.272819],[24.914731,42.272851],[24.914999,42.27281],[24.915172,42.272529],[24.915915,42.272061],[24.915904,42.271639],[24.917818,42.271602],[24.917836,42.271052],[24.91659,42.269683]]]},"properties":{"cadreg":890}},{"type":"Feature","geometry":{"type":"Polygon","coordinates":[[[24.943988,42.261808],[24.944024,42.261255],[24.943927,42.261255],[24.943902,42.261619],[24.943112,42.261588],[24.943121,42.261481],[24.942954,42.261471],[24.942998,42.260823],[24.942904,42.260819],[24.94286,42.261453],[24.942414,42.261441],[24.94242,42.261369],[24.942183,42.261357],[24.942184,42.261311],[24.942006,42.261392],[24.941877,42.261477],[24.941768,42.261576],[24.941681,42.261686],[24.941616,42.261817],[24.941583,42.262473],[24.941739,42.262483],[24.941735,42.262521],[24.944658,42.262781],[24.944699,42.26221],[24.944703,42.261839],[24.943988,42.261808]]]},"properties":{"cadreg":300}},{"type":"Feature","geometry":{"type":"MultiPolygon","coordinates":[[[[24.947826,42.285507],[24.947122,42.288348],[24.94719,42.288544],[24.946949,42.289902],[24.946481,42.290502],[24.94639,42.290603],[24.944413,42.291397],[24.94397,42.29156],[24.943388,42.29127],[24.943416,42.291491],[24.943665,42.291583],[24.943985,42.291614],[24.943397,42.29274],[24.943351,42.292793],[24.943243,42.293686],[24.944832,42.293885],[24.945,42.294114],[24.945189,42.294309],[24.945348,42.294561],[24.945444,42.294668],[24.945746,42.294885],[24.945867,42.295218],[24.945609,42.295469],[24.945591,42.295569],[24.945815,42.296718],[24.946087,42.297133],[24.94617,42.297172],[24.946563,42.297078],[24.946609,42.297087],[24.946726,42.297224],[24.946972,42.297359],[24.947,42.297399],[24.946789,42.297577],[24.945976,42.298536],[24.945102,42.299367],[24.944604,42.299902],[24.944146,42.300325],[24.944134,42.300398],[24.944722,42.301414],[24.945055,42.301931],[24.944895,42.301933],[24.944424,42.302138],[24.943995,42.301564],[24.943813,42.301496],[24.943641,42.301307],[24.943377,42.300802],[24.943664,42.300665],[24.943567,42.30047],[24.943632,42.300395],[24.94384,42.300005],[24.943858,42.299547],[24.943799,42.299384],[24.943903,42.29814],[24.942883,42.297116],[24.942786,42.296763],[24.942827,42.296451],[24.942578,42.295972],[24.942491,42.295299],[24.942192,42.295035],[24.942227,42.294529],[24.942155,42.294366],[24.941926,42.294182],[24.940777,42.293624],[24.938947,42.292819],[24.93877,42.292755],[24.938558,42.292503],[24.938594,42.291565],[24.938453,42.291464],[24.939097,42.289386],[24.940333,42.290276],[24.940747,42.290244],[24.941011,42.290421],[24.941343,42.290257],[24.941752,42.290486],[24.94184,42.290983],[24.942837,42.29098],[24.942659,42.290871],[24.942579,42.290867],[24.942645,42.290596],[24.942304,42.290272],[24.941265,42.289876],[24.940432,42.289585],[24.940583,42.289257],[24.9393,42.288814],[24.940281,42.285785],[24.940977,42.283365],[24.941174,42.282766],[24.94123,42.282681],[24.941328,42.28265],[24.941053,42.282566],[24.938074,42.292012],[24.937668,42.292834],[24.937664,42.2932],[24.939397,42.299217],[24.940176,42.301996],[24.940689,42.303536],[24.941795,42.307157],[24.945243,42.319441],[24.945334,42.319425],[24.941865,42.30712],[24.94054,42.30266],[24.941973,42.302386],[24.943333,42.302197],[24.94338,42.302216],[24.943463,42.302613],[24.943543,42.302859],[24.943674,42.30293],[24.943858,42.303469],[24.94421,42.303519],[24.944171,42.30336],[24.944283,42.303341],[24.944533,42.303431],[24.944914,42.303063],[24.945114,42.302705],[24.94514,42.302352],[24.945212,42.302307],[24.945392,42.302554],[24.945434,42.302536],[24.945263,42.302302],[24.9453,42.302153],[24.944787,42.301391],[24.944208,42.300394],[24.944217,42.300343],[24.944662,42.299935],[24.945056,42.299487],[24.946037,42.298565],[24.946848,42.297609],[24.947086,42.297405],[24.947027,42.29732],[24.94678,42.297188],[24.946659,42.29704],[24.946558,42.297022],[24.946187,42.297116],[24.946072,42.297005],[24.945887,42.296703],[24.945664,42.295569],[24.945678,42.295493],[24.945913,42.295305],[24.945932,42.295184],[24.945808,42.294856],[24.945499,42.294632],[24.945254,42.294282],[24.944961,42.293947],[24.946881,42.294196],[24.950178,42.299466],[24.95023,42.299443],[24.946953,42.294206],[24.950916,42.294708],[24.950995,42.294678],[24.951418,42.293352],[24.951603,42.292978],[24.952963,42.295267],[24.953932,42.296736],[24.953999,42.296886],[24.954607,42.297859],[24.957062,42.301728],[24.957203,42.301776],[24.957649,42.302414],[24.957686,42.302441],[24.958843,42.304168],[24.958982,42.304111],[24.956086,42.29983],[24.953081,42.295094],[24.951717,42.292866],[24.951789,42.292796],[24.952399,42.292349],[24.954256,42.291585],[24.954874,42.291951],[24.955336,42.292579],[24.956627,42.294459],[24.956795,42.294751],[24.957208,42.295722],[24.957692,42.296487],[24.958497,42.297679],[24.95875,42.298085],[24.959108,42.298565],[24.959361,42.298864],[24.959723,42.299194],[24.961098,42.300279],[24.961518,42.300652],[24.964457,42.303837],[24.965546,42.305157],[24.966206,42.305904],[24.967374,42.307055],[24.967754,42.307498],[24.968669,42.309026],[24.969616,42.310687],[24.970348,42.311817],[24.970525,42.311989],[24.970845,42.31211],[24.971768,42.312289],[24.97212,42.312396],[24.972331,42.312538],[24.972672,42.312802],[24.973751,42.314014],[24.974149,42.31508],[24.974655,42.315816],[24.974983,42.316209],[24.977059,42.318912],[24.978175,42.320499],[24.97892,42.321682],[24.979668,42.32268],[24.981049,42.324422],[24.981776,42.325806],[24.982968,42.327334],[24.983049,42.327311],[24.983068,42.327268],[24.982037,42.325933],[24.982022,42.325762],[24.981464,42.324762],[24.981171,42.324189],[24.979809,42.32264],[24.979455,42.322136],[24.978896,42.321219],[24.978838,42.321173],[24.978394,42.320493],[24.97739,42.319059],[24.974328,42.315039],[24.973977,42.313926],[24.972838,42.312705],[24.972552,42.312453],[24.972171,42.312244],[24.971835,42.312134],[24.97101,42.312013],[24.971034,42.311978],[24.97086,42.311954],[24.970585,42.311824],[24.970472,42.311685],[24.969441,42.309948],[24.969496,42.309796],[24.969559,42.309834],[24.969711,42.309879],[24.970017,42.309911],[24.970468,42.31064],[24.970555,42.310685],[24.970938,42.310529],[24.970888,42.310353],[24.970905,42.310176],[24.971603,42.31002],[24.97197,42.310249],[24.972107,42.310294],[24.97267,42.310267],[24.973654,42.310138],[24.974022,42.310582],[24.974302,42.311007],[24.974556,42.310987],[24.974696,42.311085],[24.975052,42.311604],[24.975051,42.311656],[24.975243,42.311846],[24.97534,42.311844],[24.97564,42.311958],[24.97616,42.313035],[24.976549,42.31364],[24.976598,42.313759],[24.976875,42.314196],[24.977071,42.314401],[24.978365,42.315513],[24.978411,42.315584],[24.978431,42.315669],[24.978827,42.31626],[24.978904,42.31634],[24.978956,42.316466],[24.979053,42.317032],[24.979106,42.317115],[24.97963,42.317529],[24.97985,42.317544],[24.980254,42.317457],[24.980555,42.317539],[24.980751,42.317687],[24.980967,42.317981],[24.981503,42.31897],[24.981625,42.319395],[24.981686,42.319205],[24.98187,42.31901],[24.981585,42.318645],[24.981403,42.318102],[24.981055,42.317854],[24.981085,42.317792],[24.981459,42.317681],[24.981934,42.317915],[24.982035,42.31805],[24.982277,42.318188],[24.982379,42.318062],[24.982882,42.318087],[24.982895,42.318166],[24.983084,42.318348],[24.983804,42.318417],[24.984336,42.318283],[24.984431,42.318455],[24.984638,42.318523],[24.984768,42.31844],[24.984907,42.318184],[24.985119,42.318444],[24.985273,42.31852],[24.985469,42.318557],[24.98588,42.318773],[24.985988,42.318893],[24.986114,42.319159],[24.986132,42.319477],[24.985902,42.31976],[24.985949,42.319981],[24.986266,42.320075],[24.986269,42.320161],[24.986394,42.320208],[24.986601,42.320448],[24.986555,42.320673],[24.98669,42.320795],[24.986654,42.32098],[24.986729,42.321009],[24.986866,42.320872],[24.987528,42.321079],[24.987472,42.321667],[24.987527,42.321819],[24.987612,42.322514],[24.987553,42.322708],[24.987522,42.323012],[24.987556,42.323294],[24.987699,42.3237],[24.987528,42.324073],[24.987027,42.325039],[24.98709,42.325467],[24.986881,42.325851],[24.987385,42.326032],[24.987062,42.326084],[24.987426,42.326385],[24.987601,42.326463],[24.987617,42.326429],[24.988291,42.326679],[24.992671,42.325462],[24.992565,42.32534],[24.992189,42.324987],[24.992053,42.324915],[24.99192,42.324818],[24.990223,42.325495],[24.989999,42.325806],[24.98898,42.326259],[24.988291,42.325406],[24.987583,42.324452],[24.987862,42.323689],[24.987834,42.323345],[24.989776,42.32249],[24.988387,42.320752],[24.98841,42.320709],[24.988297,42.320566],[24.988267,42.320534],[24.988113,42.320448],[24.987979,42.320388],[24.987808,42.320256],[24.987594,42.319717],[24.987478,42.319753],[24.987408,42.319628],[24.986956,42.319768],[24.986599,42.319757],[24.986415,42.319475],[24.986376,42.319211],[24.986101,42.318692],[24.985928,42.318593],[24.98539,42.318449],[24.985212,42.318348],[24.984916,42.318064],[24.984803,42.318082],[24.984689,42.318226],[24.984687,42.318392],[24.984539,42.318431],[24.984487,42.318321],[24.984463,42.318165],[24.983906,42.318283],[24.98377,42.318294],[24.983107,42.318258],[24.982911,42.31791],[24.982359,42.317886],[24.981918,42.317686],[24.98142,42.317251],[24.981078,42.317113],[24.980266,42.317006],[24.980152,42.316959],[24.979496,42.315725],[24.979433,42.31558],[24.978983,42.315023],[24.978815,42.314845],[24.978332,42.314485],[24.977898,42.314212],[24.977579,42.313971],[24.976097,42.311679],[24.975784,42.311522],[24.97526,42.31102],[24.974228,42.309575],[24.974081,42.309581],[24.973036,42.30979],[24.972728,42.309789],[24.972158,42.309676],[24.97186,42.309494],[24.971758,42.309318],[24.970913,42.309421],[24.970777,42.309383],[24.970988,42.309342],[24.970123,42.308977],[24.96955,42.308834],[24.969119,42.307578],[24.968847,42.30667],[24.96844,42.30663],[24.96809,42.306281],[24.967477,42.306014],[24.96702,42.305067],[24.967137,42.304683],[24.967213,42.304682],[24.967793,42.304579],[24.968681,42.304408],[24.969479,42.304329],[24.970208,42.304628],[24.971972,42.304594],[24.971969,42.304944],[24.972816,42.30494],[24.97282,42.304617],[24.974533,42.304618],[24.977111,42.304594],[24.97759,42.304728],[24.977577,42.304763],[24.977613,42.304839],[24.977978,42.305178],[24.978325,42.305708],[24.978587,42.305958],[24.979475,42.306413],[24.979522,42.306464],[24.979574,42.306696],[24.979545,42.306892],[24.979457,42.30716],[24.979179,42.307587],[24.978789,42.307787],[24.978664,42.308001],[24.978679,42.308175],[24.978829,42.308532],[24.978937,42.308526],[24.978979,42.308616],[24.979382,42.308467],[24.979996,42.308194],[24.979969,42.308291],[24.979989,42.308473],[24.98018,42.308882],[24.980672,42.309768],[24.980751,42.309746],[24.980743,42.309731],[24.981571,42.310041],[24.981793,42.31043],[24.982225,42.311068],[24.982564,42.311195],[24.982447,42.311238],[24.982465,42.311264],[24.982603,42.311213],[24.983243,42.311618],[24.983401,42.311806],[24.98344,42.311888],[24.983639,42.312039],[24.983937,42.312134],[24.98429,42.312487],[24.98445,42.312759],[24.984384,42.312741],[24.983721,42.313008],[24.983781,42.31306],[24.983707,42.313094],[24.983649,42.313044],[24.983132,42.313286],[24.982968,42.313393],[24.983003,42.313638],[24.983084,42.313653],[24.983611,42.31514],[24.983587,42.315143],[24.983655,42.315219],[24.983624,42.315254],[24.984462,42.315218],[24.984636,42.315227],[24.984979,42.315322],[24.986693,42.317946],[24.987607,42.319562],[24.987867,42.32023],[24.987997,42.320334],[24.988138,42.32038],[24.988279,42.320448],[24.988339,42.320508],[24.988286,42.32012],[24.987976,42.319405],[24.988092,42.319129],[24.988301,42.319032],[24.989019,42.319577],[24.990409,42.321186],[24.990953,42.321967],[24.991613,42.322659],[24.992331,42.323545],[24.991986,42.323929],[24.991945,42.324066],[24.991891,42.324694],[24.992104,42.324869],[24.992244,42.324943],[24.992772,42.325466],[24.996914,42.324139],[24.996488,42.32363],[24.995993,42.323252],[24.994001,42.322294],[24.993462,42.321958],[24.993952,42.322919],[24.993771,42.323094],[24.993842,42.323115],[24.993796,42.323159],[24.992965,42.32292],[24.991958,42.322422],[24.991449,42.321985],[24.991296,42.321793],[24.990468,42.320098],[24.989348,42.317909],[24.988822,42.318093],[24.988769,42.317994],[24.989931,42.31761],[24.989665,42.317456],[24.989295,42.316848],[24.987829,42.314197],[24.987561,42.314358],[24.987719,42.314024],[24.987966,42.31386],[24.988192,42.313518],[24.988163,42.313297],[24.988,42.313136],[24.987764,42.313078],[24.987778,42.313032],[24.986551,42.312817],[24.985771,42.311471],[24.985689,42.311231],[24.985327,42.309742],[24.984469,42.309567],[24.984398,42.309359],[24.98396,42.309177],[24.983759,42.30912],[24.983365,42.308893],[24.98301,42.308765],[24.982858,42.308462],[24.982825,42.308172],[24.98293,42.307971],[24.983156,42.30783],[24.983435,42.307722],[24.983775,42.307822],[24.98413,42.307818],[24.984146,42.307764],[24.984916,42.308124],[24.984959,42.308066],[24.985025,42.308061],[24.985865,42.311512],[24.986457,42.312241],[24.98713,42.312732],[24.989265,42.313302],[24.989137,42.313219],[24.98717,42.312686],[24.986515,42.312207],[24.985938,42.311497],[24.985063,42.307909],[24.981824,42.305671],[24.981728,42.305424],[24.981758,42.304285],[24.992668,42.311159],[24.992839,42.311246],[24.992907,42.311303],[24.996584,42.313624],[24.997317,42.31405],[24.999567,42.315471],[25.000604,42.315977],[25.001207,42.316229],[25.001197,42.316346],[25.002865,42.317695],[25.003227,42.317901],[25.004099,42.318223],[25.005794,42.318964],[25.007911,42.320768],[25.011759,42.319604],[25.011712,42.319589],[25.008195,42.320652],[25.007493,42.319994],[25.007128,42.319545],[25.006423,42.31913],[25.006227,42.318941],[25.005416,42.318318],[25.004685,42.318063],[25.003395,42.317716],[25.003111,42.317605],[25.002557,42.317187],[25.002897,42.316783],[25.003295,42.316927],[25.004286,42.317242],[25.004544,42.317305],[25.006714,42.318006],[25.00684,42.317861],[25.003122,42.316705],[25.003159,42.316616],[25.001665,42.315825],[25.001487,42.315692],[25.001308,42.315417],[25.000931,42.315243],[25.000681,42.315185],[24.999776,42.314792],[24.99919,42.314467],[24.99903,42.314154],[24.999202,42.312346],[24.9991,42.311298],[24.998168,42.31079],[24.998153,42.310212],[24.997844,42.309702],[24.997816,42.309732],[24.997726,42.309694],[24.997694,42.309625],[24.997744,42.309577],[24.997904,42.309644],[24.998149,42.309408],[24.998806,42.309526],[24.998927,42.309386],[24.998357,42.308376],[24.998476,42.307983],[24.999156,42.307295],[25.002279,42.307564],[25.003618,42.308749],[25.004256,42.309529],[25.00522,42.308575],[25.00414,42.307917],[25.003103,42.30717],[25.002727,42.306874],[25.002326,42.306481],[25.00206,42.306265],[25.001786,42.306129],[25.001382,42.305956],[25.001137,42.305894],[25.001246,42.305843],[25.000902,42.305851],[25.000468,42.305754],[25.000093,42.305527],[24.999176,42.305094],[24.998693,42.304532],[24.998248,42.304311],[24.997986,42.304236],[24.997793,42.304115],[24.996844,42.303623],[24.996479,42.303604],[24.996112,42.303728],[24.995695,42.303824],[24.99525,42.30379],[24.994563,42.303578],[24.994422,42.303521],[24.994384,42.30343],[24.993821,42.302995],[24.993739,42.302912],[24.993739,42.302834],[24.993635,42.302677],[24.993453,42.30257],[24.992806,42.302335],[24.992333,42.302035],[24.991975,42.301899],[24.991903,42.301822],[24.990975,42.300217],[24.99074,42.2997],[24.990027,42.299128],[24.98958,42.298882],[24.989251,42.298745],[24.988801,42.298652],[24.988504,42.298622],[24.988098,42.298493],[24.987812,42.29831],[24.98764,42.298274],[24.987397,42.298186],[24.986684,42.297856],[24.986379,42.297606],[24.985504,42.297074],[24.985388,42.296968],[24.985297,42.296852],[24.985181,42.296363],[24.985198,42.296231],[24.986197,42.295464],[24.986155,42.295417],[24.986336,42.295303],[24.986498,42.295318],[24.987746,42.295635],[24.9879,42.29556],[24.988628,42.294712],[24.989259,42.29394],[24.990541,42.293769],[24.990639,42.293775],[24.993281,42.293644],[24.997858,42.293543],[24.999898,42.293451],[25.000209,42.293424],[25.000496,42.293373],[25.000558,42.293557],[25.000704,42.293715],[25.000927,42.293905],[25.001308,42.294165],[25.001716,42.294654],[25.001896,42.294744],[25.001989,42.294672],[25.002026,42.294409],[25.002425,42.294057],[25.003333,42.293943],[25.00413,42.294195],[25.00579,42.295358],[25.005767,42.295923],[25.004868,42.296958],[25.006291,42.299253],[25.007505,42.300762],[25.006657,42.301724],[25.006671,42.301761],[25.006746,42.301804],[25.007947,42.301914],[25.00833,42.301843],[25.008332,42.302014],[25.009118,42.302206],[25.010167,42.302735],[25.010236,42.302751],[25.010247,42.302806],[25.009762,42.303376],[25.010394,42.303702],[25.010915,42.304152],[25.011495,42.304841],[25.011853,42.306016],[25.010321,42.30761],[25.010687,42.307801],[25.011924,42.306935],[25.012304,42.305876],[25.012315,42.305028],[25.012542,42.304262],[25.012746,42.304205],[25.013653,42.304728],[25.013877,42.304477],[25.013774,42.304431],[25.013812,42.304385],[25.013158,42.304085],[25.013144,42.304015],[25.013209,42.304047],[25.013007,42.303603],[25.012919,42.30306],[25.012456,42.302553],[25.01217,42.30204],[25.011597,42.30134],[25.011531,42.301477],[25.011385,42.301339],[25.011527,42.301082],[25.009565,42.300502],[25.007984,42.300413],[25.007872,42.300284],[25.006776,42.298864],[25.005753,42.297436],[25.006355,42.296771],[25.006261,42.295779],[25.006164,42.295069],[25.005996,42.294684],[25.005252,42.293906],[25.004897,42.293102],[25.008732,42.292909],[25.012675,42.292732],[25.01668,42.292512],[25.019045,42.292448],[25.019215,42.292468],[25.019598,42.29255],[25.01953,42.292471],[25.019501,42.292305],[25.019657,42.292297],[25.019637,42.291505],[25.019702,42.290693],[25.01926,42.289586],[25.019128,42.289584],[25.01912,42.289512],[25.019317,42.289515],[25.019974,42.289208],[25.020839,42.288891],[25.020918,42.288972],[25.021931,42.291138],[25.022317,42.29123],[25.023437,42.291634],[25.024451,42.291934],[25.025282,42.292419],[25.026593,42.293254],[25.026815,42.29341],[25.027317,42.294151],[25.02744,42.294359],[25.027889,42.294977],[25.028258,42.295523],[25.028301,42.295888],[25.027995,42.296547],[25.027653,42.296996],[25.027746,42.297149],[25.0277,42.298185],[25.026375,42.298112],[25.025835,42.297636],[25.025602,42.297457],[25.025567,42.296677],[25.025429,42.296898],[25.024162,42.297945],[25.024109,42.29803],[25.023996,42.298418],[25.022685,42.299917],[25.023493,42.300079],[25.023149,42.300934],[25.023207,42.301355],[25.023571,42.301572],[25.024875,42.301693],[25.024977,42.302846],[25.025387,42.303216],[25.025317,42.303918],[25.025433,42.304516],[25.025882,42.305119],[25.026076,42.305706],[25.025911,42.306279],[25.026227,42.306617],[25.026849,42.306875],[25.026507,42.307527],[25.026493,42.307984],[25.026808,42.308303],[25.027349,42.308409],[25.028035,42.308171],[25.028325,42.308453],[25.027904,42.309805],[25.027767,42.310187],[25.027736,42.310221],[25.027537,42.310808],[25.026791,42.312312],[25.027453,42.313607],[25.028154,42.314291],[25.028877,42.315038],[25.029517,42.315264],[25.030323,42.315252],[25.031245,42.315495],[25.03156,42.315482],[25.031948,42.314953],[25.032646,42.31523],[25.032976,42.315168],[25.033176,42.31526],[25.033291,42.315107],[25.033322,42.31478],[25.033142,42.314477],[25.03236,42.313857],[25.030733,42.313259],[25.029997,42.313108],[25.029702,42.313012],[25.029507,42.312801],[25.029606,42.31256],[25.029972,42.312281],[25.030143,42.311995],[25.029846,42.311607],[25.02984,42.311318],[25.030492,42.311051],[25.031269,42.310814],[25.031913,42.310794],[25.032654,42.310458],[25.033431,42.309951],[25.033738,42.30969],[25.034147,42.309146],[25.034297,42.308439],[25.034181,42.307727],[25.033973,42.307393],[25.032094,42.307045],[25.031545,42.307021],[25.031158,42.306827],[25.031124,42.306439],[25.031547,42.305669],[25.031946,42.305292],[25.031902,42.305036],[25.031915,42.304988],[25.031529,42.30429],[25.031511,42.304289],[25.031456,42.304008],[25.031682,42.303601],[25.032031,42.303312],[25.032795,42.302319],[25.033449,42.301898],[25.033254,42.301597],[25.0337,42.301581],[25.033828,42.301546],[25.033805,42.301525],[25.033888,42.301501],[25.033213,42.301344],[25.032787,42.301304],[25.032285,42.301016],[25.032063,42.300645],[25.031919,42.299804],[25.031887,42.299738],[25.031957,42.299725],[25.031818,42.299198],[25.034731,42.297407],[25.038151,42.298289],[25.03895,42.297076],[25.039339,42.296806],[25.039523,42.295707],[25.039791,42.295313],[25.04029,42.295051],[25.040556,42.294796],[25.040543,42.294376],[25.040864,42.294216],[25.042275,42.29211],[25.040781,42.291474],[25.040152,42.291263],[25.039773,42.29122],[25.039336,42.291252],[25.039276,42.291242],[25.039083,42.291117],[25.038988,42.291113],[25.038867,42.291021],[25.038863,42.291058],[25.037496,42.291274],[25.037588,42.293105],[25.038578,42.293091],[25.038977,42.293464],[25.039294,42.293992],[25.039514,42.294449],[25.039502,42.29555],[25.039113,42.296658],[25.038061,42.298154],[25.034171,42.297126],[25.034077,42.297133],[25.031705,42.298662],[25.03136,42.296471],[25.031675,42.295889],[25.032155,42.295452],[25.032229,42.295248],[25.031455,42.29414],[25.031212,42.293864],[25.030605,42.293581],[25.029801,42.293247],[25.029703,42.293139],[25.029643,42.292909],[25.029645,42.292755],[25.029881,42.292063],[25.029885,42.291848],[25.029762,42.291856],[25.028843,42.291256],[25.028568,42.29003],[25.028518,42.290034],[25.027827,42.289926],[25.026856,42.289587],[25.026471,42.289389],[25.026307,42.289254],[25.026071,42.288925],[25.025676,42.286998],[25.025221,42.285828],[25.024772,42.285712],[25.023286,42.285065],[25.022928,42.284958],[25.022503,42.285038],[25.02236,42.285027],[25.021995,42.284922],[25.021421,42.284616],[25.021318,42.284512],[25.02119,42.284319],[25.021164,42.284228],[25.021326,42.283686],[25.020668,42.282699],[25.021629,42.281829],[25.022512,42.280705],[25.022628,42.280483],[25.022705,42.279907],[25.022763,42.279824],[25.028133,42.279144],[25.030141,42.278841],[25.031018,42.278725],[25.031281,42.278655],[25.034194,42.278182],[25.040317,42.277526],[25.043201,42.277133],[25.048713,42.276446],[25.054333,42.275684],[25.053722,42.276504],[25.053435,42.277506],[25.05309,42.27842],[25.053199,42.278446],[25.053202,42.278475],[25.053231,42.278482],[25.053653,42.278195],[25.053629,42.277496],[25.05401,42.277112],[25.053895,42.276692],[25.053993,42.276426],[25.054523,42.275761],[25.054773,42.275311],[25.054987,42.274305],[25.053846,42.27303],[25.053772,42.27272],[25.053432,42.272445],[25.053802,42.271841],[25.053916,42.271236],[25.053805,42.270861],[25.05357,42.270737],[25.05352,42.27078],[25.053738,42.271172],[25.053743,42.271383],[25.0536,42.271826],[25.053289,42.272207],[25.053241,42.272406],[25.053315,42.272582],[25.053545,42.272765],[25.053643,42.273007],[25.053856,42.273337],[25.054353,42.273845],[25.054764,42.274358],[25.054686,42.274807],[25.054546,42.275375],[25.054375,42.275623],[25.04582,42.276765],[25.043293,42.277054],[25.039707,42.277521],[25.036509,42.277835],[25.034168,42.278093],[25.030545,42.278647],[25.028134,42.278939],[25.022945,42.279645],[25.022683,42.279761],[25.022653,42.279799],[25.022611,42.279889],[25.022535,42.280462],[25.022391,42.280709],[25.021548,42.281789],[25.020345,42.282831],[25.020282,42.282857],[25.020088,42.282657],[25.019994,42.282606],[25.01914,42.282914],[25.018154,42.283204],[25.016605,42.283458],[25.016345,42.283305],[25.012378,42.283509],[25.010356,42.283582],[25.006843,42.283749],[25.004624,42.283876],[25.003038,42.283944],[25.002957,42.283927],[25.000194,42.284075],[25.000193,42.284032],[24.999453,42.284061],[24.999448,42.284118],[24.997463,42.284204],[24.996482,42.283907],[24.994712,42.284003],[24.992774,42.284385],[24.991787,42.284461],[24.990336,42.284426],[24.990019,42.284403],[24.989431,42.284429],[24.988402,42.284524],[24.98742,42.284702],[24.986748,42.284842],[24.986584,42.284731],[24.986448,42.284683],[24.986228,42.284662],[24.98139,42.284931],[24.978754,42.285109],[24.978349,42.285107],[24.978365,42.285179],[24.977712,42.285308],[24.977648,42.285226],[24.977205,42.285467],[24.976638,42.285535],[24.975916,42.285695],[24.975406,42.285825],[24.975045,42.285677],[24.975001,42.285725],[24.974928,42.285687],[24.974894,42.285724],[24.9753,42.285927],[24.975256,42.285963],[24.975363,42.286009],[24.974752,42.28678],[24.974616,42.28691],[24.974443,42.287145],[24.974476,42.287173],[24.974217,42.287462],[24.97413,42.28751],[24.973534,42.287278],[24.973206,42.287171],[24.973161,42.28723],[24.973254,42.287249],[24.974117,42.287532],[24.974167,42.287535],[24.974131,42.287612],[24.9738,42.287788],[24.972881,42.28853],[24.972821,42.288602],[24.973008,42.288676],[24.974553,42.28747],[24.974707,42.287309],[24.975374,42.286782],[24.976197,42.286174],[24.977036,42.285697],[24.97714,42.286033],[24.977105,42.286143],[24.977392,42.286848],[24.977975,42.287819],[24.978417,42.288129],[24.97805,42.288356],[24.978668,42.288581],[24.978904,42.289651],[24.980677,42.289737],[24.981459,42.289949],[24.981523,42.289908],[24.982044,42.290356],[24.983125,42.290967],[24.983105,42.291574],[24.983057,42.29209],[24.983042,42.292501],[24.982882,42.292941],[24.98284,42.293266],[24.983112,42.294094],[24.983299,42.294412],[24.983441,42.294553],[24.983759,42.294768],[24.983984,42.294818],[24.983953,42.294869],[24.984084,42.294891],[24.984221,42.294881],[24.983548,42.295316],[24.983105,42.295788],[24.982363,42.296453],[24.981767,42.297147],[24.98217,42.29773],[24.982737,42.298418],[24.982951,42.298431],[24.983959,42.298256],[24.985897,42.299607],[24.988336,42.301139],[24.988363,42.301187],[24.988395,42.301634],[24.988313,42.302095],[24.987744,42.303486],[24.987944,42.303552],[24.988166,42.303356],[24.989659,42.302306],[24.991322,42.303412],[24.99283,42.304482],[24.992401,42.305132],[24.992438,42.305158],[24.993023,42.305394],[24.994119,42.305465],[24.994689,42.305677],[24.994079,42.306433],[24.994047,42.30645],[24.994062,42.306589],[24.994101,42.306615],[24.993781,42.307219],[24.993761,42.307219],[24.993694,42.30731],[24.993614,42.307507],[24.993283,42.308151],[24.993214,42.308429],[24.993278,42.308484],[24.993722,42.307503],[24.993945,42.307735],[24.994234,42.307919],[24.994808,42.308085],[24.995534,42.308584],[24.995697,42.308841],[24.995653,42.309147],[24.995315,42.309553],[24.995344,42.309616],[24.995467,42.309662],[24.995659,42.309681],[24.995398,42.309839],[24.995695,42.309831],[24.996885,42.31062],[24.996892,42.310905],[24.997118,42.311246],[24.99809,42.311976],[24.998263,42.313341],[24.998213,42.313437],[24.997474,42.313984],[24.996945,42.31361],[24.993117,42.311203],[24.992989,42.311167],[24.992922,42.311126],[24.992843,42.31105],[24.986594,42.307134],[24.983428,42.305114],[24.983352,42.305097],[24.978929,42.302306],[24.977755,42.301524],[24.97484,42.299709],[24.974813,42.299633],[24.974695,42.299558],[24.97453,42.299494],[24.973591,42.298858],[24.971454,42.297547],[24.971362,42.297467],[24.971782,42.297329],[24.973295,42.297195],[24.973215,42.29654],[24.972215,42.296724],[24.971629,42.296901],[24.970806,42.297085],[24.970646,42.296975],[24.97042,42.296867],[24.969714,42.296438],[24.969532,42.296513],[24.969207,42.296303],[24.968757,42.296121],[24.968432,42.296086],[24.967584,42.296145],[24.967642,42.296409],[24.967906,42.298084],[24.967871,42.298189],[24.967968,42.298947],[24.967825,42.299383],[24.967812,42.299515],[24.967912,42.299651],[24.96841,42.299956],[24.968601,42.299966],[24.96865,42.299995],[24.969145,42.299894],[24.969846,42.302046],[24.970316,42.302081],[24.970532,42.302067],[24.97105,42.302101],[24.972134,42.302086],[24.972391,42.302064],[24.972544,42.302005],[24.972692,42.301921],[24.972673,42.301972],[24.972573,42.302034],[24.972405,42.302099],[24.972137,42.302122],[24.971048,42.302137],[24.970705,42.302114],[24.971299,42.302435],[24.971834,42.304266],[24.971856,42.304538],[24.970107,42.304531],[24.969455,42.304241],[24.968662,42.304356],[24.967237,42.304596],[24.965468,42.304372],[24.965275,42.304429],[24.965988,42.305459],[24.964479,42.303651],[24.963672,42.30277],[24.963337,42.302364],[24.96241,42.30134],[24.961684,42.300575],[24.960431,42.299553],[24.960012,42.299237],[24.959483,42.298791],[24.959221,42.298469],[24.957842,42.296428],[24.957298,42.295517],[24.95696,42.294718],[24.95678,42.294405],[24.955549,42.292619],[24.954971,42.291824],[24.955379,42.291604],[24.955315,42.2916],[24.954362,42.29125],[24.953636,42.290737],[24.947595,42.284959],[24.947597,42.285022],[24.947795,42.285373],[24.947826,42.285507]],[[24.954221,42.29132],[24.954018,42.291454],[24.953134,42.291795],[24.951606,42.292614],[24.949402,42.290594],[24.949199,42.290341],[24.948929,42.290126],[24.950141,42.289274],[24.949627,42.288757],[24.949599,42.288698],[24.950561,42.287858],[24.951968,42.289184],[24.953344,42.290514],[24.953636,42.290737],[24.954221,42.29132]],[[24.948948,42.292121],[24.949482,42.291911],[24.949673,42.292101],[24.949524,42.292163],[24.95005,42.29288],[24.949579,42.293063],[24.948948,42.292121]],[[24.948855,42.28625],[24.948755,42.286141],[24.948648,42.286024],[24.948855,42.28625]],[[24.976685,42.285678],[24.976717,42.285738],[24.976188,42.286097],[24.975911,42.286309],[24.975762,42.286396],[24.975691,42.286364],[24.974894,42.28694],[24.974784,42.286878],[24.975383,42.28605],[24.975663,42.285908],[24.976685,42.285678]],[[24.989267,42.293675],[24.989059,42.293673],[24.984978,42.293934],[24.985246,42.291027],[24.985114,42.2896],[24.985041,42.289602],[24.985027,42.289442],[24.983602,42.289536],[24.982602,42.289622],[24.981769,42.289665],[24.981278,42.289263],[24.980912,42.289013],[24.980735,42.28894],[24.979581,42.288333],[24.979388,42.288212],[24.978915,42.287889],[24.978832,42.287757],[24.978728,42.287493],[24.978639,42.285396],[24.978943,42.285284],[24.982081,42.285125],[24.983981,42.285058],[24.984641,42.285349],[24.984804,42.285377],[24.984945,42.285361],[24.985179,42.285177],[24.985661,42.284988],[24.985827,42.285048],[24.986285,42.285171],[24.986681,42.285219],[24.986901,42.285212],[24.987235,42.285144],[24.987761,42.284908],[24.989811,42.284799],[24.990162,42.284817],[24.991775,42.284745],[24.991921,42.284829],[24.991983,42.285014],[24.992162,42.288077],[24.992194,42.289041],[24.992212,42.289088],[24.99227,42.289087],[24.993166,42.289042],[24.993094,42.288527],[24.992948,42.286918],[24.992805,42.286312],[24.992814,42.28585],[24.992752,42.285399],[24.993052,42.284724],[24.994691,42.284679],[24.995699,42.284614],[24.996452,42.284643],[24.996427,42.285824],[24.996629,42.286187],[24.996915,42.2864],[24.997684,42.286775],[24.997786,42.287632],[24.99788,42.288801],[24.99839,42.289104],[24.998557,42.290109],[24.999463,42.290274],[24.999812,42.29053],[25.000263,42.293233],[25.00003,42.293268],[24.997809,42.293298],[24.991878,42.293566],[24.99028,42.293603],[24.989267,42.293675]],[[25.002143,42.284331],[25.006424,42.284101],[25.006422,42.284069],[25.006479,42.284067],[25.006481,42.284098],[25.012375,42.283816],[25.015789,42.283692],[25.016081,42.283754],[25.016298,42.284062],[25.016358,42.284662],[25.016465,42.284767],[25.016549,42.286287],[25.016544,42.287916],[25.015535,42.287986],[25.014972,42.287989],[25.014979,42.288024],[25.01794,42.289506],[25.019071,42.289508],[25.019052,42.289625],[25.019373,42.292337],[25.016758,42.292377],[25.006466,42.292901],[25.004627,42.293013],[25.002519,42.293079],[25.001664,42.292672],[25.002309,42.291036],[25.002396,42.290743],[25.00147,42.288736],[25.000532,42.28871],[25.000209,42.288846],[25.000139,42.288804],[25.000134,42.288765],[24.999614,42.288484],[24.999469,42.288311],[24.999295,42.287861],[24.999009,42.286693],[24.99895,42.286616],[24.998934,42.286535],[24.998679,42.286286],[24.998076,42.285928],[24.997927,42.285691],[24.997763,42.284546],[25.002143,42.284331]]],[[[24.967046,42.275457],[24.96493,42.2762],[24.964884,42.276304],[24.965309,42.277135],[24.965454,42.277296],[24.966102,42.277398],[24.967062,42.277721],[24.967804,42.277907],[24.968361,42.278906],[24.968275,42.280015],[24.967941,42.28013],[24.969825,42.279812],[24.969778,42.279672],[24.971812,42.278224],[24.97136,42.278327],[24.971284,42.278183],[24.971257,42.278198],[24.970282,42.278353],[24.970314,42.278442],[24.970198,42.27846],[24.970179,42.27837],[24.969548,42.278488],[24.969515,42.278385],[24.970711,42.278195],[24.970728,42.277823],[24.971372,42.276774],[24.971808,42.276776],[24.971772,42.276527],[24.972203,42.276551],[24.972209,42.276687],[24.972244,42.276685],[24.972259,42.276808],[24.972288,42.276825],[24.972647,42.276788],[24.971586,42.275575],[24.971303,42.275124],[24.971266,42.274912],[24.970702,42.275265],[24.970699,42.275229],[24.971263,42.274883],[24.971269,42.274762],[24.971523,42.274281],[24.971625,42.274128],[24.971821,42.273934],[24.971818,42.273579],[24.971878,42.273359],[24.972039,42.273169],[24.972795,42.272772],[24.972379,42.272168],[24.972827,42.27185],[24.97574,42.270803],[24.976197,42.271314],[24.976217,42.27149],[24.974454,42.27212],[24.974802,42.272114],[24.976078,42.271711],[24.976457,42.271497],[24.976485,42.271344],[24.97615,42.270995],[24.976161,42.2706],[24.974418,42.271188],[24.972937,42.271716],[24.971545,42.272179],[24.970679,42.272511],[24.969475,42.277848],[24.966607,42.277491],[24.967046,42.275457]]],[[[24.962984,42.282105],[24.962843,42.281879],[24.962674,42.281744],[24.962195,42.282013],[24.9617,42.282249],[24.961454,42.282025],[24.961393,42.282003],[24.961198,42.281741],[24.961791,42.28135],[24.96179,42.28132],[24.960686,42.281775],[24.960564,42.28185],[24.96033,42.282042],[24.960232,42.28216],[24.957365,42.283054],[24.957435,42.283085],[24.958384,42.282802],[24.959391,42.282441],[24.959551,42.282712],[24.959621,42.282785],[24.959835,42.283097],[24.959817,42.283107],[24.959889,42.28318],[24.960066,42.283439],[24.960055,42.283467],[24.961591,42.282985],[24.961688,42.283117],[24.961793,42.283121],[24.961842,42.283177],[24.961874,42.283069],[24.96293,42.282859],[24.962536,42.282148],[24.962984,42.282105]]],[[[24.962691,42.300209],[24.962784,42.300219],[24.962915,42.30019],[24.962769,42.300097],[24.962897,42.300065],[24.96332,42.300088],[24.963408,42.300008],[24.963367,42.299955],[24.963457,42.299918],[24.963652,42.300016],[24.963814,42.300166],[24.964119,42.300638],[24.964159,42.300727],[24.964157,42.300832],[24.964412,42.300804],[24.964417,42.300702],[24.964318,42.300597],[24.964068,42.300211],[24.96394,42.299912],[24.963826,42.299795],[24.963582,42.29975],[24.962722,42.299819],[24.962577,42.299711],[24.962493,42.299508],[24.962529,42.299273],[24.96232,42.299209],[24.962228,42.299115],[24.962223,42.298996],[24.961972,42.298657],[24.962037,42.298552],[24.962166,42.29854],[24.962326,42.298462],[24.962198,42.298199],[24.96202,42.297735],[24.962097,42.297526],[24.962039,42.297469],[24.961885,42.297233],[24.96167,42.296848],[24.961668,42.296724],[24.961779,42.2967],[24.961913,42.296832],[24.962081,42.296873],[24.962241,42.29687],[24.962356,42.296807],[24.96231,42.29656],[24.962201,42.296443],[24.961956,42.29632],[24.961988,42.295944],[24.961817,42.295706],[24.962523,42.29531],[24.962747,42.295412],[24.962982,42.295305],[24.963008,42.295251],[24.963013,42.294891],[24.962999,42.294632],[24.96297,42.294511],[24.962988,42.294509],[24.963008,42.294441],[24.962958,42.2941],[24.962848,42.293908],[24.962821,42.293632],[24.962888,42.293439],[24.963058,42.293397],[24.963141,42.293441],[24.963238,42.293299],[24.963115,42.293322],[24.962876,42.293307],[24.962669,42.293346],[24.962628,42.293428],[24.962619,42.293488],[24.962669,42.293666],[24.962638,42.294006],[24.962671,42.29412],[24.962763,42.294223],[24.962783,42.294281],[24.962728,42.29448],[24.962774,42.294737],[24.962808,42.294795],[24.962822,42.294887],[24.96262,42.295004],[24.962421,42.295001],[24.961988,42.295214],[24.9617,42.295329],[24.961448,42.295394],[24.961406,42.295431],[24.961432,42.295672],[24.961631,42.295956],[24.961616,42.296083],[24.96155,42.296212],[24.961634,42.296355],[24.961911,42.296488],[24.962092,42.296668],[24.962051,42.296688],[24.961809,42.2966],[24.961726,42.296525],[24.96161,42.296517],[24.961492,42.296632],[24.961475,42.29688],[24.961499,42.297033],[24.961667,42.297245],[24.961674,42.297334],[24.961865,42.297563],[24.96183,42.297674],[24.961967,42.298136],[24.96195,42.298257],[24.961719,42.298594],[24.961699,42.298666],[24.961763,42.29888],[24.962058,42.29929],[24.962203,42.299561],[24.962353,42.299743],[24.962453,42.29998],[24.96232,42.300237],[24.962691,42.300209]]],[[[24.964,42.301568],[24.96406,42.301804],[24.964167,42.301928],[24.964472,42.301963],[24.964586,42.302037],[24.96478,42.302028],[24.964595,42.301884],[24.964351,42.301788],[24.964248,42.301656],[24.964263,42.301366],[24.964398,42.300876],[24.964163,42.300904],[24.964026,42.301344],[24.964,42.301568]]],[[[24.968925,42.322657],[24.969621,42.32262],[24.969986,42.322742],[24.970662,42.323059],[24.970575,42.323005],[24.97079,42.323085],[24.97132,42.323167],[24.972031,42.323149],[24.972977,42.323599],[24.973058,42.323509],[24.973116,42.323327],[24.973344,42.323006],[24.972611,42.323291],[24.972022,42.323052],[24.971838,42.323072],[24.971254,42.323065],[24.970847,42.322998],[24.970518,42.322862],[24.968344,42.321335],[24.967337,42.319869],[24.96726,42.319835],[24.967194,42.319941],[24.967256,42.319971],[24.96814,42.321352],[24.969611,42.322411],[24.967131,42.323166],[24.961546,42.324951],[24.959628,42.325516],[24.959542,42.325523],[24.957107,42.326339],[24.955136,42.32691],[24.949625,42.328695],[24.949499,42.328514],[24.949186,42.328373],[24.949426,42.328801],[24.957438,42.326251],[24.95746,42.32629],[24.957521,42.326272],[24.959566,42.325612],[24.960432,42.325364],[24.968925,42.322657]]],[[[24.97239,42.277109],[24.972741,42.277049],[24.972726,42.277003],[24.972777,42.276982],[24.972714,42.276888],[24.972691,42.276878],[24.972361,42.276909],[24.972332,42.276937],[24.972351,42.277099],[24.97239,42.277109]]],[[[24.972567,42.277687],[24.972504,42.277482],[24.972276,42.277537],[24.972324,42.27786],[24.972567,42.277687]]],[[[24.973706,42.280431],[24.973098,42.281174],[24.973187,42.281091],[24.974931,42.280434],[24.975069,42.280541],[24.974888,42.280748],[24.974627,42.281101],[24.974749,42.281155],[24.97502,42.280805],[24.975357,42.280549],[24.975437,42.280513],[24.97596,42.281031],[24.976106,42.281152],[24.976523,42.280911],[24.976404,42.280808],[24.976862,42.28057],[24.977285,42.280309],[24.97816,42.279806],[24.977632,42.279309],[24.977723,42.279318],[24.979593,42.278548],[24.980289,42.278175],[24.980934,42.277753],[24.981954,42.277142],[24.982194,42.277038],[24.985104,42.275386],[24.98662,42.274485],[24.989052,42.273105],[24.990968,42.271995],[24.991264,42.271808],[24.993493,42.270549],[24.996275,42.268933],[24.996419,42.268805],[25.001375,42.265934],[25.001372,42.265903],[25.001456,42.265859],[25.005848,42.264438],[25.007323,42.263934],[25.007617,42.263896],[25.007607,42.263822],[25.007275,42.263861],[25.003414,42.265108],[25.001846,42.265626],[25.001393,42.265783],[25.001302,42.265829],[25.001009,42.265918],[24.996325,42.268627],[24.996161,42.268685],[24.99117,42.271536],[24.991026,42.271601],[24.989165,42.272734],[24.989078,42.272769],[24.984802,42.27522],[24.983681,42.275887],[24.980898,42.277463],[24.980375,42.277813],[24.980322,42.277879],[24.980343,42.276981],[24.97886,42.27673],[24.977428,42.276469],[24.977374,42.276456],[24.976718,42.276151],[24.975859,42.275976],[24.975824,42.276068],[24.975627,42.276174],[24.975653,42.276285],[24.975485,42.276442],[24.975659,42.276501],[24.976451,42.276663],[24.976444,42.276844],[24.976818,42.277284],[24.976252,42.27757],[24.976335,42.277662],[24.975634,42.278028],[24.975154,42.278401],[24.974975,42.278375],[24.974258,42.278383],[24.973966,42.278249],[24.973875,42.278308],[24.973991,42.278531],[24.973883,42.278595],[24.973789,42.278691],[24.972864,42.279925],[24.972743,42.280051],[24.97279,42.280102],[24.973706,42.280431]]],[[[24.986633,42.304729],[24.987111,42.305672],[24.987239,42.305687],[24.987523,42.305521],[24.987775,42.305345],[24.98837,42.304691],[24.988456,42.304642],[24.988669,42.304572],[24.989315,42.304657],[24.98938,42.30468],[24.990416,42.305563],[24.99048,42.305561],[24.990998,42.305219],[24.988161,42.303444],[24.987965,42.303617],[24.987722,42.303538],[24.987524,42.304047],[24.987458,42.304015],[24.987412,42.304224],[24.986901,42.304686],[24.986633,42.304729]]],[[[24.998566,42.323574],[24.996959,42.324086],[24.996985,42.324117],[24.998594,42.323616],[24.998566,42.323574]]],[[[25.018987,42.304032],[25.018574,42.304523],[25.018599,42.304528],[25.022173,42.300579],[25.022482,42.30021],[25.022457,42.30018],[25.021344,42.301435],[25.018987,42.304032]]]]},"properties":{"cadreg":700}},{"type":"Feature","geometry":{"type":"Polygon","coordinates":[[[24.949599,42.288698],[24.949627,42.288757],[24.950141,42.289274],[24.948929,42.290126],[24.949199,42.290341],[24.949402,42.290594],[24.951606,42.292614],[24.953134,42.291795],[24.954018,42.291454],[24.954221,42.29132],[24.953636,42.290737],[24.953344,42.290514],[24.951968,42.289184],[24.950561,42.287858],[24.949599,42.288698]]]},"properties":{"cadreg":800}},{"type":"Feature","geometry":{"type":"Polygon","coordinates":[[[24.931298,42.309169],[24.925939,42.310904],[24.925847,42.310919],[24.926739,42.312367],[24.927039,42.312892],[24.927202,42.31313],[24.927273,42.313275],[24.928324,42.315001],[24.92874,42.315728],[24.928771,42.31585],[24.928764,42.315929],[24.933359,42.314482],[24.934497,42.314081],[24.934472,42.314024],[24.934338,42.314071],[24.933869,42.313209],[24.932861,42.311461],[24.931539,42.309102],[24.93145,42.309139],[24.931298,42.309169]]]},"properties":{"cadreg":9}},{"type":"Feature","geometry":{"type":"Polygon","coordinates":[[[24.931539,42.309102],[24.929463,42.305544],[24.923847,42.307211],[24.924345,42.308159],[24.924383,42.308267],[24.925909,42.310904],[24.931298,42.309169],[24.93145,42.309139],[24.931539,42.309102]]]},"properties":{"cadreg":97}},{"type":"Feature","geometry":{"type":"Polygon","coordinates":[[[24.933801,42.308382],[24.931539,42.309102],[24.932861,42.311461],[24.933869,42.313209],[24.934338,42.314071],[24.935163,42.313793],[24.936654,42.313322],[24.933801,42.308382]]]},"properties":{"cadreg":98}},{"type":"Feature","geometry":{"type":"Polygon","coordinates":[[[24.907187,42.267887],[24.905404,42.267818],[24.90544,42.268586],[24.905811,42.26869],[24.905684,42.269118],[24.907035,42.269433],[24.907676,42.269521],[24.908028,42.269609],[24.908039,42.269468],[24.9082,42.269096],[24.90871,42.268407],[24.907187,42.267887]]]},"properties":{"cadreg":432}},{"type":"Feature","geometry":{"type":"Polygon","coordinates":[[[24.971034,42.311978],[24.970468,42.31064],[24.970017,42.309911],[24.969711,42.309879],[24.969559,42.309834],[24.969496,42.309796],[24.969441,42.309948],[24.970472,42.311685],[24.970585,42.311824],[24.970669,42.31187],[24.97086,42.311954],[24.971034,42.311978]]]},"properties":{"cadreg":99}},{"type":"Feature","geometry":{"type":"Polygon","coordinates":[[[24.905384,42.269081],[24.905298,42.269759],[24.905289,42.270109],[24.906026,42.270293],[24.906185,42.269921],[24.907183,42.270156],[24.907303,42.269997],[24.907397,42.270022],[24.907562,42.269807],[24.908097,42.27],[24.908022,42.269694],[24.907976,42.269634],[24.907664,42.269556],[24.907024,42.269468],[24.906215,42.269289],[24.905384,42.269081]]]},"properties":{"cadreg":433}},{"type":"Feature","geometry":{"type":"MultiPolygon","coordinates":[[[[24.906255,42.265392],[24.905985,42.265471],[24.905689,42.265535],[24.905364,42.265583],[24.904955,42.265608],[24.904781,42.265588],[24.902279,42.2659],[24.900505,42.266089],[24.898492,42.266421],[24.898332,42.266655],[24.89834,42.266728],[24.898465,42.26693],[24.898485,42.267067],[24.898429,42.267098],[24.898412,42.266942],[24.898274,42.266698],[24.898301,42.266596],[24.89842,42.266433],[24.898204,42.266468],[24.897674,42.266454],[24.897602,42.266419],[24.897568,42.266508],[24.897987,42.266813],[24.898434,42.267266],[24.895828,42.268803],[24.895533,42.269149],[24.895443,42.269457],[24.898599,42.275084],[24.898864,42.27498],[24.898916,42.274911],[24.89874,42.274887],[24.896699,42.27136],[24.895772,42.269798],[24.896194,42.269296],[24.898178,42.269495],[24.900193,42.269105],[24.90028,42.269033],[24.900587,42.269166],[24.90248,42.269622],[24.904051,42.269981],[24.903373,42.271866],[24.90468,42.272016],[24.905104,42.270608],[24.905168,42.270231],[24.905964,42.270412],[24.906026,42.270293],[24.905289,42.270109],[24.901102,42.269172],[24.900536,42.268877],[24.901802,42.267284],[24.901796,42.267248],[24.902428,42.267184],[24.904973,42.267742],[24.905008,42.267782],[24.905063,42.268941],[24.905136,42.268984],[24.905684,42.269118],[24.905811,42.26869],[24.90544,42.268586],[24.905404,42.267818],[24.907187,42.267887],[24.90871,42.268407],[24.90874,42.268352],[24.908808,42.268353],[24.90956,42.26748],[24.909796,42.267419],[24.91039,42.267166],[24.910751,42.267195],[24.911215,42.267472],[24.911384,42.267627],[24.911352,42.26868],[24.912626,42.268946],[24.914697,42.269565],[24.915975,42.269621],[24.91659,42.269683],[24.916914,42.269618],[24.912088,42.268732],[24.91163,42.268281],[24.911903,42.267045],[24.912735,42.266915],[24.914716,42.265192],[24.918772,42.264257],[24.918871,42.264222],[24.918876,42.263822],[24.919056,42.263469],[24.919354,42.26324],[24.91999,42.262988],[24.919981,42.262885],[24.919201,42.263223],[24.918839,42.263577],[24.914491,42.26469],[24.914665,42.265144],[24.91264,42.266823],[24.912538,42.266837],[24.912532,42.266762],[24.911896,42.266863],[24.911559,42.266904],[24.911557,42.266895],[24.91146,42.266911],[24.911465,42.266924],[24.911428,42.26693],[24.911423,42.266913],[24.911407,42.266916],[24.911278,42.266843],[24.911185,42.266831],[24.910906,42.266954],[24.909827,42.267255],[24.909389,42.267445],[24.90921,42.267652],[24.909176,42.267802],[24.908655,42.266287],[24.908541,42.266108],[24.907954,42.265399],[24.910575,42.263517],[24.91237,42.264901],[24.912364,42.264797],[24.912565,42.264819],[24.912756,42.263833],[24.912734,42.261805],[24.913856,42.260641],[24.916088,42.260697],[24.916072,42.261328],[24.916922,42.261092],[24.918159,42.260521],[24.918184,42.260551],[24.918464,42.259812],[24.918764,42.258191],[24.919688,42.258036],[24.919615,42.256827],[24.923563,42.256954],[24.923728,42.256985],[24.925116,42.257028],[24.925255,42.256999],[24.925259,42.256918],[24.924462,42.256927],[24.92361,42.256849],[24.92349,42.256827],[24.919608,42.256711],[24.919557,42.255968],[24.917903,42.255758],[24.915689,42.255638],[24.914619,42.255517],[24.913589,42.255531],[24.913393,42.255568],[24.913393,42.255596],[24.912994,42.255671],[24.91339,42.257484],[24.913117,42.258013],[24.913443,42.25806],[24.913406,42.259133],[24.913161,42.260209],[24.91266,42.260946],[24.910022,42.263235],[24.909748,42.263074],[24.908631,42.263648],[24.907974,42.263533],[24.907475,42.263895],[24.906083,42.263653],[24.905118,42.264353],[24.90517,42.265266],[24.904834,42.265555],[24.90509,42.265563],[24.905519,42.265523],[24.905968,42.265432],[24.906251,42.265351],[24.906255,42.265392]]],[[[24.901225,42.278615],[24.90094,42.278244],[24.900725,42.278332],[24.898998,42.27534],[24.899018,42.274907],[24.89889,42.275015],[24.89862,42.275122],[24.901187,42.279697],[24.901439,42.279594],[24.901141,42.279058],[24.901225,42.278615]]],[[[24.914403,42.273276],[24.914116,42.273415],[24.913802,42.27354],[24.913483,42.273537],[24.913176,42.274053],[24.913606,42.274626],[24.913689,42.274623],[24.913717,42.274514],[24.913491,42.274211],[24.913492,42.273743],[24.91473,42.273524],[24.915269,42.272981],[24.915338,42.27293],[24.914999,42.27281],[24.914731,42.272851],[24.914884,42.272907],[24.914403,42.273276]]],[[[24.914195,42.268531],[24.91484,42.268603],[24.914988,42.267743],[24.914491,42.267661],[24.914195,42.268531]]]]},"properties":{"cadreg":400}},{"type":"Feature","geometry":{"type":"Polygon","coordinates":[[[24.905687,42.274808],[24.905315,42.274133],[24.899851,42.27367],[24.899018,42.274907],[24.898998,42.27534],[24.900725,42.278332],[24.90094,42.278244],[24.901225,42.278615],[24.901141,42.279058],[24.901439,42.279594],[24.913689,42.274623],[24.913606,42.274626],[24.913176,42.274053],[24.911235,42.2736],[24.907323,42.274316],[24.905687,42.274808]]]},"properties":{"cadreg":401}},{"type":"Feature","geometry":{"type":"Polygon","coordinates":[[[24.9109,42.272306],[24.910468,42.272435],[24.910197,42.272561],[24.909938,42.272732],[24.909467,42.27316],[24.909222,42.273306],[24.907357,42.273778],[24.906574,42.27341],[24.906636,42.273763],[24.906656,42.273791],[24.905344,42.274172],[24.905687,42.274808],[24.907323,42.274316],[24.911235,42.2736],[24.913176,42.274053],[24.913483,42.273537],[24.913802,42.27354],[24.914116,42.273415],[24.914403,42.273276],[24.914884,42.272907],[24.914633,42.272819],[24.914412,42.273144],[24.911703,42.27215],[24.911581,42.272329],[24.911538,42.272343],[24.9109,42.272306]]]},"properties":{"cadreg":409}},{"type":"Feature","geometry":{"type":"Polygon","coordinates":[[[24.907954,42.265399],[24.908541,42.266108],[24.908655,42.266287],[24.909176,42.267802],[24.90921,42.267652],[24.909389,42.267445],[24.909827,42.267255],[24.910906,42.266954],[24.911185,42.266831],[24.911278,42.266843],[24.911407,42.266916],[24.911423,42.266913],[24.911428,42.26693],[24.911465,42.266924],[24.91146,42.266911],[24.911557,42.266895],[24.911559,42.266904],[24.911896,42.266863],[24.912532,42.266762],[24.912486,42.265968],[24.912537,42.265967],[24.912489,42.265207],[24.912565,42.264819],[24.912364,42.264797],[24.91237,42.264901],[24.910575,42.263517],[24.907954,42.265399]]]},"properties":{"cadreg":436}},{"type":"Feature","geometry":{"type":"Polygon","coordinates":[[[24.90028,42.269033],[24.900193,42.269105],[24.898178,42.269495],[24.896194,42.269296],[24.895772,42.269798],[24.896699,42.27136],[24.89874,42.274887],[24.898916,42.274911],[24.898864,42.27498],[24.898599,42.275084],[24.89862,42.275122],[24.89889,42.275015],[24.899018,42.274907],[24.90253,42.269687],[24.902546,42.269637],[24.900587,42.269166],[24.90028,42.269033]]]},"properties":{"cadreg":403}},{"type":"Feature","geometry":{"type":"Polygon","coordinates":[[[24.900421,42.253765],[24.896032,42.253678],[24.895417,42.264707],[24.897728,42.265465],[24.898168,42.264492],[24.898387,42.264393],[24.901263,42.264109],[24.902264,42.264071],[24.904507,42.264148],[24.904686,42.260037],[24.904796,42.256071],[24.905063,42.25396],[24.900421,42.253765]]]},"properties":{"cadreg":441}},{"type":"Feature","geometry":{"type":"Polygon","coordinates":[[[24.91264,42.266823],[24.914665,42.265144],[24.914491,42.26469],[24.918839,42.263577],[24.919201,42.263223],[24.919981,42.262885],[24.919688,42.258036],[24.918764,42.258191],[24.918464,42.259812],[24.918184,42.260551],[24.918159,42.260521],[24.916922,42.261092],[24.916072,42.261328],[24.916088,42.260697],[24.913856,42.260641],[24.912734,42.261805],[24.912756,42.263833],[24.912489,42.265207],[24.912537,42.265967],[24.912486,42.265968],[24.912538,42.266837],[24.91264,42.266823]]]},"properties":{"cadreg":455}},{"type":"Feature","geometry":{"type":"Polygon","coordinates":[[[24.905964,42.270412],[24.905168,42.270231],[24.905104,42.270608],[24.904486,42.272676],[24.904244,42.274043],[24.905315,42.274133],[24.905344,42.274172],[24.906656,42.273791],[24.906636,42.273763],[24.906574,42.27341],[24.906494,42.273372],[24.906492,42.272726],[24.906593,42.272104],[24.907121,42.272032],[24.907229,42.271749],[24.907352,42.271343],[24.906558,42.271182],[24.906574,42.270954],[24.905999,42.270834],[24.905807,42.27081],[24.905964,42.270412]]]},"properties":{"cadreg":406}},{"type":"Feature","geometry":{"type":"Polygon","coordinates":[[[24.90253,42.269687],[24.899851,42.27367],[24.904244,42.274043],[24.904486,42.272676],[24.90468,42.272016],[24.903373,42.271866],[24.904051,42.269981],[24.902546,42.269637],[24.90253,42.269687]]]},"properties":{"cadreg":448}},{"type":"Feature","geometry":{"type":"Polygon","coordinates":[[[24.911903,42.267045],[24.91163,42.268281],[24.912088,42.268732],[24.914646,42.269201],[24.91484,42.268603],[24.914195,42.268531],[24.914491,42.267661],[24.914988,42.267743],[24.91578,42.264952],[24.914716,42.265192],[24.912735,42.266915],[24.911903,42.267045]]]},"properties":{"cadreg":461}},{"type":"Feature","geometry":{"type":"MultiPolygon","coordinates":[[[[24.918772,42.264257],[24.91578,42.264952],[24.914988,42.267743],[24.91484,42.268603],[24.914646,42.269201],[24.916914,42.269618],[24.91659,42.269683],[24.917836,42.271052],[24.917818,42.271602],[24.91799,42.271601],[24.918053,42.271549],[24.918079,42.271459],[24.918258,42.271459],[24.918273,42.271444],[24.918908,42.269003],[24.919159,42.268317],[24.919215,42.267896],[24.919171,42.267535],[24.919192,42.266871],[24.919032,42.265979],[24.919021,42.265536],[24.919074,42.265334],[24.919071,42.265159],[24.919014,42.264866],[24.918987,42.26438],[24.919,42.264189],[24.918772,42.264257]]],[[[24.983491,42.295257],[24.983086,42.2957],[24.982277,42.296407],[24.98166,42.297138],[24.979908,42.299144],[24.979196,42.299877],[24.978919,42.300237],[24.977755,42.301524],[24.977862,42.301592],[24.982363,42.296453],[24.983105,42.295788],[24.983548,42.295316],[24.984221,42.294881],[24.984084,42.294891],[24.983491,42.295257]]]]},"properties":{"cadreg":72}},{"type":"Feature","geometry":{"type":"Polygon","coordinates":[[[24.982032,42.285127],[24.978943,42.285284],[24.978639,42.285396],[24.978728,42.287493],[24.978832,42.287757],[24.978915,42.287889],[24.979581,42.288333],[24.980735,42.28894],[24.980912,42.289013],[24.981278,42.289263],[24.981769,42.289665],[24.982602,42.289622],[24.983602,42.289536],[24.985027,42.289442],[24.985041,42.289602],[24.985114,42.2896],[24.985246,42.291027],[24.984978,42.293934],[24.99028,42.293603],[24.991878,42.293566],[24.997809,42.293298],[25.00003,42.293268],[25.000263,42.293233],[24.999812,42.29053],[24.999463,42.290274],[24.998557,42.290109],[24.99839,42.289104],[24.99788,42.288801],[24.997786,42.287632],[24.997684,42.286775],[24.996915,42.2864],[24.996629,42.286187],[24.996427,42.285824],[24.996452,42.284643],[24.995699,42.284614],[24.994691,42.284679],[24.993052,42.284724],[24.992752,42.285399],[24.992814,42.28585],[24.992805,42.286312],[24.992948,42.286918],[24.993094,42.288527],[24.993166,42.289042],[24.99227,42.289087],[24.992212,42.289088],[24.992194,42.289041],[24.992162,42.288077],[24.991983,42.285014],[24.991921,42.284829],[24.991775,42.284745],[24.990162,42.284817],[24.989811,42.284799],[24.987761,42.284908],[24.987235,42.285144],[24.986901,42.285212],[24.986681,42.285219],[24.986285,42.285171],[24.985827,42.285048],[24.985661,42.284988],[24.985179,42.285177],[24.984945,42.285361],[24.984804,42.285377],[24.984641,42.285349],[24.983981,42.285058],[24.982032,42.285127]]]},"properties":{"cadreg":715}},{"type":"Feature","geometry":{"type":"Polygon","coordinates":[[[24.974065,42.244524],[24.966995,42.242949],[24.966999,42.242932],[24.967017,42.242936],[24.967049,42.242825],[24.966911,42.242793],[24.967201,42.241551],[24.967127,42.24154],[24.96637,42.244453],[24.966427,42.244474],[24.965166,42.249423],[24.964784,42.250742],[24.963742,42.255084],[24.963487,42.255919],[24.962706,42.256394],[24.959825,42.258241],[24.959786,42.258237],[24.959562,42.25834],[24.9574,42.259822],[24.952999,42.263078],[24.952708,42.263498],[24.952806,42.26351],[24.950084,42.265571],[24.949171,42.266513],[24.948832,42.266761],[24.948396,42.266991],[24.948036,42.267135],[24.947668,42.267228],[24.947736,42.267297],[24.948312,42.267109],[24.948606,42.266984],[24.94913,42.266612],[24.949988,42.265706],[24.954272,42.262472],[24.95612,42.261052],[24.956173,42.261084],[24.956204,42.260995],[24.970437,42.261348],[24.975914,42.259523],[24.976178,42.259393],[24.975683,42.257041],[24.975167,42.254752],[24.974693,42.252246],[24.974128,42.249966],[24.973572,42.247588],[24.973623,42.247584],[24.973822,42.24633],[24.973755,42.246329],[24.973761,42.246287],[24.97381,42.24629],[24.974065,42.244524]]]},"properties":{"cadreg":78}},{"type":"Feature","geometry":{"type":"Polygon","coordinates":[[[24.922463,42.278021],[24.922295,42.280891],[24.922207,42.281705],[24.922238,42.282036],[24.922212,42.282167],[24.922153,42.282315],[24.92212,42.282501],[24.92203,42.282743],[24.921886,42.283411],[24.92184,42.283552],[24.928132,42.282003],[24.925886,42.276991],[24.925859,42.27698],[24.922463,42.278021]]]},"properties":{"cadreg":361}},{"type":"Feature","geometry":{"type":"Polygon","coordinates":[[[24.930573,42.274433],[24.93066,42.278565],[24.933864,42.279751],[24.934008,42.279668],[24.934067,42.279599],[24.934086,42.279494],[24.934073,42.27905],[24.934087,42.278859],[24.934119,42.278796],[24.934275,42.278684],[24.934414,42.27865],[24.934821,42.278625],[24.934936,42.27858],[24.934987,42.277922],[24.934959,42.277213],[24.934935,42.277062],[24.934949,42.276854],[24.934846,42.276677],[24.935003,42.275617],[24.934942,42.275609],[24.934958,42.275514],[24.93335,42.275454],[24.933441,42.274431],[24.930657,42.274369],[24.930573,42.274433]]]},"properties":{"cadreg":36}},{"type":"Feature","geometry":{"type":"Polygon","coordinates":[[[24.941617,42.311875],[24.938003,42.312955],[24.934497,42.314081],[24.934821,42.314608],[24.937677,42.31956],[24.93757,42.319593],[24.938423,42.321065],[24.939813,42.323379],[24.940579,42.324837],[24.940439,42.325161],[24.939415,42.325465],[24.938327,42.325729],[24.938389,42.32585],[24.9399,42.325457],[24.946433,42.323367],[24.946399,42.32331],[24.946376,42.323316],[24.946298,42.323184],[24.945284,42.319677],[24.942933,42.31132],[24.942898,42.311348],[24.941617,42.311875]]]},"properties":{"cadreg":4}},{"type":"Feature","geometry":{"type":"Polygon","coordinates":[[[24.974737,42.281727],[24.974747,42.28181],[24.974017,42.28277],[24.974143,42.282821],[24.974034,42.282964],[24.974292,42.283061],[24.974575,42.282593],[24.974878,42.282157],[24.975013,42.281921],[24.975,42.281893],[24.975195,42.281863],[24.975485,42.281481],[24.975227,42.281361],[24.975046,42.281324],[24.974737,42.281727]]]},"properties":{"cadreg":739}},{"type":"Feature","geometry":{"type":"Polygon","coordinates":[[[24.963213,42.302491],[24.958947,42.304214],[24.959207,42.304594],[24.959182,42.304606],[24.960502,42.309283],[24.960546,42.309663],[24.962787,42.313055],[24.963436,42.314189],[24.964692,42.316079],[24.965473,42.317217],[24.966161,42.318275],[24.966862,42.319272],[24.967222,42.319818],[24.967337,42.319869],[24.968344,42.321335],[24.970518,42.322862],[24.970847,42.322998],[24.971254,42.323065],[24.971838,42.323072],[24.972022,42.323052],[24.972611,42.323291],[24.973344,42.323006],[24.973495,42.322886],[24.978629,42.32122],[24.978175,42.320499],[24.977059,42.318912],[24.974983,42.316209],[24.974655,42.315816],[24.974149,42.31508],[24.973751,42.314014],[24.972672,42.312802],[24.972331,42.312538],[24.97212,42.312396],[24.971768,42.312289],[24.970845,42.31211],[24.970525,42.311989],[24.970348,42.311817],[24.969616,42.310687],[24.968669,42.309026],[24.967754,42.307498],[24.967374,42.307055],[24.966206,42.305904],[24.965546,42.305157],[24.964457,42.303837],[24.963213,42.302491]]]},"properties":{"cadreg":704}},{"type":"Feature","geometry":{"type":"Polygon","coordinates":[[[24.97101,42.312013],[24.971835,42.312134],[24.972171,42.312244],[24.972552,42.312453],[24.972838,42.312705],[24.973977,42.313926],[24.974328,42.315039],[24.97739,42.319059],[24.978394,42.320493],[24.978838,42.321173],[24.978896,42.321219],[24.979455,42.322136],[24.979809,42.32264],[24.981171,42.324189],[24.981464,42.324762],[24.982022,42.325762],[24.982037,42.325933],[24.983068,42.327268],[24.983049,42.327311],[24.985905,42.326564],[24.986329,42.326386],[24.987124,42.326144],[24.987417,42.326395],[24.987512,42.32643],[24.987522,42.326419],[24.987426,42.326385],[24.987062,42.326084],[24.987385,42.326032],[24.986881,42.325851],[24.98709,42.325467],[24.987027,42.325039],[24.987528,42.324073],[24.987699,42.3237],[24.987556,42.323294],[24.987522,42.323012],[24.987553,42.322708],[24.987612,42.322514],[24.987527,42.321819],[24.987472,42.321667],[24.987528,42.321079],[24.986866,42.320872],[24.986729,42.321009],[24.986654,42.32098],[24.98669,42.320795],[24.986555,42.320673],[24.986601,42.320448],[24.986394,42.320208],[24.986269,42.320161],[24.986266,42.320075],[24.985949,42.319981],[24.985902,42.31976],[24.986132,42.319477],[24.986114,42.319159],[24.985988,42.318893],[24.98588,42.318773],[24.985469,42.318557],[24.985273,42.31852],[24.985119,42.318444],[24.984907,42.318184],[24.984768,42.31844],[24.984638,42.318523],[24.984431,42.318455],[24.984336,42.318283],[24.983804,42.318417],[24.983084,42.318348],[24.982895,42.318166],[24.982882,42.318087],[24.982379,42.318062],[24.982277,42.318188],[24.982035,42.31805],[24.981934,42.317915],[24.981459,42.317681],[24.981085,42.317792],[24.981055,42.317854],[24.981403,42.318102],[24.981585,42.318645],[24.98187,42.31901],[24.981686,42.319205],[24.981625,42.319395],[24.981503,42.31897],[24.980967,42.317981],[24.980751,42.317687],[24.980555,42.317539],[24.980254,42.317457],[24.97985,42.317544],[24.97963,42.317529],[24.979106,42.317115],[24.979053,42.317032],[24.978956,42.316466],[24.978904,42.31634],[24.978827,42.31626],[24.978431,42.315669],[24.978411,42.315584],[24.978365,42.315513],[24.977071,42.314401],[24.976875,42.314196],[24.976598,42.313759],[24.976549,42.31364],[24.97616,42.313035],[24.97564,42.311958],[24.97534,42.311844],[24.975243,42.311846],[24.975051,42.311656],[24.975052,42.311604],[24.974696,42.311085],[24.974556,42.310987],[24.974302,42.311007],[24.974022,42.310582],[24.973654,42.310138],[24.97267,42.310267],[24.972107,42.310294],[24.97197,42.310249],[24.971603,42.31002],[24.970905,42.310176],[24.970888,42.310353],[24.970938,42.310529],[24.970555,42.310685],[24.970468,42.31064],[24.971034,42.311978],[24.97101,42.312013]]]},"properties":{"cadreg":5}},{"type":"Feature","geometry":{"type":"Polygon","coordinates":[[[24.963213,42.302491],[24.962317,42.301507],[24.958312,42.303106],[24.958982,42.304111],[24.958899,42.304145],[24.958947,42.304214],[24.963213,42.302491]]]},"properties":{"cadreg":709}},{"type":"Feature","geometry":{"type":"Polygon","coordinates":[[[25.00967,42.314678],[25.006714,42.318006],[25.004544,42.317305],[25.004286,42.317242],[25.003295,42.316927],[25.002897,42.316783],[25.002557,42.317187],[25.003111,42.317605],[25.003395,42.317716],[25.004685,42.318063],[25.005416,42.318318],[25.006227,42.318941],[25.006423,42.31913],[25.007128,42.319545],[25.007493,42.319994],[25.008195,42.320652],[25.011712,42.319589],[25.011759,42.319604],[25.011913,42.319558],[25.012921,42.319879],[25.013653,42.319018],[25.015414,42.316852],[25.016416,42.315716],[25.010431,42.313787],[25.00967,42.314678]]]},"properties":{"cadreg":710}},{"type":"Feature","geometry":{"type":"Polygon","coordinates":[[[25.001375,42.265934],[24.996419,42.268805],[24.996275,42.268933],[24.993493,42.270549],[24.991264,42.271808],[24.991677,42.275896],[24.991661,42.275989],[24.997865,42.275418],[25.001844,42.279086],[25.000836,42.279635],[25.000608,42.280073],[25.000483,42.279957],[25.000368,42.280023],[25.000547,42.28019],[25.000069,42.281111],[25.000108,42.281183],[25.002957,42.283927],[25.003038,42.283944],[25.004624,42.283876],[25.006843,42.283749],[25.010356,42.283582],[25.012378,42.283509],[25.016345,42.283305],[25.016605,42.283458],[25.018154,42.283204],[25.01914,42.282914],[25.019994,42.282606],[25.017557,42.280352],[25.015831,42.278856],[25.010574,42.274091],[25.010461,42.27397],[25.008224,42.271998],[25.006663,42.27059],[25.003778,42.267974],[25.002513,42.266788],[25.001375,42.265934]]]},"properties":{"cadreg":723}},{"type":"Feature","geometry":{"type":"Polygon","coordinates":[[[24.976945,42.273116],[24.976508,42.273441],[24.976396,42.273723],[24.976359,42.274085],[24.975855,42.274704],[24.975639,42.275072],[24.975564,42.275717],[24.975704,42.275742],[24.975742,42.275936],[24.975587,42.27608],[24.975474,42.275999],[24.975296,42.276007],[24.975214,42.27604],[24.975198,42.276099],[24.975235,42.276137],[24.975583,42.276197],[24.975824,42.276068],[24.975859,42.275976],[24.976718,42.276151],[24.977374,42.276456],[24.977428,42.276469],[24.97886,42.27673],[24.980343,42.276981],[24.981145,42.268806],[24.980596,42.268996],[24.980287,42.269215],[24.97951,42.269928],[24.979245,42.269976],[24.978662,42.270683],[24.978843,42.270963],[24.978333,42.271609],[24.977885,42.271619],[24.977362,42.271944],[24.97702,42.272331],[24.977002,42.273054],[24.976945,42.273116]]]},"properties":{"cadreg":725}},{"type":"Feature","geometry":{"type":"Polygon","coordinates":[[[25.040386,42.268084],[25.039747,42.268193],[25.039708,42.268454],[25.039527,42.268653],[25.037984,42.269876],[25.040284,42.273967],[25.040283,42.274046],[25.039656,42.274922],[25.040298,42.277446],[25.043293,42.277054],[25.04582,42.276765],[25.054375,42.275623],[25.054546,42.275375],[25.054686,42.274807],[25.054764,42.274358],[25.054353,42.273845],[25.053856,42.273337],[25.053643,42.273007],[25.053545,42.272765],[25.053315,42.272582],[25.053241,42.272406],[25.053289,42.272207],[25.0536,42.271826],[25.053743,42.271383],[25.053738,42.271172],[25.05352,42.27078],[25.05357,42.270737],[25.04607,42.271686],[25.045125,42.26752],[25.040386,42.268084]]]},"properties":{"cadreg":752}},{"type":"Feature","geometry":{"type":"Polygon","coordinates":[[[24.971972,42.304594],[24.970208,42.304628],[24.969479,42.304329],[24.968681,42.304408],[24.967793,42.304579],[24.967213,42.304682],[24.967137,42.304683],[24.96702,42.305067],[24.967477,42.306014],[24.96809,42.306281],[24.96844,42.30663],[24.968847,42.30667],[24.969119,42.307578],[24.96955,42.308834],[24.970123,42.308977],[24.970988,42.309342],[24.970777,42.309383],[24.970913,42.309421],[24.971758,42.309318],[24.97186,42.309494],[24.972158,42.309676],[24.972728,42.309789],[24.973036,42.30979],[24.974081,42.309581],[24.974228,42.309575],[24.97526,42.31102],[24.975784,42.311522],[24.976097,42.311679],[24.977579,42.313971],[24.977898,42.314212],[24.978332,42.314485],[24.978815,42.314845],[24.978983,42.315023],[24.979433,42.31558],[24.979496,42.315725],[24.980152,42.316959],[24.980266,42.317006],[24.981078,42.317113],[24.98142,42.317251],[24.981918,42.317686],[24.982359,42.317886],[24.982911,42.31791],[24.983107,42.318258],[24.98377,42.318294],[24.983906,42.318283],[24.984463,42.318165],[24.984487,42.318321],[24.984539,42.318431],[24.984687,42.318392],[24.984689,42.318226],[24.984803,42.318082],[24.984916,42.318064],[24.985212,42.318348],[24.98539,42.318449],[24.985928,42.318593],[24.986101,42.318692],[24.986376,42.319211],[24.986415,42.319475],[24.986599,42.319757],[24.986956,42.319768],[24.987408,42.319628],[24.987478,42.319753],[24.987594,42.319717],[24.987808,42.320256],[24.987979,42.320388],[24.988113,42.320448],[24.988267,42.320534],[24.988297,42.320566],[24.98841,42.320709],[24.988387,42.320752],[24.989776,42.32249],[24.987834,42.323345],[24.987862,42.323689],[24.987583,42.324452],[24.988291,42.325406],[24.98898,42.326259],[24.989999,42.325806],[24.990223,42.325495],[24.99192,42.324818],[24.992053,42.324915],[24.992189,42.324987],[24.992565,42.32534],[24.992671,42.325462],[24.988291,42.326679],[24.987617,42.326429],[24.987601,42.326463],[24.988281,42.326713],[24.992772,42.325466],[24.992244,42.324943],[24.992104,42.324869],[24.991891,42.324694],[24.991945,42.324066],[24.991986,42.323929],[24.992331,42.323545],[24.991613,42.322659],[24.990953,42.321967],[24.990409,42.321186],[24.989019,42.319577],[24.988301,42.319032],[24.988092,42.319129],[24.987976,42.319405],[24.988286,42.32012],[24.988339,42.320508],[24.988279,42.320448],[24.988138,42.32038],[24.987997,42.320334],[24.987867,42.32023],[24.987607,42.319562],[24.986693,42.317946],[24.984979,42.315322],[24.984636,42.315227],[24.984462,42.315218],[24.983624,42.315254],[24.983655,42.315219],[24.983587,42.315143],[24.982336,42.312834],[24.982079,42.312553],[24.981721,42.312237],[24.98154,42.312119],[24.981206,42.311945],[24.980822,42.311547],[24.979935,42.310555],[24.9797,42.310224],[24.979352,42.3096],[24.97888,42.308681],[24.978679,42.308175],[24.978664,42.308001],[24.978789,42.307787],[24.979179,42.307587],[24.979457,42.30716],[24.979545,42.306892],[24.979574,42.306696],[24.979522,42.306464],[24.979475,42.306413],[24.978587,42.305958],[24.978325,42.305708],[24.977978,42.305178],[24.977613,42.304839],[24.977577,42.304763],[24.97759,42.304728],[24.977111,42.304594],[24.974533,42.304618],[24.97282,42.304617],[24.972816,42.30494],[24.971969,42.304944],[24.971972,42.304594]]]},"properties":{"cadreg":747}},{"type":"Feature","geometry":{"type":"Polygon","coordinates":[[[24.97816,42.279806],[24.976862,42.28057],[24.976404,42.280808],[24.976523,42.280911],[24.976106,42.281152],[24.97596,42.281031],[24.975437,42.280513],[24.975357,42.280549],[24.97502,42.280805],[24.974749,42.281155],[24.975068,42.281295],[24.975046,42.281324],[24.975227,42.281361],[24.975485,42.281481],[24.975195,42.281863],[24.975,42.281893],[24.975013,42.281921],[24.974878,42.282157],[24.974575,42.282593],[24.974292,42.283061],[24.974929,42.28329],[24.974682,42.283644],[24.974828,42.283684],[24.974939,42.283747],[24.974971,42.283743],[24.975542,42.284087],[24.975301,42.284366],[24.975298,42.284394],[24.974953,42.284686],[24.974711,42.284859],[24.974713,42.284994],[24.97535,42.285345],[24.975045,42.285677],[24.975406,42.285825],[24.975916,42.285695],[24.976638,42.285535],[24.977205,42.285467],[24.977648,42.285226],[24.977712,42.285308],[24.978365,42.285179],[24.978349,42.285107],[24.978754,42.285109],[24.98139,42.284931],[24.986228,42.284662],[24.986448,42.284683],[24.986584,42.284731],[24.986748,42.284842],[24.98742,42.284702],[24.988402,42.284524],[24.989431,42.284429],[24.990019,42.284403],[24.990336,42.284426],[24.991787,42.284461],[24.992774,42.284385],[24.994712,42.284003],[24.996482,42.283907],[24.997463,42.284204],[24.999448,42.284118],[24.999453,42.284061],[25.000193,42.284032],[25.000191,42.283964],[24.999277,42.283976],[24.998341,42.277274],[24.998305,42.27728],[24.998285,42.277155],[24.998141,42.277167],[24.998162,42.277303],[24.995913,42.277669],[24.99543,42.277385],[24.995219,42.277298],[24.993939,42.277317],[24.991989,42.275958],[24.991661,42.275989],[24.991677,42.275896],[24.991264,42.271808],[24.990968,42.271995],[24.989052,42.273105],[24.98662,42.274485],[24.985104,42.275386],[24.982194,42.277038],[24.981954,42.277142],[24.980934,42.277753],[24.980289,42.278175],[24.979593,42.278548],[24.977723,42.279318],[24.977632,42.279309],[24.97816,42.279806]]]},"properties":{"cadreg":724}},{"type":"Feature","geometry":{"type":"Polygon","coordinates":[[[24.918608,42.274115],[24.925907,42.276846],[24.928997,42.277956],[24.929064,42.277226],[24.928993,42.275521],[24.928956,42.275521],[24.928954,42.275436],[24.92866,42.273751],[24.928653,42.271194],[24.929156,42.271183],[24.929155,42.271137],[24.927458,42.271184],[24.927178,42.271207],[24.927176,42.271225],[24.921992,42.271368],[24.921977,42.271383],[24.921934,42.271384],[24.918079,42.271459],[24.918053,42.271549],[24.917961,42.271624],[24.921825,42.271549],[24.921788,42.271636],[24.920856,42.272252],[24.918608,42.274115]]]},"properties":{"cadreg":35}},{"type":"Feature","geometry":{"type":"Polygon","coordinates":[[[24.913188,42.240607],[24.913634,42.249175],[24.917202,42.249179],[24.918318,42.249163],[24.919133,42.248325],[24.919222,42.248207],[24.920345,42.248197],[24.921145,42.248257],[24.921335,42.248252],[24.92183,42.248301],[24.922107,42.248304],[24.922889,42.248286],[24.923044,42.248265],[24.923213,42.248119],[24.923327,42.248117],[24.923423,42.247875],[24.923428,42.247659],[24.923457,42.247502],[24.923576,42.247222],[24.923667,42.247097],[24.923743,42.24703],[24.923938,42.246575],[24.924181,42.246201],[24.924267,42.246006],[24.924321,42.245766],[24.92431,42.245657],[24.924417,42.245531],[24.924517,42.245462],[24.924587,42.245298],[24.924695,42.245202],[24.924951,42.245138],[24.925009,42.245142],[24.925098,42.245113],[24.925213,42.245009],[24.925321,42.244938],[24.925175,42.244955],[24.925037,42.244948],[24.924941,42.244887],[24.924937,42.244759],[24.924985,42.244655],[24.925041,42.244611],[24.925171,42.244578],[24.925194,42.244537],[24.925194,42.244436],[24.925255,42.24435],[24.925249,42.244295],[24.925169,42.24426],[24.925078,42.244171],[24.925076,42.244097],[24.925271,42.24392],[24.925297,42.243826],[24.925281,42.243743],[24.925335,42.243654],[24.925294,42.24354],[24.925206,42.24346],[24.925217,42.24329],[24.925299,42.243211],[24.92535,42.243094],[24.925257,42.242946],[24.925155,42.24289],[24.925133,42.242814],[24.925181,42.242766],[24.92522,42.242618],[24.925214,42.242445],[24.925128,42.242114],[24.925104,42.241727],[24.925061,42.241659],[24.924988,42.241597],[24.924919,42.241423],[24.925536,42.241473],[24.926839,42.241548],[24.928231,42.241583],[24.928774,42.241617],[24.933459,42.241942],[24.935037,42.242088],[24.939879,42.242425],[24.948775,42.242927],[24.94876,42.242915],[24.948787,42.242899],[24.913188,42.240607]]]},"properties":{"cadreg":64}},{"type":"Feature","geometry":{"type":"Polygon","coordinates":[[[24.936977,42.279513],[24.93677,42.280819],[24.940965,42.282345],[24.940923,42.281616],[24.940974,42.278789],[24.936246,42.278813],[24.936057,42.27941],[24.935815,42.280458],[24.935889,42.280485],[24.936129,42.279421],[24.936977,42.279513]]]},"properties":{"cadreg":41}},{"type":"Feature","geometry":{"type":"Polygon","coordinates":[[[24.94508,42.25359],[24.944428,42.255344],[24.944255,42.255997],[24.9427,42.25571],[24.942146,42.256491],[24.942056,42.256466],[24.94203,42.256526],[24.942186,42.25657],[24.942744,42.255784],[24.944013,42.256018],[24.943975,42.256136],[24.94638,42.256525],[24.946455,42.256555],[24.946786,42.256607],[24.950915,42.257146],[24.958605,42.258253],[24.959562,42.25834],[24.959786,42.258237],[24.959825,42.258241],[24.962706,42.256394],[24.963487,42.255919],[24.963742,42.255084],[24.964784,42.250742],[24.965166,42.249423],[24.966427,42.244474],[24.96637,42.244453],[24.967127,42.24154],[24.96287,42.240967],[24.959248,42.243332],[24.952881,42.247446],[24.950214,42.249159],[24.947938,42.250583],[24.944723,42.252724],[24.943982,42.253341],[24.944056,42.253342],[24.94508,42.25359]]]},"properties":{"cadreg":76}},{"type":"Feature","geometry":{"type":"Polygon","coordinates":[[[24.968906,42.264033],[24.967803,42.262348],[24.951841,42.267831],[24.951897,42.267919],[24.951979,42.268],[24.952545,42.268355],[24.954547,42.269675],[24.954601,42.269732],[24.954986,42.271318],[24.954998,42.271563],[24.955065,42.271731],[24.955069,42.271828],[24.95497,42.272014],[24.955155,42.2724],[24.955664,42.273145],[24.957897,42.276579],[24.952616,42.278343],[24.952387,42.278147],[24.951815,42.27775],[24.951505,42.277483],[24.951301,42.277254],[24.951051,42.276873],[24.95098,42.276735],[24.950933,42.276689],[24.950914,42.276709],[24.950813,42.276668],[24.951224,42.277291],[24.951408,42.277501],[24.951728,42.277782],[24.952375,42.278238],[24.95258,42.278431],[24.946672,42.280478],[24.942447,42.281918],[24.94103,42.28237],[24.941245,42.282451],[24.952768,42.278482],[24.952872,42.278477],[24.960538,42.275954],[24.970679,42.272511],[24.971545,42.272179],[24.972937,42.271716],[24.974418,42.271188],[24.980022,42.269308],[24.980271,42.269109],[24.980056,42.269183],[24.980063,42.269106],[24.978263,42.26976],[24.976055,42.270476],[24.973676,42.271289],[24.973463,42.271089],[24.97213,42.268884],[24.97142,42.267754],[24.970944,42.266948],[24.970739,42.266658],[24.970645,42.2666],[24.970448,42.266524],[24.968906,42.264033]]]},"properties":{"cadreg":147}},{"type":"Feature","geometry":{"type":"Polygon","coordinates":[[[24.990494,42.293775],[24.989259,42.29394],[24.988628,42.294712],[24.9879,42.29556],[24.987746,42.295635],[24.986498,42.295318],[24.986336,42.295303],[24.986155,42.295417],[24.986197,42.295464],[24.985198,42.296231],[24.985181,42.296363],[24.985297,42.296852],[24.985388,42.296968],[24.985504,42.297074],[24.986379,42.297606],[24.986684,42.297856],[24.987397,42.298186],[24.98764,42.298274],[24.987812,42.29831],[24.988098,42.298493],[24.988504,42.298622],[24.988801,42.298652],[24.989251,42.298745],[24.98958,42.298882],[24.990027,42.299128],[24.99074,42.2997],[24.990975,42.300217],[24.991903,42.301822],[24.991975,42.301899],[24.992333,42.302035],[24.992806,42.302335],[24.993453,42.30257],[24.993635,42.302677],[24.993739,42.302834],[24.993739,42.302912],[24.993821,42.302995],[24.994384,42.30343],[24.994422,42.303521],[24.994563,42.303578],[24.99525,42.30379],[24.995695,42.303824],[24.996112,42.303728],[24.996479,42.303604],[24.996844,42.303623],[24.997793,42.304115],[24.997986,42.304236],[24.998248,42.304311],[24.998693,42.304532],[24.999176,42.305094],[25.000093,42.305527],[25.000468,42.305754],[25.000902,42.305851],[25.001246,42.305843],[25.002554,42.304832],[25.00475,42.303227],[25.005444,42.30266],[25.006671,42.301761],[25.006657,42.301724],[25.007505,42.300762],[25.006291,42.299253],[25.004868,42.296958],[25.005767,42.295923],[25.00579,42.295358],[25.00413,42.294195],[25.003333,42.293943],[25.002425,42.294057],[25.002026,42.294409],[25.001989,42.294672],[25.001896,42.294744],[25.001716,42.294654],[25.001308,42.294165],[25.000927,42.293905],[25.000704,42.293715],[25.000558,42.293557],[25.000496,42.293373],[25.000209,42.293424],[24.999898,42.293451],[24.997858,42.293543],[24.993281,42.293644],[24.990494,42.293775]]]},"properties":{"cadreg":749}},{"type":"Feature","geometry":{"type":"Polygon","coordinates":[[[24.972977,42.323599],[24.972031,42.323149],[24.97132,42.323167],[24.97079,42.323085],[24.970575,42.323005],[24.970662,42.323059],[24.969986,42.322742],[24.969621,42.32262],[24.968925,42.322657],[24.960432,42.325364],[24.959566,42.325612],[24.95746,42.32629],[24.96588,42.340679],[24.977628,42.334574],[24.974918,42.330402],[24.977087,42.329521],[24.978998,42.32881],[24.978458,42.328121],[24.978204,42.327647],[24.978028,42.327094],[24.977423,42.326079],[24.976921,42.325353],[24.976419,42.324993],[24.975093,42.324179],[24.97487,42.324132],[24.974391,42.324099],[24.97356,42.323769],[24.972977,42.323599]]]},"properties":{"cadreg":701}},{"type":"Feature","geometry":{"type":"Polygon","coordinates":[[[25.030797,42.286294],[25.026309,42.286983],[25.025687,42.287052],[25.026071,42.288925],[25.026307,42.289254],[25.026471,42.289389],[25.026856,42.289587],[25.027827,42.289926],[25.028518,42.290034],[25.028568,42.29003],[25.028843,42.291256],[25.029762,42.291856],[25.029885,42.291848],[25.029881,42.292063],[25.029645,42.292755],[25.029643,42.292909],[25.029703,42.293139],[25.029801,42.293247],[25.030605,42.293581],[25.031212,42.293864],[25.031455,42.29414],[25.032229,42.295248],[25.032155,42.295452],[25.031675,42.295889],[25.03136,42.296471],[25.031705,42.298662],[25.034077,42.297133],[25.034171,42.297126],[25.038061,42.298154],[25.039113,42.296658],[25.039502,42.29555],[25.039514,42.294449],[25.039294,42.293992],[25.038977,42.293464],[25.038578,42.293091],[25.037588,42.293105],[25.037496,42.291274],[25.038863,42.291058],[25.038867,42.291021],[25.038988,42.291113],[25.038893,42.29025],[25.038822,42.290045],[25.038666,42.289767],[25.037666,42.288777],[25.037338,42.288169],[25.036487,42.286841],[25.03636,42.28582],[25.036442,42.285686],[25.032859,42.286108],[25.030797,42.286294]]]},"properties":{"cadreg":718}},{"type":"Feature","geometry":{"type":"MultiPolygon","coordinates":[[[[24.934821,42.314608],[24.934497,42.314081],[24.933359,42.314482],[24.928764,42.315929],[24.928771,42.31585],[24.928718,42.315861],[24.928742,42.315901],[24.928703,42.315905],[24.92897,42.316479],[24.928988,42.316569],[24.928955,42.317097],[24.92904,42.317442],[24.929535,42.31849],[24.929661,42.318612],[24.929731,42.318647],[24.930025,42.318693],[24.930231,42.318748],[24.930359,42.318816],[24.930601,42.319173],[24.932504,42.322398],[24.932664,42.322722],[24.933395,42.324012],[24.935018,42.326856],[24.935056,42.326872],[24.936695,42.326326],[24.937211,42.326186],[24.937554,42.326299],[24.937698,42.326252],[24.937857,42.326295],[24.938389,42.32585],[24.938327,42.325729],[24.939415,42.325465],[24.940439,42.325161],[24.940579,42.324837],[24.939813,42.323379],[24.938423,42.321065],[24.93757,42.319593],[24.937677,42.31956],[24.934821,42.314608]]],[[[24.971372,42.276774],[24.970728,42.277823],[24.970711,42.278195],[24.969515,42.278385],[24.969548,42.278488],[24.970179,42.27837],[24.970198,42.27846],[24.970314,42.278442],[24.970282,42.278353],[24.971257,42.278198],[24.971284,42.278183],[24.97136,42.278327],[24.971812,42.278224],[24.971817,42.27824],[24.97188,42.278208],[24.971941,42.278252],[24.972189,42.278113],[24.972227,42.278196],[24.972385,42.27816],[24.972276,42.277537],[24.972504,42.277482],[24.97239,42.277109],[24.972351,42.277099],[24.972332,42.276937],[24.972361,42.276909],[24.972691,42.276878],[24.972714,42.276888],[24.972647,42.276788],[24.972288,42.276825],[24.972259,42.276808],[24.972244,42.276685],[24.972209,42.276687],[24.972203,42.276551],[24.971772,42.276527],[24.971808,42.276776],[24.971372,42.276774]]]]},"properties":{"cadreg":2}},{"type":"Feature","geometry":{"type":"Polygon","coordinates":[[[24.984245,42.267755],[24.981145,42.268806],[24.980343,42.276981],[24.980322,42.277879],[24.980375,42.277813],[24.980898,42.277463],[24.984137,42.275618],[24.984162,42.274241],[24.984255,42.272186],[24.984357,42.267858],[24.984245,42.267755]]]},"properties":{"cadreg":754}},{"type":"Feature","geometry":{"type":"Polygon","coordinates":[[[25.005848,42.264438],[25.001456,42.265859],[25.001372,42.265903],[25.001375,42.265934],[25.002513,42.266788],[25.003778,42.267974],[25.006663,42.27059],[25.008224,42.271998],[25.010461,42.27397],[25.010574,42.274091],[25.015831,42.278856],[25.017557,42.280352],[25.019994,42.282606],[25.020088,42.282657],[25.020282,42.282857],[25.020345,42.282831],[25.021548,42.281789],[25.022391,42.280709],[25.022535,42.280462],[25.022611,42.279889],[25.022683,42.279761],[25.022582,42.279223],[25.021684,42.278121],[25.021592,42.277904],[25.0216,42.277802],[25.021741,42.277565],[25.021892,42.277429],[25.021968,42.277296],[25.022375,42.27624],[25.02261,42.275172],[25.022608,42.275068],[25.022554,42.274965],[25.022497,42.274898],[25.02241,42.27484],[25.021968,42.274616],[25.021409,42.274206],[25.021282,42.274194],[25.020905,42.274202],[25.020737,42.27414],[25.017136,42.271042],[25.012624,42.267043],[25.010313,42.26494],[25.010015,42.26474],[25.009903,42.264714],[25.009455,42.264783],[25.009041,42.264673],[25.008273,42.264308],[25.00816,42.264224],[25.007798,42.263875],[25.007607,42.263822],[25.007617,42.263896],[25.007323,42.263934],[25.005848,42.264438]]]},"properties":{"cadreg":722}},{"type":"Feature","geometry":{"type":"Polygon","coordinates":[[[24.944662,42.299935],[24.944217,42.300343],[24.944208,42.300394],[24.944787,42.301391],[24.945194,42.301996],[24.945358,42.301933],[24.945315,42.301866],[24.948506,42.300425],[24.94848,42.300384],[24.948523,42.300345],[24.946893,42.297829],[24.946987,42.297774],[24.946866,42.297594],[24.946037,42.298565],[24.945056,42.299487],[24.944662,42.299935]]]},"properties":{"cadreg":67}},{"type":"Feature","geometry":{"type":"Polygon","coordinates":[[[25.008732,42.292909],[25.004897,42.293102],[25.005252,42.293906],[25.005996,42.294684],[25.006164,42.295069],[25.006261,42.295779],[25.006355,42.296771],[25.005753,42.297436],[25.006776,42.298864],[25.007984,42.300413],[25.009565,42.300502],[25.011527,42.301082],[25.011385,42.301339],[25.011531,42.301477],[25.011597,42.30134],[25.01217,42.30204],[25.012456,42.302553],[25.012919,42.30306],[25.013007,42.303603],[25.013209,42.304047],[25.013144,42.304015],[25.013158,42.304085],[25.013812,42.304385],[25.013774,42.304431],[25.013877,42.304477],[25.013653,42.304728],[25.012746,42.304205],[25.012542,42.304262],[25.012315,42.305028],[25.012304,42.305876],[25.011924,42.306935],[25.010241,42.308113],[25.010812,42.308832],[25.010964,42.30957],[25.012283,42.310935],[25.012606,42.311163],[25.012728,42.311165],[25.015515,42.308047],[25.017135,42.306174],[25.017538,42.305734],[25.018987,42.304032],[25.021344,42.301435],[25.023996,42.298418],[25.024109,42.29803],[25.024162,42.297945],[25.025429,42.296898],[25.025567,42.296677],[25.025602,42.297457],[25.025835,42.297636],[25.026375,42.298112],[25.0277,42.298185],[25.027746,42.297149],[25.027653,42.296996],[25.027995,42.296547],[25.028301,42.295888],[25.028258,42.295523],[25.027889,42.294977],[25.02744,42.294359],[25.027317,42.294151],[25.026815,42.29341],[25.026593,42.293254],[25.025282,42.292419],[25.024451,42.291934],[25.023437,42.291634],[25.022317,42.29123],[25.021931,42.291138],[25.020918,42.288972],[25.020839,42.288891],[25.019974,42.289208],[25.019317,42.289515],[25.01912,42.289512],[25.019128,42.289584],[25.01926,42.289586],[25.019702,42.290693],[25.019637,42.291505],[25.019657,42.292297],[25.019501,42.292305],[25.01953,42.292471],[25.019598,42.29255],[25.019215,42.292468],[25.019045,42.292448],[25.01668,42.292512],[25.012675,42.292732],[25.008732,42.292909]]]},"properties":{"cadreg":717}},{"type":"Feature","geometry":{"type":"Polygon","coordinates":[[[25.039512,42.278781],[25.039057,42.279418],[25.038538,42.279918],[25.03799,42.283332],[25.036585,42.285489],[25.036569,42.285599],[25.036442,42.285686],[25.03636,42.28582],[25.036487,42.286841],[25.037338,42.288169],[25.037666,42.288777],[25.038666,42.289767],[25.038822,42.290045],[25.038893,42.29025],[25.038988,42.291113],[25.039083,42.291117],[25.039276,42.291242],[25.039336,42.291252],[25.039773,42.29122],[25.040152,42.291263],[25.040781,42.291474],[25.042275,42.29211],[25.043799,42.289942],[25.045214,42.287833],[25.046155,42.286358],[25.04621,42.286378],[25.049379,42.281761],[25.05178,42.278132],[25.053202,42.278475],[25.053199,42.278446],[25.05309,42.27842],[25.053435,42.277506],[25.053722,42.276504],[25.054333,42.275684],[25.048713,42.276446],[25.043201,42.277133],[25.040185,42.277542],[25.040236,42.277703],[25.039512,42.278781]]]},"properties":{"cadreg":719}},{"type":"Feature","geometry":{"type":"Polygon","coordinates":[[[25.00833,42.301843],[25.007947,42.301914],[25.006746,42.301804],[25.006671,42.301761],[25.005444,42.30266],[25.00475,42.303227],[25.002554,42.304832],[25.001246,42.305843],[25.001137,42.305894],[25.001382,42.305956],[25.001786,42.306129],[25.00206,42.306265],[25.002326,42.306481],[25.002727,42.306874],[25.003103,42.30717],[25.00414,42.307917],[25.00522,42.308575],[25.004256,42.309529],[25.003618,42.308749],[25.002279,42.307564],[24.999156,42.307295],[24.998476,42.307983],[24.998357,42.308376],[24.998927,42.309386],[24.998806,42.309526],[24.998149,42.309408],[24.997904,42.309644],[24.997744,42.309577],[24.997694,42.309625],[24.997726,42.309694],[24.997816,42.309732],[24.997844,42.309702],[24.998153,42.310212],[24.998168,42.31079],[24.9991,42.311298],[24.999202,42.312346],[24.99903,42.314154],[24.99919,42.314467],[24.999776,42.314792],[25.000681,42.315185],[25.000931,42.315243],[25.001308,42.315417],[25.001487,42.315692],[25.001665,42.315825],[25.003159,42.316616],[25.003122,42.316705],[25.00684,42.317861],[25.00967,42.314678],[25.010402,42.313836],[25.010499,42.313672],[25.012728,42.311165],[25.012606,42.311163],[25.012283,42.310935],[25.010964,42.30957],[25.010812,42.308832],[25.010241,42.308113],[25.010687,42.307801],[25.010321,42.30761],[25.011853,42.306016],[25.011495,42.304841],[25.010915,42.304152],[25.010394,42.303702],[25.009762,42.303376],[25.010247,42.302806],[25.010236,42.302751],[25.010167,42.302735],[25.009118,42.302206],[25.008332,42.302014],[25.00833,42.301843]]]},"properties":{"cadreg":712}},{"type":"Feature","geometry":{"type":"Polygon","coordinates":[[[25.017135,42.306174],[25.015515,42.308047],[25.010499,42.313672],[25.010431,42.313787],[25.016416,42.315716],[25.015414,42.316852],[25.013653,42.319018],[25.012921,42.319879],[25.016526,42.321026],[25.017999,42.32169],[25.021944,42.317059],[25.024786,42.313666],[25.027566,42.310444],[25.027767,42.310187],[25.027904,42.309805],[25.028325,42.308453],[25.028035,42.308171],[25.027349,42.308409],[25.026808,42.308303],[25.026493,42.307984],[25.026507,42.307527],[25.026849,42.306875],[25.026227,42.306617],[25.025911,42.306279],[25.026076,42.305706],[25.025882,42.305119],[25.025433,42.304516],[25.025317,42.303918],[25.025387,42.303216],[25.024977,42.302846],[25.024875,42.301693],[25.023571,42.301572],[25.023207,42.301355],[25.023149,42.300934],[25.023493,42.300079],[25.022685,42.299917],[25.022457,42.30018],[25.022482,42.30021],[25.022173,42.300579],[25.018599,42.304528],[25.018574,42.304523],[25.017538,42.305734],[25.017135,42.306174]]]},"properties":{"cadreg":711}},{"type":"Feature","geometry":{"type":"Polygon","coordinates":[[[24.943463,42.302613],[24.94338,42.302216],[24.943333,42.302197],[24.941973,42.302386],[24.94054,42.30266],[24.941865,42.30712],[24.945334,42.319425],[24.945243,42.319441],[24.946321,42.323178],[24.94938,42.328816],[24.949426,42.328801],[24.949186,42.328373],[24.949499,42.328514],[24.949625,42.328695],[24.955136,42.32691],[24.954586,42.325818],[24.953788,42.324531],[24.953601,42.324394],[24.952735,42.324046],[24.952519,42.323886],[24.951377,42.322387],[24.949223,42.320582],[24.947827,42.319564],[24.94784,42.318612],[24.947873,42.318409],[24.947799,42.317057],[24.947788,42.316152],[24.947329,42.31525],[24.947231,42.314875],[24.947398,42.314698],[24.947587,42.314381],[24.947606,42.314281],[24.946646,42.312729],[24.94596,42.311663],[24.94601,42.311512],[24.946441,42.310904],[24.946538,42.310693],[24.946559,42.310478],[24.946371,42.309238],[24.946293,42.309015],[24.945928,42.308527],[24.94539,42.307138],[24.945247,42.306173],[24.945057,42.305511],[24.944795,42.305094],[24.944557,42.304226],[24.944283,42.303341],[24.944171,42.30336],[24.94421,42.303519],[24.943858,42.303469],[24.943674,42.30293],[24.943543,42.302859],[24.943463,42.302613]]]},"properties":{"cadreg":702}},{"type":"Feature","geometry":{"type":"Polygon","coordinates":[[[25.015193,42.264467],[25.015106,42.264478],[25.014951,42.264416],[25.014704,42.264223],[25.014603,42.264124],[25.014309,42.264081],[25.014062,42.264108],[25.012387,42.26453],[25.010313,42.26494],[25.012624,42.267043],[25.017136,42.271042],[25.020737,42.27414],[25.020905,42.274202],[25.021282,42.274194],[25.021409,42.274206],[25.021968,42.274616],[25.02241,42.27484],[25.022497,42.274898],[25.022554,42.274965],[25.022608,42.275068],[25.02261,42.275172],[25.022375,42.27624],[25.021968,42.277296],[25.021892,42.277429],[25.021741,42.277565],[25.0216,42.277802],[25.021592,42.277904],[25.021684,42.278121],[25.022582,42.279223],[25.022683,42.279761],[25.022945,42.279645],[25.028134,42.278939],[25.030545,42.278647],[25.034168,42.278093],[25.036509,42.277835],[25.039707,42.277521],[25.040298,42.277446],[25.039656,42.274922],[25.040283,42.274046],[25.040284,42.273967],[25.037984,42.269876],[25.039527,42.268653],[25.039708,42.268454],[25.039747,42.268193],[25.038617,42.268389],[25.034885,42.268818],[25.02968,42.269477],[25.025983,42.269851],[25.024157,42.262128],[25.023952,42.262463],[25.023939,42.262572],[25.024005,42.263286],[25.024033,42.264012],[25.024019,42.264503],[25.023952,42.265044],[25.023873,42.265249],[25.023742,42.265476],[25.023586,42.265617],[25.023386,42.265739],[25.022552,42.2659],[25.022151,42.266034],[25.021568,42.266087],[25.021453,42.266019],[25.01984,42.264652],[25.019657,42.264528],[25.018944,42.264227],[25.018428,42.263784],[25.018344,42.263737],[25.018169,42.263715],[25.015193,42.264467]]]},"properties":{"cadreg":720}},{"type":"Feature","geometry":{"type":"Polygon","coordinates":[[[24.936065,42.29016],[24.936079,42.290211],[24.935977,42.290222],[24.935911,42.290213],[24.935051,42.289534],[24.933654,42.289814],[24.933627,42.290025],[24.933678,42.290208],[24.934112,42.29136],[24.934353,42.291885],[24.934478,42.292084],[24.934584,42.292381],[24.934726,42.292605],[24.934737,42.292687],[24.934918,42.292929],[24.935022,42.293143],[24.935051,42.29328],[24.93512,42.293388],[24.937483,42.292657],[24.937662,42.292419],[24.937331,42.291246],[24.937099,42.290627],[24.937112,42.290526],[24.936531,42.290292],[24.936063,42.290083],[24.936052,42.290161],[24.936065,42.29016]]]},"properties":{"cadreg":19}},{"type":"Feature","geometry":{"type":"Polygon","coordinates":[[[24.904918,42.25608],[24.910014,42.255818],[24.909904,42.253563],[24.90976,42.247637],[24.912778,42.246118],[24.912805,42.2458],[24.912726,42.243043],[24.91261,42.240768],[24.912398,42.240498],[24.912676,42.240509],[24.912673,42.240456],[24.912119,42.2405],[24.907027,42.240201],[24.906812,42.240841],[24.90675,42.240854],[24.904848,42.255955],[24.904918,42.25608]]]},"properties":{"cadreg":61}},{"type":"Feature","geometry":{"type":"Polygon","coordinates":[[[24.913634,42.249175],[24.913936,42.255526],[24.914619,42.255517],[24.915689,42.255638],[24.917903,42.255758],[24.919502,42.255958],[24.919975,42.255867],[24.920597,42.255722],[24.921209,42.255504],[24.923323,42.254645],[24.923794,42.254438],[24.924097,42.254325],[24.924384,42.25409],[24.924452,42.254],[24.924731,42.253779],[24.925092,42.253605],[24.925237,42.253579],[24.925885,42.253384],[24.925978,42.253393],[24.925695,42.252942],[24.925661,42.252805],[24.925652,42.252642],[24.925748,42.252528],[24.925846,42.252288],[24.925838,42.252267],[24.925731,42.252202],[24.925576,42.252206],[24.925515,42.252161],[24.925485,42.251931],[24.925385,42.251829],[24.925293,42.251784],[24.925323,42.251632],[24.925295,42.251577],[24.925169,42.251466],[24.925045,42.251392],[24.925023,42.251316],[24.925074,42.251236],[24.925227,42.251082],[24.925191,42.250929],[24.925069,42.250686],[24.924914,42.250525],[24.924778,42.250434],[24.92433,42.250298],[24.924353,42.250086],[24.924308,42.249978],[24.924205,42.249869],[24.924152,42.249753],[24.924217,42.249543],[24.924192,42.249483],[24.923972,42.249346],[24.923828,42.249143],[24.923711,42.249057],[24.923618,42.24893],[24.923504,42.24883],[24.923304,42.24846],[24.923303,42.248199],[24.923327,42.248117],[24.923213,42.248119],[24.923044,42.248265],[24.922889,42.248286],[24.922107,42.248304],[24.92183,42.248301],[24.921335,42.248252],[24.921145,42.248257],[24.920345,42.248197],[24.919222,42.248207],[24.919133,42.248325],[24.918318,42.249163],[24.917202,42.249179],[24.913634,42.249175]]]},"properties":{"cadreg":63}},{"type":"Feature","geometry":{"type":"Polygon","coordinates":[[[24.972989,42.287172],[24.971771,42.289252],[24.971675,42.2896],[24.971646,42.289889],[24.971892,42.289909],[24.972009,42.289524],[24.972758,42.289664],[24.972666,42.289972],[24.973028,42.290003],[24.973049,42.289955],[24.973129,42.289962],[24.973208,42.289741],[24.973234,42.289745],[24.973334,42.28953],[24.973509,42.289082],[24.973641,42.288847],[24.973008,42.288676],[24.972821,42.288602],[24.972881,42.28853],[24.9738,42.287788],[24.974131,42.287612],[24.974167,42.287535],[24.974117,42.287532],[24.972989,42.287172]]]},"properties":{"cadreg":736}},{"type":"Feature","geometry":{"type":"Polygon","coordinates":[[[24.930713,42.299497],[24.930653,42.299459],[24.929974,42.298184],[24.928578,42.295765],[24.919464,42.298615],[24.919445,42.298625],[24.919358,42.299191],[24.919384,42.29933],[24.9195,42.299628],[24.919905,42.300146],[24.919821,42.300188],[24.92013,42.300722],[24.920181,42.300868],[24.920256,42.300998],[24.920821,42.301876],[24.921145,42.302395],[24.921222,42.302548],[24.921418,42.302832],[24.921517,42.303081],[24.921742,42.303359],[24.922224,42.304099],[24.922324,42.304283],[24.922346,42.304276],[24.922416,42.304402],[24.925993,42.30309],[24.926214,42.30347],[24.931874,42.301685],[24.930601,42.299538],[24.930713,42.299497]]]},"properties":{"cadreg":13}},{"type":"Feature","geometry":{"type":"Polygon","coordinates":[[[24.927445,42.316535],[24.925897,42.317111],[24.924181,42.318806],[24.924188,42.318959],[24.925167,42.320846],[24.925421,42.32111],[24.926057,42.322236],[24.926391,42.322723],[24.926404,42.322859],[24.926379,42.323024],[24.926385,42.323154],[24.92666,42.323672],[24.926672,42.323765],[24.926155,42.32392],[24.925159,42.324138],[24.924739,42.324328],[24.924716,42.324378],[24.924379,42.324509],[24.924562,42.324749],[24.92475,42.325128],[24.925323,42.326179],[24.925889,42.32697],[24.926212,42.327497],[24.926309,42.327722],[24.926312,42.327831],[24.92622,42.328348],[24.926227,42.328525],[24.926342,42.328889],[24.926464,42.329135],[24.92661,42.329302],[24.926843,42.32942],[24.926952,42.32943],[24.927565,42.329258],[24.927916,42.329199],[24.93192,42.327912],[24.935056,42.326872],[24.935018,42.326856],[24.933395,42.324012],[24.932664,42.322722],[24.932504,42.322398],[24.930601,42.319173],[24.930359,42.318816],[24.930231,42.318748],[24.930025,42.318693],[24.929731,42.318647],[24.929661,42.318612],[24.929535,42.31849],[24.92904,42.317442],[24.929001,42.317317],[24.928955,42.317097],[24.928981,42.316533],[24.927445,42.316535]]]},"properties":{"cadreg":1}},{"type":"Feature","geometry":{"type":"Polygon","coordinates":[[[24.955188,42.261833],[24.959567,42.265008],[24.968585,42.261905],[24.968616,42.26195],[24.970268,42.261392],[24.970437,42.261348],[24.956204,42.260995],[24.956173,42.261084],[24.955188,42.261833]]]},"properties":{"cadreg":51}},{"type":"Feature","geometry":{"type":"Polygon","coordinates":[[[24.94666,42.280586],[24.94107,42.28251],[24.941053,42.282566],[24.941328,42.28265],[24.945369,42.28415],[24.947467,42.284901],[24.947595,42.284959],[24.948899,42.286192],[24.949037,42.286116],[24.948274,42.285418],[24.948452,42.285271],[24.949184,42.285313],[24.950047,42.284525],[24.951409,42.285108],[24.951502,42.28502],[24.952009,42.284687],[24.953979,42.284055],[24.95394,42.283898],[24.953796,42.283646],[24.950005,42.281963],[24.949937,42.282021],[24.94666,42.280586]]]},"properties":{"cadreg":757}},{"type":"Feature","geometry":{"type":"Polygon","coordinates":[[[24.99368,42.257475],[24.994086,42.259139],[24.995408,42.263751],[24.99762,42.263004],[24.997674,42.263023],[24.998021,42.262906],[24.998344,42.262865],[24.999316,42.26256],[25.002205,42.261589],[25.00096,42.258261],[25.000645,42.257528],[25.000568,42.257537],[24.998292,42.249879],[24.998216,42.249862],[24.998813,42.251879],[24.992652,42.253965],[24.99368,42.257475]]]},"properties":{"cadreg":241}},{"type":"Feature","geometry":{"type":"Polygon","coordinates":[[[24.96033,42.282042],[24.960564,42.28185],[24.960686,42.281775],[24.96179,42.28132],[24.961791,42.28135],[24.962271,42.281584],[24.96254,42.281687],[24.963086,42.281672],[24.963346,42.281678],[24.963865,42.281638],[24.963852,42.281548],[24.965862,42.281224],[24.967747,42.280163],[24.967941,42.28013],[24.968275,42.280015],[24.968361,42.278906],[24.967804,42.277907],[24.967062,42.277721],[24.966102,42.277398],[24.965454,42.277296],[24.965309,42.277135],[24.964884,42.276304],[24.96493,42.2762],[24.967046,42.275457],[24.967447,42.273603],[24.960538,42.275954],[24.955091,42.277742],[24.956573,42.279306],[24.95535,42.279981],[24.955398,42.280029],[24.954622,42.280448],[24.956876,42.282835],[24.957365,42.283054],[24.960232,42.28216],[24.96033,42.282042]]]},"properties":{"cadreg":726}},{"type":"Feature","geometry":{"type":"Polygon","coordinates":[[[24.924324,42.308792],[24.922078,42.309632],[24.922107,42.309681],[24.920996,42.310104],[24.920932,42.310181],[24.920897,42.310268],[24.920896,42.310366],[24.921226,42.310974],[24.921492,42.311604],[24.921741,42.312053],[24.921896,42.312291],[24.922008,42.312527],[24.922,42.31261],[24.921921,42.312751],[24.922938,42.313248],[24.923507,42.31355],[24.923586,42.313675],[24.924717,42.314257],[24.924747,42.314331],[24.92471,42.314363],[24.925101,42.315306],[24.925492,42.31599],[24.926192,42.315851],[24.926524,42.31581],[24.926838,42.315858],[24.928191,42.315986],[24.928409,42.315976],[24.928742,42.315901],[24.928718,42.315861],[24.928771,42.31585],[24.92874,42.315728],[24.928324,42.315001],[24.927273,42.313275],[24.927202,42.31313],[24.927039,42.312892],[24.926739,42.312367],[24.925847,42.310919],[24.925909,42.310904],[24.924633,42.308701],[24.924324,42.308792]]]},"properties":{"cadreg":91}},{"type":"Feature","geometry":{"type":"Polygon","coordinates":[[[24.970585,42.266575],[24.970739,42.266658],[24.970944,42.266948],[24.97142,42.267754],[24.97213,42.268884],[24.973463,42.271089],[24.973676,42.271289],[24.976055,42.270476],[24.978263,42.26976],[24.980063,42.269106],[24.980095,42.268798],[24.980159,42.268706],[24.980378,42.268571],[24.980515,42.26843],[24.980922,42.268141],[24.980978,42.268057],[24.98103,42.267819],[24.981019,42.267693],[24.981131,42.267438],[24.981155,42.267312],[24.981211,42.267175],[24.981389,42.266911],[24.981366,42.266875],[24.981498,42.266725],[24.981604,42.266516],[24.981573,42.266213],[24.981524,42.266071],[24.981512,42.265969],[24.981536,42.265912],[24.98188,42.265529],[24.982088,42.265177],[24.982274,42.265006],[24.98248,42.264935],[24.982525,42.264886],[24.982686,42.264659],[24.983029,42.264039],[24.983424,42.263931],[24.983492,42.263864],[24.983296,42.263758],[24.983959,42.263106],[24.984094,42.262899],[24.983697,42.262671],[24.979823,42.260852],[24.979196,42.260938],[24.976572,42.259548],[24.978232,42.259001],[24.986352,42.256217],[24.986416,42.256016],[24.986617,42.255946],[24.98659,42.256022],[24.998813,42.251879],[24.998775,42.251751],[24.981723,42.257561],[24.977339,42.259008],[24.97637,42.259313],[24.97625,42.259354],[24.975914,42.259523],[24.968616,42.26195],[24.963697,42.263687],[24.96083,42.264652],[24.951228,42.267933],[24.951275,42.268026],[24.967803,42.262348],[24.968906,42.264033],[24.970448,42.266524],[24.970585,42.266575]]]},"properties":{"cadreg":235}},{"type":"Feature","geometry":{"type":"Polygon","coordinates":[[[24.987829,42.314197],[24.989295,42.316848],[24.989665,42.317456],[24.989931,42.31761],[24.988769,42.317994],[24.988822,42.318093],[24.989348,42.317909],[24.990468,42.320098],[24.991296,42.321793],[24.991449,42.321985],[24.991958,42.322422],[24.992965,42.32292],[24.993796,42.323159],[24.993842,42.323115],[24.993771,42.323094],[24.993952,42.322919],[24.993462,42.321958],[24.994001,42.322294],[24.995993,42.323252],[24.996488,42.32363],[24.996914,42.324139],[24.996985,42.324117],[24.996959,42.324086],[24.998566,42.323574],[24.998157,42.322835],[24.998292,42.322794],[24.998062,42.322377],[24.998194,42.322008],[24.997731,42.321159],[24.99746,42.320583],[24.997978,42.320376],[24.997882,42.319775],[24.997758,42.31955],[24.997819,42.319531],[24.997721,42.319361],[24.997807,42.318785],[24.997443,42.317986],[24.997361,42.317272],[24.997381,42.31674],[24.997468,42.316543],[24.997924,42.316318],[24.998196,42.315825],[24.998501,42.315545],[24.998828,42.315436],[24.999095,42.31539],[24.999702,42.315723],[24.999919,42.315724],[24.99998,42.315671],[24.999567,42.315471],[24.997317,42.31405],[24.996584,42.313624],[24.992907,42.311303],[24.992839,42.311246],[24.987605,42.314249],[24.987561,42.314358],[24.987829,42.314197]]]},"properties":{"cadreg":707}},{"type":"Feature","geometry":{"type":"Polygon","coordinates":[[[25.002143,42.284331],[24.997763,42.284546],[24.997927,42.285691],[24.998076,42.285928],[24.998679,42.286286],[24.998934,42.286535],[24.99895,42.286616],[24.999009,42.286693],[24.999295,42.287861],[24.999469,42.288311],[24.999614,42.288484],[25.000134,42.288765],[25.000139,42.288804],[25.000209,42.288846],[25.000532,42.28871],[25.00147,42.288736],[25.002396,42.290743],[25.002309,42.291036],[25.001664,42.292672],[25.002519,42.293079],[25.004627,42.293013],[25.006466,42.292901],[25.016758,42.292377],[25.019373,42.292337],[25.019052,42.289625],[25.019071,42.289508],[25.01794,42.289506],[25.014979,42.288024],[25.014972,42.287989],[25.015535,42.287986],[25.016544,42.287916],[25.016549,42.286287],[25.016465,42.284767],[25.016358,42.284662],[25.016298,42.284062],[25.016081,42.283754],[25.015789,42.283692],[25.012375,42.283816],[25.006481,42.284098],[25.006479,42.284067],[25.006422,42.284069],[25.006424,42.284101],[25.002143,42.284331]]]},"properties":{"cadreg":716}},{"type":"Feature","geometry":{"type":"Polygon","coordinates":[[[24.901187,42.279697],[24.895316,42.269228],[24.894855,42.270053],[24.894066,42.271128],[24.893262,42.272433],[24.893224,42.272417],[24.893185,42.27248],[24.893247,42.272519],[24.893235,42.272541],[24.892395,42.273326],[24.892309,42.27339],[24.892257,42.273347],[24.891885,42.273613],[24.88679,42.277415],[24.885724,42.278115],[24.885578,42.278258],[24.885557,42.278257],[24.885482,42.278349],[24.885398,42.278476],[24.885377,42.278545],[24.885194,42.282897],[24.884952,42.290027],[24.886108,42.289911],[24.886303,42.290098],[24.886367,42.290214],[24.886764,42.290615],[24.886856,42.290755],[24.88694,42.290821],[24.887102,42.290848],[24.887521,42.290683],[24.887857,42.290622],[24.888108,42.290621],[24.888312,42.290667],[24.88854,42.29078],[24.888892,42.29107],[24.888981,42.291175],[24.88907,42.291391],[24.889105,42.291535],[24.889015,42.291846],[24.888652,42.292284],[24.888496,42.292429],[24.888471,42.292517],[24.888415,42.292616],[24.888442,42.292716],[24.888573,42.292978],[24.888791,42.29313],[24.88913,42.29324],[24.889315,42.293261],[24.889634,42.293375],[24.889959,42.293538],[24.8901,42.29364],[24.890222,42.293754],[24.89047,42.294123],[24.890533,42.294242],[24.890589,42.29441],[24.890665,42.294727],[24.890591,42.294966],[24.8906,42.295218],[24.890885,42.295799],[24.891081,42.296077],[24.891403,42.296405],[24.891809,42.29672],[24.892604,42.297413],[24.895418,42.29655],[24.895524,42.296501],[24.895629,42.29642],[24.896777,42.296427],[24.89868,42.295848],[24.899875,42.295442],[24.900123,42.295421],[24.900165,42.295371],[24.904987,42.293846],[24.908789,42.2926],[24.908749,42.292495],[24.908286,42.291735],[24.906418,42.288466],[24.903904,42.284181],[24.904128,42.284081],[24.904757,42.283886],[24.904952,42.283802],[24.904926,42.283772],[24.905175,42.283629],[24.905065,42.283623],[24.904783,42.283694],[24.904484,42.283794],[24.904269,42.283895],[24.904139,42.283913],[24.903992,42.283889],[24.903921,42.283803],[24.903905,42.283682],[24.903752,42.283464],[24.903574,42.283134],[24.903321,42.282745],[24.903182,42.282433],[24.903012,42.282198],[24.901527,42.279559],[24.901187,42.279697]]]},"properties":{"cadreg":30}},{"type":"Feature","geometry":{"type":"Polygon","coordinates":[[[24.924344,42.292768],[24.933139,42.289983],[24.933046,42.289941],[24.9328,42.29001],[24.9328,42.290027],[24.924246,42.292706],[24.924193,42.292608],[24.917386,42.294776],[24.915571,42.295415],[24.911184,42.296795],[24.911786,42.297959],[24.912297,42.298887],[24.912686,42.299588],[24.91338,42.300754],[24.913981,42.300568],[24.914409,42.300473],[24.914813,42.300277],[24.915315,42.300314],[24.917646,42.300406],[24.918686,42.300415],[24.918958,42.300352],[24.919067,42.300286],[24.919129,42.300166],[24.9192,42.299865],[24.919197,42.299663],[24.919222,42.299471],[24.919367,42.298673],[24.919464,42.298615],[24.928044,42.295938],[24.931639,42.294795],[24.936527,42.293267],[24.937667,42.292896],[24.937668,42.292834],[24.938074,42.292012],[24.941057,42.282552],[24.941,42.282532],[24.940982,42.282593],[24.940906,42.282563],[24.939811,42.285896],[24.939013,42.288457],[24.938786,42.288997],[24.938561,42.289641],[24.938492,42.289943],[24.937747,42.292198],[24.937662,42.292419],[24.937483,42.292657],[24.93512,42.293388],[24.931783,42.294467],[24.931841,42.29455],[24.926431,42.296269],[24.926369,42.296095],[24.925813,42.295299],[24.925176,42.294223],[24.92498,42.29383],[24.924739,42.293459],[24.924344,42.292768]]]},"properties":{"cadreg":16}},{"type":"Feature","geometry":{"type":"MultiPolygon","coordinates":[[[[24.961533,42.292489],[24.961637,42.293068],[24.962168,42.292984],[24.961999,42.292511],[24.961884,42.292485],[24.961533,42.292489]]],[[[24.972315,42.290543],[24.972057,42.290543],[24.972268,42.291115],[24.972534,42.291094],[24.972794,42.291048],[24.972922,42.29058],[24.972315,42.290543]]]]},"properties":{"cadreg":501}},{"type":"Feature","geometry":{"type":"Polygon","coordinates":[[[24.951565,42.272115],[24.952063,42.27417],[24.952048,42.274314],[24.951959,42.274378],[24.95104,42.274481],[24.951233,42.275207],[24.951238,42.275396],[24.951188,42.275573],[24.951154,42.275663],[24.950977,42.275893],[24.950739,42.276081],[24.950577,42.276153],[24.950783,42.276393],[24.950379,42.276493],[24.950914,42.276709],[24.950933,42.276689],[24.95098,42.276735],[24.951079,42.276908],[24.951405,42.277382],[24.951468,42.277448],[24.951807,42.277744],[24.952387,42.278147],[24.952616,42.278343],[24.957897,42.276579],[24.955664,42.273145],[24.955155,42.2724],[24.95497,42.272014],[24.955069,42.271828],[24.955065,42.271731],[24.954998,42.271563],[24.95497,42.271261],[24.954891,42.271191],[24.954685,42.271186],[24.954577,42.271228],[24.954261,42.271282],[24.953964,42.271375],[24.953249,42.271542],[24.952851,42.27169],[24.952358,42.271902],[24.951931,42.272018],[24.951939,42.272047],[24.951565,42.272115]]]},"properties":{"cadreg":144}},{"type":"Feature","geometry":{"type":"MultiPolygon","coordinates":[[[[24.944474,42.276216],[24.943796,42.276329],[24.943552,42.276341],[24.943597,42.276784],[24.943729,42.276982],[24.943847,42.277098],[24.943976,42.277186],[24.944228,42.277309],[24.944476,42.277315],[24.949475,42.279515],[24.95258,42.278431],[24.952375,42.278238],[24.951728,42.277782],[24.951408,42.277501],[24.951224,42.277291],[24.950813,42.276668],[24.950379,42.276493],[24.950373,42.276535],[24.950157,42.276557],[24.949784,42.276667],[24.949701,42.276658],[24.949707,42.276678],[24.949388,42.276781],[24.949361,42.276626],[24.94902,42.276665],[24.948959,42.276683],[24.94849,42.27668],[24.948418,42.276512],[24.948398,42.27651],[24.948408,42.276672],[24.948019,42.276705],[24.947898,42.27667],[24.94791,42.276547],[24.947329,42.276592],[24.947218,42.276583],[24.946151,42.276383],[24.945974,42.276335],[24.945763,42.276309],[24.945767,42.276298],[24.945166,42.276238],[24.944864,42.276193],[24.944603,42.276174],[24.944522,42.276188],[24.944474,42.276216]]],[[[24.951312,42.27727],[24.951405,42.277382],[24.951055,42.276867],[24.951051,42.276873],[24.951312,42.27727]]]]},"properties":{"cadreg":44}},{"type":"Feature","geometry":{"type":"Polygon","coordinates":[[[24.901802,42.267284],[24.900536,42.268877],[24.901102,42.269172],[24.905289,42.270109],[24.905298,42.269759],[24.905389,42.269044],[24.905136,42.268984],[24.905063,42.268941],[24.905008,42.267782],[24.904973,42.267742],[24.902428,42.267184],[24.901796,42.267248],[24.901802,42.267284]]]},"properties":{"cadreg":421}},{"type":"Feature","geometry":{"type":"Polygon","coordinates":[[[24.921825,42.271549],[24.917961,42.271624],[24.91781,42.271746],[24.916138,42.272331],[24.915374,42.272902],[24.918608,42.274115],[24.920856,42.272252],[24.921788,42.271636],[24.921825,42.271549]]]},"properties":{"cadreg":34}},{"type":"Feature","geometry":{"type":"Polygon","coordinates":[[[24.972268,42.291115],[24.972057,42.290543],[24.972315,42.290543],[24.972939,42.290581],[24.973005,42.290296],[24.972928,42.29029],[24.972784,42.290333],[24.971948,42.290254],[24.971954,42.290024],[24.971641,42.289997],[24.971572,42.290752],[24.971457,42.291246],[24.971376,42.291412],[24.971234,42.291563],[24.971033,42.291685],[24.970896,42.291721],[24.971638,42.291754],[24.971802,42.291639],[24.971821,42.29133],[24.971849,42.291336],[24.971864,42.291387],[24.971955,42.29144],[24.972085,42.291435],[24.972232,42.291753],[24.972303,42.291827],[24.972387,42.291876],[24.972604,42.291873],[24.972651,42.291586],[24.972794,42.291048],[24.972534,42.291094],[24.972268,42.291115]]]},"properties":{"cadreg":735}},{"type":"Feature","geometry":{"type":"Polygon","coordinates":[[[24.941328,42.259283],[24.941266,42.259788],[24.941126,42.261405],[24.941058,42.26246],[24.941564,42.262503],[24.941583,42.262473],[24.941616,42.261817],[24.941681,42.261686],[24.941768,42.261576],[24.941877,42.261477],[24.942006,42.261392],[24.942184,42.261311],[24.942183,42.261357],[24.94242,42.261369],[24.942414,42.261441],[24.94286,42.261453],[24.942904,42.260819],[24.942998,42.260823],[24.942954,42.261471],[24.943121,42.261481],[24.943112,42.261588],[24.943902,42.261619],[24.943927,42.261255],[24.944024,42.261255],[24.943988,42.261808],[24.944703,42.261839],[24.944594,42.260781],[24.944515,42.260428],[24.944486,42.26019],[24.94443,42.260071],[24.944077,42.259766],[24.94282,42.258479],[24.942006,42.258829],[24.941992,42.258772],[24.941766,42.258873],[24.941746,42.258848],[24.941406,42.258965],[24.941328,42.259283]]]},"properties":{"cadreg":137}},{"type":"Feature","geometry":{"type":"Polygon","coordinates":[[[24.975689,42.285903],[24.975383,42.28605],[24.974784,42.286878],[24.974894,42.28694],[24.975691,42.286364],[24.975762,42.286396],[24.975911,42.286309],[24.976188,42.286097],[24.976717,42.285738],[24.976685,42.285678],[24.975689,42.285903]]]},"properties":{"cadreg":759}},{"type":"Feature","geometry":{"type":"Polygon","coordinates":[[[24.951717,42.292866],[24.953081,42.295094],[24.956086,42.29983],[24.958245,42.303029],[24.958312,42.303106],[24.962317,42.301507],[24.961518,42.300652],[24.961098,42.300279],[24.959723,42.299194],[24.959361,42.298864],[24.959108,42.298565],[24.95875,42.298085],[24.958497,42.297679],[24.957692,42.296487],[24.957208,42.295722],[24.956795,42.294751],[24.956627,42.294459],[24.955336,42.292579],[24.954874,42.291951],[24.954256,42.291585],[24.952399,42.292349],[24.951789,42.292796],[24.951717,42.292866]]]},"properties":{"cadreg":756}},{"type":"Feature","geometry":{"type":"Polygon","coordinates":[[[24.936977,42.279513],[24.936129,42.279421],[24.935889,42.280485],[24.935874,42.28048],[24.93677,42.280819],[24.936977,42.279513]]]},"properties":{"cadreg":643}},{"type":"Feature","geometry":{"type":"Polygon","coordinates":[[[24.964442,42.294509],[24.964343,42.294006],[24.963691,42.294053],[24.962972,42.294083],[24.962958,42.2941],[24.963008,42.294441],[24.962988,42.294509],[24.96297,42.294511],[24.962999,42.294632],[24.963013,42.294891],[24.963008,42.295251],[24.962982,42.295305],[24.962747,42.295412],[24.962523,42.29531],[24.961817,42.295706],[24.961988,42.295944],[24.961956,42.29632],[24.962201,42.296443],[24.96231,42.29656],[24.962356,42.296807],[24.962241,42.29687],[24.962081,42.296873],[24.961913,42.296832],[24.961779,42.2967],[24.961668,42.296724],[24.96167,42.296848],[24.961885,42.297233],[24.962039,42.297469],[24.962097,42.297526],[24.96202,42.297735],[24.962198,42.298199],[24.962326,42.298462],[24.962166,42.29854],[24.962037,42.298552],[24.961972,42.298657],[24.962223,42.298996],[24.962228,42.299115],[24.96232,42.299209],[24.962529,42.299273],[24.962493,42.299508],[24.962577,42.299711],[24.962722,42.299819],[24.963582,42.29975],[24.963826,42.299795],[24.96394,42.299912],[24.964068,42.300211],[24.964318,42.300597],[24.964417,42.300702],[24.964398,42.300876],[24.964263,42.301366],[24.964248,42.301656],[24.964351,42.301788],[24.964595,42.301884],[24.96478,42.302028],[24.964823,42.302007],[24.964781,42.301908],[24.965183,42.301914],[24.965893,42.30185],[24.965902,42.301925],[24.965413,42.301979],[24.965437,42.302092],[24.965593,42.30237],[24.965602,42.302677],[24.965687,42.302948],[24.965745,42.303026],[24.965958,42.303533],[24.966369,42.303514],[24.96655,42.303804],[24.967052,42.303818],[24.967186,42.304302],[24.967189,42.304592],[24.967237,42.304596],[24.968662,42.304356],[24.969455,42.304241],[24.970107,42.304531],[24.971856,42.304538],[24.971834,42.304266],[24.971299,42.302435],[24.970705,42.302114],[24.971048,42.302137],[24.972137,42.302122],[24.972405,42.302099],[24.972573,42.302034],[24.972673,42.301972],[24.972692,42.301921],[24.972544,42.302005],[24.972391,42.302064],[24.972134,42.302086],[24.97105,42.302101],[24.970532,42.302067],[24.970316,42.302081],[24.969846,42.302046],[24.969145,42.299894],[24.96865,42.299995],[24.968601,42.299966],[24.96841,42.299956],[24.967912,42.299651],[24.967812,42.299515],[24.967825,42.299383],[24.967968,42.298947],[24.967871,42.298189],[24.967906,42.298084],[24.967642,42.296409],[24.967584,42.296145],[24.966872,42.296193],[24.966363,42.296178],[24.96626,42.295837],[24.966131,42.295847],[24.966095,42.295665],[24.96544,42.295733],[24.965331,42.295183],[24.965212,42.295182],[24.965109,42.294647],[24.964753,42.294651],[24.964737,42.294484],[24.964442,42.294509]]]},"properties":{"cadreg":728}},{"type":"Feature","geometry":{"type":"Polygon","coordinates":[[[24.937996,42.285883],[24.932645,42.283908],[24.931014,42.286349],[24.933176,42.28975],[24.933195,42.289863],[24.933139,42.289983],[24.933073,42.290031],[24.933245,42.289956],[24.933333,42.289885],[24.93337,42.289667],[24.933431,42.289666],[24.933543,42.289914],[24.933576,42.2899],[24.933627,42.290025],[24.933654,42.289814],[24.935051,42.289534],[24.935911,42.290213],[24.935977,42.290222],[24.936079,42.290211],[24.936065,42.29016],[24.936052,42.290161],[24.936063,42.290083],[24.936531,42.290292],[24.937112,42.290526],[24.937099,42.290627],[24.937331,42.291246],[24.937662,42.292419],[24.938492,42.289943],[24.938561,42.289641],[24.938786,42.288997],[24.939013,42.288457],[24.939811,42.285899],[24.938806,42.285522],[24.938795,42.285538],[24.938538,42.28544],[24.938346,42.285507],[24.93817,42.285727],[24.937996,42.285883]]]},"properties":{"cadreg":21}},{"type":"Feature","geometry":{"type":"Polygon","coordinates":[[[24.93814,42.250116],[24.937155,42.250695],[24.937055,42.250788],[24.938707,42.252257],[24.94036,42.253698],[24.94069,42.254021],[24.941498,42.25642],[24.941604,42.256454],[24.941649,42.256365],[24.942125,42.255667],[24.942259,42.255716],[24.941814,42.256418],[24.941642,42.256796],[24.941017,42.258934],[24.940877,42.25903],[24.941032,42.258964],[24.941161,42.258935],[24.941257,42.258931],[24.941248,42.258969],[24.941085,42.258989],[24.941107,42.259077],[24.940968,42.259792],[24.940808,42.261264],[24.94072,42.262477],[24.940791,42.262794],[24.941323,42.263736],[24.941366,42.263746],[24.941408,42.26372],[24.941443,42.263788],[24.941405,42.263797],[24.941353,42.264181],[24.941366,42.264625],[24.942043,42.264635],[24.941268,42.26319],[24.941043,42.262727],[24.94099,42.262478],[24.941036,42.262483],[24.941058,42.26246],[24.941126,42.261405],[24.941321,42.259318],[24.941897,42.25683],[24.942158,42.256234],[24.943861,42.253321],[24.943982,42.253341],[24.944723,42.252724],[24.947938,42.250583],[24.950214,42.249159],[24.952881,42.247446],[24.959248,42.243332],[24.96287,42.240967],[24.963198,42.240805],[24.96306,42.240662],[24.965708,42.238942],[24.966274,42.231857],[24.94887,42.242904],[24.948787,42.242899],[24.94876,42.242915],[24.948824,42.242966],[24.944331,42.245833],[24.944246,42.245831],[24.939488,42.248998],[24.939418,42.249237],[24.93814,42.250116]]]},"properties":{"cadreg":75}},{"type":"Feature","geometry":{"type":"Polygon","coordinates":[[[24.94036,42.253698],[24.937055,42.250788],[24.934677,42.252149],[24.934395,42.252253],[24.934028,42.252451],[24.9333,42.252942],[24.932942,42.253076],[24.933188,42.253755],[24.933756,42.255519],[24.940688,42.25564],[24.940756,42.255659],[24.941253,42.255669],[24.94069,42.254021],[24.94036,42.253698]]]},"properties":{"cadreg":66}},{"type":"Feature","geometry":{"type":"Polygon","coordinates":[[[24.931539,42.309102],[24.933801,42.308382],[24.936654,42.313322],[24.934472,42.314024],[24.934497,42.314081],[24.938003,42.312955],[24.941617,42.311875],[24.942898,42.311348],[24.942933,42.31132],[24.941777,42.307182],[24.94067,42.303554],[24.940314,42.302486],[24.940087,42.30271],[24.939163,42.303167],[24.938367,42.303797],[24.937684,42.304119],[24.937676,42.304138],[24.937629,42.304137],[24.936694,42.304445],[24.936535,42.304447],[24.935672,42.304315],[24.934769,42.30426],[24.933953,42.303719],[24.933445,42.303628],[24.932882,42.303612],[24.931886,42.30376],[24.930675,42.304225],[24.930364,42.304472],[24.930305,42.304549],[24.930268,42.305071],[24.930144,42.305188],[24.929467,42.305475],[24.929463,42.305544],[24.931539,42.309102]]]},"properties":{"cadreg":11}},{"type":"Feature","geometry":{"type":"Polygon","coordinates":[[[24.972922,42.29058],[24.972651,42.291586],[24.972604,42.291873],[24.972387,42.291876],[24.972303,42.291827],[24.972232,42.291753],[24.972085,42.291435],[24.971955,42.29144],[24.971864,42.291387],[24.971849,42.291336],[24.971821,42.29133],[24.971802,42.291639],[24.971638,42.291754],[24.971659,42.291824],[24.971677,42.292149],[24.971662,42.292592],[24.97118,42.292576],[24.970626,42.292586],[24.970501,42.292678],[24.970609,42.294001],[24.970284,42.29403],[24.969947,42.294035],[24.969947,42.294011],[24.96987,42.29401],[24.970192,42.296414],[24.969714,42.296438],[24.97042,42.296867],[24.970646,42.296975],[24.970806,42.297085],[24.971629,42.296901],[24.972215,42.296724],[24.973215,42.29654],[24.973295,42.297195],[24.971782,42.297329],[24.971362,42.297467],[24.971454,42.297547],[24.973591,42.298858],[24.97453,42.299494],[24.974695,42.299558],[24.974813,42.299633],[24.97484,42.299709],[24.977755,42.301524],[24.978919,42.300237],[24.979196,42.299877],[24.979908,42.299144],[24.98166,42.297138],[24.982277,42.296407],[24.983086,42.2957],[24.983491,42.295257],[24.984084,42.294891],[24.983953,42.294869],[24.983984,42.294818],[24.983759,42.294768],[24.983441,42.294553],[24.983299,42.294412],[24.983112,42.294094],[24.98284,42.293266],[24.982882,42.292941],[24.983042,42.292501],[24.983057,42.29209],[24.983105,42.291574],[24.983125,42.290967],[24.982044,42.290356],[24.981523,42.289908],[24.981459,42.289949],[24.980677,42.289737],[24.978904,42.289651],[24.978668,42.288581],[24.97805,42.288356],[24.978417,42.288129],[24.977975,42.287819],[24.977392,42.286848],[24.977105,42.286143],[24.97714,42.286033],[24.977036,42.285697],[24.976197,42.286174],[24.975374,42.286782],[24.974707,42.287309],[24.974553,42.28747],[24.973008,42.288676],[24.973641,42.288847],[24.973509,42.289082],[24.973334,42.28953],[24.973234,42.289745],[24.973208,42.289741],[24.973129,42.289962],[24.973049,42.289955],[24.973028,42.290003],[24.972972,42.289997],[24.972928,42.29029],[24.973005,42.290296],[24.972939,42.290581],[24.972922,42.29058]]]},"properties":{"cadreg":742}},{"type":"Feature","geometry":{"type":"Polygon","coordinates":[[[24.927724,42.261872],[24.922807,42.263282],[24.919,42.264189],[24.918987,42.26438],[24.919014,42.264866],[24.919071,42.265159],[24.919353,42.265034],[24.923666,42.264855],[24.927975,42.264752],[24.928292,42.262112],[24.927972,42.26185],[24.927881,42.261848],[24.927724,42.261872]]]},"properties":{"cadreg":48}},{"type":"Feature","geometry":{"type":"Polygon","coordinates":[[[24.941396,42.277925],[24.941338,42.277806],[24.941281,42.27756],[24.941235,42.276457],[24.941094,42.276444],[24.941095,42.277279],[24.941066,42.278002],[24.940977,42.278656],[24.940923,42.281616],[24.940965,42.282345],[24.94103,42.28237],[24.942447,42.281918],[24.946672,42.280478],[24.94577,42.280079],[24.945634,42.280077],[24.944758,42.279683],[24.944691,42.279603],[24.94356,42.279101],[24.943526,42.279137],[24.942399,42.278643],[24.942368,42.278603],[24.941638,42.278248],[24.941396,42.277925]]]},"properties":{"cadreg":42}},{"type":"Feature","geometry":{"type":"Polygon","coordinates":[[[24.969475,42.277848],[24.970679,42.272511],[24.967447,42.273603],[24.966607,42.277491],[24.969475,42.277848]]]},"properties":{"cadreg":758}},{"type":"Feature","geometry":{"type":"Polygon","coordinates":[[[24.941085,42.258989],[24.940913,42.259062],[24.940545,42.2591],[24.940535,42.259126],[24.940417,42.259186],[24.938699,42.259812],[24.937316,42.260273],[24.936324,42.260715],[24.935961,42.261],[24.935599,42.261339],[24.935826,42.262058],[24.936606,42.263422],[24.939453,42.263118],[24.93956,42.263761],[24.94074,42.263703],[24.940695,42.26258],[24.940644,42.262373],[24.940758,42.26172],[24.940968,42.259792],[24.941107,42.259077],[24.941085,42.258989]]]},"properties":{"cadreg":53}},{"type":"Feature","geometry":{"type":"MultiPolygon","coordinates":[[[[24.947898,42.27667],[24.948019,42.276705],[24.948408,42.276672],[24.947898,42.27667]]],[[[24.974058,42.283503],[24.97431,42.283597],[24.974109,42.283891],[24.97352,42.283664],[24.973363,42.28368],[24.973273,42.283814],[24.973836,42.284066],[24.97419,42.284242],[24.974067,42.28437],[24.974121,42.2844],[24.974049,42.284472],[24.974711,42.284859],[24.974953,42.284686],[24.975298,42.284394],[24.975301,42.284366],[24.975542,42.284087],[24.974971,42.283743],[24.974939,42.283747],[24.974828,42.283684],[24.974682,42.283644],[24.974929,42.28329],[24.974292,42.283061],[24.974071,42.283402],[24.974058,42.283503]]]]},"properties":{"cadreg":38}},{"type":"Feature","geometry":{"type":"Polygon","coordinates":[[[24.926036,42.277049],[24.928232,42.282031],[24.928213,42.28206],[24.928311,42.282096],[24.928489,42.282376],[24.937996,42.285883],[24.93817,42.285727],[24.938346,42.285507],[24.938538,42.28544],[24.938795,42.285538],[24.938806,42.285522],[24.939811,42.285899],[24.940906,42.282563],[24.940982,42.282593],[24.941,42.282532],[24.941057,42.282552],[24.94107,42.28251],[24.941245,42.282451],[24.932787,42.279359],[24.93066,42.278565],[24.930663,42.278673],[24.928987,42.278064],[24.928997,42.277956],[24.925907,42.276846],[24.915374,42.272902],[24.91523,42.27302],[24.925692,42.276936],[24.925725,42.276925],[24.926036,42.277049]]]},"properties":{"cadreg":24}},{"type":"Feature","geometry":{"type":"Polygon","coordinates":[[[24.936591,42.276105],[24.935647,42.276023],[24.935645,42.27589],[24.935585,42.275884],[24.935522,42.276267],[24.935502,42.2767],[24.934846,42.276677],[24.934949,42.276854],[24.934935,42.277062],[24.934959,42.277213],[24.934987,42.277922],[24.934936,42.27858],[24.934821,42.278625],[24.934414,42.27865],[24.934275,42.278684],[24.934119,42.278796],[24.934087,42.278859],[24.934073,42.27905],[24.934086,42.279494],[24.934067,42.279599],[24.934008,42.279668],[24.933864,42.279751],[24.93423,42.279884],[24.934265,42.278869],[24.936246,42.278813],[24.940974,42.278789],[24.940977,42.278656],[24.940927,42.278659],[24.940929,42.278695],[24.938665,42.278698],[24.938461,42.277699],[24.938479,42.27766],[24.940181,42.277651],[24.940307,42.27802],[24.941062,42.278031],[24.941095,42.277279],[24.941094,42.276444],[24.93999,42.276356],[24.939219,42.276317],[24.939137,42.276298],[24.939103,42.276248],[24.939108,42.276148],[24.93904,42.27614],[24.939038,42.276288],[24.938073,42.276247],[24.936664,42.276126],[24.936689,42.275988],[24.936606,42.275983],[24.936591,42.276105]]]},"properties":{"cadreg":40}},{"type":"Feature","geometry":{"type":"Polygon","coordinates":[[[24.921602,42.317716],[24.921618,42.317865],[24.921648,42.317926],[24.921744,42.318368],[24.92181,42.31844],[24.921854,42.318594],[24.92162,42.318841],[24.92154,42.318955],[24.92146,42.319117],[24.921368,42.319136],[24.921162,42.319386],[24.921094,42.319708],[24.920948,42.319947],[24.921244,42.320123],[24.921085,42.32031],[24.920961,42.320576],[24.920962,42.320728],[24.921028,42.320833],[24.921198,42.321015],[24.921357,42.32111],[24.92145,42.321198],[24.921652,42.321328],[24.921873,42.321538],[24.921979,42.321668],[24.922074,42.321939],[24.922085,42.322018],[24.922544,42.322121],[24.922631,42.322125],[24.922744,42.322167],[24.923941,42.323947],[24.924147,42.324188],[24.924379,42.324509],[24.924716,42.324378],[24.924739,42.324328],[24.925159,42.324138],[24.926155,42.32392],[24.926672,42.323765],[24.92666,42.323672],[24.926385,42.323154],[24.926379,42.323024],[24.926404,42.322859],[24.926391,42.322723],[24.926057,42.322236],[24.925421,42.32111],[24.925167,42.320846],[24.924188,42.318959],[24.924181,42.318806],[24.925897,42.317111],[24.927445,42.316535],[24.928981,42.316533],[24.92897,42.316479],[24.928703,42.315905],[24.928409,42.315976],[24.928191,42.315986],[24.926838,42.315858],[24.926524,42.31581],[24.926192,42.315851],[24.925492,42.31599],[24.925101,42.315306],[24.92471,42.314363],[24.924668,42.31436],[24.924619,42.314312],[24.924462,42.314221],[24.924846,42.314858],[24.924911,42.315061],[24.924889,42.315119],[24.924626,42.315367],[24.924564,42.315388],[24.92451,42.315388],[24.924505,42.315376],[24.924406,42.315444],[24.924164,42.315432],[24.924002,42.315593],[24.92399,42.315705],[24.924064,42.31606],[24.924343,42.316143],[24.924503,42.316164],[24.924836,42.316272],[24.924847,42.316398],[24.924385,42.316692],[24.924468,42.317234],[24.924435,42.317279],[24.92407,42.317463],[24.923914,42.317292],[24.923818,42.316851],[24.923564,42.316529],[24.92328,42.316337],[24.92306,42.316061],[24.923013,42.315837],[24.922977,42.315422],[24.922704,42.31509],[24.922383,42.314964],[24.922373,42.314797],[24.922335,42.314729],[24.921705,42.314506],[24.921502,42.314547],[24.921399,42.314545],[24.921301,42.31452],[24.921684,42.316982],[24.92098,42.317307],[24.921602,42.317716]]]},"properties":{"cadreg":6}},{"type":"Feature","geometry":{"type":"Polygon","coordinates":[[[24.923702,42.261094],[24.923463,42.261458],[24.923419,42.261491],[24.921893,42.26212],[24.919978,42.26283],[24.91999,42.262988],[24.919354,42.26324],[24.919056,42.263469],[24.918876,42.263822],[24.918871,42.264222],[24.922807,42.263282],[24.927724,42.261872],[24.927881,42.261848],[24.927972,42.26185],[24.928292,42.262112],[24.927944,42.265013],[24.927554,42.268811],[24.927254,42.271205],[24.927458,42.271184],[24.92785,42.267653],[24.927933,42.267011],[24.927978,42.266871],[24.928117,42.265332],[24.928153,42.265323],[24.928133,42.265215],[24.928187,42.264692],[24.928708,42.259921],[24.928614,42.259944],[24.928601,42.259864],[24.92862,42.259785],[24.928546,42.2598],[24.928511,42.2599],[24.923749,42.260944],[24.923702,42.261094]]]},"properties":{"cadreg":248}},{"type":"Feature","geometry":{"type":"Polygon","coordinates":[[[24.958899,42.304145],[24.956764,42.30502],[24.953555,42.306268],[24.953606,42.306321],[24.954635,42.30789],[24.957899,42.312753],[24.959329,42.314844],[24.959389,42.315035],[24.965325,42.323744],[24.967131,42.323166],[24.969611,42.322411],[24.96814,42.321352],[24.967256,42.319971],[24.967194,42.319941],[24.96726,42.319835],[24.967222,42.319818],[24.966862,42.319272],[24.966161,42.318275],[24.965473,42.317217],[24.964783,42.316215],[24.963436,42.314189],[24.962787,42.313055],[24.960546,42.309663],[24.960502,42.309283],[24.959182,42.304606],[24.959207,42.304594],[24.958899,42.304145]]]},"properties":{"cadreg":745}},{"type":"Feature","geometry":{"type":"MultiPolygon","coordinates":[[[[24.936582,42.297978],[24.936561,42.298133],[24.935883,42.298428],[24.93502,42.298587],[24.934741,42.298662],[24.934549,42.298694],[24.934304,42.298787],[24.93402,42.298921],[24.933639,42.299037],[24.932819,42.299233],[24.931683,42.299265],[24.930757,42.299452],[24.930713,42.299497],[24.930601,42.299538],[24.931874,42.301685],[24.926214,42.30347],[24.925993,42.30309],[24.922416,42.304402],[24.923265,42.305858],[24.923565,42.30641],[24.923629,42.306554],[24.923638,42.306646],[24.923847,42.307211],[24.929463,42.305544],[24.929467,42.305475],[24.930144,42.305188],[24.930268,42.305071],[24.930305,42.304549],[24.930364,42.304472],[24.930675,42.304225],[24.931886,42.30376],[24.932882,42.303612],[24.933445,42.303628],[24.933953,42.303719],[24.934769,42.30426],[24.935672,42.304315],[24.936535,42.304447],[24.936694,42.304445],[24.937629,42.304137],[24.937676,42.304138],[24.937684,42.304119],[24.938367,42.303797],[24.939163,42.303167],[24.940087,42.30271],[24.940314,42.302486],[24.94067,42.303554],[24.941777,42.307182],[24.945284,42.319677],[24.946298,42.323184],[24.946376,42.323316],[24.946399,42.32331],[24.946321,42.323178],[24.945308,42.319674],[24.941795,42.307157],[24.940689,42.303536],[24.940176,42.301996],[24.939397,42.299217],[24.937664,42.2932],[24.937667,42.292896],[24.936527,42.293267],[24.934289,42.293965],[24.935193,42.294477],[24.935686,42.295645],[24.936582,42.297978]]],[[[24.9483,42.267276],[24.948368,42.267622],[24.948282,42.267627],[24.948465,42.267924],[24.948547,42.267903],[24.948765,42.267898],[24.949085,42.267842],[24.949081,42.267279],[24.9483,42.267276]]]]},"properties":{"cadreg":3}},{"type":"Feature","geometry":{"type":"Polygon","coordinates":[[[24.93337,42.289667],[24.933333,42.289885],[24.933245,42.289956],[24.933073,42.290031],[24.933139,42.289983],[24.924344,42.292768],[24.924766,42.2935],[24.928756,42.292672],[24.930395,42.295013],[24.931841,42.29455],[24.931783,42.294467],[24.93512,42.293388],[24.935051,42.29328],[24.935022,42.293143],[24.934918,42.292929],[24.934737,42.292687],[24.934726,42.292605],[24.934584,42.292381],[24.934478,42.292084],[24.934353,42.291885],[24.934112,42.29136],[24.933576,42.2899],[24.933543,42.289914],[24.933431,42.289666],[24.93337,42.289667]]]},"properties":{"cadreg":18}},{"type":"Feature","geometry":{"type":"Polygon","coordinates":[[[24.903408,42.282879],[24.903574,42.283134],[24.903752,42.283464],[24.903905,42.283682],[24.903921,42.283803],[24.903992,42.283889],[24.904139,42.283913],[24.904269,42.283895],[24.904484,42.283794],[24.904783,42.283694],[24.905065,42.283623],[24.905175,42.283629],[24.904926,42.283772],[24.904952,42.283802],[24.905351,42.283578],[24.905912,42.2834],[24.906342,42.283332],[24.906563,42.283273],[24.907349,42.282996],[24.907705,42.282906],[24.907909,42.282876],[24.908322,42.282758],[24.909596,42.28229],[24.909849,42.282257],[24.910605,42.282057],[24.910862,42.281933],[24.910997,42.281831],[24.911676,42.281458],[24.911887,42.281375],[24.912107,42.281258],[24.912386,42.281158],[24.91253,42.28113],[24.91388,42.280772],[24.914776,42.28043],[24.915239,42.280283],[24.915741,42.280077],[24.917155,42.279678],[24.918904,42.279142],[24.92168,42.278258],[24.925859,42.27698],[24.925725,42.276925],[24.925692,42.276936],[24.916115,42.273361],[24.916084,42.273407],[24.916545,42.273592],[24.903408,42.282879]]]},"properties":{"cadreg":27}},{"type":"Feature","geometry":{"type":"Polygon","coordinates":[[[24.928132,42.282003],[24.92184,42.283552],[24.921717,42.283931],[24.921568,42.284598],[24.921354,42.285233],[24.921228,42.285724],[24.921044,42.286331],[24.92103,42.286524],[24.921042,42.28663],[24.921076,42.286716],[24.921328,42.286839],[24.921477,42.287077],[24.921637,42.287384],[24.922029,42.288288],[24.922369,42.288843],[24.922619,42.289387],[24.922584,42.289398],[24.922588,42.289591],[24.922767,42.289883],[24.924249,42.29259],[24.924193,42.292608],[24.924246,42.292706],[24.9328,42.290027],[24.9328,42.29001],[24.933046,42.289941],[24.933139,42.289983],[24.933195,42.289863],[24.933176,42.28975],[24.928311,42.282096],[24.928213,42.28206],[24.928232,42.282031],[24.926036,42.277049],[24.925886,42.276991],[24.928132,42.282003]]]},"properties":{"cadreg":25}},{"type":"Feature","geometry":{"type":"Polygon","coordinates":[[[24.970247,42.29206],[24.969638,42.292063],[24.96973,42.293027],[24.96934,42.293056],[24.969445,42.294006],[24.969947,42.294011],[24.969947,42.294035],[24.970284,42.29403],[24.970609,42.294001],[24.970501,42.292678],[24.970626,42.292586],[24.97118,42.292576],[24.971662,42.292592],[24.971677,42.292149],[24.971659,42.291824],[24.971638,42.291754],[24.970896,42.291721],[24.970693,42.291774],[24.970249,42.291786],[24.970247,42.29206]]]},"properties":{"cadreg":734}},{"type":"Feature","geometry":{"type":"Polygon","coordinates":[[[24.955379,42.291604],[24.954971,42.291824],[24.955549,42.292619],[24.95678,42.294405],[24.95696,42.294718],[24.957298,42.295517],[24.957842,42.296428],[24.959221,42.298469],[24.959483,42.298791],[24.960012,42.299237],[24.960431,42.299553],[24.961684,42.300575],[24.96241,42.30134],[24.963337,42.302364],[24.964174,42.302076],[24.964586,42.302037],[24.964472,42.301963],[24.964167,42.301928],[24.96406,42.301804],[24.964,42.301568],[24.964026,42.301344],[24.964163,42.300904],[24.964398,42.300876],[24.964412,42.300804],[24.964157,42.300832],[24.964159,42.300727],[24.964119,42.300638],[24.963814,42.300166],[24.963652,42.300016],[24.963457,42.299918],[24.963367,42.299955],[24.963408,42.300008],[24.96332,42.300088],[24.962897,42.300065],[24.962769,42.300097],[24.962915,42.30019],[24.962784,42.300219],[24.962691,42.300209],[24.96232,42.300237],[24.962453,42.29998],[24.962353,42.299743],[24.962203,42.299561],[24.962058,42.29929],[24.961763,42.29888],[24.961699,42.298666],[24.961719,42.298594],[24.96195,42.298257],[24.961967,42.298136],[24.96183,42.297674],[24.961865,42.297563],[24.961674,42.297334],[24.961667,42.297245],[24.961499,42.297033],[24.961475,42.29688],[24.961492,42.296632],[24.96161,42.296517],[24.961726,42.296525],[24.961809,42.2966],[24.962051,42.296688],[24.962092,42.296668],[24.961911,42.296488],[24.961634,42.296355],[24.96155,42.296212],[24.961616,42.296083],[24.961631,42.295956],[24.961432,42.295672],[24.961406,42.295431],[24.961448,42.295394],[24.9617,42.295329],[24.961988,42.295214],[24.962421,42.295001],[24.96262,42.295004],[24.962822,42.294887],[24.962808,42.294795],[24.962774,42.294737],[24.962728,42.29448],[24.962783,42.294281],[24.962763,42.294223],[24.962671,42.29412],[24.962638,42.294006],[24.962669,42.293666],[24.962619,42.293488],[24.962669,42.293346],[24.962876,42.293307],[24.96262,42.293296],[24.962413,42.293378],[24.962333,42.293435],[24.962313,42.293371],[24.962262,42.293382],[24.962167,42.293477],[24.962019,42.293589],[24.961953,42.293623],[24.961857,42.293647],[24.96174,42.293362],[24.961263,42.293442],[24.96115,42.293048],[24.960774,42.293104],[24.960698,42.292831],[24.960293,42.292892],[24.96022,42.292454],[24.959517,42.292519],[24.959471,42.292235],[24.958747,42.292088],[24.958356,42.29211],[24.958314,42.291926],[24.958172,42.29194],[24.957913,42.292018],[24.95775,42.292041],[24.957701,42.291675],[24.95692,42.291706],[24.955379,42.291604]]]},"properties":{"cadreg":755}},{"type":"Feature","geometry":{"type":"Polygon","coordinates":[[[24.976161,42.2706],[24.97615,42.270995],[24.976485,42.271344],[24.976457,42.271497],[24.976078,42.271711],[24.974802,42.272114],[24.974454,42.27212],[24.972795,42.272772],[24.972039,42.273169],[24.971878,42.273359],[24.971818,42.273579],[24.971821,42.273934],[24.971625,42.274128],[24.971523,42.274281],[24.971269,42.274762],[24.971263,42.274883],[24.970699,42.275229],[24.970702,42.275265],[24.971266,42.274912],[24.971303,42.275124],[24.971586,42.275575],[24.972645,42.276786],[24.972777,42.276982],[24.974337,42.276361],[24.975104,42.276159],[24.975133,42.276029],[24.975214,42.27604],[24.975296,42.276007],[24.975474,42.275999],[24.975587,42.27608],[24.975742,42.275936],[24.975704,42.275742],[24.975564,42.275717],[24.975639,42.275072],[24.975855,42.274704],[24.976359,42.274085],[24.976396,42.273723],[24.976508,42.273441],[24.976945,42.273116],[24.977002,42.273054],[24.97702,42.272331],[24.977362,42.271944],[24.977885,42.271619],[24.978333,42.271609],[24.978843,42.270963],[24.978662,42.270683],[24.979245,42.269976],[24.97951,42.269928],[24.980287,42.269215],[24.980596,42.268996],[24.980271,42.269109],[24.980022,42.269308],[24.976161,42.2706]]]},"properties":{"cadreg":763}},{"type":"Feature","geometry":{"type":"Polygon","coordinates":[[[24.909596,42.28229],[24.908322,42.282758],[24.907909,42.282876],[24.907705,42.282906],[24.907349,42.282996],[24.906563,42.283273],[24.906342,42.283332],[24.905912,42.2834],[24.905351,42.283578],[24.90499,42.283787],[24.904757,42.283886],[24.904128,42.284081],[24.903904,42.284181],[24.906602,42.288783],[24.908286,42.291735],[24.908749,42.292495],[24.908964,42.292921],[24.909868,42.294489],[24.910292,42.295263],[24.910528,42.295755],[24.910997,42.296469],[24.911184,42.296795],[24.915571,42.295415],[24.917386,42.294776],[24.924249,42.29259],[24.922767,42.289883],[24.922588,42.289591],[24.922584,42.289398],[24.922619,42.289387],[24.922369,42.288843],[24.922029,42.288288],[24.921637,42.287384],[24.921477,42.287077],[24.921328,42.286839],[24.921076,42.286716],[24.921042,42.28663],[24.92103,42.286524],[24.921044,42.286331],[24.921228,42.285724],[24.921354,42.285233],[24.921568,42.284598],[24.921717,42.283931],[24.921886,42.283411],[24.92203,42.282743],[24.92212,42.282501],[24.922153,42.282315],[24.922212,42.282167],[24.922238,42.282036],[24.922207,42.281705],[24.922295,42.280891],[24.922463,42.278021],[24.918904,42.279142],[24.917155,42.279678],[24.915741,42.280077],[24.915239,42.280283],[24.914776,42.28043],[24.91388,42.280772],[24.91253,42.28113],[24.912386,42.281158],[24.912107,42.281258],[24.911887,42.281375],[24.911676,42.281458],[24.910997,42.281831],[24.910862,42.281933],[24.910605,42.282057],[24.909849,42.282257],[24.909596,42.28229]]]},"properties":{"cadreg":26}},{"type":"Feature","geometry":{"type":"Polygon","coordinates":[[[24.949501,42.268526],[24.948997,42.268588],[24.951256,42.270899],[24.952795,42.270869],[24.952801,42.271],[24.951959,42.271013],[24.951981,42.271281],[24.951733,42.271315],[24.951931,42.272018],[24.952358,42.271902],[24.952851,42.27169],[24.953249,42.271542],[24.953964,42.271375],[24.954261,42.271282],[24.954577,42.271228],[24.954685,42.271186],[24.954891,42.271191],[24.95497,42.271261],[24.954601,42.269732],[24.954547,42.269675],[24.952545,42.268355],[24.951979,42.268],[24.951897,42.267919],[24.951841,42.267831],[24.951275,42.268026],[24.950419,42.268295],[24.949501,42.268526]]]},"properties":{"cadreg":142}},{"type":"Feature","geometry":{"type":"Polygon","coordinates":[[[24.940269,42.28582],[24.9393,42.288814],[24.940583,42.289257],[24.940432,42.289585],[24.941265,42.289876],[24.942304,42.290272],[24.942645,42.290596],[24.942579,42.290867],[24.942659,42.290871],[24.942837,42.29098],[24.943388,42.29127],[24.94397,42.29156],[24.944413,42.291397],[24.94639,42.290603],[24.946949,42.289902],[24.946977,42.289778],[24.94719,42.288544],[24.947122,42.288348],[24.947826,42.285507],[24.947795,42.285373],[24.947597,42.285022],[24.947595,42.284959],[24.947467,42.284901],[24.945369,42.28415],[24.941328,42.28265],[24.94123,42.282681],[24.941174,42.282766],[24.940977,42.283365],[24.940269,42.28582]]]},"properties":{"cadreg":727}},{"type":"Feature","geometry":{"type":"Polygon","coordinates":[[[24.962244,42.291425],[24.961132,42.29157],[24.961054,42.291346],[24.960365,42.291432],[24.960508,42.292322],[24.960663,42.292837],[24.960698,42.292831],[24.960774,42.293104],[24.96115,42.293048],[24.961263,42.293442],[24.96174,42.293362],[24.961857,42.293647],[24.961953,42.293623],[24.962019,42.293589],[24.962167,42.293477],[24.962262,42.293382],[24.962313,42.293371],[24.962333,42.293435],[24.962413,42.293378],[24.96262,42.293296],[24.963028,42.293323],[24.963238,42.293299],[24.963351,42.293134],[24.963101,42.293003],[24.962875,42.292911],[24.962557,42.29283],[24.962254,42.292825],[24.962216,42.292488],[24.962269,42.291951],[24.962244,42.291425]],[[24.962168,42.292984],[24.961637,42.293068],[24.961533,42.292489],[24.961884,42.292485],[24.961999,42.292511],[24.962168,42.292984]]]},"properties":{"cadreg":732}},{"type":"Feature","geometry":{"type":"Polygon","coordinates":[[[24.919686,42.258001],[24.919978,42.26283],[24.921893,42.26212],[24.923419,42.261491],[24.923463,42.261458],[24.923546,42.261339],[24.923702,42.261094],[24.923569,42.260964],[24.923551,42.2609],[24.92354,42.257211],[24.919686,42.258001]]]},"properties":{"cadreg":60}},{"type":"Feature","geometry":{"type":"Polygon","coordinates":[[[24.945999,42.257062],[24.945681,42.257217],[24.942896,42.25844],[24.943594,42.259126],[24.943677,42.259087],[24.943883,42.25928],[24.944151,42.259581],[24.944457,42.259854],[24.944595,42.260022],[24.944728,42.260532],[24.949179,42.26115],[24.953017,42.261657],[24.954674,42.261839],[24.9574,42.259822],[24.959562,42.25834],[24.958605,42.258253],[24.950915,42.257146],[24.946455,42.256555],[24.945999,42.257062]]]},"properties":{"cadreg":10}},{"type":"Feature","geometry":{"type":"Polygon","coordinates":[[[24.950411,42.303257],[24.950244,42.303313],[24.949926,42.303367],[24.949938,42.303591],[24.950275,42.304206],[24.950161,42.3047],[24.950186,42.30499],[24.951375,42.306765],[24.949088,42.307454],[24.948381,42.307775],[24.947791,42.307919],[24.945915,42.308492],[24.946293,42.309015],[24.946371,42.309238],[24.946559,42.310478],[24.946538,42.310693],[24.946441,42.310904],[24.94601,42.311512],[24.94596,42.311663],[24.946646,42.312729],[24.947606,42.314281],[24.947587,42.314381],[24.947398,42.314698],[24.947231,42.314875],[24.947329,42.31525],[24.947788,42.316152],[24.947799,42.317057],[24.947873,42.318409],[24.94784,42.318612],[24.947827,42.319564],[24.949223,42.320582],[24.951377,42.322387],[24.952519,42.323886],[24.952735,42.324046],[24.953601,42.324394],[24.953788,42.324531],[24.954586,42.325818],[24.955136,42.32691],[24.957107,42.326339],[24.959542,42.325523],[24.959628,42.325516],[24.961546,42.324951],[24.965325,42.323744],[24.959389,42.315035],[24.959329,42.314844],[24.957899,42.312753],[24.954635,42.30789],[24.953606,42.306321],[24.953387,42.306028],[24.951336,42.303043],[24.95121,42.303095],[24.950411,42.303257]]]},"properties":{"cadreg":703}},{"type":"Feature","geometry":{"type":"Polygon","coordinates":[[[24.884454,42.27643],[24.880237,42.279834],[24.881878,42.291084],[24.88283,42.290725],[24.883376,42.290499],[24.884952,42.290027],[24.885194,42.282897],[24.885377,42.278545],[24.885398,42.278476],[24.885482,42.278349],[24.88557,42.278258],[24.885426,42.27807],[24.885285,42.277842],[24.885247,42.27772],[24.885227,42.277191],[24.885234,42.276739],[24.885169,42.27657],[24.885035,42.276495],[24.884454,42.27643]]]},"properties":{"cadreg":31}},{"type":"Feature","geometry":{"type":"Polygon","coordinates":[[[24.918908,42.269003],[24.918258,42.271459],[24.921713,42.271389],[24.922829,42.27006],[24.924596,42.268904],[24.924641,42.268852],[24.92462,42.268825],[24.918947,42.268919],[24.918908,42.269003]]]},"properties":{"cadreg":45}},{"type":"Feature","geometry":{"type":"Polygon","coordinates":[[[24.919088,42.266318],[24.919192,42.266871],[24.919171,42.267535],[24.919215,42.267896],[24.919159,42.268317],[24.918947,42.268919],[24.92462,42.268825],[24.92494,42.268522],[24.925664,42.267755],[24.925857,42.267517],[24.926344,42.267063],[24.926692,42.266524],[24.926851,42.26616],[24.919088,42.266318]]]},"properties":{"cadreg":47}},{"type":"Feature","geometry":{"type":"Polygon","coordinates":[[[24.933459,42.241942],[24.928231,42.241583],[24.926839,42.241548],[24.925536,42.241473],[24.924919,42.241423],[24.924988,42.241597],[24.925061,42.241659],[24.925104,42.241727],[24.925128,42.242114],[24.925214,42.242445],[24.92522,42.242618],[24.925181,42.242766],[24.925133,42.242814],[24.925155,42.24289],[24.925257,42.242946],[24.92535,42.243094],[24.925299,42.243211],[24.925217,42.24329],[24.925206,42.24346],[24.925294,42.24354],[24.925335,42.243654],[24.925281,42.243743],[24.925297,42.243826],[24.925271,42.24392],[24.925076,42.244097],[24.925078,42.244171],[24.925169,42.24426],[24.925249,42.244295],[24.925255,42.24435],[24.925194,42.244436],[24.925194,42.244537],[24.925171,42.244578],[24.925041,42.244611],[24.924985,42.244655],[24.924937,42.244759],[24.924941,42.244887],[24.925037,42.244948],[24.925175,42.244955],[24.925321,42.244938],[24.925213,42.245009],[24.925098,42.245113],[24.925009,42.245142],[24.924951,42.245138],[24.924695,42.245202],[24.924587,42.245298],[24.924517,42.245462],[24.924417,42.245531],[24.92431,42.245657],[24.924321,42.245766],[24.924267,42.246006],[24.924181,42.246201],[24.923938,42.246575],[24.923743,42.24703],[24.923667,42.247097],[24.923576,42.247222],[24.923457,42.247502],[24.923428,42.247659],[24.923423,42.247875],[24.923303,42.248199],[24.923296,42.24834],[24.923304,42.24846],[24.923504,42.24883],[24.923618,42.24893],[24.923711,42.249057],[24.923828,42.249143],[24.923972,42.249346],[24.924192,42.249483],[24.924217,42.249543],[24.924152,42.249753],[24.924205,42.249869],[24.924308,42.249978],[24.924353,42.250086],[24.92433,42.250298],[24.924778,42.250434],[24.924914,42.250525],[24.925069,42.250686],[24.925191,42.250929],[24.925227,42.251082],[24.925074,42.251236],[24.925023,42.251316],[24.925045,42.251392],[24.925169,42.251466],[24.925295,42.251577],[24.925323,42.251632],[24.925293,42.251784],[24.925385,42.251829],[24.925485,42.251931],[24.925515,42.252161],[24.925576,42.252206],[24.925731,42.252202],[24.925838,42.252267],[24.925846,42.252288],[24.925748,42.252528],[24.925652,42.252642],[24.925661,42.252805],[24.925695,42.252942],[24.925978,42.253393],[24.926165,42.253397],[24.926336,42.25348],[24.926524,42.253541],[24.92673,42.25363],[24.927525,42.253988],[24.927936,42.254362],[24.928597,42.25509],[24.928794,42.255334],[24.929425,42.254981],[24.929688,42.254788],[24.930288,42.254436],[24.930566,42.254248],[24.93162,42.253664],[24.93191,42.253461],[24.932205,42.253305],[24.932781,42.252968],[24.932711,42.252802],[24.932667,42.252601],[24.932813,42.250793],[24.932768,42.250475],[24.933021,42.247031],[24.933459,42.241942]]]},"properties":{"cadreg":65}},{"type":"Feature","geometry":{"type":"Polygon","coordinates":[[[24.973761,42.246287],[24.973755,42.246329],[24.973822,42.24633],[24.973623,42.247584],[24.973572,42.247588],[24.974128,42.249966],[24.974693,42.252246],[24.975167,42.254752],[24.975683,42.257041],[24.976178,42.259393],[24.97637,42.259313],[24.977339,42.259008],[24.981723,42.257561],[24.986636,42.255889],[24.986834,42.255321],[24.988545,42.249652],[24.989059,42.247821],[24.976272,42.244916],[24.97419,42.244457],[24.967049,42.242825],[24.967017,42.242936],[24.966999,42.242932],[24.966995,42.242949],[24.974065,42.244524],[24.97381,42.24629],[24.973761,42.246287]]]},"properties":{"cadreg":79}},{"type":"Feature","geometry":{"type":"Polygon","coordinates":[[[24.960365,42.291432],[24.959086,42.291517],[24.959084,42.291787],[24.958363,42.291674],[24.957701,42.291675],[24.95775,42.292041],[24.957913,42.292018],[24.958172,42.29194],[24.958314,42.291926],[24.958356,42.29211],[24.958747,42.292088],[24.959471,42.292235],[24.959517,42.292519],[24.96022,42.292454],[24.960293,42.292892],[24.960663,42.292837],[24.960508,42.292322],[24.960365,42.291432]]]},"properties":{"cadreg":731}},{"type":"Feature","geometry":{"type":"Polygon","coordinates":[[[24.94203,42.256526],[24.941897,42.25683],[24.941406,42.258965],[24.941746,42.258848],[24.941766,42.258873],[24.941992,42.258772],[24.942006,42.258829],[24.945681,42.257217],[24.945999,42.257062],[24.946455,42.256555],[24.94638,42.256525],[24.943975,42.256136],[24.944013,42.256018],[24.942744,42.255784],[24.942186,42.25657],[24.94203,42.256526]]]},"properties":{"cadreg":136}},{"type":"Feature","geometry":{"type":"Polygon","coordinates":[[[24.919129,42.300166],[24.919067,42.300286],[24.918958,42.300352],[24.918686,42.300415],[24.917646,42.300406],[24.915315,42.300314],[24.914813,42.300277],[24.914409,42.300473],[24.914087,42.300545],[24.914723,42.300886],[24.914916,42.301057],[24.915245,42.301477],[24.916305,42.302923],[24.916373,42.302958],[24.91674,42.303447],[24.917296,42.304266],[24.91752,42.304436],[24.917431,42.304541],[24.917291,42.304839],[24.917077,42.305399],[24.916952,42.305649],[24.916851,42.305907],[24.916173,42.3057],[24.916065,42.305765],[24.916035,42.306019],[24.915792,42.306751],[24.91565,42.307076],[24.915508,42.307621],[24.915349,42.308021],[24.914956,42.311379],[24.914967,42.311449],[24.915093,42.31162],[24.915181,42.311671],[24.915951,42.311963],[24.917132,42.311847],[24.917337,42.312184],[24.917335,42.312364],[24.9174,42.31245],[24.917413,42.312515],[24.917404,42.312587],[24.917163,42.312913],[24.917156,42.312986],[24.917292,42.313068],[24.917566,42.313117],[24.917779,42.313184],[24.91784,42.313214],[24.917846,42.313261],[24.917618,42.313343],[24.917373,42.313486],[24.917305,42.313552],[24.917218,42.313722],[24.917032,42.313918],[24.917012,42.314037],[24.917119,42.314126],[24.917273,42.313927],[24.91735,42.313753],[24.917464,42.313613],[24.917548,42.313534],[24.91772,42.313425],[24.917844,42.313364],[24.917953,42.313333],[24.918395,42.313238],[24.918574,42.313216],[24.919427,42.312869],[24.919769,42.312847],[24.919889,42.312866],[24.920254,42.312971],[24.92075,42.313188],[24.920938,42.313198],[24.921312,42.313095],[24.921511,42.312985],[24.921835,42.312773],[24.921921,42.312751],[24.922,42.31261],[24.922008,42.312527],[24.921896,42.312291],[24.921741,42.312053],[24.921492,42.311604],[24.921226,42.310974],[24.920896,42.310366],[24.920897,42.310268],[24.920932,42.310181],[24.920996,42.310104],[24.922107,42.309681],[24.922078,42.309632],[24.924324,42.308792],[24.924633,42.308701],[24.924383,42.308267],[24.924345,42.308159],[24.923847,42.307211],[24.923638,42.306646],[24.923629,42.306554],[24.923265,42.305858],[24.922381,42.304326],[24.922346,42.304276],[24.922324,42.304283],[24.922224,42.304099],[24.921742,42.303359],[24.921517,42.303081],[24.921418,42.302832],[24.921222,42.302548],[24.921145,42.302395],[24.920821,42.301876],[24.920256,42.300998],[24.920181,42.300868],[24.92013,42.300722],[24.919821,42.300188],[24.919905,42.300146],[24.9195,42.299628],[24.919384,42.29933],[24.919358,42.299191],[24.919445,42.298625],[24.919367,42.298673],[24.919222,42.299471],[24.919197,42.299663],[24.9192,42.299865],[24.919129,42.300166]]]},"properties":{"cadreg":14}},{"type":"Feature","geometry":{"type":"Polygon","coordinates":[[[24.941564,42.262503],[24.941058,42.26246],[24.941036,42.262483],[24.94099,42.262478],[24.941043,42.262727],[24.941268,42.26319],[24.942043,42.264635],[24.942128,42.264636],[24.942499,42.265437],[24.942573,42.265495],[24.942665,42.265521],[24.944483,42.265577],[24.944516,42.265427],[24.944622,42.264193],[24.944663,42.26334],[24.944659,42.26289],[24.94462,42.262805],[24.944658,42.262781],[24.941735,42.262521],[24.941739,42.262483],[24.941583,42.262473],[24.941564,42.262503]]]},"properties":{"cadreg":138}},{"type":"Feature","geometry":{"type":"MultiPolygon","coordinates":[[[[24.907664,42.269556],[24.907976,42.269634],[24.908022,42.269694],[24.908028,42.269609],[24.907676,42.269521],[24.907035,42.269433],[24.906297,42.26927],[24.905389,42.269044],[24.905384,42.269081],[24.906215,42.269289],[24.907024,42.269468],[24.907664,42.269556]]],[[[24.939219,42.276317],[24.93999,42.276356],[24.941235,42.276457],[24.941233,42.276322],[24.940018,42.276212],[24.939108,42.276148],[24.939103,42.276248],[24.939137,42.276298],[24.939219,42.276317]]],[[[24.966317,42.294782],[24.965289,42.29508],[24.965122,42.294196],[24.965077,42.2942],[24.965128,42.294461],[24.965079,42.294466],[24.965212,42.295182],[24.965332,42.295187],[24.966229,42.294919],[24.966203,42.294874],[24.966342,42.294827],[24.966317,42.294782]]]]},"properties":{"cadreg":33}},{"type":"Feature","geometry":{"type":"Polygon","coordinates":[[[24.961977,42.282126],[24.962674,42.281744],[24.962843,42.281879],[24.962984,42.282105],[24.962536,42.282148],[24.96293,42.282859],[24.963516,42.282755],[24.963413,42.282099],[24.963929,42.282069],[24.963865,42.281638],[24.963346,42.281678],[24.963086,42.281672],[24.96254,42.281687],[24.962271,42.281584],[24.961791,42.28135],[24.961198,42.281741],[24.961393,42.282003],[24.961454,42.282025],[24.9617,42.282249],[24.961977,42.282126]]]},"properties":{"cadreg":740}},{"type":"Feature","geometry":{"type":"Polygon","coordinates":[[[24.946953,42.294206],[24.95023,42.299443],[24.9504,42.299368],[24.95041,42.298743],[24.950612,42.298223],[24.951362,42.297599],[24.95168,42.297509],[24.949844,42.294576],[24.946953,42.294206]]]},"properties":{"cadreg":765}},{"type":"Feature","geometry":{"type":"Polygon","coordinates":[[[24.939453,42.263118],[24.936606,42.263422],[24.936686,42.263553],[24.937187,42.264605],[24.937641,42.264561],[24.938041,42.264542],[24.938505,42.264464],[24.938887,42.264441],[24.938929,42.264445],[24.938983,42.26466],[24.939624,42.264598],[24.941366,42.264625],[24.941353,42.264181],[24.941405,42.263797],[24.941443,42.263788],[24.941408,42.26372],[24.941366,42.263746],[24.941323,42.263736],[24.940791,42.262794],[24.94072,42.262477],[24.940808,42.261264],[24.940758,42.26172],[24.940644,42.262373],[24.940695,42.26258],[24.94074,42.263703],[24.93956,42.263761],[24.939453,42.263118]]]},"properties":{"cadreg":54}},{"type":"Feature","geometry":{"type":"Polygon","coordinates":[[[24.981767,42.297147],[24.979908,42.29925],[24.981687,42.300369],[24.987536,42.303994],[24.987722,42.303538],[24.987965,42.303617],[24.988161,42.303444],[24.990998,42.305219],[24.991506,42.304885],[24.991617,42.304871],[24.992401,42.305132],[24.99283,42.304482],[24.991322,42.303412],[24.989659,42.302306],[24.988166,42.303356],[24.987944,42.303552],[24.987744,42.303486],[24.988313,42.302095],[24.988395,42.301634],[24.988363,42.301187],[24.988336,42.301139],[24.985897,42.299607],[24.983959,42.298256],[24.982951,42.298431],[24.982737,42.298418],[24.98217,42.29773],[24.981767,42.297147]]]},"properties":{"cadreg":714}},{"type":"Feature","geometry":{"type":"Polygon","coordinates":[[[24.90976,42.247637],[24.909904,42.253563],[24.910014,42.255818],[24.910028,42.255805],[24.912853,42.255671],[24.913589,42.255531],[24.913936,42.255526],[24.913629,42.249085],[24.913188,42.240607],[24.913127,42.240603],[24.912688,42.240456],[24.912673,42.240456],[24.912676,42.240509],[24.912398,42.240498],[24.91261,42.240768],[24.912726,42.243043],[24.912805,42.2458],[24.912778,42.246118],[24.90976,42.247637]]]},"properties":{"cadreg":62}},{"type":"Feature","geometry":{"type":"Polygon","coordinates":[[[24.948506,42.300425],[24.945315,42.301866],[24.945358,42.301933],[24.945194,42.301996],[24.9453,42.302153],[24.945263,42.302302],[24.945434,42.302536],[24.945392,42.302554],[24.945212,42.302307],[24.94514,42.302352],[24.945114,42.302705],[24.944914,42.303063],[24.944533,42.303431],[24.944283,42.303341],[24.944557,42.304226],[24.944795,42.305094],[24.94495,42.30534],[24.945129,42.305272],[24.94507,42.305177],[24.9489,42.303478],[24.950094,42.303239],[24.950066,42.303165],[24.950165,42.303147],[24.948506,42.300425]]]},"properties":{"cadreg":68}},{"type":"Feature","geometry":{"type":"Polygon","coordinates":[[[24.9489,42.303478],[24.94507,42.305177],[24.945129,42.305272],[24.94495,42.30534],[24.945057,42.305511],[24.945247,42.306173],[24.94539,42.307138],[24.945915,42.308492],[24.947791,42.307919],[24.948381,42.307775],[24.949088,42.307454],[24.951375,42.306765],[24.950186,42.30499],[24.950161,42.3047],[24.950275,42.304206],[24.949938,42.303591],[24.949926,42.303367],[24.948943,42.303576],[24.9489,42.303478]]]},"properties":{"cadreg":69}},{"type":"Feature","geometry":{"type":"Polygon","coordinates":[[[24.943351,42.292793],[24.943397,42.29274],[24.943985,42.291614],[24.943665,42.291583],[24.943416,42.291491],[24.943388,42.29127],[24.942837,42.29098],[24.94184,42.290983],[24.941752,42.290486],[24.941343,42.290257],[24.941011,42.290421],[24.940747,42.290244],[24.940333,42.290276],[24.939097,42.289386],[24.938453,42.291464],[24.938594,42.291565],[24.938558,42.292503],[24.93877,42.292755],[24.938947,42.292819],[24.940777,42.293624],[24.941926,42.294182],[24.942155,42.294366],[24.942227,42.294529],[24.942192,42.295035],[24.942491,42.295299],[24.942578,42.295972],[24.942827,42.296451],[24.942786,42.296763],[24.942883,42.297116],[24.943903,42.29814],[24.943799,42.299384],[24.943858,42.299547],[24.94384,42.300005],[24.943632,42.300395],[24.943567,42.30047],[24.943664,42.300665],[24.943377,42.300802],[24.943641,42.301307],[24.943813,42.301496],[24.943995,42.301564],[24.944424,42.302138],[24.944895,42.301933],[24.945055,42.301931],[24.944722,42.301414],[24.944134,42.300398],[24.944146,42.300325],[24.944604,42.299902],[24.945102,42.299367],[24.945976,42.298536],[24.946789,42.297577],[24.947,42.297399],[24.946972,42.297359],[24.946726,42.297224],[24.946609,42.297087],[24.946563,42.297078],[24.94617,42.297172],[24.946087,42.297133],[24.945815,42.296718],[24.945591,42.295569],[24.945609,42.295469],[24.945867,42.295218],[24.945746,42.294885],[24.945444,42.294668],[24.945348,42.294561],[24.945189,42.294309],[24.945,42.294114],[24.944832,42.293885],[24.943243,42.293686],[24.943351,42.292793]]]},"properties":{"cadreg":70}},{"type":"Feature","geometry":{"type":"Polygon","coordinates":[[[24.917194,42.314168],[24.917634,42.314187],[24.917707,42.314217],[24.917768,42.314253],[24.917799,42.314304],[24.917802,42.314365],[24.917855,42.314434],[24.918156,42.314572],[24.918218,42.314635],[24.918273,42.314787],[24.918334,42.314821],[24.918411,42.314813],[24.918506,42.314761],[24.91856,42.31471],[24.918601,42.314707],[24.918686,42.314766],[24.91888,42.314988],[24.918964,42.31517],[24.919175,42.3154],[24.919196,42.315448],[24.919114,42.315582],[24.919085,42.315662],[24.919088,42.315733],[24.919163,42.315961],[24.91926,42.316178],[24.919401,42.316384],[24.919705,42.316683],[24.91985,42.316784],[24.920137,42.316913],[24.92053,42.317151],[24.920613,42.317227],[24.921013,42.317459],[24.921295,42.317602],[24.921464,42.317761],[24.921514,42.317968],[24.921537,42.318215],[24.921563,42.318302],[24.921588,42.318374],[24.921683,42.31849],[24.921714,42.318556],[24.921698,42.318615],[24.921343,42.31904],[24.921116,42.319256],[24.921103,42.319344],[24.921016,42.319559],[24.920985,42.319685],[24.920861,42.319894],[24.920948,42.319947],[24.921094,42.319708],[24.921162,42.319386],[24.921368,42.319136],[24.92146,42.319117],[24.92154,42.318955],[24.92162,42.318841],[24.921854,42.318594],[24.92181,42.31844],[24.921744,42.318368],[24.921648,42.317926],[24.921618,42.317865],[24.921602,42.317716],[24.92098,42.317307],[24.921684,42.316982],[24.921301,42.31452],[24.921399,42.314545],[24.921502,42.314547],[24.921705,42.314506],[24.922335,42.314729],[24.922373,42.314797],[24.922383,42.314964],[24.922704,42.31509],[24.922977,42.315422],[24.923013,42.315837],[24.92306,42.316061],[24.92328,42.316337],[24.923564,42.316529],[24.923818,42.316851],[24.923914,42.317292],[24.92407,42.317463],[24.924435,42.317279],[24.924468,42.317234],[24.924385,42.316692],[24.924847,42.316398],[24.924836,42.316272],[24.924503,42.316164],[24.924343,42.316143],[24.924064,42.31606],[24.92399,42.315705],[24.924002,42.315593],[24.924164,42.315432],[24.924406,42.315444],[24.924505,42.315376],[24.92451,42.315388],[24.924564,42.315388],[24.924626,42.315367],[24.924893,42.315113],[24.924911,42.315061],[24.924846,42.314858],[24.924462,42.314221],[24.924619,42.314312],[24.924668,42.31436],[24.924716,42.314363],[24.924747,42.314331],[24.924717,42.314257],[24.923586,42.313675],[24.923507,42.31355],[24.922938,42.313248],[24.921925,42.312751],[24.921835,42.312773],[24.921511,42.312985],[24.921312,42.313095],[24.920938,42.313198],[24.92075,42.313188],[24.920254,42.312971],[24.919889,42.312866],[24.919769,42.312847],[24.919427,42.312869],[24.918574,42.313216],[24.918395,42.313238],[24.917953,42.313333],[24.917844,42.313364],[24.91772,42.313425],[24.917548,42.313534],[24.91735,42.313753],[24.917273,42.313927],[24.917119,42.314126],[24.917194,42.314168]]]},"properties":{"cadreg":7}},{"type":"Feature","geometry":{"type":"Polygon","coordinates":[[[25.006156,42.26025],[25.006072,42.261525],[25.006085,42.261646],[25.006104,42.261741],[25.006193,42.261921],[25.006448,42.262227],[25.008217,42.261557],[25.008769,42.26236],[25.00709,42.262996],[25.007582,42.263583],[25.007502,42.263612],[25.007523,42.263695],[25.007607,42.263822],[25.007798,42.263875],[25.00816,42.264224],[25.008273,42.264308],[25.009041,42.264673],[25.009264,42.26474],[25.009455,42.264783],[25.009903,42.264714],[25.010015,42.26474],[25.010313,42.26494],[25.012387,42.26453],[25.014062,42.264108],[25.014309,42.264081],[25.014603,42.264124],[25.014704,42.264223],[25.014951,42.264416],[25.015106,42.264478],[25.015193,42.264467],[25.018169,42.263715],[25.018344,42.263737],[25.018428,42.263784],[25.018944,42.264227],[25.019657,42.264528],[25.01984,42.264652],[25.021453,42.266019],[25.021568,42.266087],[25.022151,42.266034],[25.022552,42.2659],[25.023386,42.265739],[25.023586,42.265617],[25.023742,42.265476],[25.023873,42.265249],[25.023952,42.265044],[25.024019,42.264503],[25.024033,42.264012],[25.024005,42.263286],[25.023939,42.262572],[25.023952,42.262463],[25.024157,42.262128],[25.023754,42.260422],[25.021447,42.260231],[25.020425,42.259986],[25.019084,42.259966],[25.018307,42.260026],[25.017597,42.259999],[25.015031,42.260159],[25.013568,42.260355],[25.013038,42.260336],[25.012257,42.260226],[25.011601,42.260289],[25.007935,42.259892],[25.006377,42.259772],[25.006156,42.26025]]]},"properties":{"cadreg":721}},{"type":"Feature","geometry":{"type":"Polygon","coordinates":[[[24.96478,42.302028],[24.964174,42.302076],[24.963337,42.302364],[24.963672,42.30277],[24.964479,42.303651],[24.965988,42.305459],[24.965275,42.304429],[24.965468,42.304372],[24.967189,42.304592],[24.967186,42.304302],[24.967052,42.303818],[24.96655,42.303804],[24.966369,42.303514],[24.965958,42.303533],[24.965745,42.303026],[24.965687,42.302948],[24.965602,42.302677],[24.965593,42.30237],[24.965437,42.302092],[24.965413,42.301979],[24.965902,42.301925],[24.965893,42.30185],[24.965183,42.301914],[24.964781,42.301908],[24.964823,42.302007],[24.96478,42.302028]]]},"properties":{"cadreg":729}},{"type":"Feature","geometry":{"type":"Polygon","coordinates":[[[24.974262,42.281564],[24.974888,42.280748],[24.975069,42.280541],[24.974931,42.280434],[24.973187,42.281091],[24.973098,42.281174],[24.974262,42.281564]]]},"properties":{"cadreg":730}},{"type":"Feature","geometry":{"type":"MultiPolygon","coordinates":[[[[24.964343,42.294006],[24.964442,42.294509],[24.964737,42.294484],[24.964753,42.294651],[24.965109,42.294647],[24.965079,42.294466],[24.964763,42.294502],[24.964623,42.293986],[24.964343,42.294006]]],[[[24.96613,42.294105],[24.965122,42.294196],[24.965289,42.29508],[24.966317,42.294782],[24.966215,42.294595],[24.966372,42.294561],[24.966382,42.294489],[24.96627,42.294148],[24.96613,42.294105]]]]},"properties":{"cadreg":733}},{"type":"Feature","geometry":{"type":"Polygon","coordinates":[[[24.959835,42.283097],[24.959621,42.282785],[24.959551,42.282712],[24.959391,42.282441],[24.958384,42.282802],[24.957435,42.283085],[24.958515,42.283569],[24.958735,42.283775],[24.959949,42.284324],[24.960027,42.284319],[24.959857,42.284033],[24.960811,42.283665],[24.961007,42.283962],[24.962034,42.283572],[24.961832,42.283214],[24.961842,42.283177],[24.961793,42.283121],[24.961688,42.283117],[24.961591,42.282985],[24.960055,42.283467],[24.960066,42.283439],[24.959889,42.28318],[24.959817,42.283107],[24.959835,42.283097]]]},"properties":{"cadreg":741}},{"type":"Feature","geometry":{"type":"Polygon","coordinates":[[[24.953989,42.296851],[24.951362,42.297599],[24.950612,42.298223],[24.95041,42.298743],[24.9504,42.299368],[24.950034,42.29953],[24.949034,42.299879],[24.94848,42.300384],[24.950165,42.303147],[24.950066,42.303165],[24.950094,42.303239],[24.9489,42.303478],[24.948943,42.303576],[24.949926,42.303367],[24.950244,42.303313],[24.950411,42.303257],[24.95121,42.303095],[24.951336,42.303043],[24.953555,42.306268],[24.956764,42.30502],[24.958843,42.304168],[24.957686,42.302441],[24.957649,42.302414],[24.957203,42.301776],[24.957062,42.301728],[24.955857,42.29981],[24.954914,42.298349],[24.953989,42.296851]]]},"properties":{"cadreg":743}},{"type":"Feature","geometry":{"type":"Polygon","coordinates":[[[24.963058,42.293397],[24.962888,42.293439],[24.962821,42.293632],[24.962848,42.293908],[24.962958,42.2941],[24.962972,42.294083],[24.963691,42.294053],[24.963584,42.293667],[24.963084,42.293525],[24.963141,42.293441],[24.963058,42.293397]]]},"properties":{"cadreg":744}},{"type":"Feature","geometry":{"type":"Polygon","coordinates":[[[24.978629,42.32122],[24.973495,42.322886],[24.973293,42.32306],[24.973116,42.323327],[24.973058,42.323509],[24.972977,42.323599],[24.97356,42.323769],[24.974391,42.324099],[24.97487,42.324132],[24.975093,42.324179],[24.976419,42.324993],[24.976921,42.325353],[24.977423,42.326079],[24.97797,42.326996],[24.978096,42.326969],[24.978119,42.32702],[24.978485,42.326936],[24.98182,42.325867],[24.981049,42.324422],[24.979668,42.32268],[24.97892,42.321682],[24.978629,42.32122]]]},"properties":{"cadreg":746}},{"type":"Feature","geometry":{"type":"Polygon","coordinates":[[[24.978485,42.326936],[24.978119,42.32702],[24.978096,42.326969],[24.97797,42.326996],[24.978028,42.327094],[24.978204,42.327647],[24.978458,42.328121],[24.978998,42.32881],[24.982968,42.327334],[24.98182,42.325867],[24.978485,42.326936]]]},"properties":{"cadreg":706}},{"type":"Feature","geometry":{"type":"Polygon","coordinates":[[[24.998828,42.315436],[24.998501,42.315545],[24.998196,42.315825],[24.997924,42.316318],[24.997468,42.316543],[24.997381,42.31674],[24.997361,42.317272],[24.997443,42.317986],[24.997807,42.318785],[24.997721,42.319361],[24.997819,42.319531],[24.997758,42.31955],[24.997882,42.319775],[24.997978,42.320376],[24.99746,42.320583],[24.997731,42.321159],[24.998194,42.322008],[24.998062,42.322377],[24.998292,42.322794],[24.998157,42.322835],[24.998594,42.323616],[25.002534,42.322396],[25.007911,42.320768],[25.005794,42.318964],[25.004099,42.318223],[25.003227,42.317901],[25.002865,42.317695],[25.001197,42.316346],[25.001207,42.316229],[25.000604,42.315977],[24.99998,42.315671],[24.999919,42.315724],[24.999702,42.315723],[24.999095,42.31539],[24.998828,42.315436]]]},"properties":{"cadreg":708}},{"type":"Feature","geometry":{"type":"Polygon","coordinates":[[[24.984916,42.308124],[24.984146,42.307764],[24.98413,42.307818],[24.983775,42.307822],[24.983435,42.307722],[24.983156,42.30783],[24.98293,42.307971],[24.982825,42.308172],[24.982858,42.308462],[24.98301,42.308765],[24.983365,42.308893],[24.983759,42.30912],[24.98396,42.309177],[24.984398,42.309359],[24.984469,42.309567],[24.985327,42.309742],[24.985689,42.311231],[24.985771,42.311471],[24.986551,42.312817],[24.987778,42.313032],[24.987764,42.313078],[24.988,42.313136],[24.988163,42.313297],[24.988192,42.313518],[24.987966,42.31386],[24.987719,42.314024],[24.987605,42.314249],[24.989265,42.313302],[24.98713,42.312732],[24.986457,42.312241],[24.985865,42.311512],[24.985025,42.308061],[24.984959,42.308066],[24.984916,42.308124]]]},"properties":{"cadreg":71}},{"type":"Feature","geometry":{"type":"Polygon","coordinates":[[[24.977862,42.301592],[24.978929,42.302306],[24.983352,42.305097],[24.983428,42.305114],[24.986594,42.307134],[24.992843,42.31105],[24.992922,42.311126],[24.992989,42.311167],[24.993117,42.311203],[24.996945,42.31361],[24.997474,42.313984],[24.998213,42.313437],[24.998263,42.313341],[24.99809,42.311976],[24.997118,42.311246],[24.996892,42.310905],[24.996885,42.31062],[24.995695,42.309831],[24.995398,42.309839],[24.995659,42.309681],[24.995467,42.309662],[24.995344,42.309616],[24.995315,42.309553],[24.995653,42.309147],[24.995697,42.308841],[24.995534,42.308584],[24.994808,42.308085],[24.994234,42.307919],[24.993945,42.307735],[24.993722,42.307503],[24.993278,42.308484],[24.993214,42.308429],[24.993283,42.308151],[24.993614,42.307507],[24.993694,42.30731],[24.993761,42.307219],[24.993781,42.307219],[24.994101,42.306615],[24.994062,42.306589],[24.994047,42.30645],[24.994079,42.306433],[24.994689,42.305677],[24.994119,42.305465],[24.993023,42.305394],[24.992401,42.305132],[24.991617,42.304871],[24.991506,42.304885],[24.99048,42.305561],[24.990416,42.305563],[24.98938,42.30468],[24.989315,42.304657],[24.988669,42.304572],[24.988456,42.304642],[24.98837,42.304691],[24.987775,42.305345],[24.987523,42.305521],[24.987239,42.305687],[24.987111,42.305672],[24.986633,42.304729],[24.986901,42.304686],[24.987412,42.304224],[24.987458,42.304015],[24.987524,42.304047],[24.987536,42.303994],[24.981687,42.300369],[24.979908,42.29925],[24.977862,42.301592]]]},"properties":{"cadreg":713}},{"type":"Feature","geometry":{"type":"Polygon","coordinates":[[[24.928708,42.259921],[24.928133,42.265215],[24.928153,42.265323],[24.933264,42.264097],[24.933276,42.264028],[24.933481,42.263779],[24.933604,42.263564],[24.93389,42.262786],[24.935303,42.261608],[24.935588,42.261306],[24.935,42.259386],[24.934819,42.259403],[24.934765,42.259236],[24.934536,42.259263],[24.930791,42.259455],[24.929766,42.259547],[24.92862,42.259785],[24.928601,42.259864],[24.928614,42.259944],[24.928708,42.259921]]]},"properties":{"cadreg":50}},{"type":"Feature","geometry":{"type":"Polygon","coordinates":[[[24.925131,42.257109],[24.923539,42.25705],[24.923551,42.2609],[24.923569,42.260964],[24.923702,42.261094],[24.923818,42.260714],[24.923757,42.259973],[24.923784,42.259718],[24.924088,42.259315],[24.924203,42.259207],[24.92465,42.259025],[24.924665,42.258947],[24.924515,42.258568],[24.924545,42.25844],[24.924823,42.258261],[24.924832,42.258211],[24.924514,42.257724],[24.924793,42.257399],[24.924953,42.257373],[24.925172,42.257377],[24.925275,42.25727],[24.925298,42.257211],[24.925296,42.257129],[24.925285,42.257077],[24.925131,42.257109]]]},"properties":{"cadreg":59}},{"type":"Feature","geometry":{"type":"Polygon","coordinates":[[[24.935588,42.261306],[24.935303,42.261608],[24.93389,42.262786],[24.933604,42.263564],[24.933481,42.263779],[24.933276,42.264028],[24.933264,42.264097],[24.933392,42.264296],[24.934027,42.265535],[24.935559,42.265448],[24.937353,42.265447],[24.937418,42.265374],[24.937054,42.264618],[24.937187,42.264605],[24.936686,42.263553],[24.935826,42.262058],[24.935588,42.261306]]]},"properties":{"cadreg":52}},{"type":"Feature","geometry":{"type":"Polygon","coordinates":[[[24.959567,42.265008],[24.955188,42.261833],[24.956173,42.261084],[24.95612,42.261052],[24.954272,42.262472],[24.949988,42.265706],[24.951228,42.267933],[24.96083,42.264652],[24.963697,42.263687],[24.968616,42.26195],[24.968585,42.261905],[24.959567,42.265008]]]},"properties":{"cadreg":149}},{"type":"Feature","geometry":{"type":"Polygon","coordinates":[[[24.927078,42.265658],[24.919029,42.265836],[24.919032,42.265979],[24.919088,42.266318],[24.926851,42.26616],[24.927078,42.265658]]]},"properties":{"cadreg":472}},{"type":"Feature","geometry":{"type":"Polygon","coordinates":[[[24.944622,42.264193],[24.944516,42.265427],[24.944483,42.265577],[24.946101,42.265625],[24.947668,42.267228],[24.948036,42.267135],[24.948396,42.266991],[24.948832,42.266761],[24.949171,42.266513],[24.950084,42.265571],[24.952806,42.26351],[24.952708,42.263498],[24.952999,42.263078],[24.954674,42.261839],[24.953017,42.261657],[24.949179,42.26115],[24.944728,42.260532],[24.944595,42.260022],[24.944457,42.259854],[24.944151,42.259581],[24.943883,42.25928],[24.943677,42.259087],[24.943594,42.259126],[24.942896,42.25844],[24.94282,42.258479],[24.944077,42.259766],[24.94443,42.260071],[24.944486,42.26019],[24.944515,42.260428],[24.944594,42.260781],[24.944711,42.261921],[24.944658,42.262781],[24.94462,42.262805],[24.944659,42.26289],[24.944663,42.26334],[24.944622,42.264193]]]},"properties":{"cadreg":139}},{"type":"Feature","geometry":{"type":"Polygon","coordinates":[[[24.989165,42.272734],[24.991026,42.271601],[24.99117,42.271536],[24.996161,42.268685],[24.996325,42.268627],[25.001009,42.265918],[25.001302,42.265829],[25.001393,42.265783],[25.001846,42.265626],[25.003414,42.265108],[25.007275,42.263861],[25.007607,42.263822],[25.007523,42.263695],[25.007502,42.263612],[25.007582,42.263583],[25.006193,42.261921],[25.006104,42.261741],[25.006072,42.261525],[25.006156,42.26025],[24.999316,42.26256],[24.997879,42.26301],[24.992409,42.264858],[24.992412,42.264961],[24.988765,42.266222],[24.984245,42.267755],[24.984357,42.267858],[24.984255,42.272186],[24.984162,42.274241],[24.984137,42.275618],[24.984802,42.27522],[24.989078,42.272769],[24.989165,42.272734]]]},"properties":{"cadreg":753}},{"type":"Feature","geometry":{"type":"Polygon","coordinates":[[[24.927933,42.267011],[24.927458,42.271184],[24.929155,42.271137],[24.929111,42.269041],[24.93025,42.26903],[24.930261,42.266938],[24.930298,42.266715],[24.930366,42.266539],[24.93059,42.266261],[24.930914,42.265998],[24.931102,42.265885],[24.931535,42.265722],[24.93177,42.265674],[24.932006,42.265648],[24.934027,42.265535],[24.933392,42.264296],[24.933264,42.264097],[24.928117,42.265332],[24.927978,42.266871],[24.927933,42.267011]]]},"properties":{"cadreg":49}},{"type":"Feature","geometry":{"type":"Polygon","coordinates":[[[24.933756,42.255519],[24.935013,42.259427],[24.935599,42.261339],[24.935961,42.261],[24.936324,42.260715],[24.937316,42.260273],[24.938699,42.259812],[24.940417,42.259186],[24.940535,42.259126],[24.940545,42.2591],[24.940913,42.259062],[24.941085,42.258989],[24.941248,42.258969],[24.941257,42.258931],[24.941161,42.258935],[24.941032,42.258964],[24.940877,42.25903],[24.941017,42.258934],[24.941642,42.256796],[24.941814,42.256418],[24.942259,42.255716],[24.942125,42.255667],[24.941649,42.256365],[24.941604,42.256454],[24.941498,42.25642],[24.941253,42.255669],[24.940756,42.255659],[24.940688,42.25564],[24.933756,42.255519]]]},"properties":{"cadreg":55}},{"type":"Feature","geometry":{"type":"Polygon","coordinates":[[[24.933459,42.241942],[24.933021,42.247031],[24.932768,42.250475],[24.932813,42.250793],[24.932667,42.252601],[24.932711,42.252802],[24.932781,42.252968],[24.932205,42.253305],[24.93191,42.253461],[24.93162,42.253664],[24.930566,42.254248],[24.930288,42.254436],[24.929688,42.254788],[24.929425,42.254981],[24.928794,42.255334],[24.928948,42.255532],[24.929026,42.255481],[24.929061,42.25536],[24.929154,42.255301],[24.932942,42.253076],[24.9333,42.252942],[24.934028,42.252451],[24.934395,42.252253],[24.934677,42.252149],[24.937055,42.250788],[24.937155,42.250695],[24.93814,42.250116],[24.939418,42.249237],[24.939488,42.248998],[24.944246,42.245831],[24.944331,42.245833],[24.948824,42.242966],[24.948775,42.242927],[24.939879,42.242425],[24.935037,42.242088],[24.933459,42.241942]]]},"properties":{"cadreg":77}},{"type":"Feature","geometry":{"type":"Polygon","coordinates":[[[24.924596,42.268904],[24.922829,42.27006],[24.921713,42.271389],[24.921977,42.271383],[24.921992,42.271368],[24.927176,42.271225],[24.927178,42.271207],[24.927254,42.271205],[24.927554,42.268811],[24.927975,42.264752],[24.92775,42.264756],[24.927754,42.264837],[24.9278,42.264901],[24.927065,42.265671],[24.926692,42.266524],[24.926344,42.267063],[24.925857,42.267517],[24.925664,42.267755],[24.92494,42.268522],[24.92462,42.268825],[24.924641,42.268852],[24.924596,42.268904]]]},"properties":{"cadreg":46}},{"type":"Feature","geometry":{"type":"MultiPolygon","coordinates":[[[[24.944864,42.276193],[24.945767,42.276298],[24.945763,42.276309],[24.945974,42.276335],[24.946151,42.276383],[24.947218,42.276583],[24.947329,42.276592],[24.94791,42.276547],[24.947923,42.276422],[24.947017,42.276335],[24.946166,42.276216],[24.946007,42.276178],[24.945484,42.276113],[24.944628,42.276052],[24.944513,42.276053],[24.944005,42.27611],[24.943998,42.276069],[24.943532,42.276107],[24.943552,42.276341],[24.943796,42.276329],[24.944474,42.276216],[24.944522,42.276188],[24.944603,42.276174],[24.944864,42.276193]]],[[[24.973534,42.287278],[24.97413,42.28751],[24.974217,42.287462],[24.974476,42.287173],[24.974443,42.287145],[24.974616,42.28691],[24.974752,42.28678],[24.975363,42.286009],[24.975256,42.285963],[24.9753,42.285927],[24.974894,42.285724],[24.974928,42.285687],[24.974725,42.285584],[24.974542,42.285784],[24.973685,42.286912],[24.973458,42.286832],[24.973206,42.287171],[24.973534,42.287278]]]]},"properties":{"cadreg":37}},{"type":"Feature","geometry":{"type":"Polygon","coordinates":[[[24.936246,42.278813],[24.934265,42.278869],[24.93423,42.279884],[24.935815,42.280458],[24.936057,42.27941],[24.936246,42.278813]]]},"properties":{"cadreg":39}},{"type":"Feature","geometry":{"type":"Polygon","coordinates":[[[25.000645,42.257528],[25.00096,42.258261],[25.002205,42.261589],[25.006166,42.260247],[25.006377,42.259772],[25.005731,42.256888],[25.000645,42.257528]]]},"properties":{"cadreg":242}},{"type":"Feature","geometry":{"type":"Polygon","coordinates":[[[24.90902,42.260503],[24.908326,42.26165],[24.906582,42.263292],[24.906083,42.263653],[24.907475,42.263895],[24.907974,42.263533],[24.908631,42.263648],[24.909748,42.263074],[24.910022,42.263235],[24.91266,42.260946],[24.913161,42.260209],[24.913406,42.259133],[24.913443,42.25806],[24.913117,42.258013],[24.90902,42.260503]]]},"properties":{"cadreg":445}},{"type":"Feature","geometry":{"type":"Polygon","coordinates":[[[25.022512,42.280705],[25.021629,42.281829],[25.020668,42.282699],[25.021326,42.283686],[25.021164,42.284228],[25.02119,42.284319],[25.021318,42.284512],[25.021421,42.284616],[25.021995,42.284922],[25.02236,42.285027],[25.022503,42.285038],[25.022928,42.284958],[25.023286,42.285065],[25.024772,42.285712],[25.025221,42.285828],[25.025687,42.287052],[25.026309,42.286983],[25.030797,42.286294],[25.032859,42.286108],[25.036442,42.285686],[25.036569,42.285599],[25.036585,42.285489],[25.03799,42.283332],[25.038538,42.279918],[25.039057,42.279418],[25.039377,42.278982],[25.040236,42.277703],[25.040185,42.277542],[25.034194,42.278182],[25.031281,42.278655],[25.031018,42.278725],[25.030141,42.278841],[25.028133,42.279144],[25.022763,42.279824],[25.022705,42.279907],[25.022628,42.280483],[25.022512,42.280705]]]},"properties":{"cadreg":751}},{"type":"Feature","geometry":{"type":"Polygon","coordinates":[[[24.88557,42.278258],[24.885798,42.278063],[24.88679,42.277415],[24.891885,42.273613],[24.892257,42.273347],[24.892309,42.27339],[24.892395,42.273326],[24.893235,42.272541],[24.893247,42.272519],[24.893185,42.27248],[24.893224,42.272417],[24.893262,42.272433],[24.894066,42.271128],[24.894855,42.270053],[24.895316,42.269228],[24.895443,42.269457],[24.895533,42.269149],[24.895828,42.268803],[24.898434,42.267266],[24.897987,42.266813],[24.897174,42.267273],[24.89668,42.267406],[24.896128,42.267647],[24.895311,42.267865],[24.894801,42.268063],[24.893897,42.268328],[24.893174,42.268649],[24.892992,42.268858],[24.892918,42.26907],[24.892963,42.269658],[24.892028,42.270281],[24.891806,42.270454],[24.884454,42.27643],[24.885035,42.276495],[24.885169,42.27657],[24.885234,42.276739],[24.885227,42.277191],[24.885247,42.27772],[24.885285,42.277842],[24.885426,42.27807],[24.88557,42.278258]]]},"properties":{"cadreg":32}},{"type":"Feature","geometry":{"type":"Polygon","coordinates":[[[25.034731,42.297407],[25.031818,42.299198],[25.031957,42.299725],[25.031887,42.299738],[25.031919,42.299804],[25.032063,42.300645],[25.032285,42.301016],[25.032787,42.301304],[25.033213,42.301344],[25.033888,42.301501],[25.033805,42.301525],[25.033828,42.301546],[25.036349,42.300864],[25.037395,42.299438],[25.038151,42.298289],[25.034731,42.297407]]]},"properties":{"cadreg":750}},{"type":"Feature","geometry":{"type":"Polygon","coordinates":[[[24.943861,42.253321],[24.942158,42.256234],[24.942056,42.256466],[24.942146,42.256491],[24.9427,42.25571],[24.944255,42.255997],[24.944428,42.255344],[24.944943,42.253994],[24.94508,42.25359],[24.944056,42.253342],[24.943861,42.253321]]]},"properties":{"cadreg":129}},{"type":"Feature","geometry":{"type":"Polygon","coordinates":[[[24.948281,42.267118],[24.947736,42.267297],[24.948997,42.268588],[24.949501,42.268526],[24.950419,42.268295],[24.951275,42.268026],[24.949988,42.265706],[24.94913,42.266612],[24.948606,42.266984],[24.948281,42.267118]],[[24.948765,42.267898],[24.948547,42.267903],[24.948465,42.267924],[24.948282,42.267627],[24.948368,42.267622],[24.9483,42.267276],[24.949081,42.267279],[24.949085,42.267842],[24.948765,42.267898]]]},"properties":{"cadreg":141}},{"type":"Feature","geometry":{"type":"Polygon","coordinates":[[[24.990003,42.248017],[24.989045,42.247861],[24.988545,42.249652],[24.986834,42.255321],[24.986636,42.255889],[24.993306,42.253619],[24.992621,42.251316],[24.99179,42.248412],[24.991661,42.248395],[24.990003,42.248017]]]},"properties":{"cadreg":239}},{"type":"Feature","geometry":{"type":"Polygon","coordinates":[[[24.998216,42.249862],[24.990016,42.247985],[24.989059,42.247821],[24.989045,42.247861],[24.990003,42.248017],[24.991661,42.248395],[24.99179,42.248412],[24.992621,42.251316],[24.993306,42.253619],[24.998775,42.251751],[24.998216,42.249862]]]},"properties":{"cadreg":240}},{"type":"Feature","geometry":{"type":"Polygon","coordinates":[[[24.934289,42.293965],[24.928578,42.295765],[24.929974,42.298184],[24.930653,42.299459],[24.930713,42.299497],[24.930757,42.299452],[24.931683,42.299265],[24.932819,42.299233],[24.933639,42.299037],[24.93402,42.298921],[24.934304,42.298787],[24.934549,42.298694],[24.934741,42.298662],[24.93502,42.298587],[24.935883,42.298428],[24.936561,42.298133],[24.936582,42.297978],[24.935686,42.295645],[24.935193,42.294477],[24.934289,42.293965]]]},"properties":{"cadreg":12}},{"type":"Feature","geometry":{"type":"Polygon","coordinates":[[[24.897602,42.266419],[24.897674,42.266454],[24.898204,42.266468],[24.89842,42.266433],[24.898301,42.266596],[24.898274,42.266698],[24.898412,42.266942],[24.898429,42.267098],[24.898485,42.267067],[24.898465,42.26693],[24.89834,42.266728],[24.898332,42.266655],[24.898492,42.266421],[24.900505,42.266089],[24.902279,42.2659],[24.904781,42.265588],[24.904955,42.265608],[24.905094,42.265603],[24.905529,42.265562],[24.905985,42.265471],[24.906255,42.265392],[24.906251,42.265351],[24.905968,42.265432],[24.905519,42.265523],[24.90509,42.265563],[24.904834,42.265555],[24.90517,42.265266],[24.905118,42.264353],[24.905082,42.264237],[24.905045,42.264202],[24.904507,42.264148],[24.902264,42.264071],[24.901263,42.264109],[24.898387,42.264393],[24.898168,42.264492],[24.897728,42.265465],[24.897939,42.265539],[24.897602,42.266419]]]},"properties":{"cadreg":428}},{"type":"Feature","geometry":{"type":"Polygon","coordinates":[[[24.94849,42.27668],[24.948959,42.276683],[24.94902,42.276665],[24.949361,42.276626],[24.949388,42.276781],[24.949707,42.276678],[24.949701,42.276658],[24.948418,42.276512],[24.94849,42.27668]]]},"properties":{"cadreg":43}},{"type":"Feature","geometry":{"type":"Polygon","coordinates":[[[24.91039,42.267166],[24.909796,42.267419],[24.90956,42.26748],[24.908808,42.268353],[24.9094,42.268362],[24.91027,42.268463],[24.911352,42.26868],[24.911384,42.267627],[24.911215,42.267472],[24.910751,42.267195],[24.91039,42.267166]]]},"properties":{"cadreg":435}},{"type":"Feature","geometry":{"type":"Polygon","coordinates":[[[24.91338,42.300754],[24.914023,42.30181],[24.914297,42.302314],[24.914789,42.303112],[24.914925,42.303406],[24.915297,42.304073],[24.916032,42.305288],[24.916048,42.305391],[24.916173,42.3057],[24.916851,42.305907],[24.916952,42.305649],[24.917077,42.305399],[24.917291,42.304839],[24.917431,42.304541],[24.91752,42.304436],[24.917296,42.304266],[24.91674,42.303447],[24.916373,42.302958],[24.916305,42.302923],[24.915245,42.301477],[24.914916,42.301057],[24.914723,42.300886],[24.914087,42.300545],[24.91338,42.300754]]]},"properties":{"cadreg":15}},{"type":"Feature","geometry":{"type":"Polygon","coordinates":[[[24.928756,42.292672],[24.924766,42.2935],[24.92498,42.29383],[24.925176,42.294223],[24.925813,42.295299],[24.926369,42.296095],[24.926431,42.296269],[24.930395,42.295013],[24.928756,42.292672]]]},"properties":{"cadreg":17}},{"type":"Feature","geometry":{"type":"Polygon","coordinates":[[[24.949482,42.291911],[24.948948,42.292121],[24.949579,42.293063],[24.95005,42.29288],[24.949524,42.292163],[24.949673,42.292101],[24.949482,42.291911]]]},"properties":{"cadreg":200}},{"type":"Feature","geometry":{"type":"Polygon","coordinates":[[[24.941062,42.278031],[24.940307,42.27802],[24.940181,42.277651],[24.938479,42.27766],[24.938461,42.277699],[24.938665,42.278698],[24.940929,42.278695],[24.940927,42.278659],[24.940977,42.278656],[24.941062,42.278031]]]},"properties":{"cadreg":20}},{"type":"Feature","geometry":{"type":"Polygon","coordinates":[[[24.936664,42.276126],[24.938073,42.276247],[24.939038,42.276288],[24.93904,42.27614],[24.93898,42.276131],[24.938108,42.276062],[24.937539,42.276043],[24.936689,42.275988],[24.936664,42.276126]]]},"properties":{"cadreg":22}},{"type":"Feature","geometry":{"type":"Polygon","coordinates":[[[24.932645,42.283908],[24.928489,42.282376],[24.931014,42.286349],[24.932645,42.283908]]]},"properties":{"cadreg":23}},{"type":"Feature","geometry":{"type":"Polygon","coordinates":[[[24.978232,42.259001],[24.976572,42.259548],[24.979196,42.260938],[24.979823,42.260852],[24.983697,42.262671],[24.983976,42.262822],[24.984094,42.262899],[24.984072,42.262951],[24.983959,42.263106],[24.983296,42.263758],[24.983492,42.263864],[24.984162,42.263205],[24.984341,42.262942],[24.984504,42.262577],[24.986352,42.256217],[24.978232,42.259001]]]},"properties":{"cadreg":234}},{"type":"Feature","geometry":{"type":"Polygon","coordinates":[[[24.986617,42.255946],[24.986416,42.256016],[24.984504,42.262577],[24.984341,42.262942],[24.984162,42.263205],[24.983424,42.263931],[24.983029,42.264039],[24.982686,42.264659],[24.982525,42.264886],[24.98248,42.264935],[24.982274,42.265006],[24.982088,42.265177],[24.98188,42.265529],[24.981536,42.265912],[24.981512,42.265969],[24.981524,42.266071],[24.981573,42.266213],[24.981604,42.266516],[24.981498,42.266725],[24.981366,42.266875],[24.981389,42.266911],[24.981211,42.267175],[24.981155,42.267312],[24.981131,42.267438],[24.981019,42.267693],[24.98103,42.267819],[24.980978,42.268057],[24.980922,42.268141],[24.980515,42.26843],[24.980378,42.268571],[24.980159,42.268706],[24.980095,42.268798],[24.980056,42.269183],[24.988765,42.266222],[24.992412,42.264961],[24.992409,42.264858],[24.997879,42.26301],[24.998344,42.262865],[24.998021,42.262906],[24.997674,42.263023],[24.99762,42.263004],[24.995408,42.263751],[24.994086,42.259139],[24.99368,42.257475],[24.992652,42.253965],[24.98659,42.256022],[24.986617,42.255946]]]},"properties":{"cadreg":238}},{"type":"Feature","geometry":{"type":"Polygon","coordinates":[[[24.981824,42.305671],[24.985063,42.307909],[24.985938,42.311497],[24.986515,42.312207],[24.98717,42.312686],[24.989137,42.313219],[24.989265,42.313302],[24.992839,42.311246],[24.992668,42.311159],[24.981758,42.304285],[24.981728,42.305424],[24.981824,42.305671]]]},"properties":{"cadreg":748}},{"type":"Feature","geometry":{"type":"Polygon","coordinates":[[[24.975659,42.276501],[24.975485,42.276442],[24.975653,42.276285],[24.975627,42.276174],[24.975583,42.276197],[24.975235,42.276137],[24.975198,42.276099],[24.975214,42.27604],[24.975133,42.276029],[24.975104,42.276159],[24.974337,42.276361],[24.974643,42.276711],[24.974603,42.276763],[24.974832,42.276859],[24.974099,42.277902],[24.974113,42.277943],[24.973243,42.27856],[24.972993,42.27837],[24.9716,42.279356],[24.97166,42.279518],[24.972183,42.279433],[24.972743,42.280051],[24.972864,42.279925],[24.973789,42.278691],[24.973883,42.278595],[24.973991,42.278531],[24.973875,42.278308],[24.973966,42.278249],[24.974258,42.278383],[24.974975,42.278375],[24.975154,42.278401],[24.975634,42.278028],[24.976335,42.277662],[24.976252,42.27757],[24.976818,42.277284],[24.976444,42.276844],[24.976451,42.276663],[24.975659,42.276501]]]},"properties":{"cadreg":760}},{"type":"Feature","geometry":{"type":"Polygon","coordinates":[[[24.974454,42.27212],[24.976217,42.27149],[24.976197,42.271314],[24.97574,42.270803],[24.972827,42.27185],[24.972379,42.272168],[24.972795,42.272772],[24.974454,42.27212]]]},"properties":{"cadreg":761}},{"type":"Feature","geometry":{"type":"Polygon","coordinates":[[[24.979969,42.308291],[24.979996,42.308194],[24.979382,42.308467],[24.978979,42.308616],[24.978937,42.308526],[24.978829,42.308532],[24.97888,42.308681],[24.979352,42.3096],[24.9797,42.310224],[24.979935,42.310555],[24.980822,42.311547],[24.981206,42.311945],[24.98154,42.312119],[24.981721,42.312237],[24.982079,42.312553],[24.982336,42.312834],[24.983587,42.315143],[24.983611,42.31514],[24.983084,42.313653],[24.983003,42.313638],[24.982968,42.313393],[24.983132,42.313286],[24.983649,42.313044],[24.983707,42.313094],[24.983781,42.31306],[24.983721,42.313008],[24.984384,42.312741],[24.98445,42.312759],[24.98429,42.312487],[24.983937,42.312134],[24.983639,42.312039],[24.98344,42.311888],[24.983401,42.311806],[24.983243,42.311618],[24.982603,42.311213],[24.982465,42.311264],[24.982447,42.311238],[24.982564,42.311195],[24.982225,42.311068],[24.981793,42.31043],[24.981571,42.310041],[24.980743,42.309731],[24.980751,42.309746],[24.980672,42.309768],[24.98018,42.308882],[24.979989,42.308473],[24.979969,42.308291]]]},"properties":{"cadreg":762}},{"type":"Feature","geometry":{"type":"Polygon","coordinates":[[[24.951254,42.293902],[24.950995,42.294678],[24.950916,42.294708],[24.949844,42.294576],[24.95168,42.297509],[24.953989,42.296851],[24.953932,42.296736],[24.952963,42.295267],[24.951603,42.292978],[24.951418,42.293352],[24.951247,42.293864],[24.951254,42.293902]]]},"properties":{"cadreg":764}},{"type":"Feature","geometry":{"type":"Polygon","coordinates":[[[24.945254,42.294282],[24.945499,42.294632],[24.945808,42.294856],[24.945932,42.295184],[24.945913,42.295305],[24.945678,42.295493],[24.945664,42.295569],[24.945887,42.296703],[24.946072,42.297005],[24.946187,42.297116],[24.946558,42.297022],[24.946659,42.29704],[24.94678,42.297188],[24.947027,42.29732],[24.947086,42.297405],[24.946866,42.297594],[24.946987,42.297774],[24.946893,42.297829],[24.948523,42.300345],[24.949034,42.299879],[24.950034,42.29953],[24.950178,42.299466],[24.946881,42.294196],[24.944961,42.293947],[24.945254,42.294282]]]},"properties":{"cadreg":766}},{"type":"Feature","geometry":{"type":"Polygon","coordinates":[[[25.000483,42.279957],[25.000608,42.280073],[25.000836,42.279635],[25.001844,42.279086],[24.997865,42.275418],[24.991989,42.275958],[24.993939,42.277317],[24.995219,42.277298],[24.99543,42.277385],[24.995913,42.277669],[24.998162,42.277303],[24.998141,42.277167],[24.998285,42.277155],[24.998305,42.27728],[24.998341,42.277274],[24.999277,42.283976],[25.000191,42.283964],[25.000194,42.284075],[25.002957,42.283927],[25.000108,42.281183],[25.000069,42.281111],[25.000547,42.28019],[25.000368,42.280023],[25.000483,42.279957]]]},"properties":{"cadreg":772}},{"type":"Feature","geometry":{"type":"Polygon","coordinates":[[[24.93595,42.275942],[24.935956,42.275919],[24.935645,42.27589],[24.935647,42.276023],[24.936591,42.276105],[24.936606,42.275983],[24.93595,42.275942]]]},"properties":{"cadreg":8}},{"type":"Feature","geometry":{"type":"Polygon","coordinates":[[[24.923539,42.25705],[24.919622,42.256954],[24.919686,42.258001],[24.92354,42.257211],[24.923539,42.25705]]]},"properties":{"cadreg":246}},{"type":"Feature","geometry":{"type":"Polygon","coordinates":[[[24.913689,42.274623],[24.901527,42.279559],[24.903012,42.282198],[24.903182,42.282433],[24.903321,42.282745],[24.903408,42.282879],[24.91322,42.275943],[24.913211,42.275919],[24.91331,42.275749],[24.913531,42.27551],[24.913651,42.275346],[24.9138,42.2753],[24.913693,42.274875],[24.913689,42.274623]]]},"properties":{"cadreg":28}},{"type":"Feature","geometry":{"type":"Polygon","coordinates":[[[24.916115,42.273361],[24.91523,42.27302],[24.91473,42.273524],[24.913492,42.273743],[24.913491,42.274211],[24.913717,42.274514],[24.913679,42.274661],[24.913693,42.274875],[24.9138,42.2753],[24.913651,42.275346],[24.913531,42.27551],[24.91331,42.275749],[24.913211,42.275919],[24.91322,42.275943],[24.916545,42.273592],[24.916084,42.273407],[24.916115,42.273361]]]},"properties":{"cadreg":29}},{"type":"Feature","geometry":{"type":"Polygon","coordinates":[[[24.91799,42.271601],[24.915904,42.271639],[24.915915,42.272061],[24.915172,42.272529],[24.914999,42.27281],[24.915338,42.27293],[24.916138,42.272331],[24.91781,42.271746],[24.91799,42.271601]]]},"properties":{"cadreg":412}},{"type":"Feature","geometry":{"type":"Polygon","coordinates":[[[24.905045,42.264202],[24.905082,42.264237],[24.905118,42.264353],[24.906582,42.263292],[24.908326,42.26165],[24.90902,42.260503],[24.913117,42.258013],[24.91339,42.257484],[24.912994,42.255671],[24.913393,42.255596],[24.913393,42.255568],[24.912853,42.255671],[24.910028,42.255805],[24.910014,42.255818],[24.904918,42.25608],[24.904848,42.255955],[24.90511,42.253962],[24.905063,42.25396],[24.904796,42.256071],[24.904686,42.260037],[24.904507,42.264148],[24.905045,42.264202]]]},"properties":{"cadreg":444}},{"type":"Feature","geometry":{"type":"Polygon","coordinates":[[[24.923666,42.264855],[24.919353,42.265034],[24.919071,42.265159],[24.919074,42.265334],[24.919021,42.265536],[24.919029,42.265836],[24.927078,42.265658],[24.9278,42.264901],[24.927754,42.264837],[24.92775,42.264756],[24.923666,42.264855]]]},"properties":{"cadreg":473}},{"type":"Feature","geometry":{"type":"Polygon","coordinates":[[[25.008217,42.261557],[25.006448,42.262227],[25.00709,42.262996],[25.008769,42.26236],[25.008217,42.261557]]]},"properties":{"cadreg":500}},{"type":"Feature","geometry":{"type":"Polygon","coordinates":[[[24.932942,42.253076],[24.929154,42.255301],[24.92916,42.255372],[24.929113,42.25552],[24.928953,42.255622],[24.929016,42.255745],[24.92904,42.255915],[24.929042,42.256228],[24.929122,42.25631],[24.92937,42.257007],[24.930505,42.259263],[24.930568,42.259341],[24.930791,42.259455],[24.934536,42.259263],[24.934765,42.259236],[24.934819,42.259403],[24.935,42.259386],[24.933188,42.253755],[24.932942,42.253076]]]},"properties":{"cadreg":56}},{"type":"Feature","geometry":{"type":"Polygon","coordinates":[[[24.92937,42.257007],[24.929122,42.25631],[24.929042,42.256228],[24.928809,42.25728],[24.928629,42.259006],[24.928539,42.259618],[24.928546,42.2598],[24.929766,42.259547],[24.930791,42.259455],[24.930568,42.259341],[24.930505,42.259263],[24.92937,42.257007]]]},"properties":{"cadreg":57}},{"type":"Feature","geometry":{"type":"Polygon","coordinates":[[[24.928948,42.255532],[24.928597,42.25509],[24.927936,42.254362],[24.927525,42.253988],[24.92673,42.25363],[24.926524,42.253541],[24.926336,42.25348],[24.926165,42.253397],[24.925885,42.253384],[24.925237,42.253579],[24.925092,42.253605],[24.924855,42.253712],[24.924731,42.253779],[24.924452,42.254],[24.924384,42.25409],[24.924097,42.254325],[24.923794,42.254438],[24.923323,42.254645],[24.921209,42.255504],[24.920597,42.255722],[24.919975,42.255867],[24.919502,42.255958],[24.919557,42.255968],[24.919564,42.255994],[24.919608,42.256711],[24.92349,42.256827],[24.92361,42.256849],[24.924462,42.256927],[24.925259,42.256918],[24.925255,42.256999],[24.925116,42.257028],[24.923728,42.256985],[24.923563,42.256954],[24.919615,42.256827],[24.919622,42.256954],[24.923539,42.25705],[24.925131,42.257109],[24.925285,42.257077],[24.925298,42.257211],[24.925275,42.25727],[24.925172,42.257377],[24.924953,42.257373],[24.924793,42.257399],[24.924514,42.257724],[24.924832,42.258211],[24.924823,42.258261],[24.924545,42.25844],[24.924515,42.258568],[24.924665,42.258947],[24.92465,42.259025],[24.924203,42.259207],[24.924088,42.259315],[24.923784,42.259718],[24.923757,42.259973],[24.923818,42.260714],[24.923749,42.260944],[24.928511,42.2599],[24.928546,42.2598],[24.928539,42.259618],[24.928629,42.259006],[24.928809,42.25728],[24.929042,42.256228],[24.92904,42.255915],[24.929016,42.255745],[24.928953,42.255622],[24.929113,42.25552],[24.92916,42.255372],[24.929154,42.255301],[24.929061,42.25536],[24.929026,42.255481],[24.928948,42.255532]]]},"properties":{"cadreg":58}}]}