{"type":"FeatureCollection","features":[{"type":"Feature","geometry":{"type":"Polygon","coordinates":[[[24.700954,42.023283],[24.700671,42.023535],[24.700845,42.023646],[24.701039,42.023735],[24.701231,42.023931],[24.702415,42.025298],[24.702481,42.025427],[24.702404,42.025447],[24.702449,42.025599],[24.702514,42.025701],[24.702584,42.025781],[24.703213,42.02571],[24.703726,42.025696],[24.703821,42.025668],[24.704206,42.02539],[24.704434,42.025272],[24.704341,42.02516],[24.704378,42.025142],[24.704275,42.025008],[24.704282,42.024954],[24.704333,42.024919],[24.705693,42.024722],[24.70569,42.02469],[24.705873,42.02468],[24.705918,42.023974],[24.706058,42.02399],[24.70624,42.023599],[24.706351,42.023541],[24.706781,42.023014],[24.706588,42.022958],[24.706603,42.022927],[24.705606,42.02262],[24.705535,42.022821],[24.705053,42.022351],[24.704717,42.022463],[24.704706,42.022429],[24.703442,42.022782],[24.703077,42.02283],[24.70282,42.022856],[24.70261,42.022853],[24.702115,42.022826],[24.701662,42.022778],[24.701289,42.022774],[24.700817,42.023188],[24.700954,42.023283]]]},"properties":{"cadnum":"78207.888.9901","purptype":"Урбанизирана","usetype":"За друг вид застрояване","proptype":"Съсобственост","immaddr":"с. Цар Калоян","place":"НАСЕЛЕНО МЯСТО","area":111980.59076807,"cadreg":888,"pnum":"9901"}},{"type":"Feature","geometry":{"type":"Polygon","coordinates":[[[24.69568,42.042919],[24.695889,42.042364],[24.695538,42.042297],[24.695332,42.042844],[24.69568,42.042919]]]},"properties":{"cadnum":"78207.1.2","purptype":"Земеделска","usetype":"Деградирала орна земя","proptype":"Частна","immaddr":"с. Цар Калоян","place":"КАЦАРКИТЕ","area":1905.7366735092,"cadreg":1,"pnum":"2"}},{"type":"Feature","geometry":{"type":"Polygon","coordinates":[[[24.695538,42.042297],[24.695889,42.042364],[24.696107,42.041786],[24.69576,42.041707],[24.695538,42.042297]]]},"properties":{"cadnum":"78207.1.3","purptype":"Земеделска","usetype":"Деградирала орна земя","proptype":"Частна","immaddr":"с. Цар Калоян","place":"КАЦАРКИТЕ","area":2020.1909140145,"cadreg":1,"pnum":"3"}},{"type":"Feature","geometry":{"type":"Polygon","coordinates":[[[24.69568,42.042919],[24.696028,42.042993],[24.696458,42.041852],[24.696107,42.041786],[24.69568,42.042919]]]},"properties":{"cadnum":"78207.1.4","purptype":"Земеделска","usetype":"Деградирала орна земя","proptype":"Частна","immaddr":"с. Цар Калоян","place":"КАЦАРКИТЕ","area":3935.1450435001,"cadreg":1,"pnum":"4"}},{"type":"Feature","geometry":{"type":"Polygon","coordinates":[[[24.696307,42.042905],[24.696514,42.042702],[24.696807,42.041919],[24.696458,42.041852],[24.696028,42.042993],[24.696165,42.043023],[24.696307,42.042905]]]},"properties":{"cadnum":"78207.1.5","purptype":"Земеделска","usetype":"Деградирала орна земя","proptype":"Частна","immaddr":"с. Цар Калоян","place":"КАЦАРКИТЕ","area":3582.2350710037,"cadreg":1,"pnum":"5"}},{"type":"Feature","geometry":{"type":"Polygon","coordinates":[[[24.697162,42.042306],[24.697671,42.042137],[24.69769,42.042086],[24.696807,42.041919],[24.696591,42.042497],[24.696757,42.042528],[24.697162,42.042306]]]},"properties":{"cadnum":"78207.1.6","purptype":"Земеделска","usetype":"Изоставена нива","proptype":"Частна","immaddr":"с. Цар Калоян","place":"КАЦАРКИТЕ","area":2958.2431244864,"cadreg":1,"pnum":"6"}},{"type":"Feature","geometry":{"type":"Polygon","coordinates":[[[24.696757,42.042528],[24.696591,42.042497],[24.696514,42.042702],[24.696757,42.042528]]]},"properties":{"cadnum":"78207.1.7","purptype":"Земеделска","usetype":"Изоставена нива","proptype":"Частна","immaddr":"с. Цар Калоян","place":"КАЦАРКИТЕ","area":167.50218600434,"cadreg":1,"pnum":"7"}},{"type":"Feature","geometry":{"type":"Polygon","coordinates":[[[24.697829,42.041713],[24.697624,42.041437],[24.697027,42.041331],[24.696807,42.041919],[24.69769,42.042086],[24.697829,42.041713]]]},"properties":{"cadnum":"78207.1.8","purptype":"Земеделска","usetype":"Изоставена нива","proptype":"Частна","immaddr":"с. Цар Калоян","place":"КАЦАРКИТЕ","area":4834.5103545126,"cadreg":1,"pnum":"8"}},{"type":"Feature","geometry":{"type":"Polygon","coordinates":[[[24.697843,42.041675],[24.697912,42.041488],[24.697673,42.041446],[24.697843,42.041675]]]},"properties":{"cadnum":"78207.1.9","purptype":"Земеделска","usetype":"Изоставена нива","proptype":"Частна","immaddr":"с. Цар Калоян","place":"КАЦАРКИТЕ","area":219.79871750287,"cadreg":1,"pnum":"9"}},{"type":"Feature","geometry":{"type":"Polygon","coordinates":[[[24.696678,42.04127],[24.696458,42.041852],[24.696807,42.041919],[24.697027,42.041331],[24.696678,42.04127]]]},"properties":{"cadnum":"78207.1.10","purptype":"Земеделска","usetype":"Изоставена нива","proptype":"Частна","immaddr":"с. Цар Калоян","place":"КАЦАРКИТЕ","area":2008.3425485024,"cadreg":1,"pnum":"10"}},{"type":"Feature","geometry":{"type":"Polygon","coordinates":[[[24.696893,42.040698],[24.696542,42.040631],[24.696107,42.041786],[24.696458,42.041852],[24.696893,42.040698]]]},"properties":{"cadnum":"78207.1.11","purptype":"Земеделска","usetype":"Изоставена нива","proptype":"Частна","immaddr":"с. Цар Калоян","place":"КАЦАРКИТЕ","area":3996.6923975091,"cadreg":1,"pnum":"11"}},{"type":"Feature","geometry":{"type":"Polygon","coordinates":[[[24.695413,42.041629],[24.696107,42.041786],[24.696326,42.041205],[24.695631,42.041052],[24.695413,42.041629]]]},"properties":{"cadnum":"78207.1.12","purptype":"Земеделска","usetype":"Деградирала орна земя","proptype":"Частна","immaddr":"с. Цар Калоян","place":"КАЦАРКИТЕ","area":4006.7952689684,"cadreg":1,"pnum":"12"}},{"type":"Feature","geometry":{"type":"Polygon","coordinates":[[[24.695738,42.040766],[24.695044,42.040611],[24.69472,42.041472],[24.695413,42.041629],[24.695738,42.040766]]]},"properties":{"cadnum":"78207.1.13","purptype":"Земеделска","usetype":"Деградирала орна земя","proptype":"Частна","immaddr":"с. Цар Калоян","place":"КАЦАРКИТЕ","area":5967.3158474944,"cadreg":1,"pnum":"13"}},{"type":"Feature","geometry":{"type":"Polygon","coordinates":[[[24.695844,42.040486],[24.69515,42.040331],[24.695044,42.040611],[24.695738,42.040766],[24.695844,42.040486]]]},"properties":{"cadnum":"78207.1.14","purptype":"Земеделска","usetype":"Изоставена нива","proptype":"Частна","immaddr":"с. Цар Калоян","place":"КАЦАРКИТЕ","area":1939.2183799975,"cadreg":1,"pnum":"14"}},{"type":"Feature","geometry":{"type":"Polygon","coordinates":[[[24.695844,42.040486],[24.695631,42.041052],[24.695978,42.041129],[24.696191,42.040564],[24.695844,42.040486]]]},"properties":{"cadnum":"78207.1.15","purptype":"Земеделска","usetype":"Изоставена нива","proptype":"Частна","immaddr":"с. Цар Калоян","place":"КАЦАРКИТЕ","area":1956.9170675148,"cadreg":1,"pnum":"15"}},{"type":"Feature","geometry":{"type":"Polygon","coordinates":[[[24.696061,42.03991],[24.695844,42.040486],[24.696191,42.040564],[24.696408,42.039987],[24.696061,42.03991]]]},"properties":{"cadnum":"78207.1.16","purptype":"Земеделска","usetype":"Изоставена нива","proptype":"Общинска частна","immaddr":"с. Цар Калоян","place":"КАЦАРКИТЕ","area":1995.0651109927,"cadreg":1,"pnum":"16"}},{"type":"Feature","geometry":{"type":"Polygon","coordinates":[[[24.696326,42.041205],[24.696759,42.040054],[24.696408,42.039987],[24.695978,42.041129],[24.696326,42.041205]]]},"properties":{"cadnum":"78207.1.17","purptype":"Земеделска","usetype":"Изоставена нива","proptype":"Частна","immaddr":"с. Цар Калоян","place":"КАЦАРКИТЕ","area":3966.4214689999,"cadreg":1,"pnum":"17"}},{"type":"Feature","geometry":{"type":"Polygon","coordinates":[[[24.697111,42.040121],[24.696759,42.040054],[24.696542,42.040631],[24.696893,42.040698],[24.697111,42.040121]]]},"properties":{"cadnum":"78207.1.18","purptype":"Земеделска","usetype":"Изоставена нива","proptype":"Частна","immaddr":"с. Цар Калоян","place":"КАЦАРКИТЕ","area":1995.3215619989,"cadreg":1,"pnum":"18"}},{"type":"Feature","geometry":{"type":"Polygon","coordinates":[[[24.697027,42.041331],[24.697243,42.040764],[24.696893,42.040698],[24.696678,42.04127],[24.697027,42.041331]]]},"properties":{"cadnum":"78207.1.19","purptype":"Земеделска","usetype":"Изоставена нива","proptype":"Частна","immaddr":"с. Цар Калоян","place":"КАЦАРКИТЕ","area":1956.9455805165,"cadreg":1,"pnum":"19"}},{"type":"Feature","geometry":{"type":"Polygon","coordinates":[[[24.696893,42.040698],[24.697243,42.040764],[24.697462,42.040188],[24.697111,42.040121],[24.696893,42.040698]]]},"properties":{"cadnum":"78207.1.20","purptype":"Земеделска","usetype":"Изоставена нива","proptype":"Частна","immaddr":"с. Цар Калоян","place":"КАЦАРКИТЕ","area":1991.0475950044,"cadreg":1,"pnum":"20"}},{"type":"Feature","geometry":{"type":"Polygon","coordinates":[[[24.697624,42.041437],[24.697269,42.040986],[24.697185,42.040917],[24.697027,42.041331],[24.697624,42.041437]]]},"properties":{"cadnum":"78207.1.21","purptype":"Земеделска","usetype":"Изоставена нива","proptype":"Частна","immaddr":"с. Цар Калоян","place":"КАЦАРКИТЕ","area":1263.0378720058,"cadreg":1,"pnum":"21"}},{"type":"Feature","geometry":{"type":"Polygon","coordinates":[[[24.697299,42.040971],[24.697673,42.041446],[24.697912,42.041488],[24.698342,42.040356],[24.697462,42.040188],[24.697196,42.040887],[24.697299,42.040971]]]},"properties":{"cadnum":"78207.1.22","purptype":"Земеделска","usetype":"Изоставена нива","proptype":"Частна","immaddr":"с. Цар Калоян","place":"КАЦАРКИТЕ","area":8402.6706980001,"cadreg":1,"pnum":"22"}},{"type":"Feature","geometry":{"type":"Polygon","coordinates":[[[24.697671,42.042137],[24.698048,42.042012],[24.697829,42.041713],[24.697671,42.042137]]]},"properties":{"cadnum":"78207.1.23","purptype":"Земеделска","usetype":"Изоставена нива","proptype":"Частна","immaddr":"с. Цар Калоян","place":"КАЦАРКИТЕ","area":644.7285850035,"cadreg":1,"pnum":"23"}},{"type":"Feature","geometry":{"type":"Polygon","coordinates":[[[24.698826,42.04139],[24.69866,42.041557],[24.698233,42.04196],[24.698641,42.042062],[24.698906,42.041357],[24.698826,42.04139]]]},"properties":{"cadnum":"78207.1.24","purptype":"Земеделска","usetype":"Изоставена нива","proptype":"Частна","immaddr":"с. Цар Калоян","place":"КАЦАРКИТЕ","area":1539.2776439962,"cadreg":1,"pnum":"24"}},{"type":"Feature","geometry":{"type":"Polygon","coordinates":[[[24.698081,42.042001],[24.698171,42.041971],[24.698174,42.04183],[24.698491,42.041129],[24.698272,42.040804],[24.698536,42.040702],[24.698629,42.040835],[24.698393,42.040927],[24.698525,42.041137],[24.698208,42.041838],[24.698225,42.041924],[24.698631,42.041541],[24.698801,42.041369],[24.698919,42.041321],[24.699221,42.040523],[24.698342,42.040356],[24.697843,42.041675],[24.698081,42.042001]]]},"properties":{"cadnum":"78207.1.25","purptype":"Земеделска","usetype":"Изоставена нива","proptype":"Частна","immaddr":"с. Цар Калоян","place":"КАЦАРКИТЕ","area":10430.172741486,"cadreg":1,"pnum":"25"}},{"type":"Feature","geometry":{"type":"Polygon","coordinates":[[[24.699176,42.042209],[24.699336,42.042203],[24.699512,42.042215],[24.699655,42.041842],[24.698792,42.041657],[24.698641,42.042062],[24.699176,42.042209]]]},"properties":{"cadnum":"78207.1.26","purptype":"Земеделска","usetype":"Изоставена нива","proptype":"Частна","immaddr":"с. Цар Калоян","place":"КАЦАРКИТЕ","area":3528.2945584802,"cadreg":1,"pnum":"26"}},{"type":"Feature","geometry":{"type":"Polygon","coordinates":[[[24.699001,42.041319],[24.698906,42.041357],[24.698792,42.041657],[24.699655,42.041842],[24.699904,42.041182],[24.699001,42.041319]]]},"properties":{"cadnum":"78207.1.27","purptype":"Земеделска","usetype":"Изоставена нива","proptype":"Частна","immaddr":"с. Цар Калоян","place":"КАЦАРКИТЕ","area":4219.2654770156,"cadreg":1,"pnum":"27"}},{"type":"Feature","geometry":{"type":"Polygon","coordinates":[[[24.698988,42.041293],[24.699915,42.041152],[24.70009,42.040689],[24.699221,42.040523],[24.698919,42.041321],[24.698988,42.041293]]]},"properties":{"cadnum":"78207.1.28","purptype":"Земеделска","usetype":"Изоставена нива","proptype":"Частна","immaddr":"с. Цар Калоян","place":"КАЦАРКИТЕ","area":5328.2164265118,"cadreg":1,"pnum":"28"}},{"type":"Feature","geometry":{"type":"Polygon","coordinates":[[[24.700418,42.041987],[24.699655,42.041842],[24.699512,42.042215],[24.699647,42.042226],[24.699895,42.042265],[24.700127,42.042314],[24.700418,42.041987]]]},"properties":{"cadnum":"78207.1.29","purptype":"Земеделска","usetype":"Друг вид дървопроизводителна гора","proptype":"Частна","immaddr":"с. Цар Калоян","place":"КАЦАРКИТЕ","area":2416.5953010111,"cadreg":1,"pnum":"29"}},{"type":"Feature","geometry":{"type":"Polygon","coordinates":[[[24.700418,42.041987],[24.70126,42.040912],[24.701506,42.040494],[24.701203,42.040436],[24.700167,42.040484],[24.699655,42.041842],[24.700418,42.041987]]]},"properties":{"cadnum":"78207.1.30","purptype":"Земеделска","usetype":"Изоставена нива","proptype":"Частна","immaddr":"с. Цар Калоян","place":"КАЦАРКИТЕ","area":15086.377201949,"cadreg":1,"pnum":"30"}},{"type":"Feature","geometry":{"type":"Polygon","coordinates":[[[24.701203,42.040436],[24.700253,42.040255],[24.700167,42.040484],[24.701203,42.040436]]]},"properties":{"cadnum":"78207.1.31","purptype":"Земеделска","usetype":"Овощна градина","proptype":"Частна","immaddr":"с. Цар Калоян","place":"КАЦАРКИТЕ","area":1071.4433974985,"cadreg":1,"pnum":"31"}},{"type":"Feature","geometry":{"type":"Polygon","coordinates":[[[24.701602,42.040305],[24.70203,42.039823],[24.701178,42.039661],[24.701186,42.039789],[24.700416,42.039824],[24.700253,42.040255],[24.701506,42.040494],[24.701602,42.040305]]]},"properties":{"cadnum":"78207.1.32","purptype":"Земеделска","usetype":"Овощна градина","proptype":"Частна","immaddr":"с. Цар Калоян","place":"КАЦАРКИТЕ","area":8235.1693360464,"cadreg":1,"pnum":"32"}},{"type":"Feature","geometry":{"type":"Polygon","coordinates":[[[24.701186,42.039789],[24.701178,42.039661],[24.700524,42.039536],[24.700416,42.039824],[24.701186,42.039789]]]},"properties":{"cadnum":"78207.1.33","purptype":"Земеделска","usetype":"Изоставена нива","proptype":"Частна","immaddr":"с. Цар Калоян","place":"КАЦАРКИТЕ","area":1383.5118684938,"cadreg":1,"pnum":"33"}},{"type":"Feature","geometry":{"type":"Polygon","coordinates":[[[24.70009,42.040689],[24.700167,42.040484],[24.699256,42.04053],[24.70009,42.040689]]]},"properties":{"cadnum":"78207.1.34","purptype":"Земеделска","usetype":"Изоставена нива","proptype":"Частна","immaddr":"с. Цар Калоян","place":"КАЦАРКИТЕ","area":841.51208799965,"cadreg":1,"pnum":"34"}},{"type":"Feature","geometry":{"type":"Polygon","coordinates":[[[24.699256,42.04053],[24.700167,42.040484],[24.700416,42.039824],[24.699473,42.039855],[24.699221,42.040523],[24.699256,42.04053]]]},"properties":{"cadnum":"78207.1.35","purptype":"Земеделска","usetype":"Овощна градина","proptype":"Частна","immaddr":"с. Цар Калоян","place":"КАЦАРКИТЕ","area":5724.2215254964,"cadreg":1,"pnum":"35"}},{"type":"Feature","geometry":{"type":"Polygon","coordinates":[[[24.700416,42.039824],[24.700524,42.039536],[24.699655,42.039371],[24.699473,42.039855],[24.700416,42.039824]]]},"properties":{"cadnum":"78207.1.36","purptype":"Земеделска","usetype":"Изоставена нива","proptype":"Частна","immaddr":"с. Цар Калоян","place":"КАЦАРКИТЕ","area":3307.1679920017,"cadreg":1,"pnum":"36"}},{"type":"Feature","geometry":{"type":"Polygon","coordinates":[[[24.699221,42.040523],[24.699655,42.039371],[24.698776,42.039203],[24.698342,42.040356],[24.699221,42.040523]]]},"properties":{"cadnum":"78207.1.37","purptype":"Земеделска","usetype":"Изоставена нива","proptype":"Частна","immaddr":"с. Цар Калоян","place":"КАЦАРКИТЕ","area":9988.2791954973,"cadreg":1,"pnum":"37"}},{"type":"Feature","geometry":{"type":"Polygon","coordinates":[[[24.698776,42.039203],[24.697896,42.039035],[24.697462,42.040188],[24.698342,42.040356],[24.698776,42.039203]]]},"properties":{"cadnum":"78207.1.38","purptype":"Земеделска","usetype":"Изоставена нива","proptype":"Частна","immaddr":"с. Цар Калоян","place":"КАЦАРКИТЕ","area":9999.5286314811,"cadreg":1,"pnum":"38"}},{"type":"Feature","geometry":{"type":"Polygon","coordinates":[[[24.697079,42.039707],[24.696935,42.040088],[24.697462,42.040188],[24.697605,42.039807],[24.697079,42.039707]]]},"properties":{"cadnum":"78207.1.39","purptype":"Земеделска","usetype":"Деградирала орна земя","proptype":"Частна","immaddr":"с. Цар Калоян","place":"КАЦАРКИТЕ","area":1978.366084997,"cadreg":1,"pnum":"39"}},{"type":"Feature","geometry":{"type":"Polygon","coordinates":[[[24.697209,42.03936],[24.697079,42.039707],[24.697605,42.039807],[24.697736,42.03946],[24.697209,42.03936]]]},"properties":{"cadnum":"78207.1.40","purptype":"Земеделска","usetype":"Деградирала орна земя","proptype":"Частна","immaddr":"с. Цар Калоян","place":"КАЦАРКИТЕ","area":1800.435259004,"cadreg":1,"pnum":"40"}},{"type":"Feature","geometry":{"type":"Polygon","coordinates":[[[24.697063,42.039646],[24.69699,42.039674],[24.696624,42.039742],[24.69628,42.039833],[24.695949,42.039867],[24.695834,42.039859],[24.696408,42.039987],[24.696935,42.040088],[24.697209,42.03936],[24.697063,42.039646]]]},"properties":{"cadnum":"78207.1.41","purptype":"Земеделска","usetype":"Сипей","proptype":"Общинска частна","immaddr":"с. Цар Калоян","place":"КАЦАРКИТЕ","area":2233.9654384858,"cadreg":1,"pnum":"41"}},{"type":"Feature","geometry":{"type":"Polygon","coordinates":[[[24.699168,42.038582],[24.698583,42.038742],[24.697814,42.038984],[24.697467,42.039077],[24.697362,42.039134],[24.697273,42.03922],[24.697209,42.03936],[24.697736,42.03946],[24.697896,42.039035],[24.699655,42.039371],[24.699961,42.038493],[24.699168,42.038582]]]},"properties":{"cadnum":"78207.1.42","purptype":"Земеделска","usetype":"Деградирала орна земя","proptype":"Частна","immaddr":"с. Цар Калоян","place":"КАЦАРКИТЕ","area":11113.392209519,"cadreg":1,"pnum":"42"}},{"type":"Feature","geometry":{"type":"Polygon","coordinates":[[[24.700681,42.03912],[24.699734,42.039162],[24.699655,42.039371],[24.700524,42.039536],[24.700681,42.03912]]]},"properties":{"cadnum":"78207.1.43","purptype":"Земеделска","usetype":"Изоставена нива","proptype":"Частна","immaddr":"с. Цар Калоян","place":"КАЦАРКИТЕ","area":2673.2113979852,"cadreg":1,"pnum":"43"}},{"type":"Feature","geometry":{"type":"Polygon","coordinates":[[[24.700543,42.03822],[24.699961,42.038493],[24.699734,42.039162],[24.700681,42.03912],[24.700746,42.038947],[24.701018,42.038125],[24.700492,42.038019],[24.700543,42.03822]]]},"properties":{"cadnum":"78207.1.44","purptype":"Земеделска","usetype":"Овощна градина","proptype":"Частна","immaddr":"с. Цар Калоян","place":"КАЦАРКИТЕ","area":7970.5089075113,"cadreg":1,"pnum":"44"}},{"type":"Feature","geometry":{"type":"Polygon","coordinates":[[[24.700524,42.039536],[24.701178,42.039661],[24.701142,42.039094],[24.700681,42.03912],[24.700524,42.039536]]]},"properties":{"cadnum":"78207.1.45","purptype":"Земеделска","usetype":"Изоставена нива","proptype":"Частна","immaddr":"с. Цар Калоян","place":"КАЦАРКИТЕ","area":2544.5666019976,"cadreg":1,"pnum":"45"}},{"type":"Feature","geometry":{"type":"Polygon","coordinates":[[[24.702273,42.039542],[24.702265,42.039404],[24.702222,42.039244],[24.700746,42.038947],[24.700681,42.03912],[24.701142,42.039094],[24.701178,42.039661],[24.70203,42.039823],[24.702273,42.039542]]]},"properties":{"cadnum":"78207.1.46","purptype":"Земеделска","usetype":"Овощна градина","proptype":"Частна","immaddr":"с. Цар Калоян","place":"КАЦАРКИТЕ","area":6444.8253709772,"cadreg":1,"pnum":"46"}},{"type":"Feature","geometry":{"type":"Polygon","coordinates":[[[24.702095,42.038765],[24.702122,42.038346],[24.701018,42.038125],[24.700746,42.038947],[24.702222,42.039244],[24.702095,42.038765]]]},"properties":{"cadnum":"78207.1.47","purptype":"Земеделска","usetype":"Овощна градина","proptype":"Частна","immaddr":"с. Цар Калоян","place":"КАЦАРКИТЕ","area":10104.924889512,"cadreg":1,"pnum":"47"}},{"type":"Feature","geometry":{"type":"Polygon","coordinates":[[[24.701474,42.037377],[24.701238,42.037636],[24.700974,42.037748],[24.70049,42.037807],[24.700492,42.038019],[24.702122,42.038346],[24.702115,42.038067],[24.702151,42.037947],[24.702245,42.037733],[24.702403,42.037563],[24.701474,42.037377]]]},"properties":{"cadnum":"78207.1.48","purptype":"Земеделска","usetype":"Деградирала орна земя","proptype":"Частна","immaddr":"с. Цар Калоян","place":"КАЦАРКИТЕ","area":9409.6818674974,"cadreg":1,"pnum":"48"}},{"type":"Feature","geometry":{"type":"Polygon","coordinates":[[[24.704538,42.035467],[24.703826,42.035908],[24.703766,42.03604],[24.70365,42.036491],[24.703577,42.036668],[24.703162,42.036928],[24.703088,42.036857],[24.702943,42.036895],[24.702946,42.037021],[24.702899,42.037076],[24.702611,42.037224],[24.702254,42.037533],[24.702403,42.037563],[24.702564,42.037328],[24.702729,42.037231],[24.703071,42.037076],[24.703469,42.036817],[24.703666,42.036613],[24.703849,42.036021],[24.704538,42.035467]]]},"properties":{"cadnum":"78207.1.49","purptype":"Земеделска","usetype":"Гори и храсти в земеделска земя","proptype":"Общинска частна","immaddr":"с. Цар Калоян","place":"КАЦАРКИТЕ","area":2065.361972995,"cadreg":1,"pnum":"49"}},{"type":"Feature","geometry":{"type":"Polygon","coordinates":[[[24.696796,42.042536],[24.697198,42.04232],[24.698199,42.042006],[24.698525,42.042058],[24.699115,42.042219],[24.699176,42.042209],[24.698535,42.042033],[24.698233,42.04196],[24.69866,42.041557],[24.698826,42.04139],[24.699001,42.041319],[24.699904,42.041182],[24.699915,42.041152],[24.698988,42.041293],[24.698801,42.041369],[24.698631,42.041541],[24.698225,42.041924],[24.698208,42.041838],[24.698525,42.041137],[24.6983,42.040794],[24.698272,42.040804],[24.698491,42.041129],[24.698174,42.04183],[24.698171,42.041971],[24.697162,42.042306],[24.696757,42.042528],[24.696501,42.042711],[24.696307,42.042905],[24.696165,42.043023],[24.696204,42.043031],[24.696335,42.042923],[24.696489,42.042768],[24.696796,42.042536]]]},"properties":{"cadnum":"78207.1.50","purptype":"Земеделска","usetype":"За селскостопански, горски, ведомствен път","proptype":"Общинска публична","immaddr":"с. Цар Калоян","place":"КАЦАРКИТЕ","area":1884.7553650107,"cadreg":1,"pnum":"50"}},{"type":"Feature","geometry":{"type":"Polygon","coordinates":[[[24.698048,42.042012],[24.698081,42.042001],[24.697673,42.041446],[24.697299,42.040971],[24.697196,42.040887],[24.697185,42.040917],[24.697269,42.040986],[24.697624,42.041437],[24.698048,42.042012]]]},"properties":{"cadnum":"78207.1.51","purptype":"Земеделска","usetype":"За селскостопански, горски, ведомствен път","proptype":"Общинска публична","immaddr":"с. Цар Калоян","place":"КАЦАРКИТЕ","area":425.46189051391,"cadreg":1,"pnum":"51"}},{"type":"Feature","geometry":{"type":"Polygon","coordinates":[[[24.698393,42.040927],[24.698629,42.040835],[24.698536,42.040702],[24.6983,42.040794],[24.698393,42.040927]]]},"properties":{"cadnum":"78207.1.52","purptype":"Територия, заета от води и водни обекти","usetype":"За водностопанско, хидромелиоративно съоръжение","proptype":"Държавна частна","immaddr":"с. Цар Калоян","place":"КАЦАРКИТЕ","area":367.71256199762,"cadreg":1,"pnum":"52"}},{"type":"Feature","geometry":{"type":"Polygon","coordinates":[[[24.701451,42.041777],[24.700977,42.04139],[24.700216,42.042328],[24.700321,42.042343],[24.700721,42.042367],[24.700859,42.042342],[24.701004,42.042267],[24.701576,42.04189],[24.701451,42.041777]]]},"properties":{"cadnum":"78207.2.1","purptype":"Земеделска","usetype":"Овощна градина","proptype":"Съсобственост","immaddr":"с. Цар Калоян","place":"ГОГОРОВО","area":5893.4298319557,"cadreg":2,"pnum":"1"}},{"type":"Feature","geometry":{"type":"Polygon","coordinates":[[[24.70257,42.041161],[24.701338,42.040927],[24.700977,42.04139],[24.701451,42.041777],[24.70257,42.041161]]]},"properties":{"cadnum":"78207.2.2","purptype":"Земеделска","usetype":"Овощна градина","proptype":"Частна","immaddr":"с. Цар Калоян","place":"ГОГОРОВО","area":6347.1982175146,"cadreg":2,"pnum":"2"}},{"type":"Feature","geometry":{"type":"Polygon","coordinates":[[[24.703905,42.040152],[24.70213,42.039813],[24.701685,42.040315],[24.703562,42.040672],[24.703905,42.040152]]]},"properties":{"cadnum":"78207.2.4","purptype":"Земеделска","usetype":"Овощна градина","proptype":"Частна","immaddr":"с. Цар Калоян","place":"ГОГОРОВО","area":9847.8443589805,"cadreg":2,"pnum":"4"}},{"type":"Feature","geometry":{"type":"Polygon","coordinates":[[[24.704326,42.039654],[24.702302,42.03926],[24.702344,42.0394],[24.702349,42.039559],[24.70213,42.039813],[24.703905,42.040152],[24.704272,42.039746],[24.704326,42.039654]]]},"properties":{"cadnum":"78207.2.5","purptype":"Земеделска","usetype":"Овощна градина","proptype":"Частна","immaddr":"с. Цар Калоян","place":"ГОГОРОВО","area":9848.7405804831,"cadreg":2,"pnum":"5"}},{"type":"Feature","geometry":{"type":"Polygon","coordinates":[[[24.704754,42.038887],[24.703628,42.038648],[24.703581,42.038767],[24.70354,42.038759],[24.703303,42.039455],[24.704326,42.039654],[24.704449,42.039472],[24.704754,42.038887]]]},"properties":{"cadnum":"78207.2.6","purptype":"Земеделска","usetype":"Овощна градина","proptype":"Частна","immaddr":"с. Цар Калоян","place":"ГОГОРОВО","area":8748.5134684805,"cadreg":2,"pnum":"6"}},{"type":"Feature","geometry":{"type":"Polygon","coordinates":[[[24.70354,42.038759],[24.703344,42.038715],[24.70339,42.038599],[24.702176,42.038357],[24.702189,42.03848],[24.702169,42.038761],[24.702302,42.03926],[24.703303,42.039455],[24.70354,42.038759]]]},"properties":{"cadnum":"78207.2.7","purptype":"Земеделска","usetype":"Овощна градина","proptype":"Частна","immaddr":"с. Цар Калоян","place":"ГОГОРОВО","area":9694.7011600025,"cadreg":2,"pnum":"7"}},{"type":"Feature","geometry":{"type":"Polygon","coordinates":[[[24.703501,42.038317],[24.703682,42.038351],[24.703829,42.037936],[24.70236,42.037651],[24.702269,42.03775],[24.702198,42.037918],[24.70216,42.038072],[24.702163,42.038226],[24.702176,42.038357],[24.70339,42.038599],[24.703501,42.038317]]]},"properties":{"cadnum":"78207.2.8","purptype":"Земеделска","usetype":"Овощна градина","proptype":"Частна","immaddr":"с. Цар Калоян","place":"ГОГОРОВО","area":9743.3253354921,"cadreg":2,"pnum":"8"}},{"type":"Feature","geometry":{"type":"Polygon","coordinates":[[[24.704939,42.038645],[24.704183,42.038485],[24.704353,42.038038],[24.703829,42.037936],[24.703682,42.038351],[24.703741,42.038362],[24.703628,42.038648],[24.704754,42.038887],[24.704939,42.038645]]]},"properties":{"cadnum":"78207.2.9","purptype":"Земеделска","usetype":"Изоставена нива","proptype":"Частна","immaddr":"с. Цар Калоян","place":"ГОГОРОВО","area":5264.7385389763,"cadreg":2,"pnum":"9"}},{"type":"Feature","geometry":{"type":"Polygon","coordinates":[[[24.704088,42.037204],[24.703829,42.037936],[24.704353,42.038038],[24.705032,42.037387],[24.704088,42.037204]]]},"properties":{"cadnum":"78207.2.10","purptype":"Земеделска","usetype":"Изоставена нива","proptype":"Частна","immaddr":"с. Цар Калоян","place":"ГОГОРОВО","area":5282.7248749824,"cadreg":2,"pnum":"10"}},{"type":"Feature","geometry":{"type":"Polygon","coordinates":[[[24.703192,42.03703],[24.70309,42.037094],[24.702566,42.037356],[24.702421,42.037584],[24.70236,42.037651],[24.703829,42.037936],[24.704088,42.037204],[24.703192,42.03703]]]},"properties":{"cadnum":"78207.2.11","purptype":"Земеделска","usetype":"Нива","proptype":"Частна","immaddr":"с. Цар Калоян","place":"ГОГОРОВО","area":9001.140260027,"cadreg":2,"pnum":"11"}},{"type":"Feature","geometry":{"type":"Polygon","coordinates":[[[24.703713,42.03662],[24.703451,42.036869],[24.703192,42.03703],[24.705478,42.037474],[24.705725,42.037075],[24.705733,42.037012],[24.703713,42.03662]]]},"properties":{"cadnum":"78207.2.12","purptype":"Земеделска","usetype":"Нива","proptype":"Частна","immaddr":"с. Цар Калоян","place":"ГОГОРОВО","area":10085.776176066,"cadreg":2,"pnum":"12"}},{"type":"Feature","geometry":{"type":"Polygon","coordinates":[[[24.703882,42.036048],[24.703713,42.03662],[24.705733,42.037012],[24.705815,42.036423],[24.703882,42.036048]]]},"properties":{"cadnum":"78207.2.13","purptype":"Земеделска","usetype":"Нива","proptype":"Частна","immaddr":"с. Цар Калоян","place":"ГОГОРОВО","area":10992.613372483,"cadreg":2,"pnum":"13"}},{"type":"Feature","geometry":{"type":"Polygon","coordinates":[[[24.705185,42.035603],[24.704977,42.03626],[24.705815,42.036423],[24.705838,42.036275],[24.705916,42.035992],[24.706016,42.035764],[24.705185,42.035603]]]},"properties":{"cadnum":"78207.2.14","purptype":"Земеделска","usetype":"Изоставена нива","proptype":"Частна","immaddr":"с. Цар Калоян","place":"ГОГОРОВО","area":5239.9680664641,"cadreg":2,"pnum":"14"}},{"type":"Feature","geometry":{"type":"Polygon","coordinates":[[[24.704581,42.035486],[24.703882,42.036048],[24.704977,42.03626],[24.705185,42.035603],[24.704581,42.035486]]]},"properties":{"cadnum":"78207.2.15","purptype":"Земеделска","usetype":"Изоставена нива","proptype":"Частна","immaddr":"с. Цар Калоян","place":"ГОГОРОВО","area":5450.5077749578,"cadreg":2,"pnum":"15"}},{"type":"Feature","geometry":{"type":"Polygon","coordinates":[[[24.704908,42.034712],[24.704581,42.035486],[24.706016,42.035764],[24.706143,42.035478],[24.705999,42.034924],[24.704908,42.034712]]]},"properties":{"cadnum":"78207.2.16","purptype":"Земеделска","usetype":"Ливада","proptype":"Частна","immaddr":"с. Цар Калоян","place":"ГОГОРОВО","area":10238.80296199,"cadreg":2,"pnum":"16"}},{"type":"Feature","geometry":{"type":"Polygon","coordinates":[[[24.705587,42.034064],[24.704977,42.034535],[24.704908,42.034712],[24.705999,42.034924],[24.705886,42.034536],[24.705846,42.034208],[24.705846,42.033934],[24.705587,42.034064]]]},"properties":{"cadnum":"78207.2.17","purptype":"Земеделска","usetype":"Ливада","proptype":"Частна","immaddr":"с. Цар Калоян","place":"ГОГОРОВО","area":5250.6207360185,"cadreg":2,"pnum":"17"}},{"type":"Feature","geometry":{"type":"Polygon","coordinates":[[[24.704148,42.040187],[24.704315,42.039861],[24.704482,42.039573],[24.704693,42.039312],[24.704816,42.039179],[24.70501,42.039004],[24.705216,42.038746],[24.7054,42.038622],[24.705506,42.038515],[24.705637,42.038401],[24.705766,42.038347],[24.705854,42.038261],[24.706169,42.038037],[24.706515,42.037695],[24.706581,42.037572],[24.706671,42.037249],[24.706703,42.037182],[24.706972,42.036808],[24.707055,42.036677],[24.707434,42.036469],[24.707588,42.036405],[24.707898,42.036328],[24.708033,42.036304],[24.708269,42.036277],[24.708564,42.036226],[24.709465,42.036024],[24.709617,42.035971],[24.709716,42.035918],[24.709913,42.035752],[24.709982,42.03561],[24.709983,42.035523],[24.709955,42.035411],[24.709897,42.035335],[24.709692,42.035227],[24.709863,42.035436],[24.709887,42.035531],[24.709891,42.035606],[24.709831,42.035711],[24.7097,42.035836],[24.709568,42.035909],[24.70944,42.035953],[24.708972,42.036047],[24.708537,42.036156],[24.708253,42.036206],[24.708013,42.036233],[24.70787,42.036259],[24.707576,42.036331],[24.707454,42.036372],[24.707,42.036617],[24.706625,42.037138],[24.706578,42.03723],[24.706481,42.037565],[24.706431,42.037657],[24.706232,42.037841],[24.706099,42.037986],[24.706018,42.038034],[24.705781,42.038214],[24.705701,42.038292],[24.705584,42.038341],[24.705513,42.038382],[24.705453,42.038447],[24.705318,42.03857],[24.70526,42.038606],[24.705133,42.038716],[24.705031,42.038821],[24.704939,42.038943],[24.704746,42.039129],[24.704449,42.039472],[24.704326,42.039654],[24.70417,42.039914],[24.704077,42.04011],[24.703911,42.040506],[24.703686,42.040861],[24.702096,42.041606],[24.701576,42.04189],[24.701004,42.042267],[24.700859,42.042342],[24.700721,42.042367],[24.700321,42.042343],[24.699647,42.042226],[24.699336,42.042203],[24.699176,42.042209],[24.6985,42.042302],[24.698145,42.042433],[24.697766,42.042491],[24.697408,42.042566],[24.697307,42.042597],[24.697176,42.042651],[24.697006,42.042781],[24.696919,42.042859],[24.696891,42.042904],[24.696862,42.042994],[24.6968,42.043329],[24.696752,42.043473],[24.696705,42.043527],[24.696431,42.043752],[24.696402,42.043802],[24.696305,42.044082],[24.696399,42.044101],[24.696456,42.043951],[24.696473,42.043881],[24.696513,42.043793],[24.696781,42.043572],[24.696844,42.0435],[24.69691,42.043281],[24.696967,42.04296],[24.697001,42.042897],[24.697073,42.042832],[24.697241,42.042719],[24.697352,42.042661],[24.697429,42.042636],[24.697485,42.042631],[24.697738,42.042573],[24.698166,42.042505],[24.698525,42.042371],[24.698969,42.042317],[24.6992,42.042278],[24.699347,42.042269],[24.699739,42.042315],[24.700306,42.042425],[24.700618,42.042457],[24.700906,42.042424],[24.700999,42.042385],[24.70111,42.042325],[24.70166,42.041945],[24.702662,42.041448],[24.703371,42.041139],[24.703626,42.041003],[24.703799,42.040875],[24.70401,42.040572],[24.704148,42.040187]]]},"properties":{"cadnum":"78207.2.18","purptype":"Територия на транспорта","usetype":"За местен път","proptype":"Общинска публична","immaddr":"с. Цар Калоян","place":"ГОГОРОВО","area":14320.22622799,"cadreg":2,"pnum":"18"}},{"type":"Feature","geometry":{"type":"Polygon","coordinates":[[[24.704272,42.039746],[24.703905,42.040152],[24.703562,42.040672],[24.70257,42.041161],[24.701451,42.041777],[24.701576,42.04189],[24.702096,42.041606],[24.703686,42.040861],[24.703911,42.040506],[24.704077,42.04011],[24.70417,42.039914],[24.704272,42.039746]]]},"properties":{"cadnum":"78207.2.19","purptype":"Земеделска","usetype":"Деградирала орна земя","proptype":"Общинска частна","immaddr":"с. Цар Калоян","place":"КАЦАРКИТЕ","area":5635.0544844841,"cadreg":2,"pnum":"19"}},{"type":"Feature","geometry":{"type":"Polygon","coordinates":[[[24.703344,42.038715],[24.703581,42.038767],[24.703741,42.038362],[24.703501,42.038317],[24.703344,42.038715]]]},"properties":{"cadnum":"78207.2.20","purptype":"Територия, заета от води и водни обекти","usetype":"За водностопанско, хидромелиоративно съоръжение","proptype":"Държавна частна","immaddr":"с. Цар Калоян","place":"ГОГОРОВО","area":952.28808399797,"cadreg":2,"pnum":"20"}},{"type":"Feature","geometry":{"type":"Polygon","coordinates":[[[24.704917,42.03457],[24.704538,42.035467],[24.703849,42.036021],[24.703666,42.036613],[24.703469,42.036817],[24.703071,42.037076],[24.702729,42.037231],[24.702564,42.037328],[24.702403,42.037563],[24.702245,42.037733],[24.702151,42.037947],[24.702115,42.038067],[24.702122,42.038346],[24.702095,42.038765],[24.702265,42.039404],[24.702273,42.039542],[24.701602,42.040305],[24.701506,42.040494],[24.70126,42.040912],[24.700418,42.041987],[24.700127,42.042314],[24.700216,42.042328],[24.700977,42.04139],[24.701338,42.040927],[24.701554,42.04056],[24.701685,42.040315],[24.702349,42.039559],[24.702344,42.0394],[24.702169,42.038761],[24.702189,42.03848],[24.702163,42.038226],[24.70216,42.038072],[24.702198,42.037918],[24.702269,42.03775],[24.702421,42.037584],[24.702566,42.037356],[24.70309,42.037094],[24.703451,42.036869],[24.703713,42.03662],[24.703882,42.036048],[24.704581,42.035486],[24.704977,42.034535],[24.704917,42.03457]]]},"properties":{"cadnum":"78207.2.21","purptype":"Земеделска","usetype":"За селскостопански, горски, ведомствен път","proptype":"Общинска публична","immaddr":"с. Цар Калоян","place":"КАЦАРКИТЕ","area":4802.573654547,"cadreg":2,"pnum":"21"}},{"type":"Feature","geometry":{"type":"Polygon","coordinates":[[[24.705772,42.037084],[24.705882,42.036302],[24.705958,42.036017],[24.706192,42.035482],[24.706137,42.035179],[24.705934,42.03453],[24.705896,42.034213],[24.705911,42.033918],[24.705846,42.033934],[24.705846,42.034208],[24.705886,42.034536],[24.705999,42.034924],[24.706143,42.035478],[24.705916,42.035992],[24.705838,42.036275],[24.705725,42.037075],[24.705478,42.037474],[24.70531,42.037726],[24.705271,42.037914],[24.705093,42.038444],[24.704754,42.038887],[24.704449,42.039472],[24.704588,42.039305],[24.704795,42.038908],[24.705138,42.038458],[24.705312,42.037939],[24.705356,42.037737],[24.705557,42.037436],[24.705772,42.037084]]]},"properties":{"cadnum":"78207.2.22","purptype":"Земеделска","usetype":"За селскостопански, горски, ведомствен път","proptype":"Общинска публична","immaddr":"с. Цар Калоян","place":"ГОГОРОВО","area":2660.7107880238,"cadreg":2,"pnum":"22"}},{"type":"Feature","geometry":{"type":"Polygon","coordinates":[[[24.705032,42.037387],[24.704353,42.038038],[24.705175,42.038198],[24.705271,42.037914],[24.70531,42.037726],[24.705478,42.037474],[24.705032,42.037387]]]},"properties":{"cadnum":"78207.2.23","purptype":"Земеделска","usetype":"Овощна градина","proptype":"Частна","immaddr":"с. Цар Калоян","place":"ГОГОРОВО","area":4383.8022339907,"cadreg":2,"pnum":"23"}},{"type":"Feature","geometry":{"type":"Polygon","coordinates":[[[24.704353,42.038038],[24.704183,42.038485],[24.704939,42.038645],[24.705093,42.038444],[24.705175,42.038198],[24.704353,42.038038]]]},"properties":{"cadnum":"78207.2.24","purptype":"Земеделска","usetype":"Овощна градина","proptype":"Частна","immaddr":"с. Цар Калоян","place":"ГОГОРОВО","area":3640.3084995273,"cadreg":2,"pnum":"24"}},{"type":"Feature","geometry":{"type":"Polygon","coordinates":[[[24.702949,42.040974],[24.701475,42.040694],[24.701338,42.040927],[24.70257,42.041161],[24.702949,42.040974]]]},"properties":{"cadnum":"78207.2.25","purptype":"Земеделска","usetype":"Овощна градина","proptype":"Частна","immaddr":"с. Цар Калоян","place":"ГОГОРОВО","area":3222.5887050474,"cadreg":2,"pnum":"25"}},{"type":"Feature","geometry":{"type":"Polygon","coordinates":[[[24.703274,42.040814],[24.701589,42.040493],[24.701475,42.040694],[24.702949,42.040974],[24.703274,42.040814]]]},"properties":{"cadnum":"78207.2.26","purptype":"Земеделска","usetype":"Овощна градина","proptype":"Частна","immaddr":"с. Цар Калоян","place":"ГОГОРОВО","area":3223.9309469858,"cadreg":2,"pnum":"26"}},{"type":"Feature","geometry":{"type":"Polygon","coordinates":[[[24.703562,42.040672],[24.701685,42.040315],[24.701589,42.040493],[24.703274,42.040814],[24.703562,42.040672]]]},"properties":{"cadnum":"78207.2.27","purptype":"Земеделска","usetype":"Овощна градина","proptype":"Частна","immaddr":"с. Цар Калоян","place":"ГОГОРОВО","area":3223.9989820216,"cadreg":2,"pnum":"27"}},{"type":"Feature","geometry":{"type":"Polygon","coordinates":[[[24.694819,42.039131],[24.6946,42.039112],[24.694326,42.039043],[24.69415,42.038929],[24.693655,42.038952],[24.693834,42.03906],[24.694375,42.039411],[24.694706,42.039547],[24.694804,42.039628],[24.695834,42.039859],[24.695949,42.039867],[24.69628,42.039833],[24.696624,42.039742],[24.69699,42.039674],[24.697063,42.039646],[24.697273,42.03922],[24.697362,42.039134],[24.697467,42.039077],[24.697814,42.038984],[24.698583,42.038742],[24.699168,42.038582],[24.699961,42.038493],[24.700543,42.03822],[24.700492,42.038019],[24.70049,42.037807],[24.700974,42.037748],[24.701238,42.037636],[24.701474,42.037377],[24.702254,42.037533],[24.702611,42.037224],[24.702899,42.037076],[24.702946,42.037021],[24.702943,42.036895],[24.703088,42.036857],[24.703162,42.036928],[24.703577,42.036668],[24.70365,42.036491],[24.703766,42.03604],[24.703826,42.035908],[24.704538,42.035467],[24.704581,42.035365],[24.704499,42.035433],[24.703985,42.035695],[24.703722,42.035853],[24.703491,42.036623],[24.703258,42.036758],[24.702854,42.03678],[24.702544,42.036917],[24.702192,42.036962],[24.702123,42.036992],[24.701917,42.037056],[24.7018,42.037079],[24.700728,42.037564],[24.700296,42.037543],[24.700193,42.037428],[24.700201,42.037374],[24.700309,42.037338],[24.700735,42.037113],[24.701045,42.036914],[24.701422,42.036699],[24.701688,42.036512],[24.702017,42.036371],[24.7022,42.03632],[24.702371,42.036131],[24.70253,42.035885],[24.702647,42.035831],[24.70294,42.035674],[24.702736,42.035531],[24.702632,42.035537],[24.702518,42.035579],[24.701963,42.036032],[24.701713,42.036219],[24.701589,42.03627],[24.701436,42.036372],[24.701286,42.036449],[24.701156,42.036535],[24.700973,42.036613],[24.700672,42.036825],[24.70051,42.036885],[24.700073,42.037023],[24.699147,42.037511],[24.698742,42.0377],[24.698468,42.037813],[24.69812,42.037909],[24.697615,42.038074],[24.697296,42.038191],[24.696907,42.03835],[24.696731,42.038442],[24.696648,42.038545],[24.69656,42.038628],[24.696401,42.038724],[24.69626,42.038748],[24.6961,42.03875],[24.695757,42.038731],[24.695594,42.03874],[24.69552,42.038734],[24.695498,42.038821],[24.695402,42.038921],[24.695246,42.039058],[24.695077,42.03911],[24.694819,42.039131]],[[24.696691,42.039553],[24.696417,42.039457],[24.696161,42.039335],[24.695765,42.039356],[24.695714,42.039233],[24.695944,42.039192],[24.696156,42.039135],[24.6966,42.038975],[24.697039,42.039385],[24.696691,42.039553]]]},"properties":{"cadnum":"78207.3.1","purptype":"Горска","usetype":"Дере","proptype":"Държавна частна","immaddr":"с. Цар Калоян","place":"ГЪРЧОВИЦА","area":72265.719384408,"cadreg":3,"pnum":"1"}},{"type":"Feature","geometry":{"type":"Polygon","coordinates":[[[24.695589,42.03785],[24.69552,42.038734],[24.695594,42.03874],[24.695757,42.038731],[24.6961,42.03875],[24.69626,42.038748],[24.696401,42.038724],[24.696493,42.038669],[24.695808,42.037741],[24.695589,42.03785]]]},"properties":{"cadnum":"78207.3.2","purptype":"Земеделска","usetype":"Изоставена нива","proptype":"Частна","immaddr":"с. Цар Калоян","place":"ГЪРЧОВИЦА","area":5498.1330930217,"cadreg":3,"pnum":"2"}},{"type":"Feature","geometry":{"type":"Polygon","coordinates":[[[24.697066,42.036425],[24.697445,42.036457],[24.697245,42.037106],[24.69692,42.037186],[24.696623,42.037334],[24.69662,42.037463],[24.696445,42.037484],[24.696338,42.037531],[24.696356,42.037593],[24.696414,42.037704],[24.696505,42.037846],[24.696587,42.038034],[24.696606,42.038117],[24.696647,42.038175],[24.69683,42.038188],[24.696876,42.038245],[24.696907,42.03835],[24.697296,42.038191],[24.697615,42.038074],[24.69812,42.037909],[24.698468,42.037813],[24.698742,42.0377],[24.699147,42.037511],[24.700072,42.037024],[24.700048,42.036982],[24.700485,42.036844],[24.700637,42.036787],[24.700937,42.036576],[24.701121,42.036498],[24.701249,42.036414],[24.701398,42.036337],[24.701708,42.036138],[24.7022,42.035741],[24.701804,42.035835],[24.701243,42.035922],[24.701136,42.035927],[24.701048,42.035918],[24.701054,42.035874],[24.700983,42.035846],[24.700952,42.03579],[24.700954,42.035717],[24.701008,42.035589],[24.701081,42.035469],[24.7012,42.035322],[24.701258,42.03528],[24.701334,42.035246],[24.701439,42.035224],[24.701539,42.035184],[24.701645,42.035162],[24.701815,42.035063],[24.701862,42.035011],[24.701832,42.034912],[24.701758,42.034876],[24.701257,42.034846],[24.701094,42.034805],[24.700967,42.034726],[24.700911,42.03468],[24.700853,42.034593],[24.700503,42.034712],[24.700149,42.034624],[24.698821,42.034452],[24.69853,42.034766],[24.698379,42.035191],[24.697625,42.035394],[24.697133,42.035679],[24.697026,42.036168],[24.697076,42.036383],[24.697066,42.036425]]]},"properties":{"cadnum":"78207.3.3","purptype":"Земеделска","usetype":"За кариера за пясък, чакъл и глини за строителната керамика","proptype":"Държавна частна","immaddr":"с. Цар Калоян","place":"ГЪРЧОВИЦА","area":104719.08999852,"cadreg":3,"pnum":"3"}},{"type":"Feature","geometry":{"type":"Polygon","coordinates":[[[24.696522,42.036336],[24.697076,42.036383],[24.697026,42.036168],[24.697091,42.035869],[24.696543,42.036054],[24.696492,42.03632],[24.696522,42.036336]]]},"properties":{"cadnum":"78207.3.4","purptype":"Земеделска","usetype":"Изоставена нива","proptype":"Частна","immaddr":"с. Цар Калоян","place":"ГЪРЧОВИЦА","area":1912.2328725189,"cadreg":3,"pnum":"4"}},{"type":"Feature","geometry":{"type":"Polygon","coordinates":[[[24.697091,42.035869],[24.697133,42.035679],[24.697625,42.035394],[24.697679,42.03538],[24.697379,42.035013],[24.697173,42.035131],[24.696967,42.035297],[24.696569,42.035878],[24.696543,42.036054],[24.697091,42.035869]]]},"properties":{"cadnum":"78207.3.5","purptype":"Земеделска","usetype":"Изоставена нива","proptype":"Частна","immaddr":"с. Цар Калоян","place":"ГЪРЧОВИЦА","area":4302.6062495108,"cadreg":3,"pnum":"5"}},{"type":"Feature","geometry":{"type":"Polygon","coordinates":[[[24.696623,42.037334],[24.695808,42.037741],[24.696493,42.038669],[24.69656,42.038628],[24.696648,42.038545],[24.696731,42.038442],[24.696907,42.03835],[24.696876,42.038245],[24.69683,42.038188],[24.696647,42.038175],[24.696606,42.038117],[24.696587,42.038034],[24.696505,42.037846],[24.696414,42.037704],[24.696356,42.037593],[24.696338,42.037531],[24.696445,42.037484],[24.69662,42.037463],[24.696623,42.037334]]]},"properties":{"cadnum":"78207.3.6","purptype":"Земеделска","usetype":"Изоставена нива","proptype":"Частна","immaddr":"с. Цар Калоян","place":"ГЪРЧОВИЦА","area":5242.9097604653,"cadreg":3,"pnum":"6"}},{"type":"Feature","geometry":{"type":"Polygon","coordinates":[[[24.698198,42.03524],[24.697764,42.034652],[24.697616,42.034702],[24.697498,42.034924],[24.697379,42.035013],[24.697679,42.03538],[24.698198,42.03524]]]},"properties":{"cadnum":"78207.3.7","purptype":"Земеделска","usetype":"Изоставена нива","proptype":"Частна","immaddr":"с. Цар Калоян","place":"ГЪРЧОВИЦА","area":2915.6144064891,"cadreg":3,"pnum":"7"}},{"type":"Feature","geometry":{"type":"Polygon","coordinates":[[[24.705365,42.033577],[24.704864,42.033724],[24.704217,42.034257],[24.704011,42.034633],[24.704266,42.034397],[24.704455,42.034338],[24.705172,42.03389],[24.705227,42.033868],[24.705365,42.033577]]]},"properties":{"cadnum":"78207.3.8","purptype":"Земеделска","usetype":"Друг вид недървопроизводителна горска площ","proptype":"Частна","immaddr":"с. Цар Калоян","place":"ГЪРЧОВИЦА","area":2994.5379685035,"cadreg":3,"pnum":"8"}},{"type":"Feature","geometry":{"type":"Polygon","coordinates":[[[24.698379,42.035191],[24.69853,42.034766],[24.698609,42.03468],[24.698424,42.034428],[24.697764,42.034652],[24.698198,42.03524],[24.698379,42.035191]]]},"properties":{"cadnum":"78207.3.9","purptype":"Земеделска","usetype":"Изоставена нива","proptype":"Частна","immaddr":"с. Цар Калоян","place":"ГЪРЧОВИЦА","area":3462.1125585096,"cadreg":3,"pnum":"9"}},{"type":"Feature","geometry":{"type":"Polygon","coordinates":[[[24.69881,42.034463],[24.698571,42.034379],[24.698424,42.034428],[24.698609,42.03468],[24.69881,42.034463]]]},"properties":{"cadnum":"78207.3.10","purptype":"Земеделска","usetype":"Изоставена нива","proptype":"Частна","immaddr":"с. Цар Калоян","place":"ГЪРЧОВИЦА","area":529.54229799033,"cadreg":3,"pnum":"10"}},{"type":"Feature","geometry":{"type":"Polygon","coordinates":[[[24.698583,42.034375],[24.697974,42.034005],[24.697899,42.034042],[24.697839,42.034243],[24.697616,42.034702],[24.698583,42.034375]]]},"properties":{"cadnum":"78207.3.11","purptype":"Земеделска","usetype":"Овощна градина","proptype":"Частна","immaddr":"с. Цар Калоян","place":"ГЪРЧОВИЦА","area":2661.7897870106,"cadreg":3,"pnum":"11"}},{"type":"Feature","geometry":{"type":"Polygon","coordinates":[[[24.697899,42.034042],[24.698007,42.033988],[24.698062,42.033922],[24.698245,42.033581],[24.698264,42.033412],[24.698213,42.033266],[24.698152,42.033188],[24.697899,42.034042]]]},"properties":{"cadnum":"78207.3.12","purptype":"Земеделска","usetype":"Овощна градина","proptype":"Общинска частна","immaddr":"с. Цар Калоян","place":"ГЪРЧОВИЦА","area":1127.6639780009,"cadreg":3,"pnum":"12"}},{"type":"Feature","geometry":{"type":"Polygon","coordinates":[[[24.698583,42.034375],[24.699362,42.034111],[24.698662,42.03296],[24.69817,42.033127],[24.698152,42.033188],[24.698213,42.033266],[24.698264,42.033412],[24.698245,42.033581],[24.698062,42.033922],[24.698007,42.033988],[24.697974,42.034005],[24.698583,42.034375]]]},"properties":{"cadnum":"78207.3.13","purptype":"Земеделска","usetype":"Овощна градина","proptype":"Частна","immaddr":"с. Цар Калоян","place":"ГЪРЧОВИЦА","area":10050.702446987,"cadreg":3,"pnum":"13"}},{"type":"Feature","geometry":{"type":"Polygon","coordinates":[[[24.69881,42.034463],[24.698821,42.034452],[24.700149,42.034624],[24.700503,42.034712],[24.700773,42.03462],[24.700241,42.033813],[24.698571,42.034379],[24.69881,42.034463]]]},"properties":{"cadnum":"78207.3.14","purptype":"Земеделска","usetype":"Изоставена нива","proptype":"Общинска частна","immaddr":"с. Цар Калоян","place":"ГЪРЧОВИЦА","area":8844.5010099977,"cadreg":3,"pnum":"14"}},{"type":"Feature","geometry":{"type":"Polygon","coordinates":[[[24.699362,42.034111],[24.700241,42.033813],[24.699542,42.032662],[24.698662,42.03296],[24.699362,42.034111]]]},"properties":{"cadnum":"78207.3.15","purptype":"Земеделска","usetype":"Овощна градина","proptype":"Частна","immaddr":"с. Цар Калоян","place":"ГЪРЧОВИЦА","area":11225.958039466,"cadreg":3,"pnum":"15"}},{"type":"Feature","geometry":{"type":"Polygon","coordinates":[[[24.699542,42.032662],[24.699868,42.032544],[24.699352,42.031698],[24.698387,42.032879],[24.698199,42.03308],[24.69817,42.033127],[24.699542,42.032662]]]},"properties":{"cadnum":"78207.3.16","purptype":"Земеделска","usetype":"Овощна градина","proptype":"Частна","immaddr":"с. Цар Калоян","place":"ГЪРЧОВИЦА","area":7967.005862057,"cadreg":3,"pnum":"16"}},{"type":"Feature","geometry":{"type":"Polygon","coordinates":[[[24.700286,42.032394],[24.701075,42.03213],[24.700881,42.031813],[24.700125,42.031646],[24.699829,42.031212],[24.699352,42.031698],[24.699868,42.032544],[24.700286,42.032394]]]},"properties":{"cadnum":"78207.3.17","purptype":"Земеделска","usetype":"Овощна градина","proptype":"Частна","immaddr":"с. Цар Калоян","place":"ГЪРЧОВИЦА","area":10161.496083494,"cadreg":3,"pnum":"17"}},{"type":"Feature","geometry":{"type":"Polygon","coordinates":[[[24.699542,42.032662],[24.700241,42.033813],[24.701034,42.033544],[24.700286,42.032394],[24.699542,42.032662]]]},"properties":{"cadnum":"78207.3.18","purptype":"Земеделска","usetype":"Овощна градина","proptype":"Частна","immaddr":"с. Цар Калоян","place":"ГЪРЧОВИЦА","area":9919.6228399868,"cadreg":3,"pnum":"18"}},{"type":"Feature","geometry":{"type":"Polygon","coordinates":[[[24.700286,42.032394],[24.701034,42.033544],[24.701781,42.033291],[24.701075,42.03213],[24.700286,42.032394]]]},"properties":{"cadnum":"78207.3.19","purptype":"Земеделска","usetype":"Изоставена нива","proptype":"Частна","immaddr":"с. Цар Калоян","place":"ГЪРЧОВИЦА","area":9883.4273934919,"cadreg":3,"pnum":"19"}},{"type":"Feature","geometry":{"type":"Polygon","coordinates":[[[24.703292,42.033769],[24.702492,42.032457],[24.701482,42.032799],[24.702279,42.034108],[24.703292,42.033769]]]},"properties":{"cadnum":"78207.3.21","purptype":"Земеделска","usetype":"Деградирала орна земя","proptype":"Частна","immaddr":"с. Цар Калоян","place":"ГЪРЧОВИЦА","area":14697.689365489,"cadreg":3,"pnum":"21"}},{"type":"Feature","geometry":{"type":"Polygon","coordinates":[[[24.702452,42.03167],[24.701075,42.03213],[24.701482,42.032799],[24.702855,42.032334],[24.702452,42.03167]]]},"properties":{"cadnum":"78207.3.22","purptype":"Земеделска","usetype":"Изоставена нива","proptype":"Частна","immaddr":"с. Цар Калоян","place":"ГЪРЧОВИЦА","area":10157.429583021,"cadreg":3,"pnum":"22"}},{"type":"Feature","geometry":{"type":"Polygon","coordinates":[[[24.70109,42.031581],[24.701076,42.030692],[24.700754,42.030692],[24.700006,42.031065],[24.699829,42.031212],[24.700125,42.031646],[24.700881,42.031813],[24.70109,42.031581]]]},"properties":{"cadnum":"78207.3.23","purptype":"Земеделска","usetype":"Овощна градина","proptype":"Частна","immaddr":"с. Цар Калоян","place":"ГЪРЧОВИЦА","area":9085.181581487,"cadreg":3,"pnum":"23"}},{"type":"Feature","geometry":{"type":"Polygon","coordinates":[[[24.701075,42.03213],[24.702144,42.031773],[24.701422,42.030589],[24.701076,42.030692],[24.70109,42.031581],[24.700881,42.031813],[24.701075,42.03213]]]},"properties":{"cadnum":"78207.3.24","purptype":"Земеделска","usetype":"Изоставена нива","proptype":"Частна","immaddr":"с. Цар Калоян","place":"ГЪРЧОВИЦА","area":9705.154737001,"cadreg":3,"pnum":"24"}},{"type":"Feature","geometry":{"type":"Polygon","coordinates":[[[24.702144,42.031773],[24.702948,42.031504],[24.702255,42.030367],[24.702053,42.030402],[24.701422,42.030589],[24.702144,42.031773]]]},"properties":{"cadnum":"78207.3.25","purptype":"Земеделска","usetype":"Изоставена нива","proptype":"Частна","immaddr":"с. Цар Калоян","place":"ГЪРЧОВИЦА","area":10403.349300999,"cadreg":3,"pnum":"25"}},{"type":"Feature","geometry":{"type":"Polygon","coordinates":[[[24.70274,42.030281],[24.702255,42.030367],[24.702948,42.031504],[24.703829,42.031209],[24.703201,42.030149],[24.70274,42.030281]]]},"properties":{"cadnum":"78207.3.26","purptype":"Земеделска","usetype":"Изоставена нива","proptype":"Частна","immaddr":"с. Цар Калоян","place":"ГЪРЧОВИЦА","area":10677.678055986,"cadreg":3,"pnum":"26"}},{"type":"Feature","geometry":{"type":"Polygon","coordinates":[[[24.702855,42.032334],[24.704234,42.031868],[24.703829,42.031209],[24.702452,42.03167],[24.702855,42.032334]]]},"properties":{"cadnum":"78207.3.27","purptype":"Земеделска","usetype":"Изоставена нива","proptype":"Частна","immaddr":"с. Цар Калоян","place":"ГЪРЧОВИЦА","area":10106.129717513,"cadreg":3,"pnum":"27"}},{"type":"Feature","geometry":{"type":"Polygon","coordinates":[[[24.703993,42.032895],[24.703868,42.033046],[24.70356,42.03298],[24.703488,42.032622],[24.703691,42.0324],[24.703515,42.032111],[24.702492,42.032457],[24.703292,42.033769],[24.704316,42.033425],[24.703993,42.032895]]]},"properties":{"cadnum":"78207.3.28","purptype":"Земеделска","usetype":"Гори и храсти в земеделска земя","proptype":"Държавна частна","immaddr":"с. Цар Калоян","place":"ГЪРЧОВИЦА","area":13137.931807968,"cadreg":3,"pnum":"28"}},{"type":"Feature","geometry":{"type":"Polygon","coordinates":[[[24.703488,42.032622],[24.70356,42.03298],[24.703868,42.033046],[24.703993,42.032895],[24.703691,42.0324],[24.703488,42.032622]]]},"properties":{"cadnum":"78207.3.29","purptype":"Земеделска","usetype":"Изоставена нива","proptype":"Общинска частна","immaddr":"с. Цар Калоян","place":"ГЪРЧОВИЦА","area":1763.2558849978,"cadreg":3,"pnum":"29"}},{"type":"Feature","geometry":{"type":"Polygon","coordinates":[[[24.704997,42.032308],[24.704623,42.031729],[24.704234,42.031868],[24.703515,42.032111],[24.703993,42.032895],[24.704024,42.032858],[24.704304,42.032721],[24.704399,42.032573],[24.704515,42.032807],[24.704778,42.032995],[24.70493,42.032792],[24.705129,42.032644],[24.704978,42.032435],[24.704829,42.032362],[24.704997,42.032308]]]},"properties":{"cadnum":"78207.3.30","purptype":"Земеделска","usetype":"Изоставена нива","proptype":"Частна","immaddr":"с. Цар Калоян","place":"ГЪРЧОВИЦА","area":10487.721657514,"cadreg":3,"pnum":"30"}},{"type":"Feature","geometry":{"type":"Polygon","coordinates":[[[24.704829,42.032362],[24.704978,42.032435],[24.705129,42.032644],[24.70493,42.032792],[24.704778,42.032995],[24.704515,42.032807],[24.704399,42.032573],[24.704304,42.032721],[24.704024,42.032858],[24.703993,42.032895],[24.704316,42.033425],[24.703414,42.033728],[24.704011,42.034633],[24.704217,42.034257],[24.704864,42.033724],[24.705365,42.033577],[24.705227,42.033868],[24.705564,42.033731],[24.705767,42.033511],[24.705799,42.033],[24.70573,42.032615],[24.705538,42.032672],[24.705197,42.032243],[24.705122,42.032229],[24.704997,42.032308],[24.704829,42.032362]]]},"properties":{"cadnum":"78207.3.31","purptype":"Горска","usetype":"Широколистна гора","proptype":"Държавна частна","immaddr":"с. Цар Калоян","place":"ГЪРЧОВИЦА","area":22099.755753012,"cadreg":3,"pnum":"31"}},{"type":"Feature","geometry":{"type":"Polygon","coordinates":[[[24.705122,42.032229],[24.705331,42.031768],[24.705516,42.03142],[24.704623,42.031729],[24.704997,42.032308],[24.705122,42.032229]]]},"properties":{"cadnum":"78207.3.32","purptype":"Земеделска","usetype":"Изоставена нива","proptype":"Частна","immaddr":"с. Цар Калоян","place":"ГЪРЧОВИЦА","area":3174.9928415155,"cadreg":3,"pnum":"32"}},{"type":"Feature","geometry":{"type":"Polygon","coordinates":[[[24.705616,42.031453],[24.705488,42.031624],[24.705422,42.031795],[24.705197,42.032243],[24.705538,42.032672],[24.70573,42.032615],[24.705616,42.031453]]]},"properties":{"cadnum":"78207.3.33","purptype":"Земеделска","usetype":"Деградирала орна земя","proptype":"Частна","immaddr":"с. Цар Калоян","place":"ГЪРЧОВИЦА","area":3220.8453090029,"cadreg":3,"pnum":"33"}},{"type":"Feature","geometry":{"type":"Polygon","coordinates":[[[24.705432,42.031129],[24.705174,42.030744],[24.703829,42.031209],[24.704234,42.031868],[24.705516,42.03142],[24.705432,42.031129]]]},"properties":{"cadnum":"78207.3.34","purptype":"Земеделска","usetype":"Изоставена нива","proptype":"Частна","immaddr":"с. Цар Калоян","place":"ГЪРЧОВИЦА","area":9807.3328949648,"cadreg":3,"pnum":"34"}},{"type":"Feature","geometry":{"type":"Polygon","coordinates":[[[24.704789,42.03038],[24.704379,42.030131],[24.703393,42.030473],[24.703829,42.031209],[24.705174,42.030744],[24.704789,42.03038]]]},"properties":{"cadnum":"78207.3.35","purptype":"Земеделска","usetype":"Изоставена нива","proptype":"Частна","immaddr":"с. Цар Калоян","place":"ГЪРЧОВИЦА","area":9758.5617139898,"cadreg":3,"pnum":"35"}},{"type":"Feature","geometry":{"type":"Polygon","coordinates":[[[24.70415,42.028944],[24.703201,42.030149],[24.703393,42.030473],[24.704379,42.030131],[24.70415,42.028944]]]},"properties":{"cadnum":"78207.3.36","purptype":"Земеделска","usetype":"Нива","proptype":"Частна","immaddr":"с. Цар Калоян","place":"ГЪРЧОВИЦА","area":8228.7813270344,"cadreg":3,"pnum":"36"}},{"type":"Feature","geometry":{"type":"Polygon","coordinates":[[[24.696492,42.03632],[24.696569,42.035878],[24.696967,42.035297],[24.697173,42.035131],[24.697379,42.035013],[24.697498,42.034924],[24.697616,42.034702],[24.697839,42.034243],[24.69817,42.033127],[24.698199,42.03308],[24.698387,42.032879],[24.699352,42.031698],[24.699829,42.031212],[24.700006,42.031065],[24.700754,42.030692],[24.701076,42.030692],[24.702053,42.030402],[24.70274,42.030281],[24.703201,42.030149],[24.70415,42.028944],[24.704379,42.030131],[24.704789,42.03038],[24.705174,42.030744],[24.705432,42.031129],[24.705516,42.03142],[24.705331,42.031768],[24.705122,42.032229],[24.705197,42.032243],[24.705422,42.031795],[24.705488,42.031624],[24.705616,42.031453],[24.705498,42.031067],[24.705255,42.030717],[24.704893,42.030363],[24.704631,42.02992],[24.704426,42.029184],[24.704295,42.028842],[24.704052,42.028902],[24.703123,42.030081],[24.702699,42.030202],[24.70228,42.030276],[24.701391,42.030564],[24.701099,42.030644],[24.700778,42.030658],[24.700047,42.03056],[24.699592,42.030471],[24.699108,42.030298],[24.698527,42.030239],[24.698514,42.030212],[24.698264,42.030276],[24.698204,42.030284],[24.6979,42.030214],[24.697935,42.030272],[24.698109,42.030315],[24.698215,42.030319],[24.698572,42.03027],[24.699117,42.030337],[24.699609,42.030508],[24.700046,42.030596],[24.700452,42.030651],[24.700549,42.030692],[24.700544,42.030732],[24.69997,42.031013],[24.699645,42.031303],[24.699322,42.031649],[24.698109,42.033125],[24.697794,42.034217],[24.697447,42.034898],[24.697347,42.034973],[24.697134,42.035097],[24.696917,42.035271],[24.69651,42.035865],[24.696441,42.036289],[24.696492,42.03632]]]},"properties":{"cadnum":"78207.3.37","purptype":"Земеделска","usetype":"За селскостопански, горски, ведомствен път","proptype":"Общинска публична","immaddr":"с. Цар Калоян","place":"ГЪРЧОВИЦА","area":12884.146821396,"cadreg":3,"pnum":"37"}},{"type":"Feature","geometry":{"type":"Polygon","coordinates":[[[24.704499,42.035433],[24.704581,42.035365],[24.704917,42.03457],[24.703916,42.035372],[24.703843,42.03544],[24.704004,42.035685],[24.704499,42.035433]]]},"properties":{"cadnum":"78207.3.38","purptype":"Земеделска","usetype":"Изоставена нива","proptype":"Частна","immaddr":"с. Цар Калоян","place":"ГОГОРОВО","area":3551.716799005,"cadreg":3,"pnum":"38"}},{"type":"Feature","geometry":{"type":"Polygon","coordinates":[[[24.703491,42.036623],[24.703722,42.035853],[24.704004,42.035685],[24.703843,42.03544],[24.7037,42.035574],[24.703506,42.035724],[24.703453,42.035759],[24.703396,42.035778],[24.703339,42.035789],[24.703261,42.035789],[24.703167,42.035769],[24.703077,42.035739],[24.70294,42.035674],[24.702647,42.035831],[24.703258,42.036758],[24.703491,42.036623]]]},"properties":{"cadnum":"78207.3.39","purptype":"Земеделска","usetype":"Изоставена нива","proptype":"Частна","immaddr":"с. Цар Калоян","place":"ГОГОРОВО","area":6904.2229874669,"cadreg":3,"pnum":"39"}},{"type":"Feature","geometry":{"type":"Polygon","coordinates":[[[24.7018,42.037079],[24.701917,42.037056],[24.702123,42.036992],[24.702192,42.036962],[24.702544,42.036917],[24.702854,42.03678],[24.703258,42.036758],[24.702647,42.035831],[24.70253,42.035885],[24.702371,42.036131],[24.7022,42.03632],[24.702017,42.036371],[24.701688,42.036512],[24.701422,42.036699],[24.701531,42.037205],[24.7018,42.037079]]]},"properties":{"cadnum":"78207.3.40","purptype":"Земеделска","usetype":"Изоставена нива","proptype":"Частна","immaddr":"с. Цар Калоян","place":"ГОГОРОВО","area":10550.022323534,"cadreg":3,"pnum":"40"}},{"type":"Feature","geometry":{"type":"Polygon","coordinates":[[[24.701045,42.036914],[24.700735,42.037113],[24.700309,42.037338],[24.700201,42.037374],[24.700193,42.037428],[24.700296,42.037543],[24.700728,42.037564],[24.701531,42.037205],[24.701422,42.036699],[24.701045,42.036914]]]},"properties":{"cadnum":"78207.3.41","purptype":"Земеделска","usetype":"Изоставена нива","proptype":"Общинска частна","immaddr":"с. Цар Калоян","place":"ГОГОРОВО","area":4917.9339455231,"cadreg":3,"pnum":"41"}},{"type":"Feature","geometry":{"type":"Polygon","coordinates":[[[24.697039,42.039385],[24.6966,42.038975],[24.696156,42.039135],[24.695944,42.039192],[24.695714,42.039233],[24.695765,42.039356],[24.696161,42.039335],[24.696417,42.039457],[24.696691,42.039553],[24.697039,42.039385]]]},"properties":{"cadnum":"78207.3.42","purptype":"Земеделска","usetype":"Изоставена нива","proptype":"Частна","immaddr":"с. Цар Калоян","place":"ГОГОРОВО","area":3374.1080635111,"cadreg":3,"pnum":"42"}},{"type":"Feature","geometry":{"type":"Polygon","coordinates":[[[24.703414,42.033728],[24.702841,42.03392],[24.703385,42.034745],[24.704011,42.034633],[24.703414,42.033728]]]},"properties":{"cadnum":"78207.3.43","purptype":"Земеделска","usetype":"Друг вид недървопроизводителна горска площ","proptype":"Частна","immaddr":"с. Цар Калоян","place":"ГЪРЧОВИЦА","area":5568.397843997,"cadreg":3,"pnum":"43"}},{"type":"Feature","geometry":{"type":"Polygon","coordinates":[[[24.702085,42.034977],[24.70236,42.035048],[24.702835,42.035004],[24.703197,42.034779],[24.703385,42.034745],[24.702841,42.03392],[24.701653,42.034321],[24.702085,42.034977]]]},"properties":{"cadnum":"78207.3.44","purptype":"Земеделска","usetype":"Друг вид недървопроизводителна горска площ","proptype":"Частна","immaddr":"с. Цар Калоян","place":"ГЪРЧОВИЦА","area":10939.117730005,"cadreg":3,"pnum":"44"}},{"type":"Feature","geometry":{"type":"Polygon","coordinates":[[[24.702085,42.034977],[24.701653,42.034321],[24.700853,42.034593],[24.700911,42.03468],[24.700967,42.034726],[24.701094,42.034805],[24.701257,42.034846],[24.701758,42.034876],[24.701832,42.034912],[24.702085,42.034977]]]},"properties":{"cadnum":"78207.3.45","purptype":"Горска","usetype":"Друг вид недървопроизводителна горска площ","proptype":"Държавна частна","immaddr":"с. Цар Калоян","place":"ГЪРЧОВИЦА","area":3669.7245384896,"cadreg":3,"pnum":"45"}},{"type":"Feature","geometry":{"type":"Polygon","coordinates":[[[24.704011,42.034633],[24.703197,42.034779],[24.702835,42.035004],[24.70236,42.035048],[24.701832,42.034912],[24.701862,42.035011],[24.701815,42.035063],[24.70177,42.035094],[24.701645,42.035162],[24.701539,42.035184],[24.701439,42.035224],[24.701334,42.035246],[24.701258,42.03528],[24.7012,42.035322],[24.701081,42.035469],[24.701008,42.035589],[24.700954,42.035717],[24.700952,42.03579],[24.700983,42.035846],[24.701054,42.035874],[24.701202,42.035875],[24.70186,42.035774],[24.702162,42.035697],[24.702229,42.035672],[24.702506,42.035504],[24.702587,42.035479],[24.702692,42.03547],[24.702752,42.035481],[24.702901,42.035568],[24.703187,42.035178],[24.703369,42.035026],[24.703798,42.034773],[24.704011,42.034633]]]},"properties":{"cadnum":"78207.3.46","purptype":"Земеделска","usetype":"Изоставена нива","proptype":"Общинска частна","immaddr":"с. Цар Калоян","place":"ГЪРЧОВИЦА","area":13201.81291849,"cadreg":3,"pnum":"46"}},{"type":"Feature","geometry":{"type":"Polygon","coordinates":[[[24.700595,42.034349],[24.700773,42.03462],[24.702279,42.034108],[24.702111,42.033834],[24.700595,42.034349]]]},"properties":{"cadnum":"78207.3.47","purptype":"Земеделска","usetype":"Деградирала орна земя","proptype":"Частна","immaddr":"с. Цар Калоян","place":"ГЪРЧОВИЦА","area":4607.9703590143,"cadreg":3,"pnum":"47"}},{"type":"Feature","geometry":{"type":"Polygon","coordinates":[[[24.700418,42.034081],[24.700595,42.034349],[24.702111,42.033834],[24.701945,42.033561],[24.700418,42.034081]]]},"properties":{"cadnum":"78207.3.48","purptype":"Земеделска","usetype":"Деградирала орна земя","proptype":"Частна","immaddr":"с. Цар Калоян","place":"ГЪРЧОВИЦА","area":4608.9124969415,"cadreg":3,"pnum":"48"}},{"type":"Feature","geometry":{"type":"Polygon","coordinates":[[[24.701945,42.033561],[24.701781,42.033291],[24.700241,42.033813],[24.700418,42.034081],[24.701945,42.033561]]]},"properties":{"cadnum":"78207.3.49","purptype":"Земеделска","usetype":"Деградирала орна земя","proptype":"Частна","immaddr":"с. Цар Калоян","place":"ГЪРЧОВИЦА","area":4609.0787495881,"cadreg":3,"pnum":"49"}},{"type":"Feature","geometry":{"type":"Polygon","coordinates":[[[24.708292,42.03068],[24.705898,42.031326],[24.705948,42.031481],[24.706005,42.031563],[24.706208,42.031615],[24.706379,42.031942],[24.70642,42.032146],[24.70626,42.032408],[24.706342,42.032504],[24.707541,42.031649],[24.707794,42.031622],[24.708292,42.03068]]]},"properties":{"cadnum":"78207.4.1","purptype":"Земеделска","usetype":"Нива","proptype":"Частна","immaddr":"с. Цар Калоян","place":"ВОДЕНИЦАТА","area":16369.004965038,"cadreg":4,"pnum":"1"}},{"type":"Feature","geometry":{"type":"Polygon","coordinates":[[[24.705898,42.031326],[24.707212,42.030972],[24.706834,42.030193],[24.705462,42.030567],[24.705787,42.030713],[24.705782,42.030912],[24.705898,42.031326]]]},"properties":{"cadnum":"78207.4.2","purptype":"Земеделска","usetype":"Изоставено трайно насаждение","proptype":"Частна","immaddr":"с. Цар Калоян","place":"ВОДЕНИЦАТА","area":10136.700036972,"cadreg":4,"pnum":"2"}},{"type":"Feature","geometry":{"type":"Polygon","coordinates":[[[24.705462,42.030567],[24.706811,42.030199],[24.706408,42.029369],[24.704877,42.029786],[24.704954,42.029952],[24.705057,42.030078],[24.705149,42.030255],[24.705143,42.030327],[24.70532,42.030436],[24.705462,42.030567]]]},"properties":{"cadnum":"78207.4.4","purptype":"Земеделска","usetype":"Нива","proptype":"Частна","immaddr":"с. Цар Калоян","place":"ВОДЕНИЦАТА","area":12818.485852518,"cadreg":4,"pnum":"4"}},{"type":"Feature","geometry":{"type":"Polygon","coordinates":[[[24.704877,42.029786],[24.706408,42.029369],[24.7061,42.028735],[24.70462,42.029138],[24.704757,42.029337],[24.704751,42.029468],[24.704788,42.029617],[24.704877,42.029786]]]},"properties":{"cadnum":"78207.4.5","purptype":"Земеделска","usetype":"Нива","proptype":"Частна","immaddr":"с. Цар Калоян","place":"ВОДЕНИЦАТА","area":9894.7519744845,"cadreg":4,"pnum":"5"}},{"type":"Feature","geometry":{"type":"Polygon","coordinates":[[[24.707175,42.029226],[24.707435,42.02837],[24.706145,42.028722],[24.706639,42.029738],[24.707327,42.02955],[24.707164,42.029334],[24.707175,42.029226]]]},"properties":{"cadnum":"78207.4.6","purptype":"Земеделска","usetype":"Нива","proptype":"Частна","immaddr":"с. Цар Калоян","place":"ВОДЕНИЦАТА","area":9390.3689885429,"cadreg":4,"pnum":"6"}},{"type":"Feature","geometry":{"type":"Polygon","coordinates":[[[24.707175,42.029226],[24.707482,42.029244],[24.707743,42.029435],[24.707901,42.029399],[24.707997,42.029277],[24.708148,42.029223],[24.708317,42.029048],[24.708402,42.02888],[24.708413,42.028673],[24.708285,42.028489],[24.708115,42.028345],[24.708071,42.028271],[24.707993,42.028224],[24.707528,42.028139],[24.707435,42.02837],[24.707175,42.029226]]]},"properties":{"cadnum":"78207.4.7","purptype":"Земеделска","usetype":"Нива","proptype":"Частна","immaddr":"с. Цар Калоян","place":"ВОДЕНИЦАТА","area":9734.9780690164,"cadreg":4,"pnum":"7"}},{"type":"Feature","geometry":{"type":"Polygon","coordinates":[[[24.70462,42.029138],[24.7061,42.028735],[24.705792,42.0281],[24.704262,42.028517],[24.704462,42.028905],[24.70462,42.029138]]]},"properties":{"cadnum":"78207.4.8","purptype":"Земеделска","usetype":"Нива","proptype":"Частна","immaddr":"с. Цар Калоян","place":"ВОДЕНИЦАТА","area":10017.384332044,"cadreg":4,"pnum":"8"}},{"type":"Feature","geometry":{"type":"Polygon","coordinates":[[[24.705843,42.0281],[24.706145,42.028722],[24.706872,42.028524],[24.706602,42.027893],[24.705843,42.0281]]]},"properties":{"cadnum":"78207.4.9","purptype":"Земеделска","usetype":"Нива","proptype":"Частна","immaddr":"с. Цар Калоян","place":"ВОДЕНИЦАТА","area":4816.8217349831,"cadreg":4,"pnum":"9"}},{"type":"Feature","geometry":{"type":"Polygon","coordinates":[[[24.707317,42.027697],[24.706602,42.027893],[24.706872,42.028524],[24.707435,42.02837],[24.707528,42.028139],[24.707317,42.027697]]]},"properties":{"cadnum":"78207.4.10","purptype":"Земеделска","usetype":"Нива","proptype":"Частна","immaddr":"с. Цар Калоян","place":"ВОДЕНИЦАТА","area":4559.4968679836,"cadreg":4,"pnum":"10"}},{"type":"Feature","geometry":{"type":"Polygon","coordinates":[[[24.704262,42.028517],[24.705792,42.0281],[24.705483,42.027465],[24.70394,42.02789],[24.704112,42.028051],[24.704175,42.028352],[24.704262,42.028517]]]},"properties":{"cadnum":"78207.4.11","purptype":"Земеделска","usetype":"Нива","proptype":"Частна","immaddr":"с. Цар Калоян","place":"ВОДЕНИЦАТА","area":9947.8018184307,"cadreg":4,"pnum":"11"}},{"type":"Feature","geometry":{"type":"Polygon","coordinates":[[[24.705831,42.028075],[24.707316,42.027669],[24.707014,42.027047],[24.705529,42.027452],[24.705831,42.028075]]]},"properties":{"cadnum":"78207.4.12","purptype":"Земеделска","usetype":"Нива","proptype":"Частна","immaddr":"с. Цар Калоян","place":"ВОДЕНИЦАТА","area":9627.4811419947,"cadreg":4,"pnum":"12"}},{"type":"Feature","geometry":{"type":"Polygon","coordinates":[[[24.706897,42.026807],[24.707316,42.027669],[24.707341,42.027664],[24.707563,42.028145],[24.707993,42.028224],[24.708178,42.027922],[24.707983,42.02788],[24.708014,42.027567],[24.707837,42.027355],[24.707539,42.0271],[24.707047,42.026853],[24.706897,42.026807]]]},"properties":{"cadnum":"78207.4.13","purptype":"Земеделска","usetype":"Нива","proptype":"Частна","immaddr":"с. Цар Калоян","place":"ВОДЕНИЦАТА","area":6979.167467983,"cadreg":4,"pnum":"13"}},{"type":"Feature","geometry":{"type":"Polygon","coordinates":[[[24.704884,42.026231],[24.704483,42.026349],[24.704194,42.026401],[24.70401,42.02642],[24.704631,42.0277],[24.705483,42.027465],[24.704884,42.026231]]]},"properties":{"cadnum":"78207.4.15","purptype":"Земеделска","usetype":"Нива","proptype":"Частна","immaddr":"с. Цар Калоян","place":"ВОДЕНИЦАТА","area":11021.186645513,"cadreg":4,"pnum":"15"}},{"type":"Feature","geometry":{"type":"Polygon","coordinates":[[[24.7063,42.027242],[24.707014,42.027047],[24.706271,42.025517],[24.706143,42.025615],[24.706052,42.025714],[24.705954,42.025867],[24.705782,42.02605],[24.705729,42.026066],[24.7063,42.027242]]]},"properties":{"cadnum":"78207.4.17","purptype":"Земеделска","usetype":"Нива","proptype":"Частна","immaddr":"с. Цар Калоян","place":"ВОДЕНИЦАТА","area":10049.627810015,"cadreg":4,"pnum":"17"}},{"type":"Feature","geometry":{"type":"Polygon","coordinates":[[[24.707622,42.026753],[24.707633,42.0266],[24.707602,42.02651],[24.707063,42.025361],[24.706717,42.025379],[24.70632,42.025471],[24.706271,42.025517],[24.706897,42.026807],[24.706976,42.026721],[24.707262,42.026687],[24.707486,42.026708],[24.707622,42.026753]]]},"properties":{"cadnum":"78207.4.18","purptype":"Земеделска","usetype":"Нива","proptype":"Частна","immaddr":"с. Цар Калоян","place":"ВОДЕНИЦАТА","area":10255.827502979,"cadreg":4,"pnum":"18"}},{"type":"Feature","geometry":{"type":"Polygon","coordinates":[[[24.708492,42.025662],[24.708313,42.025586],[24.707761,42.025448],[24.707459,42.025343],[24.707063,42.025361],[24.707602,42.02651],[24.707633,42.0266],[24.707622,42.026753],[24.707635,42.0269],[24.707919,42.02692],[24.708174,42.026393],[24.708313,42.026255],[24.708353,42.025935],[24.708492,42.025662]]]},"properties":{"cadnum":"78207.4.19","purptype":"Земеделска","usetype":"Нива","proptype":"Частна","immaddr":"с. Цар Калоян","place":"ВОДЕНИЦАТА","area":11082.336069004,"cadreg":4,"pnum":"19"}},{"type":"Feature","geometry":{"type":"Polygon","coordinates":[[[24.704888,42.026185],[24.704503,42.025278],[24.704117,42.025514],[24.703821,42.025668],[24.703726,42.025696],[24.703619,42.025703],[24.703401,42.026261],[24.703167,42.026631],[24.703129,42.026811],[24.703145,42.026825],[24.703523,42.02649],[24.703784,42.026407],[24.704185,42.026366],[24.704468,42.026315],[24.704838,42.026208],[24.704888,42.026185]]]},"properties":{"cadnum":"78207.4.20","purptype":"Земеделска","usetype":"Нива","proptype":"Частна","immaddr":"с. Цар Калоян","place":"ВОДЕНИЦАТА","area":10382.367139517,"cadreg":4,"pnum":"20"}},{"type":"Feature","geometry":{"type":"Polygon","coordinates":[[[24.705391,42.026097],[24.705706,42.026019],[24.705149,42.024819],[24.704615,42.024925],[24.704298,42.025007],[24.704503,42.025278],[24.704888,42.026185],[24.705391,42.026097]]]},"properties":{"cadnum":"78207.4.21","purptype":"Земеделска","usetype":"Нива","proptype":"Частна","immaddr":"с. Цар Калоян","place":"ВОДЕНИЦАТА","area":9791.7645744695,"cadreg":4,"pnum":"21"}},{"type":"Feature","geometry":{"type":"Polygon","coordinates":[[[24.705747,42.025999],[24.705916,42.025844],[24.70602,42.025694],[24.706112,42.025589],[24.706314,42.025408],[24.705959,42.02473],[24.705149,42.024819],[24.705706,42.026019],[24.705747,42.025999]]]},"properties":{"cadnum":"78207.4.22","purptype":"Земеделска","usetype":"Нива","proptype":"Частна","immaddr":"с. Цар Калоян","place":"ВОДЕНИЦАТА","area":7616.3573344822,"cadreg":4,"pnum":"22"}},{"type":"Feature","geometry":{"type":"Polygon","coordinates":[[[24.70771,42.024317],[24.707064,42.02413],[24.706704,42.024105],[24.706071,42.024008],[24.706028,42.024353],[24.706008,42.024708],[24.707634,42.02471],[24.70771,42.024317]]]},"properties":{"cadnum":"78207.4.24","purptype":"Земеделска","usetype":"Нива","proptype":"Частна","immaddr":"с. Цар Калоян","place":"ВОДЕНИЦАТА","area":8757.1245585166,"cadreg":4,"pnum":"24"}},{"type":"Feature","geometry":{"type":"Polygon","coordinates":[[[24.7077,42.024368],[24.707634,42.02471],[24.707572,42.02535],[24.708476,42.0256],[24.708623,42.025594],[24.708605,42.025001],[24.708443,42.024796],[24.7077,42.024368]]]},"properties":{"cadnum":"78207.4.25","purptype":"Земеделска","usetype":"Нива","proptype":"Частна","immaddr":"с. Цар Калоян","place":"ВОДЕНИЦАТА","area":7978.4302239934,"cadreg":4,"pnum":"25"}},{"type":"Feature","geometry":{"type":"Polygon","coordinates":[[[24.706008,42.024708],[24.706028,42.024353],[24.706071,42.024008],[24.706058,42.02399],[24.705918,42.023974],[24.705873,42.02468],[24.70569,42.02469],[24.705693,42.024722],[24.704333,42.024919],[24.704282,42.024954],[24.704275,42.025008],[24.704378,42.025142],[24.704341,42.02516],[24.704434,42.025272],[24.704206,42.02539],[24.703821,42.025668],[24.704117,42.025514],[24.704503,42.025278],[24.704298,42.025007],[24.704615,42.024925],[24.705149,42.024819],[24.705959,42.02473],[24.706008,42.024708]]]},"properties":{"cadnum":"78207.4.26","purptype":"Земеделска","usetype":"За селскостопански, горски, ведомствен път","proptype":"Общинска публична","immaddr":"с. Цар Калоян","place":"ВОДЕНИЦАТА","area":1964.1769550073,"cadreg":4,"pnum":"26"}},{"type":"Feature","geometry":{"type":"Polygon","coordinates":[[[24.703467,42.025705],[24.703345,42.025877],[24.703234,42.026005],[24.703152,42.026119],[24.703069,42.02644],[24.703023,42.026513],[24.702989,42.026613],[24.703003,42.02673],[24.703129,42.026811],[24.703167,42.026631],[24.703401,42.026261],[24.703619,42.025703],[24.703467,42.025705]]]},"properties":{"cadnum":"78207.4.27","purptype":"Земеделска","usetype":"Изоставена нива","proptype":"Общинска частна","immaddr":"с. Цар Калоян","place":"ВОДЕНИЦАТА","area":2227.9873590044,"cadreg":4,"pnum":"27"}},{"type":"Feature","geometry":{"type":"Polygon","coordinates":[[[24.708623,42.025594],[24.708476,42.0256],[24.707447,42.025313],[24.707039,42.025327],[24.706715,42.025348],[24.706383,42.025379],[24.706337,42.025319],[24.706008,42.024708],[24.705959,42.02473],[24.706314,42.025408],[24.706112,42.025589],[24.70602,42.025694],[24.705916,42.025844],[24.705747,42.025999],[24.705706,42.026019],[24.705391,42.026097],[24.704888,42.026185],[24.704838,42.026208],[24.704468,42.026315],[24.704185,42.026366],[24.703784,42.026407],[24.703523,42.02649],[24.703145,42.026825],[24.703232,42.02691],[24.703298,42.026881],[24.703265,42.026789],[24.703569,42.026519],[24.703797,42.026442],[24.704194,42.026401],[24.704483,42.026349],[24.704928,42.026215],[24.705402,42.026132],[24.705782,42.02605],[24.705954,42.025867],[24.706052,42.025714],[24.706143,42.025615],[24.70632,42.025471],[24.706717,42.025379],[24.707459,42.025343],[24.707761,42.025448],[24.708313,42.025586],[24.708492,42.025662],[24.708623,42.025594]]]},"properties":{"cadnum":"78207.4.28","purptype":"Земеделска","usetype":"За селскостопански, горски, ведомствен път","proptype":"Общинска публична","immaddr":"с. Цар Калоян","place":"ВОДЕНИЦАТА","area":2704.8693695322,"cadreg":4,"pnum":"28"}},{"type":"Feature","geometry":{"type":"Polygon","coordinates":[[[24.706811,42.030199],[24.706856,42.030187],[24.705843,42.0281],[24.707317,42.027697],[24.707528,42.028139],[24.707563,42.028145],[24.707341,42.027664],[24.705831,42.028075],[24.704928,42.026215],[24.704884,42.026231],[24.706811,42.030199]]]},"properties":{"cadnum":"78207.4.30","purptype":"Земеделска","usetype":"За селскостопански, горски, ведомствен път","proptype":"Общинска публична","immaddr":"с. Цар Калоян","place":"ВОДЕНИЦАТА","area":2419.2909324571,"cadreg":4,"pnum":"30"}},{"type":"Feature","geometry":{"type":"Polygon","coordinates":[[[24.706605,42.025358],[24.706307,42.024709],[24.706008,42.024708],[24.706337,42.025319],[24.706383,42.025379],[24.706605,42.025358]]]},"properties":{"cadnum":"78207.4.31","purptype":"Земеделска","usetype":"Овощна градина","proptype":"Частна","immaddr":"с. Цар Калоян","place":"ВОДЕНИЦАТА","area":1651.0311104874,"cadreg":4,"pnum":"31"}},{"type":"Feature","geometry":{"type":"Polygon","coordinates":[[[24.706841,42.02534],[24.706624,42.024709],[24.706307,42.024709],[24.706605,42.025358],[24.706841,42.02534]]]},"properties":{"cadnum":"78207.4.32","purptype":"Земеделска","usetype":"Овощна градина","proptype":"Частна","immaddr":"с. Цар Калоян","place":"ВОДЕНИЦАТА","area":1650.9817160192,"cadreg":4,"pnum":"32"}},{"type":"Feature","geometry":{"type":"Polygon","coordinates":[[[24.707091,42.025325],[24.706947,42.02471],[24.706624,42.024709],[24.706841,42.02534],[24.707091,42.025325]]]},"properties":{"cadnum":"78207.4.33","purptype":"Земеделска","usetype":"Ниско застрояване (до 10 m)","proptype":"Частна","immaddr":"с. Цар Калоян","place":"ВОДЕНИЦАТА","area":1651.0003134878,"cadreg":4,"pnum":"33"}},{"type":"Feature","geometry":{"type":"Polygon","coordinates":[[[24.707274,42.02471],[24.706947,42.02471],[24.707091,42.025325],[24.70735,42.025317],[24.707274,42.02471]]]},"properties":{"cadnum":"78207.4.34","purptype":"Земеделска","usetype":"Ниско застрояване (до 10 m)","proptype":"Частна","immaddr":"с. Цар Калоян","place":"ВОДЕНИЦАТА","area":1651.317651987,"cadreg":4,"pnum":"34"}},{"type":"Feature","geometry":{"type":"Polygon","coordinates":[[[24.707274,42.02471],[24.70735,42.025317],[24.707447,42.025313],[24.707572,42.02535],[24.707634,42.02471],[24.707274,42.02471]]]},"properties":{"cadnum":"78207.4.35","purptype":"Земеделска","usetype":"Овощна градина","proptype":"Частна","immaddr":"с. Цар Калоян","place":"ВОДЕНИЦАТА","area":1650.8806034933,"cadreg":4,"pnum":"35"}},{"type":"Feature","geometry":{"type":"Polygon","coordinates":[[[24.707035,42.030607],[24.707212,42.030972],[24.708442,42.030639],[24.708221,42.030453],[24.708177,42.030296],[24.707035,42.030607]]]},"properties":{"cadnum":"78207.4.36","purptype":"Земеделска","usetype":"Нива","proptype":"Частна","immaddr":"с. Цар Калоян","place":"ВОДЕНИЦАТА","area":4397.3432084795,"cadreg":4,"pnum":"36"}},{"type":"Feature","geometry":{"type":"Polygon","coordinates":[[[24.706854,42.030234],[24.707035,42.030607],[24.708177,42.030296],[24.708097,42.030105],[24.707968,42.029983],[24.707912,42.029945],[24.706854,42.030234]]]},"properties":{"cadnum":"78207.4.37","purptype":"Земеделска","usetype":"Нива","proptype":"Частна","immaddr":"с. Цар Калоян","place":"ВОДЕНИЦАТА","area":4395.7463965202,"cadreg":4,"pnum":"37"}},{"type":"Feature","geometry":{"type":"Polygon","coordinates":[[[24.705334,42.027051],[24.705529,42.027452],[24.7063,42.027242],[24.706105,42.026841],[24.705334,42.027051]]]},"properties":{"cadnum":"78207.4.39","purptype":"Земеделска","usetype":"Нива","proptype":"Частна","immaddr":"с. Цар Калоян","place":"ВОДЕНИЦАТА","area":3225.0326480239,"cadreg":4,"pnum":"39"}},{"type":"Feature","geometry":{"type":"Polygon","coordinates":[[[24.70591,42.026439],[24.705729,42.026066],[24.705402,42.026132],[24.704928,42.026215],[24.705139,42.026649],[24.70591,42.026439]]]},"properties":{"cadnum":"78207.4.41","purptype":"Земеделска","usetype":"Нива","proptype":"Частна","immaddr":"с. Цар Калоян","place":"ВОДЕНИЦАТА","area":3223.9310115101,"cadreg":4,"pnum":"41"}},{"type":"Feature","geometry":{"type":"Polygon","coordinates":[[[24.7042,42.027819],[24.70402,42.027448],[24.70375,42.027522],[24.703757,42.027603],[24.70394,42.02789],[24.7042,42.027819]]]},"properties":{"cadnum":"78207.4.42","purptype":"Земеделска","usetype":"Нива","proptype":"Частна","immaddr":"с. Цар Калоян","place":"ВОДЕНИЦАТА","area":1082.7944430084,"cadreg":4,"pnum":"42"}},{"type":"Feature","geometry":{"type":"Polygon","coordinates":[[[24.70402,42.027448],[24.703869,42.027137],[24.703495,42.02724],[24.703614,42.027393],[24.70375,42.027522],[24.70402,42.027448]]]},"properties":{"cadnum":"78207.4.43","purptype":"Земеделска","usetype":"Нива","proptype":"Частна","immaddr":"с. Цар Калоян","place":"ВОДЕНИЦАТА","area":1067.3791259918,"cadreg":4,"pnum":"43"}},{"type":"Feature","geometry":{"type":"Polygon","coordinates":[[[24.703869,42.027137],[24.703743,42.026878],[24.703305,42.026999],[24.703495,42.02724],[24.703869,42.027137]]]},"properties":{"cadnum":"78207.4.44","purptype":"Земеделска","usetype":"Нива","proptype":"Частна","immaddr":"с. Цар Калоян","place":"ВОДЕНИЦАТА","area":1097.9836639874,"cadreg":4,"pnum":"44"}},{"type":"Feature","geometry":{"type":"Polygon","coordinates":[[[24.703569,42.026519],[24.703265,42.026789],[24.703298,42.026881],[24.703232,42.02691],[24.703305,42.026999],[24.703743,42.026878],[24.703569,42.026519]]]},"properties":{"cadnum":"78207.4.45","purptype":"Земеделска","usetype":"Нива","proptype":"Частна","immaddr":"с. Цар Калоян","place":"ВОДЕНИЦАТА","area":1183.851717005,"cadreg":4,"pnum":"45"}},{"type":"Feature","geometry":{"type":"Polygon","coordinates":[[[24.703696,42.026781],[24.704094,42.026671],[24.703974,42.026424],[24.703797,42.026442],[24.703569,42.026519],[24.703696,42.026781]]]},"properties":{"cadnum":"78207.4.46","purptype":"Земеделска","usetype":"Нива","proptype":"Частна","immaddr":"с. Цар Калоян","place":"ВОДЕНИЦАТА","area":1098.0833670085,"cadreg":4,"pnum":"46"}},{"type":"Feature","geometry":{"type":"Polygon","coordinates":[[[24.703696,42.026781],[24.703824,42.027045],[24.704222,42.026936],[24.704094,42.026671],[24.703696,42.026781]]]},"properties":{"cadnum":"78207.4.47","purptype":"Земеделска","usetype":"Нива","proptype":"Частна","immaddr":"с. Цар Калоян","place":"ВОДЕНИЦАТА","area":1097.932376484,"cadreg":4,"pnum":"47"}},{"type":"Feature","geometry":{"type":"Polygon","coordinates":[[[24.703824,42.027045],[24.703953,42.02731],[24.704351,42.0272],[24.704222,42.026936],[24.703824,42.027045]]]},"properties":{"cadnum":"78207.4.48","purptype":"Земеделска","usetype":"Нива","proptype":"Частна","immaddr":"с. Цар Калоян","place":"ВОДЕНИЦАТА","area":1097.9746970181,"cadreg":4,"pnum":"48"}},{"type":"Feature","geometry":{"type":"Polygon","coordinates":[[[24.704351,42.0272],[24.703953,42.02731],[24.704081,42.027575],[24.704479,42.027465],[24.704351,42.0272]]]},"properties":{"cadnum":"78207.4.49","purptype":"Земеделска","usetype":"Нива","proptype":"Частна","immaddr":"с. Цар Калоян","place":"ВОДЕНИЦАТА","area":1097.9978669885,"cadreg":4,"pnum":"49"}},{"type":"Feature","geometry":{"type":"Polygon","coordinates":[[[24.704513,42.027456],[24.704081,42.027575],[24.7042,42.027819],[24.704631,42.0277],[24.704513,42.027456]]]},"properties":{"cadnum":"78207.4.50","purptype":"Земеделска","usetype":"Нива","proptype":"Частна","immaddr":"с. Цар Калоян","place":"ВОДЕНИЦАТА","area":1097.9360480147,"cadreg":4,"pnum":"50"}},{"type":"Feature","geometry":{"type":"Polygon","coordinates":[[[24.704479,42.027465],[24.704513,42.027456],[24.70401,42.02642],[24.703974,42.026424],[24.704479,42.027465]]]},"properties":{"cadnum":"78207.4.51","purptype":"Земеделска","usetype":"За селскостопански, горски, ведомствен път","proptype":"Общинска публична","immaddr":"с. Цар Калоян","place":"ВОДЕНИЦАТА","area":364.04820299332,"cadreg":4,"pnum":"51"}},{"type":"Feature","geometry":{"type":"Polygon","coordinates":[[[24.706105,42.026841],[24.706031,42.026688],[24.70526,42.026898],[24.705334,42.027051],[24.706105,42.026841]]]},"properties":{"cadnum":"78207.4.55","purptype":"Земеделска","usetype":"Овощна градина","proptype":"Частна","immaddr":"с. Цар Калоян","place":"ВОДЕНИЦАТА","area":1225.1183844773,"cadreg":4,"pnum":"55"}},{"type":"Feature","geometry":{"type":"Polygon","coordinates":[[[24.705139,42.026649],[24.70526,42.026898],[24.706031,42.026688],[24.70591,42.026439],[24.705139,42.026649]]]},"properties":{"cadnum":"78207.4.56","purptype":"Земеделска","usetype":"Овощна градина","proptype":"Частна","immaddr":"с. Цар Калоян","place":"ВОДЕНИЦАТА","area":2000.0244474985,"cadreg":4,"pnum":"56"}},{"type":"Feature","geometry":{"type":"Polygon","coordinates":[[[24.70665,42.029735],[24.706739,42.029919],[24.70711,42.029819],[24.707021,42.029634],[24.70665,42.029735]]]},"properties":{"cadnum":"78207.4.57","purptype":"Земеделска","usetype":"За друг вид застрояване","proptype":"Частна","immaddr":"с. Цар Калоян","place":"ВОДЕНИЦАТА","area":712.15174000768,"cadreg":4,"pnum":"57"}},{"type":"Feature","geometry":{"type":"Polygon","coordinates":[[[24.707327,42.02955],[24.707021,42.029634],[24.70711,42.029819],[24.707545,42.0297],[24.707327,42.02955]]]},"properties":{"cadnum":"78207.4.58","purptype":"Земеделска","usetype":"За друг вид застрояване","proptype":"Частна","immaddr":"с. Цар Калоян","place":"ВОДЕНИЦАТА","area":712.21769401003,"cadreg":4,"pnum":"58"}},{"type":"Feature","geometry":{"type":"Polygon","coordinates":[[[24.70762,42.030025],[24.707288,42.029803],[24.706982,42.029887],[24.707328,42.030104],[24.70762,42.030025]]]},"properties":{"cadnum":"78207.4.59","purptype":"Земеделска","usetype":"За друг вид застрояване","proptype":"Частна","immaddr":"с. Цар Калоян","place":"ВОДЕНИЦАТА","area":857.77570399996,"cadreg":4,"pnum":"59"}},{"type":"Feature","geometry":{"type":"Polygon","coordinates":[[[24.707912,42.029945],[24.707545,42.0297],[24.707274,42.029774],[24.707288,42.029803],[24.70762,42.030025],[24.707912,42.029945]]]},"properties":{"cadnum":"78207.4.60","purptype":"Земеделска","usetype":"За друг вид застрояване","proptype":"Частна","immaddr":"с. Цар Калоян","place":"ВОДЕНИЦАТА","area":922.90005447772,"cadreg":4,"pnum":"60"}},{"type":"Feature","geometry":{"type":"Polygon","coordinates":[[[24.706743,42.029952],[24.707288,42.029803],[24.707274,42.029774],[24.706739,42.029919],[24.70665,42.029735],[24.706639,42.029738],[24.706743,42.029952]]]},"properties":{"cadnum":"78207.4.61","purptype":"Земеделска","usetype":"За селскостопански, горски, ведомствен път","proptype":"Частна","immaddr":"с. Цар Калоян","place":"ВОДЕНИЦАТА","area":189.94463948195,"cadreg":4,"pnum":"61"}},{"type":"Feature","geometry":{"type":"Polygon","coordinates":[[[24.707328,42.030104],[24.706982,42.029887],[24.706743,42.029952],[24.706856,42.030187],[24.706834,42.030193],[24.706854,42.030234],[24.707328,42.030104]]]},"properties":{"cadnum":"78207.4.62","purptype":"Земеделска","usetype":"Нива","proptype":"Частна","immaddr":"с. Цар Калоян","place":"ВОДЕНИЦАТА","area":1000.2946995036,"cadreg":4,"pnum":"62"}},{"type":"Feature","geometry":{"type":"Polygon","coordinates":[[[24.709313,42.03051],[24.709288,42.030519],[24.709326,42.030573],[24.709378,42.030624],[24.70948,42.0307],[24.70948,42.030731],[24.709438,42.030768],[24.709543,42.030707],[24.709313,42.03051]]]},"properties":{"cadnum":"78207.4.63","purptype":"Територия на транспорта","usetype":"За селскостопански, горски, ведомствен път","proptype":"Държавна частна","immaddr":"с. Цар Калоян","place":"ВОДЕНИЦАТА","area":113.30270950196,"cadreg":4,"pnum":"63"}},{"type":"Feature","geometry":{"type":"Polygon","coordinates":[[[24.707521,42.032778],[24.707389,42.032678],[24.707442,42.03243],[24.707466,42.032182],[24.707604,42.03197],[24.707966,42.03172],[24.708264,42.031421],[24.708109,42.031332],[24.708599,42.030891],[24.708854,42.031035],[24.708929,42.03106],[24.709438,42.030768],[24.709476,42.030739],[24.709484,42.030716],[24.709469,42.030687],[24.709346,42.030595],[24.709288,42.030519],[24.708973,42.030631],[24.70867,42.030589],[24.708482,42.030476],[24.708335,42.030331],[24.708298,42.03015],[24.708237,42.029992],[24.707982,42.029842],[24.707745,42.029715],[24.707526,42.029619],[24.707447,42.029448],[24.707555,42.029403],[24.707944,42.029661],[24.708121,42.029743],[24.708284,42.029793],[24.708241,42.029653],[24.708403,42.029378],[24.708572,42.029274],[24.708456,42.02903],[24.708443,42.028881],[24.708618,42.028813],[24.708612,42.028719],[24.708319,42.028334],[24.708258,42.028166],[24.708205,42.027844],[24.70821,42.027537],[24.708146,42.027362],[24.708089,42.027027],[24.708083,42.0268],[24.708325,42.026669],[24.708584,42.026651],[24.708631,42.026618],[24.70876,42.026192],[24.708663,42.025846],[24.708791,42.025594],[24.708623,42.024735],[24.70864,42.024469],[24.708082,42.02444],[24.70771,42.024317],[24.7077,42.024368],[24.708443,42.024796],[24.708605,42.025001],[24.708623,42.025594],[24.708492,42.025662],[24.708353,42.025935],[24.708313,42.026255],[24.708174,42.026393],[24.707919,42.02692],[24.707635,42.0269],[24.707622,42.026753],[24.707486,42.026708],[24.707262,42.026687],[24.706976,42.026721],[24.706897,42.026807],[24.707047,42.026853],[24.707539,42.0271],[24.707837,42.027355],[24.708014,42.027567],[24.707983,42.02788],[24.708178,42.027922],[24.707993,42.028224],[24.708071,42.028271],[24.708115,42.028345],[24.708285,42.028489],[24.708413,42.028673],[24.708402,42.02888],[24.708317,42.029048],[24.708148,42.029223],[24.707997,42.029277],[24.707901,42.029399],[24.707743,42.029435],[24.707482,42.029244],[24.707175,42.029226],[24.707164,42.029334],[24.707327,42.02955],[24.707968,42.029983],[24.708097,42.030105],[24.708188,42.030323],[24.708221,42.030453],[24.708442,42.030639],[24.708292,42.03068],[24.707794,42.031622],[24.707541,42.031649],[24.706342,42.032504],[24.70626,42.032408],[24.70642,42.032146],[24.706379,42.031942],[24.706208,42.031615],[24.706005,42.031563],[24.705948,42.031481],[24.705782,42.030912],[24.705787,42.030713],[24.705462,42.030567],[24.70532,42.030436],[24.705143,42.030327],[24.705149,42.030255],[24.705057,42.030078],[24.704954,42.029952],[24.704788,42.029617],[24.704751,42.029468],[24.704757,42.029337],[24.704462,42.028905],[24.704175,42.028352],[24.704112,42.028051],[24.70394,42.02789],[24.704426,42.029184],[24.704631,42.02992],[24.704893,42.030363],[24.705255,42.030717],[24.705498,42.031067],[24.705517,42.031112],[24.705616,42.031453],[24.70573,42.032615],[24.705799,42.033],[24.705767,42.033511],[24.705564,42.033731],[24.705172,42.03389],[24.704455,42.034338],[24.704266,42.034397],[24.704011,42.034633],[24.703798,42.034773],[24.703369,42.035026],[24.703187,42.035178],[24.702901,42.035568],[24.703097,42.035685],[24.703234,42.035732],[24.70333,42.035735],[24.703422,42.035708],[24.703541,42.035623],[24.703867,42.035345],[24.704614,42.034752],[24.704848,42.034554],[24.705539,42.034033],[24.70582,42.033893],[24.705937,42.033864],[24.706161,42.033762],[24.706985,42.033334],[24.707151,42.03323],[24.707245,42.033151],[24.707299,42.033088],[24.707459,42.032834],[24.707521,42.032778]]]},"properties":{"cadnum":"78207.4.64","purptype":"Горска","usetype":"Дере","proptype":"Държавна частна","immaddr":"с. Цар Калоян","place":"ВОДЕНИЦАТА","area":72618.987543063,"cadreg":4,"pnum":"64"}},{"type":"Feature","geometry":{"type":"Polygon","coordinates":[[[24.698342,42.030953],[24.699106,42.031594],[24.699208,42.031626],[24.698572,42.03027],[24.698215,42.030319],[24.698109,42.030315],[24.698342,42.030953]]]},"properties":{"cadnum":"78207.5.1","purptype":"Земеделска","usetype":"Нива","proptype":"Частна","immaddr":"с. Цар Калоян","place":"ГРОБИТЕ","area":4997.6072525138,"cadreg":5,"pnum":"1"}},{"type":"Feature","geometry":{"type":"Polygon","coordinates":[[[24.699465,42.0313],[24.699015,42.030325],[24.698572,42.03027],[24.699208,42.031626],[24.699465,42.0313]]]},"properties":{"cadnum":"78207.5.2","purptype":"Земеделска","usetype":"Нива","proptype":"Частна","immaddr":"с. Цар Калоян","place":"ГРОБИТЕ","area":4426.8584730114,"cadreg":5,"pnum":"2"}},{"type":"Feature","geometry":{"type":"Polygon","coordinates":[[[24.698527,42.030239],[24.698997,42.030286],[24.698915,42.030109],[24.698514,42.030212],[24.698527,42.030239]]]},"properties":{"cadnum":"78207.5.3","purptype":"Земеделска","usetype":"Изоставена нива","proptype":"Частна","immaddr":"с. Цар Калоян","place":"ГРОБИТЕ","area":422.31578350052,"cadreg":5,"pnum":"3"}},{"type":"Feature","geometry":{"type":"Polygon","coordinates":[[[24.699823,42.03097],[24.699609,42.030508],[24.699117,42.030337],[24.699015,42.030325],[24.699465,42.0313],[24.699823,42.03097]]]},"properties":{"cadnum":"78207.5.4","purptype":"Земеделска","usetype":"Нива","proptype":"Частна","immaddr":"с. Цар Калоян","place":"ГРОБИТЕ","area":3426.9910969854,"cadreg":5,"pnum":"4"}},{"type":"Feature","geometry":{"type":"Polygon","coordinates":[[[24.699108,42.030298],[24.699592,42.030471],[24.69937,42.029992],[24.698915,42.030109],[24.698997,42.030286],[24.699108,42.030298]]]},"properties":{"cadnum":"78207.5.5","purptype":"Земеделска","usetype":"Изоставена нива","proptype":"Частна","immaddr":"с. Цар Калоян","place":"ГРОБИТЕ","area":1474.8937579917,"cadreg":5,"pnum":"5"}},{"type":"Feature","geometry":{"type":"Polygon","coordinates":[[[24.700452,42.030651],[24.700046,42.030596],[24.699609,42.030508],[24.699823,42.03097],[24.700452,42.030651]]]},"properties":{"cadnum":"78207.5.6","purptype":"Земеделска","usetype":"Нива","proptype":"Частна","immaddr":"с. Цар Калоян","place":"ГРОБИТЕ","area":1596.8242689991,"cadreg":5,"pnum":"6"}},{"type":"Feature","geometry":{"type":"Polygon","coordinates":[[[24.700047,42.03056],[24.700223,42.030583],[24.69968,42.02941],[24.699165,42.029549],[24.699592,42.030471],[24.700047,42.03056]]]},"properties":{"cadnum":"78207.5.7","purptype":"Земеделска","usetype":"Изоставена нива","proptype":"Частна","immaddr":"с. Цар Калоян","place":"ГРОБИТЕ","area":5600.956426015,"cadreg":5,"pnum":"7"}},{"type":"Feature","geometry":{"type":"Polygon","coordinates":[[[24.698264,42.030276],[24.69937,42.029992],[24.699165,42.029549],[24.697999,42.029856],[24.698204,42.030284],[24.698264,42.030276]]]},"properties":{"cadnum":"78207.5.8","purptype":"Земеделска","usetype":"Друг вид недървопроизводителна горска площ","proptype":"Частна","immaddr":"с. Цар Калоян","place":"ГРОБИТЕ","area":5271.9127204804,"cadreg":5,"pnum":"8"}},{"type":"Feature","geometry":{"type":"Polygon","coordinates":[[[24.697392,42.029377],[24.6979,42.030214],[24.698204,42.030284],[24.697999,42.029856],[24.699165,42.029549],[24.698854,42.028877],[24.698539,42.02902],[24.697392,42.029377]]]},"properties":{"cadnum":"78207.5.9","purptype":"Горска","usetype":"Друг вид дървопроизводителна гора","proptype":"Държавна частна","immaddr":"с. Цар Калоян","place":"ГРОБИТЕ","area":10177.167078515,"cadreg":5,"pnum":"9"}},{"type":"Feature","geometry":{"type":"Polygon","coordinates":[[[24.699836,42.029367],[24.699475,42.028588],[24.698854,42.028877],[24.699165,42.029549],[24.699836,42.029367]]]},"properties":{"cadnum":"78207.5.10","purptype":"Земеделска","usetype":"Друг вид недървопроизводителна горска площ","proptype":"Частна","immaddr":"с. Цар Калоян","place":"ГРОБИТЕ","area":5037.7941135285,"cadreg":5,"pnum":"10"}},{"type":"Feature","geometry":{"type":"Polygon","coordinates":[[[24.699836,42.029367],[24.700398,42.029232],[24.699951,42.028266],[24.699475,42.028588],[24.699836,42.029367]]]},"properties":{"cadnum":"78207.5.11","purptype":"Земеделска","usetype":"Изоставена нива","proptype":"Частна","immaddr":"с. Цар Калоян","place":"ГРОБИТЕ","area":5009.5148374968,"cadreg":5,"pnum":"11"}},{"type":"Feature","geometry":{"type":"Polygon","coordinates":[[[24.700398,42.029232],[24.700912,42.0291],[24.700436,42.028071],[24.700234,42.028101],[24.699951,42.028266],[24.700398,42.029232]]]},"properties":{"cadnum":"78207.5.12","purptype":"Земеделска","usetype":"Изоставена нива","proptype":"Частна","immaddr":"с. Цар Калоян","place":"ГРОБИТЕ","area":5388.3589689914,"cadreg":5,"pnum":"12"}},{"type":"Feature","geometry":{"type":"Polygon","coordinates":[[[24.700823,42.030514],[24.701222,42.030463],[24.700626,42.029173],[24.700246,42.029267],[24.700823,42.030514]]]},"properties":{"cadnum":"78207.5.13","purptype":"Земеделска","usetype":"Изоставена нива","proptype":"Частна","immaddr":"с. Цар Калоян","place":"ГРОБИТЕ","area":4933.2396865113,"cadreg":5,"pnum":"13"}},{"type":"Feature","geometry":{"type":"Polygon","coordinates":[[[24.701222,42.030463],[24.701991,42.030328],[24.701368,42.028982],[24.700626,42.029173],[24.701222,42.030463]]]},"properties":{"cadnum":"78207.5.14","purptype":"Земеделска","usetype":"Изоставена нива","proptype":"Частна","immaddr":"с. Цар Калоян","place":"ГРОБИТЕ","area":10073.25783701,"cadreg":5,"pnum":"14"}},{"type":"Feature","geometry":{"type":"Polygon","coordinates":[[[24.701991,42.030328],[24.702699,42.030202],[24.702053,42.028806],[24.701368,42.028982],[24.701991,42.030328]]]},"properties":{"cadnum":"78207.5.15","purptype":"Земеделска","usetype":"Изоставена нива","proptype":"Частна","immaddr":"с. Цар Калоян","place":"ГРОБИТЕ","area":9662.222167485,"cadreg":5,"pnum":"15"}},{"type":"Feature","geometry":{"type":"Polygon","coordinates":[[[24.701368,42.028982],[24.700914,42.028001],[24.700436,42.028071],[24.700912,42.0291],[24.701368,42.028982]]]},"properties":{"cadnum":"78207.5.16","purptype":"Земеделска","usetype":"Изоставена нива","proptype":"Частна","immaddr":"с. Цар Калоян","place":"ГРОБИТЕ","area":4721.6049660062,"cadreg":5,"pnum":"16"}},{"type":"Feature","geometry":{"type":"Polygon","coordinates":[[[24.701628,42.027888],[24.700914,42.028001],[24.701368,42.028982],[24.702053,42.028806],[24.701628,42.027888]]]},"properties":{"cadnum":"78207.5.17","purptype":"Земеделска","usetype":"Изоставена нива","proptype":"Частна","immaddr":"с. Цар Калоян","place":"ГРОБИТЕ","area":6692.4927955097,"cadreg":5,"pnum":"17"}},{"type":"Feature","geometry":{"type":"Polygon","coordinates":[[[24.702862,42.027814],[24.702655,42.027884],[24.702465,42.027901],[24.701953,42.02787],[24.70172,42.027873],[24.701628,42.027888],[24.702053,42.028806],[24.703194,42.028512],[24.702862,42.027814]]]},"properties":{"cadnum":"78207.5.18","purptype":"Земеделска","usetype":"Изоставена нива","proptype":"Частна","immaddr":"с. Цар Калоян","place":"ГРОБИТЕ","area":9168.7399975298,"cadreg":5,"pnum":"18"}},{"type":"Feature","geometry":{"type":"Polygon","coordinates":[[[24.703123,42.030081],[24.704052,42.028902],[24.702305,42.029351],[24.702699,42.030202],[24.703123,42.030081]]]},"properties":{"cadnum":"78207.5.19","purptype":"Земеделска","usetype":"Изоставена нива","proptype":"Частна","immaddr":"с. Цар Калоян","place":"ГРОБИТЕ","area":9426.5337295242,"cadreg":5,"pnum":"19"}},{"type":"Feature","geometry":{"type":"Polygon","coordinates":[[[24.703885,42.028334],[24.702053,42.028806],[24.702305,42.029351],[24.704052,42.028902],[24.703885,42.028334]]]},"properties":{"cadnum":"78207.5.20","purptype":"Земеделска","usetype":"Изоставена нива","proptype":"Частна","immaddr":"с. Цар Калоян","place":"ГРОБИТЕ","area":10038.483927947,"cadreg":5,"pnum":"20"}},{"type":"Feature","geometry":{"type":"Polygon","coordinates":[[[24.703782,42.027748],[24.703692,42.027585],[24.703025,42.026871],[24.702921,42.027005],[24.702786,42.027282],[24.702803,42.027726],[24.702862,42.027814],[24.703194,42.028512],[24.703885,42.028334],[24.703782,42.027748]]]},"properties":{"cadnum":"78207.5.21","purptype":"Земеделска","usetype":"Изоставена нива","proptype":"Частна","immaddr":"с. Цар Калоян","place":"ГРОБИТЕ","area":10013.184710994,"cadreg":5,"pnum":"21"}},{"type":"Feature","geometry":{"type":"Polygon","coordinates":[[[24.700509,42.030622],[24.700778,42.030658],[24.701099,42.030644],[24.701391,42.030564],[24.70228,42.030276],[24.701222,42.030463],[24.700823,42.030514],[24.700509,42.030622]]]},"properties":{"cadnum":"78207.5.22","purptype":"Земеделска","usetype":"Деградирала орна земя","proptype":"Общинска частна","immaddr":"с. Цар Калоян","place":"ГРОБИТЕ","area":1541.5177079917,"cadreg":5,"pnum":"22"}},{"type":"Feature","geometry":{"type":"Polygon","coordinates":[[[24.699241,42.031681],[24.698391,42.032725],[24.698109,42.033125],[24.699322,42.031649],[24.699645,42.031303],[24.69997,42.031013],[24.700544,42.030732],[24.700549,42.030692],[24.700452,42.030651],[24.699823,42.03097],[24.699465,42.0313],[24.699208,42.031626],[24.699106,42.031594],[24.699241,42.031681]]]},"properties":{"cadnum":"78207.5.23","purptype":"Земеделска","usetype":"Деградирала орна земя","proptype":"Общинска частна","immaddr":"с. Цар Калоян","place":"ГЪРЧОВИЦА","area":2355.7954804797,"cadreg":5,"pnum":"23"}},{"type":"Feature","geometry":{"type":"Polygon","coordinates":[[[24.697392,42.029377],[24.698539,42.02902],[24.699475,42.028588],[24.699951,42.028266],[24.700234,42.028101],[24.700914,42.028001],[24.70172,42.027873],[24.701953,42.02787],[24.702465,42.027901],[24.702655,42.027884],[24.702862,42.027814],[24.702803,42.027726],[24.702786,42.027282],[24.702921,42.027005],[24.703025,42.026871],[24.703692,42.027585],[24.703782,42.027748],[24.703885,42.028334],[24.704052,42.028902],[24.704295,42.028842],[24.70394,42.02789],[24.703757,42.027603],[24.70375,42.027522],[24.703614,42.027393],[24.703199,42.026871],[24.703101,42.026787],[24.703003,42.02673],[24.702989,42.026613],[24.703023,42.026513],[24.703069,42.02644],[24.703152,42.026119],[24.703234,42.026005],[24.703345,42.025877],[24.703467,42.025705],[24.703397,42.025707],[24.703293,42.025854],[24.703182,42.025982],[24.703095,42.026103],[24.703065,42.026196],[24.703011,42.026426],[24.702966,42.026498],[24.702928,42.026609],[24.702946,42.026753],[24.702933,42.0269],[24.702866,42.026986],[24.702725,42.027275],[24.702738,42.027627],[24.702655,42.027794],[24.702223,42.027855],[24.701955,42.027834],[24.701713,42.027837],[24.700927,42.027977],[24.700225,42.028065],[24.699261,42.028631],[24.698511,42.028982],[24.697368,42.029338],[24.697392,42.029377]]]},"properties":{"cadnum":"78207.5.24","purptype":"Земеделска","usetype":"За селскостопански, горски, ведомствен път","proptype":"Общинска публична","immaddr":"с. Цар Калоян","place":"ГРОБИТЕ","area":6814.3896054995,"cadreg":5,"pnum":"24"}},{"type":"Feature","geometry":{"type":"Polygon","coordinates":[[[24.700509,42.030622],[24.700823,42.030514],[24.700246,42.029267],[24.69968,42.02941],[24.700223,42.030583],[24.700509,42.030622]]]},"properties":{"cadnum":"78207.5.25","purptype":"Земеделска","usetype":"Изоставена нива","proptype":"Частна","immaddr":"с. Цар Калоян","place":"ГРОБИТЕ","area":7239.1287090145,"cadreg":5,"pnum":"25"}},{"type":"Feature","geometry":{"type":"Polygon","coordinates":[[[24.695395,42.02832],[24.69529,42.028511],[24.695244,42.028613],[24.695294,42.028752],[24.695462,42.028901],[24.695701,42.028728],[24.695681,42.028347],[24.695514,42.028188],[24.695395,42.02832]]]},"properties":{"cadnum":"78207.6.1","purptype":"Земеделска","usetype":"Изоставена нива","proptype":"Частна","immaddr":"с. Цар Калоян","place":"ГРОБИТЕ","area":1953.1406640044,"cadreg":6,"pnum":"1"}},{"type":"Feature","geometry":{"type":"Polygon","coordinates":[[[24.69586,42.029229],[24.696511,42.029216],[24.697085,42.029239],[24.696858,42.028613],[24.695997,42.028754],[24.695701,42.028728],[24.695462,42.028901],[24.69586,42.029229]]]},"properties":{"cadnum":"78207.6.2","purptype":"Земеделска","usetype":"Друг вид недървопроизводителна горска площ","proptype":"Частна","immaddr":"с. Цар Калоян","place":"ГРОБИТЕ","area":6547.6229209714,"cadreg":6,"pnum":"2"}},{"type":"Feature","geometry":{"type":"Polygon","coordinates":[[[24.696281,42.028],[24.696281,42.027831],[24.695545,42.027961],[24.695514,42.028188],[24.695681,42.028347],[24.695701,42.028728],[24.695997,42.028754],[24.696858,42.028613],[24.696624,42.027966],[24.696281,42.028]]]},"properties":{"cadnum":"78207.6.3","purptype":"Земеделска","usetype":"Изоставена нива","proptype":"Частна","immaddr":"с. Цар Калоян","place":"ГРОБИТЕ","area":8050.3518235278,"cadreg":6,"pnum":"3"}},{"type":"Feature","geometry":{"type":"Polygon","coordinates":[[[24.697319,42.029258],[24.697451,42.029289],[24.698499,42.028963],[24.698411,42.028729],[24.697888,42.02853],[24.697878,42.028352],[24.697822,42.028352],[24.697724,42.028588],[24.697292,42.028576],[24.696785,42.02841],[24.697085,42.029239],[24.697319,42.029258]]]},"properties":{"cadnum":"78207.6.4","purptype":"Земеделска","usetype":"Друг вид недървопроизводителна горска площ","proptype":"Частна","immaddr":"с. Цар Калоян","place":"ГРОБИТЕ","area":8387.0372149686,"cadreg":6,"pnum":"4"}},{"type":"Feature","geometry":{"type":"Polygon","coordinates":[[[24.698244,42.028287],[24.69791,42.028203],[24.697068,42.027923],[24.696624,42.027966],[24.696785,42.02841],[24.697292,42.028576],[24.697724,42.028588],[24.697822,42.028352],[24.697878,42.028352],[24.697888,42.02853],[24.698411,42.028729],[24.698244,42.028287]]]},"properties":{"cadnum":"78207.6.5","purptype":"Земеделска","usetype":"Нива","proptype":"Частна","immaddr":"с. Цар Калоян","place":"ГРОБИТЕ","area":6768.7521625146,"cadreg":6,"pnum":"5"}},{"type":"Feature","geometry":{"type":"Polygon","coordinates":[[[24.699672,42.028345],[24.699538,42.027998],[24.699314,42.028035],[24.699042,42.02842],[24.698244,42.028287],[24.698499,42.028963],[24.698726,42.028849],[24.699216,42.028627],[24.699672,42.028345]]]},"properties":{"cadnum":"78207.6.6","purptype":"Земеделска","usetype":"Нива","proptype":"Частна","immaddr":"с. Цар Калоян","place":"ГРОБИТЕ","area":5315.7090049804,"cadreg":6,"pnum":"6"}},{"type":"Feature","geometry":{"type":"Polygon","coordinates":[[[24.698244,42.028287],[24.699042,42.02842],[24.699314,42.028035],[24.699538,42.027998],[24.699328,42.027453],[24.698032,42.027725],[24.698244,42.028287]]]},"properties":{"cadnum":"78207.6.7","purptype":"Земеделска","usetype":"Друг вид недървопроизводителна горска площ","proptype":"Частна","immaddr":"с. Цар Калоян","place":"ГРОБИТЕ","area":8641.0384260386,"cadreg":6,"pnum":"7"}},{"type":"Feature","geometry":{"type":"Polygon","coordinates":[[[24.698032,42.027725],[24.699328,42.027453],[24.699032,42.026627],[24.697721,42.026902],[24.698032,42.027725]]]},"properties":{"cadnum":"78207.6.8","purptype":"Земеделска","usetype":"Изоставена нива","proptype":"Частна","immaddr":"с. Цар Калоян","place":"ГРОБИТЕ","area":10658.43809096,"cadreg":6,"pnum":"8"}},{"type":"Feature","geometry":{"type":"Polygon","coordinates":[[[24.700403,42.028008],[24.700369,42.027934],[24.700095,42.027907],[24.699538,42.027998],[24.699672,42.028345],[24.700204,42.028032],[24.700403,42.028008]]]},"properties":{"cadnum":"78207.6.9","purptype":"Земеделска","usetype":"Изоставена нива","proptype":"Частна","immaddr":"с. Цар Калоян","place":"ГРОБИТЕ","area":1622.6998749984,"cadreg":6,"pnum":"9"}},{"type":"Feature","geometry":{"type":"Polygon","coordinates":[[[24.700139,42.027424],[24.700278,42.026997],[24.700332,42.026741],[24.70019,42.026379],[24.699032,42.026627],[24.699328,42.027453],[24.699538,42.027998],[24.700095,42.027907],[24.700369,42.027934],[24.700139,42.027424]]]},"properties":{"cadnum":"78207.6.10","purptype":"Земеделска","usetype":"Друг вид недървопроизводителна горска площ","proptype":"Частна","immaddr":"с. Цар Калоян","place":"ГРОБИТЕ","area":13332.360276022,"cadreg":6,"pnum":"10"}},{"type":"Feature","geometry":{"type":"Polygon","coordinates":[[[24.697394,42.026035],[24.696661,42.026189],[24.697005,42.027099],[24.697812,42.027145],[24.697394,42.026035]]]},"properties":{"cadnum":"78207.6.11","purptype":"Земеделска","usetype":"Друг вид недървопроизводителна горска площ","proptype":"Частна","immaddr":"с. Цар Калоян","place":"ГРОБИТЕ","area":7339.3397195192,"cadreg":6,"pnum":"11"}},{"type":"Feature","geometry":{"type":"Polygon","coordinates":[[[24.696057,42.026316],[24.697394,42.026035],[24.69724,42.025628],[24.69631,42.025823],[24.696057,42.026316]]]},"properties":{"cadnum":"78207.6.12","purptype":"Горска","usetype":"Друг вид недървопроизводителна горска площ","proptype":"Държавна частна","immaddr":"с. Цар Калоян","place":"ГРОБИТЕ","area":4582.6415734667,"cadreg":6,"pnum":"12"}},{"type":"Feature","geometry":{"type":"Polygon","coordinates":[[[24.69724,42.025628],[24.697083,42.025212],[24.695967,42.025447],[24.695931,42.025545],[24.695945,42.025571],[24.696063,42.025625],[24.69631,42.025823],[24.69724,42.025628]]]},"properties":{"cadnum":"78207.6.13","purptype":"Земеделска","usetype":"Изоставена нива","proptype":"Частна","immaddr":"с. Цар Калоян","place":"ГРОБИТЕ","area":4420.8218390232,"cadreg":6,"pnum":"13"}},{"type":"Feature","geometry":{"type":"Polygon","coordinates":[[[24.695999,42.025],[24.695967,42.025447],[24.697083,42.025212],[24.696929,42.024805],[24.695999,42.025]]]},"properties":{"cadnum":"78207.6.14","purptype":"Земеделска","usetype":"Изоставена нива","proptype":"Частна","immaddr":"с. Цар Калоян","place":"ГРОБИТЕ","area":4137.114328473,"cadreg":6,"pnum":"14"}},{"type":"Feature","geometry":{"type":"Polygon","coordinates":[[[24.700239,42.025199],[24.699595,42.02489],[24.700027,42.026034],[24.700515,42.025932],[24.700239,42.025199]]]},"properties":{"cadnum":"78207.6.18","purptype":"Земеделска","usetype":"Нива","proptype":"Частна","immaddr":"с. Цар Калоян","place":"ГРОБИТЕ","area":4552.9348170129,"cadreg":6,"pnum":"18"}},{"type":"Feature","geometry":{"type":"Polygon","coordinates":[[[24.701106,42.025638],[24.700946,42.024953],[24.700239,42.025199],[24.700515,42.025932],[24.700725,42.025888],[24.701106,42.025638]]]},"properties":{"cadnum":"78207.6.19","purptype":"Земеделска","usetype":"Нива","proptype":"Частна","immaddr":"с. Цар Калоян","place":"ГРОБИТЕ","area":4933.6149735167,"cadreg":6,"pnum":"19"}},{"type":"Feature","geometry":{"type":"Polygon","coordinates":[[[24.701677,42.02522],[24.70185,42.025161],[24.701814,42.024994],[24.701523,42.02469],[24.701193,42.024824],[24.701043,42.024996],[24.701176,42.025562],[24.701607,42.025367],[24.701677,42.02522]]]},"properties":{"cadnum":"78207.6.20","purptype":"Земеделска","usetype":"Нива","proptype":"Частна","immaddr":"с. Цар Калоян","place":"ГРОБИТЕ","area":3935.4628060103,"cadreg":6,"pnum":"20"}},{"type":"Feature","geometry":{"type":"Polygon","coordinates":[[[24.700332,42.026741],[24.70104,42.026589],[24.700725,42.025888],[24.700027,42.026034],[24.70019,42.026379],[24.700332,42.026741]]]},"properties":{"cadnum":"78207.6.21","purptype":"Земеделска","usetype":"Нива","proptype":"Частна","immaddr":"с. Цар Калоян","place":"ГРОБИТЕ","area":4922.2359864932,"cadreg":6,"pnum":"21"}},{"type":"Feature","geometry":{"type":"Polygon","coordinates":[[[24.70088,42.026916],[24.701111,42.02699],[24.701296,42.026962],[24.701178,42.026796],[24.701,42.026661],[24.70104,42.026589],[24.700667,42.026667],[24.70088,42.026916]]]},"properties":{"cadnum":"78207.6.22","purptype":"Земеделска","usetype":"Нива","proptype":"Частна","immaddr":"с. Цар Калоян","place":"ГРОБИТЕ","area":1165.4229460017,"cadreg":6,"pnum":"22"}},{"type":"Feature","geometry":{"type":"Polygon","coordinates":[[[24.701613,42.027855],[24.701467,42.027541],[24.701332,42.027537],[24.700867,42.027232],[24.70063,42.027229],[24.7006,42.027328],[24.700889,42.027923],[24.700927,42.027977],[24.701613,42.027855]]]},"properties":{"cadnum":"78207.6.23","purptype":"Земеделска","usetype":"Друг вид дървопроизводителна гора","proptype":"Частна","immaddr":"с. Цар Калоян","place":"ГРОБИТЕ","area":3943.2346149767,"cadreg":6,"pnum":"23"}},{"type":"Feature","geometry":{"type":"Polygon","coordinates":[[[24.701713,42.027837],[24.701955,42.027834],[24.702223,42.027855],[24.702655,42.027794],[24.702738,42.027627],[24.702725,42.027275],[24.702826,42.027067],[24.702084,42.027524],[24.701467,42.027541],[24.701613,42.027855],[24.701713,42.027837]]]},"properties":{"cadnum":"78207.6.24","purptype":"Земеделска","usetype":"Нива","proptype":"Частна","immaddr":"с. Цар Калоян","place":"ГРОБИТЕ","area":4537.4047889842,"cadreg":6,"pnum":"24"}},{"type":"Feature","geometry":{"type":"Polygon","coordinates":[[[24.701106,42.025638],[24.701176,42.025562],[24.701043,42.024996],[24.700946,42.024953],[24.701106,42.025638]]]},"properties":{"cadnum":"78207.6.26","purptype":"Земеделска","usetype":"За селскостопански, горски, ведомствен път","proptype":"Общинска публична","immaddr":"с. Цар Калоян","place":"ГРОБИТЕ","area":502.16140300228,"cadreg":6,"pnum":"26"}},{"type":"Feature","geometry":{"type":"Polygon","coordinates":[[[24.700204,42.028032],[24.699672,42.028345],[24.699216,42.028627],[24.699261,42.028631],[24.700225,42.028065],[24.700691,42.028003],[24.700403,42.028008],[24.700204,42.028032]]]},"properties":{"cadnum":"78207.6.27","purptype":"Земеделска","usetype":"Деградирала орна земя","proptype":"Общинска частна","immaddr":"с. Цар Калоян","place":"ГРОБИТЕ","area":476.48601902237,"cadreg":6,"pnum":"27"}},{"type":"Feature","geometry":{"type":"Polygon","coordinates":[[[24.697368,42.029338],[24.698511,42.028982],[24.699261,42.028631],[24.699216,42.028627],[24.698726,42.028849],[24.698499,42.028963],[24.697451,42.029289],[24.697319,42.029258],[24.697368,42.029338]]]},"properties":{"cadnum":"78207.6.28","purptype":"Земеделска","usetype":"Деградирала орна земя","proptype":"Общинска частна","immaddr":"с. Цар Калоян","place":"ГРОБИТЕ","area":464.52394300587,"cadreg":6,"pnum":"28"}},{"type":"Feature","geometry":{"type":"Polygon","coordinates":[[[24.703359,42.02576],[24.703262,42.025762],[24.702878,42.025801],[24.702579,42.025893],[24.702569,42.025906],[24.702553,42.026088],[24.70276,42.026037],[24.702945,42.026102],[24.703069,42.026104],[24.7031,42.026097],[24.703182,42.025982],[24.703293,42.025854],[24.703359,42.02576]]]},"properties":{"cadnum":"78207.6.29","purptype":"Земеделска","usetype":"Нива","proptype":"Частна","immaddr":"с. Цар Калоян","place":"ГРОБИТЕ","area":1629.0043725265,"cadreg":6,"pnum":"29"}},{"type":"Feature","geometry":{"type":"Polygon","coordinates":[[[24.695117,42.027751],[24.694888,42.028111],[24.694881,42.028206],[24.694948,42.028362],[24.695034,42.028482],[24.695069,42.028818],[24.695017,42.029121],[24.694962,42.029183],[24.695012,42.029249],[24.69586,42.029229],[24.695449,42.02889],[24.695294,42.028752],[24.695244,42.028613],[24.69529,42.028511],[24.695395,42.02832],[24.695514,42.028188],[24.695545,42.027961],[24.696281,42.027831],[24.696281,42.028],[24.697068,42.027923],[24.69791,42.028203],[24.698244,42.028287],[24.697812,42.027145],[24.697005,42.027099],[24.696661,42.026189],[24.696057,42.026316],[24.69631,42.025823],[24.696063,42.025625],[24.695945,42.025571],[24.695931,42.025545],[24.695967,42.025447],[24.695999,42.025],[24.696929,42.024805],[24.696799,42.024442],[24.69654,42.024381],[24.696372,42.024356],[24.696172,42.024295],[24.69604,42.02423],[24.695715,42.024116],[24.695577,42.024118],[24.695407,42.024058],[24.695234,42.024078],[24.694897,42.024174],[24.694156,42.024173],[24.693621,42.023894],[24.693454,42.023788],[24.69334,42.023697],[24.693292,42.023629],[24.693205,42.023619],[24.693077,42.023665],[24.692986,42.023741],[24.692934,42.023839],[24.693098,42.023792],[24.694112,42.024196],[24.694503,42.024309],[24.694446,42.024388],[24.694289,42.024353],[24.694146,42.024359],[24.694317,42.024478],[24.69472,42.024645],[24.695138,42.024733],[24.695294,42.024788],[24.695365,42.024877],[24.695498,42.025004],[24.695627,42.025102],[24.695692,42.02517],[24.695686,42.02542],[24.695721,42.025544],[24.695734,42.025746],[24.695748,42.025814],[24.695899,42.025811],[24.696,42.025773],[24.696018,42.025677],[24.69612,42.025684],[24.69615,42.025755],[24.696136,42.025828],[24.696057,42.025912],[24.695993,42.026006],[24.695971,42.026127],[24.695976,42.026227],[24.696058,42.026484],[24.696018,42.026617],[24.695987,42.026767],[24.695988,42.026815],[24.696017,42.026968],[24.696045,42.027029],[24.696046,42.027087],[24.695912,42.027145],[24.695652,42.027202],[24.695491,42.027434],[24.695151,42.027463],[24.695098,42.027571],[24.695013,42.027638],[24.695056,42.027657],[24.695117,42.027751]]]},"properties":{"cadnum":"78207.6.30","purptype":"Горска","usetype":"Друг вид дървопроизводителна гора","proptype":"Държавна частна","immaddr":"с. Цар Калоян","place":"БОРОВИК","area":52698.899586956,"cadreg":6,"pnum":"30"}},{"type":"Feature","geometry":{"type":"Polygon","coordinates":[[[24.700691,42.028003],[24.700927,42.027977],[24.700889,42.027923],[24.7006,42.027328],[24.70063,42.027229],[24.700867,42.027232],[24.701332,42.027537],[24.701467,42.027541],[24.702084,42.027524],[24.702012,42.027352],[24.702323,42.026921],[24.702338,42.026762],[24.702333,42.026505],[24.702388,42.026308],[24.702388,42.025916],[24.702449,42.025599],[24.702404,42.025447],[24.701956,42.025688],[24.701904,42.025794],[24.701816,42.025898],[24.701749,42.026007],[24.701718,42.026157],[24.70169,42.026192],[24.701603,42.026225],[24.701361,42.026454],[24.70104,42.026589],[24.701,42.026661],[24.701178,42.026796],[24.701296,42.026962],[24.701111,42.02699],[24.70088,42.026916],[24.700667,42.026667],[24.700332,42.026741],[24.700278,42.026997],[24.700139,42.027424],[24.700403,42.028008],[24.700691,42.028003]]]},"properties":{"cadnum":"78207.6.31","purptype":"Земеделска","usetype":"Друг вид дървопроизводителна гора","proptype":"Общинска частна","immaddr":"с. Цар Калоян","place":"ГРОБИТЕ","area":23087.47328201,"cadreg":6,"pnum":"31"}},{"type":"Feature","geometry":{"type":"Polygon","coordinates":[[[24.702449,42.025599],[24.702388,42.025916],[24.702388,42.026111],[24.702553,42.026088],[24.702569,42.025906],[24.702579,42.025893],[24.702878,42.025801],[24.703262,42.025762],[24.703359,42.02576],[24.703397,42.025707],[24.703213,42.02571],[24.702584,42.025781],[24.702514,42.025701],[24.702449,42.025599]]]},"properties":{"cadnum":"78207.6.32","purptype":"Земеделска","usetype":"Друг вид дървопроизводителна гора","proptype":"Общинска частна","immaddr":"с. Цар Калоян","place":"ГРОБИТЕ","area":1121.2452949875,"cadreg":6,"pnum":"32"}},{"type":"Feature","geometry":{"type":"Polygon","coordinates":[[[24.70169,42.026192],[24.701718,42.026157],[24.701749,42.026007],[24.701816,42.025898],[24.701904,42.025794],[24.701956,42.025688],[24.701949,42.025521],[24.701871,42.025514],[24.701671,42.025397],[24.701377,42.025474],[24.701261,42.025564],[24.701175,42.025695],[24.701266,42.025862],[24.701257,42.025983],[24.701287,42.026021],[24.70127,42.026081],[24.701352,42.026085],[24.701474,42.026182],[24.701603,42.026225],[24.70169,42.026192]]]},"properties":{"cadnum":"78207.6.33","purptype":"Земеделска","usetype":"Гробищен парк","proptype":"Общинска публична","immaddr":"с. Цар Калоян","place":"ГРОБИТЕ","area":3933.308507003,"cadreg":6,"pnum":"33"}},{"type":"Feature","geometry":{"type":"Polygon","coordinates":[[[24.701176,42.025562],[24.701106,42.025638],[24.701108,42.025715],[24.701192,42.02587],[24.701184,42.025998],[24.70121,42.02603],[24.701197,42.026077],[24.70127,42.026081],[24.701287,42.026021],[24.701257,42.025983],[24.701266,42.025862],[24.701175,42.025695],[24.701261,42.025564],[24.701377,42.025474],[24.701671,42.025397],[24.701607,42.025367],[24.701176,42.025562]]]},"properties":{"cadnum":"78207.6.34","purptype":"Земеделска","usetype":"За селскостопански, горски, ведомствен път","proptype":"Общинска публична","immaddr":"с. Цар Калоян","place":"ГРОБИТЕ","area":485.38304748707,"cadreg":6,"pnum":"34"}},{"type":"Feature","geometry":{"type":"Polygon","coordinates":[[[24.702826,42.027067],[24.702866,42.026986],[24.702933,42.0269],[24.702946,42.026753],[24.702928,42.026609],[24.702966,42.026498],[24.703011,42.026426],[24.703065,42.026196],[24.7031,42.026097],[24.703069,42.026104],[24.702945,42.026102],[24.70276,42.026037],[24.702553,42.026088],[24.702388,42.026111],[24.702388,42.026308],[24.702333,42.026505],[24.702338,42.026762],[24.702323,42.026921],[24.702012,42.027352],[24.702084,42.027524],[24.702826,42.027067]]]},"properties":{"cadnum":"78207.6.35","purptype":"Земеделска","usetype":"Друг вид дървопроизводителна гора","proptype":"Общинска частна","immaddr":"с. Цар Калоян","place":"ГРОБИТЕ","area":7244.8323440166,"cadreg":6,"pnum":"35"}},{"type":"Feature","geometry":{"type":"Polygon","coordinates":[[[24.701607,42.025367],[24.701871,42.025514],[24.701949,42.025521],[24.701956,42.025688],[24.702404,42.025447],[24.702481,42.025427],[24.702415,42.025298],[24.701783,42.024569],[24.701523,42.02469],[24.701814,42.024994],[24.70185,42.025161],[24.701677,42.02522],[24.701607,42.025367]]]},"properties":{"cadnum":"78207.6.36","purptype":"Земеделска","usetype":"Друг вид дървопроизводителна гора","proptype":"Общинска частна","immaddr":"с. Цар Калоян","place":"ГРОБИТЕ","area":4283.5177799966,"cadreg":6,"pnum":"36"}},{"type":"Feature","geometry":{"type":"Polygon","coordinates":[[[24.70104,42.026589],[24.701361,42.026454],[24.701603,42.026225],[24.701474,42.026182],[24.701352,42.026085],[24.701197,42.026077],[24.70121,42.02603],[24.701184,42.025998],[24.701192,42.02587],[24.701108,42.025715],[24.701106,42.025638],[24.700725,42.025888],[24.70104,42.026589]]]},"properties":{"cadnum":"78207.6.37","purptype":"Земеделска","usetype":"Друг вид дървопроизводителна гора","proptype":"Общинска частна","immaddr":"с. Цар Калоян","place":"ГРОБИТЕ","area":3473.5124154924,"cadreg":6,"pnum":"37"}},{"type":"Feature","geometry":{"type":"Polygon","coordinates":[[[24.697721,42.026902],[24.698453,42.026748],[24.698239,42.026183],[24.697507,42.026336],[24.697721,42.026902]]]},"properties":{"cadnum":"78207.6.38","purptype":"Земеделска","usetype":"Нива","proptype":"Частна","immaddr":"с. Цар Калоян","place":"ГРОБИТЕ","area":4111.9062230207,"cadreg":6,"pnum":"38"}},{"type":"Feature","geometry":{"type":"Polygon","coordinates":[[[24.697283,42.025742],[24.697507,42.026336],[24.698205,42.02619],[24.69798,42.025596],[24.697283,42.025742]]]},"properties":{"cadnum":"78207.6.39","purptype":"Земеделска","usetype":"Нива","proptype":"Частна","immaddr":"с. Цар Калоян","place":"ГРОБИТЕ","area":4112.2222209772,"cadreg":6,"pnum":"39"}},{"type":"Feature","geometry":{"type":"Polygon","coordinates":[[[24.697283,42.025742],[24.69798,42.025596],[24.697756,42.025002],[24.697059,42.025148],[24.697283,42.025742]]]},"properties":{"cadnum":"78207.6.40","purptype":"Земеделска","usetype":"Нива","proptype":"Частна","immaddr":"с. Цар Калоян","place":"ГРОБИТЕ","area":4112.2285399931,"cadreg":6,"pnum":"40"}},{"type":"Feature","geometry":{"type":"Polygon","coordinates":[[[24.696799,42.024442],[24.697059,42.025148],[24.697756,42.025002],[24.697573,42.024517],[24.696799,42.024442]]]},"properties":{"cadnum":"78207.6.41","purptype":"Земеделска","usetype":"Нива","proptype":"Частна","immaddr":"с. Цар Калоян","place":"ГРОБИТЕ","area":4112.3254895155,"cadreg":6,"pnum":"41"}},{"type":"Feature","geometry":{"type":"Polygon","coordinates":[[[24.698239,42.026183],[24.697612,42.024521],[24.697573,42.024517],[24.698205,42.02619],[24.698239,42.026183]]]},"properties":{"cadnum":"78207.6.42","purptype":"Земеделска","usetype":"Нива","proptype":"Съсобственост","immaddr":"с. Цар Калоян","place":"ГРОБИТЕ","area":577.10533202898,"cadreg":6,"pnum":"42"}},{"type":"Feature","geometry":{"type":"Polygon","coordinates":[[[24.699756,42.025316],[24.699595,42.02489],[24.698532,42.024899],[24.698783,42.025527],[24.699756,42.025316]]]},"properties":{"cadnum":"78207.6.43","purptype":"Земеделска","usetype":"Нива","proptype":"Частна","immaddr":"с. Цар Калоян","place":"ГРОБИТЕ","area":5145.5769180147,"cadreg":6,"pnum":"43"}},{"type":"Feature","geometry":{"type":"Polygon","coordinates":[[[24.699756,42.025316],[24.698783,42.025527],[24.698995,42.026059],[24.699958,42.025851],[24.699756,42.025316]]]},"properties":{"cadnum":"78207.6.44","purptype":"Земеделска","usetype":"Нива","proptype":"Частна","immaddr":"с. Цар Калоян","place":"ГРОБИТЕ","area":5148.0333254975,"cadreg":6,"pnum":"44"}},{"type":"Feature","geometry":{"type":"Polygon","coordinates":[[[24.700027,42.026034],[24.699958,42.025851],[24.698995,42.026059],[24.699207,42.026592],[24.70019,42.026379],[24.700027,42.026034]]]},"properties":{"cadnum":"78207.6.45","purptype":"Земеделска","usetype":"Нива","proptype":"Частна","immaddr":"с. Цар Калоян","place":"ГРОБИТЕ","area":5146.7884349869,"cadreg":6,"pnum":"45"}},{"type":"Feature","geometry":{"type":"Polygon","coordinates":[[[24.698542,42.024923],[24.697621,42.024546],[24.698453,42.026748],[24.699207,42.026592],[24.698542,42.024923]]]},"properties":{"cadnum":"78207.6.46","purptype":"Урбанизирана","usetype":"Ниско застрояване (до 10 m)","proptype":"Частна","immaddr":"с. Цар Калоян","place":"ГРОБИТЕ","area":14149.702680491,"cadreg":6,"pnum":"46"}},{"type":"Feature","geometry":{"type":"Polygon","coordinates":[[[24.698532,42.024899],[24.697612,42.024521],[24.697621,42.024546],[24.698542,42.024923],[24.698532,42.024899]]]},"properties":{"cadnum":"78207.6.47","purptype":"Урбанизирана","usetype":"За второстепенна улица","proptype":"Частна","immaddr":"с. Цар Калоян","place":"ГРОБИТЕ","area":174.03718500079,"cadreg":6,"pnum":"47"}},{"type":"Feature","geometry":{"type":"Polygon","coordinates":[[[24.693364,42.027763],[24.693488,42.027746],[24.693587,42.027669],[24.693602,42.02755],[24.693632,42.027453],[24.693704,42.027377],[24.693854,42.027356],[24.694094,42.027486],[24.694267,42.027425],[24.694404,42.027422],[24.694527,42.027367],[24.694579,42.027266],[24.694641,42.027036],[24.694693,42.026985],[24.694782,42.026963],[24.694771,42.026854],[24.694805,42.026776],[24.694895,42.026716],[24.694971,42.026597],[24.695026,42.026529],[24.69495,42.02645],[24.694932,42.026395],[24.695026,42.026353],[24.695134,42.026294],[24.695164,42.026197],[24.695151,42.026121],[24.695248,42.025983],[24.695338,42.025911],[24.695351,42.025804],[24.695343,42.025714],[24.695389,42.025617],[24.695394,42.025529],[24.695458,42.025384],[24.695275,42.025387],[24.695155,42.025431],[24.695087,42.025537],[24.695033,42.025642],[24.694901,42.025739],[24.69484,42.025837],[24.694778,42.025902],[24.694672,42.026138],[24.69463,42.026257],[24.694632,42.026348],[24.694662,42.02639],[24.694495,42.026406],[24.69437,42.026465],[24.69422,42.026484],[24.694154,42.026539],[24.694095,42.026667],[24.694083,42.026724],[24.694088,42.026811],[24.693901,42.026898],[24.693698,42.026932],[24.693522,42.026948],[24.693144,42.027],[24.693061,42.027032],[24.693014,42.027168],[24.692816,42.027266],[24.692755,42.027304],[24.692728,42.027329],[24.692729,42.027349],[24.692758,42.027394],[24.692823,42.027459],[24.693022,42.027613],[24.693214,42.027704],[24.693364,42.027763]]]},"properties":{"cadnum":"78207.7.1","purptype":"Земеделска","usetype":"Друг вид недървопроизводителна горска площ","proptype":"Частна","immaddr":"с. Цар Калоян","place":"БОРОВИК","area":16840.440579483,"cadreg":7,"pnum":"1"}},{"type":"Feature","geometry":{"type":"Polygon","coordinates":[[[24.693727,42.025583],[24.693746,42.025778],[24.693704,42.025923],[24.694372,42.025761],[24.694918,42.02531],[24.694898,42.0252],[24.694828,42.025081],[24.694716,42.025025],[24.693727,42.025583]]]},"properties":{"cadnum":"78207.7.2","purptype":"Земеделска","usetype":"Друг вид недървопроизводителна горска площ","proptype":"Частна","immaddr":"с. Цар Калоян","place":"БОРОВИК","area":4681.0762214917,"cadreg":7,"pnum":"2"}},{"type":"Feature","geometry":{"type":"Polygon","coordinates":[[[24.694285,42.024641],[24.694172,42.024549],[24.694058,42.024499],[24.693347,42.024611],[24.693048,42.024841],[24.69321,42.025498],[24.693329,42.025492],[24.69344,42.025444],[24.693756,42.025172],[24.693826,42.025092],[24.693859,42.025021],[24.693952,42.024962],[24.6941,42.024828],[24.694282,42.024774],[24.694349,42.024677],[24.694347,42.024669],[24.694285,42.024641]]]},"properties":{"cadnum":"78207.7.3","purptype":"Земеделска","usetype":"Друг вид недървопроизводителна горска площ","proptype":"Частна","immaddr":"с. Цар Калоян","place":"БОРОВИК","area":6402.2919050012,"cadreg":7,"pnum":"3"}},{"type":"Feature","geometry":{"type":"Polygon","coordinates":[[[24.6928,42.023973],[24.692846,42.024263],[24.693273,42.024085],[24.693347,42.024611],[24.694058,42.024499],[24.69381,42.024356],[24.694131,42.024348],[24.694146,42.024359],[24.694289,42.024353],[24.694446,42.024388],[24.694503,42.024309],[24.694112,42.024196],[24.693098,42.023792],[24.692934,42.023839],[24.6928,42.023973]]]},"properties":{"cadnum":"78207.7.4","purptype":"Горска","usetype":"Друг вид недървопроизводителна горска площ","proptype":"Частна","immaddr":"с. Цар Калоян","place":"БОРОВИК","area":5434.8074740314,"cadreg":7,"pnum":"4"}},{"type":"Feature","geometry":{"type":"Polygon","coordinates":[[[24.692846,42.024263],[24.6928,42.023973],[24.692633,42.024166],[24.692469,42.024294],[24.692258,42.024418],[24.692172,42.024526],[24.692073,42.024598],[24.691984,42.024823],[24.692993,42.025522],[24.693107,42.025556],[24.69321,42.025498],[24.693048,42.024841],[24.692702,42.024931],[24.69268,42.024353],[24.692846,42.024263]]]},"properties":{"cadnum":"78207.7.5","purptype":"Земеделска","usetype":"Друг вид недървопроизводителна горска площ","proptype":"Частна","immaddr":"с. Цар Калоян","place":"БОРОВИК","area":7062.6449830356,"cadreg":7,"pnum":"5"}},{"type":"Feature","geometry":{"type":"Polygon","coordinates":[[[24.693347,42.024611],[24.693273,42.024085],[24.692846,42.024263],[24.69268,42.024353],[24.692702,42.024931],[24.693048,42.024841],[24.693347,42.024611]]]},"properties":{"cadnum":"78207.7.6","purptype":"Земеделска","usetype":"Друг вид дървопроизводителна гора","proptype":"Общинска частна","immaddr":"с. Цар Калоян","place":"БОРОВИК","area":3560.3272774815,"cadreg":7,"pnum":"6"}},{"type":"Feature","geometry":{"type":"Polygon","coordinates":[[[24.691759,42.025233],[24.691811,42.024997],[24.691928,42.024875],[24.691906,42.024707],[24.691906,42.02459],[24.691968,42.024395],[24.691701,42.024447],[24.691594,42.024493],[24.691457,42.024573],[24.691381,42.024701],[24.691286,42.024807],[24.691073,42.024913],[24.691169,42.025141],[24.691239,42.025207],[24.691759,42.025233]]]},"properties":{"cadnum":"78207.7.7","purptype":"Горска","usetype":"Друг вид дървопроизводителна гора","proptype":"Държавна частна","immaddr":"с. Цар Калоян","place":"БОРОВИК","area":4201.1372924839,"cadreg":7,"pnum":"7"}},{"type":"Feature","geometry":{"type":"Polygon","coordinates":[[[24.689891,42.024402],[24.689935,42.024699],[24.690008,42.024883],[24.690016,42.025068],[24.690117,42.025128],[24.690255,42.025121],[24.690414,42.025005],[24.690437,42.025037],[24.690453,42.025027],[24.690498,42.024962],[24.690524,42.024771],[24.690721,42.024771],[24.690749,42.024425],[24.690645,42.024402],[24.690258,42.024339],[24.689891,42.024402]]]},"properties":{"cadnum":"78207.7.8","purptype":"Земеделска","usetype":"Друг вид недървопроизводителна горска площ","proptype":"Частна","immaddr":"с. Цар Калоян","place":"БОРОВИК","area":4399.4263990178,"cadreg":7,"pnum":"8"}},{"type":"Feature","geometry":{"type":"Polygon","coordinates":[[[24.69056,42.025517],[24.691823,42.025581],[24.691746,42.025383],[24.691753,42.025288],[24.691166,42.025259],[24.69092,42.025441],[24.690574,42.025238],[24.69056,42.025517]]]},"properties":{"cadnum":"78207.7.9","purptype":"Горска","usetype":"Друг вид дървопроизводителна гора","proptype":"Държавна частна","immaddr":"с. Цар Калоян","place":"БОРОВИК","area":2666.2053099855,"cadreg":7,"pnum":"9"}},{"type":"Feature","geometry":{"type":"Polygon","coordinates":[[[24.690455,42.025837],[24.691903,42.026055],[24.691859,42.025866],[24.691851,42.025677],[24.691823,42.025581],[24.69056,42.025517],[24.690552,42.025657],[24.690455,42.025837]]]},"properties":{"cadnum":"78207.7.10","purptype":"Земеделска","usetype":"Друг вид недървопроизводителна горска площ","proptype":"Частна","immaddr":"с. Цар Калоян","place":"БОРОВИК","area":4909.9959120283,"cadreg":7,"pnum":"10"}},{"type":"Feature","geometry":{"type":"Polygon","coordinates":[[[24.69081,42.026589],[24.691643,42.026404],[24.6917,42.026272],[24.691777,42.02617],[24.691903,42.026055],[24.690455,42.025837],[24.690726,42.026373],[24.690814,42.026457],[24.69081,42.026589]]]},"properties":{"cadnum":"78207.7.11","purptype":"Земеделска","usetype":"Друг вид недървопроизводителна горска площ","proptype":"Частна","immaddr":"с. Цар Калоян","place":"БОРОВИК","area":5572.3268544848,"cadreg":7,"pnum":"11"}},{"type":"Feature","geometry":{"type":"Polygon","coordinates":[[[24.689823,42.026626],[24.68993,42.02669],[24.690073,42.026737],[24.690153,42.026733],[24.69081,42.026589],[24.690814,42.026457],[24.690726,42.026373],[24.690455,42.025837],[24.690228,42.025898],[24.689994,42.026056],[24.689818,42.026142],[24.689737,42.026253],[24.689719,42.026394],[24.689736,42.026516],[24.689823,42.026626]]]},"properties":{"cadnum":"78207.7.12","purptype":"Земеделска","usetype":"Друг вид недървопроизводителна горска площ","proptype":"Частна","immaddr":"с. Цар Калоян","place":"БОРОВИК","area":6032.4891380021,"cadreg":7,"pnum":"12"}},{"type":"Feature","geometry":{"type":"Polygon","coordinates":[[[24.695669,42.025835],[24.695691,42.025951],[24.695632,42.025994],[24.69564,42.026107],[24.695615,42.026199],[24.695542,42.026292],[24.695576,42.026415],[24.695532,42.026505],[24.69547,42.0266],[24.695424,42.026625],[24.695365,42.026729],[24.695322,42.026787],[24.695325,42.026956],[24.695387,42.027034],[24.695295,42.027149],[24.695222,42.027365],[24.695151,42.027463],[24.695491,42.027434],[24.695652,42.027202],[24.695912,42.027145],[24.696046,42.027087],[24.696045,42.027029],[24.696017,42.026968],[24.695988,42.026815],[24.695987,42.026767],[24.696018,42.026617],[24.696058,42.026484],[24.695976,42.026227],[24.695971,42.026127],[24.695993,42.026006],[24.696057,42.025912],[24.696136,42.025828],[24.69615,42.025755],[24.69612,42.025684],[24.696018,42.025677],[24.696,42.025773],[24.695899,42.025811],[24.695758,42.025812],[24.695669,42.025835]]]},"properties":{"cadnum":"78207.7.13","purptype":"Горска","usetype":"Скали","proptype":"Държавна частна","immaddr":"с. Цар Калоян","place":"БОРОВИК","area":7525.5862320053,"cadreg":7,"pnum":"13"}},{"type":"Feature","geometry":{"type":"Polygon","coordinates":[[[24.695022,42.027628],[24.695098,42.027571],[24.695143,42.027474],[24.695222,42.027365],[24.695295,42.027149],[24.695387,42.027034],[24.695325,42.026956],[24.695322,42.026787],[24.695365,42.026729],[24.695424,42.026625],[24.69547,42.0266],[24.695532,42.026505],[24.695576,42.026415],[24.695542,42.026292],[24.695615,42.026199],[24.69564,42.026107],[24.695632,42.025994],[24.695691,42.025951],[24.695669,42.025835],[24.695748,42.025814],[24.695734,42.025746],[24.695721,42.025544],[24.695686,42.02542],[24.695692,42.02517],[24.695627,42.025102],[24.695498,42.025004],[24.695365,42.024877],[24.695294,42.024788],[24.695138,42.024733],[24.69472,42.024645],[24.694317,42.024478],[24.694131,42.024348],[24.69381,42.024356],[24.694064,42.024503],[24.694172,42.024549],[24.694285,42.024641],[24.694454,42.024717],[24.694594,42.024755],[24.694819,42.02477],[24.694921,42.024806],[24.695031,42.024832],[24.695193,42.024992],[24.695233,42.025116],[24.695393,42.025181],[24.695559,42.02527],[24.6956,42.025366],[24.695622,42.025523],[24.69559,42.025665],[24.695613,42.025819],[24.695589,42.025928],[24.695586,42.026026],[24.695477,42.02619],[24.69536,42.02655],[24.695257,42.026804],[24.695301,42.027056],[24.695255,42.027163],[24.695181,42.027274],[24.695075,42.027402],[24.694996,42.027478],[24.694946,42.027569],[24.695022,42.027628]]]},"properties":{"cadnum":"78207.7.14","purptype":"Горска","usetype":"Дере","proptype":"Държавна частна","immaddr":"с. Цар Калоян","place":"БОРОВИК","area":5139.0356555043,"cadreg":7,"pnum":"14"}},{"type":"Feature","geometry":{"type":"Polygon","coordinates":[[[24.692086,42.026562],[24.692114,42.026737],[24.692179,42.026938],[24.692507,42.027274],[24.69282,42.027578],[24.693162,42.027753],[24.69354,42.027812],[24.694422,42.027503],[24.694668,42.027513],[24.694811,42.02755],[24.695013,42.027638],[24.695022,42.027628],[24.694946,42.027569],[24.694996,42.027478],[24.695075,42.027402],[24.695181,42.027274],[24.695255,42.027163],[24.695301,42.027056],[24.695257,42.026804],[24.69536,42.02655],[24.695477,42.02619],[24.695586,42.026026],[24.695589,42.025928],[24.695613,42.025819],[24.69559,42.025665],[24.695622,42.025523],[24.6956,42.025366],[24.695559,42.02527],[24.695393,42.025181],[24.695233,42.025116],[24.695193,42.024992],[24.695031,42.024832],[24.694921,42.024806],[24.694819,42.02477],[24.694594,42.024755],[24.694454,42.024717],[24.694347,42.024669],[24.694282,42.024774],[24.6941,42.024828],[24.693952,42.024962],[24.693859,42.025021],[24.693826,42.025092],[24.693756,42.025172],[24.69344,42.025444],[24.693329,42.025492],[24.69321,42.025498],[24.693107,42.025556],[24.692993,42.025522],[24.691984,42.024823],[24.691811,42.024997],[24.691759,42.025233],[24.691746,42.025383],[24.6918,42.025506],[24.691851,42.025677],[24.691859,42.025866],[24.691904,42.026061],[24.691777,42.02617],[24.6917,42.026272],[24.691643,42.026404],[24.691417,42.026456],[24.692,42.026328],[24.692086,42.026562]],[[24.693214,42.027704],[24.693022,42.027613],[24.692823,42.027459],[24.692758,42.027394],[24.692729,42.027349],[24.692728,42.027329],[24.692755,42.027304],[24.692816,42.027266],[24.693014,42.027168],[24.693061,42.027032],[24.693144,42.027],[24.693522,42.026948],[24.693698,42.026932],[24.693901,42.026898],[24.694088,42.026811],[24.694083,42.026724],[24.694095,42.026667],[24.694154,42.026539],[24.69422,42.026484],[24.69437,42.026465],[24.694495,42.026406],[24.694662,42.02639],[24.694632,42.026348],[24.69463,42.026257],[24.694672,42.026138],[24.694778,42.025902],[24.69484,42.025837],[24.694901,42.025739],[24.695033,42.025642],[24.695087,42.025537],[24.695155,42.025431],[24.695275,42.025387],[24.695458,42.025384],[24.695394,42.025529],[24.695389,42.025617],[24.695343,42.025714],[24.695351,42.025804],[24.695338,42.025911],[24.695248,42.025983],[24.695151,42.026121],[24.695164,42.026197],[24.695134,42.026294],[24.695026,42.026353],[24.694932,42.026395],[24.69495,42.02645],[24.695026,42.026529],[24.694971,42.026597],[24.694895,42.026716],[24.694805,42.026776],[24.694771,42.026854],[24.694782,42.026963],[24.694693,42.026985],[24.694641,42.027036],[24.694579,42.027266],[24.694527,42.027367],[24.694404,42.027422],[24.694267,42.027425],[24.694094,42.027486],[24.693854,42.027356],[24.693704,42.027377],[24.693632,42.027453],[24.693602,42.02755],[24.693587,42.027669],[24.693488,42.027746],[24.693364,42.027763],[24.693214,42.027704]],[[24.694715,42.025028],[24.694828,42.025081],[24.694898,42.0252],[24.694918,42.02531],[24.694372,42.025761],[24.693704,42.025923],[24.693746,42.025778],[24.693727,42.025583],[24.694715,42.025028]]]},"properties":{"cadnum":"78207.7.15","purptype":"Горска","usetype":"Друг вид дървопроизводителна гора","proptype":"Държавна частна","immaddr":"с. Цар Калоян","place":"БОРОВИК","area":57032.76971203,"cadreg":7,"pnum":"15"}},{"type":"Feature","geometry":{"type":"Polygon","coordinates":[[[24.68988,42.024312],[24.689891,42.024402],[24.690258,42.024339],[24.690645,42.024402],[24.690749,42.024425],[24.690721,42.024771],[24.690524,42.024771],[24.690498,42.024962],[24.690453,42.025027],[24.690437,42.025037],[24.690574,42.025238],[24.690919,42.025441],[24.691166,42.025259],[24.691753,42.025288],[24.691759,42.025233],[24.691239,42.025207],[24.691169,42.025141],[24.691073,42.024913],[24.691286,42.024807],[24.691381,42.024701],[24.691457,42.024573],[24.691594,42.024493],[24.691701,42.024447],[24.691968,42.024395],[24.691906,42.02459],[24.691906,42.024707],[24.691928,42.024875],[24.691984,42.024823],[24.692073,42.024598],[24.692172,42.024526],[24.692258,42.024418],[24.692469,42.024294],[24.692633,42.024166],[24.6928,42.023971],[24.692934,42.023839],[24.692906,42.023718],[24.692756,42.023894],[24.692655,42.02404],[24.692548,42.024163],[24.692473,42.024216],[24.69234,42.024249],[24.692228,42.024255],[24.691891,42.024245],[24.691583,42.024221],[24.691415,42.024216],[24.691354,42.024374],[24.691192,42.024396],[24.691025,42.024388],[24.690778,42.024291],[24.690675,42.024242],[24.690605,42.02419],[24.690345,42.024189],[24.690227,42.024246],[24.68988,42.024312]]]},"properties":{"cadnum":"78207.7.16","purptype":"Горска","usetype":"Друг вид дървопроизводителна гора","proptype":"Държавна частна","immaddr":"с. Цар Калоян","place":"БОРОВИК","area":10368.8889975,"cadreg":7,"pnum":"16"}},{"type":"Feature","geometry":{"type":"Polygon","coordinates":[[[24.690981,42.02092],[24.691463,42.020645],[24.691418,42.020151],[24.691595,42.019749],[24.691276,42.019813],[24.690835,42.020529],[24.690908,42.020837],[24.690981,42.02092]]]},"properties":{"cadnum":"78207.7.17","purptype":"Земеделска","usetype":"Друг вид недървопроизводителна горска площ","proptype":"Частна","immaddr":"с. Цар Калоян","place":"КАЗАНДЖИ ДЕРЕ","area":4223.0969575072,"cadreg":7,"pnum":"17"}},{"type":"Feature","geometry":{"type":"Polygon","coordinates":[[[24.705312,42.037939],[24.705138,42.038458],[24.704795,42.038908],[24.704588,42.039305],[24.704746,42.039129],[24.704939,42.038943],[24.705031,42.038821],[24.705133,42.038716],[24.70526,42.038606],[24.705318,42.03857],[24.705453,42.038447],[24.705513,42.038382],[24.705584,42.038341],[24.705701,42.038292],[24.705781,42.038214],[24.705312,42.037939]]]},"properties":{"cadnum":"78207.8.1","purptype":"Земеделска","usetype":"Друг вид недървопроизводителна горска площ","proptype":"Частна","immaddr":"с. Цар Калоян","place":"ГОГОРОВО","area":2877.2342385065,"cadreg":8,"pnum":"1"}},{"type":"Feature","geometry":{"type":"Polygon","coordinates":[[[24.705557,42.037436],[24.705356,42.037737],[24.705312,42.037939],[24.705781,42.038214],[24.706018,42.038034],[24.706099,42.037986],[24.706232,42.037841],[24.705557,42.037436]]]},"properties":{"cadnum":"78207.8.2","purptype":"Горска","usetype":"Друг вид недървопроизводителна горска площ","proptype":"Държавна частна","immaddr":"с. Цар Калоян","place":"ГОГОРОВО","area":3576.1904949704,"cadreg":8,"pnum":"2"}},{"type":"Feature","geometry":{"type":"Polygon","coordinates":[[[24.706232,42.037841],[24.706431,42.037657],[24.706481,42.037565],[24.705736,42.037144],[24.705557,42.037436],[24.706232,42.037841]]]},"properties":{"cadnum":"78207.8.3","purptype":"Горска","usetype":"Друг вид недървопроизводителна горска площ","proptype":"Държавна частна","immaddr":"с. Цар Калоян","place":"ГОГОРОВО","area":2710.2093240345,"cadreg":8,"pnum":"3"}},{"type":"Feature","geometry":{"type":"Polygon","coordinates":[[[24.705826,42.036672],[24.705772,42.037084],[24.705736,42.037144],[24.706481,42.037565],[24.706578,42.03723],[24.706625,42.037138],[24.705826,42.036672]]]},"properties":{"cadnum":"78207.8.4","purptype":"Горска","usetype":"Друг вид недървопроизводителна горска площ","proptype":"Държавна частна","immaddr":"с. Цар Калоян","place":"ГОГОРОВО","area":3575.5150849766,"cadreg":8,"pnum":"4"}},{"type":"Feature","geometry":{"type":"Polygon","coordinates":[[[24.706819,42.036874],[24.705882,42.036302],[24.705826,42.036672],[24.706625,42.037138],[24.706819,42.036874]]]},"properties":{"cadnum":"78207.8.5","purptype":"Горска","usetype":"Друг вид недървопроизводителна горска площ","proptype":"Държавна частна","immaddr":"с. Цар Калоян","place":"ГОГОРОВО","area":3128.11236402,"cadreg":8,"pnum":"5"}},{"type":"Feature","geometry":{"type":"Polygon","coordinates":[[[24.706819,42.036874],[24.707,42.036617],[24.706291,42.036208],[24.706078,42.036421],[24.706819,42.036874]]]},"properties":{"cadnum":"78207.8.6","purptype":"Горска","usetype":"Друг вид недървопроизводителна горска площ","proptype":"Държавна частна","immaddr":"с. Цар Калоян","place":"ГОГОРОВО","area":2346.4302660179,"cadreg":8,"pnum":"6"}},{"type":"Feature","geometry":{"type":"Polygon","coordinates":[[[24.706078,42.036421],[24.706291,42.036208],[24.705958,42.036017],[24.705882,42.036302],[24.706078,42.036421]]]},"properties":{"cadnum":"78207.8.7","purptype":"Горска","usetype":"Друг вид недървопроизводителна горска площ","proptype":"Държавна частна","immaddr":"с. Цар Калоян","place":"ГОГОРОВО","area":809.8618609996,"cadreg":8,"pnum":"7"}},{"type":"Feature","geometry":{"type":"Polygon","coordinates":[[[24.707,42.036617],[24.707454,42.036372],[24.707576,42.036331],[24.706828,42.035918],[24.706781,42.036038],[24.706444,42.036055],[24.706291,42.036208],[24.707,42.036617]]]},"properties":{"cadnum":"78207.8.8","purptype":"Горска","usetype":"Друг вид недървопроизводителна горска площ","proptype":"Държавна частна","immaddr":"с. Цар Калоян","place":"ГОГОРОВО","area":3982.4166284986,"cadreg":8,"pnum":"8"}},{"type":"Feature","geometry":{"type":"Polygon","coordinates":[[[24.706291,42.036208],[24.706444,42.036055],[24.706348,42.035983],[24.70623,42.035801],[24.706315,42.035643],[24.706255,42.034723],[24.705987,42.034437],[24.705896,42.034213],[24.705934,42.03453],[24.706137,42.035179],[24.706192,42.035482],[24.705958,42.036017],[24.706291,42.036208]]]},"properties":{"cadnum":"78207.8.9","purptype":"Земеделска","usetype":"Деградирала орна земя","proptype":"Частна","immaddr":"с. Цар Калоян","place":"ГОГОРОВО","area":3250.3619725124,"cadreg":8,"pnum":"9"}},{"type":"Feature","geometry":{"type":"Polygon","coordinates":[[[24.706781,42.036038],[24.706828,42.035918],[24.706878,42.035734],[24.706983,42.035716],[24.706964,42.035306],[24.707543,42.034884],[24.707635,42.034506],[24.707024,42.034347],[24.70658,42.034579],[24.706873,42.034691],[24.706611,42.034891],[24.706255,42.034723],[24.706315,42.035643],[24.70623,42.035801],[24.706348,42.035983],[24.706444,42.036055],[24.706781,42.036038]]]},"properties":{"cadnum":"78207.8.10","purptype":"Земеделска","usetype":"Изоставена нива","proptype":"Частна","immaddr":"с. Цар Калоян","place":"ГОГОРОВО","area":11879.360506973,"cadreg":8,"pnum":"10"}},{"type":"Feature","geometry":{"type":"Polygon","coordinates":[[[24.706611,42.034891],[24.706873,42.034691],[24.706319,42.034488],[24.705987,42.034437],[24.706255,42.034723],[24.706611,42.034891]]]},"properties":{"cadnum":"78207.8.11","purptype":"Земеделска","usetype":"Деградирала орна земя","proptype":"Общинска частна","immaddr":"с. Цар Калоян","place":"ГОГОРОВО","area":1573.848716002,"cadreg":8,"pnum":"11"}},{"type":"Feature","geometry":{"type":"Polygon","coordinates":[[[24.707194,42.033262],[24.707125,42.033307],[24.706516,42.033638],[24.706195,42.0338],[24.705911,42.033918],[24.705896,42.034213],[24.705987,42.034437],[24.706319,42.034488],[24.706418,42.034278],[24.706603,42.034265],[24.706614,42.034006],[24.70691,42.033985],[24.70729,42.034052],[24.707462,42.033945],[24.707649,42.033782],[24.707346,42.033447],[24.707292,42.033179],[24.707194,42.033262]]]},"properties":{"cadnum":"78207.8.12","purptype":"Земеделска","usetype":"Деградирала орна земя","proptype":"Общинска частна","immaddr":"с. Цар Калоян","place":"ГОГОРОВО","area":9045.2607814594,"cadreg":8,"pnum":"12"}},{"type":"Feature","geometry":{"type":"Polygon","coordinates":[[[24.708036,42.034261],[24.707462,42.033945],[24.70729,42.034052],[24.70691,42.033985],[24.706614,42.034006],[24.706603,42.034265],[24.706418,42.034278],[24.706319,42.034488],[24.70658,42.034579],[24.707024,42.034347],[24.707635,42.034506],[24.707595,42.03468],[24.708036,42.034261]]]},"properties":{"cadnum":"78207.8.13","purptype":"Земеделска","usetype":"Деградирала орна земя","proptype":"Общинска частна","immaddr":"с. Цар Калоян","place":"ГОГОРОВО","area":5841.1773600502,"cadreg":8,"pnum":"13"}},{"type":"Feature","geometry":{"type":"Polygon","coordinates":[[[24.707908,42.035141],[24.707978,42.034922],[24.707543,42.034884],[24.706964,42.035306],[24.706983,42.035716],[24.707502,42.03573],[24.708166,42.035655],[24.707908,42.035141]]]},"properties":{"cadnum":"78207.8.14","purptype":"Земеделска","usetype":"Деградирала орна земя","proptype":"Частна","immaddr":"с. Цар Калоян","place":"ГОГОРОВО","area":6726.5909064928,"cadreg":8,"pnum":"14"}},{"type":"Feature","geometry":{"type":"Polygon","coordinates":[[[24.709088,42.035654],[24.708781,42.035528],[24.708049,42.035148],[24.708149,42.03491],[24.708975,42.034873],[24.708962,42.034807],[24.708699,42.034623],[24.708036,42.034261],[24.707595,42.03468],[24.707543,42.034884],[24.707978,42.034922],[24.707908,42.035141],[24.708166,42.035655],[24.708977,42.035786],[24.708972,42.036047],[24.709017,42.036038],[24.709088,42.035654]]]},"properties":{"cadnum":"78207.8.15","purptype":"Земеделска","usetype":"Скали","proptype":"Общинска частна","immaddr":"с. Цар Калоян","place":"ГОГОРОВО","area":8478.1624725102,"cadreg":8,"pnum":"15"}},{"type":"Feature","geometry":{"type":"Polygon","coordinates":[[[24.709692,42.035227],[24.708962,42.034807],[24.708975,42.034873],[24.708149,42.03491],[24.708049,42.035148],[24.708781,42.035528],[24.709088,42.035654],[24.709017,42.036038],[24.70944,42.035953],[24.709568,42.035909],[24.7097,42.035836],[24.709831,42.035711],[24.709891,42.035606],[24.709887,42.035531],[24.709863,42.035436],[24.709692,42.035227]]]},"properties":{"cadnum":"78207.8.16","purptype":"Земеделска","usetype":"Друг вид дървопроизводителна гора","proptype":"Частна","immaddr":"с. Цар Калоян","place":"ГОГОРОВО","area":10722.779581009,"cadreg":8,"pnum":"16"}},{"type":"Feature","geometry":{"type":"Polygon","coordinates":[[[24.706828,42.035918],[24.707576,42.036331],[24.70787,42.036259],[24.708013,42.036233],[24.708253,42.036206],[24.708537,42.036156],[24.708972,42.036047],[24.708977,42.035786],[24.708166,42.035655],[24.707502,42.03573],[24.706983,42.035716],[24.706878,42.035734],[24.706828,42.035918]]]},"properties":{"cadnum":"78207.8.17","purptype":"Земеделска","usetype":"Друг вид недървопроизводителна горска площ","proptype":"Частна","immaddr":"с. Цар Калоян","place":"ГОГОРОВО","area":8963.4078285168,"cadreg":8,"pnum":"17"}},{"type":"Feature","geometry":{"type":"Polygon","coordinates":[[[24.693671,42.042168],[24.693558,42.042454],[24.694289,42.042616],[24.694397,42.042329],[24.693671,42.042168]]]},"properties":{"cadnum":"78207.9.1","purptype":"Земеделска","usetype":"Друг вид недървопроизводителна горска площ","proptype":"Частна","immaddr":"с. Цар Калоян","place":"КАЦАРКИТЕ","area":2081.0799690286,"cadreg":9,"pnum":"1"}},{"type":"Feature","geometry":{"type":"Polygon","coordinates":[[[24.694984,42.042768],[24.695092,42.042483],[24.694397,42.042329],[24.694289,42.042616],[24.694984,42.042768]]]},"properties":{"cadnum":"78207.9.2","purptype":"Земеделска","usetype":"Друг вид недървопроизводителна горска площ","proptype":"Частна","immaddr":"с. Цар Калоян","place":"КАЦАРКИТЕ","area":1981.0484090046,"cadreg":9,"pnum":"2"}},{"type":"Feature","geometry":{"type":"Polygon","coordinates":[[[24.694505,42.042043],[24.694397,42.042329],[24.695092,42.042483],[24.6952,42.042197],[24.694505,42.042043]]]},"properties":{"cadnum":"78207.9.3","purptype":"Земеделска","usetype":"Друг вид недървопроизводителна горска площ","proptype":"Частна","immaddr":"с. Цар Калоян","place":"КАЦАРКИТЕ","area":1980.7325620032,"cadreg":9,"pnum":"3"}},{"type":"Feature","geometry":{"type":"Polygon","coordinates":[[[24.693784,42.041883],[24.693671,42.042168],[24.694397,42.042329],[24.694505,42.042043],[24.693784,42.041883]]]},"properties":{"cadnum":"78207.9.4","purptype":"Земеделска","usetype":"Друг вид недървопроизводителна горска площ","proptype":"Частна","immaddr":"с. Цар Калоян","place":"КАЦАРКИТЕ","area":2064.5735449951,"cadreg":9,"pnum":"4"}},{"type":"Feature","geometry":{"type":"Polygon","coordinates":[[[24.693784,42.041883],[24.694505,42.042043],[24.694612,42.041758],[24.693895,42.041601],[24.693784,42.041883]]]},"properties":{"cadnum":"78207.9.5","purptype":"Земеделска","usetype":"Друг вид недървопроизводителна горска площ","proptype":"Частна","immaddr":"с. Цар Калоян","place":"КАЦАРКИТЕ","area":2032.9658329823,"cadreg":9,"pnum":"5"}},{"type":"Feature","geometry":{"type":"Polygon","coordinates":[[[24.694612,42.041758],[24.694505,42.042043],[24.6952,42.042197],[24.695307,42.04191],[24.694612,42.041758]]]},"properties":{"cadnum":"78207.9.6","purptype":"Земеделска","usetype":"Друг вид недървопроизводителна горска площ","proptype":"Частна","immaddr":"с. Цар Калоян","place":"КАЦАРКИТЕ","area":1975.228958495,"cadreg":9,"pnum":"6"}},{"type":"Feature","geometry":{"type":"Polygon","coordinates":[[[24.695413,42.041629],[24.69472,42.041472],[24.694612,42.041758],[24.695307,42.04191],[24.695413,42.041629]]]},"properties":{"cadnum":"78207.9.7","purptype":"Земеделска","usetype":"Друг вид недървопроизводителна горска площ","proptype":"Частна","immaddr":"с. Цар Калоян","place":"КАЦАРКИТЕ","area":1962.4859910226,"cadreg":9,"pnum":"7"}},{"type":"Feature","geometry":{"type":"Polygon","coordinates":[[[24.693895,42.041601],[24.694612,42.041758],[24.69472,42.041472],[24.694009,42.041312],[24.693895,42.041601]]]},"properties":{"cadnum":"78207.9.8","purptype":"Земеделска","usetype":"Друг вид недървопроизводителна горска площ","proptype":"Частна","immaddr":"с. Цар Калоян","place":"КАЦАРКИТЕ","area":2046.9756705142,"cadreg":9,"pnum":"8"}},{"type":"Feature","geometry":{"type":"Polygon","coordinates":[[[24.694122,42.041026],[24.694009,42.041312],[24.69472,42.041472],[24.694828,42.041186],[24.694122,42.041026]]]},"properties":{"cadnum":"78207.9.9","purptype":"Земеделска","usetype":"Друг вид недървопроизводителна горска площ","proptype":"Частна","immaddr":"с. Цар Калоян","place":"КАЦАРКИТЕ","area":2024.4896749937,"cadreg":9,"pnum":"9"}},{"type":"Feature","geometry":{"type":"Polygon","coordinates":[[[24.694235,42.040741],[24.694122,42.041026],[24.694828,42.041186],[24.694936,42.040897],[24.694235,42.040741]]]},"properties":{"cadnum":"78207.9.10","purptype":"Земеделска","usetype":"Друг вид недървопроизводителна горска площ","proptype":"Частна","immaddr":"с. Цар Калоян","place":"КАЦАРКИТЕ","area":2017.457219005,"cadreg":9,"pnum":"10"}},{"type":"Feature","geometry":{"type":"Polygon","coordinates":[[[24.694235,42.040741],[24.694936,42.040897],[24.695044,42.040611],[24.694348,42.040455],[24.694235,42.040741]]]},"properties":{"cadnum":"78207.9.11","purptype":"Земеделска","usetype":"Друг вид недървопроизводителна горска площ","proptype":"Частна","immaddr":"с. Цар Калоян","place":"КАЦАРКИТЕ","area":1996.5939239989,"cadreg":9,"pnum":"11"}},{"type":"Feature","geometry":{"type":"Polygon","coordinates":[[[24.694348,42.040455],[24.695044,42.040611],[24.69515,42.040331],[24.694458,42.040176],[24.694348,42.040455]]]},"properties":{"cadnum":"78207.9.12","purptype":"Земеделска","usetype":"Друг вид недървопроизводителна горска площ","proptype":"Частна","immaddr":"с. Цар Калоян","place":"КАЦАРКИТЕ","area":1940.5007719925,"cadreg":9,"pnum":"12"}},{"type":"Feature","geometry":{"type":"Polygon","coordinates":[[[24.694458,42.040176],[24.694706,42.039547],[24.694375,42.039411],[24.693834,42.03906],[24.693655,42.038952],[24.693449,42.039472],[24.693725,42.039931],[24.694458,42.040176]]]},"properties":{"cadnum":"78207.9.13","purptype":"Земеделска","usetype":"Друг вид недървопроизводителна горска площ","proptype":"Частна","immaddr":"с. Цар Калоян","place":"КАЦАРКИТЕ","area":7819.0899705199,"cadreg":9,"pnum":"13"}},{"type":"Feature","geometry":{"type":"Polygon","coordinates":[[[24.694804,42.039628],[24.694706,42.039547],[24.694458,42.040176],[24.69515,42.040331],[24.695367,42.039754],[24.694804,42.039628]]]},"properties":{"cadnum":"78207.9.14","purptype":"Земеделска","usetype":"Друг вид недървопроизводителна горска площ","proptype":"Частна","immaddr":"с. Цар Калоян","place":"КАЦАРКИТЕ","area":3982.3310635224,"cadreg":9,"pnum":"14"}},{"type":"Feature","geometry":{"type":"Polygon","coordinates":[[[24.695953,42.040198],[24.695259,42.040043],[24.69515,42.040331],[24.695844,42.040486],[24.695953,42.040198]]]},"properties":{"cadnum":"78207.9.15","purptype":"Земеделска","usetype":"Друг вид недървопроизводителна горска площ","proptype":"Частна","immaddr":"с. Цар Калоян","place":"КАЦАРКИТЕ","area":1995.7306089936,"cadreg":9,"pnum":"15"}},{"type":"Feature","geometry":{"type":"Polygon","coordinates":[[[24.695367,42.039754],[24.695259,42.040043],[24.695953,42.040198],[24.696061,42.03991],[24.695367,42.039754]]]},"properties":{"cadnum":"78207.9.16","purptype":"Земеделска","usetype":"Гори и храсти в земеделска земя","proptype":"Държавна частна","immaddr":"с. Цар Калоян","place":"КАЦАРКИТЕ","area":1995.7691949999,"cadreg":9,"pnum":"16"}},{"type":"Feature","geometry":{"type":"Polygon","coordinates":[[[24.695853,42.043991],[24.696093,42.044039],[24.696453,42.043083],[24.696204,42.043031],[24.696147,42.043078],[24.695828,42.043069],[24.695638,42.043159],[24.695597,42.043822],[24.695853,42.043991]]]},"properties":{"cadnum":"78207.10.1","purptype":"Земеделска","usetype":"Друг вид недървопроизводителна горска площ","proptype":"Частна","immaddr":"с. Цар Калоян","place":"КАЦАРКИТЕ","area":5470.2517985282,"cadreg":10,"pnum":"1"}},{"type":"Feature","geometry":{"type":"Polygon","coordinates":[[[24.696093,42.044039],[24.696305,42.044082],[24.696402,42.043802],[24.696431,42.043752],[24.696705,42.043527],[24.696752,42.043473],[24.6968,42.043329],[24.696837,42.043156],[24.696453,42.043083],[24.696093,42.044039]]]},"properties":{"cadnum":"78207.10.2","purptype":"Земеделска","usetype":"Друг вид недървопроизводителна горска площ","proptype":"Частна","immaddr":"с. Цар Калоян","place":"КАЦАРКИТЕ","area":2929.4316839883,"cadreg":10,"pnum":"2"}},{"type":"Feature","geometry":{"type":"Polygon","coordinates":[[[24.696629,42.044148],[24.696992,42.043185],[24.696932,42.043174],[24.696893,42.043346],[24.696844,42.0435],[24.696781,42.043572],[24.696513,42.043793],[24.696473,42.043881],[24.696456,42.043951],[24.696399,42.044101],[24.696629,42.044148]]]},"properties":{"cadnum":"78207.10.3","purptype":"Земеделска","usetype":"Друг вид недървопроизводителна горска площ","proptype":"Частна","immaddr":"с. Цар Калоян","place":"КАЦАРКИТЕ","area":1234.1580595025,"cadreg":10,"pnum":"3"}},{"type":"Feature","geometry":{"type":"Polygon","coordinates":[[[24.697378,42.044124],[24.697682,42.043316],[24.696992,42.043185],[24.696629,42.044148],[24.697378,42.044124]]]},"properties":{"cadnum":"78207.10.4","purptype":"Земеделска","usetype":"Друг вид недървопроизводителна горска площ","proptype":"Частна","immaddr":"с. Цар Калоян","place":"КАЦАРКИТЕ","area":6024.0142055085,"cadreg":10,"pnum":"4"}},{"type":"Feature","geometry":{"type":"Polygon","coordinates":[[[24.697503,42.04412],[24.697613,42.044023],[24.697862,42.04398],[24.69817,42.044042],[24.698383,42.043454],[24.697682,42.043316],[24.697378,42.044124],[24.697503,42.04412]]]},"properties":{"cadnum":"78207.10.5","purptype":"Земеделска","usetype":"Друг вид недървопроизводителна горска площ","proptype":"Частна","immaddr":"с. Цар Калоян","place":"КАЦАРКИТЕ","area":4514.7154729686,"cadreg":10,"pnum":"5"}},{"type":"Feature","geometry":{"type":"Polygon","coordinates":[[[24.698089,42.044271],[24.698152,42.044095],[24.697859,42.044036],[24.697651,42.044072],[24.697594,42.044117],[24.697667,42.044115],[24.698089,42.044271]]]},"properties":{"cadnum":"78207.10.6","purptype":"Земеделска","usetype":"Друг вид недървопроизводителна горска площ","proptype":"Частна","immaddr":"с. Цар Калоян","place":"КАЦАРКИТЕ","area":600.36378598947,"cadreg":10,"pnum":"6"}},{"type":"Feature","geometry":{"type":"Polygon","coordinates":[[[24.69817,42.044042],[24.698303,42.044098],[24.698477,42.044222],[24.698599,42.044257],[24.698738,42.044253],[24.698875,42.044089],[24.698999,42.043583],[24.698383,42.043454],[24.69817,42.044042]]]},"properties":{"cadnum":"78207.10.7","purptype":"Земеделска","usetype":"Друг вид недървопроизводителна горска площ","proptype":"Частна","immaddr":"с. Цар Калоян","place":"КАЦАРКИТЕ","area":4180.5368160084,"cadreg":10,"pnum":"7"}},{"type":"Feature","geometry":{"type":"Polygon","coordinates":[[[24.698089,42.044271],[24.698427,42.044262],[24.69826,42.044141],[24.698152,42.044095],[24.698089,42.044271]]]},"properties":{"cadnum":"78207.10.8","purptype":"Земеделска","usetype":"Друг вид недървопроизводителна горска площ","proptype":"Частна","immaddr":"с. Цар Калоян","place":"КАЦАРКИТЕ","area":298.53073000475,"cadreg":10,"pnum":"8"}},{"type":"Feature","geometry":{"type":"Polygon","coordinates":[[[24.698136,42.043402],[24.698352,42.04283],[24.697473,42.042663],[24.697257,42.043235],[24.698136,42.043402]]]},"properties":{"cadnum":"78207.10.10","purptype":"Земеделска","usetype":"Друг вид недървопроизводителна горска площ","proptype":"Частна обществени организации","immaddr":"с. Цар Калоян","place":"КАЦАРКИТЕ","area":4961.6903180347,"cadreg":10,"pnum":"10"}},{"type":"Feature","geometry":{"type":"Polygon","coordinates":[[[24.697429,42.042636],[24.697352,42.042661],[24.697241,42.042719],[24.697073,42.042832],[24.697001,42.042897],[24.696967,42.04296],[24.696932,42.043174],[24.697257,42.043235],[24.697485,42.042631],[24.697429,42.042636]]]},"properties":{"cadnum":"78207.10.11","purptype":"Земеделска","usetype":"Друг вид недървопроизводителна горска площ","proptype":"Частна","immaddr":"с. Цар Калоян","place":"КАЦАРКИТЕ","area":1662.601986,"cadreg":10,"pnum":"11"}},{"type":"Feature","geometry":{"type":"Polygon","coordinates":[[[24.696377,42.043068],[24.696837,42.043156],[24.696873,42.042942],[24.696919,42.042859],[24.697006,42.042781],[24.697176,42.042651],[24.697248,42.042621],[24.696796,42.042536],[24.696489,42.042768],[24.696377,42.043068]]]},"properties":{"cadnum":"78207.10.12","purptype":"Земеделска","usetype":"Друг вид недървопроизводителна горска площ","proptype":"Частна","immaddr":"с. Цар Калоян","place":"КАЦАРКИТЕ","area":2436.303824495,"cadreg":10,"pnum":"12"}},{"type":"Feature","geometry":{"type":"Polygon","coordinates":[[[24.696489,42.042768],[24.696335,42.042923],[24.696204,42.043031],[24.696377,42.043068],[24.696489,42.042768]]]},"properties":{"cadnum":"78207.10.13","purptype":"Земеделска","usetype":"Друг вид недървопроизводителна горска площ","proptype":"Частна","immaddr":"с. Цар Калоян","place":"КАЦАРКИТЕ","area":241.67001299275,"cadreg":10,"pnum":"13"}},{"type":"Feature","geometry":{"type":"Polygon","coordinates":[[[24.697248,42.042621],[24.697408,42.042566],[24.697517,42.042546],[24.697656,42.042177],[24.697198,42.04232],[24.696796,42.042536],[24.697248,42.042621]]]},"properties":{"cadnum":"78207.10.14","purptype":"Земеделска","usetype":"Друг вид недървопроизводителна горска площ","proptype":"Частна","immaddr":"с. Цар Калоян","place":"КАЦАРКИТЕ","area":1662.4083340015,"cadreg":10,"pnum":"14"}},{"type":"Feature","geometry":{"type":"Polygon","coordinates":[[[24.698525,42.042371],[24.698166,42.042505],[24.697738,42.042573],[24.697485,42.042631],[24.697473,42.042663],[24.698352,42.04283],[24.698525,42.042371]]]},"properties":{"cadnum":"78207.10.15","purptype":"Земеделска","usetype":"Друг вид недървопроизводителна горска площ","proptype":"Частна","immaddr":"с. Цар Калоян","place":"КАЦАРКИТЕ","area":1952.8335339728,"cadreg":10,"pnum":"15"}},{"type":"Feature","geometry":{"type":"Polygon","coordinates":[[[24.697848,42.042116],[24.697656,42.042177],[24.697517,42.042546],[24.697766,42.042491],[24.698145,42.042433],[24.6985,42.042302],[24.698555,42.04229],[24.698569,42.042253],[24.697848,42.042116]]]},"properties":{"cadnum":"78207.10.16","purptype":"Земеделска","usetype":"Друг вид недървопроизводителна горска площ","proptype":"Частна","immaddr":"с. Цар Калоян","place":"КАЦАРКИТЕ","area":2236.5982304759,"cadreg":10,"pnum":"16"}},{"type":"Feature","geometry":{"type":"Polygon","coordinates":[[[24.699221,42.042995],[24.699443,42.042393],[24.698969,42.042317],[24.698525,42.042371],[24.698352,42.04283],[24.699221,42.042995]]]},"properties":{"cadnum":"78207.10.17","purptype":"Земеделска","usetype":"За туристическа база, хижа","proptype":"Частна","immaddr":"с. Цар Калоян","place":"КАЦАРКИТЕ","area":4799.4420300071,"cadreg":10,"pnum":"17"}},{"type":"Feature","geometry":{"type":"Polygon","coordinates":[[[24.698631,42.042087],[24.698555,42.04229],[24.699115,42.042219],[24.698631,42.042087]]]},"properties":{"cadnum":"78207.10.20","purptype":"Земеделска","usetype":"Друг вид недървопроизводителна горска площ","proptype":"Частна","immaddr":"с. Цар Калоян","place":"КАЦАРКИТЕ","area":497.81946798769,"cadreg":10,"pnum":"20"}},{"type":"Feature","geometry":{"type":"Polygon","coordinates":[[[24.698525,42.042058],[24.698199,42.042006],[24.697848,42.042116],[24.698569,42.042253],[24.698631,42.042087],[24.698525,42.042058]]]},"properties":{"cadnum":"78207.10.21","purptype":"Земеделска","usetype":"Друг вид недървопроизводителна горска площ","proptype":"Частна","immaddr":"с. Цар Калоян","place":"КАЦАРКИТЕ","area":959.19270350461,"cadreg":10,"pnum":"21"}},{"type":"Feature","geometry":{"type":"Polygon","coordinates":[[[24.697591,42.044117],[24.697651,42.044072],[24.697859,42.044036],[24.698152,42.044095],[24.69826,42.044141],[24.698427,42.044262],[24.698599,42.044257],[24.698477,42.044222],[24.698303,42.044098],[24.69817,42.044042],[24.697862,42.04398],[24.697613,42.044023],[24.697503,42.04412],[24.697591,42.044117]]]},"properties":{"cadnum":"78207.10.22","purptype":"Територия на транспорта","usetype":"За местен път","proptype":"Общинска публична","immaddr":"с. Цар Калоян","place":"КАЦАРКИТЕ","area":546.31836352318,"cadreg":10,"pnum":"22"}},{"type":"Feature","geometry":{"type":"Polygon","coordinates":[[[24.70175,42.044934],[24.701891,42.044837],[24.702491,42.044477],[24.702732,42.044318],[24.703198,42.043964],[24.703562,42.04371],[24.703742,42.043598],[24.70399,42.043468],[24.704286,42.043332],[24.704542,42.043253],[24.704575,42.04322],[24.7047,42.043031],[24.704703,42.042912],[24.704676,42.042824],[24.704568,42.042644],[24.704558,42.042553],[24.704605,42.042416],[24.704744,42.042176],[24.704919,42.041917],[24.705028,42.041784],[24.705236,42.041603],[24.705291,42.04157],[24.705029,42.041323],[24.703585,42.041735],[24.703272,42.041873],[24.702759,42.042298],[24.702511,42.04246],[24.702304,42.04267],[24.701877,42.042786],[24.701659,42.042709],[24.701435,42.042881],[24.701275,42.042859],[24.701186,42.042895],[24.70111,42.042795],[24.701421,42.042554],[24.701146,42.042499],[24.700895,42.042611],[24.700918,42.042735],[24.700856,42.042764],[24.700779,42.042564],[24.701031,42.042431],[24.701445,42.042092],[24.70111,42.042325],[24.700999,42.042385],[24.700906,42.042424],[24.700618,42.042457],[24.700306,42.042425],[24.700071,42.042377],[24.698999,42.043583],[24.698875,42.044089],[24.698738,42.044253],[24.698599,42.044257],[24.698716,42.044302],[24.698899,42.044409],[24.69902,42.044455],[24.699101,42.044503],[24.699268,42.044584],[24.699549,42.044673],[24.699912,42.044673],[24.700038,42.0447],[24.700188,42.044719],[24.700322,42.044721],[24.70054,42.044782],[24.700646,42.044793],[24.700887,42.044786],[24.700977,42.044732],[24.701181,42.044718],[24.701408,42.044666],[24.701605,42.044687],[24.701654,42.044716],[24.701735,42.044787],[24.701751,42.044836],[24.70175,42.044934]]]},"properties":{"cadnum":"78207.10.23","purptype":"Горска","usetype":"Друг вид дървопроизводителна гора","proptype":"Държавна частна","immaddr":"с. Цар Калоян","place":"ВЛАДИКОВА НИВА","area":105163.09296253,"cadreg":10,"pnum":"23"}},{"type":"Feature","geometry":{"type":"Polygon","coordinates":[[[24.701031,42.042431],[24.700779,42.042564],[24.700856,42.042764],[24.700918,42.042735],[24.700895,42.042611],[24.701146,42.042499],[24.701421,42.042554],[24.70111,42.042795],[24.701186,42.042895],[24.701275,42.042859],[24.701435,42.042881],[24.701659,42.042709],[24.701877,42.042786],[24.702304,42.04267],[24.702511,42.04246],[24.702759,42.042298],[24.702014,42.041765],[24.70166,42.041945],[24.701445,42.042092],[24.701031,42.042431]]]},"properties":{"cadnum":"78207.10.24","purptype":"Земеделска","usetype":"Друг вид недървопроизводителна горска площ","proptype":"Частна","immaddr":"с. Цар Калоян","place":"ВЛАДИКОВА НИВА","area":10033.107424439,"cadreg":10,"pnum":"24"}},{"type":"Feature","geometry":{"type":"Polygon","coordinates":[[[24.703272,42.041873],[24.702773,42.041584],[24.702653,42.041531],[24.702537,42.041561],[24.702418,42.041603],[24.702036,42.041781],[24.702759,42.042298],[24.703272,42.041873]]]},"properties":{"cadnum":"78207.10.25","purptype":"Земеделска","usetype":"Нива","proptype":"Частна","immaddr":"с. Цар Калоян","place":"ВЛАДИКОВА НИВА","area":4428.1322585216,"cadreg":10,"pnum":"25"}},{"type":"Feature","geometry":{"type":"Polygon","coordinates":[[[24.703585,42.041735],[24.703409,42.041499],[24.70354,42.041361],[24.704003,42.041027],[24.703799,42.040875],[24.703479,42.041114],[24.703249,42.041244],[24.702929,42.041405],[24.702713,42.0415],[24.702852,42.041596],[24.703307,42.041858],[24.703585,42.041735]]]},"properties":{"cadnum":"78207.10.26","purptype":"Земеделска","usetype":"Нива","proptype":"Частна","immaddr":"с. Цар Калоян","place":"ВЛАДИКОВА НИВА","area":3999.4366034968,"cadreg":10,"pnum":"26"}},{"type":"Feature","geometry":{"type":"Polygon","coordinates":[[[24.704435,42.041493],[24.704003,42.041027],[24.70354,42.041361],[24.703409,42.041499],[24.703585,42.041735],[24.704435,42.041493]]]},"properties":{"cadnum":"78207.10.27","purptype":"Земеделска","usetype":"Нива","proptype":"Частна","immaddr":"с. Цар Калоян","place":"ВЛАДИКОВА НИВА","area":3419.9100204873,"cadreg":10,"pnum":"27"}},{"type":"Feature","geometry":{"type":"Polygon","coordinates":[[[24.704796,42.041389],[24.704288,42.04085],[24.704316,42.040604],[24.70409,42.040552],[24.70401,42.040572],[24.703799,42.040875],[24.704003,42.041027],[24.704435,42.041493],[24.704796,42.041389]]]},"properties":{"cadnum":"78207.10.28","purptype":"Земеделска","usetype":"Нива","proptype":"Частна","immaddr":"с. Цар Калоян","place":"ВЛАДИКОВА НИВА","area":3510.9512469893,"cadreg":10,"pnum":"28"}},{"type":"Feature","geometry":{"type":"Polygon","coordinates":[[[24.705029,42.041323],[24.705039,42.04078],[24.704316,42.040604],[24.704288,42.04085],[24.704796,42.041389],[24.705029,42.041323]]]},"properties":{"cadnum":"78207.10.29","purptype":"Земеделска","usetype":"Нива","proptype":"Частна","immaddr":"с. Цар Калоян","place":"ВЛАДИКОВА НИВА","area":3448.7063909817,"cadreg":10,"pnum":"29"}},{"type":"Feature","geometry":{"type":"Polygon","coordinates":[[[24.705291,42.04157],[24.705365,42.041219],[24.705372,42.040846],[24.705039,42.04078],[24.705029,42.041323],[24.705291,42.04157]]]},"properties":{"cadnum":"78207.10.30","purptype":"Земеделска","usetype":"Нива","proptype":"Частна","immaddr":"с. Цар Калоян","place":"ВЛАДИКОВА НИВА","area":1906.989558496,"cadreg":10,"pnum":"30"}},{"type":"Feature","geometry":{"type":"Polygon","coordinates":[[[24.705317,42.041554],[24.705471,42.041502],[24.705575,42.041485],[24.705958,42.041492],[24.706409,42.041461],[24.706669,42.041421],[24.706762,42.041382],[24.706821,42.041322],[24.706852,42.041251],[24.706856,42.041183],[24.706847,42.041104],[24.706827,42.041057],[24.70679,42.040999],[24.706636,42.040935],[24.705611,42.040868],[24.705372,42.040846],[24.705365,42.041219],[24.705291,42.04157],[24.705317,42.041554]]]},"properties":{"cadnum":"78207.10.31","purptype":"Земеделска","usetype":"Друг вид земеделска земя","proptype":"Съсобственост","immaddr":"с. Цар Калоян","place":"ВЛАДИКОВА НИВА","area":7707.5394280181,"cadreg":10,"pnum":"31"}},{"type":"Feature","geometry":{"type":"Polygon","coordinates":[[[24.706014,42.041554],[24.70639,42.041531],[24.706574,42.041508],[24.706786,42.041467],[24.706891,42.041391],[24.706943,42.041316],[24.706963,42.041223],[24.706963,42.041108],[24.706953,42.041058],[24.706897,42.040968],[24.706763,42.040897],[24.706674,42.040872],[24.705328,42.040777],[24.704278,42.040509],[24.704197,42.040443],[24.704148,42.040354],[24.704178,42.040124],[24.704148,42.040187],[24.70401,42.040572],[24.70409,42.040552],[24.705134,42.040803],[24.705372,42.040846],[24.705611,42.040868],[24.706636,42.040935],[24.70679,42.040999],[24.706827,42.041057],[24.706847,42.041104],[24.706856,42.041183],[24.706852,42.041251],[24.706821,42.041322],[24.706762,42.041382],[24.706669,42.041421],[24.706409,42.041461],[24.705958,42.041492],[24.705575,42.041485],[24.705471,42.041502],[24.705397,42.041524],[24.705317,42.041554],[24.705236,42.041603],[24.705028,42.041784],[24.704919,42.041917],[24.704744,42.042176],[24.704605,42.042416],[24.704558,42.042553],[24.704568,42.042644],[24.704676,42.042824],[24.704703,42.042912],[24.7047,42.043031],[24.704575,42.04322],[24.704542,42.043253],[24.704286,42.043332],[24.70399,42.043468],[24.703742,42.043598],[24.703562,42.04371],[24.703198,42.043964],[24.702732,42.044318],[24.702491,42.044477],[24.701891,42.044837],[24.70175,42.044934],[24.701732,42.045026],[24.70228,42.044678],[24.702542,42.044521],[24.702785,42.04436],[24.703432,42.04389],[24.703793,42.043654],[24.704035,42.043517],[24.704591,42.043301],[24.704655,42.043243],[24.704718,42.043158],[24.704775,42.04305],[24.704807,42.042929],[24.704792,42.042834],[24.704712,42.042704],[24.704675,42.042687],[24.704647,42.042635],[24.704653,42.042557],[24.704861,42.042158],[24.705053,42.041888],[24.705168,42.041763],[24.70528,42.04166],[24.70536,42.041603],[24.705494,42.041558],[24.705582,42.041544],[24.706014,42.041554]]]},"properties":{"cadnum":"78207.10.32","purptype":"Територия на транспорта","usetype":"За местен път","proptype":"Общинска публична","immaddr":"с. Цар Калоян","place":"ВЛАДИКОВА НИВА","area":7317.6896375695,"cadreg":10,"pnum":"32"}},{"type":"Feature","geometry":{"type":"Polygon","coordinates":[[[24.703307,42.041858],[24.702852,42.041596],[24.702713,42.0415],[24.702662,42.041448],[24.702601,42.041478],[24.702653,42.041531],[24.702773,42.041584],[24.703272,42.041873],[24.703307,42.041858]]]},"properties":{"cadnum":"78207.10.33","purptype":"Земеделска","usetype":"За селскостопански, горски, ведомствен път","proptype":"Общинска публична","immaddr":"с. Цар Калоян","place":"ВЛАДИКОВА НИВА","area":251.85931000284,"cadreg":10,"pnum":"33"}},{"type":"Feature","geometry":{"type":"Polygon","coordinates":[[[24.702653,42.041531],[24.702601,42.041478],[24.702014,42.041765],[24.702036,42.041781],[24.702418,42.041603],[24.702537,42.041561],[24.702653,42.041531]]]},"properties":{"cadnum":"78207.10.34","purptype":"Земеделска","usetype":"Гори и храсти в земеделска земя","proptype":"Общинска частна","immaddr":"с. Цар Калоян","place":"ВЛАДИКОВА НИВА","area":205.80360949466,"cadreg":10,"pnum":"34"}},{"type":"Feature","geometry":{"type":"Polygon","coordinates":[[[24.703371,42.041139],[24.702662,42.041448],[24.702713,42.0415],[24.702929,42.041405],[24.703249,42.041244],[24.703479,42.041114],[24.703626,42.041003],[24.703371,42.041139]]]},"properties":{"cadnum":"78207.10.35","purptype":"Земеделска","usetype":"Гори и храсти в земеделска земя","proptype":"Общинска частна","immaddr":"с. Цар Калоян","place":"ВЛАДИКОВА НИВА","area":456.79171447236,"cadreg":10,"pnum":"35"}},{"type":"Feature","geometry":{"type":"Polygon","coordinates":[[[24.699347,42.042269],[24.6992,42.042278],[24.698969,42.042317],[24.699443,42.042393],[24.699485,42.042284],[24.699347,42.042269]]]},"properties":{"cadnum":"78207.10.124","purptype":"Земеделска","usetype":"Друг вид недървопроизводителна горска площ","proptype":"Частна обществени организации","immaddr":"с. Цар Калоян","place":"КАЦАРКИТЕ","area":325.59031101233,"cadreg":10,"pnum":"124"}},{"type":"Feature","geometry":{"type":"Polygon","coordinates":[[[24.698352,42.04283],[24.698136,42.043402],[24.698999,42.043583],[24.700071,42.042377],[24.699739,42.042315],[24.699485,42.042284],[24.699221,42.042995],[24.698352,42.04283]]]},"properties":{"cadnum":"78207.10.125","purptype":"Земеделска","usetype":"Друг вид недървопроизводителна горска площ","proptype":"Частна обществени организации","immaddr":"с. Цар Калоян","place":"КАЦАРКИТЕ","area":8698.1952359843,"cadreg":10,"pnum":"125"}},{"type":"Feature","geometry":{"type":"Polygon","coordinates":[[[24.706147,42.023933],[24.707141,42.024099],[24.707456,42.024081],[24.707755,42.024207],[24.708182,42.024306],[24.707933,42.023865],[24.707601,42.023453],[24.707291,42.023299],[24.706871,42.023127],[24.706147,42.023933]]]},"properties":{"cadnum":"78207.11.1","purptype":"Земеделска","usetype":"Нива","proptype":"Частна","immaddr":"с. Цар Калоян","place":"ШАНКИНИ ЧЕРЕШИ","area":10617.850223514,"cadreg":11,"pnum":"1"}},{"type":"Feature","geometry":{"type":"Polygon","coordinates":[[[24.709596,42.024546],[24.709596,42.024444],[24.709297,42.024345],[24.708591,42.024274],[24.708637,42.024371],[24.708639,42.024423],[24.709203,42.024533],[24.70939,42.024547],[24.709596,42.024546]]]},"properties":{"cadnum":"78207.11.2","purptype":"Земеделска","usetype":"Изоставена нива","proptype":"Частна","immaddr":"с. Цар Калоян","place":"ШАНКИНИ ЧЕРЕШИ","area":1487.7664049857,"cadreg":11,"pnum":"2"}},{"type":"Feature","geometry":{"type":"Polygon","coordinates":[[[24.708745,42.021795],[24.707966,42.021875],[24.707652,42.0219],[24.707477,42.022073],[24.707526,42.022201],[24.707528,42.02227],[24.707643,42.022333],[24.707707,42.022427],[24.707645,42.022494],[24.707699,42.022551],[24.707764,42.022705],[24.707747,42.022781],[24.707555,42.022737],[24.707253,42.022648],[24.707063,42.02262],[24.706944,42.022616],[24.706855,42.022573],[24.706812,42.022566],[24.706645,42.022565],[24.706423,42.022624],[24.706217,42.022621],[24.706198,42.022742],[24.706597,42.022855],[24.706657,42.022878],[24.70686,42.022889],[24.707082,42.022931],[24.707173,42.022708],[24.707206,42.022663],[24.707344,42.022697],[24.707488,42.022749],[24.707672,42.022796],[24.708051,42.022823],[24.708105,42.022824],[24.70824,42.022795],[24.708312,42.022809],[24.708297,42.023286],[24.708974,42.02341],[24.708727,42.023784],[24.708871,42.023776],[24.70902,42.023796],[24.709273,42.023439],[24.709335,42.02343],[24.709369,42.023409],[24.709401,42.023375],[24.709416,42.023338],[24.709385,42.023287],[24.709445,42.023247],[24.709411,42.023095],[24.709389,42.022948],[24.709402,42.022922],[24.709426,42.022901],[24.709458,42.022903],[24.7098,42.023008],[24.709996,42.023051],[24.710144,42.023073],[24.710325,42.023124],[24.710727,42.023267],[24.710915,42.023387],[24.710768,42.023343],[24.710588,42.023326],[24.710402,42.023322],[24.710407,42.023309],[24.70999,42.023261],[24.70992,42.023257],[24.709866,42.023265],[24.709749,42.023255],[24.709709,42.023302],[24.709749,42.023405],[24.709709,42.023524],[24.709658,42.023837],[24.709928,42.023893],[24.710037,42.02393],[24.70999,42.024043],[24.710272,42.024124],[24.710024,42.024168],[24.710178,42.02436],[24.710062,42.024515],[24.710465,42.024534],[24.710553,42.024517],[24.710818,42.024515],[24.711072,42.02442],[24.711238,42.024393],[24.711321,42.024416],[24.711587,42.024273],[24.711723,42.024214],[24.711824,42.024104],[24.711834,42.023967],[24.711931,42.023873],[24.711679,42.023717],[24.711522,42.023484],[24.711378,42.023359],[24.711197,42.023238],[24.711057,42.023179],[24.711097,42.02311],[24.711138,42.022994],[24.711169,42.022853],[24.711154,42.022827],[24.711003,42.022739],[24.710955,42.022734],[24.71079,42.022754],[24.710751,42.022749],[24.7105,42.022664],[24.710461,42.022641],[24.710459,42.022624],[24.710507,42.022583],[24.710557,42.022562],[24.710699,42.02242],[24.710777,42.022203],[24.710627,42.022169],[24.71061,42.022128],[24.710455,42.021987],[24.710411,42.02196],[24.710252,42.021894],[24.710216,42.021767],[24.70997,42.021636],[24.709766,42.021615],[24.709521,42.021525],[24.709299,42.021516],[24.708857,42.021752],[24.708745,42.021795]]]},"properties":{"cadnum":"78207.11.3","purptype":"Земеделска","usetype":"Друг вид земеделска земя","proptype":"Съсобственост","immaddr":"с. Цар Калоян","place":"ШАНКИНИ ЧЕРЕШИ","area":62428.881652959,"cadreg":11,"pnum":"3"}},{"type":"Feature","geometry":{"type":"Polygon","coordinates":[[[24.708745,42.021795],[24.708857,42.021752],[24.709299,42.021516],[24.709521,42.021525],[24.709766,42.021615],[24.70997,42.021636],[24.710216,42.021767],[24.710252,42.021894],[24.710411,42.02196],[24.710455,42.021987],[24.71061,42.022128],[24.710627,42.022169],[24.710777,42.022203],[24.710699,42.02242],[24.710557,42.022562],[24.710507,42.022583],[24.710459,42.022624],[24.710461,42.022641],[24.7105,42.022664],[24.710751,42.022749],[24.71079,42.022754],[24.710955,42.022734],[24.711003,42.022739],[24.711154,42.022827],[24.711169,42.022853],[24.711138,42.022994],[24.711097,42.02311],[24.711057,42.023179],[24.711197,42.023238],[24.711378,42.023359],[24.711522,42.023484],[24.711679,42.023717],[24.711931,42.023873],[24.711523,42.023401],[24.711202,42.023123],[24.711173,42.022806],[24.710904,42.022636],[24.710891,42.022497],[24.710909,42.022307],[24.710874,42.022192],[24.7105,42.021831],[24.709948,42.020853],[24.709757,42.020754],[24.709737,42.020829],[24.709741,42.020884],[24.709788,42.021131],[24.709821,42.021225],[24.709811,42.021319],[24.709748,42.021431],[24.709594,42.021477],[24.709427,42.021501],[24.709321,42.021506],[24.709089,42.021594],[24.70887,42.021735],[24.708745,42.021795]]]},"properties":{"cadnum":"78207.11.4","purptype":"Горска","usetype":"Друг вид дървопроизводителна гора","proptype":"Държавна частна","immaddr":"с. Цар Калоян","place":"ШАНКИНИ ЧЕРЕШИ","area":6826.9113385075,"cadreg":11,"pnum":"4"}},{"type":"Feature","geometry":{"type":"Polygon","coordinates":[[[24.705875,42.022187],[24.705774,42.022179],[24.705366,42.022397],[24.705406,42.022526],[24.705839,42.022633],[24.706216,42.022628],[24.706217,42.022621],[24.706423,42.022624],[24.706645,42.022565],[24.706691,42.022563],[24.706812,42.022566],[24.706855,42.022573],[24.706903,42.022599],[24.707007,42.022615],[24.70719,42.022283],[24.706932,42.022192],[24.70693,42.022128],[24.706478,42.021928],[24.70635,42.021927],[24.70602,42.022129],[24.705875,42.022187]]]},"properties":{"cadnum":"78207.11.6","purptype":"Земеделска","usetype":"Нива","proptype":"Частна","immaddr":"с. Цар Калоян","place":"ШАНКИНИ ЧЕРЕШИ","area":7609.2247969878,"cadreg":11,"pnum":"6"}},{"type":"Feature","geometry":{"type":"Polygon","coordinates":[[[24.706657,42.022878],[24.706597,42.022855],[24.706198,42.022742],[24.706216,42.022628],[24.705839,42.022633],[24.705406,42.022526],[24.705366,42.022397],[24.705053,42.022351],[24.705535,42.022821],[24.705606,42.02262],[24.706603,42.022927],[24.706588,42.022958],[24.706781,42.023014],[24.706351,42.023541],[24.70624,42.023599],[24.706076,42.023952],[24.706147,42.023933],[24.706871,42.023127],[24.70686,42.022889],[24.706657,42.022878]]]},"properties":{"cadnum":"78207.11.7","purptype":"Земеделска","usetype":"За селскостопански, горски, ведомствен път","proptype":"Общинска публична","immaddr":"с. Цар Калоян","place":"ШАНКИНИ ЧЕРЕШИ","area":3112.394980508,"cadreg":11,"pnum":"7"}},{"type":"Feature","geometry":{"type":"Polygon","coordinates":[[[24.705384,42.02143],[24.705667,42.021727],[24.705709,42.022021],[24.705424,42.02208],[24.705308,42.022038],[24.705328,42.021802],[24.705033,42.021764],[24.705129,42.021993],[24.705366,42.022397],[24.705774,42.022179],[24.705875,42.022187],[24.70602,42.022129],[24.70635,42.021927],[24.706478,42.021928],[24.70693,42.022128],[24.706932,42.022192],[24.70719,42.022283],[24.707007,42.022615],[24.706903,42.022599],[24.706944,42.022616],[24.707063,42.02262],[24.707253,42.022648],[24.707555,42.022737],[24.707747,42.022781],[24.707764,42.022705],[24.707699,42.022551],[24.707645,42.022494],[24.707707,42.022427],[24.707643,42.022333],[24.707528,42.02227],[24.707526,42.022201],[24.707477,42.022073],[24.707652,42.0219],[24.707524,42.021901],[24.707295,42.021873],[24.707141,42.021827],[24.707064,42.021786],[24.706956,42.021715],[24.706754,42.021544],[24.706636,42.021471],[24.706447,42.021314],[24.706382,42.021298],[24.706289,42.021292],[24.706071,42.021398],[24.705865,42.021439],[24.705709,42.021437],[24.705247,42.021391],[24.704968,42.021397],[24.704923,42.021412],[24.705384,42.02143]]]},"properties":{"cadnum":"78207.11.8","purptype":"Горска","usetype":"Гори и храсти в земеделска земя","proptype":"Държавна частна","immaddr":"с. Цар Калоян","place":"ШАНКИНИ ЧЕРЕШИ","area":14064.112425501,"cadreg":11,"pnum":"8"}},{"type":"Feature","geometry":{"type":"Polygon","coordinates":[[[24.704923,42.021412],[24.70491,42.02147],[24.705033,42.021764],[24.705328,42.021802],[24.705308,42.022038],[24.705424,42.02208],[24.705709,42.022021],[24.705667,42.021727],[24.705384,42.02143],[24.704923,42.021412]]]},"properties":{"cadnum":"78207.11.9","purptype":"Земеделска","usetype":"Нива","proptype":"Частна","immaddr":"с. Цар Калоян","place":"ШАНКИНИ ЧЕРЕШИ","area":2853.7763740073,"cadreg":11,"pnum":"9"}},{"type":"Feature","geometry":{"type":"Polygon","coordinates":[[[24.704424,42.022299],[24.704079,42.022484],[24.704114,42.022595],[24.704565,42.022469],[24.704424,42.022299]]]},"properties":{"cadnum":"78207.11.11","purptype":"Земеделска","usetype":"Ниско застрояване (до 10 m)","proptype":"Частна","immaddr":"с. Цар Калоян","place":"ШАНКИНИ ЧЕРЕШИ","area":637.61924699931,"cadreg":11,"pnum":"11"}},{"type":"Feature","geometry":{"type":"Polygon","coordinates":[[[24.710805,42.02457],[24.711241,42.024509],[24.711954,42.02437],[24.712167,42.024408],[24.712153,42.024266],[24.711931,42.023873],[24.711834,42.023967],[24.711824,42.024104],[24.711723,42.024214],[24.711587,42.024273],[24.711321,42.024416],[24.711238,42.024393],[24.711072,42.02442],[24.710818,42.024515],[24.710553,42.024517],[24.710595,42.024547],[24.710631,42.024559],[24.710805,42.02457]]]},"properties":{"cadnum":"78207.11.12","purptype":"Земеделска","usetype":"Друг вид дървопроизводителна гора","proptype":"Общинска частна","immaddr":"с. Цар Калоян","place":"ШАНКИНИ ЧЕРЕШИ","area":2402.2606700005,"cadreg":11,"pnum":"12"}},{"type":"Feature","geometry":{"type":"Polygon","coordinates":[[[24.705129,42.021993],[24.70491,42.02147],[24.704923,42.021412],[24.70488,42.021426],[24.704805,42.021466],[24.704841,42.021486],[24.705061,42.02201],[24.705217,42.022248],[24.704841,42.022333],[24.704565,42.022469],[24.704706,42.022429],[24.704717,42.022463],[24.705053,42.022351],[24.705366,42.022397],[24.705129,42.021993]]]},"properties":{"cadnum":"78207.11.13","purptype":"Територия, заета от води и водни обекти","usetype":"Дере","proptype":"Общинска частна","immaddr":"с. Цар Калоян","place":"ШАНКИНИ ЧЕРЕШИ","area":1101.5414030214,"cadreg":11,"pnum":"13"}},{"type":"Feature","geometry":{"type":"Polygon","coordinates":[[[24.705061,42.02201],[24.704841,42.021486],[24.704805,42.021466],[24.704719,42.021642],[24.704653,42.021982],[24.704639,42.022103],[24.705117,42.022095],[24.705061,42.02201]]]},"properties":{"cadnum":"78207.11.14","purptype":"Земеделска","usetype":"Ниско застрояване (до 10 m)","proptype":"Частна","immaddr":"с. Цар Калоян","place":"ШАНКИНИ ЧЕРЕШИ","area":1550.2997150037,"cadreg":11,"pnum":"14"}},{"type":"Feature","geometry":{"type":"Polygon","coordinates":[[[24.704841,42.022333],[24.705217,42.022248],[24.705117,42.022095],[24.704639,42.022103],[24.704424,42.022299],[24.704565,42.022469],[24.704841,42.022333]]]},"properties":{"cadnum":"78207.11.15","purptype":"Урбанизирана","usetype":"За друг вид застрояване","proptype":"Частна","immaddr":"с. Цар Калоян","place":"ШАНКИНИ ЧЕРЕШИ","area":1528.8378069753,"cadreg":11,"pnum":"15"}},{"type":"Feature","geometry":{"type":"Polygon","coordinates":[[[24.708312,42.022809],[24.70824,42.022795],[24.708105,42.022824],[24.708051,42.022823],[24.707672,42.022796],[24.707488,42.022749],[24.707344,42.022697],[24.707206,42.022663],[24.707173,42.022708],[24.707082,42.022931],[24.70686,42.022889],[24.706871,42.023127],[24.70708,42.023213],[24.7083,42.023199],[24.708312,42.022809]]]},"properties":{"cadnum":"78207.11.16","purptype":"Урбанизирана","usetype":"За друг вид застрояване","proptype":"Частна","immaddr":"с. Цар Калоян","place":"ШАНКИНИ ЧЕРЕШИ","area":5342.891880517,"cadreg":11,"pnum":"16"}},{"type":"Feature","geometry":{"type":"Polygon","coordinates":[[[24.708974,42.02341],[24.708297,42.023286],[24.7083,42.023199],[24.70708,42.023213],[24.707291,42.023299],[24.707601,42.023453],[24.707719,42.023599],[24.708858,42.023586],[24.708974,42.02341]]]},"properties":{"cadnum":"78207.11.17","purptype":"Земеделска","usetype":"Пасище","proptype":"Частна","immaddr":"с. Цар Калоян","place":"ШАНКИНИ ЧЕРЕШИ","area":4413.9908015096,"cadreg":11,"pnum":"17"}},{"type":"Feature","geometry":{"type":"Polygon","coordinates":[[[24.708858,42.023586],[24.707775,42.023598],[24.707977,42.023849],[24.708284,42.024395],[24.708639,42.024423],[24.708637,42.024371],[24.708591,42.024274],[24.708855,42.024301],[24.708847,42.023777],[24.708727,42.023784],[24.708858,42.023586]]]},"properties":{"cadnum":"78207.11.18","purptype":"Земеделска","usetype":"Пасище","proptype":"Частна","immaddr":"с. Цар Калоян","place":"ШАНКИНИ ЧЕРЕШИ","area":5639.7704229968,"cadreg":11,"pnum":"18"}},{"type":"Feature","geometry":{"type":"Polygon","coordinates":[[[24.709273,42.023439],[24.70902,42.023796],[24.708891,42.023777],[24.708847,42.023777],[24.708855,42.024301],[24.709297,42.024345],[24.709596,42.024444],[24.709596,42.024546],[24.709741,42.024541],[24.710303,42.024548],[24.710438,42.024557],[24.71047,42.02455],[24.71047,42.024533],[24.710062,42.024515],[24.710178,42.02436],[24.710024,42.024168],[24.710272,42.024124],[24.70999,42.024043],[24.710037,42.02393],[24.709928,42.023893],[24.709658,42.023837],[24.709709,42.023524],[24.70974,42.023433],[24.709273,42.023439]]]},"properties":{"cadnum":"78207.11.19","purptype":"Земеделска","usetype":"Пасище","proptype":"Частна","immaddr":"с. Цар Калоян","place":"ШАНКИНИ ЧЕРЕШИ","area":8809.1530980227,"cadreg":11,"pnum":"19"}},{"type":"Feature","geometry":{"type":"Polygon","coordinates":[[[24.709749,42.023405],[24.709709,42.023302],[24.709749,42.023255],[24.709866,42.023265],[24.70992,42.023257],[24.70999,42.023261],[24.710407,42.023309],[24.710402,42.023322],[24.710588,42.023326],[24.710768,42.023343],[24.710915,42.023387],[24.710727,42.023267],[24.710325,42.023124],[24.710144,42.023073],[24.709996,42.023051],[24.7098,42.023008],[24.709458,42.022903],[24.709426,42.022901],[24.709402,42.022922],[24.709389,42.022948],[24.709411,42.023095],[24.709445,42.023247],[24.709385,42.023287],[24.709416,42.023338],[24.709401,42.023375],[24.709369,42.023409],[24.709335,42.02343],[24.709297,42.023437],[24.70974,42.023433],[24.709749,42.023405]]]},"properties":{"cadnum":"78207.11.20","purptype":"Земеделска","usetype":"Пасище","proptype":"Общинска частна","immaddr":"с. Цар Калоян","place":"ШАНКИНИ ЧЕРЕШИ","area":3191.9672845299,"cadreg":11,"pnum":"20"}},{"type":"Feature","geometry":{"type":"Polygon","coordinates":[[[24.707933,42.023865],[24.70818,42.02431],[24.707755,42.024207],[24.707456,42.024081],[24.707141,42.024099],[24.706147,42.023933],[24.706076,42.023952],[24.706848,42.024056],[24.707189,42.024113],[24.707814,42.024287],[24.708107,42.024384],[24.708284,42.024395],[24.707977,42.023849],[24.707775,42.023598],[24.707719,42.023599],[24.707933,42.023865]]]},"properties":{"cadnum":"78207.11.21","purptype":"Земеделска","usetype":"За селскостопански, горски, ведомствен път","proptype":"Общинска публична","immaddr":"с. Цар Калоян","place":"ШАНКИНИ ЧЕРЕШИ","area":1237.0748090142,"cadreg":11,"pnum":"21"}},{"type":"Feature","geometry":{"type":"Polygon","coordinates":[[[24.708611,42.027265],[24.709284,42.027105],[24.709903,42.026722],[24.709879,42.026436],[24.709534,42.026566],[24.709628,42.026693],[24.709136,42.026871],[24.708697,42.026968],[24.708377,42.026967],[24.708391,42.026873],[24.708629,42.026696],[24.708584,42.026651],[24.708325,42.026669],[24.708083,42.0268],[24.708089,42.027027],[24.708611,42.027265]]]},"properties":{"cadnum":"78207.12.2","purptype":"Земеделска","usetype":"Нива","proptype":"Общинска частна","immaddr":"с. Цар Калоян","place":"АРИФОВИЦА","area":5161.7937020003,"cadreg":12,"pnum":"2"}},{"type":"Feature","geometry":{"type":"Polygon","coordinates":[[[24.708776,42.025624],[24.709119,42.025721],[24.709471,42.025758],[24.709707,42.025686],[24.709771,42.02582],[24.70985,42.025824],[24.70977,42.025663],[24.709704,42.025634],[24.709582,42.025676],[24.709373,42.025719],[24.709139,42.025688],[24.708791,42.025594],[24.708776,42.025624]]]},"properties":{"cadnum":"78207.12.4","purptype":"Земеделска","usetype":"За селскостопански, горски, ведомствен път","proptype":"Общинска публична","immaddr":"с. Цар Калоян","place":"АРИФОВИЦА","area":460.31485148567,"cadreg":12,"pnum":"4"}},{"type":"Feature","geometry":{"type":"Polygon","coordinates":[[[24.708791,42.025594],[24.709139,42.025688],[24.709373,42.025719],[24.709582,42.025676],[24.709595,42.024591],[24.709391,42.024592],[24.709192,42.024578],[24.70864,42.024469],[24.708623,42.024735],[24.708791,42.025594]]]},"properties":{"cadnum":"78207.12.5","purptype":"Земеделска","usetype":"Нискостъблена гора","proptype":"Частна","immaddr":"с. Цар Калоян","place":"АРИФОВИЦА","area":9171.7745609964,"cadreg":12,"pnum":"5"}},{"type":"Feature","geometry":{"type":"Polygon","coordinates":[[[24.710406,42.024605],[24.710211,42.024594],[24.709595,42.024591],[24.709582,42.025676],[24.709704,42.025634],[24.70977,42.025663],[24.70985,42.025824],[24.70995,42.025829],[24.710407,42.025793],[24.71028,42.025132],[24.710403,42.024799],[24.710406,42.024605]]]},"properties":{"cadnum":"78207.12.6","purptype":"Земеделска","usetype":"Нискостъблена гора","proptype":"Частна","immaddr":"с. Цар Калоян","place":"АРИФОВИЦА","area":8270.7165169998,"cadreg":12,"pnum":"6"}},{"type":"Feature","geometry":{"type":"Polygon","coordinates":[[[24.712038,42.024471],[24.711862,42.024624],[24.711748,42.025409],[24.711759,42.025479],[24.711984,42.025617],[24.71207,42.025696],[24.712162,42.025909],[24.712179,42.025969],[24.712179,42.026201],[24.712107,42.02664],[24.712122,42.027],[24.712298,42.027234],[24.712475,42.027389],[24.712486,42.02741],[24.712514,42.027633],[24.712632,42.02771],[24.712477,42.027092],[24.712178,42.024498],[24.712038,42.024471]]]},"properties":{"cadnum":"78207.12.8","purptype":"Територия, заета от води и водни обекти","usetype":"Дере","proptype":"Общинска частна","immaddr":"с. Цар Калоян","place":"АРИФОВИЦА","area":8581.3725595068,"cadreg":12,"pnum":"8"}},{"type":"Feature","geometry":{"type":"Polygon","coordinates":[[[24.707521,42.032778],[24.707459,42.032834],[24.707299,42.033088],[24.707245,42.033151],[24.707151,42.03323],[24.706985,42.033334],[24.706161,42.033762],[24.705937,42.033864],[24.70582,42.033893],[24.705539,42.034033],[24.704848,42.034554],[24.704614,42.034752],[24.703867,42.035345],[24.703541,42.035623],[24.703422,42.035708],[24.703375,42.035726],[24.703292,42.035739],[24.703234,42.035732],[24.703177,42.035715],[24.703053,42.035663],[24.702752,42.035481],[24.702692,42.03547],[24.702587,42.035479],[24.702506,42.035504],[24.702229,42.035672],[24.70203,42.035733],[24.70186,42.035774],[24.701202,42.035875],[24.701054,42.035874],[24.701048,42.035918],[24.701136,42.035927],[24.701243,42.035922],[24.701804,42.035835],[24.7022,42.035741],[24.701708,42.036138],[24.701398,42.036337],[24.701249,42.036414],[24.701121,42.036498],[24.700937,42.036576],[24.700637,42.036787],[24.700485,42.036844],[24.700048,42.036982],[24.700072,42.037024],[24.70051,42.036885],[24.700672,42.036825],[24.700973,42.036613],[24.701156,42.036535],[24.701286,42.036449],[24.701436,42.036372],[24.701589,42.03627],[24.701713,42.036219],[24.701963,42.036032],[24.702518,42.035579],[24.702571,42.035558],[24.702672,42.03553],[24.702736,42.035531],[24.70294,42.035674],[24.703077,42.035739],[24.703167,42.035769],[24.703261,42.035789],[24.703339,42.035789],[24.703453,42.035759],[24.7037,42.035574],[24.703916,42.035372],[24.704917,42.03457],[24.704977,42.034535],[24.705587,42.034064],[24.705846,42.033934],[24.705911,42.033918],[24.706195,42.0338],[24.706516,42.033638],[24.707125,42.033307],[24.707194,42.033262],[24.707292,42.033179],[24.707351,42.033111],[24.707504,42.032871],[24.707563,42.03281],[24.707521,42.032778]]]},"properties":{"cadnum":"78207.12.9","purptype":"Територия на транспорта","usetype":"За селскостопански, горски, ведомствен път","proptype":"Общинска публична","immaddr":"с. Цар Калоян","place":"АРИФОВИЦА","area":5169.0840220238,"cadreg":12,"pnum":"9"}},{"type":"Feature","geometry":{"type":"Polygon","coordinates":[[[24.710805,42.02457],[24.710631,42.024559],[24.710595,42.024547],[24.710553,42.024517],[24.71047,42.024533],[24.71047,42.02455],[24.710438,42.024557],[24.710303,42.024548],[24.709741,42.024541],[24.70939,42.024547],[24.709203,42.024533],[24.708734,42.024439],[24.708578,42.024415],[24.708107,42.024384],[24.707814,42.024287],[24.707189,42.024113],[24.706848,42.024056],[24.706076,42.023952],[24.706058,42.02399],[24.706071,42.024008],[24.706704,42.024105],[24.707064,42.02413],[24.70771,42.024317],[24.708082,42.02444],[24.70864,42.024469],[24.709192,42.024578],[24.709391,42.024592],[24.710211,42.024594],[24.710706,42.024623],[24.711067,42.024592],[24.711748,42.024472],[24.712038,42.024471],[24.712178,42.024498],[24.712167,42.024408],[24.711954,42.02437],[24.711241,42.024509],[24.710805,42.02457]]]},"properties":{"cadnum":"78207.12.10","purptype":"Територия на транспорта","usetype":"За местен път","proptype":"Общинска публична","immaddr":"с. Цар Калоян","place":"АРИФОВИЦА","area":3199.1006684315,"cadreg":12,"pnum":"10"}},{"type":"Feature","geometry":{"type":"Polygon","coordinates":[[[24.710767,42.025953],[24.710791,42.024615],[24.710706,42.024623],[24.710406,42.024605],[24.710403,42.024799],[24.71028,42.025132],[24.710407,42.025793],[24.710547,42.025911],[24.710767,42.025953]]]},"properties":{"cadnum":"78207.12.12","purptype":"Земеделска","usetype":"Нискостъблена гора","proptype":"Частна","immaddr":"с. Цар Калоян","place":"АРИФОВИЦА","area":5000.009379494,"cadreg":12,"pnum":"12"}},{"type":"Feature","geometry":{"type":"Polygon","coordinates":[[[24.710767,42.025953],[24.71107,42.025986],[24.711095,42.024587],[24.710791,42.024615],[24.710767,42.025953]]]},"properties":{"cadnum":"78207.12.13","purptype":"Земеделска","usetype":"Нискостъблена гора","proptype":"Частна","immaddr":"с. Цар Калоян","place":"АРИФОВИЦА","area":3814.0509080119,"cadreg":12,"pnum":"13"}},{"type":"Feature","geometry":{"type":"Polygon","coordinates":[[[24.711195,42.025999],[24.712162,42.025909],[24.71207,42.025696],[24.711984,42.025617],[24.711759,42.025479],[24.711748,42.025409],[24.711862,42.024624],[24.712038,42.024471],[24.711748,42.024472],[24.711095,42.024587],[24.71107,42.025986],[24.711195,42.025999]]]},"properties":{"cadnum":"78207.12.14","purptype":"Земеделска","usetype":"Нискостъблена гора","proptype":"Частна","immaddr":"с. Цар Калоян","place":"АРИФОВИЦА","area":10699.763850042,"cadreg":12,"pnum":"14"}},{"type":"Feature","geometry":{"type":"Polygon","coordinates":[[[24.709207,42.030257],[24.709638,42.03014],[24.709281,42.029622],[24.708852,42.029742],[24.709207,42.030257]]]},"properties":{"cadnum":"78207.12.15","purptype":"Земеделска","usetype":"Утаител","proptype":"Общинска частна","immaddr":"с. Цар Калоян","place":"АРИФОВИЦА","area":2428.7871620018,"cadreg":12,"pnum":"15"}},{"type":"Feature","geometry":{"type":"Polygon","coordinates":[[[24.708668,42.025835],[24.709225,42.026078],[24.709903,42.026093],[24.709707,42.025686],[24.709471,42.025758],[24.709119,42.025721],[24.708776,42.025624],[24.708668,42.025835]]]},"properties":{"cadnum":"78207.12.19","purptype":"Земеделска","usetype":"Нива","proptype":"Частна","immaddr":"с. Цар Калоян","place":"АРИФОВИЦА","area":3252.5955625167,"cadreg":12,"pnum":"19"}},{"type":"Feature","geometry":{"type":"Polygon","coordinates":[[[24.708631,42.026618],[24.708741,42.026744],[24.709103,42.026627],[24.709209,42.026359],[24.709225,42.026078],[24.708668,42.025835],[24.708663,42.025846],[24.70876,42.026192],[24.708631,42.026618]]]},"properties":{"cadnum":"78207.12.20","purptype":"Земеделска","usetype":"Нива","proptype":"Частна","immaddr":"с. Цар Калоян","place":"АРИФОВИЦА","area":3253.7045790168,"cadreg":12,"pnum":"20"}},{"type":"Feature","geometry":{"type":"Polygon","coordinates":[[[24.709135,42.030223],[24.709118,42.030145],[24.709109,42.030201],[24.709135,42.030223]]]},"properties":{"cadnum":"78207.12.23","purptype":"Територия на транспорта","usetype":"За селскостопански, горски, ведомствен път","proptype":"Частна обществени организации","immaddr":"с. Цар Калоян","place":"АРИФОВИЦА","area":6.7113885000272,"cadreg":12,"pnum":"23"}},{"type":"Feature","geometry":{"type":"Polygon","coordinates":[[[24.709313,42.03051],[24.709255,42.030449],[24.709288,42.030519],[24.709313,42.03051]]]},"properties":{"cadnum":"78207.12.24","purptype":"Територия на транспорта","usetype":"За селскостопански, горски, ведомствен път","proptype":"Частна обществени организации","immaddr":"с. Цар Калоян","place":"АРИФОВИЦА","area":10.605774998832,"cadreg":12,"pnum":"24"}},{"type":"Feature","geometry":{"type":"Polygon","coordinates":[[[24.70931,42.030431],[24.70937,42.030492],[24.709596,42.03067],[24.709717,42.030595],[24.709707,42.030587],[24.709634,42.030632],[24.709595,42.030634],[24.709521,42.030592],[24.709463,42.030548],[24.709424,42.030506],[24.709371,42.030423],[24.70932,42.03027],[24.709318,42.030227],[24.709207,42.030257],[24.70931,42.030431]]]},"properties":{"cadnum":"78207.12.25","purptype":"Територия на транспорта","usetype":"За селскостопански, горски, ведомствен път","proptype":"Частна обществени организации","immaddr":"с. Цар Калоян","place":"АРИФОВИЦА","area":247.78910849871,"cadreg":12,"pnum":"25"}},{"type":"Feature","geometry":{"type":"Polygon","coordinates":[[[24.708089,42.027027],[24.708146,42.027362],[24.70821,42.027537],[24.708205,42.027844],[24.708258,42.028166],[24.708319,42.028334],[24.708612,42.028719],[24.708618,42.028813],[24.708443,42.028881],[24.708456,42.02903],[24.708572,42.029274],[24.708403,42.029378],[24.708241,42.029653],[24.708284,42.029793],[24.708121,42.029743],[24.707944,42.029661],[24.707555,42.029403],[24.707447,42.029448],[24.707526,42.029619],[24.707745,42.029715],[24.707982,42.029842],[24.708237,42.029992],[24.708298,42.03015],[24.708335,42.030331],[24.708482,42.030476],[24.70867,42.030589],[24.708973,42.030631],[24.709288,42.030519],[24.709255,42.030449],[24.709149,42.030272],[24.709135,42.030223],[24.709109,42.030201],[24.709114,42.030121],[24.708852,42.029742],[24.709281,42.029622],[24.709638,42.03014],[24.709318,42.030227],[24.70932,42.03027],[24.709371,42.030423],[24.709424,42.030506],[24.709463,42.030548],[24.709521,42.030592],[24.709579,42.030627],[24.709614,42.030636],[24.709645,42.030627],[24.709707,42.030587],[24.709717,42.030595],[24.709885,42.030491],[24.710089,42.030402],[24.710276,42.0303],[24.710465,42.030221],[24.710747,42.030125],[24.710897,42.030052],[24.711065,42.029983],[24.711993,42.029698],[24.712433,42.029629],[24.712428,42.029544],[24.712244,42.029064],[24.712207,42.028919],[24.712197,42.028785],[24.712213,42.028699],[24.712271,42.028541],[24.712411,42.02835],[24.71257,42.028181],[24.712618,42.028106],[24.712647,42.028039],[24.712668,42.027947],[24.712608,42.027757],[24.712632,42.02771],[24.712514,42.027633],[24.712486,42.02741],[24.712475,42.027389],[24.712298,42.027234],[24.712122,42.027],[24.712107,42.02664],[24.712179,42.026201],[24.712179,42.025969],[24.712162,42.025909],[24.711195,42.025999],[24.710775,42.025954],[24.710547,42.025911],[24.710407,42.025793],[24.70995,42.025829],[24.709771,42.02582],[24.709903,42.026093],[24.709225,42.026078],[24.709209,42.026359],[24.709103,42.026627],[24.708741,42.026744],[24.708631,42.026618],[24.708584,42.026651],[24.708629,42.026696],[24.708391,42.026873],[24.708377,42.026967],[24.708697,42.026968],[24.709136,42.026871],[24.709628,42.026693],[24.709534,42.026566],[24.709879,42.026436],[24.709903,42.026722],[24.709284,42.027105],[24.708611,42.027265],[24.708089,42.027027]]]},"properties":{"cadnum":"78207.12.26","purptype":"Земеделска","usetype":"За друг вид застрояване","proptype":"Частна обществени организации","immaddr":"с. Цар Калоян","place":"АРИФОВИЦА","area":145399.74622446,"cadreg":12,"pnum":"26"}},{"type":"Feature","geometry":{"type":"Polygon","coordinates":[[[24.709543,42.030707],[24.709598,42.030675],[24.710123,42.030439],[24.710309,42.030338],[24.710492,42.030261],[24.710776,42.030164],[24.711079,42.030036],[24.711433,42.029917],[24.711801,42.029804],[24.712091,42.029726],[24.712495,42.029666],[24.712489,42.029537],[24.712366,42.029243],[24.712302,42.029051],[24.712267,42.028916],[24.712258,42.028786],[24.712292,42.028645],[24.712375,42.028497],[24.712467,42.028369],[24.71262,42.028207],[24.712675,42.028123],[24.712705,42.02805],[24.712729,42.027942],[24.712667,42.027746],[24.712674,42.027741],[24.712632,42.02771],[24.712608,42.027757],[24.712668,42.027947],[24.712647,42.028039],[24.712618,42.028106],[24.71257,42.028181],[24.712411,42.02835],[24.712271,42.028541],[24.712213,42.028699],[24.712197,42.028785],[24.712207,42.028919],[24.712244,42.029064],[24.712428,42.029544],[24.712433,42.029629],[24.711993,42.029698],[24.711065,42.029983],[24.710897,42.030052],[24.710747,42.030125],[24.710465,42.030221],[24.710276,42.0303],[24.710089,42.030402],[24.709885,42.030491],[24.709596,42.03067],[24.70937,42.030492],[24.70931,42.030431],[24.709207,42.030257],[24.709114,42.030121],[24.709135,42.030223],[24.709195,42.030288],[24.709255,42.030449],[24.709313,42.03051],[24.709543,42.030707]]]},"properties":{"cadnum":"78207.12.27","purptype":"Територия на транспорта","usetype":"За селскостопански, горски, ведомствен път","proptype":"Общинска частна","immaddr":"с. Цар Калоян","place":"АРИФОВИЦА","area":2736.4539959944,"cadreg":12,"pnum":"27"}},{"type":"Feature","geometry":{"type":"Polygon","coordinates":[[[24.709255,42.030449],[24.709195,42.030288],[24.709135,42.030223],[24.709149,42.030272],[24.709255,42.030449]]]},"properties":{"cadnum":"78207.12.28","purptype":"Земеделска","usetype":"Изоставена нива","proptype":"Общинска частна","immaddr":"с. Цар Калоян","place":"АРИФОВИЦА","area":39.483698000765,"cadreg":12,"pnum":"28"}},{"type":"Feature","geometry":{"type":"Polygon","coordinates":[[[24.700275,42.025126],[24.700352,42.025101],[24.700369,42.025109],[24.700538,42.025059],[24.700514,42.025019],[24.700689,42.024866],[24.700458,42.024783],[24.700388,42.024711],[24.700372,42.024648],[24.700373,42.024474],[24.700364,42.024456],[24.700332,42.024442],[24.700253,42.024257],[24.700196,42.023956],[24.699999,42.023974],[24.699702,42.024017],[24.699655,42.023881],[24.699653,42.023824],[24.699679,42.023762],[24.699788,42.023685],[24.699806,42.02366],[24.699818,42.023608],[24.699773,42.02358],[24.699552,42.023673],[24.699378,42.023737],[24.699237,42.023773],[24.699075,42.023666],[24.699004,42.023391],[24.698925,42.023421],[24.698448,42.023469],[24.698279,42.023494],[24.697823,42.023523],[24.697604,42.023653],[24.697644,42.023714],[24.697497,42.023761],[24.697316,42.023782],[24.697105,42.023834],[24.69719,42.024038],[24.697063,42.024104],[24.697093,42.024265],[24.697139,42.024323],[24.697304,42.024307],[24.697353,42.024385],[24.697583,42.024408],[24.697659,42.024393],[24.697988,42.024489],[24.698132,42.024501],[24.698115,42.024536],[24.698315,42.024714],[24.698444,42.024724],[24.698437,42.024787],[24.698605,42.024822],[24.698786,42.02488],[24.699206,42.024875],[24.699338,42.024834],[24.69956,42.024796],[24.699683,42.024827],[24.69967,42.024906],[24.699709,42.024901],[24.69972,42.024812],[24.699825,42.024788],[24.699948,42.024989],[24.700106,42.025055],[24.700243,42.025084],[24.700261,42.025095],[24.700275,42.025126]]]},"properties":{"cadnum":"78207.13.2","purptype":"Земеделска","usetype":"Друг вид земеделска земя","proptype":"Съсобственост","immaddr":"с. Цар Калоян","place":"БОРОВИК","area":31363.160261489,"cadreg":13,"pnum":"2"}},{"type":"Feature","geometry":{"type":"Polygon","coordinates":[[[24.692934,42.023839],[24.692986,42.023741],[24.693077,42.023665],[24.693205,42.023619],[24.693292,42.023629],[24.69334,42.023697],[24.693454,42.023788],[24.693621,42.023894],[24.694156,42.024173],[24.694897,42.024174],[24.695234,42.024078],[24.695407,42.024058],[24.695577,42.024118],[24.695715,42.024116],[24.69604,42.02423],[24.696172,42.024295],[24.696372,42.024356],[24.69654,42.024381],[24.696799,42.024442],[24.697612,42.024521],[24.698532,42.024899],[24.699595,42.02489],[24.700239,42.025199],[24.700574,42.025082],[24.700538,42.025059],[24.700369,42.025109],[24.700352,42.025101],[24.700275,42.025126],[24.700261,42.025095],[24.700243,42.025084],[24.700106,42.025055],[24.699948,42.024989],[24.699825,42.024788],[24.69972,42.024812],[24.699709,42.024901],[24.69967,42.024906],[24.699683,42.024827],[24.69956,42.024796],[24.699338,42.024834],[24.699206,42.024875],[24.698786,42.02488],[24.698732,42.024861],[24.698544,42.024863],[24.697635,42.02449],[24.696804,42.024402],[24.69655,42.024346],[24.696386,42.024321],[24.696195,42.024263],[24.696064,42.024198],[24.695726,42.02408],[24.695588,42.024082],[24.695414,42.02402],[24.695223,42.024043],[24.695006,42.024091],[24.694672,42.024135],[24.694479,42.024135],[24.694351,42.024146],[24.694184,42.024129],[24.694039,42.024043],[24.693806,42.02392],[24.693647,42.023863],[24.693487,42.023762],[24.693379,42.023676],[24.693323,42.023597],[24.693197,42.023582],[24.693006,42.02364],[24.692906,42.023718],[24.692934,42.023839]]]},"properties":{"cadnum":"78207.13.3","purptype":"Земеделска","usetype":"За селскостопански, горски, ведомствен път","proptype":"Общинска публична","immaddr":"с. Цар Калоян","place":"БОРОВИК","area":3491.2972229626,"cadreg":13,"pnum":"3"}},{"type":"Feature","geometry":{"type":"Polygon","coordinates":[[[24.692468,42.023485],[24.692338,42.023546],[24.692282,42.023595],[24.692219,42.023722],[24.69215,42.023783],[24.692016,42.023824],[24.691952,42.023813],[24.691919,42.02379],[24.691931,42.024006],[24.692023,42.024187],[24.69211,42.024252],[24.692228,42.024255],[24.69234,42.024249],[24.692473,42.024216],[24.692548,42.024163],[24.692655,42.02404],[24.692756,42.023894],[24.692906,42.023718],[24.692717,42.023426],[24.692468,42.023485]]]},"properties":{"cadnum":"78207.13.4","purptype":"Земеделска","usetype":"Друг вид недървопроизводителна горска площ","proptype":"Частна","immaddr":"с. Цар Калоян","place":"БОРОВИК","area":4552.3297664886,"cadreg":13,"pnum":"4"}},{"type":"Feature","geometry":{"type":"Polygon","coordinates":[[[24.703216,42.022812],[24.703442,42.022782],[24.703695,42.022712],[24.703884,42.022454],[24.703967,42.022293],[24.703853,42.02211],[24.703654,42.022236],[24.703518,42.022247],[24.703216,42.022812]]]},"properties":{"cadnum":"78207.13.6","purptype":"Територия, заета от води и водни обекти","usetype":"Водоем","proptype":"Държавна частна","immaddr":"с. Цар Калоян","place":"БОРОВИК","area":2394.4714479822,"cadreg":13,"pnum":"6"}},{"type":"Feature","geometry":{"type":"Polygon","coordinates":[[[24.704968,42.021397],[24.705247,42.021391],[24.705709,42.021437],[24.705865,42.021439],[24.706071,42.021398],[24.706289,42.021292],[24.706113,42.021282],[24.706024,42.021344],[24.705847,42.021382],[24.705724,42.021382],[24.705526,42.021363],[24.705236,42.02132],[24.70502,42.021328],[24.704867,42.021356],[24.704728,42.021419],[24.704679,42.021472],[24.704646,42.021565],[24.704618,42.021675],[24.704604,42.02178],[24.704603,42.021932],[24.70459,42.02199],[24.704539,42.022079],[24.704352,42.022257],[24.704184,42.022348],[24.703884,42.022454],[24.703695,42.022712],[24.704114,42.022595],[24.704079,42.022484],[24.704424,42.022299],[24.704639,42.022103],[24.704653,42.021982],[24.704719,42.021642],[24.704805,42.021466],[24.70488,42.021426],[24.704968,42.021397]]]},"properties":{"cadnum":"78207.13.9","purptype":"Територия на транспорта","usetype":"За местен път","proptype":"Общинска публична","immaddr":"с. Цар Калоян","place":"БОРОВИК","area":2438.2403419874,"cadreg":13,"pnum":"9"}},{"type":"Feature","geometry":{"type":"Polygon","coordinates":[[[24.703827,42.0213],[24.703753,42.021381],[24.703583,42.021636],[24.703784,42.021668],[24.703929,42.021438],[24.70388,42.021262],[24.703827,42.0213]]]},"properties":{"cadnum":"78207.13.11","purptype":"Територия на транспорта","usetype":"За друг поземлен имот за движение и транспорт","proptype":"Общинска частна","immaddr":"с. Цар Калоян","place":"БОРОВИК","area":623.02516400867,"cadreg":13,"pnum":"11"}},{"type":"Feature","geometry":{"type":"Polygon","coordinates":[[[24.704485,42.021303],[24.704567,42.02134],[24.704712,42.021436],[24.704728,42.021419],[24.704867,42.021356],[24.70502,42.021328],[24.705236,42.02132],[24.705526,42.021363],[24.705724,42.021382],[24.705847,42.021382],[24.706024,42.021344],[24.706113,42.021282],[24.705904,42.021273],[24.70456,42.021091],[24.704229,42.021129],[24.704395,42.021277],[24.704418,42.021315],[24.704485,42.021303]]]},"properties":{"cadnum":"78207.13.12","purptype":"Земеделска","usetype":"Ниско застрояване (до 10 m)","proptype":"Частна","immaddr":"с. Цар Калоян","place":"БОРОВИК","area":2784.3871470135,"cadreg":13,"pnum":"12"}},{"type":"Feature","geometry":{"type":"Polygon","coordinates":[[[24.704418,42.021315],[24.704337,42.021746],[24.704597,42.021959],[24.704618,42.021675],[24.704679,42.021472],[24.704712,42.021436],[24.704567,42.02134],[24.704485,42.021303],[24.704418,42.021315]]]},"properties":{"cadnum":"78207.13.13","purptype":"Земеделска","usetype":"Ниско застрояване (до 10 m)","proptype":"Частна","immaddr":"с. Цар Калоян","place":"БОРОВИК","area":1300.0328560024,"cadreg":13,"pnum":"13"}},{"type":"Feature","geometry":{"type":"Polygon","coordinates":[[[24.704166,42.022355],[24.704005,42.022098],[24.703874,42.022144],[24.703967,42.022293],[24.703884,42.022454],[24.704166,42.022355]]]},"properties":{"cadnum":"78207.13.19","purptype":"Земеделска","usetype":"Ниско застрояване (до 10 m)","proptype":"Частна","immaddr":"с. Цар Калоян","place":"БОРОВИК","area":470.29961799279,"cadreg":13,"pnum":"19"}},{"type":"Feature","geometry":{"type":"Polygon","coordinates":[[[24.704166,42.022355],[24.704287,42.022293],[24.704137,42.022053],[24.704005,42.022098],[24.704166,42.022355]]]},"properties":{"cadnum":"78207.13.20","purptype":"Земеделска","usetype":"Ниско застрояване (до 10 m)","proptype":"Частна","immaddr":"с. Цар Калоян","place":"БОРОВИК","area":366.86822199597,"cadreg":13,"pnum":"20"}},{"type":"Feature","geometry":{"type":"Polygon","coordinates":[[[24.703518,42.022247],[24.703654,42.022236],[24.703853,42.02211],[24.703874,42.022144],[24.704137,42.022053],[24.704287,42.022293],[24.704352,42.022257],[24.704539,42.022079],[24.70456,42.022049],[24.704243,42.021816],[24.703779,42.021678],[24.703518,42.022247]]]},"properties":{"cadnum":"78207.13.21","purptype":"Земеделска","usetype":"Ниско застрояване (до 10 m)","proptype":"Частна","immaddr":"с. Цар Калоян","place":"БОРОВИК","area":2954.1744655277,"cadreg":13,"pnum":"21"}},{"type":"Feature","geometry":{"type":"Polygon","coordinates":[[[24.704597,42.021959],[24.704337,42.021746],[24.704418,42.021315],[24.704395,42.021277],[24.704229,42.021129],[24.704155,42.021142],[24.704044,42.021179],[24.70388,42.021262],[24.703929,42.021438],[24.703779,42.021678],[24.704243,42.021816],[24.70456,42.022049],[24.704597,42.021959]]]},"properties":{"cadnum":"78207.13.22","purptype":"Земеделска","usetype":"Ниско застрояване (до 10 m)","proptype":"Частна","immaddr":"с. Цар Калоян","place":"БОРОВИК","area":3034.2416939758,"cadreg":13,"pnum":"22"}},{"type":"Feature","geometry":{"type":"Polygon","coordinates":[[[24.7007,42.023325],[24.700677,42.023498],[24.700698,42.023511],[24.700905,42.023327],[24.700727,42.023312],[24.7007,42.023325]]]},"properties":{"cadnum":"78207.13.25","purptype":"Земеделска","usetype":"Друг вид дървопроизводителна гора","proptype":"Общинска частна","immaddr":"с. Цар Калоян","place":"БОРОВИК","area":206.11496199844,"cadreg":13,"pnum":"25"}},{"type":"Feature","geometry":{"type":"Polygon","coordinates":[[[24.700727,42.023312],[24.700905,42.023327],[24.700954,42.023283],[24.700861,42.023218],[24.70081,42.023267],[24.700727,42.023312]]]},"properties":{"cadnum":"78207.13.26","purptype":"Земеделска","usetype":"Друг вид дървопроизводителна гора","proptype":"Общинска частна","immaddr":"с. Цар Калоян","place":"БОРОВИК","area":110.56533049779,"cadreg":13,"pnum":"26"}},{"type":"Feature","geometry":{"type":"Polygon","coordinates":[[[24.696866,42.024127],[24.696729,42.02386],[24.696625,42.023893],[24.696572,42.023937],[24.696553,42.023973],[24.696549,42.024008],[24.69662,42.024182],[24.696699,42.024174],[24.696866,42.024127]]]},"properties":{"cadnum":"78207.13.27","purptype":"Земеделска","usetype":"За земеделски труд и отдих (съгласно § 4 ПЗРЗСПЗЗ)","proptype":"Частна","immaddr":"с. Цар Калоян","place":"БОРОВИК","area":600.36510200868,"cadreg":13,"pnum":"27"}},{"type":"Feature","geometry":{"type":"Polygon","coordinates":[[[24.697093,42.023964],[24.697018,42.023822],[24.696753,42.023906],[24.696866,42.024127],[24.697044,42.024076],[24.697093,42.023964]]]},"properties":{"cadnum":"78207.13.28","purptype":"Земеделска","usetype":"За земеделски труд и отдих (съгласно § 4 ПЗРЗСПЗЗ)","proptype":"Частна","immaddr":"с. Цар Калоян","place":"БОРОВИК","area":600.0333975011,"cadreg":13,"pnum":"28"}},{"type":"Feature","geometry":{"type":"Polygon","coordinates":[[[24.697105,42.023834],[24.697714,42.023436],[24.697779,42.023394],[24.697635,42.023408],[24.697087,42.023747],[24.696729,42.02386],[24.696753,42.023906],[24.697018,42.023822],[24.697093,42.023964],[24.697044,42.024076],[24.696699,42.024174],[24.696713,42.024203],[24.697063,42.024104],[24.69719,42.024038],[24.697105,42.023834]]]},"properties":{"cadnum":"78207.13.29","purptype":"Земеделска","usetype":"За селскостопански, горски, ведомствен път","proptype":"Общинска публична","immaddr":"с. Цар Калоян","place":"БОРОВИК","area":989.79519097889,"cadreg":13,"pnum":"29"}},{"type":"Feature","geometry":{"type":"Polygon","coordinates":[[[24.697988,42.024489],[24.697659,42.024393],[24.697583,42.024408],[24.697353,42.024385],[24.697304,42.024307],[24.697139,42.024323],[24.697093,42.024265],[24.697063,42.024104],[24.696713,42.024203],[24.696699,42.024174],[24.69662,42.024182],[24.696549,42.024008],[24.696553,42.023973],[24.696572,42.023937],[24.696601,42.023909],[24.696625,42.023893],[24.697087,42.023747],[24.697566,42.02345],[24.696364,42.023564],[24.695885,42.023574],[24.69471,42.023657],[24.694119,42.023592],[24.693505,42.023384],[24.69308,42.023381],[24.692872,42.023396],[24.692717,42.023426],[24.692906,42.023718],[24.693006,42.02364],[24.693197,42.023582],[24.693323,42.023597],[24.693379,42.023676],[24.693487,42.023762],[24.693647,42.023863],[24.693806,42.02392],[24.694039,42.024043],[24.694184,42.024129],[24.694351,42.024146],[24.694479,42.024135],[24.694672,42.024135],[24.695006,42.024091],[24.695223,42.024043],[24.695414,42.02402],[24.695588,42.024082],[24.695726,42.02408],[24.696064,42.024198],[24.696195,42.024263],[24.696386,42.024321],[24.69655,42.024346],[24.696804,42.024402],[24.697635,42.02449],[24.698544,42.024863],[24.698732,42.024861],[24.698605,42.024822],[24.698437,42.024787],[24.698444,42.024724],[24.698315,42.024714],[24.698115,42.024536],[24.698132,42.024501],[24.697988,42.024489]]]},"properties":{"cadnum":"78207.13.30","purptype":"Земеделска","usetype":"Друг вид земеделска земя","proptype":"Общинска частна","immaddr":"с. Цар Калоян","place":"БОРОВИК","area":21002.798137511,"cadreg":13,"pnum":"30"}},{"type":"Feature","geometry":{"type":"Polygon","coordinates":[[[24.700618,42.024828],[24.700025,42.023384],[24.700235,42.02339],[24.700425,42.023381],[24.700607,42.023353],[24.700692,42.023328],[24.700761,42.023296],[24.70081,42.023267],[24.700861,42.023218],[24.700817,42.023188],[24.701289,42.022774],[24.701662,42.022778],[24.702115,42.022826],[24.70261,42.022853],[24.70282,42.022856],[24.703216,42.022812],[24.703518,42.022247],[24.703784,42.021668],[24.703583,42.021636],[24.703331,42.022012],[24.703215,42.022097],[24.703054,42.022187],[24.702821,42.022223],[24.702041,42.022186],[24.700915,42.022062],[24.700724,42.022076],[24.699294,42.022741],[24.698812,42.022955],[24.69812,42.023334],[24.697859,42.023423],[24.697714,42.023436],[24.697105,42.023834],[24.697316,42.023782],[24.697497,42.023761],[24.697644,42.023714],[24.697604,42.023653],[24.697823,42.023523],[24.698279,42.023494],[24.698448,42.023469],[24.698925,42.023421],[24.699004,42.023391],[24.699075,42.023666],[24.699237,42.023773],[24.699378,42.023737],[24.699552,42.023673],[24.699773,42.02358],[24.699818,42.023608],[24.699806,42.02366],[24.699788,42.023685],[24.699679,42.023762],[24.699653,42.023824],[24.699655,42.023881],[24.699702,42.024017],[24.699999,42.023974],[24.700196,42.023956],[24.700253,42.024257],[24.700332,42.024442],[24.700364,42.024456],[24.700373,42.024474],[24.700372,42.024648],[24.700388,42.024711],[24.700458,42.024783],[24.700612,42.024838],[24.700618,42.024828]]]},"properties":{"cadnum":"78207.13.31","purptype":"Земеделска","usetype":"Друг вид земеделска земя","proptype":"Общинска частна","immaddr":"с. Цар Калоян","place":"БОРОВИК","area":42516.608433442,"cadreg":13,"pnum":"31"}},{"type":"Feature","geometry":{"type":"Polygon","coordinates":[[[24.692016,42.023824],[24.69215,42.023783],[24.692219,42.023722],[24.692282,42.023595],[24.692338,42.023546],[24.692468,42.023485],[24.692751,42.023417],[24.692872,42.023396],[24.69308,42.023381],[24.693505,42.023384],[24.694119,42.023592],[24.69471,42.023657],[24.695885,42.023574],[24.696364,42.023564],[24.697566,42.02345],[24.697635,42.023408],[24.69636,42.023528],[24.695882,42.023538],[24.694711,42.02362],[24.694153,42.023564],[24.693518,42.02334],[24.693078,42.023336],[24.692862,42.023351],[24.692735,42.023374],[24.692442,42.023444],[24.692298,42.023511],[24.692229,42.023572],[24.692166,42.023699],[24.692108,42.02375],[24.692038,42.023791],[24.691989,42.023786],[24.691919,42.02379],[24.691952,42.023813],[24.692016,42.023824]]]},"properties":{"cadnum":"78207.13.32","purptype":"Земеделска","usetype":"Сипей","proptype":"Общинска частна","immaddr":"с. Цар Калоян","place":"БОРОВИК","area":2128.9916675473,"cadreg":13,"pnum":"32"}},{"type":"Feature","geometry":{"type":"Polygon","coordinates":[[[24.700724,42.022076],[24.700915,42.022062],[24.702041,42.022186],[24.702821,42.022223],[24.703054,42.022187],[24.703215,42.022097],[24.703055,42.022157],[24.702843,42.022197],[24.702071,42.022153],[24.700884,42.022017],[24.700741,42.022026],[24.699118,42.022784],[24.69878,42.022928],[24.698096,42.023303],[24.697846,42.023388],[24.697779,42.023394],[24.697714,42.023436],[24.697859,42.023423],[24.69812,42.023334],[24.698812,42.022955],[24.699294,42.022741],[24.700724,42.022076]]]},"properties":{"cadnum":"78207.13.33","purptype":"Земеделска","usetype":"Сипей","proptype":"Общинска частна","immaddr":"с. Цар Калоян","place":"БОРОВИК","area":1892.1021639737,"cadreg":13,"pnum":"33"}},{"type":"Feature","geometry":{"type":"Polygon","coordinates":[[[24.700538,42.025059],[24.700987,42.024875],[24.701033,42.024788],[24.701261,42.02454],[24.701303,42.024404],[24.7013,42.024294],[24.701208,42.023999],[24.701186,42.023885],[24.701039,42.023735],[24.700845,42.023646],[24.700671,42.023535],[24.700698,42.023511],[24.700677,42.023498],[24.7007,42.023325],[24.700607,42.023353],[24.700425,42.023381],[24.700235,42.02339],[24.700025,42.023384],[24.700618,42.024828],[24.700612,42.024838],[24.700689,42.024866],[24.700514,42.025019],[24.700538,42.025059]]]},"properties":{"cadnum":"78207.13.36","purptype":"Земеделска","usetype":"Друг вид дървопроизводителна гора","proptype":"Общинска частна","immaddr":"с. Цар Калоян","place":"БОРОВИК","area":10847.544924998,"cadreg":13,"pnum":"36"}},{"type":"Feature","geometry":{"type":"Polygon","coordinates":[[[24.700538,42.025059],[24.700574,42.025082],[24.700946,42.024953],[24.701043,42.024996],[24.7011,42.024812],[24.701329,42.024562],[24.701376,42.02441],[24.701373,42.024287],[24.701279,42.023986],[24.701186,42.023885],[24.701208,42.023999],[24.7013,42.024294],[24.701303,42.024404],[24.701261,42.02454],[24.701033,42.024788],[24.700987,42.024875],[24.700538,42.025059]]]},"properties":{"cadnum":"78207.13.37","purptype":"Земеделска","usetype":"За селскостопански, горски, ведомствен път","proptype":"Общинска публична","immaddr":"с. Цар Калоян","place":"БОРОВИК","area":963.93412849396,"cadreg":13,"pnum":"37"}},{"type":"Feature","geometry":{"type":"Polygon","coordinates":[[[24.701043,42.024996],[24.701193,42.024824],[24.701523,42.02469],[24.701783,42.024569],[24.701279,42.023986],[24.701373,42.024287],[24.701376,42.02441],[24.701329,42.024562],[24.7011,42.024812],[24.701043,42.024996]]]},"properties":{"cadnum":"78207.13.38","purptype":"Земеделска","usetype":"Друг вид дървопроизводителна гора","proptype":"Общинска частна","immaddr":"с. Цар Калоян","place":"БОРОВИК","area":1773.8770920005,"cadreg":13,"pnum":"38"}},{"type":"Feature","geometry":{"type":"Polygon","coordinates":[[[24.689878,42.024314],[24.690227,42.024246],[24.690345,42.024189],[24.69051,42.024185],[24.690368,42.023926],[24.690654,42.023573],[24.69073,42.023425],[24.690761,42.023292],[24.69093,42.023231],[24.691038,42.023162],[24.69106,42.023085],[24.691031,42.023036],[24.690974,42.022988],[24.690862,42.022929],[24.690799,42.022905],[24.69068,42.022912],[24.690505,42.02308],[24.690473,42.023236],[24.690305,42.023354],[24.6898,42.023553],[24.689845,42.023864],[24.689828,42.023995],[24.689878,42.024314]]]},"properties":{"cadnum":"78207.14.1","purptype":"Земеделска","usetype":"Друг вид недървопроизводителна горска площ","proptype":"Частна","immaddr":"с. Цар Калоян","place":"КАЗАНДЖИ ДЕРЕ","area":7147.285321983,"cadreg":14,"pnum":"1"}},{"type":"Feature","geometry":{"type":"Polygon","coordinates":[[[24.689852,42.023423],[24.689793,42.023497],[24.6898,42.023553],[24.690305,42.023354],[24.690473,42.023236],[24.690505,42.02308],[24.69068,42.022912],[24.690799,42.022905],[24.690862,42.022929],[24.690974,42.022988],[24.691031,42.023036],[24.69106,42.023085],[24.691038,42.023162],[24.69093,42.023231],[24.690761,42.023292],[24.69073,42.023425],[24.690654,42.023573],[24.690368,42.023926],[24.69051,42.024185],[24.690605,42.02419],[24.690675,42.024242],[24.690778,42.024291],[24.691025,42.024388],[24.691192,42.024396],[24.691354,42.024374],[24.691415,42.024216],[24.69211,42.024252],[24.692023,42.024187],[24.691931,42.024006],[24.691919,42.02379],[24.691829,42.023772],[24.691793,42.023753],[24.691704,42.02366],[24.691687,42.023584],[24.691698,42.023518],[24.691737,42.023407],[24.691788,42.023346],[24.691982,42.023149],[24.692169,42.02301],[24.691666,42.023088],[24.691619,42.022925],[24.691923,42.022597],[24.691819,42.022331],[24.691742,42.022229],[24.69176,42.02228],[24.691746,42.022381],[24.691671,42.022472],[24.691431,42.022618],[24.691339,42.022789],[24.691232,42.02282],[24.691086,42.022847],[24.690863,42.022829],[24.690677,42.022837],[24.690541,42.022873],[24.69049,42.022927],[24.690435,42.023006],[24.690381,42.023114],[24.690378,42.023184],[24.690319,42.023294],[24.690132,42.023308],[24.689852,42.023423]]]},"properties":{"cadnum":"78207.14.2","purptype":"Горска","usetype":"Друг вид дървопроизводителна гора","proptype":"Държавна частна","immaddr":"с. Цар Калоян","place":"КАЗАНДЖИ ДЕРЕ","area":18234.295483512,"cadreg":14,"pnum":"2"}},{"type":"Feature","geometry":{"type":"Polygon","coordinates":[[[24.692169,42.02301],[24.692265,42.022972],[24.692522,42.02293],[24.692291,42.022174],[24.691742,42.022229],[24.691819,42.022331],[24.691923,42.022597],[24.691619,42.022925],[24.691666,42.023088],[24.692169,42.02301]]]},"properties":{"cadnum":"78207.14.3","purptype":"Земеделска","usetype":"Друг вид недървопроизводителна горска площ","proptype":"Частна","immaddr":"с. Цар Калоян","place":"КАЗАНДЖИ ДЕРЕ","area":4727.9548414836,"cadreg":14,"pnum":"3"}},{"type":"Feature","geometry":{"type":"Polygon","coordinates":[[[24.692875,42.022829],[24.692856,42.022807],[24.693047,42.022716],[24.693074,42.022665],[24.693153,42.022643],[24.693193,42.022678],[24.693237,42.022677],[24.69329,42.022358],[24.692978,42.02208],[24.692291,42.022174],[24.692522,42.02293],[24.69274,42.022897],[24.692875,42.022829]]]},"properties":{"cadnum":"78207.14.4","purptype":"Земеделска","usetype":"Друг вид недървопроизводителна горска площ","proptype":"Частна","immaddr":"с. Цар Калоян","place":"КАЗАНДЖИ ДЕРЕ","area":5261.3478495239,"cadreg":14,"pnum":"4"}},{"type":"Feature","geometry":{"type":"Polygon","coordinates":[[[24.691742,42.022229],[24.692291,42.022174],[24.69211,42.021549],[24.691357,42.021677],[24.691361,42.02172],[24.69134,42.021918],[24.691534,42.022271],[24.691637,42.022259],[24.691742,42.022229]]]},"properties":{"cadnum":"78207.14.5","purptype":"Земеделска","usetype":"Друг вид недървопроизводителна горска площ","proptype":"Частна","immaddr":"с. Цар Калоян","place":"КАЗАНДЖИ ДЕРЕ","area":4606.7660215149,"cadreg":14,"pnum":"5"}},{"type":"Feature","geometry":{"type":"Polygon","coordinates":[[[24.691357,42.021677],[24.69211,42.021549],[24.69211,42.02132],[24.69199,42.020928],[24.69116,42.021062],[24.691171,42.021096],[24.691236,42.021173],[24.691255,42.021286],[24.691254,42.021411],[24.691297,42.021531],[24.691355,42.021652],[24.691357,42.021677]]]},"properties":{"cadnum":"78207.14.6","purptype":"Земеделска","usetype":"Друг вид недървопроизводителна горска площ","proptype":"Частна","immaddr":"с. Цар Калоян","place":"КАЗАНДЖИ ДЕРЕ","area":4789.7997439891,"cadreg":14,"pnum":"6"}},{"type":"Feature","geometry":{"type":"Polygon","coordinates":[[[24.691932,42.020128],[24.691596,42.020234],[24.691531,42.020674],[24.691193,42.020867],[24.691234,42.020956],[24.69116,42.021062],[24.69199,42.020928],[24.691936,42.020763],[24.691894,42.020536],[24.692028,42.020514],[24.691932,42.020128]]]},"properties":{"cadnum":"78207.14.7","purptype":"Земеделска","usetype":"Друг вид недървопроизводителна горска площ","proptype":"Частна","immaddr":"с. Цар Калоян","place":"КАЗАНДЖИ ДЕРЕ","area":3719.7485115008,"cadreg":14,"pnum":"7"}},{"type":"Feature","geometry":{"type":"Polygon","coordinates":[[[24.69528,42.021922],[24.695521,42.022041],[24.6958,42.022164],[24.696045,42.021844],[24.696535,42.021167],[24.695317,42.021177],[24.695573,42.021505],[24.695533,42.021601],[24.695409,42.021818],[24.69526,42.021875],[24.69528,42.021922]]]},"properties":{"cadnum":"78207.14.9","purptype":"Земеделска","usetype":"Друг вид недървопроизводителна горска площ","proptype":"Частна","immaddr":"с. Цар Калоян","place":"КАЗАНДЖИ ДЕРЕ","area":6414.5826349739,"cadreg":14,"pnum":"9"}},{"type":"Feature","geometry":{"type":"Polygon","coordinates":[[[24.695586,42.020917],[24.695426,42.02106],[24.695317,42.021177],[24.696535,42.021167],[24.696811,42.020785],[24.696618,42.020493],[24.696206,42.02052],[24.695614,42.020632],[24.695586,42.020917]]]},"properties":{"cadnum":"78207.14.10","purptype":"Земеделска","usetype":"Друг вид недървопроизводителна горска площ","proptype":"Частна","immaddr":"с. Цар Калоян","place":"КАЗАНДЖИ ДЕРЕ","area":6645.4794735316,"cadreg":14,"pnum":"10"}},{"type":"Feature","geometry":{"type":"Polygon","coordinates":[[[24.692238,42.020043],[24.692342,42.020339],[24.692503,42.020313],[24.692632,42.020315],[24.692348,42.020364],[24.692341,42.020437],[24.692664,42.020394],[24.692501,42.020566],[24.692241,42.020577],[24.692331,42.020697],[24.692563,42.02078],[24.692577,42.020957],[24.6926,42.020994],[24.692418,42.021084],[24.69251,42.021273],[24.692574,42.021308],[24.692646,42.02129],[24.69268,42.021204],[24.692712,42.02119],[24.692735,42.02117],[24.692867,42.02097],[24.692969,42.020891],[24.692992,42.020879],[24.693054,42.020867],[24.693299,42.020853],[24.693464,42.020853],[24.693564,42.020856],[24.69361,42.020868],[24.693632,42.020881],[24.693731,42.021002],[24.693803,42.021055],[24.693946,42.021296],[24.6938,42.021413],[24.693739,42.021296],[24.693526,42.021348],[24.693634,42.021525],[24.693387,42.02169],[24.693433,42.021721],[24.693617,42.021777],[24.693637,42.021826],[24.693798,42.021937],[24.693906,42.021892],[24.693946,42.021856],[24.693901,42.02163],[24.693731,42.021515],[24.694013,42.021341],[24.694194,42.021461],[24.694254,42.021334],[24.694129,42.021252],[24.694118,42.021203],[24.694041,42.021043],[24.69397,42.020988],[24.693916,42.020811],[24.694177,42.020702],[24.694259,42.020693],[24.694351,42.020827],[24.694523,42.02085],[24.694484,42.020967],[24.694408,42.020965],[24.694397,42.021051],[24.694317,42.021083],[24.694362,42.021137],[24.69471,42.02111],[24.694853,42.021253],[24.694906,42.021339],[24.695109,42.021351],[24.695146,42.021004],[24.695112,42.020844],[24.695088,42.020405],[24.695006,42.020296],[24.694934,42.020228],[24.694516,42.020046],[24.694448,42.020024],[24.694171,42.019843],[24.694089,42.019819],[24.693955,42.01991],[24.693763,42.01992],[24.693591,42.019995],[24.693441,42.020019],[24.693331,42.019961],[24.693046,42.019968],[24.69303,42.019882],[24.692823,42.019903],[24.692809,42.019842],[24.692669,42.019877],[24.692532,42.019884],[24.69239,42.019933],[24.692372,42.019951],[24.692371,42.019968],[24.692388,42.02],[24.692238,42.020043]]]},"properties":{"cadnum":"78207.14.11","purptype":"Земеделска","usetype":"Друг вид земеделска земя","proptype":"Съсобственост","immaddr":"с. Цар Калоян","place":"КАЗАНДЖИ ДЕРЕ","area":27768.139621,"cadreg":14,"pnum":"11"}},{"type":"Feature","geometry":{"type":"Polygon","coordinates":[[[24.690565,42.019966],[24.690648,42.020101],[24.69071,42.02024],[24.690797,42.020369],[24.690835,42.020529],[24.691276,42.019813],[24.691595,42.019749],[24.691418,42.020151],[24.691463,42.020645],[24.690981,42.02092],[24.691171,42.021096],[24.69116,42.021062],[24.691234,42.020956],[24.691193,42.020867],[24.691531,42.020674],[24.691596,42.020234],[24.691932,42.020128],[24.692028,42.020514],[24.691894,42.020536],[24.691936,42.020763],[24.69211,42.02132],[24.69211,42.021549],[24.692291,42.022174],[24.692978,42.02208],[24.69329,42.022358],[24.693237,42.022677],[24.693193,42.022678],[24.693153,42.022643],[24.693074,42.022665],[24.693047,42.022716],[24.692856,42.022807],[24.692875,42.022829],[24.69274,42.022897],[24.692809,42.022884],[24.692909,42.022834],[24.69289,42.022813],[24.693067,42.022728],[24.693093,42.022679],[24.693146,42.022664],[24.693182,42.022696],[24.693288,42.022695],[24.693371,42.022604],[24.69363,42.022612],[24.69361,42.022714],[24.693803,42.022751],[24.694124,42.022774],[24.694482,42.02278],[24.695418,42.022485],[24.695574,42.022411],[24.695694,42.022305],[24.695776,42.022197],[24.695615,42.022136],[24.695409,42.02208],[24.695374,42.022084],[24.695335,42.022095],[24.695509,42.022418],[24.694474,42.022749],[24.694098,42.022742],[24.694017,42.022202],[24.694062,42.022043],[24.694105,42.021555],[24.695062,42.021432],[24.695109,42.021351],[24.694906,42.021339],[24.694853,42.021253],[24.69471,42.02111],[24.694362,42.021137],[24.694317,42.021083],[24.694397,42.021051],[24.694408,42.020965],[24.694484,42.020967],[24.694523,42.02085],[24.694351,42.020827],[24.694259,42.020693],[24.694177,42.020702],[24.693916,42.020811],[24.69397,42.020988],[24.694041,42.021043],[24.694118,42.021203],[24.694129,42.021252],[24.694254,42.021334],[24.694194,42.021461],[24.694013,42.021341],[24.693731,42.021515],[24.693901,42.02163],[24.693946,42.021856],[24.693906,42.021892],[24.693798,42.021937],[24.693637,42.021826],[24.693617,42.021777],[24.693433,42.021721],[24.693387,42.02169],[24.693634,42.021525],[24.693526,42.021348],[24.693739,42.021296],[24.6938,42.021413],[24.693946,42.021296],[24.693803,42.021055],[24.693731,42.021002],[24.693632,42.020881],[24.69361,42.020868],[24.693564,42.020856],[24.693299,42.020853],[24.693155,42.020858],[24.692992,42.020879],[24.692867,42.02097],[24.692735,42.02117],[24.692712,42.02119],[24.69268,42.021204],[24.692646,42.02129],[24.692574,42.021308],[24.69251,42.021273],[24.692418,42.021084],[24.6926,42.020994],[24.692577,42.020957],[24.692563,42.02078],[24.692331,42.020697],[24.692241,42.020577],[24.692501,42.020566],[24.692664,42.020394],[24.692341,42.020437],[24.692348,42.020364],[24.692632,42.020315],[24.692503,42.020313],[24.692342,42.020339],[24.692238,42.020043],[24.692388,42.02],[24.692371,42.019968],[24.692372,42.019951],[24.69239,42.019933],[24.692422,42.019919],[24.692532,42.019884],[24.692669,42.019877],[24.692809,42.019842],[24.692823,42.019903],[24.69303,42.019882],[24.693046,42.019968],[24.693331,42.019961],[24.693441,42.020019],[24.693591,42.019995],[24.693763,42.01992],[24.693955,42.01991],[24.694089,42.019819],[24.693253,42.019416],[24.692726,42.019236],[24.692343,42.019009],[24.692001,42.018943],[24.691255,42.018731],[24.691031,42.01857],[24.691046,42.018535],[24.690983,42.018454],[24.690909,42.018286],[24.690887,42.018256],[24.690897,42.018343],[24.690891,42.018589],[24.690865,42.018741],[24.690828,42.018858],[24.69077,42.018955],[24.690724,42.019074],[24.690644,42.019344],[24.690627,42.019519],[24.690586,42.019687],[24.690506,42.019888],[24.690565,42.019966]]]},"properties":{"cadnum":"78207.14.21","purptype":"Горска","usetype":"Друг вид дървопроизводителна гора","proptype":"Държавна частна","immaddr":"с. Цар Калоян","place":"КАЗАНДЖИ ДЕРЕ","area":61485.994720466,"cadreg":14,"pnum":"21"}},{"type":"Feature","geometry":{"type":"Polygon","coordinates":[[[24.695228,42.021897],[24.695335,42.022095],[24.695409,42.02208],[24.695615,42.022136],[24.695776,42.022197],[24.6958,42.022164],[24.695521,42.022041],[24.69528,42.021922],[24.69526,42.021875],[24.695228,42.021897]]]},"properties":{"cadnum":"78207.14.22","purptype":"Горска","usetype":"За селскостопански, горски, ведомствен път","proptype":"Държавна частна","immaddr":"с. Цар Калоян","place":"КАЗАНДЖИ ДЕРЕ","area":371.22352649566,"cadreg":14,"pnum":"22"}},{"type":"Feature","geometry":{"type":"Polygon","coordinates":[[[24.695062,42.021432],[24.694105,42.021555],[24.694082,42.021844],[24.694345,42.02183],[24.694771,42.021879],[24.69527,42.021973],[24.695068,42.021579],[24.695062,42.021432]]]},"properties":{"cadnum":"78207.14.24","purptype":"Земеделска","usetype":"Друг вид земеделска земя","proptype":"Частна обществени организации","immaddr":"с. Цар Калоян","place":"КАЗАНДЖИ ДЕРЕ","area":3638.7605209879,"cadreg":14,"pnum":"24"}},{"type":"Feature","geometry":{"type":"Polygon","coordinates":[[[24.694474,42.022749],[24.694864,42.022624],[24.694697,42.022315],[24.694457,42.022433],[24.694062,42.0225],[24.694098,42.022742],[24.694474,42.022749]]]},"properties":{"cadnum":"78207.14.25","purptype":"Урбанизирана","usetype":"За друг вид застрояване","proptype":"Частна обществени организации","immaddr":"с. Цар Калоян","place":"КАЗАНДЖИ ДЕРЕ","area":2003.047043481,"cadreg":14,"pnum":"25"}},{"type":"Feature","geometry":{"type":"Polygon","coordinates":[[[24.695509,42.022418],[24.695335,42.022095],[24.695202,42.022097],[24.695046,42.022142],[24.694697,42.022315],[24.694864,42.022624],[24.695509,42.022418]]]},"properties":{"cadnum":"78207.14.26","purptype":"Урбанизирана","usetype":"За друг вид застрояване","proptype":"Частна обществени организации","immaddr":"с. Цар Калоян","place":"КАЗАНДЖИ ДЕРЕ","area":2382.4263990121,"cadreg":14,"pnum":"26"}},{"type":"Feature","geometry":{"type":"Polygon","coordinates":[[[24.694553,42.021854],[24.694498,42.022283],[24.694538,42.022328],[24.695013,42.022094],[24.695188,42.022043],[24.695242,42.022042],[24.695197,42.021959],[24.694771,42.021879],[24.694553,42.021854]]]},"properties":{"cadnum":"78207.14.27","purptype":"Урбанизирана","usetype":"За друг вид застрояване","proptype":"Частна обществени организации","immaddr":"с. Цар Калоян","place":"КАЗАНДЖИ ДЕРЕ","area":1721.411005982,"cadreg":14,"pnum":"27"}},{"type":"Feature","geometry":{"type":"Polygon","coordinates":[[[24.69402,42.022216],[24.694062,42.0225],[24.694457,42.022433],[24.694377,42.022343],[24.694498,42.022283],[24.694553,42.021854],[24.694345,42.02183],[24.694082,42.021844],[24.694062,42.022043],[24.69402,42.022216]]]},"properties":{"cadnum":"78207.14.28","purptype":"Урбанизирана","usetype":"За друг вид застрояване","proptype":"Частна обществени организации","immaddr":"с. Цар Калоян","place":"КАЗАНДЖИ ДЕРЕ","area":2593.6775920065,"cadreg":14,"pnum":"28"}},{"type":"Feature","geometry":{"type":"Polygon","coordinates":[[[24.695306,42.022041],[24.695188,42.022043],[24.695013,42.022094],[24.694538,42.022328],[24.694498,42.022283],[24.694377,42.022343],[24.694457,42.022433],[24.695046,42.022142],[24.695202,42.022097],[24.695335,42.022095],[24.695306,42.022041]]]},"properties":{"cadnum":"78207.14.29","purptype":"Урбанизирана","usetype":"За второстепенна улица","proptype":"Частна обществени организации","immaddr":"с. Цар Калоян","place":"КАЗАНДЖИ ДЕРЕ","area":575.72630450287,"cadreg":14,"pnum":"29"}},{"type":"Feature","geometry":{"type":"Polygon","coordinates":[[[24.69527,42.021973],[24.695197,42.021959],[24.695242,42.022042],[24.695306,42.022041],[24.69527,42.021973]]]},"properties":{"cadnum":"78207.14.30","purptype":"Урбанизирана","usetype":"За съоръжение на електропровод","proptype":"Частна обществени организации","immaddr":"с. Цар Калоян","place":"КАЗАНДЖИ ДЕРЕ","area":45.26637500018,"cadreg":14,"pnum":"30"}},{"type":"Feature","geometry":{"type":"Polygon","coordinates":[[[24.697515,42.022658],[24.697622,42.022819],[24.698701,42.022567],[24.698641,42.022444],[24.698648,42.022146],[24.698421,42.022133],[24.698368,42.02195],[24.698207,42.022085],[24.698025,42.022193],[24.697867,42.022384],[24.697898,42.022434],[24.697799,42.022485],[24.697726,42.022462],[24.697609,42.022457],[24.697515,42.022658]]]},"properties":{"cadnum":"78207.15.1","purptype":"Земеделска","usetype":"Друг вид недървопроизводителна горска площ","proptype":"Частна","immaddr":"с. Цар Калоян","place":"ХАНЪМ КАЙНАК","area":4752.9473434898,"cadreg":15,"pnum":"1"}},{"type":"Feature","geometry":{"type":"Polygon","coordinates":[[[24.697091,42.021894],[24.697219,42.022016],[24.697412,42.022122],[24.697474,42.022112],[24.697556,42.022069],[24.697791,42.021973],[24.697885,42.021904],[24.697987,42.02186],[24.69809,42.021804],[24.69788,42.021675],[24.697771,42.021628],[24.697601,42.021592],[24.697571,42.02168],[24.697401,42.021769],[24.697247,42.021818],[24.697169,42.021854],[24.697091,42.021894]]]},"properties":{"cadnum":"78207.15.2","purptype":"Земеделска","usetype":"Друг вид недървопроизводителна горска площ","proptype":"Частна","immaddr":"с. Цар Калоян","place":"ХАНЪМ КАЙНАК","area":2429.4494244843,"cadreg":15,"pnum":"2"}},{"type":"Feature","geometry":{"type":"Polygon","coordinates":[[[24.698941,42.021116],[24.698617,42.021141],[24.698565,42.021178],[24.698543,42.021217],[24.699166,42.021531],[24.699321,42.021546],[24.699341,42.021497],[24.69939,42.02144],[24.699512,42.02139],[24.699687,42.021379],[24.69993,42.021333],[24.699926,42.021295],[24.700083,42.021192],[24.699945,42.021193],[24.699892,42.02114],[24.69957,42.021041],[24.699379,42.021089],[24.69953,42.021251],[24.699636,42.021265],[24.699479,42.021344],[24.699161,42.021251],[24.698941,42.021116]]]},"properties":{"cadnum":"78207.15.3","purptype":"Земеделска","usetype":"Друг вид недървопроизводителна горска площ","proptype":"Частна","immaddr":"с. Цар Калоян","place":"ХАНЪМ КАЙНАК","area":3035.1462935118,"cadreg":15,"pnum":"3"}},{"type":"Feature","geometry":{"type":"Polygon","coordinates":[[[24.701887,42.020566],[24.701942,42.02022],[24.701506,42.020232],[24.701089,42.020468],[24.70132,42.020763],[24.701702,42.020757],[24.701807,42.020715],[24.701887,42.020566]]]},"properties":{"cadnum":"78207.15.4","purptype":"Земеделска","usetype":"Пасище","proptype":"Частна","immaddr":"с. Цар Калоян","place":"ХАНЪМ КАЙНАК","area":3106.3543830014,"cadreg":15,"pnum":"4"}},{"type":"Feature","geometry":{"type":"Polygon","coordinates":[[[24.698997,42.022235],[24.699039,42.022306],[24.699072,42.022326],[24.699474,42.022439],[24.699548,42.022451],[24.699942,42.022238],[24.700707,42.021884],[24.700796,42.021871],[24.700915,42.021873],[24.701191,42.021898],[24.70132,42.021918],[24.702592,42.022061],[24.702888,42.022068],[24.703021,42.022044],[24.70306,42.022028],[24.703139,42.022027],[24.703225,42.021947],[24.703636,42.021336],[24.703793,42.021184],[24.703938,42.021108],[24.704062,42.021055],[24.704188,42.021024],[24.704415,42.021006],[24.704577,42.021006],[24.705918,42.021188],[24.706442,42.021219],[24.706554,42.021255],[24.70682,42.021486],[24.706891,42.021531],[24.707033,42.021664],[24.707128,42.021726],[24.707268,42.021782],[24.707386,42.021808],[24.707618,42.021819],[24.707936,42.021773],[24.708454,42.02174],[24.708664,42.021718],[24.70883,42.021659],[24.708961,42.021545],[24.70905,42.021502],[24.70913,42.02145],[24.709367,42.021426],[24.709604,42.02138],[24.709645,42.021362],[24.709684,42.021277],[24.709685,42.021139],[24.709633,42.020971],[24.70963,42.020839],[24.709656,42.020746],[24.709682,42.020715],[24.709434,42.020587],[24.707845,42.020019],[24.707332,42.019234],[24.706738,42.018798],[24.706754,42.018378],[24.706659,42.01807],[24.706387,42.017699],[24.706358,42.017279],[24.70606,42.017171],[24.705375,42.016455],[24.705125,42.016459],[24.705127,42.01652],[24.704802,42.016565],[24.7049,42.016826],[24.704902,42.016932],[24.704829,42.01706],[24.704751,42.017036],[24.70472,42.017135],[24.704689,42.017131],[24.704692,42.01717],[24.704615,42.01743],[24.704775,42.01743],[24.704776,42.017449],[24.704832,42.017453],[24.704831,42.01751],[24.704898,42.017519],[24.704911,42.017459],[24.704953,42.017459],[24.704862,42.017618],[24.70483,42.017736],[24.704845,42.017891],[24.705053,42.018344],[24.705117,42.018461],[24.70515,42.018562],[24.705116,42.018708],[24.705085,42.01878],[24.704981,42.018967],[24.704897,42.019081],[24.70485,42.019122],[24.704737,42.01895],[24.704555,42.019052],[24.704494,42.01914],[24.703837,42.019206],[24.703595,42.019172],[24.70336,42.019286],[24.703224,42.019326],[24.703211,42.019303],[24.703159,42.019319],[24.703172,42.019349],[24.702783,42.019461],[24.702431,42.019695],[24.702156,42.019727],[24.70187,42.019777],[24.701816,42.020049],[24.702146,42.020016],[24.702231,42.020295],[24.702369,42.020323],[24.702211,42.020501],[24.702151,42.020498],[24.701997,42.02066],[24.701763,42.020786],[24.70202,42.020926],[24.702072,42.02101],[24.702108,42.02096],[24.70221,42.021003],[24.702109,42.021118],[24.70191,42.021275],[24.70178,42.021338],[24.70144,42.021456],[24.701294,42.021492],[24.701202,42.021503],[24.701083,42.021515],[24.70103,42.021508],[24.700888,42.021463],[24.700637,42.021336],[24.700568,42.021315],[24.700521,42.021291],[24.700298,42.021253],[24.700171,42.02126],[24.699949,42.021329],[24.699687,42.021379],[24.699512,42.02139],[24.69939,42.02144],[24.699341,42.021497],[24.699305,42.021585],[24.699308,42.021654],[24.699294,42.021688],[24.699095,42.021985],[24.699037,42.022088],[24.698997,42.022235]],[[24.703508,42.02135],[24.703373,42.0217],[24.703272,42.021719],[24.703202,42.021428],[24.703261,42.021358],[24.703508,42.02135]]]},"properties":{"cadnum":"78207.15.5","purptype":"Земеделска","usetype":"За вилна сграда","proptype":"Съсобственост","immaddr":"с. Цар Калоян","place":"ХАНЪМ КАЙНАК","area":192134.05708949,"cadreg":15,"pnum":"5"}},{"type":"Feature","geometry":{"type":"Polygon","coordinates":[[[24.703261,42.021358],[24.703202,42.021428],[24.703272,42.021719],[24.703373,42.0217],[24.703508,42.02135],[24.703261,42.021358]]]},"properties":{"cadnum":"78207.15.6","purptype":"Територия, заета от води и водни обекти","usetype":"Водоем","proptype":"Държавна частна","immaddr":"с. Цар Калоян","place":"ХАНЪМ КАЙНАК","area":662.79901600317,"cadreg":15,"pnum":"6"}},{"type":"Feature","geometry":{"type":"Polygon","coordinates":[[[24.691919,42.02379],[24.691989,42.023786],[24.692038,42.023791],[24.692108,42.02375],[24.692166,42.023699],[24.692229,42.023572],[24.692298,42.023511],[24.692442,42.023444],[24.692735,42.023374],[24.692862,42.023351],[24.693078,42.023336],[24.693518,42.02334],[24.694153,42.023564],[24.694711,42.02362],[24.695882,42.023538],[24.69636,42.023528],[24.697846,42.023388],[24.698096,42.023303],[24.69878,42.022928],[24.699118,42.022784],[24.700741,42.022026],[24.700884,42.022017],[24.702071,42.022153],[24.702843,42.022197],[24.703055,42.022157],[24.703215,42.022097],[24.703331,42.022012],[24.703753,42.021381],[24.703827,42.0213],[24.70388,42.021262],[24.704044,42.021179],[24.704155,42.021142],[24.704246,42.021125],[24.70456,42.021091],[24.705904,42.021273],[24.706382,42.021298],[24.706447,42.021314],[24.706636,42.021471],[24.706754,42.021544],[24.706956,42.021715],[24.707064,42.021786],[24.707141,42.021827],[24.707295,42.021873],[24.707524,42.021901],[24.707652,42.0219],[24.707966,42.021875],[24.708745,42.021795],[24.70887,42.021735],[24.709089,42.021594],[24.709321,42.021506],[24.709427,42.021501],[24.709594,42.021477],[24.709748,42.021431],[24.709811,42.021319],[24.709821,42.021225],[24.709788,42.021131],[24.709741,42.020884],[24.709737,42.020829],[24.709757,42.020754],[24.709682,42.020715],[24.709656,42.020746],[24.70963,42.020839],[24.709633,42.020971],[24.709685,42.021139],[24.709684,42.021277],[24.709645,42.021362],[24.709604,42.02138],[24.709367,42.021426],[24.70913,42.02145],[24.70905,42.021502],[24.708961,42.021545],[24.70883,42.021659],[24.708664,42.021718],[24.708454,42.02174],[24.707936,42.021773],[24.707618,42.021819],[24.707386,42.021808],[24.707268,42.021782],[24.707128,42.021726],[24.707033,42.021664],[24.706891,42.021531],[24.70682,42.021486],[24.706554,42.021255],[24.706442,42.021219],[24.705918,42.021188],[24.704577,42.021006],[24.704415,42.021006],[24.704188,42.021024],[24.704062,42.021055],[24.703938,42.021108],[24.703793,42.021184],[24.703636,42.021336],[24.703225,42.021947],[24.703139,42.022027],[24.70306,42.022028],[24.703021,42.022044],[24.702888,42.022068],[24.702592,42.022061],[24.70132,42.021918],[24.701191,42.021898],[24.700915,42.021873],[24.700796,42.021871],[24.700707,42.021884],[24.699942,42.022238],[24.699595,42.022422],[24.699599,42.022427],[24.698986,42.022735],[24.698594,42.022835],[24.698597,42.022842],[24.697916,42.023197],[24.697736,42.023248],[24.697238,42.023326],[24.696249,42.02341],[24.695872,42.023416],[24.694793,42.023493],[24.694479,42.023478],[24.694108,42.023397],[24.693571,42.023214],[24.693278,42.02319],[24.692723,42.023255],[24.692393,42.023366],[24.69222,42.023448],[24.692139,42.02352],[24.692065,42.023655],[24.692028,42.023688],[24.691983,42.023714],[24.69193,42.023722],[24.691871,42.023707],[24.691838,42.023681],[24.69184,42.023571],[24.691876,42.023454],[24.691997,42.023322],[24.692167,42.023165],[24.692254,42.023106],[24.69232,42.023078],[24.692819,42.02299],[24.693129,42.022874],[24.693276,42.022837],[24.693568,42.022831],[24.693925,42.022874],[24.6942,42.022882],[24.694392,42.022877],[24.694517,42.022866],[24.694624,42.02284],[24.695314,42.02262],[24.69557,42.022518],[24.695652,42.022474],[24.695787,42.022355],[24.695851,42.022275],[24.696642,42.021219],[24.696894,42.020851],[24.697328,42.020279],[24.697374,42.020248],[24.697471,42.020208],[24.698813,42.019754],[24.698993,42.01968],[24.699558,42.019393],[24.699926,42.019243],[24.700383,42.019033],[24.701286,42.018576],[24.701522,42.018427],[24.701626,42.018311],[24.701677,42.018164],[24.7017,42.017716],[24.701712,42.017688],[24.701747,42.017682],[24.701827,42.017727],[24.702031,42.017865],[24.702137,42.017914],[24.702274,42.01794],[24.702416,42.017957],[24.702558,42.017941],[24.7027,42.017871],[24.702802,42.017736],[24.70282,42.017666],[24.702794,42.017569],[24.702717,42.01737],[24.702668,42.01729],[24.702652,42.017193],[24.702714,42.017078],[24.703007,42.016605],[24.703016,42.016527],[24.703011,42.016424],[24.702824,42.016132],[24.702636,42.015816],[24.702629,42.015768],[24.702647,42.015713],[24.70273,42.015549],[24.702743,42.015407],[24.702607,42.015218],[24.702519,42.015062],[24.702483,42.01494],[24.7025,42.014885],[24.702546,42.014839],[24.703224,42.014599],[24.703612,42.014431],[24.703713,42.01432],[24.703764,42.014167],[24.703779,42.013786],[24.703771,42.013514],[24.703718,42.013211],[24.703682,42.012849],[24.703707,42.012678],[24.703821,42.012393],[24.70392,42.012223],[24.704084,42.012047],[24.704194,42.011989],[24.704359,42.011922],[24.704306,42.011832],[24.704019,42.011999],[24.703789,42.012219],[24.703605,42.012562],[24.703575,42.012748],[24.703571,42.012927],[24.703587,42.013106],[24.703633,42.013331],[24.70367,42.013725],[24.703614,42.014222],[24.703533,42.014346],[24.702508,42.014765],[24.702435,42.014809],[24.7024,42.014868],[24.702387,42.014998],[24.70242,42.01508],[24.702582,42.015334],[24.702641,42.015451],[24.702543,42.015692],[24.702534,42.015755],[24.702542,42.015804],[24.702622,42.015974],[24.702741,42.01616],[24.702828,42.016316],[24.702923,42.016532],[24.702901,42.016601],[24.702556,42.017126],[24.702551,42.017242],[24.702667,42.01752],[24.7027,42.017626],[24.702709,42.017702],[24.70263,42.017797],[24.702564,42.017852],[24.702521,42.017861],[24.702395,42.017876],[24.702253,42.017852],[24.702104,42.017801],[24.701783,42.017618],[24.701692,42.017607],[24.701615,42.017616],[24.701583,42.017664],[24.701574,42.017731],[24.701582,42.018144],[24.701511,42.018302],[24.701392,42.018417],[24.700941,42.018659],[24.700352,42.018947],[24.700095,42.019063],[24.699544,42.019288],[24.699367,42.019391],[24.698976,42.019582],[24.697461,42.020118],[24.697278,42.020195],[24.697215,42.020244],[24.697168,42.020293],[24.696045,42.021844],[24.695752,42.022232],[24.695694,42.022305],[24.695574,42.022411],[24.695418,42.022485],[24.694482,42.02278],[24.694124,42.022774],[24.693803,42.022751],[24.69361,42.022714],[24.69363,42.022612],[24.693371,42.022604],[24.693288,42.022695],[24.693182,42.022696],[24.693146,42.022664],[24.693093,42.022679],[24.693067,42.022728],[24.69289,42.022813],[24.692909,42.022834],[24.692809,42.022884],[24.692265,42.022972],[24.692174,42.023005],[24.691982,42.023149],[24.691788,42.023346],[24.691737,42.023407],[24.691718,42.023454],[24.691687,42.023584],[24.691704,42.02366],[24.691793,42.023753],[24.691829,42.023772],[24.691919,42.02379]]]},"properties":{"cadnum":"78207.15.7","purptype":"Територия на транспорта","usetype":"За местен път","proptype":"Общинска публична","immaddr":"с. Цар Калоян","place":"ХАНЪМ КАЙНАК","area":41923.84936186,"cadreg":15,"pnum":"7"}},{"type":"Feature","geometry":{"type":"Polygon","coordinates":[[[24.703258,42.019316],[24.702672,42.017885],[24.702558,42.017941],[24.702416,42.017957],[24.702274,42.01794],[24.702137,42.017914],[24.702031,42.017865],[24.701827,42.017727],[24.701747,42.017682],[24.701712,42.017688],[24.7017,42.017716],[24.701677,42.018164],[24.701626,42.018311],[24.701522,42.018427],[24.701286,42.018576],[24.700383,42.019033],[24.699926,42.019243],[24.69957,42.019388],[24.699941,42.020092],[24.699892,42.020452],[24.699983,42.020639],[24.700171,42.020825],[24.700119,42.021086],[24.700207,42.021256],[24.700298,42.021253],[24.700521,42.021291],[24.700568,42.021315],[24.700637,42.021336],[24.700888,42.021463],[24.70103,42.021508],[24.701083,42.021515],[24.701294,42.021492],[24.70144,42.021456],[24.701709,42.021367],[24.70191,42.021275],[24.702109,42.021118],[24.70221,42.021003],[24.702108,42.02096],[24.702072,42.02101],[24.70202,42.020926],[24.701763,42.020786],[24.701997,42.02066],[24.702151,42.020498],[24.702211,42.020501],[24.702369,42.020323],[24.702231,42.020295],[24.702146,42.020016],[24.701816,42.020049],[24.70187,42.019777],[24.702156,42.019727],[24.702431,42.019695],[24.702783,42.019461],[24.703172,42.019349],[24.703159,42.019319],[24.703211,42.019303],[24.703224,42.019326],[24.703258,42.019316]],[[24.701887,42.020566],[24.701807,42.020715],[24.701702,42.020757],[24.70132,42.020763],[24.701089,42.020468],[24.701506,42.020232],[24.701942,42.02022],[24.701887,42.020566]]]},"properties":{"cadnum":"78207.15.11","purptype":"Горска","usetype":"Друг вид дървопроизводителна гора","proptype":"Частна","immaddr":"с. Цар Калоян","place":"ХАНЪМ КАЙНАК","area":64998.840928476,"cadreg":15,"pnum":"11"}},{"type":"Feature","geometry":{"type":"Polygon","coordinates":[[[24.705375,42.016455],[24.705171,42.015686],[24.70504,42.015572],[24.704889,42.014917],[24.705312,42.014118],[24.704919,42.013461],[24.704894,42.013027],[24.704429,42.012555],[24.704406,42.012286],[24.704359,42.011922],[24.704194,42.011989],[24.704084,42.012047],[24.70392,42.012223],[24.703821,42.012393],[24.703707,42.012678],[24.703682,42.012849],[24.703718,42.013211],[24.703771,42.013514],[24.703779,42.013786],[24.703764,42.014167],[24.703713,42.01432],[24.703612,42.014431],[24.703224,42.014599],[24.702546,42.014839],[24.7025,42.014885],[24.702483,42.01494],[24.702519,42.015062],[24.702607,42.015218],[24.702743,42.015407],[24.70273,42.015549],[24.702647,42.015713],[24.702629,42.015768],[24.702636,42.015816],[24.702824,42.016132],[24.703011,42.016424],[24.703016,42.016527],[24.703007,42.016605],[24.702714,42.017078],[24.702652,42.017193],[24.702668,42.01729],[24.702717,42.01737],[24.702794,42.017569],[24.70282,42.017666],[24.702802,42.017736],[24.7027,42.017871],[24.702672,42.017885],[24.703258,42.019316],[24.70336,42.019286],[24.703595,42.019172],[24.703837,42.019206],[24.704494,42.01914],[24.704555,42.019052],[24.704737,42.01895],[24.70485,42.019122],[24.704934,42.019036],[24.705023,42.018896],[24.705085,42.01878],[24.705116,42.018708],[24.70515,42.018562],[24.705117,42.018461],[24.705053,42.018344],[24.704845,42.017891],[24.70483,42.017736],[24.704862,42.017618],[24.704953,42.017459],[24.704911,42.017459],[24.704898,42.017519],[24.704831,42.01751],[24.704832,42.017453],[24.704776,42.017449],[24.704775,42.01743],[24.704615,42.01743],[24.704692,42.01717],[24.704689,42.017131],[24.70472,42.017135],[24.704751,42.017036],[24.704829,42.01706],[24.704902,42.016932],[24.7049,42.016826],[24.704802,42.016565],[24.705127,42.01652],[24.705125,42.016459],[24.705375,42.016455]]]},"properties":{"cadnum":"78207.15.12","purptype":"Горска","usetype":"Друг вид дървопроизводителна гора","proptype":"Държавна частна","immaddr":"с. Цар Калоян","place":"ХАНЪМ КАЙНАК","area":118070.12365949,"cadreg":15,"pnum":"12"}},{"type":"Feature","geometry":{"type":"Polygon","coordinates":[[[24.698282,42.020866],[24.697236,42.0204],[24.696894,42.020851],[24.696642,42.021219],[24.695901,42.022211],[24.695787,42.022355],[24.695652,42.022474],[24.69557,42.022518],[24.695314,42.02262],[24.694624,42.02284],[24.694517,42.022866],[24.694392,42.022877],[24.6942,42.022882],[24.693925,42.022874],[24.693568,42.022831],[24.693276,42.022837],[24.693129,42.022874],[24.692819,42.02299],[24.69232,42.023078],[24.692254,42.023106],[24.692167,42.023165],[24.691997,42.023322],[24.691876,42.023454],[24.69184,42.023571],[24.691838,42.023681],[24.691871,42.023707],[24.69193,42.023722],[24.691983,42.023714],[24.692028,42.023688],[24.692065,42.023655],[24.692139,42.02352],[24.69222,42.023448],[24.692393,42.023366],[24.692723,42.023255],[24.693278,42.02319],[24.693571,42.023214],[24.694108,42.023397],[24.694479,42.023478],[24.694793,42.023493],[24.695872,42.023416],[24.696249,42.02341],[24.697238,42.023326],[24.697736,42.023248],[24.697916,42.023197],[24.698219,42.023039],[24.697737,42.022984],[24.697515,42.022658],[24.697609,42.022457],[24.697726,42.022462],[24.697799,42.022485],[24.697898,42.022434],[24.697867,42.022384],[24.698025,42.022193],[24.698207,42.022085],[24.698368,42.02195],[24.698421,42.022133],[24.698648,42.022146],[24.698641,42.022444],[24.698701,42.022567],[24.698997,42.022235],[24.699037,42.022088],[24.699095,42.021985],[24.699294,42.021688],[24.699308,42.021654],[24.699305,42.021585],[24.699321,42.021546],[24.699166,42.021531],[24.698543,42.021217],[24.698565,42.021178],[24.698617,42.021141],[24.6989,42.021119],[24.698282,42.020866]],[[24.697091,42.021894],[24.697247,42.021818],[24.697401,42.021769],[24.697571,42.02168],[24.697601,42.021592],[24.697771,42.021628],[24.69788,42.021675],[24.69809,42.021804],[24.697987,42.02186],[24.697885,42.021904],[24.697791,42.021973],[24.697556,42.022069],[24.697474,42.022112],[24.697412,42.022122],[24.697219,42.022016],[24.697091,42.021894]]]},"properties":{"cadnum":"78207.15.13","purptype":"Горска","usetype":"Друг вид дървопроизводителна гора","proptype":"Държавна частна","immaddr":"с. Цар Калоян","place":"ХАНЪМ КАЙНАК","area":71746.469473483,"cadreg":15,"pnum":"13"}},{"type":"Feature","geometry":{"type":"Polygon","coordinates":[[[24.699542,42.022451],[24.699474,42.022439],[24.699072,42.022326],[24.699039,42.022306],[24.698997,42.022235],[24.698701,42.022567],[24.697622,42.022819],[24.697737,42.022984],[24.698219,42.023039],[24.698597,42.022842],[24.698594,42.022835],[24.698986,42.022735],[24.699542,42.022451]]]},"properties":{"cadnum":"78207.15.14","purptype":"Горска","usetype":"Друг вид дървопроизводителна гора","proptype":"Частна","immaddr":"с. Цар Калоян","place":"ХАНЪМ КАЙНАК","area":4690.0665395566,"cadreg":15,"pnum":"14"}},{"type":"Feature","geometry":{"type":"Polygon","coordinates":[[[24.691338,42.01854],[24.691468,42.018318],[24.691498,42.01821],[24.69148,42.018013],[24.691509,42.017829],[24.691628,42.017485],[24.691632,42.017351],[24.691712,42.017172],[24.69179,42.017075],[24.691869,42.016994],[24.691882,42.016925],[24.691818,42.016772],[24.691795,42.016563],[24.691765,42.016452],[24.691755,42.01632],[24.691773,42.016205],[24.691834,42.016005],[24.691925,42.015779],[24.691968,42.015578],[24.69197,42.015434],[24.691986,42.015305],[24.691934,42.014732],[24.691952,42.014576],[24.691975,42.014462],[24.691987,42.014246],[24.692034,42.01387],[24.692133,42.013506],[24.69233,42.013223],[24.692475,42.013103],[24.692124,42.013245],[24.691799,42.013421],[24.691531,42.0136],[24.691169,42.013819],[24.691038,42.014149],[24.69101,42.014557],[24.691095,42.01495],[24.69099,42.01523],[24.690812,42.015521],[24.690853,42.015696],[24.690808,42.015886],[24.690836,42.016238],[24.690905,42.016561],[24.690888,42.016634],[24.6908,42.017687],[24.690887,42.018256],[24.690909,42.018286],[24.690983,42.018454],[24.69107,42.018565],[24.691159,42.018646],[24.691269,42.018611],[24.691338,42.01854]],[[24.691117,42.015488],[24.691155,42.015582],[24.691371,42.015753],[24.691428,42.016041],[24.691452,42.016344],[24.691364,42.016408],[24.691099,42.016539],[24.69097,42.016423],[24.690909,42.01627],[24.690874,42.01602],[24.69087,42.015694],[24.69092,42.015541],[24.690949,42.015516],[24.691117,42.015488]]]},"properties":{"cadnum":"78207.16.1","purptype":"Горска","usetype":"Друг вид дървопроизводителна гора","proptype":"Държавна частна","immaddr":"с. Цар Калоян","place":"ШИРОКАТА КЕЛЕМИЯ","area":37112.092095504,"cadreg":16,"pnum":"1"}},{"type":"Feature","geometry":{"type":"Polygon","coordinates":[[[24.690949,42.015516],[24.69092,42.015541],[24.69087,42.015694],[24.690874,42.01602],[24.690909,42.01627],[24.69097,42.016423],[24.691099,42.016539],[24.691364,42.016408],[24.691452,42.016344],[24.691428,42.016041],[24.691371,42.015753],[24.691155,42.015582],[24.691117,42.015488],[24.690949,42.015516]]]},"properties":{"cadnum":"78207.16.2","purptype":"Горска","usetype":"Друг вид недървопроизводителна горска площ","proptype":"Държавна частна","immaddr":"с. Цар Калоян","place":"ШИРОКАТА КЕЛЕМИЯ","area":4173.187614007,"cadreg":16,"pnum":"2"}},{"type":"Feature","geometry":{"type":"Polygon","coordinates":[[[24.691338,42.01854],[24.691667,42.018251],[24.691706,42.018057],[24.691778,42.017935],[24.691859,42.017837],[24.69198,42.017738],[24.692193,42.017612],[24.69249,42.01748],[24.692532,42.017425],[24.692758,42.017203],[24.692772,42.017143],[24.692765,42.01706],[24.69273,42.016985],[24.692661,42.016907],[24.692582,42.016837],[24.69251,42.01675],[24.692451,42.016662],[24.692375,42.016481],[24.69241,42.01642],[24.692499,42.016365],[24.692697,42.016198],[24.69279,42.016138],[24.692896,42.016134],[24.693038,42.016091],[24.693141,42.016024],[24.693214,42.015934],[24.693347,42.015826],[24.693471,42.015761],[24.693571,42.015731],[24.693622,42.015661],[24.693627,42.015611],[24.693657,42.015546],[24.693639,42.015491],[24.693637,42.015426],[24.693931,42.015291],[24.694021,42.015234],[24.694126,42.015145],[24.694166,42.015068],[24.694218,42.014994],[24.694242,42.014904],[24.694321,42.014751],[24.694394,42.014518],[24.694519,42.014426],[24.694633,42.014326],[24.694721,42.014154],[24.69475,42.014066],[24.6948,42.013961],[24.69486,42.013777],[24.694889,42.013568],[24.694888,42.013453],[24.694923,42.013253],[24.69496,42.013122],[24.695017,42.013023],[24.695051,42.012884],[24.695247,42.012568],[24.695471,42.012243],[24.695503,42.012126],[24.69549,42.011993],[24.695521,42.011845],[24.695697,42.011622],[24.695828,42.011523],[24.695841,42.011316],[24.695945,42.011088],[24.69596,42.010879],[24.695845,42.011057],[24.695687,42.011193],[24.695437,42.011347],[24.69523,42.011524],[24.695118,42.011663],[24.695026,42.011806],[24.694906,42.011941],[24.69478,42.012106],[24.694657,42.012222],[24.694285,42.012429],[24.694107,42.012508],[24.693695,42.012657],[24.693396,42.012776],[24.693132,42.012916],[24.692534,42.013078],[24.692475,42.013103],[24.69233,42.013223],[24.692133,42.013506],[24.692034,42.01387],[24.691987,42.014246],[24.691975,42.014462],[24.691952,42.014576],[24.691934,42.014732],[24.691986,42.015305],[24.69197,42.015434],[24.691968,42.015578],[24.691925,42.015779],[24.691834,42.016005],[24.691773,42.016205],[24.691755,42.01632],[24.691765,42.016452],[24.691795,42.016563],[24.691818,42.016772],[24.691882,42.016925],[24.691869,42.016994],[24.69179,42.017075],[24.691712,42.017172],[24.691632,42.017351],[24.691628,42.017485],[24.691509,42.017829],[24.69148,42.018013],[24.691498,42.01821],[24.691468,42.018318],[24.691338,42.01854]],[[24.693802,42.012787],[24.694269,42.012635],[24.694427,42.012566],[24.694548,42.012581],[24.694599,42.012602],[24.694746,42.01252],[24.694858,42.012481],[24.694787,42.012647],[24.694732,42.012694],[24.69462,42.012734],[24.694511,42.012823],[24.694392,42.013028],[24.694217,42.013366],[24.694119,42.013486],[24.694032,42.013534],[24.693974,42.013532],[24.6939,42.013481],[24.693842,42.013469],[24.693764,42.013539],[24.693701,42.013632],[24.693666,42.013712],[24.69358,42.013821],[24.69349,42.013844],[24.693338,42.013809],[24.693228,42.013754],[24.693193,42.013692],[24.6932,42.013622],[24.693226,42.013568],[24.693241,42.013495],[24.693174,42.013438],[24.693149,42.013392],[24.693151,42.013322],[24.693177,42.013187],[24.693465,42.012895],[24.693676,42.012803],[24.693802,42.012787]]]},"properties":{"cadnum":"78207.16.3","purptype":"Горска","usetype":"Друг вид дървопроизводителна гора","proptype":"Държавна публична","immaddr":"с. Цар Калоян","place":"ШИРОКАТА КЕЛЕМИЯ","area":84811.12451096,"cadreg":16,"pnum":"3"}},{"type":"Feature","geometry":{"type":"Polygon","coordinates":[[[24.694269,42.012635],[24.693802,42.012787],[24.693676,42.012803],[24.693465,42.012895],[24.693177,42.013187],[24.693151,42.013322],[24.693149,42.013392],[24.693174,42.013438],[24.693241,42.013495],[24.693226,42.013568],[24.6932,42.013622],[24.693193,42.013692],[24.693228,42.013754],[24.693338,42.013809],[24.69349,42.013844],[24.69358,42.013821],[24.693666,42.013712],[24.693701,42.013632],[24.693764,42.013539],[24.693842,42.013469],[24.6939,42.013481],[24.693974,42.013532],[24.694032,42.013534],[24.694119,42.013486],[24.694217,42.013366],[24.694392,42.013028],[24.694511,42.012823],[24.69462,42.012734],[24.694732,42.012694],[24.694787,42.012647],[24.694858,42.012481],[24.694746,42.01252],[24.694599,42.012602],[24.694548,42.012581],[24.694427,42.012566],[24.694269,42.012635]]]},"properties":{"cadnum":"78207.16.4","purptype":"Земеделска","usetype":"Друг вид недървопроизводителна горска площ","proptype":"Частна","immaddr":"с. Цар Калоян","place":"ШИРОКАТА КЕЛЕМИЯ","area":9423.8580720092,"cadreg":16,"pnum":"4"}},{"type":"Feature","geometry":{"type":"Polygon","coordinates":[[[24.694409,42.014508],[24.694394,42.014518],[24.694321,42.014751],[24.694242,42.014904],[24.694218,42.014994],[24.694166,42.015068],[24.694126,42.015145],[24.694021,42.015234],[24.693931,42.015291],[24.693637,42.015426],[24.693639,42.015491],[24.693657,42.015546],[24.693627,42.015611],[24.693622,42.015661],[24.693571,42.015731],[24.693471,42.015761],[24.693347,42.015826],[24.693214,42.015934],[24.693141,42.016024],[24.693038,42.016091],[24.692896,42.016134],[24.69279,42.016138],[24.692697,42.016198],[24.692499,42.016365],[24.69241,42.01642],[24.692375,42.016481],[24.692451,42.016662],[24.692534,42.016779],[24.692844,42.01652],[24.69313,42.01638],[24.69339,42.016178],[24.693587,42.015905],[24.693798,42.015686],[24.694059,42.015492],[24.694357,42.015352],[24.69467,42.015275],[24.694863,42.015254],[24.694971,42.015216],[24.695039,42.015089],[24.694998,42.014937],[24.694836,42.014796],[24.694617,42.014664],[24.694409,42.014508]]]},"properties":{"cadnum":"78207.16.5","purptype":"Горска","usetype":"Друг вид дървопроизводителна гора","proptype":"Държавна частна","immaddr":"с. Цар Калоян","place":"ШИРОКАТА КЕЛЕМИЯ","area":10009.570712005,"cadreg":16,"pnum":"5"}},{"type":"Feature","geometry":{"type":"Polygon","coordinates":[[[24.694409,42.014508],[24.694617,42.014664],[24.694772,42.014551],[24.694917,42.014427],[24.695117,42.014196],[24.695389,42.013991],[24.695537,42.013839],[24.695701,42.013641],[24.696162,42.013128],[24.696366,42.013069],[24.696652,42.013016],[24.697007,42.012832],[24.697195,42.01261],[24.697148,42.012504],[24.697076,42.012416],[24.697025,42.012312],[24.69693,42.012214],[24.696747,42.012061],[24.696682,42.011987],[24.696611,42.011886],[24.696466,42.011719],[24.696405,42.011618],[24.696278,42.011475],[24.696191,42.0114],[24.696077,42.011343],[24.695869,42.011256],[24.695841,42.011316],[24.695828,42.011523],[24.695697,42.011622],[24.695521,42.011845],[24.69549,42.011993],[24.695503,42.012126],[24.695471,42.012243],[24.695247,42.012568],[24.695051,42.012884],[24.695017,42.013023],[24.69496,42.013122],[24.694923,42.013253],[24.694888,42.013453],[24.694889,42.013568],[24.69486,42.013777],[24.6948,42.013961],[24.69475,42.014066],[24.694721,42.014154],[24.694633,42.014326],[24.694519,42.014426],[24.694409,42.014508]]]},"properties":{"cadnum":"78207.16.6","purptype":"Горска","usetype":"Друг вид дървопроизводителна гора","proptype":"Държавна публична","immaddr":"с. Цар Калоян","place":"ШИРОКАТА КЕЛЕМИЯ","area":31504.16907249,"cadreg":16,"pnum":"6"}},{"type":"Feature","geometry":{"type":"Polygon","coordinates":[[[24.701692,42.017607],[24.701783,42.017618],[24.702104,42.017801],[24.702253,42.017852],[24.702395,42.017876],[24.702564,42.017852],[24.70263,42.017797],[24.702709,42.017702],[24.7027,42.017626],[24.702667,42.01752],[24.702551,42.017242],[24.702556,42.017126],[24.702508,42.017028],[24.70222,42.017114],[24.701817,42.017031],[24.701678,42.017591],[24.701692,42.017607]]]},"properties":{"cadnum":"78207.16.7","purptype":"Горска","usetype":"Друг вид дървопроизводителна гора","proptype":"Държавна частна","immaddr":"с. Цар Калоян","place":"ШИРОКАТА КЕЛЕМИЯ","area":5818.1393450027,"cadreg":16,"pnum":"7"}},{"type":"Feature","geometry":{"type":"Polygon","coordinates":[[[24.695521,42.02059],[24.695563,42.020742],[24.695567,42.020868],[24.695591,42.020868],[24.695614,42.020632],[24.696206,42.02052],[24.696618,42.020493],[24.696811,42.020785],[24.697008,42.020514],[24.696936,42.020494],[24.696759,42.020641],[24.696519,42.020351],[24.696063,42.020482],[24.695725,42.020515],[24.695521,42.02059]]]},"properties":{"cadnum":"78207.16.8","purptype":"Горска","usetype":"Друг вид дървопроизводителна гора","proptype":"Държавна частна","immaddr":"с. Цар Калоян","place":"АРИФОВИЦА","area":1318.375624482,"cadreg":16,"pnum":"8"}},{"type":"Feature","geometry":{"type":"Polygon","coordinates":[[[24.690229,42.019701],[24.690485,42.019861],[24.690506,42.019888],[24.690586,42.019687],[24.690627,42.019519],[24.690644,42.019344],[24.690724,42.019074],[24.69077,42.018955],[24.690828,42.018858],[24.690865,42.018741],[24.690891,42.018589],[24.690897,42.018343],[24.6908,42.017687],[24.690888,42.016634],[24.690688,42.017452],[24.690618,42.017625],[24.690597,42.017816],[24.690538,42.017936],[24.69048,42.018315],[24.690509,42.018472],[24.690514,42.018594],[24.690461,42.018781],[24.69034,42.018901],[24.690317,42.019059],[24.690234,42.019283],[24.690137,42.019372],[24.690088,42.019634],[24.690096,42.019668],[24.690088,42.019683],[24.690229,42.019701]]]},"properties":{"cadnum":"78207.17.1","purptype":"Горска","usetype":"Друг вид дървопроизводителна гора","proptype":"Държавна частна","immaddr":"с. Цар Калоян","place":"КАЗАНДЖИ ДЕРЕ","area":8494.9630925053,"cadreg":17,"pnum":"1"}},{"type":"Feature","geometry":{"type":"Polygon","coordinates":[[[24.689619,42.019494],[24.690057,42.019679],[24.690088,42.019683],[24.690096,42.019668],[24.690088,42.019634],[24.690137,42.019372],[24.690234,42.019283],[24.690317,42.019059],[24.69034,42.018901],[24.690461,42.018781],[24.690514,42.018594],[24.690509,42.018472],[24.69048,42.018315],[24.690538,42.017936],[24.690597,42.017816],[24.690618,42.017625],[24.690688,42.017452],[24.690905,42.016561],[24.690836,42.016238],[24.690808,42.015886],[24.690853,42.015696],[24.690812,42.015521],[24.69099,42.01523],[24.691095,42.01495],[24.69101,42.014557],[24.691038,42.014149],[24.691169,42.013819],[24.691531,42.0136],[24.691799,42.013421],[24.692124,42.013245],[24.692489,42.013098],[24.69308,42.012842],[24.693977,42.012289],[24.694307,42.01205],[24.694489,42.011818],[24.694702,42.01146],[24.694767,42.011166],[24.694709,42.010839],[24.694341,42.010314],[24.694123,42.010058],[24.69384,42.009789],[24.693445,42.009555],[24.693144,42.009322],[24.692713,42.009195],[24.691541,42.008422],[24.691233,42.007718],[24.691049,42.007483],[24.69071,42.007262],[24.690512,42.007144],[24.690588,42.007257],[24.690651,42.007423],[24.690815,42.007552],[24.691218,42.008634],[24.691636,42.008872],[24.692096,42.009306],[24.693252,42.01009],[24.693875,42.01074],[24.69406,42.011039],[24.694143,42.011236],[24.693998,42.011518],[24.69379,42.011691],[24.69223,42.01254],[24.691729,42.012784],[24.691467,42.01295],[24.690906,42.0135],[24.690381,42.013955],[24.69029,42.01421],[24.690267,42.015098],[24.690332,42.015323],[24.690151,42.016181],[24.69019,42.016401],[24.690284,42.016789],[24.690403,42.017458],[24.690304,42.017648],[24.690242,42.017807],[24.690172,42.017937],[24.690129,42.018169],[24.690154,42.018329],[24.690075,42.018527],[24.690011,42.018727],[24.68991,42.018838],[24.689822,42.019163],[24.689753,42.01931],[24.689664,42.019381],[24.689619,42.019494]]]},"properties":{"cadnum":"78207.17.2","purptype":"Горска","usetype":"Дере","proptype":"Държавна частна","immaddr":"с. Цар Калоян","place":"КАЗАНДЖИ ДЕРЕ","area":77968.20459455,"cadreg":17,"pnum":"2"}},{"type":"Feature","geometry":{"type":"Polygon","coordinates":[[[24.690189,42.007551],[24.690333,42.007588],[24.690396,42.007621],[24.690506,42.007661],[24.690585,42.00765],[24.690648,42.007613],[24.690651,42.007567],[24.690639,42.007503],[24.690718,42.007506],[24.690765,42.007554],[24.690791,42.007601],[24.690836,42.007786],[24.690754,42.007858],[24.690655,42.00791],[24.69059,42.007875],[24.69051,42.007893],[24.69043,42.00789],[24.690316,42.007966],[24.690145,42.008123],[24.690105,42.00812],[24.690111,42.007983],[24.690012,42.007941],[24.689967,42.007877],[24.689856,42.007997],[24.68978,42.008114],[24.689707,42.00829],[24.689754,42.008307],[24.689848,42.008313],[24.689927,42.008285],[24.689991,42.008287],[24.690044,42.008298],[24.690033,42.008366],[24.690103,42.008607],[24.690113,42.008724],[24.690032,42.008751],[24.689988,42.00879],[24.689911,42.008948],[24.689923,42.008989],[24.68996,42.009024],[24.690023,42.009025],[24.690086,42.009008],[24.690139,42.008977],[24.690264,42.008949],[24.690322,42.00897],[24.690513,42.009081],[24.690682,42.009127],[24.690781,42.009101],[24.690875,42.009062],[24.69099,42.009083],[24.691072,42.009126],[24.691191,42.00924],[24.691283,42.009296],[24.691317,42.009358],[24.691289,42.009444],[24.691294,42.009522],[24.69118,42.009568],[24.691015,42.009672],[24.690878,42.009725],[24.690729,42.009808],[24.690437,42.009858],[24.690275,42.009856],[24.690033,42.009778],[24.689996,42.009749],[24.690015,42.00967],[24.689946,42.009507],[24.689894,42.009459],[24.689808,42.009411],[24.689565,42.009338],[24.689705,42.009524],[24.689753,42.009683],[24.689711,42.010105],[24.689667,42.010168],[24.689649,42.010322],[24.689746,42.010525],[24.689806,42.01062],[24.689907,42.010708],[24.689899,42.010797],[24.689824,42.010892],[24.689768,42.011147],[24.689664,42.011301],[24.689477,42.011455],[24.689378,42.01152],[24.689128,42.011605],[24.689143,42.01167],[24.689198,42.011742],[24.689234,42.011835],[24.689282,42.012009],[24.689304,42.012127],[24.689297,42.012427],[24.689281,42.01252],[24.689226,42.012611],[24.68922,42.012705],[24.689288,42.012762],[24.689397,42.012938],[24.689358,42.013212],[24.689391,42.013318],[24.689395,42.013415],[24.689428,42.013485],[24.689397,42.013563],[24.689344,42.01362],[24.689298,42.01369],[24.689287,42.0138],[24.689296,42.013868],[24.689355,42.013933],[24.689326,42.014103],[24.6893,42.014159],[24.689294,42.014214],[24.689317,42.014283],[24.68935,42.014297],[24.689395,42.014352],[24.68937,42.014417],[24.689369,42.014459],[24.689543,42.014545],[24.689663,42.014717],[24.689693,42.014817],[24.689695,42.01492],[24.689683,42.015013],[24.689718,42.015319],[24.689655,42.015724],[24.689712,42.015873],[24.689721,42.016002],[24.68974,42.016112],[24.689894,42.016482],[24.689936,42.016616],[24.689888,42.016736],[24.689862,42.016836],[24.689864,42.017016],[24.689941,42.017091],[24.690037,42.01716],[24.690083,42.017227],[24.690051,42.017321],[24.6904,42.017444],[24.690284,42.016789],[24.69019,42.016401],[24.690151,42.016181],[24.690332,42.015323],[24.690267,42.015098],[24.69029,42.01421],[24.690381,42.013955],[24.690906,42.0135],[24.691467,42.01295],[24.691729,42.012784],[24.69223,42.01254],[24.69379,42.011691],[24.693998,42.011518],[24.694143,42.011236],[24.69406,42.011039],[24.693875,42.01074],[24.693252,42.01009],[24.692096,42.009306],[24.691636,42.008872],[24.691218,42.008634],[24.690815,42.007552],[24.690651,42.007423],[24.690588,42.007257],[24.690512,42.007144],[24.690477,42.007229],[24.690189,42.007551]],[[24.690756,42.008775],[24.690778,42.008745],[24.690861,42.008746],[24.690957,42.008757],[24.691034,42.008786],[24.691103,42.008788],[24.69121,42.008801],[24.691353,42.00884],[24.691437,42.008888],[24.691454,42.008932],[24.691446,42.00898],[24.691098,42.009016],[24.690909,42.008974],[24.690819,42.008939],[24.690777,42.008886],[24.690752,42.00882],[24.690756,42.008775]]]},"properties":{"cadnum":"78207.17.3","purptype":"Горска","usetype":"Друг вид дървопроизводителна гора","proptype":"Държавна частна","immaddr":"с. Цар Калоян","place":"КАЗАНДЖИ ДЕРЕ","area":163674.47790446,"cadreg":17,"pnum":"3"}},{"type":"Feature","geometry":{"type":"Polygon","coordinates":[[[24.688082,42.015451],[24.688331,42.015574],[24.688602,42.015473],[24.688729,42.015437],[24.688847,42.015244],[24.688932,42.014972],[24.687887,42.015053],[24.688082,42.015451]]]},"properties":{"cadnum":"78207.17.4","purptype":"Горска","usetype":"Друг вид недървопроизводителна горска площ","proptype":"Държавна частна","immaddr":"с. Цар Калоян","place":"КАЗАНДЖИ ДЕРЕ","area":3798.6526390089,"cadreg":17,"pnum":"4"}},{"type":"Feature","geometry":{"type":"Polygon","coordinates":[[[24.688932,42.014972],[24.689051,42.01488],[24.689065,42.014823],[24.688918,42.014693],[24.688794,42.014528],[24.688656,42.014468],[24.688556,42.014525],[24.688485,42.01463],[24.688227,42.014723],[24.687965,42.01483],[24.687817,42.014906],[24.687887,42.015053],[24.688932,42.014972]]]},"properties":{"cadnum":"78207.17.5","purptype":"Земеделска","usetype":"Друг вид недървопроизводителна горска площ","proptype":"Частна","immaddr":"с. Цар Калоян","place":"КАЗАНДЖИ ДЕРЕ","area":3642.6285904909,"cadreg":17,"pnum":"5"}},{"type":"Feature","geometry":{"type":"Polygon","coordinates":[[[24.68703,42.014547],[24.68717,42.014667],[24.687369,42.014646],[24.68755,42.014465],[24.687747,42.014403],[24.687104,42.014372],[24.68703,42.014547]]]},"properties":{"cadnum":"78207.17.6","purptype":"Земеделска","usetype":"Друг вид недървопроизводителна горска площ","proptype":"Общинска частна","immaddr":"с. Цар Калоян","place":"КАЗАНДЖИ ДЕРЕ","area":1088.8987369685,"cadreg":17,"pnum":"6"}},{"type":"Feature","geometry":{"type":"Polygon","coordinates":[[[24.687911,42.014256],[24.687839,42.014002],[24.687796,42.013742],[24.687692,42.013464],[24.687683,42.013457],[24.687477,42.013692],[24.686946,42.013987],[24.686987,42.014201],[24.687104,42.014372],[24.687747,42.014403],[24.687911,42.014256]]]},"properties":{"cadnum":"78207.17.7","purptype":"Земеделска","usetype":"Друг вид недървопроизводителна горска площ","proptype":"Частна","immaddr":"с. Цар Калоян","place":"КАЗАНДЖИ ДЕРЕ","area":5112.7578880277,"cadreg":17,"pnum":"7"}},{"type":"Feature","geometry":{"type":"Polygon","coordinates":[[[24.678718,42.011133],[24.678681,42.011437],[24.679864,42.011651],[24.681437,42.011912],[24.681851,42.012051],[24.682135,42.012167],[24.682293,42.012283],[24.683281,42.012752],[24.683834,42.012927],[24.683984,42.012982],[24.684144,42.01302],[24.684373,42.013055],[24.684512,42.013057],[24.684626,42.013082],[24.684603,42.013117],[24.684545,42.01317],[24.684544,42.013262],[24.684579,42.013317],[24.684583,42.013476],[24.684623,42.01366],[24.684568,42.013723],[24.684609,42.01379],[24.684697,42.013838],[24.685033,42.013894],[24.685393,42.013942],[24.685816,42.013973],[24.686044,42.013982],[24.686521,42.013965],[24.686679,42.014055],[24.686706,42.014155],[24.686713,42.01429],[24.686762,42.014504],[24.686851,42.014656],[24.687017,42.015026],[24.687121,42.015176],[24.687215,42.015272],[24.687443,42.015336],[24.687718,42.015451],[24.68781,42.015544],[24.687916,42.015717],[24.687939,42.015831],[24.687946,42.016094],[24.688011,42.016262],[24.688028,42.016386],[24.688117,42.016507],[24.688185,42.016677],[24.688134,42.016808],[24.688117,42.016952],[24.688154,42.017121],[24.688285,42.017258],[24.688327,42.017332],[24.688277,42.017378],[24.688269,42.017455],[24.688449,42.017527],[24.688516,42.017694],[24.688639,42.017745],[24.688775,42.017762],[24.68895,42.017738],[24.689276,42.017719],[24.689375,42.01764],[24.689682,42.017515],[24.689809,42.017438],[24.690054,42.017314],[24.690083,42.017227],[24.690037,42.01716],[24.689941,42.017091],[24.689864,42.017016],[24.689862,42.016836],[24.689888,42.016736],[24.689936,42.016616],[24.689894,42.016482],[24.68974,42.016112],[24.689721,42.016002],[24.689712,42.015873],[24.689655,42.015724],[24.689718,42.015319],[24.689683,42.015013],[24.689695,42.01492],[24.689693,42.014817],[24.689663,42.014717],[24.689543,42.014545],[24.689369,42.014459],[24.68937,42.014417],[24.689395,42.014352],[24.68935,42.014297],[24.689317,42.014283],[24.689294,42.014214],[24.6893,42.014159],[24.689326,42.014103],[24.689355,42.013933],[24.689296,42.013868],[24.689287,42.0138],[24.689298,42.01369],[24.689344,42.01362],[24.689397,42.013563],[24.689428,42.013485],[24.689395,42.013415],[24.689391,42.013318],[24.689358,42.013212],[24.689397,42.012938],[24.689288,42.012762],[24.68922,42.012705],[24.689226,42.012611],[24.689281,42.01252],[24.689297,42.012427],[24.689304,42.012127],[24.689282,42.012009],[24.689234,42.011835],[24.689198,42.011742],[24.689143,42.01167],[24.689128,42.011605],[24.689378,42.01152],[24.689477,42.011455],[24.689664,42.011301],[24.689768,42.011147],[24.689824,42.010892],[24.689899,42.010797],[24.689907,42.010708],[24.689806,42.01062],[24.689746,42.010525],[24.689649,42.010322],[24.689667,42.010168],[24.689711,42.010105],[24.689753,42.009683],[24.689705,42.009524],[24.689565,42.009338],[24.689527,42.009187],[24.689334,42.009125],[24.689224,42.009036],[24.689197,42.008996],[24.689194,42.008929],[24.68922,42.008853],[24.689273,42.008788],[24.689352,42.008736],[24.6894,42.00869],[24.689526,42.008618],[24.689359,42.008484],[24.689273,42.008464],[24.68914,42.008407],[24.689068,42.008361],[24.688978,42.008321],[24.688915,42.008229],[24.688828,42.00819],[24.688793,42.008165],[24.688488,42.008251],[24.68826,42.008322],[24.688187,42.008354],[24.688052,42.008392],[24.687944,42.008413],[24.687821,42.008424],[24.687723,42.008463],[24.687566,42.008505],[24.687439,42.008575],[24.687167,42.008686],[24.687038,42.008727],[24.686931,42.008774],[24.686672,42.008842],[24.686549,42.008854],[24.686339,42.008914],[24.685919,42.009102],[24.685788,42.009188],[24.685539,42.009273],[24.685316,42.009373],[24.68494,42.009493],[24.684472,42.009621],[24.68382,42.009784],[24.683584,42.009833],[24.683147,42.01008],[24.682925,42.010195],[24.68268,42.010288],[24.682462,42.010398],[24.682213,42.010464],[24.681986,42.010597],[24.681716,42.010723],[24.681492,42.010868],[24.681119,42.010907],[24.680813,42.011013],[24.680564,42.01114],[24.680373,42.011177],[24.680289,42.01133],[24.68011,42.01149],[24.679856,42.011639],[24.679424,42.011514],[24.679053,42.011477],[24.679232,42.011204],[24.679034,42.011132],[24.678882,42.011116],[24.678718,42.011133]],[[24.688082,42.015451],[24.687817,42.014906],[24.687965,42.01483],[24.688227,42.014723],[24.688485,42.01463],[24.688556,42.014525],[24.688656,42.014468],[24.688794,42.014528],[24.688918,42.014693],[24.689065,42.014823],[24.689051,42.01488],[24.688932,42.014972],[24.688847,42.015244],[24.688729,42.015437],[24.688602,42.015473],[24.688331,42.015574],[24.688082,42.015451]],[[24.687104,42.014372],[24.686987,42.014201],[24.686946,42.013987],[24.687477,42.013692],[24.687683,42.013457],[24.687692,42.013464],[24.687796,42.013742],[24.687839,42.014002],[24.687911,42.014256],[24.687747,42.014403],[24.68755,42.014465],[24.687369,42.014646],[24.68717,42.014667],[24.68703,42.014547],[24.687104,42.014372]]]},"properties":{"cadnum":"78207.17.8","purptype":"Горска","usetype":"Друг вид дървопроизводителна гора","proptype":"Държавна частна","immaddr":"с. Цар Калоян","place":"КАЗАНДЖИ ДЕРЕ","area":371058.51417045,"cadreg":17,"pnum":"8"}},{"type":"Feature","geometry":{"type":"Polygon","coordinates":[[[24.680308,42.010957],[24.679979,42.010949],[24.679517,42.010849],[24.679411,42.010931],[24.679053,42.011477],[24.679424,42.011514],[24.679856,42.011639],[24.68011,42.01149],[24.680289,42.01133],[24.680377,42.01117],[24.680308,42.010957]]]},"properties":{"cadnum":"78207.17.9","purptype":"Земеделска","usetype":"Друг вид недървопроизводителна горска площ","proptype":"Частна","immaddr":"с. Цар Калоян","place":"КАЗАНДЖИ ДЕРЕ","area":6149.6931995188,"cadreg":17,"pnum":"9"}},{"type":"Feature","geometry":{"type":"Polygon","coordinates":[[[24.691317,42.009358],[24.691283,42.009296],[24.691191,42.00924],[24.691072,42.009126],[24.69099,42.009083],[24.690875,42.009062],[24.690781,42.009101],[24.690682,42.009127],[24.690566,42.009619],[24.689997,42.009744],[24.689996,42.009749],[24.690033,42.009778],[24.690275,42.009856],[24.690437,42.009858],[24.690729,42.009808],[24.690878,42.009725],[24.691015,42.009672],[24.69118,42.009568],[24.691294,42.009522],[24.691289,42.009444],[24.691317,42.009358]]]},"properties":{"cadnum":"78207.17.10","purptype":"Земеделска","usetype":"Друг вид недървопроизводителна горска площ","proptype":"Общинска частна","immaddr":"с. Цар Калоян","place":"ЮРУКАЛАН","area":4289.7036439969,"cadreg":17,"pnum":"10"}},{"type":"Feature","geometry":{"type":"Polygon","coordinates":[[[24.689911,42.008948],[24.689737,42.009043],[24.689527,42.009187],[24.689565,42.009338],[24.689808,42.009411],[24.68986,42.009435],[24.689946,42.009507],[24.690015,42.00967],[24.689997,42.009744],[24.690566,42.009619],[24.690682,42.009127],[24.690513,42.009081],[24.690322,42.00897],[24.690264,42.008949],[24.690139,42.008977],[24.690086,42.009008],[24.690023,42.009025],[24.68996,42.009024],[24.689923,42.008989],[24.689911,42.008948]]]},"properties":{"cadnum":"78207.17.11","purptype":"Земеделска","usetype":"Друг вид недървопроизводителна горска площ","proptype":"Частна","immaddr":"с. Цар Калоян","place":"ЮРУКАЛАН","area":5340.2075519973,"cadreg":17,"pnum":"11"}},{"type":"Feature","geometry":{"type":"Polygon","coordinates":[[[24.689527,42.009187],[24.689737,42.009043],[24.689911,42.008948],[24.689988,42.00879],[24.690032,42.008751],[24.690113,42.008724],[24.690103,42.008607],[24.690033,42.008366],[24.690044,42.008298],[24.689991,42.008287],[24.689927,42.008285],[24.689848,42.008313],[24.689754,42.008307],[24.689707,42.00829],[24.68978,42.008114],[24.689856,42.007997],[24.690009,42.007831],[24.69007,42.007717],[24.689775,42.007866],[24.689681,42.007943],[24.689541,42.008026],[24.689468,42.008079],[24.689386,42.008116],[24.689298,42.008128],[24.689192,42.008129],[24.689057,42.008151],[24.688793,42.008165],[24.688828,42.00819],[24.688915,42.008229],[24.688978,42.008321],[24.689068,42.008361],[24.68914,42.008407],[24.689273,42.008464],[24.689359,42.008484],[24.689526,42.008618],[24.6894,42.00869],[24.689352,42.008736],[24.689273,42.008788],[24.68922,42.008853],[24.689194,42.008929],[24.689197,42.008996],[24.689224,42.009036],[24.689279,42.009085],[24.689334,42.009125],[24.689527,42.009187]]]},"properties":{"cadnum":"78207.17.12","purptype":"Земеделска","usetype":"Друг вид недървопроизводителна горска площ","proptype":"Частна","immaddr":"с. Цар Калоян","place":"КАЗАНДЖИ ДЕРЕ","area":7536.6288260022,"cadreg":17,"pnum":"12"}},{"type":"Feature","geometry":{"type":"Polygon","coordinates":[[[24.690189,42.007551],[24.690125,42.007649],[24.690062,42.007726],[24.690009,42.007831],[24.689967,42.007877],[24.690012,42.007941],[24.690111,42.007983],[24.690105,42.00812],[24.690122,42.008124],[24.690157,42.008117],[24.690316,42.007966],[24.69043,42.00789],[24.69051,42.007893],[24.69059,42.007875],[24.690655,42.00791],[24.690754,42.007858],[24.690836,42.007786],[24.690791,42.007601],[24.690765,42.007554],[24.690718,42.007506],[24.690639,42.007503],[24.690651,42.007567],[24.690648,42.007613],[24.690585,42.00765],[24.690506,42.007661],[24.690396,42.007621],[24.690333,42.007588],[24.690189,42.007551]]]},"properties":{"cadnum":"78207.17.13","purptype":"Земеделска","usetype":"Друг вид недървопроизводителна горска площ","proptype":"Частна","immaddr":"с. Цар Калоян","place":"ЮРУКАЛАН","area":2466.8868795056,"cadreg":17,"pnum":"13"}},{"type":"Feature","geometry":{"type":"Polygon","coordinates":[[[24.690752,42.00882],[24.690777,42.008886],[24.690819,42.008939],[24.690909,42.008974],[24.691025,42.009002],[24.691098,42.009016],[24.691446,42.00898],[24.691454,42.008932],[24.691437,42.008888],[24.691353,42.00884],[24.69121,42.008801],[24.691103,42.008788],[24.691034,42.008786],[24.690957,42.008757],[24.690778,42.008745],[24.690756,42.008775],[24.690752,42.00882]]]},"properties":{"cadnum":"78207.17.14","purptype":"Горска","usetype":"Поляна","proptype":"Държавна частна","immaddr":"с. Цар Калоян","place":"ЮРУКАЛАН","area":1208.273706001,"cadreg":17,"pnum":"14"}},{"type":"Feature","geometry":{"type":"Polygon","coordinates":[[[24.68924,42.018442],[24.689287,42.01859],[24.689425,42.018695],[24.689641,42.018577],[24.689772,42.018368],[24.689778,42.018181],[24.689756,42.018027],[24.689736,42.017971],[24.68953,42.01797],[24.689436,42.018026],[24.68928,42.018199],[24.68924,42.018442]]]},"properties":{"cadnum":"78207.18.1","purptype":"Горска","usetype":"Друг вид недървопроизводителна горска площ","proptype":"Държавна частна","immaddr":"с. Цар Калоян","place":"СТАРО СЕЛО","area":2641.9526495069,"cadreg":18,"pnum":"1"}},{"type":"Feature","geometry":{"type":"Polygon","coordinates":[[[24.685297,42.014665],[24.685261,42.013924],[24.684697,42.013838],[24.684621,42.013797],[24.684637,42.014026],[24.684797,42.014197],[24.684904,42.014458],[24.685297,42.014665]]]},"properties":{"cadnum":"78207.18.2","purptype":"Земеделска","usetype":"Друг вид недървопроизводителна горска площ","proptype":"Частна","immaddr":"с. Цар Калоян","place":"СТАРО СЕЛО","area":3148.1300920092,"cadreg":18,"pnum":"2"}},{"type":"Feature","geometry":{"type":"Polygon","coordinates":[[[24.683825,42.016489],[24.683862,42.016572],[24.684021,42.016593],[24.68422,42.016487],[24.684369,42.016448],[24.684676,42.016482],[24.684723,42.01621],[24.684823,42.016116],[24.685167,42.016133],[24.685272,42.015931],[24.68528,42.015814],[24.685487,42.015707],[24.685606,42.015535],[24.685698,42.015361],[24.6855,42.015166],[24.684807,42.014572],[24.684647,42.014344],[24.68455,42.014131],[24.684397,42.014027],[24.684122,42.013907],[24.683953,42.013882],[24.683817,42.014081],[24.683783,42.014325],[24.683808,42.014474],[24.684018,42.014699],[24.684147,42.015016],[24.684144,42.015251],[24.684214,42.015395],[24.68428,42.015501],[24.684685,42.015466],[24.68456,42.015563],[24.68435,42.015776],[24.684291,42.01604],[24.684219,42.016217],[24.684058,42.016368],[24.683825,42.016489]]]},"properties":{"cadnum":"78207.18.3","purptype":"Земеделска","usetype":"Пасище","proptype":"Частна","immaddr":"с. Цар Калоян","place":"СТАРО СЕЛО","area":22635.086911483,"cadreg":18,"pnum":"3"}},{"type":"Feature","geometry":{"type":"Polygon","coordinates":[[[24.682678,42.016714],[24.683322,42.016851],[24.683582,42.016895],[24.68392,42.016969],[24.684195,42.016891],[24.684043,42.016711],[24.683745,42.016644],[24.683618,42.016517],[24.683044,42.016359],[24.682791,42.016306],[24.682719,42.016342],[24.682586,42.016328],[24.682324,42.016232],[24.682178,42.01628],[24.682102,42.016355],[24.682076,42.016474],[24.682519,42.016659],[24.682678,42.016714]]]},"properties":{"cadnum":"78207.18.4","purptype":"Горска","usetype":"Друг вид недървопроизводителна горска площ","proptype":"Държавна частна","immaddr":"с. Цар Калоян","place":"СТАРО СЕЛО","area":6568.7949240089,"cadreg":18,"pnum":"4"}},{"type":"Feature","geometry":{"type":"Polygon","coordinates":[[[24.683135,42.014434],[24.683036,42.014405],[24.682318,42.015049],[24.68226,42.01514],[24.681985,42.015153],[24.681805,42.015204],[24.681725,42.015305],[24.681821,42.015391],[24.681737,42.015491],[24.681682,42.015589],[24.682105,42.015816],[24.682415,42.016111],[24.682776,42.016217],[24.682626,42.015937],[24.682701,42.015899],[24.682744,42.015809],[24.682733,42.015663],[24.682837,42.015554],[24.683319,42.015394],[24.683457,42.015336],[24.683505,42.015259],[24.683467,42.015178],[24.683359,42.015081],[24.683292,42.014962],[24.683263,42.014885],[24.683356,42.014842],[24.683513,42.014858],[24.683258,42.014617],[24.683135,42.014434]]]},"properties":{"cadnum":"78207.18.5","purptype":"Горска","usetype":"Друг вид недървопроизводителна горска площ","proptype":"Държавна частна","immaddr":"с. Цар Калоян","place":"СТАРО СЕЛО","area":13780.274308962,"cadreg":18,"pnum":"5"}},{"type":"Feature","geometry":{"type":"Polygon","coordinates":[[[24.683036,42.014405],[24.682986,42.014328],[24.682925,42.01432],[24.682675,42.014448],[24.682519,42.014375],[24.682392,42.014404],[24.682137,42.014637],[24.682052,42.014841],[24.682227,42.014939],[24.682304,42.015004],[24.682318,42.015049],[24.683036,42.014405]]]},"properties":{"cadnum":"78207.18.6","purptype":"Земеделска","usetype":"Друг вид недървопроизводителна горска площ","proptype":"Частна","immaddr":"с. Цар Калоян","place":"СТАРО СЕЛО","area":2980.4834440209,"cadreg":18,"pnum":"6"}},{"type":"Feature","geometry":{"type":"Polygon","coordinates":[[[24.680698,42.016387],[24.680886,42.016434],[24.681158,42.016204],[24.681219,42.015913],[24.681111,42.01578],[24.680864,42.015681],[24.68059,42.015634],[24.680367,42.01592],[24.680145,42.016319],[24.680198,42.016464],[24.680534,42.016404],[24.680698,42.016387]]]},"properties":{"cadnum":"78207.18.7","purptype":"Земеделска","usetype":"Друг вид недървопроизводителна горска площ","proptype":"Частна","immaddr":"с. Цар Калоян","place":"СТАРО СЕЛО","area":5510.5007315129,"cadreg":18,"pnum":"7"}},{"type":"Feature","geometry":{"type":"Polygon","coordinates":[[[24.68069,42.014425],[24.680783,42.014252],[24.68066,42.014021],[24.680068,42.013998],[24.679857,42.014014],[24.679782,42.014165],[24.679949,42.014288],[24.680146,42.014457],[24.68069,42.014425]]]},"properties":{"cadnum":"78207.18.8","purptype":"Земеделска","usetype":"Друг вид недървопроизводителна горска площ","proptype":"Частна","immaddr":"с. Цар Калоян","place":"СТАРО СЕЛО","area":3245.5796345019,"cadreg":18,"pnum":"8"}},{"type":"Feature","geometry":{"type":"Polygon","coordinates":[[[24.681987,42.013921],[24.681745,42.01396],[24.681524,42.014028],[24.681388,42.014111],[24.681367,42.014135],[24.681463,42.014403],[24.68191,42.014355],[24.682355,42.014281],[24.682563,42.014129],[24.683449,42.013781],[24.683253,42.01371],[24.68278,42.013851],[24.682561,42.013772],[24.682438,42.013889],[24.68224,42.013819],[24.682103,42.013829],[24.681987,42.013921]]]},"properties":{"cadnum":"78207.18.9","purptype":"Земеделска","usetype":"Друг вид недървопроизводителна горска площ","proptype":"Частна","immaddr":"с. Цар Калоян","place":"СТАРО СЕЛО","area":5765.2400524782,"cadreg":18,"pnum":"9"}},{"type":"Feature","geometry":{"type":"Polygon","coordinates":[[[24.682103,42.013829],[24.68224,42.013819],[24.682438,42.013889],[24.682561,42.013772],[24.682398,42.013615],[24.682344,42.013387],[24.682244,42.013381],[24.682151,42.013266],[24.682138,42.013005],[24.682074,42.012939],[24.681945,42.012888],[24.681816,42.012905],[24.681719,42.013055],[24.681675,42.013307],[24.681703,42.013402],[24.681825,42.013572],[24.681982,42.013693],[24.682022,42.013763],[24.681987,42.013921],[24.682103,42.013829]]]},"properties":{"cadnum":"78207.18.10","purptype":"Земеделска","usetype":"Друг вид недървопроизводителна горска площ","proptype":"Частна","immaddr":"с. Цар Калоян","place":"СТАРО СЕЛО","area":4269.2120440112,"cadreg":18,"pnum":"10"}},{"type":"Feature","geometry":{"type":"Polygon","coordinates":[[[24.695332,42.042844],[24.69576,42.041707],[24.695413,42.041629],[24.694984,42.042768],[24.695332,42.042844]]]},"properties":{"cadnum":"78207.1.1","purptype":"Земеделска","usetype":"Деградирала орна земя","proptype":"Частна","immaddr":"с. Цар Калоян","place":"КАЦАРКИТЕ","area":3937.327517002,"cadreg":1,"pnum":"1"}},{"type":"Feature","geometry":{"type":"Polygon","coordinates":[[[24.680713,42.012256],[24.680702,42.012481],[24.680887,42.012691],[24.681049,42.012932],[24.681345,42.013021],[24.681546,42.01293],[24.681867,42.012659],[24.681895,42.012447],[24.681821,42.012301],[24.681046,42.012109],[24.680803,42.01213],[24.680713,42.012256]]]},"properties":{"cadnum":"78207.18.12","purptype":"Земеделска","usetype":"Пасище","proptype":"Частна","immaddr":"с. Цар Калоян","place":"СТАРО СЕЛО","area":6990.7358630191,"cadreg":18,"pnum":"12"}},{"type":"Feature","geometry":{"type":"Polygon","coordinates":[[[24.679648,42.011632],[24.679538,42.0117],[24.679484,42.011843],[24.679537,42.01204],[24.679782,42.012283],[24.680063,42.012332],[24.680176,42.012159],[24.680188,42.011945],[24.679903,42.011663],[24.679648,42.011632]]]},"properties":{"cadnum":"78207.18.13","purptype":"Горска","usetype":"Друг вид недървопроизводителна горска площ","proptype":"Държавна частна","immaddr":"с. Цар Калоян","place":"СТАРО СЕЛО","area":3187.9805900061,"cadreg":18,"pnum":"13"}},{"type":"Feature","geometry":{"type":"Polygon","coordinates":[[[24.678686,42.011437],[24.679305,42.012763],[24.679506,42.012962],[24.680074,42.012791],[24.679934,42.012553],[24.679835,42.01247],[24.679596,42.012233],[24.67934,42.011953],[24.678686,42.011437]]]},"properties":{"cadnum":"78207.18.14","purptype":"Земеделска","usetype":"Друг вид недървопроизводителна горска площ","proptype":"Частна","immaddr":"с. Цар Калоян","place":"СТАРО СЕЛО","area":6255.8172384785,"cadreg":18,"pnum":"14"}},{"type":"Feature","geometry":{"type":"Polygon","coordinates":[[[24.678686,42.011437],[24.6785,42.012898],[24.678544,42.012972],[24.678861,42.012926],[24.678894,42.013031],[24.678799,42.013161],[24.678908,42.013243],[24.679072,42.013133],[24.679231,42.013255],[24.679651,42.013112],[24.679305,42.012763],[24.678686,42.011437]]]},"properties":{"cadnum":"78207.18.15","purptype":"Земеделска","usetype":"Друг вид недървопроизводителна горска площ","proptype":"Частна","immaddr":"с. Цар Калоян","place":"СТАРО СЕЛО","area":8000.6068190212,"cadreg":18,"pnum":"15"}},{"type":"Feature","geometry":{"type":"Polygon","coordinates":[[[24.680292,42.016055],[24.680367,42.01592],[24.68059,42.015634],[24.680864,42.015681],[24.681111,42.01578],[24.681219,42.015913],[24.681158,42.016204],[24.680886,42.016434],[24.682289,42.016641],[24.682678,42.016714],[24.682519,42.016659],[24.682076,42.016474],[24.682102,42.016355],[24.682178,42.01628],[24.682324,42.016232],[24.682586,42.016328],[24.682719,42.016342],[24.682791,42.016306],[24.683044,42.016359],[24.683618,42.016517],[24.683745,42.016644],[24.684043,42.016711],[24.684195,42.016891],[24.684534,42.016828],[24.684729,42.01678],[24.685316,42.01678],[24.685702,42.016829],[24.686093,42.016835],[24.686247,42.016869],[24.686395,42.017025],[24.68654,42.017254],[24.686805,42.01755],[24.68693,42.017754],[24.686999,42.017972],[24.687052,42.018024],[24.687132,42.018224],[24.68721,42.018374],[24.687342,42.018541],[24.68742,42.018693],[24.687515,42.018849],[24.687608,42.018974],[24.687709,42.019012],[24.687838,42.018992],[24.68803,42.018947],[24.688312,42.01898],[24.688526,42.019044],[24.689279,42.019347],[24.689619,42.019494],[24.689664,42.019381],[24.689753,42.01931],[24.689822,42.019163],[24.68991,42.018838],[24.690011,42.018727],[24.690075,42.018527],[24.690154,42.018329],[24.690129,42.018169],[24.690172,42.017937],[24.690242,42.017807],[24.690304,42.017648],[24.690404,42.017446],[24.690048,42.017317],[24.689809,42.017438],[24.689682,42.017515],[24.689375,42.01764],[24.689276,42.017719],[24.68895,42.017738],[24.688775,42.017762],[24.688639,42.017745],[24.688516,42.017694],[24.688449,42.017527],[24.688269,42.017455],[24.688277,42.017378],[24.688327,42.017332],[24.688285,42.017258],[24.688154,42.017121],[24.688117,42.016952],[24.688134,42.016808],[24.688185,42.016677],[24.688117,42.016507],[24.688028,42.016386],[24.688011,42.016262],[24.687946,42.016094],[24.687939,42.015831],[24.687916,42.015717],[24.68781,42.015544],[24.687718,42.015451],[24.687443,42.015336],[24.687215,42.015272],[24.687121,42.015176],[24.687017,42.015026],[24.686851,42.014656],[24.686762,42.014504],[24.686713,42.01429],[24.686706,42.014155],[24.686679,42.014055],[24.686521,42.013965],[24.686044,42.013982],[24.686213,42.014031],[24.686262,42.014134],[24.686244,42.014505],[24.686261,42.014875],[24.686152,42.014884],[24.686128,42.014565],[24.686103,42.014471],[24.685984,42.014452],[24.685907,42.014532],[24.685903,42.014767],[24.685974,42.01488],[24.685921,42.014945],[24.685369,42.014822],[24.685297,42.014665],[24.684904,42.014458],[24.684797,42.014197],[24.684637,42.014026],[24.684621,42.013797],[24.684609,42.01379],[24.684568,42.013723],[24.684623,42.01366],[24.684583,42.013476],[24.684579,42.013317],[24.684544,42.013262],[24.684545,42.01317],[24.684603,42.013117],[24.684626,42.013082],[24.684512,42.013057],[24.684373,42.013055],[24.684144,42.01302],[24.683984,42.012982],[24.683834,42.012927],[24.683281,42.012752],[24.682293,42.012283],[24.682135,42.012167],[24.681851,42.012051],[24.681437,42.011912],[24.679864,42.011651],[24.678686,42.011437],[24.67934,42.011953],[24.679596,42.012233],[24.679835,42.01247],[24.679934,42.012553],[24.680074,42.012791],[24.679506,42.012962],[24.679651,42.013112],[24.679231,42.013255],[24.679072,42.013133],[24.678908,42.013243],[24.678799,42.013161],[24.678894,42.013031],[24.678861,42.012926],[24.678544,42.012972],[24.680292,42.016055]],[[24.68928,42.018199],[24.689436,42.018026],[24.68953,42.01797],[24.689736,42.017971],[24.689756,42.018027],[24.689778,42.018181],[24.689772,42.018368],[24.689641,42.018577],[24.689425,42.018695],[24.689287,42.01859],[24.68924,42.018442],[24.68928,42.018199]],[[24.683135,42.014434],[24.683258,42.014617],[24.683513,42.014858],[24.683356,42.014842],[24.683263,42.014885],[24.683292,42.014962],[24.683359,42.015081],[24.683467,42.015178],[24.683505,42.015259],[24.683457,42.015336],[24.683319,42.015394],[24.682837,42.015554],[24.682733,42.015663],[24.682744,42.015809],[24.682701,42.015899],[24.682626,42.015937],[24.682776,42.016217],[24.682415,42.016111],[24.682105,42.015816],[24.681682,42.015589],[24.681737,42.015491],[24.681821,42.015391],[24.681725,42.015305],[24.681805,42.015204],[24.681985,42.015153],[24.68226,42.01514],[24.682318,42.015049],[24.682304,42.015004],[24.682227,42.014939],[24.682052,42.014841],[24.682137,42.014637],[24.682392,42.014404],[24.682519,42.014375],[24.682675,42.014448],[24.682925,42.01432],[24.682986,42.014328],[24.683036,42.014405],[24.683135,42.014434]],[[24.679648,42.011632],[24.679903,42.011663],[24.680188,42.011945],[24.680176,42.012159],[24.680063,42.012332],[24.679782,42.012283],[24.679537,42.01204],[24.679484,42.011843],[24.679538,42.0117],[24.679648,42.011632]],[[24.683825,42.016489],[24.684058,42.016368],[24.684219,42.016217],[24.684291,42.01604],[24.68435,42.015776],[24.68456,42.015563],[24.684685,42.015466],[24.68428,42.015501],[24.684214,42.015395],[24.684144,42.015251],[24.684147,42.015016],[24.684018,42.014699],[24.683808,42.014474],[24.683783,42.014325],[24.683817,42.014081],[24.683953,42.013882],[24.684122,42.013907],[24.684397,42.014027],[24.68455,42.014131],[24.684647,42.014344],[24.684807,42.014572],[24.6855,42.015166],[24.685698,42.015361],[24.685606,42.015535],[24.685487,42.015707],[24.68528,42.015814],[24.685272,42.015931],[24.685167,42.016133],[24.684823,42.016116],[24.684723,42.01621],[24.684676,42.016482],[24.684369,42.016448],[24.68422,42.016487],[24.684021,42.016593],[24.683862,42.016572],[24.683825,42.016489]],[[24.680146,42.014457],[24.679949,42.014288],[24.679782,42.014165],[24.679857,42.014014],[24.680068,42.013998],[24.68066,42.014021],[24.680783,42.014252],[24.68069,42.014425],[24.680146,42.014457]],[[24.682375,42.0132],[24.682628,42.013027],[24.682782,42.012988],[24.682827,42.013088],[24.682765,42.013253],[24.683094,42.013345],[24.683555,42.013641],[24.683579,42.013698],[24.683449,42.013781],[24.682563,42.014129],[24.682355,42.014281],[24.68191,42.014355],[24.681463,42.014403],[24.681367,42.014135],[24.681388,42.014111],[24.681524,42.014028],[24.681745,42.01396],[24.681987,42.013921],[24.682022,42.013763],[24.681982,42.013693],[24.681825,42.013572],[24.681703,42.013402],[24.681675,42.013307],[24.681719,42.013055],[24.681816,42.012905],[24.681945,42.012888],[24.682074,42.012939],[24.682138,42.013005],[24.682151,42.013266],[24.682244,42.013381],[24.682344,42.013387],[24.682375,42.0132]],[[24.680803,42.01213],[24.681046,42.012109],[24.681821,42.012301],[24.681895,42.012447],[24.681867,42.012659],[24.681546,42.01293],[24.681345,42.013021],[24.681049,42.012932],[24.680887,42.012691],[24.680702,42.012481],[24.680713,42.012256],[24.680803,42.01213]]]},"properties":{"cadnum":"78207.18.16","purptype":"Горска","usetype":"Друг вид дървопроизводителна гора","proptype":"Държавна частна","immaddr":"с. Цар Калоян","place":"СТАРО СЕЛО","area":238299.20222904,"cadreg":18,"pnum":"16"}},{"type":"Feature","geometry":{"type":"Polygon","coordinates":[[[24.685261,42.013924],[24.685297,42.014665],[24.685369,42.014822],[24.685921,42.014945],[24.685974,42.01488],[24.685903,42.014767],[24.685907,42.014532],[24.685984,42.014452],[24.686103,42.014471],[24.686128,42.014565],[24.686152,42.014884],[24.686261,42.014875],[24.686244,42.014505],[24.686262,42.014134],[24.686213,42.014031],[24.686044,42.013982],[24.685816,42.013973],[24.685393,42.013942],[24.685261,42.013924]]]},"properties":{"cadnum":"78207.18.17","purptype":"Земеделска","usetype":"Пасище","proptype":"Частна","immaddr":"с. Цар Калоян","place":"СТАРО СЕЛО","area":7208.843121007,"cadreg":18,"pnum":"17"}},{"type":"Feature","geometry":{"type":"Polygon","coordinates":[[[24.7024,42.014868],[24.702435,42.014809],[24.702508,42.014765],[24.703533,42.014346],[24.703614,42.014222],[24.70367,42.013725],[24.703633,42.013331],[24.703587,42.013106],[24.703571,42.012927],[24.703575,42.012748],[24.703605,42.012562],[24.703789,42.012219],[24.704019,42.011999],[24.704306,42.011832],[24.70411,42.011457],[24.704087,42.010837],[24.700153,42.007143],[24.699161,42.006392],[24.699156,42.006622],[24.699183,42.006793],[24.69922,42.006868],[24.699294,42.006916],[24.699393,42.006965],[24.699443,42.007045],[24.699463,42.007287],[24.699329,42.007432],[24.699257,42.007488],[24.699169,42.007592],[24.699072,42.007677],[24.698972,42.007738],[24.69883,42.007795],[24.698716,42.007749],[24.698542,42.007606],[24.69844,42.007406],[24.698428,42.00728],[24.698431,42.007173],[24.698511,42.007068],[24.69854,42.006964],[24.698585,42.006862],[24.69862,42.006706],[24.698546,42.006652],[24.698398,42.006657],[24.698287,42.006712],[24.698256,42.006643],[24.698265,42.00659],[24.698191,42.006518],[24.698138,42.006497],[24.698054,42.0066],[24.698047,42.006662],[24.69803,42.006705],[24.697969,42.006785],[24.697928,42.006902],[24.697827,42.007096],[24.697754,42.007168],[24.697674,42.007191],[24.697594,42.007192],[24.697485,42.007171],[24.697339,42.007189],[24.69725,42.007228],[24.697164,42.007237],[24.697103,42.007193],[24.697083,42.007135],[24.697017,42.007102],[24.69697,42.007099],[24.696893,42.007112],[24.696863,42.007146],[24.696824,42.007158],[24.696787,42.007151],[24.69674,42.007103],[24.696712,42.007032],[24.69671,42.006951],[24.696739,42.006764],[24.69672,42.006757],[24.696683,42.007226],[24.696662,42.007331],[24.696669,42.007583],[24.696613,42.008013],[24.69657,42.00814],[24.696449,42.008364],[24.696391,42.008428],[24.696241,42.008677],[24.696192,42.008789],[24.696187,42.008908],[24.69607,42.009257],[24.696056,42.009358],[24.696009,42.009454],[24.695961,42.009887],[24.695918,42.010004],[24.69593,42.010118],[24.695875,42.010248],[24.695864,42.010573],[24.695899,42.010622],[24.695921,42.010744],[24.69596,42.010879],[24.695945,42.011088],[24.695869,42.011256],[24.696077,42.011343],[24.696191,42.0114],[24.696278,42.011475],[24.696405,42.011618],[24.696466,42.011719],[24.696611,42.011886],[24.696682,42.011987],[24.696747,42.012061],[24.69693,42.012214],[24.697025,42.012312],[24.697076,42.012416],[24.697148,42.012504],[24.697183,42.012596],[24.697342,42.012764],[24.697415,42.012854],[24.697449,42.012926],[24.697438,42.013003],[24.697402,42.013076],[24.697322,42.013212],[24.697238,42.013308],[24.697151,42.013436],[24.697122,42.013542],[24.697059,42.013616],[24.697001,42.013733],[24.697007,42.013831],[24.696996,42.013899],[24.696958,42.013953],[24.696883,42.014004],[24.696932,42.014052],[24.697051,42.014077],[24.697217,42.014164],[24.69733,42.014191],[24.697399,42.014257],[24.697446,42.014363],[24.697454,42.014416],[24.69742,42.014511],[24.697747,42.014657],[24.698259,42.014971],[24.698641,42.015153],[24.70037,42.015384],[24.700843,42.015412],[24.70108,42.015453],[24.699579,42.014827],[24.698121,42.014205],[24.698487,42.013763],[24.698494,42.013628],[24.698712,42.013624],[24.699018,42.0137],[24.69937,42.01373],[24.699476,42.013629],[24.699601,42.01341],[24.699972,42.013603],[24.700376,42.01373],[24.700687,42.013959],[24.701033,42.014178],[24.70165,42.014508],[24.702117,42.014716],[24.7024,42.014868]]]},"properties":{"cadnum":"78207.19.1","purptype":"Горска","usetype":"Друг вид дървопроизводителна гора","proptype":"Държавна публична","immaddr":"с. Цар Калоян","place":"ЮРУКАЛАН","area":428955.30142259,"cadreg":19,"pnum":"1"}},{"type":"Feature","geometry":{"type":"Polygon","coordinates":[[[24.695678,42.00539],[24.695604,42.005493],[24.695555,42.005536],[24.695466,42.005707],[24.695341,42.005894],[24.695164,42.00607],[24.695072,42.006111],[24.694974,42.006122],[24.694895,42.006113],[24.694794,42.006145],[24.694682,42.006149],[24.694596,42.00613],[24.694481,42.006001],[24.694457,42.005945],[24.694465,42.005723],[24.694529,42.005536],[24.694557,42.005501],[24.694672,42.005438],[24.694621,42.005325],[24.694537,42.005231],[24.694336,42.005094],[24.694176,42.00506],[24.694098,42.005057],[24.694106,42.005033],[24.693918,42.005173],[24.693833,42.005204],[24.69354,42.005257],[24.693122,42.005319],[24.693108,42.005368],[24.693151,42.005493],[24.693225,42.005622],[24.693417,42.005784],[24.69353,42.005901],[24.69358,42.006018],[24.693521,42.00623],[24.693459,42.006325],[24.693433,42.006584],[24.693309,42.006691],[24.693118,42.006789],[24.693074,42.006793],[24.692985,42.006833],[24.692666,42.006911],[24.692576,42.006957],[24.692476,42.006962],[24.692262,42.007049],[24.691875,42.007128],[24.691728,42.007181],[24.691611,42.007234],[24.691339,42.00726],[24.691211,42.007253],[24.690894,42.007218],[24.690605,42.007149],[24.690512,42.007144],[24.69071,42.007262],[24.691049,42.007483],[24.691233,42.007718],[24.691541,42.008422],[24.692713,42.009195],[24.693144,42.009322],[24.693445,42.009555],[24.69384,42.009789],[24.694123,42.010058],[24.694341,42.010314],[24.694709,42.010839],[24.694767,42.011166],[24.694702,42.01146],[24.694489,42.011818],[24.694307,42.01205],[24.693977,42.012289],[24.69308,42.012842],[24.692534,42.013078],[24.693132,42.012916],[24.693396,42.012776],[24.693695,42.012657],[24.694107,42.012508],[24.694285,42.012429],[24.694657,42.012222],[24.69478,42.012106],[24.694906,42.011941],[24.695026,42.011806],[24.695118,42.011663],[24.69523,42.011524],[24.695437,42.011347],[24.695687,42.011193],[24.695845,42.011057],[24.69596,42.010879],[24.695921,42.010744],[24.695899,42.010622],[24.695864,42.010573],[24.695861,42.010472],[24.695875,42.010248],[24.69593,42.010118],[24.695918,42.010004],[24.695961,42.009887],[24.696009,42.009454],[24.696056,42.009358],[24.69607,42.009257],[24.696187,42.008908],[24.696192,42.008789],[24.696241,42.008677],[24.696391,42.008428],[24.696449,42.008364],[24.69657,42.00814],[24.696613,42.008013],[24.696669,42.007583],[24.696662,42.007331],[24.696683,42.007226],[24.69672,42.006757],[24.696691,42.006748],[24.696648,42.006747],[24.696538,42.00683],[24.696393,42.0069],[24.696338,42.006906],[24.696285,42.006901],[24.696238,42.006871],[24.696133,42.006839],[24.696025,42.006812],[24.695896,42.006792],[24.695744,42.006802],[24.695656,42.006845],[24.695572,42.006836],[24.695512,42.006767],[24.695536,42.006696],[24.695613,42.006632],[24.695742,42.006432],[24.695751,42.006371],[24.695679,42.006364],[24.695608,42.006391],[24.69551,42.006414],[24.695445,42.006358],[24.695438,42.006284],[24.695491,42.006203],[24.695563,42.006151],[24.695598,42.005972],[24.695654,42.005863],[24.695739,42.005773],[24.69578,42.005706],[24.695811,42.005583],[24.695794,42.005491],[24.695678,42.00539]],[[24.692861,42.007006],[24.693024,42.006978],[24.6932,42.006931],[24.693367,42.006911],[24.693534,42.006922],[24.693697,42.006813],[24.693758,42.006711],[24.693835,42.006641],[24.694132,42.006578],[24.694212,42.006586],[24.694424,42.006626],[24.694519,42.006686],[24.694576,42.006789],[24.694584,42.006902],[24.694568,42.007113],[24.69463,42.007184],[24.694781,42.007322],[24.694808,42.007418],[24.694734,42.007551],[24.694764,42.007662],[24.694805,42.007732],[24.694986,42.00777],[24.69512,42.007769],[24.695265,42.007788],[24.695335,42.007816],[24.695412,42.008173],[24.695333,42.008387],[24.695327,42.008476],[24.695346,42.00858],[24.695296,42.008639],[24.695157,42.008691],[24.694918,42.008709],[24.694816,42.008687],[24.69456,42.008661],[24.694377,42.008738],[24.694346,42.008702],[24.694416,42.008494],[24.694374,42.008387],[24.694161,42.008293],[24.694055,42.00818],[24.693938,42.008161],[24.693879,42.008211],[24.693832,42.008221],[24.693801,42.008216],[24.693778,42.008199],[24.693737,42.008141],[24.69372,42.008052],[24.693648,42.008078],[24.693599,42.008075],[24.693413,42.007905],[24.693371,42.007817],[24.693308,42.007635],[24.693255,42.007563],[24.693064,42.00752],[24.692925,42.007506],[24.692839,42.007449],[24.69282,42.007367],[24.692752,42.007303],[24.692677,42.007312],[24.69247,42.007382],[24.69243,42.007298],[24.692329,42.00717],[24.692396,42.007133],[24.692651,42.007106],[24.692861,42.007006]]]},"properties":{"cadnum":"78207.19.2","purptype":"Горска","usetype":"Друг вид дървопроизводителна гора","proptype":"Държавна публична","immaddr":"с. Цар Калоян","place":"ЮРУКАЛАН","area":144259.67691147,"cadreg":19,"pnum":"2"}},{"type":"Feature","geometry":{"type":"Polygon","coordinates":[[[24.694416,42.008494],[24.694346,42.008702],[24.694377,42.008738],[24.69456,42.008661],[24.694816,42.008687],[24.694918,42.008709],[24.695157,42.008691],[24.695296,42.008639],[24.695346,42.00858],[24.695327,42.008476],[24.695333,42.008387],[24.695412,42.008173],[24.695335,42.007816],[24.695265,42.007788],[24.69512,42.007769],[24.694986,42.00777],[24.694805,42.007732],[24.694374,42.008387],[24.694416,42.008494]]]},"properties":{"cadnum":"78207.19.3","purptype":"Земеделска","usetype":"Друг вид недървопроизводителна горска площ","proptype":"Частна","immaddr":"с. Цар Калоян","place":"ЮРУКАЛАН","area":7112.8557730047,"cadreg":19,"pnum":"3"}},{"type":"Feature","geometry":{"type":"Polygon","coordinates":[[[24.693534,42.006922],[24.694734,42.007551],[24.694808,42.007418],[24.694781,42.007322],[24.69463,42.007184],[24.694568,42.007113],[24.694584,42.006902],[24.694576,42.006789],[24.694519,42.006686],[24.694424,42.006626],[24.694212,42.006586],[24.694132,42.006578],[24.693835,42.006641],[24.693758,42.006711],[24.693697,42.006813],[24.693534,42.006922]]]},"properties":{"cadnum":"78207.19.4","purptype":"Земеделска","usetype":"Друг вид недървопроизводителна горска площ","proptype":"Частна","immaddr":"с. Цар Калоян","place":"ЮРУКАЛАН","area":5568.8738070054,"cadreg":19,"pnum":"4"}},{"type":"Feature","geometry":{"type":"Polygon","coordinates":[[[24.692861,42.007006],[24.692651,42.007106],[24.692396,42.007133],[24.692329,42.00717],[24.69243,42.007298],[24.69247,42.007382],[24.692677,42.007312],[24.692752,42.007303],[24.69282,42.007367],[24.692839,42.007449],[24.692925,42.007506],[24.693064,42.00752],[24.693255,42.007563],[24.693308,42.007635],[24.693371,42.007817],[24.693413,42.007905],[24.693504,42.007994],[24.693685,42.007803],[24.694156,42.007973],[24.694269,42.008031],[24.69432,42.007977],[24.694557,42.008109],[24.694709,42.007877],[24.694561,42.0078],[24.694642,42.007714],[24.694099,42.00743],[24.693835,42.007306],[24.693978,42.007154],[24.693534,42.006922],[24.693367,42.006911],[24.6932,42.006931],[24.693024,42.006978],[24.692861,42.007006]]]},"properties":{"cadnum":"78207.19.5","purptype":"Земеделска","usetype":"Ски писта","proptype":"Частна обществени организации","immaddr":"с. Цар Калоян","place":"ЮРУКАЛАН","area":11516.460405021,"cadreg":19,"pnum":"5"}},{"type":"Feature","geometry":{"type":"Polygon","coordinates":[[[24.695794,42.005491],[24.695811,42.005583],[24.69578,42.005706],[24.695739,42.005773],[24.695654,42.005863],[24.695598,42.005972],[24.695563,42.006151],[24.695491,42.006203],[24.695438,42.006282],[24.695445,42.006358],[24.69551,42.006414],[24.695608,42.006391],[24.695679,42.006364],[24.695751,42.006371],[24.695742,42.006432],[24.695613,42.006632],[24.695536,42.006696],[24.695512,42.006767],[24.695572,42.006836],[24.695656,42.006845],[24.695744,42.006802],[24.695896,42.006792],[24.696025,42.006812],[24.696133,42.006839],[24.696238,42.006871],[24.696285,42.006901],[24.696338,42.006906],[24.696393,42.0069],[24.696538,42.00683],[24.696648,42.006747],[24.696691,42.006748],[24.69672,42.006757],[24.696774,42.006588],[24.696789,42.006441],[24.696872,42.00625],[24.696928,42.006149],[24.696981,42.00609],[24.697223,42.005941],[24.697327,42.005746],[24.697417,42.005462],[24.696907,42.005434],[24.69691,42.005389],[24.696888,42.005332],[24.696783,42.005213],[24.696737,42.005122],[24.696632,42.005092],[24.696477,42.005134],[24.696359,42.005203],[24.696262,42.005307],[24.696177,42.005416],[24.6962,42.005276],[24.696138,42.005196],[24.696119,42.005134],[24.696125,42.005049],[24.696096,42.004981],[24.69601,42.004931],[24.69594,42.004961],[24.695909,42.005007],[24.695713,42.005195],[24.695717,42.005331],[24.695678,42.00539],[24.695794,42.005491]]]},"properties":{"cadnum":"78207.19.6","purptype":"Горска","usetype":"Друг вид недървопроизводителна горска площ","proptype":"Държавна частна","immaddr":"с. Цар Калоян","place":"ЮРУКАЛАН","area":21081.381056529,"cadreg":19,"pnum":"6"}},{"type":"Feature","geometry":{"type":"Polygon","coordinates":[[[24.697417,42.005462],[24.697327,42.005746],[24.697223,42.005941],[24.696981,42.00609],[24.696928,42.006149],[24.696815,42.006373],[24.696789,42.006441],[24.696774,42.006588],[24.69672,42.006757],[24.696739,42.006764],[24.69671,42.006951],[24.696712,42.007032],[24.69674,42.007103],[24.696787,42.007151],[24.696824,42.007158],[24.696863,42.007146],[24.696893,42.007112],[24.69697,42.007099],[24.697017,42.007102],[24.697083,42.007135],[24.697103,42.007193],[24.697164,42.007237],[24.69725,42.007228],[24.697339,42.007189],[24.697485,42.007171],[24.697594,42.007192],[24.697674,42.007191],[24.697754,42.007168],[24.697827,42.007096],[24.697928,42.006902],[24.697969,42.006785],[24.69803,42.006705],[24.698047,42.006662],[24.698054,42.0066],[24.698138,42.006497],[24.698191,42.006518],[24.698265,42.00659],[24.698256,42.006643],[24.698287,42.006712],[24.698398,42.006657],[24.698546,42.006652],[24.69862,42.006706],[24.698585,42.006862],[24.69854,42.006964],[24.698511,42.007068],[24.698431,42.007173],[24.699443,42.007045],[24.699393,42.006965],[24.699294,42.006916],[24.69922,42.006868],[24.699183,42.006793],[24.699156,42.006622],[24.699161,42.006392],[24.69809,42.005689],[24.697732,42.005479],[24.697417,42.005462]]]},"properties":{"cadnum":"78207.19.7","purptype":"Горска","usetype":"Друг вид недървопроизводителна горска площ","proptype":"Държавна частна","immaddr":"с. Цар Калоян","place":"ЮРУКАЛАН","area":25305.605378037,"cadreg":19,"pnum":"7"}},{"type":"Feature","geometry":{"type":"Polygon","coordinates":[[[24.698428,42.00728],[24.69844,42.007406],[24.698542,42.007606],[24.698716,42.007749],[24.69883,42.007795],[24.698972,42.007738],[24.699072,42.007677],[24.699169,42.007592],[24.699257,42.007488],[24.699329,42.007432],[24.699463,42.007287],[24.699443,42.007045],[24.698431,42.007173],[24.698428,42.00728]]]},"properties":{"cadnum":"78207.19.8","purptype":"Земеделска","usetype":"Друг вид недървопроизводителна горска площ","proptype":"Частна","immaddr":"с. Цар Калоян","place":"ЮРУКАЛАН","area":4769.8488329972,"cadreg":19,"pnum":"8"}},{"type":"Feature","geometry":{"type":"Polygon","coordinates":[[[24.697732,42.005479],[24.69809,42.005689],[24.697898,42.005428],[24.697734,42.005238],[24.697644,42.005062],[24.697417,42.005462],[24.697732,42.005479]]]},"properties":{"cadnum":"78207.19.9","purptype":"Горска","usetype":"Друг вид дървопроизводителна гора","proptype":"Държавна частна","immaddr":"с. Цар Калоян","place":"ЮРУКАЛАН","area":1126.0473344831,"cadreg":19,"pnum":"9"}},{"type":"Feature","geometry":{"type":"Polygon","coordinates":[[[24.69533,42.004989],[24.695251,42.004794],[24.695161,42.004656],[24.695047,42.004676],[24.694973,42.004737],[24.694888,42.004904],[24.694842,42.00503],[24.694856,42.005066],[24.69494,42.005174],[24.695093,42.005233],[24.695198,42.005233],[24.695261,42.005216],[24.695323,42.005182],[24.695341,42.005135],[24.695345,42.00508],[24.69533,42.004989]]]},"properties":{"cadnum":"78207.19.11","purptype":"Горска","usetype":"Друг вид дървопроизводителна гора","proptype":"Общинска частна","immaddr":"с. Цар Калоян","place":"ЮРУКАЛАН","area":1884.2009150051,"cadreg":19,"pnum":"11"}},{"type":"Feature","geometry":{"type":"Polygon","coordinates":[[[24.694122,42.004314],[24.694051,42.004243],[24.693944,42.004155],[24.693834,42.004043],[24.693759,42.003954],[24.693669,42.003823],[24.693574,42.003741],[24.693527,42.003723],[24.69347,42.003719],[24.693389,42.003753],[24.693381,42.00379],[24.693395,42.003827],[24.693489,42.003904],[24.693513,42.00394],[24.693518,42.003973],[24.693497,42.003991],[24.69332,42.00402],[24.693165,42.004006],[24.693111,42.004007],[24.693088,42.004018],[24.693099,42.004066],[24.693213,42.004159],[24.693214,42.004217],[24.693177,42.004257],[24.693099,42.004283],[24.693064,42.004329],[24.693085,42.004415],[24.693182,42.004499],[24.693383,42.004568],[24.69344,42.004622],[24.693448,42.004747],[24.693487,42.004791],[24.693538,42.004812],[24.693799,42.004781],[24.693983,42.004725],[24.694047,42.00468],[24.694122,42.004644],[24.69427,42.004665],[24.694304,42.004737],[24.694285,42.004814],[24.694217,42.00487],[24.694129,42.004964],[24.694106,42.005033],[24.694281,42.004918],[24.694398,42.004784],[24.694497,42.004444],[24.694486,42.00434],[24.694517,42.004317],[24.6943,42.004361],[24.694122,42.004314]]]},"properties":{"cadnum":"78207.19.12","purptype":"Горска","usetype":"За туристическа база, хижа","proptype":"Държавна частна","immaddr":"с. Цар Калоян","place":"ЮРУКАЛАН","area":7749.3362934971,"cadreg":19,"pnum":"12"}},{"type":"Feature","geometry":{"type":"Polygon","coordinates":[[[24.693796,42.003165],[24.693895,42.00318],[24.69396,42.003142],[24.693998,42.003091],[24.694084,42.003022],[24.694191,42.003025],[24.694287,42.003087],[24.694431,42.003135],[24.694557,42.003086],[24.694705,42.003044],[24.695067,42.002994],[24.695024,42.002886],[24.694906,42.002766],[24.69492,42.00263],[24.694985,42.002385],[24.694803,42.002411],[24.69459,42.00239],[24.694363,42.002326],[24.694361,42.002596],[24.694314,42.00263],[24.69421,42.002628],[24.694196,42.002579],[24.694121,42.002527],[24.694074,42.002414],[24.69406,42.002301],[24.69401,42.002232],[24.693913,42.002169],[24.693736,42.002134],[24.693203,42.002137],[24.693055,42.002121],[24.693038,42.002177],[24.693117,42.00223],[24.693345,42.002481],[24.693256,42.002484],[24.69317,42.002459],[24.693081,42.002468],[24.693068,42.002538],[24.693147,42.002607],[24.693229,42.002729],[24.693204,42.002897],[24.693254,42.002919],[24.693358,42.002915],[24.693427,42.002866],[24.69344,42.0028],[24.6935,42.002729],[24.693626,42.002778],[24.693695,42.002859],[24.693841,42.002874],[24.693904,42.002932],[24.693911,42.003004],[24.693857,42.003101],[24.693788,42.003146],[24.693796,42.003165]]]},"properties":{"cadnum":"78207.19.13","purptype":"Горска","usetype":"Друг вид недървопроизводителна горска площ","proptype":"Общинска частна","immaddr":"с. Цар Калоян","place":"ЮРУКАЛАН","area":11254.226813001,"cadreg":19,"pnum":"13"}},{"type":"Feature","geometry":{"type":"Polygon","coordinates":[[[24.690408,42.0025],[24.690496,42.002599],[24.690846,42.002715],[24.690978,42.002794],[24.691129,42.00284],[24.691261,42.002901],[24.691351,42.002956],[24.691496,42.003015],[24.691614,42.003114],[24.69167,42.003205],[24.691696,42.003311],[24.69178,42.003407],[24.691872,42.003477],[24.69195,42.003567],[24.692049,42.003704],[24.692104,42.00395],[24.692158,42.004393],[24.69216,42.004747],[24.692269,42.00479],[24.692391,42.004848],[24.692469,42.004917],[24.692527,42.004924],[24.692502,42.004773],[24.692488,42.00459],[24.692528,42.004438],[24.692466,42.00431],[24.692373,42.004194],[24.692328,42.004097],[24.692409,42.004045],[24.692558,42.00398],[24.69255,42.003559],[24.692509,42.003412],[24.692506,42.003326],[24.692397,42.003405],[24.692144,42.003548],[24.69203,42.003539],[24.691967,42.00348],[24.692013,42.003299],[24.692301,42.003061],[24.692335,42.002956],[24.692317,42.002864],[24.692219,42.00281],[24.692076,42.002695],[24.691991,42.00264],[24.691883,42.002644],[24.691799,42.002691],[24.69155,42.002758],[24.691474,42.002752],[24.691378,42.002716],[24.691264,42.002689],[24.691166,42.002655],[24.690824,42.002524],[24.690679,42.002494],[24.690523,42.002434],[24.69042,42.00242],[24.690409,42.002424],[24.690397,42.002471],[24.690408,42.0025]]]},"properties":{"cadnum":"78207.19.14","purptype":"Горска","usetype":"Друг вид недървопроизводителна горска площ","proptype":"Общинска частна","immaddr":"с. Цар Калоян","place":"ЮРУКАЛАН","area":10960.108543003,"cadreg":19,"pnum":"14"}},{"type":"Feature","geometry":{"type":"Polygon","coordinates":[[[24.69102,42.005502],[24.691191,42.005523],[24.691303,42.005602],[24.691392,42.005651],[24.691456,42.005705],[24.691843,42.005705],[24.691945,42.005683],[24.69219,42.005607],[24.692244,42.005658],[24.692444,42.0058],[24.692598,42.005826],[24.692724,42.005862],[24.692894,42.005887],[24.693001,42.005953],[24.693068,42.005984],[24.693111,42.006035],[24.693208,42.00606],[24.693296,42.006046],[24.693397,42.005978],[24.693381,42.005913],[24.693274,42.005842],[24.693132,42.005702],[24.693059,42.005652],[24.693018,42.005531],[24.693027,42.005473],[24.692923,42.005408],[24.692809,42.005381],[24.692663,42.005393],[24.692391,42.005451],[24.692269,42.005445],[24.692163,42.00541],[24.692102,42.00535],[24.692049,42.00529],[24.692046,42.005213],[24.692114,42.005204],[24.692178,42.005179],[24.692257,42.005136],[24.692286,42.005083],[24.69237,42.005018],[24.692415,42.004954],[24.692336,42.004904],[24.692159,42.004836],[24.692077,42.004792],[24.691965,42.004756],[24.691745,42.004737],[24.691494,42.004726],[24.691391,42.004684],[24.691332,42.004604],[24.691295,42.004526],[24.691202,42.004461],[24.691119,42.004437],[24.691007,42.004492],[24.690969,42.004563],[24.690855,42.004737],[24.690853,42.004819],[24.691001,42.004881],[24.691084,42.004901],[24.691178,42.004942],[24.691256,42.004991],[24.691299,42.005058],[24.691252,42.005109],[24.691101,42.005212],[24.691055,42.005255],[24.691022,42.005319],[24.690966,42.005394],[24.690955,42.005441],[24.690987,42.00546],[24.69102,42.005502]]]},"properties":{"cadnum":"78207.19.15","purptype":"Горска","usetype":"Друг вид недървопроизводителна горска площ","proptype":"Общинска частна","immaddr":"с. Цар Калоян","place":"ЮРУКАЛАН","area":14332.986587014,"cadreg":19,"pnum":"15"}},{"type":"Feature","geometry":{"type":"Polygon","coordinates":[[[24.691722,42.006068],[24.691445,42.006266],[24.691393,42.006317],[24.691398,42.006395],[24.691422,42.006435],[24.691476,42.006475],[24.691479,42.006535],[24.691444,42.006591],[24.691357,42.006654],[24.691145,42.006707],[24.691101,42.006741],[24.691086,42.006767],[24.691099,42.006788],[24.691184,42.006788],[24.691251,42.006845],[24.691288,42.006973],[24.69137,42.007068],[24.691414,42.007086],[24.691484,42.007083],[24.691554,42.007059],[24.691642,42.007058],[24.691731,42.007013],[24.691797,42.006951],[24.691831,42.006867],[24.691852,42.006791],[24.691836,42.0067],[24.691997,42.006631],[24.69222,42.006506],[24.69231,42.00648],[24.69237,42.006409],[24.692481,42.006359],[24.692592,42.006244],[24.692626,42.006188],[24.692602,42.006158],[24.692213,42.006095],[24.692064,42.006058],[24.691958,42.006047],[24.691722,42.006068]]]},"properties":{"cadnum":"78207.19.16","purptype":"Горска","usetype":"Друг вид недървопроизводителна горска площ","proptype":"Общинска частна","immaddr":"с. Цар Калоян","place":"ЮРУКАЛАН","area":6925.8357600058,"cadreg":19,"pnum":"16"}},{"type":"Feature","geometry":{"type":"Polygon","coordinates":[[[24.69007,42.007717],[24.690189,42.007551],[24.690077,42.007521],[24.689933,42.007455],[24.689881,42.00741],[24.689808,42.007382],[24.689701,42.007409],[24.689644,42.007478],[24.689565,42.007489],[24.689527,42.007437],[24.689472,42.007327],[24.689457,42.007347],[24.689304,42.007371],[24.689212,42.007362],[24.689062,42.007312],[24.688957,42.007307],[24.688925,42.007352],[24.688855,42.00742],[24.688804,42.007516],[24.688745,42.007592],[24.688673,42.007588],[24.688552,42.007598],[24.68847,42.007616],[24.688454,42.007722],[24.688513,42.007841],[24.688651,42.007976],[24.688787,42.008161],[24.688946,42.008159],[24.689057,42.008151],[24.689192,42.008129],[24.689298,42.008128],[24.689386,42.008116],[24.689468,42.008079],[24.689541,42.008026],[24.689681,42.007943],[24.689775,42.007866],[24.69007,42.007717]]]},"properties":{"cadnum":"78207.19.17","purptype":"Земеделска","usetype":"Друг вид недървопроизводителна горска площ","proptype":"Частна","immaddr":"с. Цар Калоян","place":"ЮРУКАЛАН","area":8545.7422065144,"cadreg":19,"pnum":"17"}},{"type":"Feature","geometry":{"type":"Polygon","coordinates":[[[24.688903,42.005206],[24.689205,42.005236],[24.68929,42.005208],[24.689337,42.005154],[24.689313,42.005085],[24.689224,42.005016],[24.689165,42.004918],[24.689161,42.004867],[24.689112,42.004799],[24.688984,42.004781],[24.688903,42.004778],[24.68882,42.004785],[24.688744,42.004828],[24.688697,42.004866],[24.688641,42.004937],[24.688632,42.005005],[24.688654,42.005063],[24.688723,42.005118],[24.688903,42.005206]]]},"properties":{"cadnum":"78207.19.18","purptype":"Горска","usetype":"Друг вид недървопроизводителна горска площ","proptype":"Общинска частна","immaddr":"с. Цар Калоян","place":"ЮРУКАЛАН","area":2065.2080800004,"cadreg":19,"pnum":"18"}},{"type":"Feature","geometry":{"type":"Polygon","coordinates":[[[24.687131,42.003954],[24.687105,42.004066],[24.687151,42.004128],[24.687337,42.004292],[24.687419,42.004337],[24.687422,42.004517],[24.687488,42.004602],[24.687505,42.004647],[24.687627,42.004794],[24.687667,42.004856],[24.687757,42.004899],[24.68784,42.00488],[24.687915,42.004834],[24.687953,42.004796],[24.688064,42.004766],[24.688167,42.004801],[24.688242,42.004835],[24.688323,42.004829],[24.688434,42.004789],[24.688479,42.004736],[24.688502,42.004666],[24.688163,42.004469],[24.688146,42.004427],[24.688235,42.004366],[24.688312,42.004381],[24.68843,42.004364],[24.688442,42.004278],[24.688439,42.004082],[24.68845,42.004032],[24.68848,42.003983],[24.68843,42.003929],[24.688347,42.003912],[24.688278,42.003887],[24.688235,42.003848],[24.688086,42.003784],[24.687992,42.003816],[24.687931,42.00385],[24.687861,42.003872],[24.687654,42.003897],[24.687559,42.003875],[24.687474,42.003845],[24.687362,42.003861],[24.687224,42.003896],[24.687131,42.003954]]]},"properties":{"cadnum":"78207.19.19","purptype":"Горска","usetype":"Друг вид недървопроизводителна горска площ","proptype":"Общинска частна","immaddr":"с. Цар Калоян","place":"ЮРУКАЛАН","area":9282.1244745013,"cadreg":19,"pnum":"19"}},{"type":"Feature","geometry":{"type":"Polygon","coordinates":[[[24.68675,42.004606],[24.686666,42.004552],[24.686562,42.004541],[24.68636,42.00458],[24.686232,42.00462],[24.686088,42.004636],[24.686003,42.004667],[24.685979,42.004708],[24.685982,42.004756],[24.686232,42.004783],[24.686391,42.004767],[24.686714,42.004832],[24.686773,42.004864],[24.686815,42.00487],[24.686864,42.004834],[24.686949,42.004803],[24.686836,42.004642],[24.68675,42.004606]]]},"properties":{"cadnum":"78207.19.20","purptype":"Горска","usetype":"Друг вид недървопроизводителна горска площ","proptype":"Общинска частна","immaddr":"с. Цар Калоян","place":"ЮРУКАЛАН","area":1664.141076001,"cadreg":19,"pnum":"20"}},{"type":"Feature","geometry":{"type":"Polygon","coordinates":[[[24.686192,42.001291],[24.686313,42.001333],[24.686531,42.001446],[24.686658,42.001525],[24.686894,42.001696],[24.687003,42.001799],[24.687164,42.001874],[24.687178,42.001943],[24.687511,42.002021],[24.687736,42.002092],[24.687763,42.002169],[24.687924,42.002351],[24.688002,42.002397],[24.688109,42.002441],[24.68814,42.002377],[24.688162,42.002195],[24.688184,42.002112],[24.688244,42.002012],[24.6883,42.001952],[24.688325,42.001866],[24.688323,42.001787],[24.688236,42.0017],[24.688165,42.001671],[24.687945,42.001558],[24.687813,42.00151],[24.687682,42.001421],[24.687516,42.001328],[24.687371,42.001265],[24.687173,42.001212],[24.687048,42.001142],[24.686888,42.001078],[24.686734,42.001046],[24.686437,42.001009],[24.686334,42.001054],[24.686266,42.001089],[24.68622,42.001142],[24.686181,42.001212],[24.686176,42.001261],[24.686192,42.001291]]]},"properties":{"cadnum":"78207.19.21","purptype":"Горска","usetype":"Друг вид недървопроизводителна горска площ","proptype":"Общинска частна","immaddr":"с. Цар Калоян","place":"ЮРУКАЛАН","area":11446.733732997,"cadreg":19,"pnum":"21"}},{"type":"Feature","geometry":{"type":"Polygon","coordinates":[[[24.69432,42.007977],[24.694269,42.008031],[24.694156,42.007973],[24.693685,42.007803],[24.693504,42.007994],[24.693599,42.008075],[24.693648,42.008078],[24.69372,42.008052],[24.693737,42.008141],[24.693778,42.008199],[24.693801,42.008216],[24.693832,42.008221],[24.693879,42.008211],[24.693938,42.008161],[24.694055,42.00818],[24.694161,42.008293],[24.694374,42.008387],[24.694557,42.008109],[24.69432,42.007977]]]},"properties":{"cadnum":"78207.19.23","purptype":"Земеделска","usetype":"Друг вид недървопроизводителна горска площ","proptype":"Частна","immaddr":"с. Цар Калоян","place":"ЮРУКАЛАН","area":2545.0207874845,"cadreg":19,"pnum":"23"}},{"type":"Feature","geometry":{"type":"Polygon","coordinates":[[[24.694764,42.007662],[24.694734,42.007551],[24.693978,42.007154],[24.693835,42.007306],[24.694099,42.00743],[24.694642,42.007714],[24.694561,42.0078],[24.694709,42.007877],[24.694805,42.007732],[24.694764,42.007662]]]},"properties":{"cadnum":"78207.19.24","purptype":"Земеделска","usetype":"Друг вид недървопроизводителна горска площ","proptype":"Частна","immaddr":"с. Цар Калоян","place":"ЮРУКАЛАН","area":1855.0023100087,"cadreg":19,"pnum":"24"}},{"type":"Feature","geometry":{"type":"Polygon","coordinates":[[[24.696632,42.003405],[24.696472,42.003748],[24.696299,42.003757],[24.696363,42.003858],[24.696661,42.00381],[24.696739,42.003787],[24.696784,42.003753],[24.696798,42.003714],[24.696632,42.003405]]]},"properties":{"cadnum":"78207.19.27","purptype":"Земеделска","usetype":"За курортен хотел, почивен дом","proptype":"Частна обществени организации","immaddr":"с. Цар Калоян","place":"ЮРУКАЛАН","area":854.84595548392,"cadreg":19,"pnum":"27"}},{"type":"Feature","geometry":{"type":"Polygon","coordinates":[[[24.687091,41.997833],[24.687295,41.997668],[24.686275,41.997272],[24.686313,41.997476],[24.686429,41.997521],[24.686374,41.997596],[24.687091,41.997833]]]},"properties":{"cadnum":"78207.19.28","purptype":"Горска","usetype":"Друг вид дървопроизводителна гора","proptype":"Частна обществени организации","immaddr":"с. Цар Калоян","place":"ЮРУКАЛАН","area":2092.3790985096,"cadreg":19,"pnum":"28"}},{"type":"Feature","geometry":{"type":"Polygon","coordinates":[[[24.687331,41.997637],[24.687293,41.997341],[24.687274,41.99726],[24.686992,41.997189],[24.68651,41.997122],[24.686378,41.996907],[24.686989,41.996657],[24.687001,41.996259],[24.686066,41.996228],[24.686032,41.996233],[24.686261,41.997459],[24.686313,41.997476],[24.686275,41.997272],[24.687295,41.997668],[24.687331,41.997637]]]},"properties":{"cadnum":"78207.19.29","purptype":"Горска","usetype":"Друг вид дървопроизводителна гора","proptype":"Частна обществени организации","immaddr":"с. Цар Калоян","place":"ЮРУКАЛАН","area":8347.3134754591,"cadreg":19,"pnum":"29"}},{"type":"Feature","geometry":{"type":"Polygon","coordinates":[[[24.695938,42.002938],[24.696259,42.003388],[24.6963,42.003309],[24.696326,42.003316],[24.696389,42.003307],[24.696467,42.003152],[24.696204,42.002769],[24.695938,42.002938]]]},"properties":{"cadnum":"78207.19.30","purptype":"Урбанизирана","usetype":"Комплексно застрояване","proptype":"Частна обществени организации","immaddr":"с. Цар Калоян","place":"ЮРУКАЛАН","area":1500.0069034911,"cadreg":19,"pnum":"30"}},{"type":"Feature","geometry":{"type":"Polygon","coordinates":[[[24.686374,41.997596],[24.686429,41.997521],[24.686261,41.997459],[24.686277,41.997545],[24.686293,41.99757],[24.686374,41.997596]]]},"properties":{"cadnum":"78207.19.33","purptype":"Горска","usetype":"Друг вид дървопроизводителна гора","proptype":"Частна","immaddr":"с. Цар Калоян","place":"ЮРУКАЛАН","area":117.11808900281,"cadreg":19,"pnum":"33"}},{"type":"Feature","geometry":{"type":"Polygon","coordinates":[[[24.685971,41.995907],[24.686032,41.996233],[24.686066,41.996228],[24.687001,41.996259],[24.687686,41.996481],[24.687537,41.996021],[24.685971,41.995907]]]},"properties":{"cadnum":"78207.19.42","purptype":"Земеделска","usetype":"Спортно игрище","proptype":"Частна обществени организации","immaddr":"с. Цар Калоян","place":"ЮРУКАЛАН","area":4706.028321543,"cadreg":19,"pnum":"42"}},{"type":"Feature","geometry":{"type":"Polygon","coordinates":[[[24.695989,42.003982],[24.695532,42.004098],[24.695296,42.004141],[24.695176,42.004153],[24.695266,42.00448],[24.696055,42.004324],[24.697087,42.00431],[24.697043,42.00423],[24.696876,42.004138],[24.696622,42.00405],[24.696428,42.003996],[24.696227,42.003983],[24.695989,42.003982]]]},"properties":{"cadnum":"78207.19.44","purptype":"Земеделска","usetype":"За санаториум, балнеосанаториум, профилакториум","proptype":"Частна обществени организации","immaddr":"с. Цар Калоян","place":"ЮРУКАЛАН","area":4997.1950375477,"cadreg":19,"pnum":"44"}},{"type":"Feature","geometry":{"type":"Polygon","coordinates":[[[24.682299,42.003707],[24.682301,42.00385],[24.682603,42.003848],[24.682601,42.003704],[24.682299,42.003707]]]},"properties":{"cadnum":"78207.19.46","purptype":"Горска","usetype":"За съоръжение на съобщителен провод","proptype":"Държавна частна","immaddr":"с. Цар Калоян","place":"ЮРУКАЛАН","area":399.84311299839,"cadreg":19,"pnum":"46"}},{"type":"Feature","geometry":{"type":"Polygon","coordinates":[[[24.69623,42.003876],[24.696363,42.003858],[24.696299,42.003757],[24.696472,42.003748],[24.696632,42.003405],[24.696467,42.003152],[24.696389,42.003307],[24.696326,42.003316],[24.6963,42.003309],[24.696101,42.003691],[24.69623,42.003876]]]},"properties":{"cadnum":"78207.19.47","purptype":"Урбанизирана","usetype":"За курортен хотел, почивен дом","proptype":"Частна обществени организации","immaddr":"с. Цар Калоян","place":"ЮРУКАЛАН","area":1801.601124015,"cadreg":19,"pnum":"47"}},{"type":"Feature","geometry":{"type":"Polygon","coordinates":[[[24.695713,42.005195],[24.695909,42.005007],[24.69594,42.004961],[24.695407,42.00514],[24.695715,42.005276],[24.695713,42.005195]]]},"properties":{"cadnum":"78207.19.49","purptype":"Урбанизирана","usetype":"За санаториум, балнеосанаториум, профилакториум","proptype":"Частна обществени организации","immaddr":"с. Цар Калоян","place":"ЮРУКАЛАН","area":509.69845251117,"cadreg":19,"pnum":"49"}},{"type":"Feature","geometry":{"type":"Polygon","coordinates":[[[24.696096,42.004981],[24.696125,42.005049],[24.696119,42.005134],[24.696138,42.005196],[24.6962,42.005276],[24.696177,42.005416],[24.696262,42.005307],[24.696359,42.005203],[24.696477,42.005134],[24.696632,42.005092],[24.696737,42.005122],[24.696809,42.005029],[24.696715,42.004988],[24.69601,42.004931],[24.696096,42.004981]]]},"properties":{"cadnum":"78207.19.50","purptype":"Урбанизирана","usetype":"За санаториум, балнеосанаториум, профилакториум","proptype":"Частна обществени организации","immaddr":"с. Цар Калоян","place":"ЮРУКАЛАН","area":1315.7968564869,"cadreg":19,"pnum":"50"}},{"type":"Feature","geometry":{"type":"Polygon","coordinates":[[[24.696786,42.005214],[24.696888,42.005332],[24.69691,42.005389],[24.696907,42.005434],[24.69722,42.005451],[24.69739,42.005281],[24.696809,42.005029],[24.696737,42.005122],[24.696786,42.005214]]]},"properties":{"cadnum":"78207.19.51","purptype":"Урбанизирана","usetype":"За санаториум, балнеосанаториум, профилакториум","proptype":"Частна обществени организации","immaddr":"с. Цар Калоян","place":"ЮРУКАЛАН","area":1364.1725730018,"cadreg":19,"pnum":"51"}},{"type":"Feature","geometry":{"type":"Polygon","coordinates":[[[24.695438,42.004889],[24.695472,42.004964],[24.695489,42.005063],[24.696011,42.004886],[24.696108,42.004894],[24.696114,42.004682],[24.695438,42.004889]]]},"properties":{"cadnum":"78207.19.52","purptype":"Урбанизирана","usetype":"За санаториум, балнеосанаториум, профилакториум","proptype":"Частна обществени организации","immaddr":"с. Цар Калоян","place":"ЮРУКАЛАН","area":1081.3766959963,"cadreg":19,"pnum":"52"}},{"type":"Feature","geometry":{"type":"Polygon","coordinates":[[[24.696114,42.004682],[24.696108,42.004894],[24.696735,42.004945],[24.696939,42.005033],[24.697419,42.004888],[24.697394,42.004869],[24.697297,42.004693],[24.696131,42.004677],[24.696114,42.004682]]]},"properties":{"cadnum":"78207.19.53","purptype":"Урбанизирана","usetype":"За санаториум, балнеосанаториум, профилакториум","proptype":"Частна обществени организации","immaddr":"с. Цар Калоян","place":"ЮРУКАЛАН","area":3004.2180099855,"cadreg":19,"pnum":"53"}},{"type":"Feature","geometry":{"type":"Polygon","coordinates":[[[24.696939,42.005033],[24.697426,42.005244],[24.697554,42.005116],[24.697565,42.005097],[24.697562,42.005075],[24.697494,42.004946],[24.697419,42.004888],[24.696939,42.005033]]]},"properties":{"cadnum":"78207.19.54","purptype":"Урбанизирана","usetype":"За санаториум, балнеосанаториум, профилакториум","proptype":"Частна обществени организации","immaddr":"с. Цар Калоян","place":"ЮРУКАЛАН","area":1066.384382499,"cadreg":19,"pnum":"54"}},{"type":"Feature","geometry":{"type":"Polygon","coordinates":[[[24.69533,42.004989],[24.695343,42.005112],[24.695407,42.00514],[24.69594,42.004961],[24.69601,42.004931],[24.696715,42.004988],[24.69739,42.005281],[24.69722,42.005451],[24.697417,42.005462],[24.697644,42.005062],[24.697494,42.004946],[24.697562,42.005075],[24.697565,42.005097],[24.697554,42.005116],[24.697426,42.005244],[24.696735,42.004945],[24.696011,42.004886],[24.695489,42.005063],[24.695472,42.004964],[24.695438,42.004889],[24.695304,42.00493],[24.69533,42.004989]]]},"properties":{"cadnum":"78207.19.55","purptype":"Урбанизирана","usetype":"За селскостопански, горски, ведомствен път","proptype":"Частна обществени организации","immaddr":"с. Цар Калоян","place":"ЮРУКАЛАН","area":1654.9825774873,"cadreg":19,"pnum":"55"}},{"type":"Feature","geometry":{"type":"Polygon","coordinates":[[[24.687412,41.997772],[24.687343,41.997725],[24.687445,41.997613],[24.687357,41.997662],[24.687131,41.997846],[24.687412,41.997772]]]},"properties":{"cadnum":"78207.19.58","purptype":"Земеделска","usetype":"За курортен хотел, почивен дом","proptype":"Частна обществени организации","immaddr":"с. Цар Калоян","place":"ЮРУКАЛАН","area":160.90328749909,"cadreg":19,"pnum":"58"}},{"type":"Feature","geometry":{"type":"Polygon","coordinates":[[[24.687331,41.997637],[24.687099,41.997825],[24.687091,41.997833],[24.687131,41.997846],[24.687357,41.997662],[24.687445,41.997613],[24.68749,41.997564],[24.687412,41.997591],[24.687331,41.997637]]]},"properties":{"cadnum":"78207.19.59","purptype":"Горска","usetype":"Друг вид дървопроизводителна гора","proptype":"Частна обществени организации","immaddr":"с. Цар Калоян","place":"ЮРУКАЛАН","area":143.30290350706,"cadreg":19,"pnum":"59"}},{"type":"Feature","geometry":{"type":"Polygon","coordinates":[[[24.687686,41.996481],[24.687001,41.996259],[24.686989,41.996657],[24.686378,41.996907],[24.68651,41.997122],[24.686992,41.997189],[24.687274,41.99726],[24.687293,41.997341],[24.687331,41.997637],[24.687412,41.997591],[24.68749,41.997564],[24.687893,41.997121],[24.687686,41.996481]]]},"properties":{"cadnum":"78207.19.60","purptype":"Горска","usetype":"Друг вид дървопроизводителна гора","proptype":"Частна","immaddr":"с. Цар Калоян","place":"ЮРУКАЛАН","area":9290.3758600088,"cadreg":19,"pnum":"60"}},{"type":"Feature","geometry":{"type":"Polygon","coordinates":[[[24.694169,42.004327],[24.6943,42.004361],[24.694517,42.004317],[24.694575,42.004274],[24.694839,42.004207],[24.69511,42.00416],[24.695296,42.004141],[24.695532,42.004098],[24.695989,42.003982],[24.696227,42.003983],[24.696787,42.003911],[24.696834,42.003917],[24.696876,42.003933],[24.696925,42.003983],[24.696798,42.003714],[24.696784,42.003753],[24.696739,42.003787],[24.696661,42.00381],[24.696363,42.003858],[24.69623,42.003876],[24.696187,42.003873],[24.69506,42.00404],[24.69465,42.004138],[24.694602,42.004142],[24.69454,42.004174],[24.694471,42.004233],[24.694385,42.004278],[24.694346,42.004292],[24.694169,42.004327]]]},"properties":{"cadnum":"78207.19.62","purptype":"Горска","usetype":"Друг вид дървопроизводителна гора","proptype":"Общинска частна","immaddr":"с. Цар Калоян","place":"ЮРУКАЛАН","area":2716.2146935464,"cadreg":19,"pnum":"62"}},{"type":"Feature","geometry":{"type":"Polygon","coordinates":[[[24.697043,42.00423],[24.696915,42.003966],[24.696885,42.003939],[24.696845,42.00392],[24.696775,42.003912],[24.696227,42.003983],[24.696428,42.003996],[24.696622,42.00405],[24.696876,42.004138],[24.697043,42.00423]]]},"properties":{"cadnum":"78207.19.63","purptype":"Горска","usetype":"Друг вид дървопроизводителна гора","proptype":"Държавна частна","immaddr":"с. Цар Калоян","place":"ЮРУКАЛАН","area":775.87299647914,"cadreg":19,"pnum":"63"}},{"type":"Feature","geometry":{"type":"Polygon","coordinates":[[[24.69623,42.003876],[24.696101,42.003691],[24.694803,42.003028],[24.694705,42.003044],[24.694557,42.003086],[24.694431,42.003135],[24.694287,42.003087],[24.694191,42.003025],[24.694084,42.003022],[24.693998,42.003091],[24.69396,42.003142],[24.693895,42.00318],[24.693796,42.003165],[24.693755,42.003299],[24.694053,42.003792],[24.694452,42.004242],[24.69454,42.004174],[24.694602,42.004142],[24.69465,42.004138],[24.69506,42.00404],[24.696187,42.003873],[24.69623,42.003876]]]},"properties":{"cadnum":"78207.19.64","purptype":"Горска","usetype":"Друг вид дървопроизводителна гора","proptype":"Общинска частна","immaddr":"с. Цар Калоян","place":"ЮРУКАЛАН","area":15622.443722968,"cadreg":19,"pnum":"64"}},{"type":"Feature","geometry":{"type":"Polygon","coordinates":[[[24.695304,42.00493],[24.696131,42.004677],[24.697297,42.004693],[24.697087,42.00431],[24.696055,42.004324],[24.695266,42.00448],[24.695176,42.004153],[24.694916,42.004194],[24.695161,42.004656],[24.695251,42.004794],[24.695304,42.00493]]]},"properties":{"cadnum":"78207.19.66","purptype":"Урбанизирана","usetype":"За санаториум, балнеосанаториум, профилакториум","proptype":"Частна обществени организации","immaddr":"с. Цар Калоян","place":"ЮРУКАЛАН","area":7872.3767749778,"cadreg":19,"pnum":"66"}},{"type":"Feature","geometry":{"type":"Polygon","coordinates":[[[24.680994,41.990768],[24.681,41.990426],[24.681087,41.990162],[24.681061,41.989904],[24.680979,41.989589],[24.680796,41.989203],[24.680403,41.988677],[24.680278,41.988381],[24.680321,41.98751],[24.680227,41.986978],[24.680011,41.986207],[24.680516,41.98202],[24.680329,41.98163],[24.680004,41.980778],[24.67979,41.980168],[24.680207,41.98312],[24.68018,41.983509],[24.680191,41.983651],[24.680101,41.98396],[24.679327,41.987328],[24.679495,41.988767],[24.681529,41.993497],[24.682186,41.995115],[24.685971,41.995907],[24.687537,41.996021],[24.687364,41.995487],[24.686893,41.994762],[24.685365,41.994307],[24.684166,41.994181],[24.682877,41.993668],[24.682706,41.993232],[24.682836,41.99243],[24.682792,41.991865],[24.682497,41.991706],[24.681565,41.991459],[24.681177,41.991252],[24.680994,41.990768]]]},"properties":{"cadnum":"78207.19.67","purptype":"Горска","usetype":"Друг вид дървопроизводителна гора","proptype":"Държавна частна","immaddr":"с. Цар Калоян","place":"ЮРУКАЛАН","area":157967.8199304,"cadreg":19,"pnum":"67"}},{"type":"Feature","geometry":{"type":"Polygon","coordinates":[[[24.682783,41.996584],[24.683893,41.997259],[24.684781,41.999468],[24.68487,41.999825],[24.684712,42.000389],[24.684549,42.000731],[24.684288,42.001173],[24.684237,42.001313],[24.684109,42.001941],[24.684065,42.002221],[24.683962,42.002555],[24.683634,42.00291],[24.683318,42.003224],[24.683091,42.003425],[24.686666,42.004552],[24.68675,42.004606],[24.686836,42.004642],[24.690512,42.007144],[24.690605,42.007149],[24.690894,42.007218],[24.691211,42.007253],[24.691339,42.00726],[24.691611,42.007234],[24.691728,42.007181],[24.691875,42.007128],[24.692262,42.007049],[24.692476,42.006962],[24.692576,42.006957],[24.692666,42.006911],[24.692985,42.006833],[24.693074,42.006793],[24.693118,42.006789],[24.693309,42.006691],[24.693433,42.006584],[24.693459,42.006325],[24.693521,42.00623],[24.69358,42.006018],[24.69353,42.005901],[24.693417,42.005784],[24.693225,42.005622],[24.693151,42.005493],[24.693108,42.005368],[24.693122,42.005319],[24.69354,42.005257],[24.693833,42.005204],[24.693918,42.005173],[24.694106,42.005033],[24.694129,42.004964],[24.694217,42.00487],[24.694285,42.004814],[24.694304,42.004737],[24.69427,42.004665],[24.694122,42.004644],[24.694047,42.00468],[24.693983,42.004725],[24.693799,42.004781],[24.693538,42.004812],[24.693487,42.004791],[24.693448,42.004747],[24.69344,42.004622],[24.693383,42.004568],[24.693182,42.004499],[24.693085,42.004415],[24.693064,42.004329],[24.693099,42.004283],[24.693177,42.004257],[24.693214,42.004217],[24.693213,42.004159],[24.693099,42.004066],[24.693088,42.004018],[24.693111,42.004007],[24.693165,42.004006],[24.69332,42.00402],[24.693497,42.003991],[24.693518,42.003973],[24.693513,42.00394],[24.693489,42.003904],[24.693395,42.003827],[24.693381,42.00379],[24.693389,42.003753],[24.69347,42.003719],[24.693527,42.003723],[24.693574,42.003741],[24.693669,42.003823],[24.693759,42.003954],[24.693834,42.004043],[24.693944,42.004155],[24.694051,42.004243],[24.694122,42.004314],[24.694169,42.004327],[24.694346,42.004292],[24.694452,42.004242],[24.694053,42.003792],[24.693755,42.003299],[24.693796,42.003165],[24.693788,42.003146],[24.693857,42.003101],[24.693911,42.003004],[24.693904,42.002932],[24.693841,42.002874],[24.693695,42.002859],[24.693626,42.002778],[24.6935,42.002729],[24.69344,42.0028],[24.693427,42.002866],[24.693358,42.002915],[24.693254,42.002919],[24.693204,42.002897],[24.693229,42.002729],[24.693147,42.002607],[24.693068,42.002538],[24.693081,42.002468],[24.69317,42.002459],[24.693256,42.002484],[24.693345,42.002481],[24.693117,42.00223],[24.693038,42.002177],[24.693055,42.002121],[24.693203,42.002137],[24.693736,42.002134],[24.693913,42.002169],[24.69401,42.002232],[24.69406,42.002301],[24.694074,42.002414],[24.694121,42.002527],[24.694196,42.002579],[24.69421,42.002628],[24.694314,42.00263],[24.694361,42.002596],[24.694363,42.002326],[24.69459,42.00239],[24.694803,42.002411],[24.694985,42.002385],[24.69492,42.00263],[24.694906,42.002766],[24.695024,42.002886],[24.695067,42.002994],[24.694803,42.003028],[24.696101,42.003691],[24.696259,42.003388],[24.695938,42.002938],[24.696204,42.002769],[24.695738,42.002116],[24.694854,42.00185],[24.693176,42.00155],[24.69229,42.00129],[24.691377,42.000868],[24.691034,42.000573],[24.690564,42.000062],[24.690516,41.999865],[24.687412,41.997772],[24.687131,41.997846],[24.686293,41.99757],[24.686277,41.997545],[24.685971,41.995907],[24.682186,41.995115],[24.682783,41.996584]],[[24.686178,42.001272],[24.686181,42.001212],[24.68622,42.001142],[24.686266,42.001089],[24.686437,42.001009],[24.686734,42.001046],[24.686888,42.001078],[24.687048,42.001142],[24.687173,42.001212],[24.687371,42.001265],[24.687516,42.001328],[24.687682,42.001421],[24.687813,42.00151],[24.687945,42.001558],[24.688165,42.001671],[24.688236,42.0017],[24.688323,42.001787],[24.688325,42.001866],[24.6883,42.001952],[24.688244,42.002012],[24.688184,42.002112],[24.688162,42.002195],[24.68814,42.002377],[24.688109,42.002441],[24.688002,42.002397],[24.687924,42.002351],[24.687763,42.002169],[24.687736,42.002092],[24.687511,42.002021],[24.687178,42.001943],[24.687164,42.001874],[24.687003,42.001799],[24.686894,42.001696],[24.68677,42.0016],[24.686531,42.001446],[24.686313,42.001333],[24.686192,42.001291],[24.686178,42.001272]],[[24.690408,42.002497],[24.690397,42.002471],[24.690409,42.002424],[24.69042,42.00242],[24.690523,42.002434],[24.690679,42.002494],[24.690824,42.002524],[24.691166,42.002655],[24.691264,42.002689],[24.691378,42.002716],[24.691474,42.002752],[24.69155,42.002758],[24.691799,42.002691],[24.691883,42.002644],[24.691991,42.00264],[24.692076,42.002695],[24.692219,42.00281],[24.692317,42.002864],[24.692335,42.002956],[24.692301,42.003061],[24.692013,42.003299],[24.691967,42.00348],[24.69203,42.003539],[24.692144,42.003548],[24.692397,42.003405],[24.692506,42.003326],[24.692509,42.003412],[24.69255,42.003559],[24.692558,42.00398],[24.692409,42.004045],[24.692328,42.004097],[24.692373,42.004194],[24.692466,42.00431],[24.692528,42.004438],[24.692488,42.00459],[24.692502,42.004773],[24.692527,42.004924],[24.692469,42.004917],[24.692391,42.004848],[24.692269,42.00479],[24.69216,42.004747],[24.692158,42.004393],[24.692104,42.00395],[24.692049,42.003704],[24.69195,42.003567],[24.691872,42.003477],[24.69178,42.003407],[24.691696,42.003311],[24.69167,42.003205],[24.691614,42.003114],[24.691496,42.003015],[24.691351,42.002956],[24.691261,42.002901],[24.691129,42.00284],[24.690978,42.002794],[24.690846,42.002715],[24.690496,42.002599],[24.690408,42.002497]],[[24.690987,42.00546],[24.690955,42.005441],[24.690966,42.005394],[24.691022,42.005319],[24.691055,42.005255],[24.691101,42.005212],[24.691252,42.005109],[24.691299,42.005058],[24.691256,42.004991],[24.691178,42.004942],[24.691084,42.004901],[24.691001,42.004881],[24.690853,42.004819],[24.690855,42.004737],[24.690969,42.004563],[24.691007,42.004492],[24.691119,42.004437],[24.691202,42.004461],[24.691295,42.004526],[24.691332,42.004604],[24.691391,42.004684],[24.691494,42.004726],[24.691745,42.004737],[24.691965,42.004756],[24.692077,42.004792],[24.692159,42.004836],[24.692336,42.004904],[24.692415,42.004954],[24.69237,42.005018],[24.692286,42.005083],[24.692257,42.005136],[24.692178,42.005179],[24.692114,42.005204],[24.692046,42.005213],[24.692049,42.00529],[24.692102,42.00535],[24.692163,42.00541],[24.692269,42.005445],[24.692391,42.005451],[24.692663,42.005393],[24.692809,42.005381],[24.692923,42.005408],[24.693027,42.005473],[24.693018,42.005531],[24.693059,42.005652],[24.693132,42.005702],[24.693274,42.005842],[24.693381,42.005913],[24.693397,42.005978],[24.693296,42.006046],[24.693208,42.00606],[24.693111,42.006035],[24.693068,42.005984],[24.693001,42.005953],[24.692894,42.005887],[24.692724,42.005862],[24.692598,42.005826],[24.692444,42.0058],[24.692244,42.005658],[24.69219,42.005607],[24.691945,42.005683],[24.691843,42.005705],[24.691456,42.005705],[24.691392,42.005651],[24.691303,42.005602],[24.691191,42.005523],[24.69102,42.005502],[24.690987,42.00546]],[[24.687131,42.003954],[24.687224,42.003896],[24.687362,42.003861],[24.687474,42.003845],[24.687559,42.003875],[24.687654,42.003897],[24.687861,42.003872],[24.687931,42.00385],[24.687992,42.003816],[24.688086,42.003784],[24.688235,42.003848],[24.688278,42.003887],[24.688347,42.003912],[24.68843,42.003929],[24.68848,42.003983],[24.68845,42.004032],[24.688439,42.004082],[24.688442,42.004278],[24.68843,42.004364],[24.688312,42.004381],[24.688235,42.004366],[24.688146,42.004427],[24.688163,42.004469],[24.688502,42.004666],[24.688479,42.004736],[24.688434,42.004789],[24.688323,42.004829],[24.688242,42.004835],[24.688167,42.004801],[24.688064,42.004766],[24.687953,42.004796],[24.687915,42.004834],[24.68784,42.00488],[24.687757,42.004899],[24.687667,42.004856],[24.687627,42.004794],[24.687505,42.004647],[24.687488,42.004602],[24.687422,42.004517],[24.687419,42.004337],[24.687337,42.004292],[24.687151,42.004128],[24.687105,42.004066],[24.687131,42.003954]],[[24.688903,42.005206],[24.688723,42.005118],[24.688654,42.005063],[24.688632,42.005005],[24.688641,42.004937],[24.688665,42.004902],[24.688744,42.004828],[24.68882,42.004785],[24.688903,42.004778],[24.688984,42.004781],[24.689112,42.004799],[24.689161,42.004867],[24.689165,42.004918],[24.689224,42.005016],[24.689313,42.005085],[24.689337,42.005154],[24.68929,42.005208],[24.689205,42.005236],[24.688903,42.005206]],[[24.691722,42.006068],[24.691958,42.006047],[24.692064,42.006058],[24.692213,42.006095],[24.692602,42.006158],[24.692626,42.006188],[24.692592,42.006244],[24.692481,42.006359],[24.69237,42.006409],[24.69231,42.00648],[24.69222,42.006506],[24.691997,42.006631],[24.691836,42.0067],[24.691852,42.006791],[24.691831,42.006867],[24.691797,42.006951],[24.691731,42.007013],[24.691642,42.007058],[24.691554,42.007059],[24.691484,42.007083],[24.691414,42.007086],[24.69137,42.007068],[24.691288,42.006973],[24.691251,42.006845],[24.691184,42.006788],[24.691099,42.006788],[24.691086,42.006767],[24.691101,42.006741],[24.691145,42.006707],[24.691357,42.006654],[24.691444,42.006591],[24.691479,42.006535],[24.691476,42.006475],[24.691422,42.006435],[24.691398,42.006395],[24.691393,42.006317],[24.691445,42.006266],[24.691722,42.006068]]]},"properties":{"cadnum":"78207.19.68","purptype":"Горска","usetype":"Друг вид дървопроизводителна гора","proptype":"Общинска частна","immaddr":"с. Цар Калоян","place":"ЮРУКАЛАН","area":593712.97281544,"cadreg":19,"pnum":"68"}},{"type":"Feature","geometry":{"type":"Polygon","coordinates":[[[24.68218,42.003736],[24.68228,42.004267],[24.682346,42.006267],[24.682187,42.00642],[24.681972,42.006566],[24.681744,42.006958],[24.681153,42.00757],[24.680846,42.007936],[24.680609,42.008249],[24.680328,42.00848],[24.68002,42.008593],[24.679608,42.008856],[24.679076,42.009099],[24.678493,42.009451],[24.678376,42.009573],[24.678289,42.009689],[24.678398,42.009969],[24.678533,42.010164],[24.67863,42.010347],[24.678651,42.010806],[24.678703,42.010847],[24.678724,42.011087],[24.678718,42.011133],[24.678882,42.011116],[24.679034,42.011132],[24.679232,42.011204],[24.679411,42.010931],[24.679517,42.010849],[24.679979,42.010949],[24.680308,42.010957],[24.680373,42.011177],[24.680564,42.01114],[24.680813,42.011013],[24.681119,42.010907],[24.681492,42.010868],[24.681716,42.010723],[24.681986,42.010597],[24.682213,42.010464],[24.682462,42.010398],[24.68268,42.010288],[24.682925,42.010195],[24.683147,42.01008],[24.683584,42.009833],[24.684106,42.009714],[24.68494,42.009493],[24.685316,42.009373],[24.685539,42.009273],[24.685788,42.009188],[24.685919,42.009102],[24.686339,42.008914],[24.686549,42.008854],[24.686672,42.008842],[24.686931,42.008774],[24.687038,42.008727],[24.687167,42.008686],[24.687439,42.008575],[24.687566,42.008505],[24.687723,42.008463],[24.687821,42.008424],[24.687944,42.008413],[24.688187,42.008354],[24.68826,42.008322],[24.688793,42.008165],[24.688651,42.007976],[24.688513,42.007841],[24.688454,42.007722],[24.68847,42.007616],[24.688552,42.007598],[24.688673,42.007588],[24.688745,42.007592],[24.688804,42.007516],[24.688855,42.00742],[24.688925,42.007352],[24.688957,42.007307],[24.689062,42.007312],[24.689212,42.007362],[24.689304,42.007371],[24.689457,42.007347],[24.689472,42.007327],[24.689527,42.007437],[24.689565,42.007489],[24.689644,42.007478],[24.689701,42.007409],[24.689808,42.007382],[24.689881,42.00741],[24.689933,42.007455],[24.690077,42.007521],[24.690189,42.007551],[24.690477,42.007229],[24.690512,42.007144],[24.686836,42.004642],[24.686949,42.004803],[24.686864,42.004834],[24.686815,42.00487],[24.686773,42.004864],[24.686714,42.004832],[24.686391,42.004767],[24.686232,42.004783],[24.685982,42.004756],[24.685979,42.004708],[24.686003,42.004667],[24.686088,42.004636],[24.686232,42.00462],[24.68636,42.00458],[24.686562,42.004541],[24.686666,42.004552],[24.683091,42.003425],[24.682832,42.003554],[24.682531,42.003647],[24.68218,42.003736]],[[24.682601,42.003704],[24.682603,42.003848],[24.682301,42.00385],[24.682299,42.003707],[24.682601,42.003704]]]},"properties":{"cadnum":"78207.19.69","purptype":"Горска","usetype":"Друг вид дървопроизводителна гора","proptype":"Държавна частна","immaddr":"с. Цар Калоян","place":"ЮРУКАЛАН","area":399522.26159769,"cadreg":19,"pnum":"69"}},{"type":"Feature","geometry":{"type":"Polygon","coordinates":[[[24.69494,42.005174],[24.694856,42.005066],[24.694842,42.00503],[24.694888,42.004904],[24.694973,42.004737],[24.695047,42.004676],[24.695161,42.004656],[24.694916,42.004194],[24.694575,42.004274],[24.694486,42.00434],[24.694497,42.004444],[24.694398,42.004784],[24.694281,42.004918],[24.694106,42.005033],[24.694098,42.005057],[24.694176,42.00506],[24.694336,42.005094],[24.694537,42.005231],[24.694621,42.005325],[24.694672,42.005438],[24.694557,42.005501],[24.694529,42.005536],[24.694465,42.005723],[24.694457,42.005945],[24.694481,42.006001],[24.694596,42.00613],[24.694682,42.006149],[24.694794,42.006145],[24.694895,42.006113],[24.694974,42.006122],[24.695072,42.006111],[24.695164,42.00607],[24.695341,42.005894],[24.695466,42.005707],[24.695555,42.005536],[24.695604,42.005493],[24.695717,42.005331],[24.695715,42.005276],[24.695343,42.005112],[24.695323,42.005182],[24.695261,42.005216],[24.695198,42.005233],[24.695093,42.005233],[24.69494,42.005174]]]},"properties":{"cadnum":"78207.19.70","purptype":"Урбанизирана","usetype":"За санаториум, балнеосанаториум, профилакториум","proptype":"Частна обществени организации","immaddr":"с. Цар Калоян","place":"ЮРУКАЛАН","area":13230.373266991,"cadreg":19,"pnum":"70"}},{"type":"Feature","geometry":{"type":"Polygon","coordinates":[[[24.691031,42.01857],[24.691255,42.018731],[24.692001,42.018943],[24.692343,42.019009],[24.692726,42.019236],[24.693253,42.019416],[24.694089,42.019819],[24.694171,42.019843],[24.694448,42.020024],[24.694516,42.020046],[24.694934,42.020228],[24.695006,42.020296],[24.695088,42.020405],[24.695112,42.020844],[24.695146,42.021004],[24.695109,42.021351],[24.695062,42.021432],[24.695068,42.021579],[24.695228,42.021897],[24.69526,42.021875],[24.695409,42.021818],[24.695533,42.021601],[24.695573,42.021505],[24.695317,42.021177],[24.695426,42.02106],[24.695586,42.020917],[24.695591,42.020868],[24.695567,42.020868],[24.695563,42.020742],[24.695521,42.02059],[24.695725,42.020515],[24.696063,42.020482],[24.696519,42.020351],[24.696759,42.020641],[24.696936,42.020494],[24.697008,42.020514],[24.697168,42.020293],[24.697215,42.020244],[24.697278,42.020195],[24.697461,42.020118],[24.698976,42.019582],[24.699367,42.019391],[24.699544,42.019288],[24.70003,42.019089],[24.696716,42.016549],[24.696477,42.01644],[24.696438,42.016341],[24.696523,42.016143],[24.696234,42.016017],[24.696104,42.015987],[24.69598,42.015938],[24.695881,42.01588],[24.695582,42.015734],[24.69556,42.015483],[24.695538,42.015408],[24.69547,42.015337],[24.695252,42.015238],[24.695036,42.015095],[24.694971,42.015216],[24.694863,42.015254],[24.69467,42.015275],[24.694357,42.015352],[24.694059,42.015492],[24.693798,42.015686],[24.693587,42.015905],[24.69339,42.016178],[24.69313,42.01638],[24.692844,42.01652],[24.692534,42.016779],[24.69273,42.016985],[24.692765,42.01706],[24.692772,42.017143],[24.692758,42.017203],[24.692532,42.017425],[24.69249,42.01748],[24.692193,42.017612],[24.69198,42.017738],[24.691859,42.017837],[24.691778,42.017935],[24.691706,42.018057],[24.691667,42.018251],[24.691512,42.018392],[24.691415,42.018467],[24.691269,42.018611],[24.691159,42.018646],[24.691046,42.018535],[24.691031,42.01857]]]},"properties":{"cadnum":"78207.20.1","purptype":"Горска","usetype":"Друг вид дървопроизводителна гора","proptype":"Частна","immaddr":"с. Цар Калоян","place":"ПОД КАЛОЯНОВИЯ ВРЪХ","area":236667.47107808,"cadreg":20,"pnum":"1"}},{"type":"Feature","geometry":{"type":"Polygon","coordinates":[[[24.6989,42.021119],[24.698941,42.021116],[24.699161,42.021251],[24.699479,42.021344],[24.699636,42.021265],[24.69953,42.021251],[24.699379,42.021089],[24.69957,42.021041],[24.699892,42.02114],[24.699945,42.021193],[24.700083,42.021192],[24.699926,42.021295],[24.69993,42.021333],[24.700171,42.02126],[24.700207,42.021256],[24.700119,42.021086],[24.700171,42.020825],[24.699983,42.020639],[24.699892,42.020452],[24.699941,42.020092],[24.69957,42.019388],[24.698993,42.01968],[24.698813,42.019754],[24.697471,42.020208],[24.697374,42.020248],[24.697328,42.020279],[24.697236,42.0204],[24.698282,42.020866],[24.6989,42.021119]]]},"properties":{"cadnum":"78207.20.2","purptype":"Горска","usetype":"Друг вид дървопроизводителна гора","proptype":"Частна","immaddr":"с. Цар Калоян","place":"ПОД КАЛОЯНОВИЯ ВРЪХ","area":27485.708261969,"cadreg":20,"pnum":"2"}},{"type":"Feature","geometry":{"type":"Polygon","coordinates":[[[24.701557,42.018199],[24.6981,42.015549],[24.696742,42.016569],[24.70003,42.019089],[24.700352,42.018947],[24.700941,42.018659],[24.701392,42.018417],[24.701511,42.018302],[24.701557,42.018199]]]},"properties":{"cadnum":"78207.20.5","purptype":"Горска","usetype":"Друг вид дървопроизводителна гора","proptype":"Частна","immaddr":"с. Цар Калоян","place":"ПОД КАЛОЯНОВИЯ ВРЪХ","area":64999.8891475,"cadreg":20,"pnum":"5"}},{"type":"Feature","geometry":{"type":"Polygon","coordinates":[[[24.702117,42.014716],[24.70165,42.014508],[24.701033,42.014178],[24.700687,42.013959],[24.700376,42.01373],[24.699972,42.013603],[24.699601,42.01341],[24.699476,42.013629],[24.69937,42.01373],[24.699018,42.0137],[24.698712,42.013624],[24.698494,42.013628],[24.698487,42.013763],[24.698121,42.014205],[24.699579,42.014827],[24.70108,42.015453],[24.701563,42.015534],[24.702541,42.015795],[24.702534,42.015755],[24.702543,42.015692],[24.702641,42.015451],[24.702582,42.015334],[24.70242,42.01508],[24.702387,42.014998],[24.7024,42.014868],[24.702117,42.014716]]]},"properties":{"cadnum":"78207.20.6","purptype":"Горска","usetype":"Друг вид дървопроизводителна гора","proptype":"Частна","immaddr":"с. Цар Калоян","place":"ПОД КАЛОЯНОВИЯ ВРЪХ","area":43034.368337472,"cadreg":20,"pnum":"6"}},{"type":"Feature","geometry":{"type":"Polygon","coordinates":[[[24.701678,42.017591],[24.701817,42.017031],[24.70222,42.017114],[24.702508,42.017028],[24.702556,42.017126],[24.702901,42.016601],[24.702923,42.016532],[24.702828,42.016316],[24.702741,42.01616],[24.702622,42.015974],[24.702541,42.015795],[24.701563,42.015534],[24.700843,42.015412],[24.70037,42.015384],[24.698632,42.015149],[24.6981,42.015549],[24.701557,42.018199],[24.701582,42.018144],[24.701574,42.017731],[24.701583,42.017664],[24.701615,42.017616],[24.701692,42.017607],[24.701678,42.017591]]]},"properties":{"cadnum":"78207.20.7","purptype":"Горска","usetype":"Друг вид дървопроизводителна гора","proptype":"Частна","immaddr":"с. Цар Калоян","place":"ПОД КАЛОЯНОВИЯ ВРЪХ","area":64999.928525988,"cadreg":20,"pnum":"7"}},{"type":"Feature","geometry":{"type":"Polygon","coordinates":[[[24.696716,42.016549],[24.696742,42.016569],[24.69719,42.016232],[24.694841,42.014492],[24.694617,42.014664],[24.694836,42.014796],[24.694998,42.014937],[24.695036,42.015095],[24.695252,42.015238],[24.69547,42.015337],[24.695538,42.015408],[24.69556,42.015483],[24.695582,42.015734],[24.695881,42.01588],[24.69598,42.015938],[24.696104,42.015987],[24.696234,42.016017],[24.696523,42.016143],[24.696438,42.016341],[24.696477,42.01644],[24.696716,42.016549]]]},"properties":{"cadnum":"78207.20.8","purptype":"Горска","usetype":"Друг вид дървопроизводителна гора","proptype":"Частна","immaddr":"с. Цар Калоян","place":"ПОД КАЛОЯНОВИЯ ВРЪХ","area":10833.400548529,"cadreg":20,"pnum":"8"}},{"type":"Feature","geometry":{"type":"Polygon","coordinates":[[[24.694841,42.014492],[24.69719,42.016232],[24.697523,42.015983],[24.695114,42.014199],[24.694917,42.014427],[24.694841,42.014492]]]},"properties":{"cadnum":"78207.20.9","purptype":"Горска","usetype":"Друг вид дървопроизводителна гора","proptype":"Частна","immaddr":"с. Цар Калоян","place":"ПОД КАЛОЯНОВИЯ ВРЪХ","area":10833.264510938,"cadreg":20,"pnum":"9"}},{"type":"Feature","geometry":{"type":"Polygon","coordinates":[[[24.695117,42.014196],[24.697523,42.015983],[24.69785,42.015737],[24.695433,42.013946],[24.695389,42.013991],[24.695117,42.014196]]]},"properties":{"cadnum":"78207.20.10","purptype":"Горска","usetype":"Друг вид дървопроизводителна гора","proptype":"Частна","immaddr":"с. Цар Калоян","place":"ПОД КАЛОЯНОВИЯ ВРЪХ","area":10833.415849979,"cadreg":20,"pnum":"10"}},{"type":"Feature","geometry":{"type":"Polygon","coordinates":[[[24.69785,42.015737],[24.698632,42.015149],[24.698259,42.014971],[24.697747,42.014657],[24.69742,42.014511],[24.697454,42.014416],[24.697446,42.014363],[24.697399,42.014257],[24.69733,42.014191],[24.697217,42.014164],[24.697051,42.014077],[24.696932,42.014052],[24.696883,42.014004],[24.696958,42.013953],[24.696996,42.013899],[24.697007,42.013831],[24.697001,42.013733],[24.697059,42.013616],[24.697122,42.013542],[24.697151,42.013436],[24.697238,42.013308],[24.697322,42.013212],[24.697438,42.013003],[24.697449,42.012926],[24.697415,42.012854],[24.697342,42.012764],[24.697195,42.01261],[24.697007,42.012832],[24.696652,42.013016],[24.696366,42.013069],[24.696162,42.013128],[24.695701,42.013641],[24.695537,42.013839],[24.695433,42.013946],[24.69785,42.015737]]]},"properties":{"cadnum":"78207.20.11","purptype":"Горска","usetype":"Друг вид дървопроизводителна гора","proptype":"Частна","immaddr":"с. Цар Калоян","place":"ПОД КАЛОЯНОВИЯ ВРЪХ","area":32499.504922569,"cadreg":20,"pnum":"11"}},{"type":"Feature","geometry":{"type":"Polygon","coordinates":[[[24.68278,42.013851],[24.683253,42.01371],[24.683449,42.013781],[24.683579,42.013698],[24.683555,42.013641],[24.683094,42.013345],[24.682765,42.013253],[24.682827,42.013088],[24.682782,42.012988],[24.682628,42.013027],[24.682375,42.0132],[24.682344,42.013387],[24.682398,42.013615],[24.682561,42.013772],[24.68278,42.013851]]]},"properties":{"cadnum":"78207.18.11","purptype":"Земеделска","usetype":"Друг вид недървопроизводителна горска площ","proptype":"Частна","immaddr":"с. Цар Калоян","place":"СТАРО СЕЛО","area":5131.2176630049,"cadreg":18,"pnum":"11"}}]}